[14:53:52] ---- c1 install and open the company (TallyPrime 7.1)
  INFO installed: C:\Program Files\TallyPrime\tally.exe; tally.exe 18405568 bytes, 2026-10-08, FileVersion 1.1.7.1, ProductVersion 1.1.7.1, ProductName TallyPrime
  INFO company folder made by flow.ps1: D:\a\_temp\TallyData\100000
[keys] 'a' -> Tally 'TallyPrime:9000'
[keys] 't' -> Tally 'TallyPrime:9000'
[shot] v-00-started (1024x768)
[companies] 9 ms: <ENVELOPE><HEADER><VERSION>1</VERSION><STATUS>1</STATUS></HEADER><BODY><DESC><CMPINFO><COMPANY>0</COMPANY><GROUP>0</GROUP><LEDGER>0</LEDGER><COSTCATEGORY>0</COSTCATEGORY><COSTCENTRE>0</COSTCENTRE><GODOWN>0</GODOWN><STOCKGROUP>0</STOCKGROUP><STOCKCATEGORY>0</STOCKCATEGORY><STOCKITEM>0</STOCKITEM><VOUCHERTYPE>0</VOUCHERTYPE><CURRENCY>0</CURRENCY><UNIT>0</UNIT><BUDGET>0</BUDGET><CLIENTRULE>0</CLIENTRULE><SERVERRULE>0</SERVERRULE><STATE>0</STATE><TDSRATE>0</TDSRATE><TAXCLASSIFICATION>0</TAXCLASSIFICATION><STCATEGORY>0</STCATEGORY><DEDUCTEETYPE>0</DEDUCTEETYPE><ATTENDANCETYPE>0</ATTENDANCETYPE><FBT...
[header] 8 ms: <ENVELOPE><HEADER><VERSION>1</VERSION><STATUS>1</STATUS><PRODMAJORVER>1</PRODMAJORVER><PRODMINORVER>1</PRODMINORVER><PRODMAJORREL>7</PRODMAJORREL><PRODMINORREL>1</PRODMINORREL><PRODTYPE>5</PRODTYPE></HEADER><BODY><DESC><CMPINFO><COMPANY>0</COMPANY><GROUP>0</GROUP><LEDGER>0</LEDGER><COSTCATEGORY>0</COSTCATEGORY><COSTCENTRE>0</COSTCENTRE><GODOWN>0</GODOWN><STOCKGROUP>0</STOCKGROUP><STOCKCATEGORY>0</STOCKCATEGORY><STOCKITEM>0</STOCKITEM><VOUCHERTYPE>0</VOUCHERTYPE><CURRENCY>0</CURRENCY><UNIT>0</UNIT><BUDGET>0</BUDGET><CLIENTRULE>0</CLIENTRULE><SERVERRULE>0</SERVERRULE><STATE>0</STATE><TDSRATE>0</...
  INFO Tally's own release in its answer header: PRODMAJORREL 7 PRODMINORREL 1 (PRODMAJORVER 1 PRODMINORVER 1 PRODTYPE 5)
######## PASS c1 install and open the company: installed tally.exe 18405568 bytes, 2026-10-08, FileVersion 1.1.7.1, ProductVersion 1.1.7.1, ProductName TallyPrime; company folder 100000 loaded at start: True; window 'TallyPrime:9000'
######## PASS c2 port and company list: port 9000 answered 11.1 s after start, GET 1024 ms ('<RESPONSE>TallyPrime Server is Running</RESPONSE>'); company list 9 ms, 'FinCom Spike Co' in it: True
[14:54:26] ---- the stub cloud and the bridge
[ledger Spike Income] 15 ms: <RESPONSE><CREATED>1</CREATED><ALTERED>0</ALTERED><DELETED>0</DELETED><LASTVCHID>0</LASTVCHID><LASTMID>0</LASTMID><COMBINED>0</COMBINED><IGNORED>0</IGNORED><ERRORS>0</ERRORS><CANCELLED>0</CANCELLED><EXCEPTIONS>0</EXCEPTIONS></RESPONSE>
[renum journal] 32 ms: <RESPONSE><CREATED>1</CREATED><ALTERED>0</ALTERED><DELETED>0</DELETED><LASTVCHID>2</LASTVCHID><LASTMID>0</LASTMID><COMBINED>0</COMBINED><IGNORED>0</IGNORED><ERRORS>0</ERRORS><CANCELLED>0</CANCELLED><EXCEPTIONS>0</EXCEPTIONS></RESPONSE>
  INFO setup origin: BUILT from source dist/FinComBridge-Setup-2.3.4.exe SHA-256 a9cb9f4a59cfff541e2264fe804869e38992f27f3f263968841598b013bec0da; bridge source: 04a93db6707b2e62761b5cc23fc55e5137322341 2.3.5 notifications, Windows test: the closed-with-X check reads the second gate's store (it read the first's; Windows job run 37778739902: clicked passed, closed read an empty record)
[14:54:31] proxy 127.0.0.2:9000 -> Tally: True (HTTP 200, pid 7304)
  INFO s235: the runner's clock Thu 14:54 (UTC): office hours (9-19) by the bridge's own setting
bridge setup ended with 0
  INFO bridge on 127.0.0.1:9100, version 2.3.4, allowImport True, readOnly '', testMode False
  bridge log: 2026-10-08 14:54:37  FinCom Bridge 2.3.4: started just for runnervmfi6oq\runneradmin (no service); it keeps the bridge and its icon running
  bridge log: 2026-10-08 14:54:37  FinCom Bridge 2.3.4 (Go) started on 127.0.0.1:9100: the only bridge on this computer; working for runnervmfi6oq\runneradmin, Windows session 2; runs just for this Windows user (starts at sign-in, no service)
  bridge log: 2026-10-08 14:54:37  Tally is open on port 9000; the bridge reads it only after an event (a client opened in FinCom, Update now, a posting, the nightly catch-up at 02:00)
  bridge log: 2026-10-08 14:54:37  Recorder: re-scan of the add-on's files for 2.3.4: 0 line(s) sent earlier without their entry found (a new entry's line with no MasterID, a GUID of another entry, or read while the body fetch was off)
  bridge log: 2026-10-08 14:54:37  Check:  - 
  bridge log: 2026-10-08 14:54:40  Tray icon: set to show next to the clock always (Windows 11)
  bridge log: 2026-10-08 14:54:40  Trial tools switched on for this computer in FinCom: the tray shows the trial items
  bridge log: 2026-10-08 14:54:40  FinCom: this bridge is now the main bridge on this computer (set by the setup); it reads and posts
  bridge log: 2026-10-08 14:54:40  Company FinCom Spike Co: its Tally GUID 1826e920-3322-44f2-839d-ffe1d623b21f is held from now on
  bridge log: 2026-10-08 14:54:40  Company FinCom Spike Co: its starting point is recorded: ALTVCHID=2, ALTMSTID=211 (reading is prospective only: the bridge follows what changes after this)
  bridge log: 2026-10-08 14:54:40  Company FinCom Spike Co: change numbers read with form a: ALTVCHID=2, ALTMSTID=211
  bridge log: 2026-10-08 14:54:40  Light check of FinCom Spike Co: starting point recorded (ALTVCHID=2, ALTMSTID=211)
  INFO add-on: recorder files after start: none
[14:55:25] ---- s235: FinCom's read stop and the held lines, a real failure, the Tally-not-open notification
  INFO s235: bridge processes: pid 9796: "C:\Users\runneradmin\AppData\Local\FinCom Bridge\FinComBridge.exe" user --config "C:\Users\runneradmin\AppData\Local\TDS Desk Bridge\tds-bridge.config.json" | pid 5844: "C:\Users\runneradmin\AppData\Local\FinCom Bridge\FinComBridge.exe" worker --config "C:\Users\runneradmin\AppData\Local\TDS Desk Bridge\tds-bridge.config.json" --home "C:\Users\runneradmin\AppData\Local\TDS Desk Bridge" --parent 9796 | pid 1064: "C:\Users\runneradmin\AppData\Local\FinCom Bridge\FinComBridge.exe" tray --quiet --config "C:\Users\runneradmin\AppData\Local\TDS Desk Bridge\tds-bridge.config.json"
  INFO s235: proxy beside Tally: True; bridge config TallyHost '127.0.0.2', CloudBeatSec '5', KeepOfficeFrom '', KeepOfficeTo ''
  INFO s235: the bridge's starting point recorded: True
[14:55:25] ---- s235 prep: three receipts by keys
[shot] tds-001-gw0 (1024x768)
[14:55:34] [tds] screen tds-001-gw0 : EDU Recyc prime K: Company Y: Data Gateway.f Tally CURRENT PERIOD Firefo I-Apr-26 to 31-Mar-27 NAME OF COMPANY Find details entered in masters and transactions. Z: Exchange CURRENT OATE Wednesday, I-Apr-2026 OATE OF LAST ENTRY (Alt+F) O: Import E: Export M: Share p: print FinCom Spike Co (Schedule Backup) Q Search upr-26 Googl Chro Micros 46 IypÅ Unity Gateway of Tally MASTERS Create Alter CHart of Accounts TRANSACTIONS Vouchers Day 800K UTILITIES BaNking REPORTS Balance Sheet Profit & Loss A/c Stock Summary Ratio Analysis Display More Reports DashbOard Quit 161 Fl: Help Date 48ff5 Company nt ...
[keys] 'v' -> Tally 'TallyPrime:9000'
[shot] tds-002-prep-A-vouchers (1024x768)
[14:55:39] [tds] screen tds-002-prep-A-vouchers : EDU Recyc prime K: Company Y: Data •ccounting Voucher Creati Pa ment No. 1 Firefo Account Cument balance: Particulars Googl Chro Micros 46 IypÅ Narration: Unity Quit Find details entered in masters and transactions. Z: Exchange inCom Spike (Alt+F) O: Import E: Export M: Share p: print upr-26 Wednesday Amount 161 Fl: Help Date 48ff5 Company Contra F5: Payment Receipt Journal nt to • 836a9 9UOe5 ' , "tra Hub" , Purchase +9—05 FIO: E: Autofill Change Mode More Details L: O: Related = Reports Optional post -Dated J: Stat ¯ Adjustment Unused ¯ Vch No. 9UOe5 • ' , "tra a9c5- isten unnin ion_i 149+3—...
[keys] '{F6}' -> Tally 'TallyPrime:9000'
[shot] tds-003-prep-A-receipt (1024x768)
[14:55:43] [tds] screen tds-003-prep-A-receipt : EDU Recyc prime K: Company Y: Data •ccounting Voucher Creati Recei t No. 1 Firefo Account Cument balance: Particulars Googl Chro Micros 46 IypÅ Narration: Unity Quit Find details entered in masters and transactions. Z: Exchange inCom Spike Co (Alt+F) O: Import E: Export M: Share p: print upr-26 Wednesday Amount 161 Fl: Help Date 48ff5 Company Contra F5: payment F6: Receipt Journal nt to • 836a9 9UOe5 ' , "tra Hub" , Purchase +9—05 FIO: E: Autofill Change Mode More Details L: O: Related = Reports Optional post -Dated J: Stat ¯ Adjustment Unused ¯ Vch No. 9UOe5 • ' , "tra a9c5- isten unnin ion_i...
[keys] '{F2}' -> Tally 'TallyPrime:9000'
[shot] tds-004-prep-A-datebox (1024x768)
[14:55:46] [tds] screen tds-004-prep-A-datebox : o Recyc EDU prime K: Company Y: Data Change Voucher Date Find details entered in masters and transactions. Z: Exchange FinCom Spike Co Voucher Date 24-2026 A Accept Q Search (Alt+F) O: Import x E: Export M: Share p: print Firefo Googl Chron Micros lyp Unity Quit Fl: Help 48ff5 nt to • 836a9 9UOe5 ' , "tra Hub" , +9—05 9UOe5 ' , "tra : '2.3 a9c5- isten unnin ion_i 149+3— age" , +9—05 'tally Windows Server 2025 Datacenter Build 26100.ge_release240331-1435 2:55 PM 10/8/2026
[keys] '31-10-2026{ENTER}' -> Tally 'TallyPrime:9000'
[shot] tds-005-prep-A-dated (1024x768)
[14:55:49] [tds] screen tds-005-prep-A-dated : EDU Recyc prime K: Company Y: Data •ccounting Voucher Creati Recei t No. 1 Firefo Account Cument balance: Particulars Googl Chro Micros 46 IypÅ Narration: Unity Quit Find details entered in masters and transactions. Z: Exchange inCom Spike Co (Alt+F) O: Import E: Export M: Share p: print 310ct-26 Saturday Amount 161 Fl: Help Date 48ff5 Company Contra F5: payment F6: Receipt Journal nt to • 836a9 9UOe5 ' , "tra Hub" , Purchase +9—05 FIO: E: Autofill Change Mode More Details L: O: Related = Reports Optional post -Dated J: Stat ¯ Adjustment Unused ¯ Vch No. 9UOe5 • ' , "tra a9c5- isten unnin ion_...
[keys] 'Cash{ENTER}' -> Tally 'TallyPrime:9000'
[shot] tds-006-prep-A-account (1024x768)
[14:55:53] [tds] screen tds-006-prep-A-account : EDU Recyc prime K: Company Y: Data •ccounting Voucher Creati Recei t No. 1 Firefo Account Cash Cument balance: 10.00 Dr Particulars Chro Micros 46 IypÅ Narration: Unity Quit Find details entered in masters and transactions. Z: Exchange inCom Spike Co (Alt+F) O: Import E: Export M: Share p: print 310ct-26 Saturday Amount 161 Fl: Help Date 48ff5 Company Contra F5: payment F6: Receipt Journal nt to • 836a9 9UOe5 ' , "tra Hub" , Purchase +9—05 FIO: E: Autofill Change Mode More Details L: O: Related = Reports Optional post -Dated J: Stat ¯ Adjustment Unused ¯ Vch No. 9UOe5 • ' , "tra a9c5- isten un...
[keys] 'Spike Income{ENTER}' -> Tally 'TallyPrime:9000'
[shot] tds-007-prep-A-particular (1024x768)
[14:55:57] [tds] screen tds-007-prep-A-particular : EDU Recyc prime K: Company Y: Data •ccounting Voucher Creati Recei t No. 1 Firefo Account Cash Cument balance: 10.00 Dr Particulars Spike Income Goog Find details entered in masters and transactions. Z: Exchange inCom Spike Co (Alt+F) O: Import E: Export M: Share p: print 310ct-26 Saturday Amount 161 Fl: Help Date 48ff5 Company Contra F5: payment F6: Receipt Journal nt to • 836a9 9UOe5 ' , "tra Hub" , Chro Micros 46 IypÅ CurBal: 10.00 Cr Purchase +9—05 FIO: E: Autofill Change Mode More Details L: Narration: Unity Quit O: Related = Reports Optional post -Dated J: Stat ¯ Adjustment Unused ¯ Vch ...
[keys] '700{ENTER}' -> Tally 'TallyPrime:9000'
[shot] tds-008-prep-A-amount (1024x768)
[14:56:00] [tds] screen tds-008-prep-A-amount : EDU Recyc prime K: Company Y: Data •ccounting Voucher Creati Recei t No. 1 Firefo Account Cash Cument balance: 710.00 Dr Particulars Spike Income Goog Find details entered in masters and transactions. Z: Exchange inCom Spike Co (Alt+F) O: Import E: Export M: Share p: print 310ct-26 Saturday Amount 700.00 700.00 161 Fl: Help Date 48ff5 Company Contra F5: payment F6: Receipt Journal nt to • 836a9 9UOe5 ' , "tra Hub" , Chro Micros 46 IypÅ CurBa1: 710.00 Cr Purchase +9—05 FIO: E: Autofill Change Mode More Details L: Narration: Unity Quit O: Related = Reports Optional post -Dated J: Stat ¯ Adjustme...
[keys] '^a' -> Tally 'TallyPrime:9000'
[s235 prep-A] Tally: Receipt no 1 of 20261031 mid 3 AlterID 3 guid 1826e920-3322-44f2-839d-ffe1d623b21f-00000003; line after 1.2 s: [14:56:02 created id=d4071afbc7f437e7cbd1d2109a64b309 mid=3 aid=3 guid=1826e920-3322-44f2-839d-ffe1d623b21f-00000003 body=yes(876 chars) guidHeld=False held='']
  INFO s235 prep A (31-10-2026): Tally Receipt no 1 of 20261031 mid 3 AlterID 3 guid 1826e920-3322-44f2-839d-ffe1d623b21f-00000003; line after 1.2 s [14:56:02 created id=d4071afbc7f437e7cbd1d2109a64b309 mid=3 aid=3 guid=1826e920-3322-44f2-839d-ffe1d623b21f-00000003 body=yes(876 chars) guidHeld=False held='']
[shot] tds-009-gw0 (1024x768)
[14:56:03] [tds] screen tds-009-gw0 : EDU Recyc prime K: Company Y: Data •ccounting Voucher Creati Recei t No. 2 Firefo Account Cument balance: Particulars Googl Chro Micros 46 IypÅ Narration: Unity Quit Find details entered in masters and transactions. Z: Exchange inCom Spike Co (Alt+F) O: Import E: Export M: Share p: print 310ct-26 Saturday Amount 161 Fl: Help Date 48ff5 Company Contra F5: payment F6: Receipt Journal nt to • 836a9 9UOe5 ' , "tra Hub" , Purchase +9—05 FIO: E: Autofill Change Mode More Details L: O: Related = Reports Optional post -Dated J: Stat ¯ Adjustment Unused ¯ Vch No. 9UOe5 • ' , "tra a9c5- isten unnin ion_...
[keys] '{ESC}' -> Tally 'TallyPrime:9000'
[shot] tds-010-gw1 (1024x768)
[14:56:07] [tds] screen tds-010-gw1 : Find details entered In masters and transactions EDU Recyc prime K: Company Y: Data •ccounting Voucher Creati Recei t No. 2 Firefo Account Cument balance: Particulars Googl Chro Micros 46 IypÅ Narration: Unity Q: Quit Z: Exchange A: Accept Search O: Import E: Export M: Share inCom Spike Co p: print 310ct-26 Saturday Amount Quit o Yes or No D: Delete X: Cancel Vch 161 Fl: Help F2: Date 48ff5 F3: Company nt to F4: Contra • 836a9 F5: Payment F6: Receipt 9UOe5 ' , "tra F7: Journal F8: Sales Hub" , F9: Purchase +9—05 Flo: 9UOe5 E: Autofill • ' , "tra H: Change = Mode l: More a9c5- = Details O: Rela...
[keys] 'y' -> Tally 'TallyPrime:9000'
[shot] tds-011-gw2 (1024x768)
[14:56:10] [tds] screen tds-011-gw2 : EDU Recyc prime K: Company Y: Data Gateway.f Tally CURRENT PERIOD Firefo I-Apr-26 to 31-Mar-27 NAME OF COMPANY Find details entered in masters and transactions. Z: Exchange CURRENT OATE Saturday, 31-Oct-2026 OATE OF LAST ENTRY (Alt+F) O: Import E: Export M: Share p: print FinCom Spike Co (Schedule Backup) Q Search 31-OctQ6 Googl Chro Micros 46 IypÅ Unity Gateway of Tally MASTERS Create Alter CHart of Accounts TRANSACTIONS Vouchers Day 800K UTILITIES BaNking REPORTS Balance Sheet Profit & Loss A/c Stock Summary Ratio Analysis Display More Reports DashbOard Quit 161 Fl: Help Date 48ff5 Company n...
[keys] 'v' -> Tally 'TallyPrime:9000'
[shot] tds-012-prep-D1-vouchers (1024x768)
[14:56:14] [tds] screen tds-012-prep-D1-vouchers : EDU Recyc prime K: Company Y: Data •ccounting Voucher Creati Recei t No. 2 Firefo Account Cument balance: Particulars Googl Chro Micros 46 IypÅ Narration: Unity Quit Find details entered in masters and transactions. Z: Exchange inCom Spike Co (Alt+F) O: Import E: Export M: Share p: print 310ct-26 Saturday Amount 161 Fl: Help Date 48ff5 Company Contra F5: payment F6: Receipt Journal nt to • 836a9 9UOe5 ' , "tra Hub" , Purchase +9—05 FIO: E: Autofill Change Mode More Details L: O: Related = Reports Optional post -Dated J: Stat ¯ Adjustment Unused ¯ Vch No. 9UOe5 • ' , "tra a9c5- isten unnin ion_...
[keys] '{F6}' -> Tally 'TallyPrime:9000'
[shot] tds-013-prep-D1-receipt (1024x768)
[14:56:18] [tds] screen tds-013-prep-D1-receipt : EDU Recyc prime K: Company Y: Data •ccounting Voucher Creati Recei t No. 2 Firefo Account Cument balance: Particulars Googl Chro Micros 46 IypÅ Narration: Unity Quit Find details entered in masters and transactions. Z: Exchange inCom Spike Co (Alt+F) O: Import E: Export M: Share p: print 310ct-26 Saturday Amount 161 Fl: Help Date 48ff5 Company Contra F5: payment F6: Receipt Journal nt to • 836a9 9UOe5 ' , "tra Hub" , Purchase +9—05 FIO: E: Autofill Change Mode More Details L: O: Related = Reports Optional post -Dated J: Stat ¯ Adjustment Unused ¯ Vch No. 9UOe5 • ' , "tra a9c5- isten unnin ion_...
[keys] '{F2}' -> Tally 'TallyPrime:9000'
[shot] tds-014-prep-D1-datebox (1024x768)
[14:56:21] [tds] screen tds-014-prep-D1-datebox : o Recyc EDU prime K: Company Y: Data Change Voucher Date Find details entered in masters and transactions. Z: Exchange FinCom Spike Co Voucher Date 1-11-2026 A Accept Q Search (Alt+F) O: Import x E: Export M: Share p: print Firefo Googl Chron Micros lyp Unity Quit Fl: Help 48ff5 nt to • 836a9 9UOe5 ' , "tra Hub" , +9—05 9UOe5 ' , "tra : '2.3 a9c5- isten unnin ion_i 149+3— age" , +9—05 'tally Windows Server 2025 Datacenter Build 26100.ge_release240331-1435 2:56 PM 10/8/2026
[keys] '1-11-2026{ENTER}' -> Tally 'TallyPrime:9000'
[shot] tds-015-prep-D1-dated (1024x768)
[14:56:25] [tds] screen tds-015-prep-D1-dated : EDU Recyc prime K: Company Y: Data •ccounting Voucher Creati Recei t No. 2 Firefo Account Cument balance: Particulars Googl Chro Micros 46 IypÅ Narration: Unity Quit Find details entered in masters and transactions. Z: Exchange inCom Spike Co (Alt+F) O: Import E: Export M: Share p: print 1-Nov-26 Sunday Amount 161 Fl: Help Date 48ff5 Company Contra F5: payment F6: Receipt Journal nt to • 836a9 9UOe5 ' , "tra Hub" , Purchase +9—05 FIO: E: Autofill Change Mode More Details L: O: Related = Reports Optional post -Dated J: Stat ¯ Adjustment Unused ¯ Vch No. 9UOe5 • ' , "tra a9c5- isten unnin ion_i ...
[keys] 'Cash{ENTER}' -> Tally 'TallyPrime:9000'
[shot] tds-016-prep-D1-account (1024x768)
[14:56:28] [tds] screen tds-016-prep-D1-account : EDU Recyc prime K: Company Y: Data •ccounting Voucher Creati Recei t No. 2 Firefo Account Cash Cument balance: 710.00 Dr Particulars Chro Micros 46 IypÅ Narration: Unity Quit Find details entered in masters and transactions. Z: Exchange inCom Spike Co (Alt+F) O: Import E: Export M: Share p: print 1-Nov-26 Sunday Amount 161 Fl: Help Date 48ff5 Company Contra F5: payment F6: Receipt Journal nt to • 836a9 9UOe5 ' , "tra Hub" , Purchase +9—05 FIO: E: Autofill Change Mode More Details L: O: Related = Reports Optional post -Dated J: Stat ¯ Adjustment Unused ¯ Vch No. 9UOe5 • ' , "tra a9c5- isten unn...
[keys] 'Spike Income{ENTER}' -> Tally 'TallyPrime:9000'
[shot] tds-017-prep-D1-particular (1024x768)
[14:56:32] [tds] screen tds-017-prep-D1-particular : EDU Recyc prime K: Company Y: Data •ccounting Voucher Creati Recei t No. 2 Firefo Account Cash Cument balance: 710.00 Dr Particulars Spike Income Goog Find details entered in masters and transactions. Z: Exchange inCom Spike Co (Alt+F) O: Import E: Export M: Share p: print 1-Nov-26 Sunday Amount 161 Fl: Help Date 48ff5 Company Contra F5: payment F6: Receipt Journal nt to • 836a9 9UOe5 ' , "tra Hub" , Chro Micros 46 IypÅ CurBa1: 710.00 Cr Purchase +9—05 FIO: E: Autofill Change Mode More Details L: Narration: Unity Quit O: Related = Reports Optional post -Dated J: Stat ¯ Adjustment Unused ¯ Vch ...
[keys] '300{ENTER}' -> Tally 'TallyPrime:9000'
[shot] tds-018-prep-D1-amount (1024x768)
[14:56:36] [tds] screen tds-018-prep-D1-amount : EDU Recyc prime K: Company Y: Data •ccounting Voucher Creati Recei t No. 2 Firefo Account Cash Cument balance: 1,010.00 Dr Particulars Spike Income Goog Find details entered in masters and transactions. Z: Exchange inCom Spike Co (Alt+F) O: Import E: Export M: Share p: print 1-Nov-26 Sunday Amount 300.00 300.00 161 Fl: Help Date 48ff5 Company Contra F5: payment F6: Receipt Journal nt to • 836a9 9UOe5 ' , "tra Hub" , Chro Micros 46 IypÅ CurBa1: 1,010.00 Cr Purchase +9—05 FIO: E: Autofill Change Mode More Details L: Narration: Unity Quit O: Related = Reports Optional post -Dated J: Stat ¯ Adjust...
[keys] '^a' -> Tally 'TallyPrime:9000'
[s235 prep-D1] Tally: Receipt no 2 of 20261101 mid 4 AlterID 4 guid 1826e920-3322-44f2-839d-ffe1d623b21f-00000004; line after 1.2 s: [14:56:37 created id=539ce499b346820f30bdd90f86c484e1 mid=4 aid=4 guid=1826e920-3322-44f2-839d-ffe1d623b21f-00000004 body=yes(876 chars) guidHeld=False held='']
  INFO s235 prep D1 (1-11-2026): Tally Receipt no 2 of 20261101 mid 4 AlterID 4 guid 1826e920-3322-44f2-839d-ffe1d623b21f-00000004; line after 1.2 s [14:56:37 created id=539ce499b346820f30bdd90f86c484e1 mid=4 aid=4 guid=1826e920-3322-44f2-839d-ffe1d623b21f-00000004 body=yes(876 chars) guidHeld=False held='']
[shot] tds-019-gw0 (1024x768)
[14:56:38] [tds] screen tds-019-gw0 : EDU Recyc prime K: Company Y: Data •ccounting Voucher Creati Recei t Firefo Account Cument balance: Particulars Googl Chro Micros 46 IypÅ Narration: Unity Quit Find details entered in masters and transactions. Z: Exchange inCom Spike Co (Alt+F) O: Import E: Export M: Share p: print 1-Nov-26 Sunday Amount 161 Fl: Help Date 48ff5 Company Contra F5: payment F6: Receipt Journal nt to • 836a9 9UOe5 ' , "tra Hub" , Purchase +9—05 FIO: E: Autofill Change Mode More Details L: O: Related = Reports Optional post -Dated J: Stat ¯ Adjustment Unused ¯ Vch No. 9UOe5 • ' , "tra a9c5- isten unnin ion_i 149+3—...
[keys] '{ESC}' -> Tally 'TallyPrime:9000'
[shot] tds-020-gw1 (1024x768)
[14:56:42] [tds] screen tds-020-gw1 : Find details entered In masters and transactions EDU Recyc prime K: Company Y: Data •ccounting Voucher Creati Recei t Firefo Account Cument balance: Particulars Googl Chro Micros 46 IypÅ Narration: Unity Q: Quit Z: Exchange A: Accept Search O: Import E: Export M: Share inCom Spike Co p: print 1-Nov-26 Sunday Amount Quit o Yes or No D: Delete X: Cancel Vch 161 Fl: Help F2: Date 48ff5 F3: Company nt to F4: Contra • 836a9 F5: Payment F6: Receipt 9UOe5 ' , "tra F7: Journal F8: Sales Hub" , F9: Purchase +9—05 Flo: 9UOe5 E: Autofill • ' , "tra H: Change = Mode l: More a9c5- = Details O: Related iste...
[keys] 'y' -> Tally 'TallyPrime:9000'
[shot] tds-021-gw2 (1024x768)
[14:56:45] [tds] screen tds-021-gw2 : EDU Recyc prime K: Company Y: Data Gateway.f Tally CURRENT PERIOD Firefo I-Apr-26 to 31-Mar-27 NAME OF COMPANY Find details entered in masters and transactions. Z: Exchange CURRENT OATE Sunday, I-Nov-2026 OATE OF LAST ENTRY (Alt+F) O: Import E: Export M: Share p: print FinCom Spike Co (Schedule Backup) Q Search I-NovQ6 Googl Chro Micros 46 IypÅ Unity Gateway of Tally MASTERS Create Alter CHart of Accounts TRANSACTIONS Vouchers Day 800K UTILITIES BaNking REPORTS Balance Sheet Profit & Loss A/c Stock Summary Ratio Analysis Display More Reports DashbOard Quit 161 Fl: Help Date 48ff5 Company nt to...
[keys] 'v' -> Tally 'TallyPrime:9000'
[shot] tds-022-prep-D2-vouchers (1024x768)
[14:56:49] [tds] screen tds-022-prep-D2-vouchers : EDU Recyc prime K: Company Y: Data •ccounting Voucher Creati Recei t Firefo Account Cument balance: Particulars Googl Chro Micros 46 IypÅ Narration: Unity Quit Find details entered in masters and transactions. Z: Exchange inCom Spike Co (Alt+F) O: Import E: Export M: Share p: print 1-Nov-26 Sunday Amount 161 Fl: Help Date 48ff5 Company Contra F5: payment F6: Receipt Journal nt to • 836a9 9UOe5 ' , "tra Hub" , Purchase +9—05 FIO: E: Autofill Change Mode More Details L: O: Related = Reports Optional post -Dated J: Stat ¯ Adjustment Unused ¯ Vch No. 9UOe5 • ' , "tra a9c5- isten unnin ion_i 149+3—...
[keys] '{F6}' -> Tally 'TallyPrime:9000'
[shot] tds-023-prep-D2-receipt (1024x768)
[14:56:53] [tds] screen tds-023-prep-D2-receipt : EDU Recyc prime K: Company Y: Data •ccounting Voucher Creati Recei t Firefo Account Cument balance: Particulars Googl Chro Micros 46 IypÅ Narration: Unity Quit Find details entered in masters and transactions. Z: Exchange inCom Spike Co (Alt+F) O: Import E: Export M: Share p: print 1-Nov-26 Sunday Amount 161 Fl: Help Date 48ff5 Company Contra F5: payment F6: Receipt Journal nt to • 836a9 9UOe5 ' , "tra Hub" , Purchase +9—05 FIO: E: Autofill Change Mode More Details L: O: Related = Reports Optional post -Dated J: Stat ¯ Adjustment Unused ¯ Vch No. 9UOe5 • ' , "tra a9c5- isten unnin ion_i 149+3—...
[keys] '{F2}' -> Tally 'TallyPrime:9000'
[shot] tds-024-prep-D2-datebox (1024x768)
[14:56:56] [tds] screen tds-024-prep-D2-datebox : o Recyc EDU prime K: Company Y: Data Change Voucher Date Find details entered in masters and transactions. Z: Exchange FinCom Spike Co Voucher Date 2-11-2026 A Accept Q Search (Alt+F) O: Import x E: Export M: Share p: print Firefo Googl Chron Micros lyp Unity Quit Fl: Help 48ff5 nt to • 836a9 9UOe5 ' , "tra Hub" , +9—05 9UOe5 ' , "tra : '2.3 a9c5- isten unnin ion_i 149+3— age" , +9—05 'tally Windows Server 2025 Datacenter Build 26100.ge_release240331-1435 2:56 PM 10/8/2026
[keys] '2-11-2026{ENTER}' -> Tally 'TallyPrime:9000'
[shot] tds-025-prep-D2-dated (1024x768)
[14:57:00] [tds] screen tds-025-prep-D2-dated : EDU Recyc prime K: Company Y: Data •ccounting Voucher Creati Recei t Firefo Account Cument balance: Particulars Googl Chro Micros 46 IypÅ Narration: Unity Quit Find details entered in masters and transactions. Z: Exchange inCom Spike Co (Alt+F) O: Import E: Export M: Share p: print 2-Nov-26 Monday Amount 161 Fl: Help Date 48ff5 Company Contra F5: payment F6: Receipt Journal nt to • 836a9 9UOe5 ' , "tra Hub" , Purchase +9—05 FIO: E: Autofill Change Mode More Details L: O: Related = Reports Optional post -Dated J: Stat ¯ Adjustment Unused ¯ Vch No. 9UOe5 • ' , "tra a9c5- isten unnin ion_i 149+3—...
[keys] 'Cash{ENTER}' -> Tally 'TallyPrime:9000'
[shot] tds-026-prep-D2-account (1024x768)
[14:57:03] [tds] screen tds-026-prep-D2-account : EDU Recyc prime K: Company Y: Data •ccounting Voucher Creati Recei t Firefo Account Cash Cument balance: 1,010.00 Dr Particulars Chro Micros 46 IypÅ Narration: Unity Quit Find details entered in masters and transactions. Z: Exchange inCom Spike Co (Alt+F) O: Import E: Export M: Share p: print 2-Nov-26 Monday Amount 161 Fl: Help Date 48ff5 Company Contra F5: payment F6: Receipt Journal nt to • 836a9 9UOe5 ' , "tra Hub" , Purchase +9—05 FIO: E: Autofill Change Mode More Details L: O: Related = Reports Optional post -Dated J: Stat ¯ Adjustment Unused ¯ Vch No. 9UOe5 • ' , "tra a9c5- isten unnin i...
[keys] 'Spike Income{ENTER}' -> Tally 'TallyPrime:9000'
[shot] tds-027-prep-D2-particular (1024x768)
[14:57:07] [tds] screen tds-027-prep-D2-particular : EDU Recyc prime K: Company Y: Data •ccounting Voucher Creati Recei t Firefo Account Cash Cument balance: 1,010.00 Dr Particulars Spike Income Goog Find details entered in masters and transactions. Z: Exchange inCom Spike Co (Alt+F) O: Import E: Export M: Share p: print 2-Nov-26 Monday Amount 161 Fl: Help Date 48ff5 Company Contra F5: payment F6: Receipt Journal nt to • 836a9 9UOe5 ' , "tra Hub" , Chro Micros 46 IypÅ CurBal: 1,010.00 Cr Purchase +9—05 FIO: E: Autofill Change Mode More Details L: Narration: Unity Quit O: Related = Reports Optional post -Dated J: Stat ¯ Adjustment Unused ¯ Vch No...
[keys] '400{ENTER}' -> Tally 'TallyPrime:9000'
[shot] tds-028-prep-D2-amount (1024x768)
[14:57:11] [tds] screen tds-028-prep-D2-amount : EDU Recyc prime K: Company Y: Data •ccounting Voucher Creati Recei t Firefo Account Cash Cument balance: 1,410.00 Dr Particulars Spike Income Goog Find details entered in masters and transactions. Z: Exchange inCom Spike Co (Alt+F) O: Import E: Export M: Share p: print 2-Nov-26 Monday Amount 400.00 400.00 161 Fl: Help Date 48ff5 Company Contra F5: payment F6: Receipt Journal nt to • 836a9 9UOe5 ' , "tra Hub" , Chro Micros 46 IypÅ CurBa1: 1,410.00 Cr Purchase +9—05 FIO: E: Autofill Change Mode More Details L: Narration: Unity Quit O: Related = Reports Optional post -Dated J: Stat ¯ Adjustment U...
[keys] '^a' -> Tally 'TallyPrime:9000'
[s235 prep-D2] Tally: Receipt no 3 of 20261102 mid 5 AlterID 5 guid 1826e920-3322-44f2-839d-ffe1d623b21f-00000005; line after 1 s: [14:57:12 created id=20c4fab73d55a8ee77223dbd6b78b229 mid=5 aid=5 guid=1826e920-3322-44f2-839d-ffe1d623b21f-00000005 body=yes(876 chars) guidHeld=False held='']
  INFO s235 prep D2 (2-11-2026): Tally Receipt no 3 of 20261102 mid 5 AlterID 5 guid 1826e920-3322-44f2-839d-ffe1d623b21f-00000005; line after 1 s [14:57:12 created id=20c4fab73d55a8ee77223dbd6b78b229 mid=5 aid=5 guid=1826e920-3322-44f2-839d-ffe1d623b21f-00000005 body=yes(876 chars) guidHeld=False held='']
[shot] tds-029-gw0 (1024x768)
[14:57:13] [tds] screen tds-029-gw0 : EDU Recyc prime K: Company Y: Data •ccounting Voucher Creati Recei t No. 4 Firefo Account Cument balance: Particulars Googl Chro Micros 46 IypÅ Narration: Unity Quit Find details entered in masters and transactions. Z: Exchange inCom Spike Co (Alt+F) O: Import E: Export M: Share p: print 2-Nov-26 Monday Amount 161 Fl: Help Date 48ff5 Company Contra F5: payment F6: Receipt Journal nt to • 836a9 9UOe5 ' , "tra Hub" , Purchase +9—05 FIO: E: Autofill Change Mode More Details L: O: Related = Reports Optional post -Dated J: Stat ¯ Adjustment Unused ¯ Vch No. 9UOe5 • ' , "tra a9c5- isten unnin ion_i ...
[keys] '{ESC}' -> Tally 'TallyPrime:9000'
[shot] tds-030-gw1 (1024x768)
[14:57:17] [tds] screen tds-030-gw1 : Find details entered In masters and transactions EDU Recyc prime K: Company Y: Data •ccounting Voucher Creati Recei t No. 4 Firefo Account Cument balance: Particulars Googl Chro Micros 46 IypÅ Narration: Unity Q: Quit Z: Exchange A: Accept Search O: Import E: Export M: Share inCom Spike Co p: print 2-Nov-26 Monday Amount Quit o Yes or No D: Delete X: Cancel Vch 161 Fl: Help F2: Date 48ff5 F3: Company nt to F4: Contra • 836a9 F5: Payment F6: Receipt 9UOe5 ' , "tra F7: Journal F8: Sales Hub" , F9: Purchase +9—05 Flo: 9UOe5 E: Autofill • ' , "tra H: Change = Mode l: More a9c5- = Details O: Relate...
[keys] 'y' -> Tally 'TallyPrime:9000'
[shot] tds-031-gw2 (1024x768)
[14:57:20] [tds] screen tds-031-gw2 : EDU Recyc prime K: Company Y: Data Gateway.f Tally CURRENT PERIOD Firefo I-Apr-26 to 31-Mar-27 NAME OF COMPANY Find details entered in masters and transactions. Z: Exchange CURRENT OATE Monday, 2-Nov-2026 OATE OF LAST ENTRY (Alt+F) O: Import E: Export M: Share p: print FinCom Spike Co (Schedule Backup) Q Search 2-Nov-26 Googl Chro Micros 46 IypÅ Unity Gateway of Tally MASTERS Create Alter CHart of Accounts TRANSACTIONS Vouchers Day 800K UTILITIES BaNking REPORTS Balance Sheet Profit & Loss A/c Stock Summary Ratio Analysis Display More Reports DashbOard Quit 161 Fl: Help Date 48ff5 Company nt t...
  bridge log: 2026-10-08 14:56:02  Recorder: Receipt 1 of 31-Oct-2026 (MasterID 3, line d4071afb…): asking Tally by MasterID
  bridge log: 2026-10-08 14:56:02  Recorder: entry fetch of FinCom Spike Co: answered in 19 ms
  bridge log: 2026-10-08 14:56:02  Recorder: Receipt 1 of 31-Oct-2026 (MasterID 3, line d4071afb…): taken: Tally's GUID 1826e920-3322-44f2-839d-ffe1d623b21f-00000003, AlterID 3
  bridge log: 2026-10-08 14:56:37  Recorder: Receipt 2 of 01-Nov-2026 (MasterID 4, line 539ce499…): asking Tally by MasterID
  bridge log: 2026-10-08 14:56:37  Recorder: entry fetch of FinCom Spike Co: answered in 25 ms
  bridge log: 2026-10-08 14:56:37  Recorder: Receipt 2 of 01-Nov-2026 (MasterID 4, line 539ce499…): taken: Tally's GUID 1826e920-3322-44f2-839d-ffe1d623b21f-00000004, AlterID 4
  bridge log: 2026-10-08 14:57:12  Recorder: Receipt 3 of 02-Nov-2026 (MasterID 5, line 20c4fab7…): asking Tally by MasterID
  bridge log: 2026-10-08 14:57:12  Recorder: Receipt 3 of 02-Nov-2026 (MasterID 5, line 20c4fab7…): taken: Tally's GUID 1826e920-3322-44f2-839d-ffe1d623b21f-00000005, AlterID 5
[14:57:20] ---- s1 stop: three lines held, nothing asked
  INFO s235 s1 stop: stub True; bridge log: '2026-10-08 14:57:25  Reading from Tally stopped on this computer from FinCom: Stopped by the owner from FinCom (harness s1). Postings still go; reading starts again only from FinCom'; tray status readStopped: {"at":"2026-10-08T14:57:20","by":"fincom","reason":"Stopped by the owner from FinCom (harness s1)"}
[shot] tds-032-gw0 (1024x768)
[14:57:26] [tds] screen tds-032-gw0 : EDU Recyc prime K: Company Y: Data Gateway.f Tally CURRENT PERIOD Firefo I-Apr-26 to 31-Mar-27 NAME OF COMPANY Find details entered in masters and transactions. Z: Exchange CURRENT OATE Monday, 2-Nov-2026 OATE OF LAST ENTRY (Alt+F) O: Import E: Export M: Share p: print FinCom Spike Co (Schedule Backup) Q Search 2-Nov-26 Googl Chro Micros 46 IypÅ Unity Gateway of Tally MASTERS Create Alter CHart of Accounts TRANSACTIONS Vouchers Day 800K UTILITIES BaNking REPORTS Balance Sheet Profit & Loss A/c Stock Summary Ratio Analysis Display More Reports DashbOard Quit 161 Fl: Help Date 48ff5 Company nt t...
[keys] 'v' -> Tally 'TallyPrime:9000'
[shot] tds-033-s1-create-vouchers (1024x768)
[14:57:30] [tds] screen tds-033-s1-create-vouchers : EDU Recyc prime K: Company Y: Data •ccounting Voucher Creati Recei t No. 4 Firefo Account Cument balance: Particulars Googl Chro Micros 46 IypÅ Narration: Unity Quit Find details entered in masters and transactions. Z: Exchange inCom Spike Co (Alt+F) O: Import E: Export M: Share p: print 2-Nov-26 Monday Amount 161 Fl: Help Date 48ff5 Company Contra F5: payment F6: Receipt Journal nt to • 836a9 9UOe5 ' , "tra Hub" , Purchase +9—05 FIO: E: Autofill Change Mode More Details L: O: Related = Reports Optional post -Dated J: Stat ¯ Adjustment Unused ¯ Vch No. 9UOe5 • ' , "tra a9c5- isten unnin ion_i ...
[keys] '{F6}' -> Tally 'TallyPrime:9000'
[shot] tds-034-s1-create-receipt (1024x768)
[14:57:34] [tds] screen tds-034-s1-create-receipt : EDU Recyc prime K: Company Y: Data •ccounting Voucher Creati Recei t No. 4 Firefo Account Cument balance: Particulars Googl Chro Micros 46 IypÅ Narration: Unity Quit Find details entered in masters and transactions. Z: Exchange inCom Spike Co (Alt+F) O: Import E: Export M: Share p: print 2-Nov-26 Monday Amount 161 Fl: Help Date 48ff5 Company Contra F5: payment F6: Receipt Journal nt to • 836a9 9UOe5 ' , "tra Hub" , Purchase +9—05 FIO: E: Autofill Change Mode More Details L: O: Related = Reports Optional post -Dated J: Stat ¯ Adjustment Unused ¯ Vch No. 9UOe5 • ' , "tra a9c5- isten unnin ion_i ...
[keys] '{F2}' -> Tally 'TallyPrime:9000'
[shot] tds-035-s1-create-datebox (1024x768)
[14:57:37] [tds] screen tds-035-s1-create-datebox : o Recyc EDU prime K: Company Y: Data Change Voucher Date Find details entered in masters and transactions. Z: Exchange FinCom Spike Co Voucher Date 3-11-2026 A Accept Q Search (Alt+F) O: Import x E: Export M: Share p: print Firefo Googl Chron Micros lyp Unity Quit Fl: Help 48ff5 nt to • 836a9 9UOe5 ' , "tra Hub" , +9—05 9UOe5 ' , "tra : '2.3 a9c5- isten unnin ion_i 149+3— age" , +9—05 'tally Windows Server 2025 Datacenter Build 26100.ge_release240331-1435 2•.57 PM 10/8/2026
[keys] '2-10-2026{ENTER}' -> Tally 'TallyPrime:9000'
[shot] tds-036-s1-create-dated (1024x768)
[14:57:41] [tds] screen tds-036-s1-create-dated : EDU Recyc prime K: Company Y: Data •ccounting Voucher Creati Recei t No. 4 Firefo Account Cument balance: Particulars Googl Chro Micros 46 IypÅ Narration: Unity Quit Find details entered in masters and transactions. Z: Exchange inCom Spike Co (Alt+F) O: Import E: Export M: Share p: print 2-Oct-26 Friday Amount 161 Fl: Help Date 48ff5 Company Contra F5: payment F6: Receipt Journal nt to • 836a9 9UOe5 ' , "tra Hub" , Purchase +9—05 FIO: E: Autofill Change Mode More Details L: O: Related = Reports Optional post -Dated J: Stat ¯ Adjustment Unused ¯ Vch No. 9UOe5 • ' , "tra a9c5- isten unnin ion_i ...
[keys] 'Cash{ENTER}' -> Tally 'TallyPrime:9000'
[shot] tds-037-s1-create-account (1024x768)
[14:57:45] [tds] screen tds-037-s1-create-account : EDU Recyc prime K: Company Y: Data •ccounting Voucher Creati Recei t No. 4 Firefo Account Cash Cument balance: 1,410.00 Dr Particulars Chro Micros 46 IypÅ Narration: Unity Quit Find details entered in masters and transactions. Z: Exchange inCom Spike Co (Alt+F) O: Import E: Export M: Share p: print 2-Oct-26 Friday Amount 161 Fl: Help Date 48ff5 Company Contra F5: payment F6: Receipt Journal nt to • 836a9 9UOe5 ' , "tra Hub" , Purchase +9—05 FIO: E: Autofill Change Mode More Details L: O: Related = Reports Optional post -Dated J: Stat ¯ Adjustment Unused ¯ Vch No. 9UOe5 • ' , "tra a9c5- isten u...
[keys] 'Spike Income{ENTER}' -> Tally 'TallyPrime:9000'
[shot] tds-038-s1-create-particular (1024x768)
[14:57:48] [tds] screen tds-038-s1-create-particular : EDU Recyc prime K: Company Y: Data •ccounting Voucher Creati Recei t No. 4 Firefo Account Cash Cument balance: 1,410.00 Dr Particulars Spike Income Goog Find details entered in masters and transactions. Z: Exchange inCom Spike Co (Alt+F) O: Import E: Export M: Share p: print 2-Oct-26 Friday Amount 161 Fl: Help Date 48ff5 Company Contra F5: payment F6: Receipt Journal nt to • 836a9 9UOe5 ' , "tra Hub" , Chro Micros 46 IypÅ CurBal: 1,410.00 Cr Purchase +9—05 FIO: E: Autofill Change Mode More Details L: Narration: Unity Quit O: Related = Reports Optional post -Dated J: Stat ¯ Adjustment Unused ¯ ...
[keys] '500{ENTER}' -> Tally 'TallyPrime:9000'
[shot] tds-039-s1-create-amount (1024x768)
[14:57:52] [tds] screen tds-039-s1-create-amount : EDU Recyc prime K: Company Y: Data •ccounting Voucher Creati Recei t No. 4 Firefo Account Cash Cument balance: 1,910.00 Dr Particulars Spike Income Goog Find details entered in masters and transactions. Z: Exchange inCom Spike Co (Alt+F) O: Import E: Export M: Share p: print 2-Oct-26 Friday Amount 500.00 500.00 161 Fl: Help Date 48ff5 Company Contra F5: payment F6: Receipt Journal nt to • 836a9 9UOe5 ' , "tra Hub" , Chro Micros 46 IypÅ CurBa1: 1,910.00 Cr Purchase +9—05 FIO: E: Autofill Change Mode More Details L: Narration: Unity Quit O: Related = Reports Optional post -Dated J: Stat ¯ Adjust...
[keys] '^a' -> Tally 'TallyPrime:9000'
[s235 s1-create] Tally: Receipt no 4 of 20261002 mid 6 AlterID 6 guid 1826e920-3322-44f2-839d-ffe1d623b21f-00000006; line after 0.7 s: [14:57:53 created id=126107c4290f4f3df69bfabc243f62cc mid=6 aid= guid='' body=none guidHeld=False held='waiting: reading from Tally is stopped from FinCom; asked again when it is resumed']
[shot] tds-040-gw0 (1024x768)
[14:57:54] [tds] screen tds-040-gw0 : EDU Recyc prime K: Company Y: Data •ccounting Voucher Creati Recei t Firefo Account Cument balance: Particulars Googl Chro Micros 46 IypÅ Narration: Unity Quit Find details entered in masters and transactions. Z: Exchange inCom Spike Co (Alt+F) O: Import E: Export M: Share p: print 2-Oct-26 Friday Amount 161 Fl: Help Date 48ff5 Company Contra F5: payment F6: Receipt Journal nt to • 836a9 9UOe5 ' , "tra Hub" , Purchase +9—05 FIO: E: Autofill Change Mode More Details L: O: Related = Reports Optional post -Dated J: Stat ¯ Adjustment Unused ¯ Vch No. 9UOe5 • ' , "tra a9c5- isten unnin ion_i 149+3—...
[keys] '{ESC}' -> Tally 'TallyPrime:9000'
[shot] tds-041-gw1 (1024x768)
[14:57:58] [tds] screen tds-041-gw1 : Find details entered In masters and transactions EDU Recyc prime K: Company Y: Data •ccounting Voucher Creati Recei t Firefo Account Cument balance: Particulars Googl Chro Micros 46 IypÅ Narration: Unity Q: Quit Z: Exchange A: Accept Search O: Import E: Export M: Share inCom Spike Co p: print 2-Oct-26 Friday Amount Quit o Yes or No D: Delete X: Cancel Vch 161 Fl: Help F2: Date 48ff5 F3: Company nt to F4: Contra • 836a9 F5: Payment F6: Receipt 9UOe5 ' , "tra F7: Journal F8: Sales Hub" , F9: Purchase +9—05 Flo: 9UOe5 E: Autofill • ' , "tra H: Change = Mode l: More a9c5- = Details O: Related iste...
[keys] 'y' -> Tally 'TallyPrime:9000'
[shot] tds-042-gw2 (1024x768)
[14:58:01] [tds] screen tds-042-gw2 : EDU Recyc prime K: Company Y: Data Gateway.f Tally CURRENT PERIOD Firefo I-Apr-26 to 31-Mar-27 NAME OF COMPANY Find details entered in masters and transactions. Z: Exchange CURRENT OATE Friday, 2-Oct-2026 OATE OF LAST ENTRY (Alt+F) O: Import E: Export M: Share p: print FinCom Spike Co (Schedule Backup) Q Search 2-Nov-26 Googl Chro Micros 46 IypÅ Unity Gateway of Tally MASTERS Create Alter CHart of Accounts TRANSACTIONS Vouchers Day 800K UTILITIES BaNking REPORTS Balance Sheet Profit & Loss A/c Stock Summary Ratio Analysis Display More Reports DashbOard Quit 161 Fl: Help Date 48ff5 Company nt t...
[keys] '%g' -> Tally 'TallyPrime:9000'
[shot] tds-043-s1-alter-goto (1024x768)
[14:58:05] [tds] screen tds-043-s1-alter-goto : EDU Recyc prime Firefo Googl Chron Micros Unity Quit Find details entered in masters and transactions. Z: Exchange (Alt+F) O: Import K: Company Y: Data List of Reports Saved Views Bills Payable - GST E: Export M: Share p: print Fl: Help inCom Spike (Predefined) (Predefined) (Predefined) (Predefined) (Predefined) (Predefined) (Predefined) (Predefined) (Predefined) (Predefined) (Predefined) x Bills Payable - GST - Sundry Creditors Bills Payable - GST - Sundry Debtors Bills Receivable - GST Bills Receivable - GST - Sundry Creditors Bills Receivable - GST - Sundry Debtors Purchase Dashboard Sales ...
[keys] 'Day Book' -> Tally 'TallyPrime:9000'
[keys] '{ENTER}' -> Tally 'TallyPrime:9000'
[shot] tds-044-s1-alter-daybook (1024x768)
[14:58:12] [tds] screen tds-044-s1-alter-daybook : EDU Recyc prime K: Company Y: Data pay Book Day Book Find details entered in masters and transactions. Z: Exchange (Alt+F) O: Import E: Export M: Share P: Print Firefo Date inCom Spike Vch Type Receipt DuÅicate Vch I Insert Vch 161 Fl: Help Date 48ff5 Company F4: Voucher 2-Oct-26 Googl Chro Micros 46 IypÅ Unity Quit Particulars Spike Income Enter: Alter Vch No. 4 Delete x: Debit Amount Inwards Q Cancel Vch For 2-Oct-26 Credit Amount Outwards Qt 500.00 U: Restore Line Type F 7: Show profit F8: Columnar FIO Basis of B: Values Change ¯ View Exception J: Reports Save View L: Apply F: — Filter • Fi...
[keys] '{F2}' -> Tally 'TallyPrime:9000'
[shot] tds-045-s1-alter-db-date (1024x768)
[14:58:15] [tds] screen tds-045-s1-alter-db-date : o Recyc EDU prime Change Date K: Company Y: Data Find details entered in masters and transactions. Z: Exchange FinCom Spike Co Change Date 2-10-2026 A Accept Q Search (Alt+F) O: Import x E: Export M: Share p: print Firefo Googl Chron Micros lyp Unity Quit Fl: Help 48ff5 nt to • 836a9 9UOe5 ' , "tra Hub" , +9—05 9UOe5 ' , "tra : '2.3 a9c5- isten unnin ion_i 149+3— age" , +9—05 'tally Windows Server 2025 Datacenter Build 26100.ge_release240331-1435 2:58 PM 10/8/2026
[keys] '31-10-2026{ENTER}' -> Tally 'TallyPrime:9000'
[shot] tds-046-s1-alter-db-dated (1024x768)
[14:58:20] [tds] screen tds-046-s1-alter-db-dated : EDU Recyc prime K: Company Y: Data pay Book Day Book Find details entered in masters and transactions. Z: Exchange (Alt+F) O: Import E: Export M: Share P: Print Firefo Date inCom Spike Vch Type Receipt DuÅicate Vch I Insert Vch 161 Fl: Help Date 48ff5 Company F4: Voucher 31-Oct-26 Googl Chro Micros 46 IypÅ Unity Quit Particulars Spike Income Enter: Alter Vch No. 1 Delete x: Debit Amount Inwards Q Cancel Vch For 310ct-26 Credit Amount Outwards Qt 700.00 U: Restore Line Type F 7: Show profit F8: Columnar FIO Basis of B: Values Change ¯ View Exception J: Reports Save View L: Apply F: — Filter • F...
[keys] '{HOME}' -> Tally 'TallyPrime:9000'
[shot] tds-047-s1-alter-db-first (1024x768)
[14:58:23] [tds] screen tds-047-s1-alter-db-first : EDU Recyc prime K: Company Y: Data pay Book Day Book Find details entered in masters and transactions. Z: Exchange (Alt+F) O: Import E: Export M: Share P: Print Firefo Date inCom Spike Vch Type Receipt DuÅicate Vch I Insert Vch 161 Fl: Help Date 48ff5 Company F4: Voucher 31-Oct-26 Googl Chro Micros 46 IypÅ Unity Quit Particulars Spike Income Enter: Alter Vch No. 1 Delete x: Debit Amount Inwards Q Cancel Vch For 310ct-26 Credit Amount Outwards Qt 700.00 U: Restore Line Type F 7: Show profit F8: Columnar FIO Basis of B: Values Change ¯ View Exception J: Reports Save View L: Apply F: — Filter • F...
[keys] '{ENTER}' -> Tally 'TallyPrime:9000'
[shot] tds-048-s1-alter-open (1024x768)
[14:58:27] [tds] screen tds-048-s1-alter-open : EDU Recyc prime K: Company Y: Data •ccounting Voucher Alteration (Secondary) Recei t No. 1 Firefo Account Cash Cument balance: 1,910.00 Dr Particulars Spike Income Goog Find details entered in masters and transactions. Z: Exchange inCom Spike Co (Alt+F) O: Import E: Export M: Share p: print 31-Oct-26 Saturday Amount 700.00 700.00 161 Fl: Help Date 48ff5 Company Contra F5: payment F6: Receipt Journal nt to • 836a9 9UOe5 ' , "tra Hub" , Chro Micros 46 IypÅ CurBal: 1,910.00 Cr Purchase +9—05 FIO: E: Autofill Change Mode More Details L: Narration: Unity Quit O: Related = Reports Optional post -Dat...
[keys] '{ENTER}' -> Tally 'TallyPrime:9000'
[keys] '{ENTER}' -> Tally 'TallyPrime:9000'
[keys] '{ENTER}' -> Tally 'TallyPrime:9000'
[shot] tds-049-s1-alter-at-amount (1024x768)
[14:58:36] [tds] screen tds-049-s1-alter-at-amount : EDU Recyc prime K: Company Y: Data •ccounting Voucher Alteration (Secondary) Recei t No. 1 Firefo Account Cash Cument balance: 1,910.00 Dr Particulars Spike Income Goog Find details entered in masters and transactions. Z: Exchange inCom Spike Co (Alt+F) O: Import E: Export M: Share p: print 310ct-26 Saturday Amount üoo.oo 700.00 161 Fl: Help Date 48ff5 Company Contra F5: payment F6: Receipt Journal nt to • 836a9 9UOe5 ' , "tra Hub" , Chro Micros 46 IypÅ CurBal: 1,910.00 Cr Purchase +9—05 FIO: E: Autofill Change Mode More Details L: Narration: Unity Quit O: Related = Reports Optional post -Date...
[keys] '800{ENTER}' -> Tally 'TallyPrime:9000'
[shot] tds-050-s1-alter-amount (1024x768)
[14:58:40] [tds] screen tds-050-s1-alter-amount : EDU Recyc prime K: Company Y: Data •ccounting Voucher Alteration (Secondary) Recei t No. 1 Firefo Account Cash Cument balance: 2,010.00 Dr Particulars Spike Income Goog Find details entered in masters and transactions. Z: Exchange inCom Spike Co (Alt+F) O: Import E: Export M: Share p: print 310ct-26 Saturday Amount 800.00 800.00 161 Fl: Help Date 48ff5 Company Contra F5: payment F6: Receipt Journal nt to • 836a9 9UOe5 ' , "tra Hub" , Chro Micros 46 IypÅ CurBa1: 2,010.00 Cr Purchase +9—05 FIO: E: Autofill Change Mode More Details L: Narration: Unity Quit O: Related = Reports Optional post -Date...
[keys] '^a' -> Tally 'TallyPrime:9000'
[s235 s1-alter] Tally: Receipt no 1 of 20261031 mid 3 AlterID 7 guid 1826e920-3322-44f2-839d-ffe1d623b21f-00000003; line after 0.5 s: [14:58:41 altered id=7687294cf92dafc382b5de73381c1119 mid=3 aid= guid='' body=none guidHeld=False held='waiting: reading from Tally is stopped from FinCom; asked again when it is resumed']
[shot] tds-051-gw0 (1024x768)
[14:58:42] [tds] screen tds-051-gw0 : EDU Recyc prime K: Company Y: Data pay Book Day Book Find details entered in masters and transactions. Z: Exchange (Alt+F) O: Import E: Export M: Share P: Print Firefo Date inCom Spike Vch Type Receipt DuÅicate Vch I Insert Vch 161 Fl: Help Date 48ff5 Company F4: Voucher 31-Oct-26 Googl Chro Micros 46 IypÅ Unity Quit Particulars Spike Income Enter: Alter Vch No. 1 Delete x: Debit Amount Inwards Q Cancel Vch For 310ct-26 Credit Amount Outwards Qt 800.00 U: Restore Line Type F 7: Show profit F8: Columnar FIO Basis of B: Values Change ¯ View Exception J: Reports Save View L: Apply F: — Filter • F...
[keys] '{ESC}' -> Tally 'TallyPrime:9000'
[shot] tds-052-gw1 (1024x768)
[14:58:46] [tds] screen tds-052-gw1 : EDU Recyc prime K: Company Y: Data Gateway.f Tally CURRENT PERIOD Firefo I-Apr-26 to 31-Mar-27 NAME OF COMPANY Find details entered in masters and transactions. Z: Exchange CURRENT OATE Saturday, 31-Oct-2026 OATE OF LAST ENTRY (Alt+F) O: Import E: Export M: Share p: print FinCom Spike Co (Schedule Backup) Q Search 2-Nov-26 Googl Chro Micros 46 IypÅ Unity Gateway of Tally MASTERS Create Alter CHart of Accounts TRANSACTIONS Vouchers Day 800K UTILITIES BaNking REPORTS Balance Sheet Profit & Loss A/c Stock Summary Ratio Analysis Display More Reports DashbOard Quit 161 Fl: Help Date 48ff5 Company n...
[keys] '%g' -> Tally 'TallyPrime:9000'
[shot] tds-053-s1-delete-goto (1024x768)
[14:58:49] [tds] screen tds-053-s1-delete-goto : EDU Recyc prime Firefo Googl Chron Micros Unity Quit Find details entered in masters and transactions. Z: Exchange (Alt+F) O: Import K: Company Y: Data List of Reports Saved Views Bills Payable - GST E: Export M: Share p: print Fl: Help inCom Spike (Predefined) (Predefined) (Predefined) (Predefined) (Predefined) (Predefined) (Predefined) (Predefined) (Predefined) (Predefined) (Predefined) x Bills Payable - GST - Sundry Creditors Bills Payable - GST - Sundry Debtors Bills Receivable - GST Bills Receivable - GST - Sundry Creditors Bills Receivable - GST - Sundry Debtors Purchase Dashboard Sales ...
[keys] 'Day Book' -> Tally 'TallyPrime:9000'
[keys] '{ENTER}' -> Tally 'TallyPrime:9000'
[shot] tds-054-s1-delete-daybook (1024x768)
[14:58:56] [tds] screen tds-054-s1-delete-daybook : EDU Recyc prime K: Company Y: Data pay Book Day Book Find details entered in masters and transactions. Z: Exchange (Alt+F) O: Import E: Export M: Share P: Print Firefo Date inCom Spike Vch Type Receipt DuÅicate Vch I Insert Vch 161 Fl: Help Date 48ff5 Company F4: Voucher 31-Oct-26 Googl Chro Micros 46 IypÅ Unity Quit Particulars Spike Income Enter: Alter Vch No. 1 Delete x: Debit Amount Inwards Q Cancel Vch For 310ct-26 Credit Amount Outwards Qt 800.00 U: Restore Line Type F 7: Show profit F8: Columnar FIO Basis of B: Values Change ¯ View Exception J: Reports Save View L: Apply F: — Filter • F...
[keys] '{F2}' -> Tally 'TallyPrime:9000'
[shot] tds-055-s1-delete-db-date (1024x768)
[14:58:59] [tds] screen tds-055-s1-delete-db-date : o Recyc EDU prime Change Date K: Company Y: Data Find details entered in masters and transactions. Z: Exchange FinCom Spike Co Change Date 31-10-2026 A Accept Q Search (Alt+F) O: Import x E: Export M: Share p: print Firefo Googl Chron Micros lyp Unity Quit Fl: Help 48ff5 nt to • 836a9 9UOe5 ' , "tra Hub" , +9—05 9UOe5 ' , "tra : '2.3 a9c5- isten unnin ion_i 149+3— age" , +9—05 'tally Windows Server 2025 Datacenter Build 26100.ge_release240331-1435 2:58 PM 10/8/2026
[keys] '1-11-2026{ENTER}' -> Tally 'TallyPrime:9000'
[shot] tds-056-s1-delete-db-dated (1024x768)
[14:59:04] [tds] screen tds-056-s1-delete-db-dated : EDU Recyc prime K: Company Y: Data pay Book Day Book Find details entered in masters and transactions. Z: Exchange (Alt+F) O: Import E: Export M: Share p: print inCom Spike Vch Type Receipt DuÅicate Vch I Insert Vch For 1- Nov-26 Firefo Date 161 Fl: Help Date 48ff5 Company F4: Voucher I-Nov-26 Googl Chro Micros 46 IypÅ Unity Quit Particulars Spike Income Enter: Alter Vch No. 2 Delete A Add Vch Search x: Debit Amount Inwards Q Cancel Vch Credit Amount Outwards Qt 300.00 U: Restore Line Type F 7: Show profit F8: Columnar FIO Basis of B: Values Change ¯ View Exception J: Reports Save View L: Appl...
[keys] '{HOME}' -> Tally 'TallyPrime:9000'
[shot] tds-057-s1-delete-db-first (1024x768)
[14:59:07] [tds] screen tds-057-s1-delete-db-first : EDU Recyc prime K: Company Y: Data pay Book Day Book Find details entered in masters and transactions. Z: Exchange (Alt+F) O: Import E: Export M: Share p: print inCom Spike Vch Type Receipt DuÅicate Vch I Insert Vch For 1- Nov-26 Firefo Date 161 Fl: Help Date 48ff5 Company F4: Voucher I-Nov-26 Googl Chro Micros 46 IypÅ Unity Quit Particulars Spike Income Enter: Alter Vch No. 2 Delete A Add Vch Search x: Debit Amount Inwards Q Cancel Vch Credit Amount Outwards Qt 300.00 U: Restore Line Type F 7: Show profit F8: Columnar FIO Basis of B: Values Change ¯ View Exception J: Reports Save View L: Appl...
[keys] '%d' -> Tally 'TallyPrime:9000'
[shot] tds-058-s1-delete-delete-q (1024x768)
[14:59:11] [tds] screen tds-058-s1-delete-delete-q : EDU Recyc prime Day Book K: Company Y: Data Find details entered In masters and transactions Z: Exchange FinCom Spike Co Delete o O: Import E: Export M: Share p: print x Firefo Googl Chron Micros Unity Q: Quit Yes I Z: Üug(icate Vch or No l: Insert Vch Fl:Help F2: Date F3: Company F4: Voucher Type F 7: Show profit F8: Columnar FIO B: Basis of = Values H: Change = View J: Exception = Reports L: Save View F: Apply = Filter • Filter = Details 161 48ff5 nt to • 836a9 9UOe5 ' , "tra Hub" , +9—05 9UOe5 ' , "tra a9c5- isten unnin ion_i 149+3— age" , +9—05 'tally Enter: Alter Space: Seé:t Q A:Add Vch ...
[keys] 'y' -> Tally 'TallyPrime:9000'
[s235 s1-delete] Tally: True; line after 0.6 s: [14:59:12 deleted id=a869ee41d52bc46ee012bfeeeef71433 mid=4 aid= guid='' body=none guidHeld=True held='this computer's Tally could not be asked whether it was deleted here (waiting: reading from Tally is stopped from FinCom; asked again when it is resumed); not sent as a delete: held']
[shot] tds-059-gw0 (1024x768)
[14:59:13] [tds] screen tds-059-gw0 : Find details entered in masters and transactions. EDU Recyc prime pay Book Day Book (Alt+F) O: Import K: Company Y: Data Particulars Z: Exchange A Add Vch Search E: Export M: Share p: print inCom Spike Vch Type DuÅicate Vch I Insert Vch For 1- Nov-26 161 Fl: Help Date 48ff5 Company F4: Voucher Firefo Googl Chro Micros 46 IypÅ Unity Date Quit Vch No. Delete x: Debit Amount Inwards Q Cancel Vch Credit Amount Outwards Qt U: Restore Line Type F 7: Show profit F8: Columnar FIO Basis of B: Values Change ¯ View Exception J: Reports Save View L: Apply F: — Filter • Filter = Details F 12: Configure nt ...
[keys] '{ESC}' -> Tally 'TallyPrime:9000'
[shot] tds-060-gw1 (1024x768)
[14:59:16] [tds] screen tds-060-gw1 : EDU Recyc prime K: Company Y: Data Gateway.f Tally CURRENT PERIOD Firefo I-Apr-26 to 31-Mar-27 NAME OF COMPANY Find details entered in masters and transactions. Z: Exchange CURRENT OATE Sunday, I-Nov-2026 OATE OF LAST ENTRY (Alt+F) O: Import E: Export M: Share p: print FinCom Spike Co (Schedule Backup) Q Search 2-Nov-26 Googl Chro Micros 46 IypÅ Unity Gateway of Tally MASTERS Create Alter CHart of Accounts TRANSACTIONS Vouchers Day 800K UTILITIES BaNking REPORTS Balance Sheet Profit & Loss A/c Stock Summary Ratio Analysis Display More Reports DashbOard Quit 161 Fl: Help Date 48ff5 Company nt t...
  INFO s235: the bridge's held list: C:\Users\runneradmin\AppData\Local\TDS Desk Bridge\sync\recorder-held.json
  bridge log: 2026-10-08 14:57:25  Reading from Tally stopped on this computer from FinCom: Stopped by the owner from FinCom (harness s1). Postings still go; reading starts again only from FinCom
  bridge log: 2026-10-08 14:57:30  Light check: skipped: reading is stopped from FinCom (Stopped by the owner from FinCom (harness s1))
  bridge log: 2026-10-08 14:57:53  Recorder: Receipt 4 of 02-Oct-2026 (MasterID 6, line 126107c4…): asking Tally by MasterID
  bridge log: 2026-10-08 14:57:53  Recorder: Receipt 4 of 02-Oct-2026 (MasterID 6, line 126107c4…): held at once: waiting: reading from Tally is stopped from FinCom; asked again when it is resumed (sent now without its body; FinCom shows it held, and this bridge asks Tally again)
  bridge log: 2026-10-08 14:57:53  Recorder: Receipt 4 of 02-Oct-2026 (MasterID 6, line 126107c4…): asking Tally again (a held line, ask 1 of 2: one request; if it stops or fails the line ends with the Day Book words)
  bridge log: 2026-10-08 14:57:53  Recorder: Receipt 4 of 02-Oct-2026 (MasterID 6, line 126107c4…): not asked this time: Reading from Tally is stopped on this computer from FinCom (Stopped by the owner from FinCom (harness s1), 2026-10-08 14:57:20); nothing was sent to Tally. Post (not counted as a try)
  bridge log: 2026-10-08 14:57:53  Recorder: held lines: 0 from FinCom, 1 asked, 0 resolved, 1 still held (1 in the list)
  bridge log: 2026-10-08 14:58:03  Recorder: held lines: 0 from FinCom, 1 asked, 0 resolved, 1 still held (1 in the list)
  bridge log: 2026-10-08 14:58:13  Recorder: held lines: 0 from FinCom, 1 asked, 0 resolved, 1 still held (1 in the list)
  bridge log: 2026-10-08 14:58:23  Recorder: held lines: 0 from FinCom, 1 asked, 0 resolved, 1 still held (1 in the list)
  bridge log: 2026-10-08 14:58:33  Recorder: held lines: 0 from FinCom, 1 asked, 0 resolved, 1 still held (1 in the list)
  bridge log: 2026-10-08 14:58:41  Recorder: Receipt 1 of 31-Oct-2026 (MasterID 3, line 7687294c…): asking Tally by MasterID
  bridge log: 2026-10-08 14:58:41  Recorder: Receipt 1 of 31-Oct-2026 (MasterID 3, line 7687294c…): held at once: waiting: reading from Tally is stopped from FinCom; asked again when it is resumed (sent now without its body; FinCom shows it held, and this bridge asks Tally again)
  bridge log: 2026-10-08 14:58:41  Recorder: Receipt 1 of 31-Oct-2026 (MasterID 3, line 7687294c…): asking Tally again (a held line, ask 1 of 2: one request; if it stops or fails the line ends with the Day Book words)
  bridge log: 2026-10-08 14:58:41  Recorder: Receipt 1 of 31-Oct-2026 (MasterID 3, line 7687294c…): not asked this time: Reading from Tally is stopped on this computer from FinCom (Stopped by the owner from FinCom (harness s1), 2026-10-08 14:57:20); nothing was sent to Tally. Post (not counted as a try)
  bridge log: 2026-10-08 14:58:41  Recorder: held lines: 0 from FinCom, 1 asked, 0 resolved, 2 still held (2 in the list)
  bridge log: 2026-10-08 14:58:43  Recorder: held lines: 0 from FinCom, 1 asked, 0 resolved, 2 still held (2 in the list)
  bridge log: 2026-10-08 14:58:51  Recorder: held lines: 0 from FinCom, 1 asked, 0 resolved, 2 still held (2 in the list)
  bridge log: 2026-10-08 14:58:53  Recorder: held lines: 0 from FinCom, 1 asked, 0 resolved, 2 still held (2 in the list)
  bridge log: 2026-10-08 14:59:01  Recorder: held lines: 0 from FinCom, 1 asked, 0 resolved, 2 still held (2 in the list)
  bridge log: 2026-10-08 14:59:03  Recorder: held lines: 0 from FinCom, 1 asked, 0 resolved, 2 still held (2 in the list)
  bridge log: 2026-10-08 14:59:11  Recorder: held lines: 0 from FinCom, 1 asked, 0 resolved, 2 still held (2 in the list)
  bridge log: 2026-10-08 14:59:12  Recorder: Receipt 2 of 01-Nov-2026 (MasterID 4, line a869ee41…): asking Tally by MasterID
  bridge log: 2026-10-08 14:59:12  Recorder: FinCom Spike Co: delete of mid 4: held: this computer's Tally could not be asked whether it was deleted here (waiting: reading from Tally is stopped from FinCom; asked again when it is resumed); not sent as a delete: held
  bridge log: 2026-10-08 14:59:13  Recorder: held lines: 0 from FinCom, 1 asked, 0 resolved, 3 still held (3 in the list)
######## PASS s1 stop: three lines held, nothing asked: Tally: created Receipt no 4 of 20261002 mid 6 AlterID 6 guid 1826e920-3322-44f2-839d-ffe1d623b21f-00000006; altered mid 3 AlterID 3 -> 7; deleted Receipt no 2 of 20261101 mid 4 AlterID 4 guid 1826e920-3322-44f2-839d-ffe1d623b21f-00000004. Stub lines (seconds from each save, 10 s at most): created 0.7 s [14:57:53 created id=126107c4290f4f3df69bfabc243f62cc mid=6 aid= guid='' body=none guidHeld=False held='waiting: reading from Tally is stopped from FinCom; asked again when it is resumed']; altered 0.5 s [14:58:41 altered id=7687294cf92dafc382b5de73381c1119 mid=3 aid= guid='' body=none guidHeld=False held='waiting: reading from Tally is stopped from FinCom; asked again when it is resumed']; deleted 0.6 s [14:59:12 deleted id=a869ee41d52bc46ee012bfeeeef71433 mid=4 aid= guid='' body=none guidHeld=True held='this computer's Tally could not be asked whether it was deleted here (waiting: reading from Tally is stopped from FinCom; asked again when it is resumed); not sent as a delete: held']. Held with the stop's words, no body: True; the delete held for its proof with no GUID: True. Voucher requests that reached Tally during the stop (proxy): none; every request the bridge sent Tally then: TDSDeskCompanies x3. Held list (no try counted: True; the delete's keepGuid is its GUID: False): created tries=0 freshTries=0 asked=0 allow=2 fresh=True slow=0 freshSlow=False final=False keepGuid= why='waiting: reading from Tally is stopped from FinCom; asked again when it is resumed'; altered tries=0 freshTries=0 asked=0 allow=2 fresh=True slow=0 freshSlow=False final=False keepGuid= why='waiting: reading from Tally is stopped from FinCom; asked again when it is resumed'; deleted tries=0 freshTries=0 asked=0 allow=0 fresh=False slow=0 freshSlow=False final=False keepGuid= why='this computer's Tally could not be asked whether it was deleted here (waiting: reading from Tally is stopped from FinCom; asked again when it is resumed); not s...'. Bridge log: 2026-10-08 14:57:25  Reading from Tally stopped on this computer from FinCom: Stopped by the owner from FinCom (harness s1). Postings still go; reading starts again only from FinCom | 2026-10-08 14:57:30  Light check: skipped: reading is stopped from FinCom (Stopped by the owner from FinCom (harness s1)) | 2026-10-08 14:57:53  Recorder: Receipt 4 of 02-Oct-2026 (MasterID 6, line 126107c4…): held at once: waiting: reading from Tally is stopped from FinCom; asked again when it is resumed (sent now without its body; FinCom shows it held, and this bridge asks Tally ... | 2026-10-08 14:57:53  Recorder: Receipt 4 of 02-Oct-2026 (MasterID 6, line 126107c4…): not asked this time: Reading from Tally is stopped on this computer from FinCom (Stopped by the owner from FinCom (harness s1), 2026-10-08 14:57:20); nothing was sent to Tall... | 2026-10-08 14:58:41  Recorder: Receipt 1 of 31-Oct-2026 (MasterID 3, line 7687294c…): held at once: waiting: reading from Tally is stopped from FinCom; asked again when it is resumed (sent now without its body; FinCom shows it held, and this bridge asks Tally ... | 2026-10-08 14:58:41  Recorder: Receipt 1 of 31-Oct-2026 (MasterID 3, line 7687294c…): not asked this time: Reading from Tally is stopped on this computer from FinCom (Stopped by the owner from FinCom (harness s1), 2026-10-08 14:57:20); nothing was sent to Tall... | 2026-10-08 14:59:12  Recorder: FinCom Spike Co: delete of mid 4: held: this computer's Tally could not be asked whether it was deleted here (waiting: reading from Tally is stopped from FinCom; asked again when it is resumed); not sent as a delete: held
[14:59:20] ---- s2 lift: bodies and the delete with its GUID
  INFO s235 s2 lift: stub True; bridge log: '2026-10-08 14:59:20  Reading from Tally resumed from FinCom (it was stopped: Stopped by the owner from FinCom (harness s1))'
[s235] settled after 603 s
  bridge log: 2026-10-08 14:59:20  Reading from Tally resumed from FinCom (it was stopped: Stopped by the owner from FinCom (harness s1))
  bridge log: 2026-10-08 14:59:21  Recorder: Receipt 1 of 31-Oct-2026 (MasterID 3, line 7687294c…): taken: Tally's GUID 1826e920-3322-44f2-839d-ffe1d623b21f-00000003, AlterID 7
  bridge log: 2026-10-08 14:59:21  Recorder: Receipt 1 of 20261031 in FinCom Spike Co resolved: sent as altered with its GUID 1826e920-3322-44f2-839d-ffe1d623b21f-00000003 and body
  bridge log: 2026-10-08 14:59:21  Recorder: held lines: 0 from FinCom, 1 asked, 1 resolved, 2 still held (3 in the list)
  bridge log: 2026-10-08 14:59:23  Recorder: Receipt 4 of 02-Oct-2026 (MasterID 6, line 126107c4…): taken: Tally's GUID 1826e920-3322-44f2-839d-ffe1d623b21f-00000006, AlterID 6
  bridge log: 2026-10-08 14:59:23  Recorder: Receipt 4 of 20261002 in FinCom Spike Co resolved: sent as created with its GUID 1826e920-3322-44f2-839d-ffe1d623b21f-00000006 and body
  bridge log: 2026-10-08 14:59:23  Recorder: held lines: 0 from FinCom, 1 asked, 1 resolved, 1 still held (2 in the list)
  bridge log: 2026-10-08 15:04:41  Light check of FinCom Spike Co: unchanged starting point ALTVCHID=2; now ALTVCHID=9, ALTMSTID=211
  bridge log: 2026-10-08 15:09:12  Recorder: Receipt 2 of 01-Nov-2026 (MasterID 4, line a869ee41…): asking Tally again (a held line, ask 1 of 1: one request; if it stops or fails the line ends with the Day Book words)
  bridge log: 2026-10-08 15:09:12  Recorder: entry fetch of FinCom Spike Co: answered in 14 ms
  bridge log: 2026-10-08 15:09:12  Recorder: FinCom Spike Co: delete of mid 4: not in this Tally (asked by MasterID): proven deleted here
  bridge log: 2026-10-08 15:09:12  Recorder: Receipt 2 of 01-Nov-2026 (MasterID 4, line a869ee41…): proven in this Tally now: the delete goes as a869ee41d52bc46ee012bfeeeef71433:resolved
  bridge log: 2026-10-08 15:09:12  Recorder: held lines: 0 from FinCom, 1 asked, 1 resolved, 0 still held (1 in the list)
  bridge log: 2026-10-08 15:09:12  Recorder: FinCom Spike Co: delete of mid 4: GUID from the bridge's record: 1826e920-3322-44f2-839d-ffe1d623b21f-00000004; the GUID its MasterID makes agrees
######## FAIL s2 lift: bodies and the delete with its GUID: created (Tally guid 1826e920-3322-44f2-839d-ffe1d623b21f-00000006): 1 ':resolved' line(s): [14:59:23 created id=126107c4290f4f3df69bfabc243f62cc:resolved mid=6 aid=6 guid=1826e920-3322-44f2-839d-ffe1d623b21f-00000006 body=yes(876 chars) guidHeld=False held='']; Day Book words in 0 line(s). altered (Tally guid 1826e920-3322-44f2-839d-ffe1d623b21f-00000003, AlterID 7; the line's AlterID is Tally's: True): 1 ':resolved' line(s): [14:59:21 altered id=7687294cf92dafc382b5de73381c1119:resolved mid=3 aid=7 guid=1826e920-3322-44f2-839d-ffe1d623b21f-00000003 body=yes(876 chars) guidHeld=False held='']; Day Book words in 0 line(s). deleted (its GUID 1826e920-3322-44f2-839d-ffe1d623b21f-00000004; still in Tally by MasterID 4: True): 1 ':resolved' line(s): [15:09:12 deleted id=a869ee41d52bc46ee012bfeeeef71433:resolved mid=4 aid= guid=1826e920-3322-44f2-839d-ffe1d623b21f-00000004 body=none guidHeld=False held='']; Day Book words in 0 line(s). Requests the bridge sent Tally after the lift: FinComCompany x1, FinComVoucherObject x3, TDSDeskCompanies x1. Bridge log: 2026-10-08 14:59:21  Recorder: held lines: 0 from FinCom, 1 asked, 1 resolved, 2 still held (3 in the list) | 2026-10-08 14:59:23  Recorder: Receipt 4 of 02-Oct-2026 (MasterID 6, line 126107c4…): taken: Tally's GUID 1826e920-3322-44f2-839d-ffe1d623b21f-00000006, AlterID 6 | 2026-10-08 14:59:23  Recorder: Receipt 4 of 20261002 in FinCom Spike Co resolved: sent as created with its GUID 1826e920-3322-44f2-839d-ffe1d623b21f-00000006 and body | 2026-10-08 14:59:23  Recorder: held lines: 0 from FinCom, 1 asked, 1 resolved, 1 still held (2 in the list) | 2026-10-08 15:09:12  Recorder: FinCom Spike Co: delete of mid 4: not in this Tally (asked by MasterID): proven deleted here | 2026-10-08 15:09:12  Recorder: Receipt 2 of 01-Nov-2026 (MasterID 4, line a869ee41…): proven in this Tally now: the delete goes as a869ee41d52bc46ee012bfeeeef71433:resolved | 2026-10-08 15:09:12  Recorder: held lines: 0 from FinCom, 1 asked, 1 resolved, 0 still held (1 in the list) | 2026-10-08 15:09:12  Recorder: FinCom Spike Co: delete of mid 4: GUID from the bridge's record: 1826e920-3322-44f2-839d-ffe1d623b21f-00000004; the GUID its MasterID makes agrees
[15:09:24] ---- s3 restart: the held delete keeps its GUID
  INFO s235 s3 stop: stub True; bridge log: '2026-10-08 15:09:26  Reading from Tally stopped on this computer from FinCom: Stopped by the owner from FinCom (harness s3). Postings still go; reading starts again only from FinCom'; tray status readStopped: {"at":"2026-10-08T15:09:24","by":"fincom","reason":"Stopped by the owner from FinCom (harness s3)"}
[shot] tds-061-gw0 (1024x768)
[15:09:27] [tds] screen tds-061-gw0 : EDU Recyc prime K: Company Y: Data Gateway.f Tally CURRENT PERIOD Firefo I-Apr-26 to 31-Mar-27 NAME OF COMPANY Find details entered in masters and transactions. Z: Exchange CURRENT OATE Sunday, I-Nov-2026 OATE OF LAST ENTRY (Alt+F) O: Import E: Export M: Share p: print FinCom Spike Co (Schedule Backup) Q Search 2-Nov-26 Googl Chro Micros 46 IypÅ Unity Gateway of Tally MASTERS Create Alter CHart of Accounts TRANSACTIONS Vouchers Day 800K UTILITIES BaNking REPORTS Balance Sheet Profit & Loss A/c Stock Summary Ratio Analysis Display More Reports DashbOard Quit 161 Fl: Help Date 48ff5 Company nt t...
[keys] '%g' -> Tally 'TallyPrime:9000'
[shot] tds-062-s3-delete-goto (1024x768)
[15:09:31] [tds] screen tds-062-s3-delete-goto : EDU Recyc prime Firefo Googl Chron Micros Unity Quit Find details entered in masters and transactions. Z: Exchange (Alt+F) O: Import K: Company Y: Data List of Reports Saved Views Bills Payable - GST E: Export M: Share p: print Fl: Help inCom Spike (Predefined) (Predefined) (Predefined) (Predefined) (Predefined) (Predefined) (Predefined) (Predefined) (Predefined) (Predefined) (Predefined) x Bills Payable - GST - Sundry Creditors Bills Payable - GST - Sundry Debtors Bills Receivable - GST Bills Receivable - GST - Sundry Creditors Bills Receivable - GST - Sundry Debtors Purchase Dashboard Sales ...
[keys] 'Day Book' -> Tally 'TallyPrime:9000'
[keys] '{ENTER}' -> Tally 'TallyPrime:9000'
[shot] tds-063-s3-delete-daybook (1024x768)
[15:09:37] [tds] screen tds-063-s3-delete-daybook : Find details entered in masters and transactions. EDU Recyc prime pay Book Day Book (Alt+F) O: Import K: Company Y: Data Particulars Z: Exchange A Add Vch Search E: Export M: Share p: print inCom Spike Vch Type For 1- Nov-26 161 Fl: Help Date 48ff5 Company F4: Voucher Firefo Googl Chro Micros 46 IypÅ Unity Date Quit Vch No. D: Delete Debit Amount Inwards Q X: Cancel Vch Credit Amount Outwards Qt U: Restore Line Type F 7: Show profit F8: Columnar FIO Basis of B: Values Change ¯ View Exception J: Reports Save View L: Apply F: — Filter • Filter = Details F 12: Configure nt to • 836a9 9UOe5 ' , "t...
[keys] '{F2}' -> Tally 'TallyPrime:9000'
[shot] tds-064-s3-delete-db-date (1024x768)
[15:09:40] [tds] screen tds-064-s3-delete-db-date : o Recyc EDU prime K: Company Y: Data Change Date Find details entered in masters and transactions. Z: Exchange FinCom Spike Co Change Date 1-11-2026 A Accept Q Search (Alt+F) O: Import x E: Export M: Share p: print Firefo Googl Chron Micros lyp Unity Quit Fl: Help 48ff5 nt to • 836a9 9UOe5 ' , "tra Hub" , +9—05 9UOe5 ' , "tra : '2.3 a9c5- isten unnin ion_i 149+3— age" , +9—05 'tally Windows Server 2025 Datacenter Build 26100.ge_release240331-1435 3:09 PM 10/8/2026
[keys] '2-11-2026{ENTER}' -> Tally 'TallyPrime:9000'
[shot] tds-065-s3-delete-db-dated (1024x768)
[15:09:45] [tds] screen tds-065-s3-delete-db-dated : EDU Recyc prime K: Company Y: Data pay Book Day Book Find details entered in masters and transactions. Z: Exchange (Alt+F) O: Import E: Export M: Share P: Print Firefo Date inCom Spike Vch Type Receipt DuÅicate Vch I Insert Vch 161 Fl: Help Date 48ff5 Company F4: Voucher 2-Nov-26 Googl Chro Micros 46 IypÅ Unity Quit Particulars Spike Income Enter: Alter Vch No. 3 Delete x: Debit Amount Inwards Q Cancel Vch For 2-Nov-26 Credit Amount Outwards Qt 400.00 U: Restore Line Type F 7: Show profit F8: Columnar FIO Basis of B: Values Change ¯ View Exception J: Reports Save View L: Apply F: — Filter • Fi...
[keys] '{HOME}' -> Tally 'TallyPrime:9000'
[shot] tds-066-s3-delete-db-first (1024x768)
[15:09:48] [tds] screen tds-066-s3-delete-db-first : EDU Recyc prime K: Company Y: Data pay Book Day Book Find details entered in masters and transactions. Z: Exchange (Alt+F) O: Import E: Export M: Share P: Print Firefo Date inCom Spike Vch Type Receipt DuÅicate Vch I Insert Vch 161 Fl: Help Date 48ff5 Company F4: Voucher 2-Nov-26 Googl Chro Micros 46 IypÅ Unity Quit Particulars Spike Income Enter: Alter Vch No. 3 Delete x: Debit Amount Inwards Q Cancel Vch For 2-Nov-26 Credit Amount Outwards Qt 400.00 U: Restore Line Type F 7: Show profit F8: Columnar FIO Basis of B: Values Change ¯ View Exception J: Reports Save View L: Apply F: — Filter • Fi...
[keys] '%d' -> Tally 'TallyPrime:9000'
[shot] tds-067-s3-delete-delete-q (1024x768)
[15:09:52] [tds] screen tds-067-s3-delete-delete-q : EDU Recyc prime Day Book K: Company Y: Data Find details entered In masters and transactions Z: Exchange FinCom Spike Co Delete o O: Import E: Export M: Share p: print x Firefo Googl Chron Micros Unity Q: Quit Yes I Z: Üug(icate Vch or No l: Insert Vch Fl:Help F2: Date F3: Company F4: Voucher Type F 7: Show profit F8: Columnar FIO B: Basis of = Values H: Change = View J: Exception = Reports L: Save View F: Apply = Filter • Filter = Details 161 48ff5 nt to • 836a9 9UOe5 ' , "tra Hub" , +9—05 9UOe5 ' , "tra a9c5- isten unnin ion_i 149+3— age" , +9—05 'tally Enter: Alter Space: Seé:t Q A:Add Vch ...
[keys] 'y' -> Tally 'TallyPrime:9000'
[s235 s3-delete] Tally: True; line after 1.1 s: [15:09:54 deleted id=44b6a37f9b0eefc5effe8d2cd7e72472 mid=5 aid= guid='' body=none guidHeld=True held='this computer's Tally could not be asked whether it was deleted here (waiting: reading from Tally is stopped from FinCom; asked again when it is resumed); not sent as a delete: held']
[shot] tds-068-gw0 (1024x768)
[15:09:55] [tds] screen tds-068-gw0 : Find details entered in masters and transactions. EDU Recyc prime pay Book Day Book (Alt+F) O: Import K: Company Y: Data Particulars Z: Exchange A Add Vch Search E: Export M: Share P: Print inCom Spike Vch Type DuÅicate Vch I Insert Vch For 2-Nov-26 Credit Amount Outwards Qt U: Restore Line 161 Fl: Help Date 48ff5 Company F4: Voucher Firefo Googl Chro Micros 46 IypÅ Unity Date Quit Vch No. Delete x: Debit Amount Inwards Q Cancel Vch Type F 7: Show profit F8: Columnar FIO Basis of B: Values Change ¯ View Exception J: Reports Save View L: Apply F: — Filter • Filter = Details F 12: Configure nt t...
[keys] '{ESC}' -> Tally 'TallyPrime:9000'
[shot] tds-069-gw1 (1024x768)
[15:09:58] [tds] screen tds-069-gw1 : EDU Recyc prime K: Company Y: Data Gateway.f Tally CURRENT PERIOD Firefo I-Apr-26 to 31-Mar-27 NAME OF COMPANY Find details entered in masters and transactions. Z: Exchange CURRENT OATE Monday, 2-Nov-2026 OATE OF LAST ENTRY (Alt+F) O: Import E: Export M: Share p: print FinCom Spike Co (Schedule Backup) Q Search 31-OctQ6 Googl Chro Micros 46 IypÅ Unity Gateway of Tally MASTERS Create Alter CHart of Accounts TRANSACTIONS Vouchers Day 800K UTILITIES BaNking REPORTS Balance Sheet Profit & Loss A/c Stock Summary Ratio Analysis Display More Reports DashbOard Quit 161 Fl: Help Date 48ff5 Company nt t...
  INFO s235 s3: restart asked ({"ok":true,"restarting":true}); worker pids 5844 -> 7536; bridge back: True version 2.3.4
  INFO s235 s3 lift: stub True; bridge log: '2026-10-08 15:10:31  Reading from Tally resumed from FinCom (it was stopped: Stopped by the owner from FinCom (harness s3))'
[s235] settled after 575 s
  bridge log: 2026-10-08 15:09:26  Reading from Tally stopped on this computer from FinCom: Stopped by the owner from FinCom (harness s3). Postings still go; reading starts again only from FinCom
  bridge log: 2026-10-08 15:09:31  Light check: skipped: reading is stopped from FinCom (Stopped by the owner from FinCom (harness s3))
  bridge log: 2026-10-08 15:09:54  Recorder: Receipt 3 of 02-Nov-2026 (MasterID 5, line 44b6a37f…): asking Tally by MasterID
  bridge log: 2026-10-08 15:09:54  Recorder: FinCom Spike Co: delete of mid 5: held: this computer's Tally could not be asked whether it was deleted here (waiting: reading from Tally is stopped from FinCom; asked again when it is resumed); not sent as a delete: held
  bridge log: 2026-10-08 15:10:02  Restarting: asked from the tray icon
  bridge log: 2026-10-08 15:10:03  FinCom Bridge 2.3.4 (Go) started on 127.0.0.1:9100: the only bridge on this computer; working for runnervmfi6oq\runneradmin, Windows session 2; runs just for this Windows user (starts at sign-in, no service)
  bridge log: 2026-10-08 15:10:03  Tally is open on port 9000; the bridge reads it only after an event (a client opened in FinCom, Update now, a posting, the nightly catch-up at 02:00)
  bridge log: 2026-10-08 15:10:03  Check:  - 
  bridge log: 2026-10-08 15:10:06  Light check of FinCom Spike Co: skipped: reading is stopped from FinCom (Stopped by the owner from FinCom (harness s3))
  bridge log: 2026-10-08 15:10:06  Trial tools switched on for this computer in FinCom: the tray shows the trial items
  bridge log: 2026-10-08 15:10:31  Reading from Tally resumed from FinCom (it was stopped: Stopped by the owner from FinCom (harness s3))
  bridge log: 2026-10-08 15:10:36  Company FinCom Spike Co: change numbers read with form a: ALTVCHID=11, ALTMSTID=211
  bridge log: 2026-10-08 15:10:36  Light check of FinCom Spike Co: unchanged starting point ALTVCHID=2; now ALTVCHID=11, ALTMSTID=211
  bridge log: 2026-10-08 15:19:54  Recorder: Receipt 3 of 02-Nov-2026 (MasterID 5, line 44b6a37f…): asking Tally again (a held line, ask 1 of 1: one request; if it stops or fails the line ends with the Day Book words)
  bridge log: 2026-10-08 15:19:54  Recorder: entry fetch of FinCom Spike Co: answered in 13 ms
  bridge log: 2026-10-08 15:19:54  Recorder: FinCom Spike Co: delete of mid 5: not in this Tally (asked by MasterID): proven deleted here
  bridge log: 2026-10-08 15:19:54  Recorder: Receipt 3 of 02-Nov-2026 (MasterID 5, line 44b6a37f…): proven in this Tally now: the delete goes as 44b6a37f9b0eefc5effe8d2cd7e72472:resolved
  bridge log: 2026-10-08 15:19:54  Recorder: held lines: 0 from FinCom, 1 asked, 1 resolved, 0 still held (1 in the list)
  bridge log: 2026-10-08 15:19:54  Recorder: FinCom Spike Co: delete of mid 5: GUID from the bridge's record: 1826e920-3322-44f2-839d-ffe1d623b21f-00000005; the GUID its MasterID makes agrees
######## FAIL System.Object[]: Tally deleted Receipt no 3 of 20261102 mid 5 AlterID 5 guid 1826e920-3322-44f2-839d-ffe1d623b21f-00000005; the held line after 1.1 s [15:09:54 deleted id=44b6a37f9b0eefc5effe8d2cd7e72472 mid=5 aid= guid='' body=none guidHeld=True held='this computer's Tally could not be asked whether it was deleted here (waiting: reading from Tally is stopped from FinCom; asked again when it is resumed); not sent as a delete: held']; held list before the restart: tries=0 freshTries=0 asked=0 allow=0 fresh=False slow=0 freshSlow=False final=False keepGuid= why='this computer's Tally could not be asked whether it was deleted here (waiting: reading from Tally is stopped from FinCom; asked again when it is resumed); not s...'; after it: tries=0 freshTries=0 asked=0 allow=0 fresh=False slow=0 freshSlow=False final=False keepGuid= why='this computer's Tally could not be asked whether it was deleted here (waiting: reading from Tally is stopped from FinCom; asked again when it is resumed); not s...'; the stop after the restart: {"at":"2026-10-08T15:09:24","by":"fincom","reason":"Stopped by the owner from FinCom (harness s3)"}; after the lift: 1 ':resolved' line(s): [15:19:54 deleted id=44b6a37f9b0eefc5effe8d2cd7e72472:resolved mid=5 aid= guid=1826e920-3322-44f2-839d-ffe1d623b21f-00000005 body=none guidHeld=False held='']; Day Book words in 0 line(s); still in Tally by MasterID: True. Bridge log: 2026-10-08 15:09:54  Recorder: FinCom Spike Co: delete of mid 5: held: this computer's Tally could not be asked whether it was deleted here (waiting: reading from Tally is stopped from FinCom; asked again when it is resumed); not sent as a delete: held | 2026-10-08 15:10:02  Restarting: asked from the tray icon | 2026-10-08 15:10:06  Light check of FinCom Spike Co: skipped: reading is stopped from FinCom (Stopped by the owner from FinCom (harness s3)) | 2026-10-08 15:10:31  Reading from Tally resumed from FinCom (it was stopped: Stopped by the owner from FinCom (harness s3)) | 2026-10-08 15:19:54  Recorder: FinCom Spike Co: delete of mid 5: not in this Tally (asked by MasterID): proven deleted here | 2026-10-08 15:19:54  Recorder: Receipt 3 of 02-Nov-2026 (MasterID 5, line 44b6a37f…): proven in this Tally now: the delete goes as 44b6a37f9b0eefc5effe8d2cd7e72472:resolved | 2026-10-08 15:19:54  Recorder: held lines: 0 from FinCom, 1 asked, 1 resolved, 0 still held (1 in the list) | 2026-10-08 15:19:54  Recorder: FinCom Spike Co: delete of mid 5: GUID from the bridge's record: 1826e920-3322-44f2-839d-ffe1d623b21f-00000005; the GUID its MasterID makes agrees
[15:20:07] ---- s4 a real failure still counts
[shot] tds-070-gw0 (1024x768)
[15:20:07] [tds] screen tds-070-gw0 : EDU Recyc prime K: Company Y: Data Gateway.f Tally CURRENT PERIOD Firefo I-Apr-26 to 31-Mar-27 NAME OF COMPANY Find details entered in masters and transactions. Z: Exchange CURRENT OATE Monday, 2-Nov-2026 OATE OF LAST ENTRY (Alt+F) O: Import E: Export M: Share p: print FinCom Spike Co (Schedule Backup) Q Search 31-OctQ6 Googl Chro Micros 46 IypÅ Unity Gateway of Tally MASTERS Create Alter CHart of Accounts TRANSACTIONS Vouchers Day 800K UTILITIES BaNking REPORTS Balance Sheet Profit & Loss A/c Stock Summary Ratio Analysis Display More Reports DashbOard Quit 161 Fl: Help Date 48ff5 Company nt t...
[keys] 'v' -> Tally 'TallyPrime:9000'
[shot] tds-071-s4-create-vouchers (1024x768)
[15:20:11] [tds] screen tds-071-s4-create-vouchers : EDU Recyc prime K: Company Y: Data •ccounting Voucher Creati Recei t Firefo Account Cument balance: Particulars Googl Chro Micros 46 IypÅ Narration: Unity Quit Find details entered in masters and transactions. Z: Exchange inCom Spike Co (Alt+F) O: Import E: Export M: Share p: print 2-Nov-26 Monday Amount 161 Fl: Help Date 48ff5 Company Contra F5: payment F6: Receipt Journal nt to • 836a9 9UOe5 ' , "tra Hub" , Purchase +9—05 FIO: E: Autofill Change Mode More Details L: O: Related = Reports Optional post -Dated J: Stat ¯ Adjustment Unused ¯ Vch No. 9UOe5 • ' , "tra a9c5- isten unnin ion_i 149+3—...
[keys] '{F6}' -> Tally 'TallyPrime:9000'
[shot] tds-072-s4-create-receipt (1024x768)
[15:20:15] [tds] screen tds-072-s4-create-receipt : EDU Recyc prime K: Company Y: Data •ccounting Voucher Creati Recei t Firefo Account Cument balance: Particulars Googl Chro Micros 46 IypÅ Narration: Unity Quit Find details entered in masters and transactions. Z: Exchange inCom Spike Co (Alt+F) O: Import E: Export M: Share p: print 2-Nov-26 Monday Amount 161 Fl: Help Date 48ff5 Company Contra F5: payment F6: Receipt Journal nt to • 836a9 9UOe5 ' , "tra Hub" , Purchase +9—05 FIO: E: Autofill Change Mode More Details L: O: Related = Reports Optional post -Dated J: Stat ¯ Adjustment Unused ¯ Vch No. 9UOe5 • ' , "tra a9c5- isten unnin ion_i 149+3—...
[keys] '{F2}' -> Tally 'TallyPrime:9000'
[shot] tds-073-s4-create-datebox (1024x768)
[15:20:18] [tds] screen tds-073-s4-create-datebox : o Recyc EDU prime K: Company Y: Data Change Voucher Date Find details entered in masters and transactions. Z: Exchange FinCom Spike Co Voucher Date 3-11-2026 A Accept Q Search (Alt+F) O: Import x E: Export M: Share p: print Firefo Googl Chron Micros lyp Unity Quit Fl: Help 48ff5 nt to • 836a9 9UOe5 ' , "tra Hub" , +9—05 9UOe5 ' , "tra : '2.3 a9c5- isten unnin ion_i 149+3— age" , +9—05 'tally Windows Server 2025 Datacenter Build 26100.ge_release240331-1435 3:20 PM 10/8/2026
[keys] '1-12-2026{ENTER}' -> Tally 'TallyPrime:9000'
[shot] tds-074-s4-create-dated (1024x768)
[15:20:22] [tds] screen tds-074-s4-create-dated : EDU Recyc prime K: Company Y: Data •ccounting Voucher Creati Recei t Firefo Account Cument balance: Particulars Googl Chro Micros 46 IypÅ Narration: Unity Quit Find details entered in masters and transactions. Z: Exchange inCom Spike Co (Alt+F) O: Import E: Export M: Share p: print I-DecQ6 Tuesday Amount 161 Fl: Help Date 48ff5 Company Contra F5: payment F6: Receipt Journal nt to • 836a9 9UOe5 ' , "tra Hub" , Purchase +9—05 FIO: E: Autofill Change Mode More Details L: O: Related = Reports Optional post -Dated J: Stat ¯ Adjustment Unused ¯ Vch No. 9UOe5 • ' , "tra a9c5- isten unnin ion_i 149+3—...
[keys] 'Cash{ENTER}' -> Tally 'TallyPrime:9000'
[shot] tds-075-s4-create-account (1024x768)
[15:20:25] [tds] screen tds-075-s4-create-account : EDU Recyc prime K: Company Y: Data •ccounting Voucher Creati Recei t Firefo Account Cash Cument balance: 1,310.00 Dr Particulars Chro Micros 46 IypÅ Narration: Unity Quit Find details entered in masters and transactions. Z: Exchange inCom Spike Co (Alt+F) O: Import E: Export M: Share p: print I-DecQ6 Tuesday Amount 161 Fl: Help Date 48ff5 Company Contra F5: payment F6: Receipt Journal nt to • 836a9 9UOe5 ' , "tra Hub" , Purchase +9—05 FIO: E: Autofill Change Mode More Details L: O: Related = Reports Optional post -Dated J: Stat ¯ Adjustment Unused ¯ Vch No. 9UOe5 • ' , "tra a9c5- isten unnin i...
[keys] 'Spike Income{ENTER}' -> Tally 'TallyPrime:9000'
[shot] tds-076-s4-create-particular (1024x768)
[15:20:29] [tds] screen tds-076-s4-create-particular : EDU Recyc prime K: Company Y: Data •ccounting Voucher Creati Recei t Firefo Account Cash Cument balance: 1,310.00 Dr Particulars Spike Income Goog Find details entered in masters and transactions. Z: Exchange inCom Spike Co (Alt+F) O: Import E: Export M: Share p: print I-DecQ6 Tuesday Amount 161 Fl: Help Date 48ff5 Company Contra F5: payment F6: Receipt Journal nt to • 836a9 9UOe5 ' , "tra Hub" , Chro Micros 46 IypÅ CurBal: 1,310.00 Cr Purchase +9—05 FIO: E: Autofill Change Mode More Details L: Narration: Unity Quit O: Related = Reports Optional post -Dated J: Stat ¯ Adjustment Unused ¯ Vch No...
[keys] '600{ENTER}' -> Tally 'TallyPrime:9000'
[shot] tds-077-s4-create-amount (1024x768)
[15:20:33] [tds] screen tds-077-s4-create-amount : EDU Recyc prime K: Company Y: Data •ccounting Voucher Creati Recei t Firefo Account Cash Cument balance: 1,910.00 Dr Particulars Spike Income Goog Find details entered in masters and transactions. Z: Exchange inCom Spike Co (Alt+F) O: Import E: Export M: Share p: print I-DecQ6 Tuesday Amount 600.00 600.00 161 Fl: Help Date 48ff5 Company Contra F5: payment F6: Receipt Journal nt to • 836a9 9UOe5 ' , "tra Hub" , Chro Micros 46 IypÅ CurBa1: 1,910.00 Cr Purchase +9—05 FIO: E: Autofill Change Mode More Details L: Narration: Unity Quit O: Related = Reports Optional post -Dated J: Stat ¯ Adjustment U...
[keys] '^a' -> Tally 'TallyPrime:9000'
resume Tally (pid 6980): 0
[shot] tds-078-gw0 (1024x768)
[15:21:04] [tds] screen tds-078-gw0 : EDU Recyc prime K: Company Y: Data •ccounting Voucher Creati Recei t Firefo Account Cument balance: Particulars Googl Chro Micros 46 IypÅ Narration: Unity Quit Find details entered in masters and transactions. Z: Exchange inCom Spike Co (Alt+F) O: Import E: Export M: Share p: print I-DecQ6 Tuesday Amount 161 Fl: Help Date 48ff5 Company Contra F5: payment F6: Receipt Journal nt to • 836a9 9UOe5 ' , "tra Hub" , Purchase +9—05 FIO: E: Autofill Change Mode More Details L: O: Related = Reports Optional post -Dated J: Stat ¯ Adjustment Unused ¯ Vch No. 9UOe5 • ' , "tra a9c5- isten unnin ion_i 149+3—...
[keys] '{ESC}' -> Tally 'TallyPrime:9000'
[shot] tds-079-gw1 (1024x768)
[15:21:08] [tds] screen tds-079-gw1 : Find details entered In masters and transactions EDU Recyc prime K: Company Y: Data •ccounting Voucher Creati Recei t Firefo Account Cument balance: Particulars Googl Chro Micros 46 IypÅ Narration: Unity Q: Quit Z: Exchange A: Accept Search O: Import E: Export M: Share inCom Spike Co p: print I-DecQ6 Tuesday Amount Quit o Yes or No D: Delete X: Cancel Vch 161 Fl: Help F2: Date 48ff5 F3: Company nt to F4: Contra • 836a9 F5: Payment F6: Receipt 9UOe5 ' , "tra F7: Journal F8: Sales Hub" , F9: Purchase +9—05 Flo: 9UOe5 E: Autofill • ' , "tra H: Change = Mode l: More a9c5- = Details O: Related iste...
[keys] 'y' -> Tally 'TallyPrime:9000'
[shot] tds-080-gw2 (1024x768)
[15:21:11] [tds] screen tds-080-gw2 : EDU Recyc prime K: Company Y: Data Gateway.f Tally CURRENT PERIOD Firefo I-Apr-26 to 31-Mar-27 NAME OF COMPANY Find details entered in masters and transactions. Z: Exchange CURRENT OATE Tuesday, I-Dec-2026 OATE OF LAST ENTRY (Alt+F) O: Import E: Export M: Share p: print FinCom Spike Co (Schedule Backup) Q Search I-DecQ6 Googl Chro Micros 46 IypÅ Unity Gateway of Tally MASTERS Create Alter CHart of Accounts TRANSACTIONS Vouchers Day 800K UTILITIES BaNking REPORTS Balance Sheet Profit & Loss A/c Stock Summary Ratio Analysis Display More Reports DashbOard Quit 161 Fl: Help Date 48ff5 Company nt t...
  bridge log: 2026-10-08 15:20:35  Recorder: Receipt 5 of 01-Dec-2026 (MasterID 9, line a62ea138…): asking Tally by MasterID
  bridge log: 2026-10-08 15:20:37  Tally 9000: Other took 2.2s and failed: Tally took longer than the recorder's limit; the bridge stopped waiting (2 s)
  bridge log: 2026-10-08 15:20:37  Tally 9000 did not answer in time at 15:20:37 (FinComVoucherObject, try 1); trying again by itself at 15:20:52
  bridge log: 2026-10-08 15:20:37  Recorder: entry fetch of FinCom Spike Co: over 2 s (stopped)
  bridge log: 2026-10-08 15:20:37  Recorder: Receipt 5 of 01-Dec-2026 (MasterID 9, line a62ea138…): held: Tally took longer than 2 s for this entry; upload that day's Day Book to settle it (sent without its body and GUID; FinCom holds the line until it is resolved)
  bridge log: 2026-10-08 15:20:37  Light check of FinCom Spike Co: skipped: Tally did not answer (Tally did not answer in time at 15:20; trying again by itself at 15:20 (nothing was sent))
  bridge log: 2026-10-08 15:20:52  Light check of FinCom Spike Co: skipped: Tally did not answer (Tally did not answer in time; waiting for Tally to finish an earlier request (FinComVoucherObject, sent at 15:20:37); nothing was sent)
  bridge log: 2026-10-08 15:20:55  Tally 9000 finished the request the bridge stopped waiting for (FinComVoucherObject) 18s after the stop; its answer is discarded and the next request goes now
  bridge log: 2026-10-08 15:20:58  Tally 9000 answered in time again (FinComCompany): the background requests are back to normal
######## PASS s4 a real failure still counts: Tally made Receipt no 5 of 20261201 mid 9 AlterID 12 guid 1826e920-3322-44f2-839d-ffe1d623b21f-00000009; the proxy: suspend FinComVoucherObject pid 6980 status 0 at 1791472835234, resume FinComVoucherObject pid 6980 status 0 at 1791472855235; the suspended request: FinComVoucherObject mid 9 20010 ms status 200 err ''; voucher requests for mid 9: FinComVoucherObject at 1791472835232 20010 ms. The line [15:20:37 created id=a62ea138b2c2793db0660e1781fbd8f7 mid=9 aid= guid='' body=none guidHeld=False held='Tally took longer than 2 s for this entry; upload that day's Day Book to settle it']; its ':resolved' line(s): none; ended with the Day Book words: True; held list: (not in the held list); one more ask that settled it: False; held with the stop's words (wrong): False. Bridge log: 2026-10-08 15:20:35  Recorder: Receipt 5 of 01-Dec-2026 (MasterID 9, line a62ea138…): asking Tally by MasterID | 2026-10-08 15:20:37  Tally 9000: Other took 2.2s and failed: Tally took longer than the recorder's limit; the bridge stopped waiting (2 s) | 2026-10-08 15:20:37  Recorder: entry fetch of FinCom Spike Co: over 2 s (stopped) | 2026-10-08 15:20:37  Recorder: Receipt 5 of 01-Dec-2026 (MasterID 9, line a62ea138…): held: Tally took longer than 2 s for this entry; upload that day's Day Book to settle it (sent without its body and GUID; FinCom holds the line until it is resolved)
[15:21:11] ---- s5 Tally not open: one notification a day
  INFO s235 s5: tray icon process(es): pid 1064 "C:\Users\runneradmin\AppData\Local\FinCom Bridge\FinComBridge.exe" tray --quiet --config "C:\Users\runneradmin\AppData\Local\TDS Desk Bridge\tds-bridge.config.json"
  INFO s235 s5: before: 'Notification shown: Tally not open' lines 0; tray status tallyOpen True, paused False, readStopped null; clock Thu 15:21
resume Tally (pid 6980): 0
[shot] v-s235-s5-toast (1024x768)
  bridge log: 2026-10-08 15:24:17  Notification shown: Tally not open (tally:71c60cddd415f4bf; not shown again for this problem)
resume Tally (pid 6980): -1073741558
[keys] 'a' -> Tally 'TallyPrime:9000'
[keys] 't' -> Tally 'TallyPrime:9000'
[shot] v-s235-s5-reopen-started (1024x768)
[15:25:03] proxy 127.0.0.2:9000 -> Tally: True (HTTP 200, pid 868)
[15:25:03] Tally started again (s5-reopen): pid 3512, port up True, proxy True
resume Tally (pid 3512): 0
[shot] v-s235-s5-end (1024x768)
######## PASS s5 Tally not open: one notification a day: 1st close: the bridge saw Tally closed after 10 s; the notification after 190 s; notifications-cleared.json: {"tally:71c60cddd415f4bf":{"kind":"tally","shown":"2026-10-08T15:24:17Z","dismissed":"2026-10-08T15:24:17Z","how":"closed"}}. Reopened (Tally up True, the bridge saw it open True), closed again 270 s: 'Notification shown: Tally not open' lines in all since the start of s5: 1; the file's tally entries: 1 ({"tally:71c60cddd415f4bf":{"kind":"tally","shown":"2026-10-08T15:24:17Z","dismissed":"2026-10-08T15:24:17Z","how":"closed"}}). Log: 2026-10-08 15:24:17  Notification shown: Tally not open (tally:71c60cddd415f4bf; not shown again for this problem)
######## HARNESS s3 restart: the held delete keeps its GUID: not run: the harness stopped before it
  INFO s235 end: ':resolved' ids sent more than once over the whole run: none; fresh Tallys started by the harness: 0
== results
INFO TallyPrime 7.1, mode s235, runner GitHub Actions 1000005561, 2026-10-08T14:53:51
INFO installed: C:\Program Files\TallyPrime\tally.exe; tally.exe 18405568 bytes, 2026-10-08, FileVersion 1.1.7.1, ProductVersion 1.1.7.1, ProductName TallyPrime
INFO company folder made by flow.ps1: D:\a\_temp\TallyData\100000
INFO Tally's own release in its answer header: PRODMAJORREL 7 PRODMINORREL 1 (PRODMAJORVER 1 PRODMINORVER 1 PRODTYPE 5)
PASS c1 install and open the company: installed tally.exe 18405568 bytes, 2026-10-08, FileVersion 1.1.7.1, ProductVersion 1.1.7.1, ProductName TallyPrime; company folder 100000 loaded at start: True; window 'TallyPrime:9000'
PASS c2 port and company list: port 9000 answered 11.1 s after start, GET 1024 ms ('<RESPONSE>TallyPrime Server is Running</RESPONSE>'); company list 9 ms, 'FinCom Spike Co' in it: True
INFO setup origin: BUILT from source dist/FinComBridge-Setup-2.3.4.exe SHA-256 a9cb9f4a59cfff541e2264fe804869e38992f27f3f263968841598b013bec0da; bridge source: 04a93db6707b2e62761b5cc23fc55e5137322341 2.3.5 notifications, Windows test: the closed-with-X check reads the second gate's store (it read the first's; Windows job run 37778739902: clicked passed, closed read an empty record)
INFO s235: the runner's clock Thu 14:54 (UTC): office hours (9-19) by the bridge's own setting
INFO bridge on 127.0.0.1:9100, version 2.3.4, allowImport True, readOnly '', testMode False
INFO add-on: recorder files after start: none
INFO s235: bridge processes: pid 9796: "C:\Users\runneradmin\AppData\Local\FinCom Bridge\FinComBridge.exe" user --config "C:\Users\runneradmin\AppData\Local\TDS Desk Bridge\tds-bridge.config.json" | pid 5844: "C:\Users\runneradmin\AppData\Local\FinCom Bridge\FinComBridge.exe" worker --config "C:\Users\runneradmin\AppData\Local\TDS Desk Bridge\tds-bridge.config.json" --home "C:\Users\runneradmin\AppData\Local\TDS Desk Bridge" --parent 9796 | pid 1064: "C:\Users\runneradmin\AppData\Local\FinCom Bridge\FinComBridge.exe" tray --quiet --config "C:\Users\runneradmin\AppData\Local\TDS Desk Bridge\tds-bridge.config.json"
INFO s235: proxy beside Tally: True; bridge config TallyHost '127.0.0.2', CloudBeatSec '5', KeepOfficeFrom '', KeepOfficeTo ''
INFO s235: the bridge's starting point recorded: True
INFO s235 prep A (31-10-2026): Tally Receipt no 1 of 20261031 mid 3 AlterID 3 guid 1826e920-3322-44f2-839d-ffe1d623b21f-00000003; line after 1.2 s [14:56:02 created id=d4071afbc7f437e7cbd1d2109a64b309 mid=3 aid=3 guid=1826e920-3322-44f2-839d-ffe1d623b21f-00000003 body=yes(876 chars) guidHeld=False held='']
INFO s235 prep D1 (1-11-2026): Tally Receipt no 2 of 20261101 mid 4 AlterID 4 guid 1826e920-3322-44f2-839d-ffe1d623b21f-00000004; line after 1.2 s [14:56:37 created id=539ce499b346820f30bdd90f86c484e1 mid=4 aid=4 guid=1826e920-3322-44f2-839d-ffe1d623b21f-00000004 body=yes(876 chars) guidHeld=False held='']
INFO s235 prep D2 (2-11-2026): Tally Receipt no 3 of 20261102 mid 5 AlterID 5 guid 1826e920-3322-44f2-839d-ffe1d623b21f-00000005; line after 1 s [14:57:12 created id=20c4fab73d55a8ee77223dbd6b78b229 mid=5 aid=5 guid=1826e920-3322-44f2-839d-ffe1d623b21f-00000005 body=yes(876 chars) guidHeld=False held='']
INFO s235 s1 stop: stub True; bridge log: '2026-10-08 14:57:25  Reading from Tally stopped on this computer from FinCom: Stopped by the owner from FinCom (harness s1). Postings still go; reading starts again only from FinCom'; tray status readStopped: {"at":"2026-10-08T14:57:20","by":"fincom","reason":"Stopped by the owner from FinCom (harness s1)"}
INFO s235: the bridge's held list: C:\Users\runneradmin\AppData\Local\TDS Desk Bridge\sync\recorder-held.json
PASS s1 stop: three lines held, nothing asked: Tally: created Receipt no 4 of 20261002 mid 6 AlterID 6 guid 1826e920-3322-44f2-839d-ffe1d623b21f-00000006; altered mid 3 AlterID 3 -> 7; deleted Receipt no 2 of 20261101 mid 4 AlterID 4 guid 1826e920-3322-44f2-839d-ffe1d623b21f-00000004. Stub lines (seconds from each save, 10 s at most): created 0.7 s [14:57:53 created id=126107c4290f4f3df69bfabc243f62cc mid=6 aid= guid='' body=none guidHeld=False held='waiting: reading from Tally is stopped from FinCom; asked again when it is resumed']; altered 0.5 s [14:58:41 altered id=7687294cf92dafc382b5de73381c1119 mid=3 aid= guid='' body=none guidHeld=False held='waiting: reading from Tally is stopped from FinCom; asked again when it is resumed']; deleted 0.6 s [14:59:12 deleted id=a869ee41d52bc46ee012bfeeeef71433 mid=4 aid= guid='' body=none guidHeld=True held='this computer's Tally could not be asked whether it was deleted here (waiting: reading from Tally is stopped from FinCom; asked again when it is resumed); not sent as a delete: held']. Held with the stop's words, no body: True; the delete held for its proof with no GUID: True. Voucher requests that reached Tally during the stop (proxy): none; every request the bridge sent Tally then: TDSDeskCompanies x3. Held list (no try counted: True; the delete's keepGuid is its GUID: False): created tries=0 freshTries=0 asked=0 allow=2 fresh=True slow=0 freshSlow=False final=False keepGuid= why='waiting: reading from Tally is stopped from FinCom; asked again when it is resumed'; altered tries=0 freshTries=0 asked=0 allow=2 fresh=True slow=0 freshSlow=False final=False keepGuid= why='waiting: reading from Tally is stopped from FinCom; asked again when it is resumed'; deleted tries=0 freshTries=0 asked=0 allow=0 fresh=False slow=0 freshSlow=False final=False keepGuid= why='this computer's Tally could not be asked whether it was deleted here (waiting: reading from Tally is stopped from FinCom; asked again when it is resumed); not s...'. Bridge log: 2026-10-08 14:57:25  Reading from Tally stopped on this computer from FinCom: Stopped by the owner from FinCom (harness s1). Postings still go; reading starts again only from FinCom | 2026-10-08 14:57:30  Light check: skipped: reading is stopped from FinCom (Stopped by the owner from FinCom (harness s1)) | 2026-10-08 14:57:53  Recorder: Receipt 4 of 02-Oct-2026 (MasterID 6, line 126107c4…): held at once: waiting: reading from Tally is stopped from FinCom; asked again when it is resumed (sent now without its body; FinCom shows it held, and this bridge asks Tally ... | 2026-10-08 14:57:53  Recorder: Receipt 4 of 02-Oct-2026 (MasterID 6, line 126107c4…): not asked this time: Reading from Tally is stopped on this computer from FinCom (Stopped by the owner from FinCom (harness s1), 2026-10-08 14:57:20); nothing was sent to Tall... | 2026-10-08 14:58:41  Recorder: Receipt 1 of 31-Oct-2026 (MasterID 3, line 7687294c…): held at once: waiting: reading from Tally is stopped from FinCom; asked again when it is resumed (sent now without its body; FinCom shows it held, and this bridge asks Tally ... | 2026-10-08 14:58:41  Recorder: Receipt 1 of 31-Oct-2026 (MasterID 3, line 7687294c…): not asked this time: Reading from Tally is stopped on this computer from FinCom (Stopped by the owner from FinCom (harness s1), 2026-10-08 14:57:20); nothing was sent to Tall... | 2026-10-08 14:59:12  Recorder: FinCom Spike Co: delete of mid 4: held: this computer's Tally could not be asked whether it was deleted here (waiting: reading from Tally is stopped from FinCom; asked again when it is resumed); not sent as a delete: held
INFO s235 s2 lift: stub True; bridge log: '2026-10-08 14:59:20  Reading from Tally resumed from FinCom (it was stopped: Stopped by the owner from FinCom (harness s1))'
FAIL s2 lift: bodies and the delete with its GUID: created (Tally guid 1826e920-3322-44f2-839d-ffe1d623b21f-00000006): 1 ':resolved' line(s): [14:59:23 created id=126107c4290f4f3df69bfabc243f62cc:resolved mid=6 aid=6 guid=1826e920-3322-44f2-839d-ffe1d623b21f-00000006 body=yes(876 chars) guidHeld=False held='']; Day Book words in 0 line(s). altered (Tally guid 1826e920-3322-44f2-839d-ffe1d623b21f-00000003, AlterID 7; the line's AlterID is Tally's: True): 1 ':resolved' line(s): [14:59:21 altered id=7687294cf92dafc382b5de73381c1119:resolved mid=3 aid=7 guid=1826e920-3322-44f2-839d-ffe1d623b21f-00000003 body=yes(876 chars) guidHeld=False held='']; Day Book words in 0 line(s). deleted (its GUID 1826e920-3322-44f2-839d-ffe1d623b21f-00000004; still in Tally by MasterID 4: True): 1 ':resolved' line(s): [15:09:12 deleted id=a869ee41d52bc46ee012bfeeeef71433:resolved mid=4 aid= guid=1826e920-3322-44f2-839d-ffe1d623b21f-00000004 body=none guidHeld=False held='']; Day Book words in 0 line(s). Requests the bridge sent Tally after the lift: FinComCompany x1, FinComVoucherObject x3, TDSDeskCompanies x1. Bridge log: 2026-10-08 14:59:21  Recorder: held lines: 0 from FinCom, 1 asked, 1 resolved, 2 still held (3 in the list) | 2026-10-08 14:59:23  Recorder: Receipt 4 of 02-Oct-2026 (MasterID 6, line 126107c4…): taken: Tally's GUID 1826e920-3322-44f2-839d-ffe1d623b21f-00000006, AlterID 6 | 2026-10-08 14:59:23  Recorder: Receipt 4 of 20261002 in FinCom Spike Co resolved: sent as created with its GUID 1826e920-3322-44f2-839d-ffe1d623b21f-00000006 and body | 2026-10-08 14:59:23  Recorder: held lines: 0 from FinCom, 1 asked, 1 resolved, 1 still held (2 in the list) | 2026-10-08 15:09:12  Recorder: FinCom Spike Co: delete of mid 4: not in this Tally (asked by MasterID): proven deleted here | 2026-10-08 15:09:12  Recorder: Receipt 2 of 01-Nov-2026 (MasterID 4, line a869ee41…): proven in this Tally now: the delete goes as a869ee41d52bc46ee012bfeeeef71433:resolved | 2026-10-08 15:09:12  Recorder: held lines: 0 from FinCom, 1 asked, 1 resolved, 0 still held (1 in the list) | 2026-10-08 15:09:12  Recorder: FinCom Spike Co: delete of mid 4: GUID from the bridge's record: 1826e920-3322-44f2-839d-ffe1d623b21f-00000004; the GUID its MasterID makes agrees
INFO s235 s3 stop: stub True; bridge log: '2026-10-08 15:09:26  Reading from Tally stopped on this computer from FinCom: Stopped by the owner from FinCom (harness s3). Postings still go; reading starts again only from FinCom'; tray status readStopped: {"at":"2026-10-08T15:09:24","by":"fincom","reason":"Stopped by the owner from FinCom (harness s3)"}
INFO s235 s3: restart asked ({"ok":true,"restarting":true}); worker pids 5844 -> 7536; bridge back: True version 2.3.4
INFO s235 s3 lift: stub True; bridge log: '2026-10-08 15:10:31  Reading from Tally resumed from FinCom (it was stopped: Stopped by the owner from FinCom (harness s3))'
FAIL System.Object[]: Tally deleted Receipt no 3 of 20261102 mid 5 AlterID 5 guid 1826e920-3322-44f2-839d-ffe1d623b21f-00000005; the held line after 1.1 s [15:09:54 deleted id=44b6a37f9b0eefc5effe8d2cd7e72472 mid=5 aid= guid='' body=none guidHeld=True held='this computer's Tally could not be asked whether it was deleted here (waiting: reading from Tally is stopped from FinCom; asked again when it is resumed); not sent as a delete: held']; held list before the restart: tries=0 freshTries=0 asked=0 allow=0 fresh=False slow=0 freshSlow=False final=False keepGuid= why='this computer's Tally could not be asked whether it was deleted here (waiting: reading from Tally is stopped from FinCom; asked again when it is resumed); not s...'; after it: tries=0 freshTries=0 asked=0 allow=0 fresh=False slow=0 freshSlow=False final=False keepGuid= why='this computer's Tally could not be asked whether it was deleted here (waiting: reading from Tally is stopped from FinCom; asked again when it is resumed); not s...'; the stop after the restart: {"at":"2026-10-08T15:09:24","by":"fincom","reason":"Stopped by the owner from FinCom (harness s3)"}; after the lift: 1 ':resolved' line(s): [15:19:54 deleted id=44b6a37f9b0eefc5effe8d2cd7e72472:resolved mid=5 aid= guid=1826e920-3322-44f2-839d-ffe1d623b21f-00000005 body=none guidHeld=False held='']; Day Book words in 0 line(s); still in Tally by MasterID: True. Bridge log: 2026-10-08 15:09:54  Recorder: FinCom Spike Co: delete of mid 5: held: this computer's Tally could not be asked whether it was deleted here (waiting: reading from Tally is stopped from FinCom; asked again when it is resumed); not sent as a delete: held | 2026-10-08 15:10:02  Restarting: asked from the tray icon | 2026-10-08 15:10:06  Light check of FinCom Spike Co: skipped: reading is stopped from FinCom (Stopped by the owner from FinCom (harness s3)) | 2026-10-08 15:10:31  Reading from Tally resumed from FinCom (it was stopped: Stopped by the owner from FinCom (harness s3)) | 2026-10-08 15:19:54  Recorder: FinCom Spike Co: delete of mid 5: not in this Tally (asked by MasterID): proven deleted here | 2026-10-08 15:19:54  Recorder: Receipt 3 of 02-Nov-2026 (MasterID 5, line 44b6a37f…): proven in this Tally now: the delete goes as 44b6a37f9b0eefc5effe8d2cd7e72472:resolved | 2026-10-08 15:19:54  Recorder: held lines: 0 from FinCom, 1 asked, 1 resolved, 0 still held (1 in the list) | 2026-10-08 15:19:54  Recorder: FinCom Spike Co: delete of mid 5: GUID from the bridge's record: 1826e920-3322-44f2-839d-ffe1d623b21f-00000005; the GUID its MasterID makes agrees
PASS s4 a real failure still counts: Tally made Receipt no 5 of 20261201 mid 9 AlterID 12 guid 1826e920-3322-44f2-839d-ffe1d623b21f-00000009; the proxy: suspend FinComVoucherObject pid 6980 status 0 at 1791472835234, resume FinComVoucherObject pid 6980 status 0 at 1791472855235; the suspended request: FinComVoucherObject mid 9 20010 ms status 200 err ''; voucher requests for mid 9: FinComVoucherObject at 1791472835232 20010 ms. The line [15:20:37 created id=a62ea138b2c2793db0660e1781fbd8f7 mid=9 aid= guid='' body=none guidHeld=False held='Tally took longer than 2 s for this entry; upload that day's Day Book to settle it']; its ':resolved' line(s): none; ended with the Day Book words: True; held list: (not in the held list); one more ask that settled it: False; held with the stop's words (wrong): False. Bridge log: 2026-10-08 15:20:35  Recorder: Receipt 5 of 01-Dec-2026 (MasterID 9, line a62ea138…): asking Tally by MasterID | 2026-10-08 15:20:37  Tally 9000: Other took 2.2s and failed: Tally took longer than the recorder's limit; the bridge stopped waiting (2 s) | 2026-10-08 15:20:37  Recorder: entry fetch of FinCom Spike Co: over 2 s (stopped) | 2026-10-08 15:20:37  Recorder: Receipt 5 of 01-Dec-2026 (MasterID 9, line a62ea138…): held: Tally took longer than 2 s for this entry; upload that day's Day Book to settle it (sent without its body and GUID; FinCom holds the line until it is resolved)
INFO s235 s5: tray icon process(es): pid 1064 "C:\Users\runneradmin\AppData\Local\FinCom Bridge\FinComBridge.exe" tray --quiet --config "C:\Users\runneradmin\AppData\Local\TDS Desk Bridge\tds-bridge.config.json"
INFO s235 s5: before: 'Notification shown: Tally not open' lines 0; tray status tallyOpen True, paused False, readStopped null; clock Thu 15:21
PASS s5 Tally not open: one notification a day: 1st close: the bridge saw Tally closed after 10 s; the notification after 190 s; notifications-cleared.json: {"tally:71c60cddd415f4bf":{"kind":"tally","shown":"2026-10-08T15:24:17Z","dismissed":"2026-10-08T15:24:17Z","how":"closed"}}. Reopened (Tally up True, the bridge saw it open True), closed again 270 s: 'Notification shown: Tally not open' lines in all since the start of s5: 1; the file's tally entries: 1 ({"tally:71c60cddd415f4bf":{"kind":"tally","shown":"2026-10-08T15:24:17Z","dismissed":"2026-10-08T15:24:17Z","how":"closed"}}). Log: 2026-10-08 15:24:17  Notification shown: Tally not open (tally:71c60cddd415f4bf; not shown again for this problem)
HARNESS s3 restart: the held delete keeps its GUID: not run: the harness stopped before it
INFO s235 end: ':resolved' ids sent more than once over the whole run: none; fresh Tallys started by the harness: 0
