[18:30:50] ---- c1 install and open the company (TallyPrime 6.2)
  INFO installed: C:\Program Files\TallyPrime\tally.exe; tally.exe 17026752 bytes, 2026-10-08, FileVersion 1.1.6.2, ProductVersion 1.1.6.2, ProductName TallyPrime
  INFO company folder made by flow.ps1: D:\a\_temp\TallyData\100000
[keys] 'a' -> Tally 'TallyPrime:9000'
[keys] 't' -> Tally 'TallyPrime:9000'
[shot] v-00-started (1024x768)
[companies] 8 ms: <ENVELOPE><HEADER><VERSION>1</VERSION><STATUS>1</STATUS></HEADER><BODY><DESC><CMPINFO><COMPANY>0</COMPANY><GROUP>0</GROUP><LEDGER>0</LEDGER><COSTCATEGORY>0</COSTCATEGORY><COSTCENTRE>0</COSTCENTRE><GODOWN>0</GODOWN><STOCKGROUP>0</STOCKGROUP><STOCKCATEGORY>0</STOCKCATEGORY><STOCKITEM>0</STOCKITEM><VOUCHERTYPE>0</VOUCHERTYPE><CURRENCY>0</CURRENCY><UNIT>0</UNIT><BUDGET>0</BUDGET><CLIENTRULE>0</CLIENTRULE><SERVERRULE>0</SERVERRULE><STATE>0</STATE><TDSRATE>0</TDSRATE><TAXCLASSIFICATION>0</TAXCLASSIFICATION><STCATEGORY>0</STCATEGORY><DEDUCTEETYPE>0</DEDUCTEETYPE><ATTENDANCETYPE>0</ATTENDANCETYPE><FBT...
[header] 8 ms: <ENVELOPE><HEADER><VERSION>1</VERSION><STATUS>1</STATUS><PRODMAJORVER>1</PRODMAJORVER><PRODMINORVER>1</PRODMINORVER><PRODMAJORREL>6</PRODMAJORREL><PRODMINORREL>2</PRODMINORREL><PRODTYPE>5</PRODTYPE></HEADER><BODY><DESC><CMPINFO><COMPANY>0</COMPANY><GROUP>0</GROUP><LEDGER>0</LEDGER><COSTCATEGORY>0</COSTCATEGORY><COSTCENTRE>0</COSTCENTRE><GODOWN>0</GODOWN><STOCKGROUP>0</STOCKGROUP><STOCKCATEGORY>0</STOCKCATEGORY><STOCKITEM>0</STOCKITEM><VOUCHERTYPE>0</VOUCHERTYPE><CURRENCY>0</CURRENCY><UNIT>0</UNIT><BUDGET>0</BUDGET><CLIENTRULE>0</CLIENTRULE><SERVERRULE>0</SERVERRULE><STATE>0</STATE><TDSRATE>0</...
  INFO Tally's own release in its answer header: PRODMAJORREL 6 PRODMINORREL 2 (PRODMAJORVER 1 PRODMINORVER 1 PRODTYPE 5)
######## PASS c1 install and open the company: installed tally.exe 17026752 bytes, 2026-10-08, FileVersion 1.1.6.2, ProductVersion 1.1.6.2, ProductName TallyPrime; company folder 100000 loaded at start: True; window 'TallyPrime:9000'
######## PASS c2 port and company list: port 9000 answered 10.1 s after start, GET 20 ms ('<RESPONSE>TallyPrime Server is Running</RESPONSE>'); company list 8 ms, 'FinCom Spike Co' in it: True
[18:31:23] ---- share: the full line against the stored entry, per kind, typed on the screen
[share masters] 39 ms: <RESPONSE><CREATED>9</CREATED><ALTERED>0</ALTERED><DELETED>0</DELETED><LASTVCHID>0</LASTVCHID><LASTMID>0</LASTMID><COMBINED>0</COMBINED><IGNORED>0</IGNORED><ERRORS>0</ERRORS><CANCELLED>0</CANCELLED><EXCEPTIONS>0</EXCEPTIONS></RESPONSE>
  INFO share masters: <CREATED>9</CREATED> <ALTERED>0</ALTERED> <DELETED>0</DELETED> <LASTVCHID>0</LASTVCHID> <LASTMID>0</LASTMID> <COMBINED>0</COMBINED> <IGNORED>0</IGNORED> <ERRORS>0</ERRORS>
[share bills] 50 ms: <RESPONSE><CREATED>4</CREATED><ALTERED>0</ALTERED><DELETED>0</DELETED><LASTVCHID>5</LASTVCHID><LASTMID>0</LASTMID><COMBINED>0</COMBINED><IGNORED>0</IGNORED><ERRORS>0</ERRORS><CANCELLED>0</CANCELLED><EXCEPTIONS>0</EXCEPTIONS></RESPONSE>
  INFO share bills to settle (SB-1, PB-1, ADVS-1, ADVP-1): <CREATED>4</CREATED> <ALTERED>0</ALTERED> <DELETED>0</DELETED> <LASTVCHID>5</LASTVCHID> <LASTMID>0</LASTMID> <COMBINED>0</COMBINED> <IGNORED>0</IGNORED> <ERRORS>0</ERRORS>
[share company cost centres] 13 ms: <RESPONSE><CREATED>0</CREATED><ALTERED>1</ALTERED><DELETED>0</DELETED><LASTVCHID>0</LASTVCHID><LASTMID>0</LASTMID><COMBINED>0</COMBINED><IGNORED>0</IGNORED><ERRORS>0</ERRORS><CANCELLED>0</CANCELLED><EXCEPTIONS>0</EXCEPTIONS></RESPONSE>
[share payroll masters] 35 ms: <RESPONSE><CREATED>9</CREATED><ALTERED>0</ALTERED><DELETED>0</DELETED><LASTVCHID>0</LASTVCHID><LASTMID>0</LASTMID><COMBINED>0</COMBINED><IGNORED>0</IGNORED><ERRORS>0</ERRORS><CANCELLED>0</CANCELLED><EXCEPTIONS>0</EXCEPTIONS></RESPONSE>
[share payroll template] 18 ms: <RESPONSE><CREATED>1</CREATED><ALTERED>0</ALTERED><DELETED>0</DELETED><LASTVCHID>6</LASTVCHID><LASTMID>0</LASTMID><COMBINED>0</COMBINED><IGNORED>0</IGNORED><ERRORS>0</ERRORS><CANCELLED>0</CANCELLED><EXCEPTIONS>0</EXCEPTIONS></RESPONSE>
  INFO share payroll masters and template: <CREATED>9</CREATED> / <CREATED>1</CREATED> <ALTERED>0</ALTERED> <DELETED>0</DELETED> <LASTVCHID>6</LASTVCHID> <LASTMID>0</LASTMID> <COMBINED>0</COMBINED> <IGNORED>0</IGNORED> <ERRORS>0</ERRORS>
[18:31:23] ---- share receipt-agst: receipt from a party against its bill (Agst Ref SB-1)
  voucher mid=1 aid=1 Journal/1/20260401 guid=6a19ae25-8faa-41ba-b1a7-6062aa81a638-00000001 cancelled=False
  voucher mid=2 aid=2 Journal/2/20261001 guid=6a19ae25-8faa-41ba-b1a7-6062aa81a638-00000002 cancelled=False
  voucher mid=3 aid=3 Journal/3/20261001 guid=6a19ae25-8faa-41ba-b1a7-6062aa81a638-00000003 cancelled=False
  voucher mid=4 aid=4 Journal/4/20261001 guid=6a19ae25-8faa-41ba-b1a7-6062aa81a638-00000004 cancelled=False
  voucher mid=5 aid=5 Journal/5/20261001 guid=6a19ae25-8faa-41ba-b1a7-6062aa81a638-00000005 cancelled=False
  voucher mid=6 aid=6 Payroll/1/20261001 guid=6a19ae25-8faa-41ba-b1a7-6062aa81a638-00000006 cancelled=False
[shot] tds-001-gw0 (1024x768)
[18:31:33] [tds] screen tds-001-gw0 : EDU c Prime Gatewa of Tall CURRENT PERIOD K: Company Y: Data Z: Exchange CURRENT OATE Wednesday, I-Apr-2026 O: Import E: Export M: Share p: print Fl: Help Date b82e1 I-Apr-26 to 31-Mar-27 NAME OF COMPANY FinCom Spike Co Gateway of Tally MASTERS Create Alter CHart of Accounts TRANSACTIONS Vouchers Day 800K UTILITIES BaNking REPORTS Balance Sheet Profit & Loss A/c Stock Summary Ratio Analysis Display More Reports DashbOard Quit Unity Q I-Oct-26 Search Company to ru 0912- 731-4 acepa 6c46- 2731- acep .337.0 -c978 ning 2d109 ing j _id" : . 0—011' 6c46- Mode Windows Server 2025 Datacenter Build 261...
[shot] tds-002-R1-start (1024x768)
[18:31:34] [tds] screen tds-002-R1-start : EDU c Prime Gatewa of Tall CURRENT PERIOD K: Company Y: Data Z: Exchange CURRENT OATE Wednesday, I-Apr-2026 O: Import E: Export M: Share p: print Fl: Help Date b82e1 I-Apr-26 to 31-Mar-27 NAME OF COMPANY FinCom Spike Co Gateway of Tally MASTERS Create Alter CHart of Accounts TRANSACTIONS Vouchers Day 800K UTILITIES BaNking REPORTS Balance Sheet Profit & Loss A/c Stock Summary Ratio Analysis Display More Reports DashbOard Quit Unity Q I-Oct-26 Search Company to ru 0912- 731-4 acepa 6c46- 2731- acep .337.0 -c978 ning 2d109 ing j _id" : . 0—011' 6c46- Mode Windows Server 2025 Datacenter Build 261...
[keys] 'v' -> Tally 'TallyPrime:9000'
[shot] tds-003-R1-vouchers (1024x768)
[18:31:38] [tds] screen tds-003-R1-vouchers : EDU c Prime K: Company Y: Data Accounting Voucher Creation 03 Pa ment No. 1 • Account Current balance: Particulars Narration: Unity Quit Z: Exchange A Accept Q Search O: Import E: Export M: Share FinCom • ke Co p: print upr-26 Wednesday Amount Fl: Help Q: Date Company Ed: Contra F-5: Payment Receipt Journal Sales b82e1 to ru 0912- 731-4 acepa 6c46- Purchase 2731- Fl O: OåuVooctgs E: Autofill Change Mode More Details O: Related ¯ Repons Optional post -Dated J: Stat acep .337.0 -c978 ning 2d109 ing j _id" : . 0—011' 6c46- D: Delete x: Cancel Vch Adjustment El 2: Configure Mode Windows Server 202...
[keys] '{F6}' -> Tally 'TallyPrime:9000'
[shot] tds-004-R1-type (1024x768)
[18:31:43] [tds] screen tds-004-R1-type : EDU c Prime K: Company Y: Data Accounting Voucher Creation 03 Recei t • Account Current balance: Particulars Narration: Unity Quit Z: Exchange A Accept Q Search O: Import E: Export M: Share FinCom • ke Co p: print x upr-26 Wednesday Amount Fl: Help Q: Date Company Ed: Contra Payment F-6: Receipt Journal Sales b82e1 to ru 0912- 731-4 acepa 6c46- Purchase 2731- Fl O: OåuVooctgs E: Autofill Change Mode More Details O: Related ¯ Repons Optional post -Dated J: Stat acep .337.0 -c978 ning 2d109 ing j _id" : . 0—011' 6c46- D: Delete x: Cancel Vch Adjustment El 2: Configure Mode Windows Server 2025 Da...
[keys] '{F2}' -> Tally 'TallyPrime:9000'
[shot] tds-005-R1-date-box (1024x768)
[18:31:46] [tds] screen tds-005-R1-date-box : EDU c Prime Change Voucher Date Unity Quit K: Company Y: Data Z: Exchange A Accept Q Search O: Import E: Export M: Share p: print Fl: Help FinCom Spike Co Voucher Date 24-2026 b82e1 to ru 0912- 731-4 acepa 6c46- 2731- acep .337.0 -c978 ning 2d109 ing j _id" : . 0—011' 6c46- Mode Windows Server 2025 Datacenter Build 26100.ge_release240331-1435 6:31 PM 10/8/2026
[keys] '2-10-2026{ENTER}' -> Tally 'TallyPrime:9000'
[shot] tds-006-R1-date (1024x768)
[18:31:50] [tds] screen tds-006-R1-date : EDU c Prime K: Company Y: Data Accounting Voucher Creation 03 Recei t • Account Current balance: Particulars Narration: Unity Quit Z: Exchange A Accept Q Search O: Import E: Export M: Share FinCom • ke Co p: print x 2-Oct-26 Friday Amount Fl: Help Q: Date Company Ed: Contra Payment F-6: Receipt Journal Sales b82e1 to ru 0912- 731-4 acepa 6c46- Purchase 2731- Fl O: OåuVooctgs E: Autofill Change Mode More Details O: Related ¯ Repons Optional post -Dated J: Stat acep .337.0 -c978 ning 2d109 ing j _id" : . 0—011' 6c46- D: Delete x: Cancel Vch Adjustment El 2: Configure Mode Windows Server 2025 Dat...
[keys] 'Cash{ENTER}' -> Tally 'TallyPrime:9000'
[shot] tds-007-R1-account (1024x768)
[18:31:53] [tds] screen tds-007-R1-account : EDU c Prime K: Company Y: Data Accounting Voucher Creation 03 Recei t • Account Cash Current balance: 0.00 Dr Particulars Narration: Unity Quit Z: Exchange A Accept Q Search O: Import E: Export M: Share FinCom • ke Co p: print x 2-Oct-26 Friday Amount Fl: Help Q: Date Company Ed: Contra Payment F-6: Receipt Journal Sales b82e1 to ru 0912- 731-4 acepa 6c46- Purchase 2731- Fl O: OåuVooctgs E: Autofill Change Mode More Details O: Related ¯ Repons Optional post -Dated J: Stat acep .337.0 -c978 ning 2d109 ing j _id" : . 0—011' 6c46- D: Delete x: Cancel Vch Adjustment El 2: Configure Mode Windows Se...
[shot] tds-008-R1-acc-sub1 (1024x768)
[18:31:54] [tds] screen tds-008-R1-acc-sub1 : EDU c Prime K: Company Y: Data Accounting Voucher Creation 03 Recei t • Account Cash Current balance: 0.00 Dr Particulars Narration: Unity Quit Z: Exchange A Accept Q Search O: Import E: Export M: Share FinCom • ke Co p: print x 2-Oct-26 Friday Amount Fl: Help Q: Date Company Ed: Contra Payment F-6: Receipt Journal Sales b82e1 to ru 0912- 731-4 acepa 6c46- Purchase 2731- Fl O: OåuVooctgs E: Autofill Change Mode More Details O: Related ¯ Repons Optional post -Dated J: Stat acep .337.0 -c978 ning 2d109 ing j _id" : . 0—011' 6c46- D: Delete x: Cancel Vch Adjustment El 2: Configure Mode Windows Se...
[keys] 'Share Party{ENTER}' -> Tally 'TallyPrime:9000'
[shot] tds-009-R1-row1 (1024x768)
[18:31:58] [tds] screen tds-009-R1-row1 : EDU c Prime K: Company Y: Data Accounting Voucher Creation 03 Recei t • Account Cash Current balance: 0.00 Dr Particulars Share Party CurBal: 4,000.00 Dr Narration: Unity Quit Z: Exchange A Accept Q Search O: Import E: Export M: Share FinCom • ke Co p: print x 2-Oct-26 Friday Amount Fl: Help Q: Date Company Ed: Contra Payment F-6: Receipt Journal Sales b82e1 to ru 0912- 731-4 acepa 6c46- Purchase 2731- Fl O: OåuVooctgs E: Autofill Change Mode More Details O: Related ¯ Repons Optional post -Dated J: Stat acep .337.0 -c978 ning 2d109 ing j _id" : . 0—011' 6c46- D: Delete x: Cancel Vch Adjustment...
[shot] tds-010-R1-row1-a-sub1 (1024x768)
[18:31:59] [tds] screen tds-010-R1-row1-a-sub1 : EDU c Prime K: Company Y: Data Accounting Voucher Creation 03 Recei t • Account Cash Current balance: 0.00 Dr Particulars Share Party CurBal: 4,000.00 Dr Narration: Unity Quit Z: Exchange A Accept Q Search O: Import E: Export M: Share FinCom • ke Co p: print x 2-Oct-26 Friday Amount Fl: Help Q: Date Company Ed: Contra Payment F-6: Receipt Journal Sales b82e1 to ru 0912- 731-4 acepa 6c46- Purchase 2731- Fl O: OåuVooctgs E: Autofill Change Mode More Details O: Related ¯ Repons Optional post -Dated J: Stat acep .337.0 -c978 ning 2d109 ing j _id" : . 0—011' 6c46- D: Delete x: Cancel Vch Adjustment...
[keys] '500{ENTER}' -> Tally 'TallyPrime:9000'
[shot] tds-011-R1-row1-amt (1024x768)
[18:32:03] [tds] screen tds-011-R1-row1-amt : Unity EDU c Prime Bill-wise Details Quit K: Company Y: Data Z: Exchange FinCom Spike Co Bill-wise Details for : Share Party Up to: 500.00 cr O: Import Amount E: Export M: Share p: print x Fl: Help Type of Ref St Ref Name Method of Ad Advance Agst Ref New Ref On Account Accept Q Search Due Date, or Credit Days 20ct-26) b82e1 to ru 0912- 731-4 acepa 6c46- 2731- acep .337.0 -c978 ning 2d109 ing j _id" : . 0—011' 6c46- Mode Windows Server 2025 Datacenter Build 26100.ge_release240331-1435 6:32 PM 10/8/2026
[shot] tds-012-R1-row1-bills1 (1024x768)
[18:32:04] [tds] screen tds-012-R1-row1-bills1 : Unity EDU c Prime Bill-wise Details Quit K: Company Y: Data Z: Exchange FinCom Spike Co Bill-wise Details for : Share Party Up to: 500.00 cr O: Import Amount E: Export M: Share p: print x Fl: Help Type of Ref A Ref Name Method of Ad Advance Agst Ref New Ref On Account Accept Q Search Due Date, or Credit Days 20ct-26) b82e1 to ru 0912- 731-4 acepa 6c46- 2731- acep .337.0 -c978 ning 2d109 ing j _id" : . 0—011' 6c46- Mode Windows Server 2025 Datacenter Build 26100.ge_release240331-1435 6:32 PM 10/8/2026
[keys] 'Agst Ref{ENTER}' -> Tally 'TallyPrime:9000'
[shot] tds-013-R1-row1-reftype (1024x768)
[18:32:08] [tds] screen tds-013-R1-row1-reftype : Unity EDU c Prime Bill-wise Details Quit K: Company Y: Data Z: Exchange FinCom Spike Co Bill-wise Details for : Share Party Up to: 500.00 cr O: Import Amount E: Export M: Share p: print x Fl: Help pendin Name ADVS-I Sd-I Type of Ref Agst Ref Bills Bill Date I-Oct-26 I-Oct-26 Accept Name Due Date I-Oct-26 I-Oct-26 Due Date, or Credit Days (wef 20ct-26) Balance 1,000.00 cr 5,000.00 Dr Final Balance 1,000.00 cr 5,000.00 Dr b82e1 to ru 0912- 731-4 acepa 6c46- 2731- acep .337.0 -c978 ning 2d109 ing j _id" : . 0—011' 6c46- Mode Q Search Windows Server 2025 Datacenter Build 26100.ge_release240331-143...
[keys] 'SB-1{ENTER}' -> Tally 'TallyPrime:9000'
[shot] tds-014-R1-row1-refname (1024x768)
[18:32:11] [tds] screen tds-014-R1-row1-refname : Unity EDU c Prime Bill-wise Details Quit K: Company Y: Data Z: Exchange O: Import E: Export M: Share p: print x Fl: Help FinCom Spike Co Bill-wise Details for : Share Party Up to: 500.00 cr Type of Ref Agst Ref Name SB_I Accept Q Search Due Date, or Credit Days (wef 20ct-26) Amount Eoo.oo cr 500.00 cr b82e1 to ru 0912- 731-4 acepa 6c46- 2731- acep .337.0 -c978 ning 2d109 ing j _id" : . 0—011' 6c46- Mode Windows Server 2025 Datacenter Build 26100.ge_release240331-1435 6:32 PM 10/8/2026
[keys] '{ENTER}' -> Tally 'TallyPrime:9000'
[shot] tds-015-R1-row1-refamount (1024x768)
[18:32:15] [tds] screen tds-015-R1-row1-refamount : Unity EDU c Prime Bill-wise Details Quit K: Company Y: Data Z: Exchange O: Import E: Export M: Share p: print x Fl: Help FinCom Spike Co Bill-wise Details for : Share Party Up to: 500.00 cr Type of Ref Agst Ref Name SB_I Accept Q Search Due Date, or Credit Days (wef 20ct-26) Amount 500.00 er 500.00 cr b82e1 to ru 0912- 731-4 acepa 6c46- 2731- acep .337.0 -c978 ning 2d109 ing j _id" : . 0—011' 6c46- Mode Windows Server 2025 Datacenter Build 26100.ge_release240331-1435 6:32 PM 10/8/2026
[shot] tds-016-R1-row1-bills2 (1024x768)
[18:32:16] [tds] screen tds-016-R1-row1-bills2 : Unity EDU c Prime Bill-wise Details Quit K: Company Y: Data Z: Exchange O: Import E: Export M: Share p: print x Fl: Help FinCom Spike Co Bill-wise Details for : Share Party Up to: 500.00 cr Type of Ref Agst Ref Name SB_I Accept Q Search Due Date, or Credit Days (wef 20ct-26) Amount 500.00 er 500.00 cr b82e1 to ru 0912- 731-4 acepa 6c46- 2731- acep .337.0 -c978 ning 2d109 ing j _id" : . 0—011' 6c46- Mode Windows Server 2025 Datacenter Build 26100.ge_release240331-1435 6:32 PM 10/8/2026
[keys] '^a' -> Tally 'TallyPrime:9000'
[shot] tds-017-R1-row1-bills-accept (1024x768)
[18:32:20] [tds] screen tds-017-R1-row1-bills-accept : EDU c Prime K: Company Y: Data Accounting Voucher Creation 03 Recei t • Account Cash Current balance: 500.00 Dr Particulars Share Party CurBal: 3,500.00 Dr Agst Ref SB-I Narration: Unity Quit Z: Exchange 500.00 Cr A Accept Q Search O: Import E: Export M: Share FinCom • ke Co p: print x 2-Oct-26 Friday Amount 500.00 500.00 Fl: Help Q: Date Company Ed: Contra Payment F-6: Receipt : Journal Sales b82e1 to ru 0912- 731-4 acepa 6c46- Purchase 2731- Fl O: OåuVooctgs E: Autofill Change Mode More Details O: Related ¯ Repons Optional post -Dated J: Stat acep .337.0 -c978 ning 2d109 ing j _id" : . 0—011...
[shot] tds-018-R1-row1-bills3 (1024x768)
[18:32:21] [tds] screen tds-018-R1-row1-bills3 : EDU c Prime K: Company Y: Data Accounting Voucher Creation 03 Recei t • Account Cash Current balance: 500.00 Dr Particulars Share Party CurBal: 3,500.00 Dr Agst Ref SB-I Narration: Unity Quit Z: Exchange 500.00 Cr A Accept Q Search O: Import E: Export M: Share FinCom • ke Co p: print x 2-Oct-26 Friday Amount 500.00 500.00 Fl: Help Q: Date Company Ed: Contra Payment F-6: Receipt : Journal Sales b82e1 to ru 0912- 731-4 acepa 6c46- Purchase 2731- Fl O: OåuVooctgs E: Autofill Change Mode More Details O: Related ¯ Repons Optional post -Dated J: Stat acep .337.0 -c978 ning 2d109 ing j _id" : . 0—011...
[shot] tds-019-R1-row1-b-sub1 (1024x768)
[18:32:21] [tds] screen tds-019-R1-row1-b-sub1 : EDU c Prime K: Company Y: Data Accounting Voucher Creation 03 Recei t • Account Cash Current balance: 500.00 Dr Particulars Share Party CurBal: 3,500.00 Dr Agst Ref SB-I Narration: Unity Quit Z: Exchange 500.00 Cr A Accept Q Search O: Import E: Export M: Share FinCom • ke Co p: print x 2-Oct-26 Friday Amount 500.00 500.00 Fl: Help Q: Date Company Ed: Contra Payment F-6: Receipt : Journal Sales b82e1 to ru 0912- 731-4 acepa 6c46- Purchase 2731- Fl O: OåuVooctgs E: Autofill Change Mode More Details O: Related ¯ Repons Optional post -Dated J: Stat acep .337.0 -c978 ning 2d109 ing j _id" : . 0—011...
[keys] '{ENTER}' -> Tally 'TallyPrime:9000'
[shot] tds-020-R1-rows-done (1024x768)
[18:32:25] [tds] screen tds-020-R1-rows-done : EDU c Prime K: Company Y: Data Accounting Voucher Creation 03 Recei t • Account Cash Current balance: 500.00 Dr Particulars Share Party CurBal: 3,500.00 Dr Agst Ref SB-I Narration: dB Unity Quit Z: Exchange 500.00 Cr Accept Q Search O: Import E: Export M: Share FinCom • ke Co p: print x 2-Oct-26 Friday Amount 500.00 500.00 Fl: Help Q: Date Company Ed: Contra Payment F-6: Receipt : Journal Sales b82e1 to ru 0912- 731-4 acepa 6c46- Purchase 2731- Fl O: OåuVooctgs E: Autofill Change Mode More Details O: Related ¯ Repons Optional post -Dated J: Stat acep .337.0 -c978 ning 2d109 ing j _id" : . 0—01...
[shot] tds-021-R1-done-sub1 (1024x768)
[18:32:26] [tds] screen tds-021-R1-done-sub1 : EDU c Prime K: Company Y: Data Accounting Voucher Creation 03 Recei t • Account Cash Current balance: 500.00 Dr Particulars Share Party CurBal: 3,500.00 Dr Agst Ref SB-I Narration: dB Unity Quit Z: Exchange 500.00 Cr Accept Q Search O: Import E: Export M: Share FinCom • ke Co p: print x 2-Oct-26 Friday Amount 500.00 500.00 Fl: Help Q: Date Company Ed: Contra Payment F-6: Receipt : Journal Sales b82e1 to ru 0912- 731-4 acepa 6c46- Purchase 2731- Fl O: OåuVooctgs E: Autofill Change Mode More Details O: Related ¯ Repons Optional post -Dated J: Stat acep .337.0 -c978 ning 2d109 ing j _id" : . 0—01...
[keys] 'share receipt agst{ENTER}' -> Tally 'TallyPrime:9000'
[shot] tds-022-R1-narr (1024x768)
[18:32:33] [tds] screen tds-022-R1-narr : EDU c Prime K: Company Y: Data Accounting Voucher Creation 03 Recei t • Account Cash Current balance: 500.00 Dr Particulars Share Party CurBal: 3,500.00 Dr Agst Ref SB-I Narration: • share receipt agst Unity Q: Quit Z: Exchange 500.00 Cr A: Accept Q Search O: Import E: Export M: Share FinCom p: print x 2-Oct-26 Friday Amount 500.00 500.00 Accept Q Yes or No D: Delete X: Cancel Vch Fl: Help F-2: Date F-3: Company F-4: Contra F-5: Payment F-6: Receipt F-7: Journal F-9: Purchase PIO: E: Autofill H: Change = Mode I: More - Details O: Related ¯ Repons L: Optional T: post = -Dated J: Stat ¯ Adjustme...
[keys] '^a' -> Tally 'TallyPrime:9000'
[shot] tds-023-R1-accept1 (1024x768)
[18:32:38] [tds] screen tds-023-R1-accept1 : EDU c Prime K: Company Y: Data Accounting Voucher Creation 03 Recei t No. 2 • Account Current balance: Particulars Narration: Unity Quit Z: Exchange A Accept Q Search O: Import E: Export M: Share FinCom • ke Co p: print x 2-Oct-26 Friday Amount Fl: Help Q: Date Company Ed: Contra Payment F-6: Receipt Journal Sales b82e1 to ru 0912- 731-4 acepa 6c46- Purchase 2731- Fl O: OåuVooctgs E: Autofill Change Mode More Details O: Related ¯ Repons Optional post -Dated J: Stat acep .337.0 -c978 ning 2d109 ing j _id" : . 0—011' 6c46- D: Delete x: Cancel Vch Adjustment El 2: Configure Mode Windows Server 20...
[shot] tds-024-R1-after1 (1024x768)
[18:32:39] [tds] screen tds-024-R1-after1 : EDU c Prime K: Company Y: Data Accounting Voucher Creation 03 Recei t No. 2 • Account Current balance: Particulars Narration: Unity Quit Z: Exchange A Accept Q Search O: Import E: Export M: Share FinCom • ke Co p: print x 2-Oct-26 Friday Amount Fl: Help Q: Date Company Ed: Contra Payment F-6: Receipt Journal Sales b82e1 to ru 0912- 731-4 acepa 6c46- Purchase 2731- Fl O: OåuVooctgs E: Autofill Change Mode More Details O: Related ¯ Repons Optional post -Dated J: Stat acep .337.0 -c978 ning 2d109 ing j _id" : . 0—011' 6c46- D: Delete x: Cancel Vch Adjustment El 2: Configure Mode Windows Server 20...
[keys] '^a' -> Tally 'TallyPrime:9000'
[shot] tds-025-R1-accept2 (1024x768)
[18:32:44] [tds] screen tds-025-R1-accept2 : Unity EDU c Prime K: Company Y: Data Accounting Voucher Creation Q: Quit Z: Exchange A: Accept Q Search O: Import E: Export M: Share p: print FinCom Spike Co x Error Oops! No Entries in Voucher! p: Delete , cancel vch Fl: Help F-2: Date F-3: Company F-4: Contra F-5: Payment F-6: Receipt F-7: Journal F-9: Purchase PIO: E: Autofill H: Change = Mode I: More - Details O: Related ¯ Repons L: Optional T: post = -Dated J: Stat ¯ Adjustment F-12: Configure b82e1 to ru 0912- 731-4 acepa 6c46- 2731- acep .337.0 -c978 ning 2d109 ing j _id" : . 0—011' 6c46- Mode Windows Server 2025 Datacenter Build 26100....
[shot] tds-026-R1-after2 (1024x768)
[18:32:46] [tds] screen tds-026-R1-after2 : Unity EDU c Prime K: Company Y: Data Accounting Voucher Creation Q: Quit Z: Exchange A: Accept Q Search O: Import E: Export M: Share p: print FinCom Spike Co x Error Oops! No Entries in Voucher! p: Delete , cancel vch Fl: Help F-2: Date F-3: Company F-4: Contra F-5: Payment F-6: Receipt F-7: Journal F-9: Purchase PIO: E: Autofill H: Change = Mode I: More - Details O: Related ¯ Repons L: Optional T: post = -Dated J: Stat ¯ Adjustment F-12: Configure b82e1 to ru 0912- 731-4 acepa 6c46- 2731- acep .337.0 -c978 ning 2d109 ing j _id" : . 0—011' 6c46- Mode Windows Server 2025 Datacenter Build 26100....
[keys] '^a' -> Tally 'TallyPrime:9000'
[shot] tds-027-R1-accept3 (1024x768)
[18:32:51] [tds] screen tds-027-R1-accept3 : EDU c Prime K: Company Y: Data Accounting Voucher Creation 03 Recei t No. 2 Cash • Account Current balance: 500.00 Dr Particulars End of List Cur Bal: Narration: Unity Quit Z: Exchange A Accept Q Search FinCom • ke Co O: Import E: Export List of Led er Accounts Cash Share Bank M: Share p: print x Create Fl: Help Q: Date Company Ed: Contra Payment F-6: Receipt Journal Sales b82e1 to ru 0912- 731-4 acepa 6c46- Purchase 2731- Fl O: OåuVooctgs E: Autofill Change Mode More Details O: Related ¯ Repons Optional post -Dated J: Stat acep .337.0 -c978 ning 2d109 ing j _id" : . 0—011' 6c46- D: Delete Can...
[shot] tds-028-R1-after3 (1024x768)
[18:32:52] [tds] screen tds-028-R1-after3 : EDU c Prime K: Company Y: Data Accounting Voucher Creation 03 Recei t No. 2 Cash • Account Current balance: 500.00 Dr Particulars End of List Cur Bal: Narration: Unity Quit Z: Exchange A Accept Q Search FinCom • ke Co O: Import E: Export List of Led er Accounts Cash Share Bank M: Share p: print x Create Fl: Help Q: Date Company Ed: Contra Payment F-6: Receipt Journal Sales b82e1 to ru 0912- 731-4 acepa 6c46- Purchase 2731- Fl O: OåuVooctgs E: Autofill Change Mode More Details O: Related ¯ Repons Optional post -Dated J: Stat acep .337.0 -c978 ning 2d109 ing j _id" : . 0—011' 6c46- D: Delete Can...
[keys] '^a' -> Tally 'TallyPrime:9000'
[shot] tds-029-R1-accept4 (1024x768)
[18:32:56] [tds] screen tds-029-R1-accept4 : Unity EDU c Prime K: Company Y: Data Accounting Voucher Creation Q: Quit Z: Exchange A: Accept Q Search O: Import E: Export M: Share p: print FinCom Spike Co x Error Oops! No Entries in Voucher! p: Delete , cancel vch Fl: Help F-2: Date F-3: Company F-4: Contra F-5: Payment F-6: Receipt F-7: Journal F-9: Purchase PIO: E: Autofill H: Change = Mode I: More - Details O: Related ¯ Repons L: Optional T: post = -Dated J: Stat ¯ Adjustment F-12: Configure b82e1 to ru 0912- 731-4 acepa 6c46- 2731- acep .337.0 -c978 ning 2d109 ing j _id" : . 0—011' 6c46- Mode Windows Server 2025 Datacenter Build 26100....
[shot] tds-030-R1-after4 (1024x768)
[18:32:57] [tds] screen tds-030-R1-after4 : Unity EDU c Prime K: Company Y: Data Accounting Voucher Creation Q: Quit Z: Exchange A: Accept Q Search O: Import E: Export M: Share p: print FinCom Spike Co x Error Oops! No Entries in Voucher! p: Delete , cancel vch Fl: Help F-2: Date F-3: Company F-4: Contra F-5: Payment F-6: Receipt F-7: Journal F-9: Purchase PIO: E: Autofill H: Change = Mode I: More - Details O: Related ¯ Repons L: Optional T: post = -Dated J: Stat ¯ Adjustment F-12: Configure b82e1 to ru 0912- 731-4 acepa 6c46- 2731- acep .337.0 -c978 ning 2d109 ing j _id" : . 0—011' 6c46- Mode Windows Server 2025 Datacenter Build 26100....
[shot] tds-031-gw0 (1024x768)
[18:32:58] [tds] screen tds-031-gw0 : Unity EDU c Prime K: Company Y: Data Accounting Voucher Creation Q: Quit Z: Exchange A: Accept Q Search O: Import E: Export M: Share p: print FinCom Spike Co x Error Oops! No Entries in Voucher! p: Delete , cancel vch Fl: Help F-2: Date F-3: Company F-4: Contra F-5: Payment F-6: Receipt F-7: Journal F-9: Purchase PIO: E: Autofill H: Change = Mode I: More - Details O: Related ¯ Repons L: Optional T: post = -Dated J: Stat ¯ Adjustment F-12: Configure b82e1 to ru 0912- 731-4 acepa 6c46- 2731- acep .337.0 -c978 ning 2d109 ing j _id" : . 0—011' 6c46- Mode Windows Server 2025 Datacenter Build 26100....
[keys] '{ESC}' -> Tally 'TallyPrime:9000'
[shot] tds-032-gw1 (1024x768)
[18:33:02] [tds] screen tds-032-gw1 : EDU c Prime K: Company Y: Data Accounting Voucher Creation 03 Recei t No. 2 Cash • Account Current balance: 500.00 Dr Particulars End of List Cur Bal: Narration: Unity Quit Z: Exchange A Accept Q Search FinCom • ke Co O: Import E: Export List of Led er Accounts Cash Share Bank M: Share p: print x Create Fl: Help Q: Date Company Ed: Contra Payment F-6: Receipt Journal Sales b82e1 to ru 0912- 731-4 acepa 6c46- Purchase 2731- Fl O: OåuVooctgs E: Autofill Change Mode More Details O: Related ¯ Repons Optional post -Dated J: Stat acep .337.0 -c978 ning 2d109 ing j _id" : . 0—011' 6c46- D: Delete Can...
[keys] '{ESC}' -> Tally 'TallyPrime:9000'
[shot] tds-033-gw2 (1024x768)
[18:33:06] [tds] screen tds-033-gw2 : EDU c Prime K: Company Y: Data Accounting Voucher Creation 03 Recei t No. 2 • Account Current balance: 500.00 Dr Particulars End of List Cur Bal: Narration: Unity Quit Z: Exchange A Accept Q Search FinCom • ke Co O: Import E: Export List of Led er Accounts Cash Share Bank M: Share p: print x Create Fl: Help Q: Date Company Ed: Contra Payment F-6: Receipt Journal Sales b82e1 to ru 0912- 731-4 acepa 6c46- Purchase 2731- Fl O: OåuVooctgs E: Autofill Change Mode More Details O: Related ¯ Repons Optional post -Dated J: Stat acep .337.0 -c978 ning 2d109 ing j _id" : . 0—011' 6c46- D: Delete Cancel V...
[keys] '{ESC}' -> Tally 'TallyPrime:9000'
[shot] tds-034-gw3 (1024x768)
[18:33:10] [tds] screen tds-034-gw3 : EDU c Prime K: Company Y: Data Accounting Voucher Creation 03 Recei t No. 2 • Account Current balance: 500.00 Dr Particulars End of List Cur Bal: Narration: Unity Q: Quit Z: Exchange FinCom A: Accept Q Search O: Import E: Export M: Share p: print x 2-Oct-26 Friday Amount Quit o Yes or No D: Delete X: Cancel Vch Fl: Help F-2: Date F-3: Company F-4: Contra F-5: Payment F-6: Receipt F-7: Journal F-9: Purchase PIO: E: Autofill H: Change = Mode I: More - Details O: Related ¯ Repons L: Optional T: post = -Dated J: Stat ¯ Adjustment F-12: Configure b82e1 to ru 0912- 731-4 acepa 6c46- 2731- acep .337....
[keys] 'y' -> Tally 'TallyPrime:9000'
[shot] tds-035-gw4 (1024x768)
[18:33:14] [tds] screen tds-035-gw4 : EDU c Prime Gatewa of Tall CURRENT PERIOD K: Company Y: Data Z: Exchange O: Import E: Export M: Share p: print Fl: Help Date b82e1 I-Apr-26 to 31-Mar-27 NAME OF COMPANY FinCom Spike Co Q CURRENT OATE Friday, 2-Oct-2026 2-Oct-26 Search Gateway of Tally MASTERS Create Alter CHart of Accounts TRANSACTIONS Vouchers Day 800K UTILITIES BaNking REPORTS Balance Sheet Profit & Loss A/c Stock Summary Ratio Analysis Display More Reports DashbOard Quit Unity Company to ru 0912- 731-4 acepa 6c46- 2731- acep .337.0 -c978 ning 2d109 ing j _id" : . 0—011' 6c46- Mode Windows Server 2025 Datacenter Build 26100....
  voucher mid=1 aid=1 Journal/1/20260401 guid=6a19ae25-8faa-41ba-b1a7-6062aa81a638-00000001 cancelled=False
  voucher mid=2 aid=2 Journal/2/20261001 guid=6a19ae25-8faa-41ba-b1a7-6062aa81a638-00000002 cancelled=False
  voucher mid=3 aid=3 Journal/3/20261001 guid=6a19ae25-8faa-41ba-b1a7-6062aa81a638-00000003 cancelled=False
  voucher mid=4 aid=4 Journal/4/20261001 guid=6a19ae25-8faa-41ba-b1a7-6062aa81a638-00000004 cancelled=False
  voucher mid=5 aid=5 Journal/5/20261001 guid=6a19ae25-8faa-41ba-b1a7-6062aa81a638-00000005 cancelled=False
  voucher mid=6 aid=6 Payroll/1/20261001 guid=6a19ae25-8faa-41ba-b1a7-6062aa81a638-00000006 cancelled=False
  voucher mid=7 aid=7 Receipt/1/20261002 guid=6a19ae25-8faa-41ba-b1a7-6062aa81a638-00000007 cancelled=False
  INFO share receipt-agst (receipt from a party against its bill (Agst Ref SB-1)): Tally Receipt 1 mid 7; stored party 'Share Party' bills [Agst Ref]; the line party '' bills [Agst Ref]; lines voucher_accept_post x1, voucher_full x1
[18:33:17] ---- share receipt-plain: receipt with no party (Cash / Spike Income)
  voucher mid=1 aid=1 Journal/1/20260401 guid=6a19ae25-8faa-41ba-b1a7-6062aa81a638-00000001 cancelled=False
  voucher mid=2 aid=2 Journal/2/20261001 guid=6a19ae25-8faa-41ba-b1a7-6062aa81a638-00000002 cancelled=False
  voucher mid=3 aid=3 Journal/3/20261001 guid=6a19ae25-8faa-41ba-b1a7-6062aa81a638-00000003 cancelled=False
  voucher mid=4 aid=4 Journal/4/20261001 guid=6a19ae25-8faa-41ba-b1a7-6062aa81a638-00000004 cancelled=False
  voucher mid=5 aid=5 Journal/5/20261001 guid=6a19ae25-8faa-41ba-b1a7-6062aa81a638-00000005 cancelled=False
  voucher mid=6 aid=6 Payroll/1/20261001 guid=6a19ae25-8faa-41ba-b1a7-6062aa81a638-00000006 cancelled=False
  voucher mid=7 aid=7 Receipt/1/20261002 guid=6a19ae25-8faa-41ba-b1a7-6062aa81a638-00000007 cancelled=False
[shot] tds-036-gw0 (1024x768)
[18:33:18] [tds] screen tds-036-gw0 : EDU c Prime Gatewa of Tall CURRENT PERIOD K: Company Y: Data Z: Exchange O: Import E: Export M: Share p: print Fl: Help Date b82e1 I-Apr-26 to 31-Mar-27 NAME OF COMPANY FinCom Spike Co Q CURRENT OATE Friday, 2-Oct-2026 2-Oct-26 Search Gateway of Tally MASTERS Create Alter CHart of Accounts TRANSACTIONS Vouchers Day 800K UTILITIES BaNking REPORTS Balance Sheet Profit & Loss A/c Stock Summary Ratio Analysis Display More Reports DashbOard Quit Unity Company to ru 0912- 731-4 acepa 6c46- 2731- acep .337.0 -c978 ning 2d109 ing j _id" : . 0—011' 6c46- Mode Windows Server 2025 Datacenter Build 26100....
[shot] tds-037-R2-start (1024x768)
[18:33:19] [tds] screen tds-037-R2-start : EDU c Prime Gatewa of Tall CURRENT PERIOD K: Company Y: Data Z: Exchange O: Import E: Export M: Share p: print Fl: Help Date b82e1 I-Apr-26 to 31-Mar-27 NAME OF COMPANY FinCom Spike Co Q CURRENT OATE Friday, 2-Oct-2026 2-Oct-26 Search Gateway of Tally MASTERS Create Alter CHart of Accounts TRANSACTIONS Vouchers Day 800K UTILITIES BaNking REPORTS Balance Sheet Profit & Loss A/c Stock Summary Ratio Analysis Display More Reports DashbOard Quit Unity Company to ru 0912- 731-4 acepa 6c46- 2731- acep .337.0 -c978 ning 2d109 ing j _id" : . 0—011' 6c46- Mode Windows Server 2025 Datacenter Build 26100....
[keys] 'v' -> Tally 'TallyPrime:9000'
[shot] tds-038-R2-vouchers (1024x768)
[18:33:23] [tds] screen tds-038-R2-vouchers : EDU c Prime K: Company Y: Data Accounting Voucher Creation 03 Recei t No. 2 • Account Current balance: Particulars Narration: Unity Quit Z: Exchange A Accept Q Search O: Import E: Export M: Share FinCom • ke Co p: print x 2-Oct-26 Friday Amount Fl: Help Q: Date Company Ed: Contra Payment F-6: Receipt Journal Sales b82e1 to ru 0912- 731-4 acepa 6c46- Purchase 2731- Fl O: OåuVooctgs E: Autofill Change Mode More Details O: Related ¯ Repons Optional post -Dated J: Stat acep .337.0 -c978 ning 2d109 ing j _id" : . 0—011' 6c46- D: Delete x: Cancel Vch Adjustment El 2: Configure Mode Windows Server 20...
[keys] '{F6}' -> Tally 'TallyPrime:9000'
[shot] tds-039-R2-type (1024x768)
[18:33:27] [tds] screen tds-039-R2-type : EDU c Prime K: Company Y: Data Accounting Voucher Creation 03 Recei t No. 2 • Account Current balance: Particulars Narration: Unity Quit Z: Exchange A Accept Q Search O: Import E: Export M: Share FinCom • ke Co p: print x 2-Oct-26 Friday Amount Fl: Help Q: Date Company Ed: Contra Payment F-6: Receipt Journal Sales b82e1 to ru 0912- 731-4 acepa 6c46- Purchase 2731- Fl O: OåuVooctgs E: Autofill Change Mode More Details O: Related ¯ Repons Optional post -Dated J: Stat acep .337.0 -c978 ning 2d109 ing j _id" : . 0—011' 6c46- D: Delete x: Cancel Vch Adjustment El 2: Configure Mode Windows Server 20...
[keys] '{F2}' -> Tally 'TallyPrime:9000'
[shot] tds-040-R2-date-box (1024x768)
[18:33:31] [tds] screen tds-040-R2-date-box : EDU c Prime Change Voucher Date Unity Quit K: Company Y: Data Z: Exchange A Accept Q Search O: Import E: Export M: Share p: print Fl: Help FinCom Spike Co Voucher Date 3-10-2026 b82e1 to ru 0912- 731-4 acepa 6c46- 2731- acep .337.0 -c978 ning 2d109 ing j _id" : . 0—011' 6c46- Mode Windows Server 2025 Datacenter Build 26100.ge_release240331-1435 6:33 PM 10/8/2026
[keys] '2-10-2026{ENTER}' -> Tally 'TallyPrime:9000'
[shot] tds-041-R2-date (1024x768)
[18:33:35] [tds] screen tds-041-R2-date : EDU c Prime K: Company Y: Data Accounting Voucher Creation 03 Recei t No. 2 • Account Current balance: Particulars Narration: Unity Quit Z: Exchange A Accept Q Search O: Import E: Export M: Share FinCom • ke Co p: print x 2-Oct-26 Friday Amount Fl: Help Q: Date Company Ed: Contra Payment F-6: Receipt Journal Sales b82e1 to ru 0912- 731-4 acepa 6c46- Purchase 2731- Fl O: OåuVooctgs E: Autofill Change Mode More Details O: Related ¯ Repons Optional post -Dated J: Stat acep .337.0 -c978 ning 2d109 ing j _id" : . 0—011' 6c46- D: Delete x: Cancel Vch Adjustment El 2: Configure Mode Windows Server 20...
[keys] 'Cash{ENTER}' -> Tally 'TallyPrime:9000'
[shot] tds-042-R2-account (1024x768)
[18:33:38] [tds] screen tds-042-R2-account : EDU c Prime K: Company Y: Data Accounting Voucher Creation 03 Recei t No. 2 • Account Cash Current balance: 500.00 Dr Particulars Narration: Unity Quit Z: Exchange A Accept Q Search O: Import E: Export M: Share FinCom • ke Co p: print x 2-Oct-26 Friday Amount Fl: Help Q: Date Company Ed: Contra Payment F-6: Receipt Journal Sales b82e1 to ru 0912- 731-4 acepa 6c46- Purchase 2731- Fl O: OåuVooctgs E: Autofill Change Mode More Details O: Related ¯ Repons Optional post -Dated J: Stat acep .337.0 -c978 ning 2d109 ing j _id" : . 0—011' 6c46- D: Delete x: Cancel Vch Adjustment El 2: Configure Mode Wi...
[shot] tds-043-R2-acc-sub1 (1024x768)
[18:33:39] [tds] screen tds-043-R2-acc-sub1 : EDU c Prime K: Company Y: Data Accounting Voucher Creation 03 Recei t No. 2 • Account Cash Current balance: 500.00 Dr Particulars Narration: Unity Quit Z: Exchange A Accept Q Search O: Import E: Export M: Share FinCom • ke Co p: print x 2-Oct-26 Friday Amount Fl: Help Q: Date Company Ed: Contra Payment F-6: Receipt Journal Sales b82e1 to ru 0912- 731-4 acepa 6c46- Purchase 2731- Fl O: OåuVooctgs E: Autofill Change Mode More Details O: Related ¯ Repons Optional post -Dated J: Stat acep .337.0 -c978 ning 2d109 ing j _id" : . 0—011' 6c46- D: Delete x: Cancel Vch Adjustment El 2: Configure Mode Wi...
[keys] 'Spike Income{ENTER}' -> Tally 'TallyPrime:9000'
[shot] tds-044-R2-row1 (1024x768)
[18:33:43] [tds] screen tds-044-R2-row1 : EDU c Prime K: Company Y: Data Accounting Voucher Creation 03 Recei t No. 2 • Account Cash Current balance: 500.00 Dr Particulars Spike Income CurBal: 5,000.00 Cr Narration: Unity Quit Z: Exchange A Accept Q Search O: Import E: Export M: Share FinCom • ke Co p: print x 2-Oct-26 Friday Amount Fl: Help Q: Date Company Ed: Contra Payment F-6: Receipt Journal Sales b82e1 to ru 0912- 731-4 acepa 6c46- Purchase 2731- Fl O: OåuVooctgs E: Autofill Change Mode More Details O: Related ¯ Repons Optional post -Dated J: Stat acep .337.0 -c978 ning 2d109 ing j _id" : . 0—011' 6c46- D: Delete x: Cancel Vch A...
[shot] tds-045-R2-row1-a-sub1 (1024x768)
[18:33:44] [tds] screen tds-045-R2-row1-a-sub1 : EDU c Prime K: Company Y: Data Accounting Voucher Creation 03 Recei t No. 2 • Account Cash Current balance: 500.00 Dr Particulars Spike Income CurBal: 5,000.00 Cr Narration: Unity Quit Z: Exchange A Accept Q Search O: Import E: Export M: Share FinCom • ke Co p: print x 2-Oct-26 Friday Amount Fl: Help Q: Date Company Ed: Contra Payment F-6: Receipt Journal Sales b82e1 to ru 0912- 731-4 acepa 6c46- Purchase 2731- Fl O: OåuVooctgs E: Autofill Change Mode More Details O: Related ¯ Repons Optional post -Dated J: Stat acep .337.0 -c978 ning 2d109 ing j _id" : . 0—011' 6c46- D: Delete x: Cancel Vch A...
[keys] '700{ENTER}' -> Tally 'TallyPrime:9000'
[shot] tds-046-R2-row1-amt (1024x768)
[18:33:48] [tds] screen tds-046-R2-row1-amt : EDU c Prime K: Company Y: Data Cost Centre Allocations Unity Quit Z: Exchange O: Import E: Export M: Share p: print Fl: Help FinCom Spike Co Cost Allocations for : Spike Income Up to: 700.00 cr Name of Cost Centre A Accept Q Search Amount b82e1 to ru 0912- 731-4 acepa 6c46- 2731- acep .337.0 -c978 ning 2d109 ing j _id" : . 0—011' 6c46- Mode Windows Server 2025 Datacenter Build 26100.ge_release240331-1435 6:33 PM 10/8/2026
[shot] tds-047-R2-row1-bills1 (1024x768)
[18:33:49] [tds] screen tds-047-R2-row1-bills1 : EDU c Prime K: Company Y: Data Cost Centre Allocations Unity Quit Z: Exchange O: Import E: Export M: Share p: print Fl: Help FinCom Spike Co Cost Allocations for : Spike Income Up to: 700.00 cr Name of Cost Centre A Accept Q Search Amount b82e1 to ru 0912- 731-4 acepa 6c46- 2731- acep .337.0 -c978 ning 2d109 ing j _id" : . 0—011' 6c46- Mode Windows Server 2025 Datacenter Build 26100.ge_release240331-1435 6:33 PM 10/8/2026
[shot] tds-048-R2-row1-b-sub1 (1024x768)
[18:33:50] [tds] screen tds-048-R2-row1-b-sub1 : EDU c Prime K: Company Y: Data Cost Centre Allocations Unity Quit Z: Exchange O: Import E: Export M: Share p: print Fl: Help FinCom Spike Co Cost Allocations for : Spike Income Up to: 700.00 cr Name of Cost Centre A Accept Q Search Amount b82e1 to ru 0912- 731-4 acepa 6c46- 2731- acep .337.0 -c978 ning 2d109 ing j _id" : . 0—011' 6c46- Mode Windows Server 2025 Datacenter Build 26100.ge_release240331-1435 6:33 PM 10/8/2026
[keys] '^a' -> Tally 'TallyPrime:9000'
[shot] tds-049-R2-row1-b-sub-accept (1024x768)
[18:33:54] [tds] screen tds-049-R2-row1-b-sub-accept : EDU c Prime K: Company Y: Data Accounting Voucher Creation 03 Recei t No. 2 • Account Cash Current balance: 1,200.00 Dr Particulars Spike Income CurBal: 5,700.00 Cr Share Emp 1 Narration: Unity Quit Z: Exchange 700.00 Cr A Accept Q Search O: Import E: Export M: Share FinCom • ke Co p: print x 2-Oct-26 Friday Amount 700.00 700.00 Fl: Help Q: Date Company Ed: Contra Payment F-6: Receipt : Journal Sales b82e1 to ru 0912- 731-4 acepa 6c46- Purchase 2731- Fl O: OåuVooctgs E: Autofill Change Mode More Details O: Related ¯ Repons Optional post -Dated J: Stat acep .337.0 -c978 ning 2d109 ing j _id" : ...
[shot] tds-050-R2-row1-b-sub2 (1024x768)
[18:33:55] [tds] screen tds-050-R2-row1-b-sub2 : EDU c Prime K: Company Y: Data Accounting Voucher Creation 03 Recei t No. 2 • Account Cash Current balance: 1,200.00 Dr Particulars Spike Income CurBal: 5,700.00 Cr Share Emp 1 Narration: Unity Quit Z: Exchange 700.00 Cr A Accept Q Search O: Import E: Export M: Share FinCom • ke Co p: print x 2-Oct-26 Friday Amount 700.00 700.00 Fl: Help Q: Date Company Ed: Contra Payment F-6: Receipt : Journal Sales b82e1 to ru 0912- 731-4 acepa 6c46- Purchase 2731- Fl O: OåuVooctgs E: Autofill Change Mode More Details O: Related ¯ Repons Optional post -Dated J: Stat acep .337.0 -c978 ning 2d109 ing j _id" : ...
[keys] '{ENTER}' -> Tally 'TallyPrime:9000'
[shot] tds-051-R2-rows-done (1024x768)
[18:33:59] [tds] screen tds-051-R2-rows-done : EDU c Prime K: Company Y: Data Accounting Voucher Creation 03 Recei t No. 2 • Account Cash Current balance: 1,200.00 Dr Particulars Spike Income CurBal: 5,700.00 Cr Share Emp 1 Narration: dB Unity Quit Z: Exchange 700.00 Cr Accept Q Search O: Import E: Export M: Share FinCom • ke Co p: print x 2-Oct-26 Friday Amount 700.00 700.00 Fl: Help Q: Date Company Ed: Contra Payment F-6: Receipt : Journal Sales b82e1 to ru 0912- 731-4 acepa 6c46- Purchase 2731- Fl O: OåuVooctgs E: Autofill Change Mode More Details O: Related ¯ Repons Optional post -Dated J: Stat acep .337.0 -c978 ning 2d109 ing j _id" :...
[shot] tds-052-R2-done-sub1 (1024x768)
[18:34:00] [tds] screen tds-052-R2-done-sub1 : EDU c Prime K: Company Y: Data Accounting Voucher Creation 03 Recei t No. 2 • Account Cash Current balance: 1,200.00 Dr Particulars Spike Income CurBal: 5,700.00 Cr Share Emp 1 Narration: dB Unity Quit Z: Exchange 700.00 Cr Accept Q Search O: Import E: Export M: Share FinCom • ke Co p: print x 2-Oct-26 Friday Amount 700.00 700.00 Fl: Help Q: Date Company Ed: Contra Payment F-6: Receipt : Journal Sales b82e1 to ru 0912- 731-4 acepa 6c46- Purchase 2731- Fl O: OåuVooctgs E: Autofill Change Mode More Details O: Related ¯ Repons Optional post -Dated J: Stat acep .337.0 -c978 ning 2d109 ing j _id" :...
[keys] 'share receipt plain{ENTER}' -> Tally 'TallyPrime:9000'
[shot] tds-053-R2-narr (1024x768)
[18:34:04] [tds] screen tds-053-R2-narr : EDU c Prime K: Company Y: Data Accounting Voucher Creation 03 Recei t No. 2 • Account Cash Current balance: 1,200.00 Dr Particulars Spike Income CurBal: 5,700.00 Cr Share Emp 1 Narration: • share receipt plain Unity Q: Quit Z: Exchange 700.00 Cr A: Accept Q Search O: Import E: Export M: Share FinCom p: print x 2-Oct-26 Friday Amount 700.00 700.00 Accept Q Yes or No D: Delete X: Cancel Vch Fl: Help F-2: Date F-3: Company F-4: Contra F-5: Payment F-6: Receipt F-7: Journal F-9: Purchase PIO: E: Autofill H: Change = Mode I: More - Details O: Related ¯ Repons L: Optional T: post = -Dated J: Stat ¯ ...
[keys] '^a' -> Tally 'TallyPrime:9000'
[shot] tds-054-R2-accept1 (1024x768)
[18:34:08] [tds] screen tds-054-R2-accept1 : EDU c Prime K: Company Y: Data Accounting Voucher Creation 03 Recei t • Account Current balance: Particulars Narration: Unity Quit Z: Exchange A Accept Q Search O: Import E: Export M: Share FinCom • ke Co p: print x 2-Oct-26 Friday Amount Fl: Help Q: Date Company Ed: Contra Payment F-6: Receipt Journal Sales b82e1 to ru 0912- 731-4 acepa 6c46- Purchase 2731- Fl O: OåuVooctgs E: Autofill Change Mode More Details O: Related ¯ Repons Optional post -Dated J: Stat acep .337.0 -c978 ning 2d109 ing j _id" : . 0—011' 6c46- D: Delete x: Cancel Vch Adjustment El 2: Configure Mode Windows Server 2025 Dat...
[shot] tds-055-R2-after1 (1024x768)
[18:34:09] [tds] screen tds-055-R2-after1 : EDU c Prime K: Company Y: Data Accounting Voucher Creation 03 Recei t • Account Current balance: Particulars Narration: Unity Quit Z: Exchange A Accept Q Search O: Import E: Export M: Share FinCom • ke Co p: print x 2-Oct-26 Friday Amount Fl: Help Q: Date Company Ed: Contra Payment F-6: Receipt Journal Sales b82e1 to ru 0912- 731-4 acepa 6c46- Purchase 2731- Fl O: OåuVooctgs E: Autofill Change Mode More Details O: Related ¯ Repons Optional post -Dated J: Stat acep .337.0 -c978 ning 2d109 ing j _id" : . 0—011' 6c46- D: Delete x: Cancel Vch Adjustment El 2: Configure Mode Windows Server 2025 Dat...
[keys] '^a' -> Tally 'TallyPrime:9000'
[shot] tds-056-R2-accept2 (1024x768)
[18:34:14] [tds] screen tds-056-R2-accept2 : Unity EDU c Prime K: Company Y: Data Accounting Voucher Creation Q: Quit Z: Exchange A: Accept Q Search O: Import E: Export M: Share p: print FinCom Spike Co x Error Oops! No Entries in Voucher! p: Delete , cancel vch Fl: Help F-2: Date F-3: Company F-4: Contra F-5: Payment F-6: Receipt F-7: Journal F-9: Purchase PIO: E: Autofill H: Change = Mode I: More - Details O: Related ¯ Repons L: Optional T: post = -Dated J: Stat ¯ Adjustment F-12: Configure b82e1 to ru 0912- 731-4 acepa 6c46- 2731- acep .337.0 -c978 ning 2d109 ing j _id" : . 0—011' 6c46- Mode Windows Server 2025 Datacenter Build 26100....
[shot] tds-057-R2-after2 (1024x768)
[18:34:15] [tds] screen tds-057-R2-after2 : Unity EDU c Prime K: Company Y: Data Accounting Voucher Creation Q: Quit Z: Exchange A: Accept Q Search O: Import E: Export M: Share p: print FinCom Spike Co x Error Oops! No Entries in Voucher! p: Delete , cancel vch Fl: Help F-2: Date F-3: Company F-4: Contra F-5: Payment F-6: Receipt F-7: Journal F-9: Purchase PIO: E: Autofill H: Change = Mode I: More - Details O: Related ¯ Repons L: Optional T: post = -Dated J: Stat ¯ Adjustment F-12: Configure b82e1 to ru 0912- 731-4 acepa 6c46- 2731- acep .337.0 -c978 ning 2d109 ing j _id" : . 0—011' 6c46- Mode Windows Server 2025 Datacenter Build 26100....
[keys] '^a' -> Tally 'TallyPrime:9000'
[shot] tds-058-R2-accept3 (1024x768)
[18:34:20] [tds] screen tds-058-R2-accept3 : EDU c Prime K: Company Y: Data Accounting Voucher Creation 03 Recei t • Account Cash Current balance: 1,200.00 Dr Particulars End of List Cur Bal: Narration: Unity Quit Z: Exchange A Accept Q Search FinCom • ke Co O: Import E: Export List of Led er Accounts Cash Share Bank M: Share p: print x Create Fl: Help Q: Date Company Ed: Contra Payment F-6: Receipt Journal Sales b82e1 to ru 0912- 731-4 acepa 6c46- Purchase 2731- Fl O: OåuVooctgs E: Autofill Change Mode More Details O: Related ¯ Repons Optional post -Dated J: Stat acep .337.0 -c978 ning 2d109 ing j _id" : . 0—011' 6c46- D: Delete Cancel ...
[shot] tds-059-R2-after3 (1024x768)
[18:34:21] [tds] screen tds-059-R2-after3 : EDU c Prime K: Company Y: Data Accounting Voucher Creation 03 Recei t • Account Cash Current balance: 1,200.00 Dr Particulars End of List Cur Bal: Narration: Unity Quit Z: Exchange A Accept Q Search FinCom • ke Co O: Import E: Export List of Led er Accounts Cash Share Bank M: Share p: print x Create Fl: Help Q: Date Company Ed: Contra Payment F-6: Receipt Journal Sales b82e1 to ru 0912- 731-4 acepa 6c46- Purchase 2731- Fl O: OåuVooctgs E: Autofill Change Mode More Details O: Related ¯ Repons Optional post -Dated J: Stat acep .337.0 -c978 ning 2d109 ing j _id" : . 0—011' 6c46- D: Delete Cancel ...
[keys] '^a' -> Tally 'TallyPrime:9000'
[shot] tds-060-R2-accept4 (1024x768)
[18:34:25] [tds] screen tds-060-R2-accept4 : Unity EDU c Prime K: Company Y: Data Accounting Voucher Creation Q: Quit Z: Exchange A: Accept Q Search O: Import E: Export M: Share p: print FinCom Spike Co x Error Oops! No Entries in Voucher! p: Delete , cancel vch Fl: Help F-2: Date F-3: Company F-4: Contra F-5: Payment F-6: Receipt F-7: Journal F-9: Purchase PIO: E: Autofill H: Change = Mode I: More - Details O: Related ¯ Repons L: Optional T: post = -Dated J: Stat ¯ Adjustment F-12: Configure b82e1 to ru 0912- 731-4 acepa 6c46- 2731- acep .337.0 -c978 ning 2d109 ing j _id" : . 0—011' 6c46- Mode Windows Server 2025 Datacenter Build 26100....
[shot] tds-061-R2-after4 (1024x768)
[18:34:26] [tds] screen tds-061-R2-after4 : Unity EDU c Prime K: Company Y: Data Accounting Voucher Creation Q: Quit Z: Exchange A: Accept Q Search O: Import E: Export M: Share p: print FinCom Spike Co x Error Oops! No Entries in Voucher! p: Delete , cancel vch Fl: Help F-2: Date F-3: Company F-4: Contra F-5: Payment F-6: Receipt F-7: Journal F-9: Purchase PIO: E: Autofill H: Change = Mode I: More - Details O: Related ¯ Repons L: Optional T: post = -Dated J: Stat ¯ Adjustment F-12: Configure b82e1 to ru 0912- 731-4 acepa 6c46- 2731- acep .337.0 -c978 ning 2d109 ing j _id" : . 0—011' 6c46- Mode Windows Server 2025 Datacenter Build 26100....
[shot] tds-062-gw0 (1024x768)
[18:34:27] [tds] screen tds-062-gw0 : Unity EDU c Prime K: Company Y: Data Accounting Voucher Creation Q: Quit Z: Exchange A: Accept Q Search O: Import E: Export M: Share p: print FinCom Spike Co x Error Oops! No Entries in Voucher! p: Delete , cancel vch Fl: Help F-2: Date F-3: Company F-4: Contra F-5: Payment F-6: Receipt F-7: Journal F-9: Purchase PIO: E: Autofill H: Change = Mode I: More - Details O: Related ¯ Repons L: Optional T: post = -Dated J: Stat ¯ Adjustment F-12: Configure b82e1 to ru 0912- 731-4 acepa 6c46- 2731- acep .337.0 -c978 ning 2d109 ing j _id" : . 0—011' 6c46- Mode Windows Server 2025 Datacenter Build 26100....
[keys] '{ESC}' -> Tally 'TallyPrime:9000'
[shot] tds-063-gw1 (1024x768)
[18:34:31] [tds] screen tds-063-gw1 : EDU c Prime K: Company Y: Data Accounting Voucher Creation 03 Recei t Cash • Account Current balance: 1,200.00 Dr Particulars End of List Cur Bal: Narration: Unity Quit Z: Exchange A Accept Q Search FinCom • ke Co O: Import E: Export List of Led er Accounts Cash Share Bank M: Share p: print x Create Fl: Help Q: Date Company Ed: Contra Payment F-6: Receipt Journal Sales b82e1 to ru 0912- 731-4 acepa 6c46- Purchase 2731- Fl O: OåuVooctgs E: Autofill Change Mode More Details O: Related ¯ Repons Optional post -Dated J: Stat acep .337.0 -c978 ning 2d109 ing j _id" : . 0—011' 6c46- D: Delete Cancel ...
[keys] '{ESC}' -> Tally 'TallyPrime:9000'
[shot] tds-064-gw2 (1024x768)
[18:34:35] [tds] screen tds-064-gw2 : EDU c Prime K: Company Y: Data Accounting Voucher Creation 03 Recei t • Account Current balance: 1,200.00 Dr Particulars End of List Cur Bal: Narration: Unity Quit Z: Exchange A Accept Q Search FinCom • ke Co O: Import E: Export List of Led er Accounts Cash Share Bank M: Share p: print x Create Fl: Help Q: Date Company Ed: Contra Payment F-6: Receipt Journal Sales b82e1 to ru 0912- 731-4 acepa 6c46- Purchase 2731- Fl O: OåuVooctgs E: Autofill Change Mode More Details O: Related ¯ Repons Optional post -Dated J: Stat acep .337.0 -c978 ning 2d109 ing j _id" : . 0—011' 6c46- D: Delete Cancel Vch A...
[keys] '{ESC}' -> Tally 'TallyPrime:9000'
[shot] tds-065-gw3 (1024x768)
[18:34:38] [tds] screen tds-065-gw3 : EDU c Prime K: Company Y: Data Accounting Voucher Creation 03 Recei t • Account Current balance: 1,200.00 Dr Particulars End of List Cur Bal: Narration: Unity Q: Quit Z: Exchange FinCom A: Accept Q Search O: Import E: Export M: Share p: print x 2-Oct-26 Friday Amount Quit o Yes or No D: Delete X: Cancel Vch Fl: Help F-2: Date F-3: Company F-4: Contra F-5: Payment F-6: Receipt F-7: Journal F-9: Purchase PIO: E: Autofill H: Change = Mode I: More - Details O: Related ¯ Repons L: Optional T: post = -Dated J: Stat ¯ Adjustment F-12: Configure b82e1 to ru 0912- 731-4 acepa 6c46- 2731- acep .337.0 -c...
[keys] 'y' -> Tally 'TallyPrime:9000'
[shot] tds-066-gw4 (1024x768)
[18:34:42] [tds] screen tds-066-gw4 : EDU c Prime Gatewa of Tall CURRENT PERIOD K: Company Y: Data Z: Exchange O: Import E: Export M: Share p: print Fl: Help Date b82e1 I-Apr-26 to 31-Mar-27 NAME OF COMPANY FinCom Spike Co Q CURRENT OATE Friday, 2-Oct-2026 2-Oct-26 Search Gateway of Tally MASTERS Create Alter CHart of Accounts TRANSACTIONS Vouchers Day 800K UTILITIES BaNking REPORTS Balance Sheet Profit & Loss A/c Stock Summary Ratio Analysis Display More Reports DashbOard Quit Unity Company to ru 0912- 731-4 acepa 6c46- 2731- acep .337.0 -c978 ning 2d109 ing j _id" : . 0—011' 6c46- Mode Windows Server 2025 Datacenter Build 26100....
  voucher mid=1 aid=1 Journal/1/20260401 guid=6a19ae25-8faa-41ba-b1a7-6062aa81a638-00000001 cancelled=False
  voucher mid=2 aid=2 Journal/2/20261001 guid=6a19ae25-8faa-41ba-b1a7-6062aa81a638-00000002 cancelled=False
  voucher mid=3 aid=3 Journal/3/20261001 guid=6a19ae25-8faa-41ba-b1a7-6062aa81a638-00000003 cancelled=False
  voucher mid=4 aid=4 Journal/4/20261001 guid=6a19ae25-8faa-41ba-b1a7-6062aa81a638-00000004 cancelled=False
  voucher mid=5 aid=5 Journal/5/20261001 guid=6a19ae25-8faa-41ba-b1a7-6062aa81a638-00000005 cancelled=False
  voucher mid=6 aid=6 Payroll/1/20261001 guid=6a19ae25-8faa-41ba-b1a7-6062aa81a638-00000006 cancelled=False
  voucher mid=7 aid=7 Receipt/1/20261002 guid=6a19ae25-8faa-41ba-b1a7-6062aa81a638-00000007 cancelled=False
  voucher mid=8 aid=8 Receipt/2/20261002 guid=6a19ae25-8faa-41ba-b1a7-6062aa81a638-00000008 cancelled=False
  INFO share receipt-plain (receipt with no party (Cash / Spike Income)): Tally Receipt 2 mid 8; stored party 'Cash' bills []; the line party '' bills []; lines voucher_accept_post x1, voucher_full x1
[18:34:45] ---- share payment-agst: payment to a supplier against its bill (Agst Ref PB-1)
  voucher mid=1 aid=1 Journal/1/20260401 guid=6a19ae25-8faa-41ba-b1a7-6062aa81a638-00000001 cancelled=False
  voucher mid=2 aid=2 Journal/2/20261001 guid=6a19ae25-8faa-41ba-b1a7-6062aa81a638-00000002 cancelled=False
  voucher mid=3 aid=3 Journal/3/20261001 guid=6a19ae25-8faa-41ba-b1a7-6062aa81a638-00000003 cancelled=False
  voucher mid=4 aid=4 Journal/4/20261001 guid=6a19ae25-8faa-41ba-b1a7-6062aa81a638-00000004 cancelled=False
  voucher mid=5 aid=5 Journal/5/20261001 guid=6a19ae25-8faa-41ba-b1a7-6062aa81a638-00000005 cancelled=False
  voucher mid=6 aid=6 Payroll/1/20261001 guid=6a19ae25-8faa-41ba-b1a7-6062aa81a638-00000006 cancelled=False
  voucher mid=7 aid=7 Receipt/1/20261002 guid=6a19ae25-8faa-41ba-b1a7-6062aa81a638-00000007 cancelled=False
  voucher mid=8 aid=8 Receipt/2/20261002 guid=6a19ae25-8faa-41ba-b1a7-6062aa81a638-00000008 cancelled=False
[shot] tds-067-gw0 (1024x768)
[18:34:46] [tds] screen tds-067-gw0 : EDU c Prime Gatewa of Tall CURRENT PERIOD K: Company Y: Data Z: Exchange O: Import E: Export M: Share p: print Fl: Help Date b82e1 I-Apr-26 to 31-Mar-27 NAME OF COMPANY FinCom Spike Co Q CURRENT OATE Friday, 2-Oct-2026 2-Oct-26 Search Gateway of Tally MASTERS Create Alter CHart of Accounts TRANSACTIONS Vouchers Day 800K UTILITIES BaNking REPORTS Balance Sheet Profit & Loss A/c Stock Summary Ratio Analysis Display More Reports DashbOard Quit Unity Company to ru 0912- 731-4 acepa 6c46- 2731- acep .337.0 -c978 ning 2d109 ing j _id" : . 0—011' 6c46- Mode Windows Server 2025 Datacenter Build 26100....
[shot] tds-068-P1-start (1024x768)
[18:34:47] [tds] screen tds-068-P1-start : EDU c Prime Gatewa of Tall CURRENT PERIOD K: Company Y: Data Z: Exchange O: Import E: Export M: Share p: print Fl: Help Date b82e1 I-Apr-26 to 31-Mar-27 NAME OF COMPANY FinCom Spike Co Q CURRENT OATE Friday, 2-Oct-2026 2-Oct-26 Search Gateway of Tally MASTERS Create Alter CHart of Accounts TRANSACTIONS Vouchers Day 800K UTILITIES BaNking REPORTS Balance Sheet Profit & Loss A/c Stock Summary Ratio Analysis Display More Reports DashbOard Quit Unity Company to ru 0912- 731-4 acepa 6c46- 2731- acep .337.0 -c978 ning 2d109 ing j _id" : . 0—011' 6c46- Mode Windows Server 2025 Datacenter Build 26100....
[keys] 'v' -> Tally 'TallyPrime:9000'
[shot] tds-069-P1-vouchers (1024x768)
[18:34:51] [tds] screen tds-069-P1-vouchers : EDU c Prime K: Company Y: Data Accounting Voucher Creation 03 Recei t • Account Current balance: Particulars Narration: Unity Quit Z: Exchange A Accept Q Search O: Import E: Export M: Share FinCom • ke Co p: print x 2-Oct-26 Friday Amount Fl: Help Q: Date Company Ed: Contra Payment F-6: Receipt Journal Sales b82e1 to ru 0912- 731-4 acepa 6c46- Purchase 2731- Fl O: OåuVooctgs E: Autofill Change Mode More Details O: Related ¯ Repons Optional post -Dated J: Stat acep .337.0 -c978 ning 2d109 ing j _id" : . 0—011' 6c46- D: Delete x: Cancel Vch Adjustment El 2: Configure Mode Windows Server 2025 Dat...
[keys] '{F5}' -> Tally 'TallyPrime:9000'
[shot] tds-070-P1-type (1024x768)
[18:34:56] [tds] screen tds-070-P1-type : EDU c Prime K: Company Y: Data Accounting Voucher Creation 03 Pa ment No. 1 • Account Current balance: Particulars Narration: Unity Quit Z: Exchange A Accept Q Search O: Import E: Export M: Share FinCom • ke Co p: print 20ct-26 Friday Amount Fl: Help Q: Date Company Ed: Contra F-5: Payment Receipt Journal Sales b82e1 to ru 0912- 731-4 acepa 6c46- Purchase 2731- Fl O: OåuVooctgs E: Autofill Change Mode More Details O: Related ¯ Repons Optional post -Dated J: Stat acep .337.0 -c978 ning 2d109 ing j _id" : . 0—011' 6c46- D: Delete x: Cancel Vch Adjustment El 2: Configure Mode Windows Server 2025 ...
[keys] '{F2}' -> Tally 'TallyPrime:9000'
[shot] tds-071-P1-date-box (1024x768)
[18:34:59] [tds] screen tds-071-P1-date-box : EDU c Prime Change Voucher Date Unity Quit K: Company Y: Data Z: Exchange A Accept Q Search O: Import E: Export M: Share p: print Fl: Help FinCom Spike Co Voucher Date 3-10-2026 b82e1 to ru 0912- 731-4 acepa 6c46- 2731- acep .337.0 -c978 ning 2d109 ing j _id" : . 0—011' 6c46- Mode Windows Server 2025 Datacenter Build 26100.ge_release240331-1435 6:34 PM 10/8/2026
[keys] '2-10-2026{ENTER}' -> Tally 'TallyPrime:9000'
[shot] tds-072-P1-date (1024x768)
[18:35:03] [tds] screen tds-072-P1-date : EDU c Prime K: Company Y: Data Accounting Voucher Creation 03 Pa ment No. 1 • Account Current balance: Particulars Narration: Unity Quit Z: Exchange A Accept Q Search O: Import E: Export M: Share FinCom • ke Co p: print 20ct-26 Friday Amount Fl: Help Q: Date Company Ed: Contra F-5: Payment Receipt Journal Sales b82e1 to ru 0912- 731-4 acepa 6c46- Purchase 2731- Fl O: OåuVooctgs E: Autofill Change Mode More Details O: Related ¯ Repons Optional post -Dated J: Stat acep .337.0 -c978 ning 2d109 ing j _id" : . 0—011' 6c46- D: Delete x: Cancel Vch Adjustment El 2: Configure Mode Windows Server 2025 ...
[keys] 'Cash{ENTER}' -> Tally 'TallyPrime:9000'
[shot] tds-073-P1-account (1024x768)
[18:35:07] [tds] screen tds-073-P1-account : EDU c Prime K: Company Y: Data Accounting Voucher Creation 03 Pa ment No. 1 • Account Cash Current balance: 1,200.00 Dr Particulars Narration: Unity Quit Z: Exchange A Accept Q Search O: Import E: Export M: Share FinCom • ke Co p: print 20ct-26 Friday Amount Fl: Help Q: Date Company Ed: Contra F-5: Payment Receipt Journal Sales b82e1 to ru 0912- 731-4 acepa 6c46- Purchase 2731- Fl O: OåuVooctgs E: Autofill Change Mode More Details O: Related ¯ Repons Optional post -Dated J: Stat acep .337.0 -c978 ning 2d109 ing j _id" : . 0—011' 6c46- D: Delete x: Cancel Vch Adjustment El 2: Configure Mode Win...
[shot] tds-074-P1-acc-sub1 (1024x768)
[18:35:08] [tds] screen tds-074-P1-acc-sub1 : EDU c Prime K: Company Y: Data Accounting Voucher Creation 03 Pa ment No. 1 • Account Cash Current balance: 1,200.00 Dr Particulars Narration: Unity Quit Z: Exchange A Accept Q Search O: Import E: Export M: Share FinCom • ke Co p: print 20ct-26 Friday Amount Fl: Help Q: Date Company Ed: Contra F-5: Payment Receipt Journal Sales b82e1 to ru 0912- 731-4 acepa 6c46- Purchase 2731- Fl O: OåuVooctgs E: Autofill Change Mode More Details O: Related ¯ Repons Optional post -Dated J: Stat acep .337.0 -c978 ning 2d109 ing j _id" : . 0—011' 6c46- D: Delete x: Cancel Vch Adjustment El 2: Configure Mode Win...
[keys] 'Share Supplier{ENTER}' -> Tally 'TallyPrime:9000'
[shot] tds-075-P1-row1 (1024x768)
[18:35:12] [tds] screen tds-075-P1-row1 : EDU c Prime K: Company Y: Data Accounting Voucher Creation 03 Pa ment No. 1 • Account Cash Current balance: 1,200.00 Dr Particulars Share Supplier CurBal: 3,000.00 Cr Narration: Unity Quit Z: Exchange A Accept Q Search O: Import E: Export M: Share FinCom • ke Co p: print 20ct-26 Friday Amount Fl: Help Q: Date Company Ed: Contra F-5: Payment Receipt Journal Sales b82e1 to ru 0912- 731-4 acepa 6c46- Purchase 2731- Fl O: OåuVooctgs E: Autofill Change Mode More Details O: Related ¯ Repons Optional post -Dated J: Stat acep .337.0 -c978 ning 2d109 ing j _id" : . 0—011' 6c46- D: Delete x: Cancel Vch ...
[shot] tds-076-P1-row1-a-sub1 (1024x768)
[18:35:13] [tds] screen tds-076-P1-row1-a-sub1 : EDU c Prime K: Company Y: Data Accounting Voucher Creation 03 Pa ment No. 1 • Account Cash Current balance: 1,200.00 Dr Particulars Share Supplier CurBal: 3,000.00 Cr Narration: Unity Quit Z: Exchange A Accept Q Search O: Import E: Export M: Share FinCom • ke Co p: print 20ct-26 Friday Amount Fl: Help Q: Date Company Ed: Contra F-5: Payment Receipt Journal Sales b82e1 to ru 0912- 731-4 acepa 6c46- Purchase 2731- Fl O: OåuVooctgs E: Autofill Change Mode More Details O: Related ¯ Repons Optional post -Dated J: Stat acep .337.0 -c978 ning 2d109 ing j _id" : . 0—011' 6c46- D: Delete x: Cancel Vch ...
[keys] '400{ENTER}' -> Tally 'TallyPrime:9000'
[shot] tds-077-P1-row1-amt (1024x768)
[18:35:16] [tds] screen tds-077-P1-row1-amt : EDU c Prime Bill-wise Details Unity Quit K: Company Y: Data Z: Exchange FinCom Spike Co Bill-wise Details for : Share Supplier Up to: 400.00 Dr O: Import Amount E: Export M: Share p: print x Fl: Help Type of Ref St Ref Name Method of Ad Advance Agst Ref New Ref On Account Accept Q Search Due Date, or Credit Days 20ct-26) b82e1 to ru 0912- 731-4 acepa 6c46- 2731- acep .337.0 -c978 ning 2d109 ing j _id" : . 0—011' 6c46- Mode Windows Server 2025 Datacenter Build 26100.ge_release240331-1435 6:35 PM 10/8/2026
[shot] tds-078-P1-row1-bills1 (1024x768)
[18:35:17] [tds] screen tds-078-P1-row1-bills1 : EDU c Prime Bill-wise Details Unity Quit K: Company Y: Data Z: Exchange FinCom Spike Co Bill-wise Details for : Share Supplier Up to: 400.00 Dr O: Import Amount E: Export M: Share p: print x Fl: Help Type of Ref St Ref Name Method of Ad Advance Agst Ref New Ref On Account Accept Q Search Due Date, or Credit Days 20ct-26) b82e1 to ru 0912- 731-4 acepa 6c46- 2731- acep .337.0 -c978 ning 2d109 ing j _id" : . 0—011' 6c46- Mode Windows Server 2025 Datacenter Build 26100.ge_release240331-1435 6:35 PM 10/8/2026
[keys] 'Agst Ref{ENTER}' -> Tally 'TallyPrime:9000'
[shot] tds-079-P1-row1-reftype (1024x768)
[18:35:21] [tds] screen tds-079-P1-row1-reftype : EDU c Prime Bill-wise Details Unity Quit K: Company Y: Data Z: Exchange FinCom Spike Co Bill-wise Details for : Share Supplier Up to: 400.00 Dr O: Import Amount E: Export M: Share p: print x Fl: Help pendin Name ADVP-I PB-I Type of Ref Agst Ref Bills Bill Date I-Oct-26 I-Oct-26 Accept Name Due Date I-Oct-26 I-Oct-26 Due Date, or Credit Days (wef 20ct-26) Balance 1,000.00 Dr 4,000.00 Cr Final Balance 1,000.00 Dr 4,000.00 Cr b82e1 to ru 0912- 731-4 acepa 6c46- 2731- acep .337.0 -c978 ning 2d109 ing j _id" : . 0—011' 6c46- Mode Q Search Windows Server 2025 Datacenter Build 26100.ge_release240331-...
[keys] 'PB-1{ENTER}' -> Tally 'TallyPrime:9000'
[shot] tds-080-P1-row1-refname (1024x768)
[18:35:25] [tds] screen tds-080-P1-row1-refname : EDU c Prime Bill-wise Details Unity Quit K: Company Y: Data Z: Exchange O: Import E: Export M: Share p: print x Fl: Help FinCom Spike Co Bill-wise Details for : Share Supplier Up to: 400.00 Dr Type of Ref Agst Ref Name PB_I Accept Q Search Due Date, or Credit Days (wef 20ct-26) Amount $0.00 Dr 400.00 Dr b82e1 to ru 0912- 731-4 acepa 6c46- 2731- acep .337.0 -c978 ning 2d109 ing j _id" : . 0—011' 6c46- Mode Windows Server 2025 Datacenter Build 26100.ge_release240331-1435 6:35 PM 10/8/2026
[keys] '{ENTER}' -> Tally 'TallyPrime:9000'
[shot] tds-081-P1-row1-refamount (1024x768)
[18:35:29] [tds] screen tds-081-P1-row1-refamount : EDU c Prime Bill-wise Details Unity Quit K: Company Y: Data Z: Exchange O: Import E: Export M: Share p: print x Fl: Help FinCom Spike Co Bill-wise Details for : Share Supplier Up to: 400.00 Dr Type of Ref Agst Ref Name PB_I Accept Q Search Due Date, or Credit Days (wef 20ct-26) Amount 400.00 400.00 Dr b82e1 to ru 0912- 731-4 acepa 6c46- 2731- acep .337.0 -c978 ning 2d109 ing j _id" : . 0—011' 6c46- Mode Windows Server 2025 Datacenter Build 26100.ge_release240331-1435 6:35 PM 10/8/2026
[shot] tds-082-P1-row1-bills2 (1024x768)
[18:35:29] [tds] screen tds-082-P1-row1-bills2 : EDU c Prime Bill-wise Details Unity Quit K: Company Y: Data Z: Exchange O: Import E: Export M: Share p: print x Fl: Help FinCom Spike Co Bill-wise Details for : Share Supplier Up to: 400.00 Dr Type of Ref Agst Ref Name PB_I Accept Q Search Due Date, or Credit Days (wef 20ct-26) Amount 400.00 400.00 Dr b82e1 to ru 0912- 731-4 acepa 6c46- 2731- acep .337.0 -c978 ning 2d109 ing j _id" : . 0—011' 6c46- Mode Windows Server 2025 Datacenter Build 26100.ge_release240331-1435 6:35 PM 10/8/2026
[keys] '^a' -> Tally 'TallyPrime:9000'
[shot] tds-083-P1-row1-bills-accept (1024x768)
[18:35:33] [tds] screen tds-083-P1-row1-bills-accept : EDU c Prime K: Company Y: Data Accounting Voucher Creation 03 Pa ment No. 1 • Account Cash Current balance: 800.00 Dr Particulars Share Supplier CurBal: 2,600.00 Cr Agst Ref PB-I Narration: Unity Quit Z: Exchange 400.00 Dr A Accept Q Search O: Import E: Export M: Share FinCom • ke Co p: print 20ct-26 Friday Amount 400.00 400.00 Fl: Help Q: Date Company Ed: Contra F-5: Payment Receipt : Journal Sales b82e1 to ru 0912- 731-4 acepa 6c46- Purchase 2731- Fl O: OåuVooctgs E: Autofill Change Mode More Details O: Related ¯ Repons Optional post -Dated J: Stat acep .337.0 -c978 ning 2d109 ing j _id" : ....
[shot] tds-084-P1-row1-bills3 (1024x768)
[18:35:34] [tds] screen tds-084-P1-row1-bills3 : EDU c Prime K: Company Y: Data Accounting Voucher Creation 03 Pa ment No. 1 • Account Cash Current balance: 800.00 Dr Particulars Share Supplier CurBal: 2,600.00 Cr Agst Ref PB-I Narration: Unity Quit Z: Exchange 400.00 Dr A Accept Q Search O: Import E: Export M: Share FinCom • ke Co p: print 20ct-26 Friday Amount 400.00 400.00 Fl: Help Q: Date Company Ed: Contra F-5: Payment Receipt : Journal Sales b82e1 to ru 0912- 731-4 acepa 6c46- Purchase 2731- Fl O: OåuVooctgs E: Autofill Change Mode More Details O: Related ¯ Repons Optional post -Dated J: Stat acep .337.0 -c978 ning 2d109 ing j _id" : ....
[shot] tds-085-P1-row1-b-sub1 (1024x768)
[18:35:35] [tds] screen tds-085-P1-row1-b-sub1 : EDU c Prime K: Company Y: Data Accounting Voucher Creation 03 Pa ment No. 1 • Account Cash Current balance: 800.00 Dr Particulars Share Supplier CurBal: 2,600.00 Cr Agst Ref PB-I Narration: Unity Quit Z: Exchange 400.00 Dr A Accept Q Search O: Import E: Export M: Share FinCom • ke Co p: print 20ct-26 Friday Amount 400.00 400.00 Fl: Help Q: Date Company Ed: Contra F-5: Payment Receipt : Journal Sales b82e1 to ru 0912- 731-4 acepa 6c46- Purchase 2731- Fl O: OåuVooctgs E: Autofill Change Mode More Details O: Related ¯ Repons Optional post -Dated J: Stat acep .337.0 -c978 ning 2d109 ing j _id" : ....
[keys] '{ENTER}' -> Tally 'TallyPrime:9000'
[shot] tds-086-P1-rows-done (1024x768)
[18:35:39] [tds] screen tds-086-P1-rows-done : EDU c Prime K: Company Y: Data Accounting Voucher Creation 03 Pa ment No. 1 • Account Cash Current balance: 800.00 Dr Particulars Share Supplier CurBal: 2,600.00 Cr Agst Ref PB-I Narration: dB Unity Quit Z: Exchange 400.00 Dr Accept Q Search O: Import E: Export M: Share FinCom • ke Co p: print 20ct-26 Friday Amount 400.00 400.00 Fl: Help Q: Date Company Ed: Contra F-5: Payment Receipt : Journal Sales b82e1 to ru 0912- 731-4 acepa 6c46- Purchase 2731- Fl O: OåuVooctgs E: Autofill Change Mode More Details O: Related ¯ Repons Optional post -Dated J: Stat acep .337.0 -c978 ning 2d109 ing j _id" : ...
[shot] tds-087-P1-done-sub1 (1024x768)
[18:35:40] [tds] screen tds-087-P1-done-sub1 : EDU c Prime K: Company Y: Data Accounting Voucher Creation 03 Pa ment No. 1 • Account Cash Current balance: 800.00 Dr Particulars Share Supplier CurBal: 2,600.00 Cr Agst Ref PB-I Narration: dB Unity Quit Z: Exchange 400.00 Dr Accept Q Search O: Import E: Export M: Share FinCom • ke Co p: print 20ct-26 Friday Amount 400.00 400.00 Fl: Help Q: Date Company Ed: Contra F-5: Payment Receipt : Journal Sales b82e1 to ru 0912- 731-4 acepa 6c46- Purchase 2731- Fl O: OåuVooctgs E: Autofill Change Mode More Details O: Related ¯ Repons Optional post -Dated J: Stat acep .337.0 -c978 ning 2d109 ing j _id" : ...
[keys] 'share payment agst{ENTER}' -> Tally 'TallyPrime:9000'
[shot] tds-088-P1-narr (1024x768)
[18:35:44] [tds] screen tds-088-P1-narr : EDU c Prime K: Company Y: Data Accounting Voucher Creation 03 Pa ment No. 1 • Account Cash Current balance: 800.00 Dr Particulars Share Supplier CurBal: 2,600.00 Cr Agst Ref PB-I Narration: • share payment agst Unity Q: Quit Z: Exchange 400.00 Dr A: Accept Q Search O: Import E: Export M: Share FinCom p: print 20ct-26 Friday Amount 400.00 400.00 Accept Q Yes or No D: Delete X: Cancel Vch Fl: Help F-2: Date F-3: Company F-4: Contra F-5: Payment F-6: Receipt F-7: Journal F-9: Purchase PIO: E: Autofill H: Change = Mode I: More - Details O: Related ¯ Repons L: Optional T: post = -Dated J: Stat ¯ Ad...
[keys] '^a' -> Tally 'TallyPrime:9000'
[shot] tds-089-P1-accept1 (1024x768)
[18:35:49] [tds] screen tds-089-P1-accept1 : EDU c Prime K: Company Y: Data Accounting Voucher Creation 03 Pa ment No. 2 • Account Current balance: Particulars Narration: Unity Quit Z: Exchange A Accept Q Search O: Import E: Export M: Share FinCom • ke Co p: print 20ct-26 Friday Amount Fl: Help Q: Date Company Ed: Contra F-5: Payment Receipt Journal Sales b82e1 to ru 0912- 731-4 acepa 6c46- Purchase 2731- Fl O: OåuVooctgs E: Autofill Change Mode More Details O: Related ¯ Repons Optional post -Dated J: Stat acep .337.0 -c978 ning 2d109 ing j _id" : . 0—011' 6c46- D: Delete x: Cancel Vch Adjustment El 2: Configure Mode Windows Server 2025 ...
[shot] tds-090-P1-after1 (1024x768)
[18:35:50] [tds] screen tds-090-P1-after1 : EDU c Prime K: Company Y: Data Accounting Voucher Creation 03 Pa ment No. 2 • Account Current balance: Particulars Narration: Unity Quit Z: Exchange A Accept Q Search O: Import E: Export M: Share FinCom • ke Co p: print 20ct-26 Friday Amount Fl: Help Q: Date Company Ed: Contra F-5: Payment Receipt Journal Sales b82e1 to ru 0912- 731-4 acepa 6c46- Purchase 2731- Fl O: OåuVooctgs E: Autofill Change Mode More Details O: Related ¯ Repons Optional post -Dated J: Stat acep .337.0 -c978 ning 2d109 ing j _id" : . 0—011' 6c46- D: Delete x: Cancel Vch Adjustment El 2: Configure Mode Windows Server 2025 ...
[keys] '^a' -> Tally 'TallyPrime:9000'
[shot] tds-091-P1-accept2 (1024x768)
[18:35:54] [tds] screen tds-091-P1-accept2 : Unity EDU c Prime K: Company Y: Data Accounting Voucher Creation Q: Quit Z: Exchange A: Accept Q Search O: Import E: Export M: Share p: print FinCom Spike Co x Error Oops! No Entries in Voucher! p: Delete , cancel vch Fl: Help F-2: Date F-3: Company F-4: Contra F-5: Payment F-6: Receipt F-7: Journal F-9: Purchase PIO: E: Autofill H: Change = Mode I: More - Details O: Related ¯ Repons L: Optional T: post = -Dated J: Stat ¯ Adjustment F-12: Configure b82e1 to ru 0912- 731-4 acepa 6c46- 2731- acep .337.0 -c978 ning 2d109 ing j _id" : . 0—011' 6c46- Mode Windows Server 2025 Datacenter Build 26100....
[shot] tds-092-P1-after2 (1024x768)
[18:35:55] [tds] screen tds-092-P1-after2 : Unity EDU c Prime K: Company Y: Data Accounting Voucher Creation Q: Quit Z: Exchange A: Accept Q Search O: Import E: Export M: Share p: print FinCom Spike Co x Error Oops! No Entries in Voucher! p: Delete , cancel vch Fl: Help F-2: Date F-3: Company F-4: Contra F-5: Payment F-6: Receipt F-7: Journal F-9: Purchase PIO: E: Autofill H: Change = Mode I: More - Details O: Related ¯ Repons L: Optional T: post = -Dated J: Stat ¯ Adjustment F-12: Configure b82e1 to ru 0912- 731-4 acepa 6c46- 2731- acep .337.0 -c978 ning 2d109 ing j _id" : . 0—011' 6c46- Mode Windows Server 2025 Datacenter Build 26100....
[keys] '^a' -> Tally 'TallyPrime:9000'
[shot] tds-093-P1-accept3 (1024x768)
[18:36:00] [tds] screen tds-093-P1-accept3 : EDU c Prime K: Company Y: Data Accounting Voucher Creation 03 Pa ment No. 2 • Account Cash Current balance: 800.00 Dr Particulars End of List Cur Bal: Narration: Unity Quit Z: Exchange A Accept Q Search FinCom • ke Co O: Import E: Export List of Led er Accounts Cash Share Bank M: Share p: print x Create Fl: Help Q: Date Company Ed: Contra F-5: Payment Receipt Journal Sales b82e1 to ru 0912- 731-4 acepa 6c46- Purchase 2731- Fl O: OåuVooctgs E: Autofill Change Mode More Details O: Related ¯ Repons Optional post -Dated J: Stat acep .337.0 -c978 ning 2d109 ing j _id" : . 0—011' 6c46- D: Delete Can...
[shot] tds-094-P1-after3 (1024x768)
[18:36:01] [tds] screen tds-094-P1-after3 : EDU c Prime K: Company Y: Data Accounting Voucher Creation 03 Pa ment No. 2 • Account Cash Current balance: 800.00 Dr Particulars End of List Cur Bal: Narration: Unity Quit Z: Exchange A Accept Q Search FinCom • ke Co O: Import E: Export List of Led er Accounts Cash Share Bank M: Share p: print x Create Fl: Help Q: Date Company Ed: Contra F-5: Payment Receipt Journal Sales b82e1 to ru 0912- 731-4 acepa 6c46- Purchase 2731- Fl O: OåuVooctgs E: Autofill Change Mode More Details O: Related ¯ Repons Optional post -Dated J: Stat acep .337.0 -c978 ning 2d109 ing j _id" : . 0—011' 6c46- D: Delete Can...
[keys] '^a' -> Tally 'TallyPrime:9000'
[shot] tds-095-P1-accept4 (1024x768)
[18:36:06] [tds] screen tds-095-P1-accept4 : Unity EDU c Prime K: Company Y: Data Accounting Voucher Creation Q: Quit Z: Exchange A: Accept Q Search O: Import E: Export M: Share p: print FinCom Spike Co x Error Oops! No Entries in Voucher! p: Delete , cancel vch Fl: Help F-2: Date F-3: Company F-4: Contra F-5: Payment F-6: Receipt F-7: Journal F-9: Purchase PIO: E: Autofill H: Change = Mode I: More - Details O: Related ¯ Repons L: Optional T: post = -Dated J: Stat ¯ Adjustment F-12: Configure b82e1 to ru 0912- 731-4 acepa 6c46- 2731- acep .337.0 -c978 ning 2d109 ing j _id" : . 0—011' 6c46- Mode Windows Server 2025 Datacenter Build 26100....
[shot] tds-096-P1-after4 (1024x768)
[18:36:07] [tds] screen tds-096-P1-after4 : Unity EDU c Prime K: Company Y: Data Accounting Voucher Creation Q: Quit Z: Exchange A: Accept Q Search O: Import E: Export M: Share p: print FinCom Spike Co x Error Oops! No Entries in Voucher! p: Delete , cancel vch Fl: Help F-2: Date F-3: Company F-4: Contra F-5: Payment F-6: Receipt F-7: Journal F-9: Purchase PIO: E: Autofill H: Change = Mode I: More - Details O: Related ¯ Repons L: Optional T: post = -Dated J: Stat ¯ Adjustment F-12: Configure b82e1 to ru 0912- 731-4 acepa 6c46- 2731- acep .337.0 -c978 ning 2d109 ing j _id" : . 0—011' 6c46- Mode Windows Server 2025 Datacenter Build 26100....
[shot] tds-097-gw0 (1024x768)
[18:36:08] [tds] screen tds-097-gw0 : Unity EDU c Prime K: Company Y: Data Accounting Voucher Creation Q: Quit Z: Exchange A: Accept Q Search O: Import E: Export M: Share p: print FinCom Spike Co x Error Oops! No Entries in Voucher! p: Delete , cancel vch Fl: Help F-2: Date F-3: Company F-4: Contra F-5: Payment F-6: Receipt F-7: Journal F-9: Purchase PIO: E: Autofill H: Change = Mode I: More - Details O: Related ¯ Repons L: Optional T: post = -Dated J: Stat ¯ Adjustment F-12: Configure b82e1 to ru 0912- 731-4 acepa 6c46- 2731- acep .337.0 -c978 ning 2d109 ing j _id" : . 0—011' 6c46- Mode Windows Server 2025 Datacenter Build 26100....
[keys] '{ESC}' -> Tally 'TallyPrime:9000'
[shot] tds-098-gw1 (1024x768)
[18:36:11] [tds] screen tds-098-gw1 : EDU c Prime K: Company Y: Data Accounting Voucher Creation 03 Pa ment No. 2 Cash • Account Current balance: 800.00 Dr Particulars End of List Cur Bal: Narration: Unity Quit Z: Exchange A Accept Q Search FinCom • ke Co O: Import E: Export List of Led er Accounts Cash Share Bank M: Share p: print x Create Fl: Help Q: Date Company Ed: Contra F-5: Payment Receipt Journal Sales b82e1 to ru 0912- 731-4 acepa 6c46- Purchase 2731- Fl O: OåuVooctgs E: Autofill Change Mode More Details O: Related ¯ Repons Optional post -Dated J: Stat acep .337.0 -c978 ning 2d109 ing j _id" : . 0—011' 6c46- D: Delete Can...
[keys] '{ESC}' -> Tally 'TallyPrime:9000'
[shot] tds-099-gw2 (1024x768)
[18:36:15] [tds] screen tds-099-gw2 : EDU c Prime K: Company Y: Data Accounting Voucher Creation 03 Pa ment No. 2 • Account Current balance: 800.00 Dr Particulars End of List Cur Bal: Narration: Unity Quit Z: Exchange A Accept Q Search FinCom • ke Co O: Import E: Export List of Led er Accounts Cash Share Bank M: Share p: print x Create Fl: Help Q: Date Company Ed: Contra F-5: Payment Receipt Journal Sales b82e1 to ru 0912- 731-4 acepa 6c46- Purchase 2731- Fl O: OåuVooctgs E: Autofill Change Mode More Details O: Related ¯ Repons Optional post -Dated J: Stat acep .337.0 -c978 ning 2d109 ing j _id" : . 0—011' 6c46- D: Delete Cancel V...
[keys] '{ESC}' -> Tally 'TallyPrime:9000'
[shot] tds-100-gw3 (1024x768)
[18:36:19] [tds] screen tds-100-gw3 : EDU c Prime K: Company Y: Data Accounting Voucher Creation 03 Pa ment No. 2 • Account Current balance: 800.00 Dr Particulars End of List Cur Bal: Narration: Unity Q: Quit Z: Exchange A: Accept Q Search O: Import E: Export M: Share FinCom p: print 20ct-26 Friday Amount Quit o Yes or No D: Delete X: Cancel Vch Fl: Help F-2: Date F-3: Company F-4: Contra F-5: Payment F-6: Receipt F-7: Journal F-9: Purchase PIO: E: Autofill H: Change = Mode I: More - Details O: Related ¯ Repons L: Optional T: post = -Dated J: Stat ¯ Adjustment F-12: Configure b82e1 to ru 0912- 731-4 acepa 6c46- 2731- acep .337.0 -...
[keys] 'y' -> Tally 'TallyPrime:9000'
[shot] tds-101-gw4 (1024x768)
[18:36:22] [tds] screen tds-101-gw4 : EDU c Prime Gatewa of Tall CURRENT PERIOD K: Company Y: Data Z: Exchange O: Import E: Export M: Share p: print Fl: Help Date b82e1 I-Apr-26 to 31-Mar-27 NAME OF COMPANY FinCom Spike Co Q CURRENT OATE Friday, 2-Oct-2026 2-Oct-26 Search Gateway of Tally MASTERS Create Alter CHart of Accounts TRANSACTIONS Vouchers Day 800K UTILITIES BaNking REPORTS Balance Sheet Profit & Loss A/c Stock Summary Ratio Analysis Display More Reports DashbOard Quit Unity Company to ru 0912- 731-4 acepa 6c46- 2731- acep .337.0 -c978 ning 2d109 ing j _id" : . 0—011' 6c46- Mode Windows Server 2025 Datacenter Build 26100....
  voucher mid=1 aid=1 Journal/1/20260401 guid=6a19ae25-8faa-41ba-b1a7-6062aa81a638-00000001 cancelled=False
  voucher mid=2 aid=2 Journal/2/20261001 guid=6a19ae25-8faa-41ba-b1a7-6062aa81a638-00000002 cancelled=False
  voucher mid=3 aid=3 Journal/3/20261001 guid=6a19ae25-8faa-41ba-b1a7-6062aa81a638-00000003 cancelled=False
  voucher mid=4 aid=4 Journal/4/20261001 guid=6a19ae25-8faa-41ba-b1a7-6062aa81a638-00000004 cancelled=False
  voucher mid=5 aid=5 Journal/5/20261001 guid=6a19ae25-8faa-41ba-b1a7-6062aa81a638-00000005 cancelled=False
  voucher mid=6 aid=6 Payroll/1/20261001 guid=6a19ae25-8faa-41ba-b1a7-6062aa81a638-00000006 cancelled=False
  voucher mid=7 aid=7 Receipt/1/20261002 guid=6a19ae25-8faa-41ba-b1a7-6062aa81a638-00000007 cancelled=False
  voucher mid=8 aid=8 Receipt/2/20261002 guid=6a19ae25-8faa-41ba-b1a7-6062aa81a638-00000008 cancelled=False
  voucher mid=9 aid=9 Payment/1/20261002 guid=6a19ae25-8faa-41ba-b1a7-6062aa81a638-00000009 cancelled=False
  INFO share payment-agst (payment to a supplier against its bill (Agst Ref PB-1)): Tally Payment 1 mid 9; stored party 'Share Supplier' bills [Agst Ref]; the line party '' bills [Agst Ref]; lines voucher_accept_post x1, voucher_full x1
[18:36:25] ---- share payment-expense: payment of an expense (no party)
  voucher mid=1 aid=1 Journal/1/20260401 guid=6a19ae25-8faa-41ba-b1a7-6062aa81a638-00000001 cancelled=False
  voucher mid=2 aid=2 Journal/2/20261001 guid=6a19ae25-8faa-41ba-b1a7-6062aa81a638-00000002 cancelled=False
  voucher mid=3 aid=3 Journal/3/20261001 guid=6a19ae25-8faa-41ba-b1a7-6062aa81a638-00000003 cancelled=False
  voucher mid=4 aid=4 Journal/4/20261001 guid=6a19ae25-8faa-41ba-b1a7-6062aa81a638-00000004 cancelled=False
  voucher mid=5 aid=5 Journal/5/20261001 guid=6a19ae25-8faa-41ba-b1a7-6062aa81a638-00000005 cancelled=False
  voucher mid=6 aid=6 Payroll/1/20261001 guid=6a19ae25-8faa-41ba-b1a7-6062aa81a638-00000006 cancelled=False
  voucher mid=7 aid=7 Receipt/1/20261002 guid=6a19ae25-8faa-41ba-b1a7-6062aa81a638-00000007 cancelled=False
  voucher mid=8 aid=8 Receipt/2/20261002 guid=6a19ae25-8faa-41ba-b1a7-6062aa81a638-00000008 cancelled=False
  voucher mid=9 aid=9 Payment/1/20261002 guid=6a19ae25-8faa-41ba-b1a7-6062aa81a638-00000009 cancelled=False
[shot] tds-102-gw0 (1024x768)
[18:36:26] [tds] screen tds-102-gw0 : EDU c Prime Gatewa of Tall CURRENT PERIOD K: Company Y: Data Z: Exchange O: Import E: Export M: Share p: print Fl: Help Date b82e1 I-Apr-26 to 31-Mar-27 NAME OF COMPANY FinCom Spike Co Q CURRENT OATE Friday, 2-Oct-2026 2-Oct-26 Search Gateway of Tally MASTERS Create Alter CHart of Accounts TRANSACTIONS Vouchers Day 800K UTILITIES BaNking REPORTS Balance Sheet Profit & Loss A/c Stock Summary Ratio Analysis Display More Reports DashbOard Quit Unity Company to ru 0912- 731-4 acepa 6c46- 2731- acep .337.0 -c978 ning 2d109 ing j _id" : . 0—011' 6c46- Mode Windows Server 2025 Datacenter Build 26100....
[shot] tds-103-P2-start (1024x768)
[18:36:27] [tds] screen tds-103-P2-start : EDU c Prime Gatewa of Tall CURRENT PERIOD K: Company Y: Data Z: Exchange O: Import E: Export M: Share p: print Fl: Help Date b82e1 I-Apr-26 to 31-Mar-27 NAME OF COMPANY FinCom Spike Co Q CURRENT OATE Friday, 2-Oct-2026 2-Oct-26 Search Gateway of Tally MASTERS Create Alter CHart of Accounts TRANSACTIONS Vouchers Day 800K UTILITIES BaNking REPORTS Balance Sheet Profit & Loss A/c Stock Summary Ratio Analysis Display More Reports DashbOard Quit Unity Company to ru 0912- 731-4 acepa 6c46- 2731- acep .337.0 -c978 ning 2d109 ing j _id" : . 0—011' 6c46- Mode Windows Server 2025 Datacenter Build 26100....
[keys] 'v' -> Tally 'TallyPrime:9000'
[shot] tds-104-P2-vouchers (1024x768)
[18:36:32] [tds] screen tds-104-P2-vouchers : EDU c Prime K: Company Y: Data Accounting Voucher Creation 03 Pa ment No. 2 • Account Current balance: Particulars Narration: Unity Quit Z: Exchange A Accept Q Search O: Import E: Export M: Share FinCom • ke Co p: print 20ct-26 Friday Amount Fl: Help Q: Date Company Ed: Contra F-5: Payment Receipt Journal Sales b82e1 to ru 0912- 731-4 acepa 6c46- Purchase 2731- Fl O: OåuVooctgs E: Autofill Change Mode More Details O: Related ¯ Repons Optional post -Dated J: Stat acep .337.0 -c978 ning 2d109 ing j _id" : . 0—011' 6c46- D: Delete x: Cancel Vch Adjustment El 2: Configure Mode Windows Server 2025 ...
[keys] '{F5}' -> Tally 'TallyPrime:9000'
[shot] tds-105-P2-type (1024x768)
[18:36:36] [tds] screen tds-105-P2-type : EDU c Prime K: Company Y: Data Accounting Voucher Creation 03 Pa ment No. 2 • Account Current balance: Particulars Narration: Unity Quit Z: Exchange A Accept Q Search O: Import E: Export M: Share FinCom • ke Co p: print 20ct-26 Friday Amount Fl: Help Q: Date Company Ed: Contra F-5: Payment Receipt Journal Sales b82e1 to ru 0912- 731-4 acepa 6c46- Purchase 2731- Fl O: OåuVooctgs E: Autofill Change Mode More Details O: Related ¯ Repons Optional post -Dated J: Stat acep .337.0 -c978 ning 2d109 ing j _id" : . 0—011' 6c46- D: Delete x: Cancel Vch Adjustment El 2: Configure Mode Windows Server 2025 ...
[keys] '{F2}' -> Tally 'TallyPrime:9000'
[shot] tds-106-P2-date-box (1024x768)
[18:36:39] [tds] screen tds-106-P2-date-box : EDU c Prime Change Voucher Date Unity Quit K: Company Y: Data Z: Exchange A Accept Q Search O: Import E: Export M: Share p: print Fl: Help FinCom Spike Co Voucher Date 3-10-2026 b82e1 to ru 0912- 731-4 acepa 6c46- 2731- acep .337.0 -c978 ning 2d109 ing j _id" : . 0—011' 6c46- Mode Windows Server 2025 Datacenter Build 26100.ge_release240331-1435 6:36 PM 10/8/2026
[keys] '2-10-2026{ENTER}' -> Tally 'TallyPrime:9000'
[shot] tds-107-P2-date (1024x768)
[18:36:43] [tds] screen tds-107-P2-date : EDU c Prime K: Company Y: Data Accounting Voucher Creation 03 Pa ment No. 2 • Account Current balance: Particulars Narration: Unity Quit Z: Exchange A Accept Q Search O: Import E: Export M: Share FinCom • ke Co p: print 20ct-26 Friday Amount Fl: Help Q: Date Company Ed: Contra F-5: Payment Receipt Journal Sales b82e1 to ru 0912- 731-4 acepa 6c46- Purchase 2731- Fl O: OåuVooctgs E: Autofill Change Mode More Details O: Related ¯ Repons Optional post -Dated J: Stat acep .337.0 -c978 ning 2d109 ing j _id" : . 0—011' 6c46- D: Delete x: Cancel Vch Adjustment El 2: Configure Mode Windows Server 2025 ...
[keys] 'Cash{ENTER}' -> Tally 'TallyPrime:9000'
[shot] tds-108-P2-account (1024x768)
[18:36:47] [tds] screen tds-108-P2-account : EDU c Prime K: Company Y: Data Accounting Voucher Creation 03 Pa ment No. 2 • Account Cash Current balance: 800.00 Dr Particulars Narration: Unity Quit Z: Exchange A Accept Q Search O: Import E: Export M: Share FinCom • ke Co p: print 20ct-26 Friday Amount Fl: Help Q: Date Company Ed: Contra F-5: Payment Receipt Journal Sales b82e1 to ru 0912- 731-4 acepa 6c46- Purchase 2731- Fl O: OåuVooctgs E: Autofill Change Mode More Details O: Related ¯ Repons Optional post -Dated J: Stat acep .337.0 -c978 ning 2d109 ing j _id" : . 0—011' 6c46- D: Delete x: Cancel Vch Adjustment El 2: Configure Mode Windo...
[shot] tds-109-P2-acc-sub1 (1024x768)
[18:36:48] [tds] screen tds-109-P2-acc-sub1 : EDU c Prime K: Company Y: Data Accounting Voucher Creation 03 Pa ment No. 2 • Account Cash Current balance: 800.00 Dr Particulars Narration: Unity Quit Z: Exchange A Accept Q Search O: Import E: Export M: Share FinCom • ke Co p: print 20ct-26 Friday Amount Fl: Help Q: Date Company Ed: Contra F-5: Payment Receipt Journal Sales b82e1 to ru 0912- 731-4 acepa 6c46- Purchase 2731- Fl O: OåuVooctgs E: Autofill Change Mode More Details O: Related ¯ Repons Optional post -Dated J: Stat acep .337.0 -c978 ning 2d109 ing j _id" : . 0—011' 6c46- D: Delete x: Cancel Vch Adjustment El 2: Configure Mode Windo...
[keys] 'Share Expense{ENTER}' -> Tally 'TallyPrime:9000'
[shot] tds-110-P2-row1 (1024x768)
[18:36:52] [tds] screen tds-110-P2-row1 : EDU c Prime K: Company Y: Data Accounting Voucher Creation 03 Pa ment No. 2 • Account Cash Current balance: 800.00 Dr Particulars Share Expense CurBal: 4,000.00 Dr Narration: Unity Quit Z: Exchange A Accept Q Search O: Import E: Export M: Share FinCom • ke Co p: print 20ct-26 Friday Amount Fl: Help Q: Date Company Ed: Contra F-5: Payment Receipt Journal Sales b82e1 to ru 0912- 731-4 acepa 6c46- Purchase 2731- Fl O: OåuVooctgs E: Autofill Change Mode More Details O: Related ¯ Repons Optional post -Dated J: Stat acep .337.0 -c978 ning 2d109 ing j _id" : . 0—011' 6c46- D: Delete x: Cancel Vch Adj...
[shot] tds-111-P2-row1-a-sub1 (1024x768)
[18:36:53] [tds] screen tds-111-P2-row1-a-sub1 : EDU c Prime K: Company Y: Data Accounting Voucher Creation 03 Pa ment No. 2 • Account Cash Current balance: 800.00 Dr Particulars Share Expense CurBal: 4,000.00 Dr Narration: Unity Quit Z: Exchange A Accept Q Search O: Import E: Export M: Share FinCom • ke Co p: print 20ct-26 Friday Amount Fl: Help Q: Date Company Ed: Contra F-5: Payment Receipt Journal Sales b82e1 to ru 0912- 731-4 acepa 6c46- Purchase 2731- Fl O: OåuVooctgs E: Autofill Change Mode More Details O: Related ¯ Repons Optional post -Dated J: Stat acep .337.0 -c978 ning 2d109 ing j _id" : . 0—011' 6c46- D: Delete x: Cancel Vch Adj...
[keys] '300{ENTER}' -> Tally 'TallyPrime:9000'
[shot] tds-112-P2-row1-amt (1024x768)
[18:36:56] [tds] screen tds-112-P2-row1-amt : EDU c Prime K: Company Y: Data Cost Centre Allocations Unity Quit Z: Exchange O: Import E: Export M: Share p: print Fl: Help FinCom Spike Co Cost Allocations for : Share Expense Up to: 300.00 Dr Name of Cost Centre A Accept Q Search Amount b82e1 to ru 0912- 731-4 acepa 6c46- 2731- acep .337.0 -c978 ning 2d109 ing j _id" : . 0—011' 6c46- Mode Windows Server 2025 Datacenter Build 26100.ge_release240331-1435 6:36 PM 10/8/2026
[shot] tds-113-P2-row1-bills1 (1024x768)
[18:36:57] [tds] screen tds-113-P2-row1-bills1 : EDU c Prime K: Company Y: Data Cost Centre Allocations Unity Quit Z: Exchange O: Import E: Export M: Share p: print Fl: Help FinCom Spike Co Cost Allocations for : Share Expense Up to: 300.00 Dr Name of Cost Centre A Accept Q Search Amount b82e1 to ru 0912- 731-4 acepa 6c46- 2731- acep .337.0 -c978 ning 2d109 ing j _id" : . 0—011' 6c46- Mode Windows Server 2025 Datacenter Build 26100.ge_release240331-1435 6:36 PM 10/8/2026
[shot] tds-114-P2-row1-b-sub1 (1024x768)
[18:36:58] [tds] screen tds-114-P2-row1-b-sub1 : EDU c Prime K: Company Y: Data Cost Centre Allocations Unity Quit Z: Exchange O: Import E: Export M: Share p: print Fl: Help FinCom Spike Co Cost Allocations for : Share Expense Up to: 300.00 Dr Name of Cost Centre A Accept Q Search Amount b82e1 to ru 0912- 731-4 acepa 6c46- 2731- acep .337.0 -c978 ning 2d109 ing j _id" : . 0—011' 6c46- Mode Windows Server 2025 Datacenter Build 26100.ge_release240331-1435 6:36 PM 10/8/2026
[keys] '^a' -> Tally 'TallyPrime:9000'
[shot] tds-115-P2-row1-b-sub-accept (1024x768)
[18:37:02] [tds] screen tds-115-P2-row1-b-sub-accept : EDU c Prime K: Company Y: Data Accounting Voucher Creation 03 Pa ment No. 2 • Account Cash Current balance: 500.00 Dr Particulars Share Expense CurBal: 4,300.00 Dr Share Emp 1 Narration: Unity Quit Z: Exchange 300.00 Dr A Accept Q Search O: Import E: Export M: Share FinCom • ke Co p: print 20ct-26 Friday Amount 300.00 300.00 Fl: Help Q: Date Company Ed: Contra F-5: Payment Receipt : Journal Sales b82e1 to ru 0912- 731-4 acepa 6c46- Purchase 2731- Fl O: OåuVooctgs E: Autofill Change Mode More Details O: Related ¯ Repons Optional post -Dated J: Stat acep .337.0 -c978 ning 2d109 ing j _id" : . 0—...
[shot] tds-116-P2-row1-b-sub2 (1024x768)
[18:37:03] [tds] screen tds-116-P2-row1-b-sub2 : EDU c Prime K: Company Y: Data Accounting Voucher Creation 03 Pa ment No. 2 • Account Cash Current balance: 500.00 Dr Particulars Share Expense CurBal: 4,300.00 Dr Share Emp 1 Narration: Unity Quit Z: Exchange 300.00 Dr A Accept Q Search O: Import E: Export M: Share FinCom • ke Co p: print 20ct-26 Friday Amount 300.00 300.00 Fl: Help Q: Date Company Ed: Contra F-5: Payment Receipt : Journal Sales b82e1 to ru 0912- 731-4 acepa 6c46- Purchase 2731- Fl O: OåuVooctgs E: Autofill Change Mode More Details O: Related ¯ Repons Optional post -Dated J: Stat acep .337.0 -c978 ning 2d109 ing j _id" : . 0—...
[keys] '{ENTER}' -> Tally 'TallyPrime:9000'
[shot] tds-117-P2-rows-done (1024x768)
[18:37:07] [tds] screen tds-117-P2-rows-done : EDU c Prime K: Company Y: Data Accounting Voucher Creation 03 Pa ment No. 2 • Account Cash Current balance: 500.00 Dr Particulars Share Expense CurBal: 4,300.00 Dr Share Emp 1 Narration: dB Unity Quit Z: Exchange 300.00 Dr Accept Q Search O: Import E: Export M: Share FinCom • ke Co p: print 20ct-26 Friday Amount 300.00 300.00 Fl: Help Q: Date Company Ed: Contra F-5: Payment Receipt : Journal Sales b82e1 to ru 0912- 731-4 acepa 6c46- Purchase 2731- Fl O: OåuVooctgs E: Autofill Change Mode More Details O: Related ¯ Repons Optional post -Dated J: Stat acep .337.0 -c978 ning 2d109 ing j _id" : . 0...
[shot] tds-118-P2-done-sub1 (1024x768)
[18:37:08] [tds] screen tds-118-P2-done-sub1 : EDU c Prime K: Company Y: Data Accounting Voucher Creation 03 Pa ment No. 2 • Account Cash Current balance: 500.00 Dr Particulars Share Expense CurBal: 4,300.00 Dr Share Emp 1 Narration: dB Unity Quit Z: Exchange 300.00 Dr Accept Q Search O: Import E: Export M: Share FinCom • ke Co p: print 20ct-26 Friday Amount 300.00 300.00 Fl: Help Q: Date Company Ed: Contra F-5: Payment Receipt : Journal Sales b82e1 to ru 0912- 731-4 acepa 6c46- Purchase 2731- Fl O: OåuVooctgs E: Autofill Change Mode More Details O: Related ¯ Repons Optional post -Dated J: Stat acep .337.0 -c978 ning 2d109 ing j _id" : . 0...
[keys] 'share payment expense{ENTER}' -> Tally 'TallyPrime:9000'
[shot] tds-119-P2-narr (1024x768)
[18:37:12] [tds] screen tds-119-P2-narr : EDU c Prime K: Company Y: Data Accounting Voucher Creation 03 Pa ment No. 2 • Account Cash Current balance: 500.00 Dr Particulars Share Expense CurBal: 4,300.00 Dr Share Emp 1 Narration: • share payment expense Unity Q: Quit Z: Exchange 300.00 Dr A: Accept Q Search O: Import E: Export M: Share FinCom p: print 20ct-26 Friday Amount 300.00 300.00 Accept Q Yes or No D: Delete X: Cancel Vch Fl: Help F-2: Date F-3: Company F-4: Contra F-5: Payment F-6: Receipt F-7: Journal F-9: Purchase PIO: E: Autofill H: Change = Mode I: More - Details O: Related ¯ Repons L: Optional T: post = -Dated J: Stat ¯ Ad...
[keys] '^a' -> Tally 'TallyPrime:9000'
[shot] tds-120-P2-accept1 (1024x768)
[18:37:16] [tds] screen tds-120-P2-accept1 : EDU c Prime K: Company Y: Data Accounting Voucher Creation 03 Pa ment • Account Current balance: Particulars Narration: Unity Quit Z: Exchange A Accept Q Search O: Import E: Export M: Share FinCom • ke Co p: print 20ct-26 Friday Amount Fl: Help Q: Date Company Ed: Contra F-5: Payment Receipt Journal Sales b82e1 to ru 0912- 731-4 acepa 6c46- Purchase 2731- Fl O: OåuVooctgs E: Autofill Change Mode More Details O: Related ¯ Repons Optional post -Dated J: Stat acep .337.0 -c978 ning 2d109 ing j _id" : . 0—011' 6c46- D: Delete x: Cancel Vch Adjustment El 2: Configure Mode Windows Server 2025 Datace...
[shot] tds-121-P2-after1 (1024x768)
[18:37:17] [tds] screen tds-121-P2-after1 : EDU c Prime K: Company Y: Data Accounting Voucher Creation 03 Pa ment • Account Current balance: Particulars Narration: Unity Quit Z: Exchange A Accept Q Search O: Import E: Export M: Share FinCom • ke Co p: print 20ct-26 Friday Amount Fl: Help Q: Date Company Ed: Contra F-5: Payment Receipt Journal Sales b82e1 to ru 0912- 731-4 acepa 6c46- Purchase 2731- Fl O: OåuVooctgs E: Autofill Change Mode More Details O: Related ¯ Repons Optional post -Dated J: Stat acep .337.0 -c978 ning 2d109 ing j _id" : . 0—011' 6c46- D: Delete x: Cancel Vch Adjustment El 2: Configure Mode Windows Server 2025 Datace...
[keys] '^a' -> Tally 'TallyPrime:9000'
[shot] tds-122-P2-accept2 (1024x768)
[18:37:22] [tds] screen tds-122-P2-accept2 : Unity EDU c Prime K: Company Y: Data Accounting Voucher Creation Q: Quit Z: Exchange A: Accept Q Search O: Import E: Export M: Share p: print FinCom Spike Co x Error Oops! No Entries in Voucher! p: Delete , cancel vch Fl: Help F-2: Date F-3: Company F-4: Contra F-5: Payment F-6: Receipt F-7: Journal F-9: Purchase PIO: E: Autofill H: Change = Mode I: More - Details O: Related ¯ Repons L: Optional T: post = -Dated J: Stat ¯ Adjustment F-12: Configure b82e1 to ru 0912- 731-4 acepa 6c46- 2731- acep .337.0 -c978 ning 2d109 ing j _id" : . 0—011' 6c46- Mode Windows Server 2025 Datacenter Build 26100....
[shot] tds-123-P2-after2 (1024x768)
[18:37:23] [tds] screen tds-123-P2-after2 : Unity EDU c Prime K: Company Y: Data Accounting Voucher Creation Q: Quit Z: Exchange A: Accept Q Search O: Import E: Export M: Share p: print FinCom Spike Co x Error Oops! No Entries in Voucher! p: Delete , cancel vch Fl: Help F-2: Date F-3: Company F-4: Contra F-5: Payment F-6: Receipt F-7: Journal F-9: Purchase PIO: E: Autofill H: Change = Mode I: More - Details O: Related ¯ Repons L: Optional T: post = -Dated J: Stat ¯ Adjustment F-12: Configure b82e1 to ru 0912- 731-4 acepa 6c46- 2731- acep .337.0 -c978 ning 2d109 ing j _id" : . 0—011' 6c46- Mode Windows Server 2025 Datacenter Build 26100....
[keys] '^a' -> Tally 'TallyPrime:9000'
[shot] tds-124-P2-accept3 (1024x768)
[18:37:28] [tds] screen tds-124-P2-accept3 : EDU c Prime K: Company Y: Data Accounting Voucher Creation 03 Pa ment Cash • Account Current balance: 500.00 Dr Particulars End of List Cur Bal: Narration: Unity Quit Z: Exchange A Accept Q Search FinCom • ke Co O: Import E: Export List of Led er Accounts Cash Share Bank M: Share p: print x Create Fl: Help Q: Date Company Ed: Contra F-5: Payment Receipt Journal Sales b82e1 to ru 0912- 731-4 acepa 6c46- Purchase 2731- Fl O: OåuVooctgs E: Autofill Change Mode More Details O: Related ¯ Repons Optional post -Dated J: Stat acep .337.0 -c978 ning 2d109 ing j _id" : . 0—011' 6c46- D: Delete Cancel Vc...
[shot] tds-125-P2-after3 (1024x768)
[18:37:29] [tds] screen tds-125-P2-after3 : EDU c Prime K: Company Y: Data Accounting Voucher Creation 03 Pa ment • Account Cash Current balance: 500.00 Dr Particulars End of List Cur Bal: Narration: Unity Quit Z: Exchange A Accept Q Search FinCom • ke Co O: Import E: Export List of Led er Accounts Cash Share Bank M: Share p: print x Create Fl: Help Q: Date Company Ed: Contra F-5: Payment Receipt Journal Sales b82e1 to ru 0912- 731-4 acepa 6c46- Purchase 2731- Fl O: OåuVooctgs E: Autofill Change Mode More Details O: Related ¯ Repons Optional post -Dated J: Stat acep .337.0 -c978 ning 2d109 ing j _id" : . 0—011' 6c46- D: Delete Cancel Vc...
[keys] '^a' -> Tally 'TallyPrime:9000'
[shot] tds-126-P2-accept4 (1024x768)
[18:37:34] [tds] screen tds-126-P2-accept4 : Unity EDU c Prime K: Company Y: Data Accounting Voucher Creation Q: Quit Z: Exchange A: Accept Q Search O: Import E: Export M: Share p: print FinCom Spike Co x Error Oops! No Entries in Voucher! p: Delete , cancel vch Fl: Help F-2: Date F-3: Company F-4: Contra F-5: Payment F-6: Receipt F-7: Journal F-9: Purchase PIO: E: Autofill H: Change = Mode I: More - Details O: Related ¯ Repons L: Optional T: post = -Dated J: Stat ¯ Adjustment F-12: Configure b82e1 to ru 0912- 731-4 acepa 6c46- 2731- acep .337.0 -c978 ning 2d109 ing j _id" : . 0—011' 6c46- Mode Windows Server 2025 Datacenter Build 26100....
[shot] tds-127-P2-after4 (1024x768)
[18:37:35] [tds] screen tds-127-P2-after4 : Unity EDU c Prime K: Company Y: Data Accounting Voucher Creation Q: Quit Z: Exchange A: Accept Q Search O: Import E: Export M: Share p: print FinCom Spike Co x Error Oops! No Entries in Voucher! p: Delete , cancel vch Fl: Help F-2: Date F-3: Company F-4: Contra F-5: Payment F-6: Receipt F-7: Journal F-9: Purchase PIO: E: Autofill H: Change = Mode I: More - Details O: Related ¯ Repons L: Optional T: post = -Dated J: Stat ¯ Adjustment F-12: Configure b82e1 to ru 0912- 731-4 acepa 6c46- 2731- acep .337.0 -c978 ning 2d109 ing j _id" : . 0—011' 6c46- Mode Windows Server 2025 Datacenter Build 26100....
[shot] tds-128-gw0 (1024x768)
[18:37:36] [tds] screen tds-128-gw0 : Unity EDU c Prime K: Company Y: Data Accounting Voucher Creation Q: Quit Z: Exchange A: Accept Q Search O: Import E: Export M: Share p: print FinCom Spike Co x Error Oops! No Entries in Voucher! p: Delete , cancel vch Fl: Help F-2: Date F-3: Company F-4: Contra F-5: Payment F-6: Receipt F-7: Journal F-9: Purchase PIO: E: Autofill H: Change = Mode I: More - Details O: Related ¯ Repons L: Optional T: post = -Dated J: Stat ¯ Adjustment F-12: Configure b82e1 to ru 0912- 731-4 acepa 6c46- 2731- acep .337.0 -c978 ning 2d109 ing j _id" : . 0—011' 6c46- Mode Windows Server 2025 Datacenter Build 26100....
[keys] '{ESC}' -> Tally 'TallyPrime:9000'
[shot] tds-129-gw1 (1024x768)
[18:37:40] [tds] screen tds-129-gw1 : EDU c Prime K: Company Y: Data Accounting Voucher Creation 03 Pa ment Cash • Account Current balance: 500.00 Dr Particulars End of List Cur Bal: Narration: Unity Quit Z: Exchange A Accept Q Search FinCom • ke Co O: Import E: Export List of Led er Accounts Cash Share Bank M: Share p: print x Create Fl: Help Q: Date Company Ed: Contra F-5: Payment Receipt Journal Sales b82e1 to ru 0912- 731-4 acepa 6c46- Purchase 2731- Fl O: OåuVooctgs E: Autofill Change Mode More Details O: Related ¯ Repons Optional post -Dated J: Stat acep .337.0 -c978 ning 2d109 ing j _id" : . 0—011' 6c46- D: Delete Cancel Vc...
[keys] '{ESC}' -> Tally 'TallyPrime:9000'
[shot] tds-130-gw2 (1024x768)
[18:37:43] [tds] screen tds-130-gw2 : EDU c Prime K: Company Y: Data Accounting Voucher Creation 03 Pa ment • Account Current balance: 500.00 Dr Particulars End of List Cur Bal: Narration: Unity Quit Z: Exchange A Accept Q Search FinCom • ke Co O: Import E: Export List of Led er Accounts Cash Share Bank M: Share p: print x Create Fl: Help Q: Date Company Ed: Contra F-5: Payment Receipt Journal Sales b82e1 to ru 0912- 731-4 acepa 6c46- Purchase 2731- Fl O: OåuVooctgs E: Autofill Change Mode More Details O: Related ¯ Repons Optional post -Dated J: Stat acep .337.0 -c978 ning 2d109 ing j _id" : . 0—011' 6c46- D: Delete Cancel Vch Adj...
[keys] '{ESC}' -> Tally 'TallyPrime:9000'
[shot] tds-131-gw3 (1024x768)
[18:37:47] [tds] screen tds-131-gw3 : EDU c Prime K: Company Y: Data Accounting Voucher Creation 03 Pa ment • Account Current balance: 500.00 Dr Particulars End of List Cur Bal: Narration: Unity Q: Quit Z: Exchange A: Accept Q Search O: Import E: Export M: Share FinCom p: print 20ct-26 Friday Amount Quit o Yes or No D: Delete X: Cancel Vch Fl: Help F-2: Date F-3: Company F-4: Contra F-5: Payment F-6: Receipt F-7: Journal F-9: Purchase PIO: E: Autofill H: Change = Mode I: More - Details O: Related ¯ Repons L: Optional T: post = -Dated J: Stat ¯ Adjustment F-12: Configure b82e1 to ru 0912- 731-4 acepa 6c46- 2731- acep .337.0 -c978 n...
[keys] 'y' -> Tally 'TallyPrime:9000'
[shot] tds-132-gw4 (1024x768)
[18:37:50] [tds] screen tds-132-gw4 : EDU c Prime Gatewa of Tall CURRENT PERIOD K: Company Y: Data Z: Exchange O: Import E: Export M: Share p: print Fl: Help Date b82e1 I-Apr-26 to 31-Mar-27 NAME OF COMPANY FinCom Spike Co Q CURRENT OATE Friday, 2-Oct-2026 2-Oct-26 Search Gateway of Tally MASTERS Create Alter CHart of Accounts TRANSACTIONS Vouchers Day 800K UTILITIES BaNking REPORTS Balance Sheet Profit & Loss A/c Stock Summary Ratio Analysis Display More Reports DashbOard Quit Unity Company to ru 0912- 731-4 acepa 6c46- 2731- acep .337.0 -c978 ning 2d109 ing j _id" : . 0—011' 6c46- Mode Windows Server 2025 Datacenter Build 26100....
  voucher mid=1 aid=1 Journal/1/20260401 guid=6a19ae25-8faa-41ba-b1a7-6062aa81a638-00000001 cancelled=False
  voucher mid=2 aid=2 Journal/2/20261001 guid=6a19ae25-8faa-41ba-b1a7-6062aa81a638-00000002 cancelled=False
  voucher mid=3 aid=3 Journal/3/20261001 guid=6a19ae25-8faa-41ba-b1a7-6062aa81a638-00000003 cancelled=False
  voucher mid=4 aid=4 Journal/4/20261001 guid=6a19ae25-8faa-41ba-b1a7-6062aa81a638-00000004 cancelled=False
  voucher mid=5 aid=5 Journal/5/20261001 guid=6a19ae25-8faa-41ba-b1a7-6062aa81a638-00000005 cancelled=False
  voucher mid=6 aid=6 Payroll/1/20261001 guid=6a19ae25-8faa-41ba-b1a7-6062aa81a638-00000006 cancelled=False
  voucher mid=7 aid=7 Receipt/1/20261002 guid=6a19ae25-8faa-41ba-b1a7-6062aa81a638-00000007 cancelled=False
  voucher mid=8 aid=8 Receipt/2/20261002 guid=6a19ae25-8faa-41ba-b1a7-6062aa81a638-00000008 cancelled=False
  voucher mid=9 aid=9 Payment/1/20261002 guid=6a19ae25-8faa-41ba-b1a7-6062aa81a638-00000009 cancelled=False
  voucher mid=10 aid=10 Payment/2/20261002 guid=6a19ae25-8faa-41ba-b1a7-6062aa81a638-0000000a cancelled=False
  INFO share payment-expense (payment of an expense (no party)): Tally Payment 2 mid 10; stored party 'Cash' bills []; the line party '' bills []; lines voucher_accept_post x1, voucher_full x1
[18:37:54] ---- share contra: contra: cash into the bank
  voucher mid=1 aid=1 Journal/1/20260401 guid=6a19ae25-8faa-41ba-b1a7-6062aa81a638-00000001 cancelled=False
  voucher mid=2 aid=2 Journal/2/20261001 guid=6a19ae25-8faa-41ba-b1a7-6062aa81a638-00000002 cancelled=False
  voucher mid=3 aid=3 Journal/3/20261001 guid=6a19ae25-8faa-41ba-b1a7-6062aa81a638-00000003 cancelled=False
  voucher mid=4 aid=4 Journal/4/20261001 guid=6a19ae25-8faa-41ba-b1a7-6062aa81a638-00000004 cancelled=False
  voucher mid=5 aid=5 Journal/5/20261001 guid=6a19ae25-8faa-41ba-b1a7-6062aa81a638-00000005 cancelled=False
  voucher mid=6 aid=6 Payroll/1/20261001 guid=6a19ae25-8faa-41ba-b1a7-6062aa81a638-00000006 cancelled=False
  voucher mid=7 aid=7 Receipt/1/20261002 guid=6a19ae25-8faa-41ba-b1a7-6062aa81a638-00000007 cancelled=False
  voucher mid=8 aid=8 Receipt/2/20261002 guid=6a19ae25-8faa-41ba-b1a7-6062aa81a638-00000008 cancelled=False
  voucher mid=9 aid=9 Payment/1/20261002 guid=6a19ae25-8faa-41ba-b1a7-6062aa81a638-00000009 cancelled=False
  voucher mid=10 aid=10 Payment/2/20261002 guid=6a19ae25-8faa-41ba-b1a7-6062aa81a638-0000000a cancelled=False
[shot] tds-133-gw0 (1024x768)
[18:37:54] [tds] screen tds-133-gw0 : EDU c Prime Gatewa of Tall CURRENT PERIOD K: Company Y: Data Z: Exchange O: Import E: Export M: Share p: print Fl: Help Date b82e1 I-Apr-26 to 31-Mar-27 NAME OF COMPANY FinCom Spike Co Q CURRENT OATE Friday, 2-Oct-2026 2-Oct-26 Search Gateway of Tally MASTERS Create Alter CHart of Accounts TRANSACTIONS Vouchers Day 800K UTILITIES BaNking REPORTS Balance Sheet Profit & Loss A/c Stock Summary Ratio Analysis Display More Reports DashbOard Quit Unity Company to ru 0912- 731-4 acepa 6c46- 2731- acep .337.0 -c978 ning 2d109 ing j _id" : . 0—011' 6c46- Mode Windows Server 2025 Datacenter Build 26100....
[shot] tds-134-C1-start (1024x768)
[18:37:56] [tds] screen tds-134-C1-start : EDU c Prime Gatewa of Tall CURRENT PERIOD K: Company Y: Data Z: Exchange O: Import E: Export M: Share p: print Fl: Help Date b82e1 I-Apr-26 to 31-Mar-27 NAME OF COMPANY FinCom Spike Co Q CURRENT OATE Friday, 2-Oct-2026 2-Oct-26 Search Gateway of Tally MASTERS Create Alter CHart of Accounts TRANSACTIONS Vouchers Day 800K UTILITIES BaNking REPORTS Balance Sheet Profit & Loss A/c Stock Summary Ratio Analysis Display More Reports DashbOard Quit Unity Company to ru 0912- 731-4 acepa 6c46- 2731- acep .337.0 -c978 ning 2d109 ing j _id" : . 0—011' 6c46- Mode Windows Server 2025 Datacenter Build 26100....
[keys] 'v' -> Tally 'TallyPrime:9000'
[shot] tds-135-C1-vouchers (1024x768)
[18:38:00] [tds] screen tds-135-C1-vouchers : EDU c Prime K: Company Y: Data Accounting Voucher Creation 03 Pa ment • Account Current balance: Particulars Narration: Unity Quit Z: Exchange A Accept Q Search O: Import E: Export M: Share FinCom • ke Co p: print 20ct-26 Friday Amount Fl: Help Q: Date Company Ed: Contra F-5: Payment Receipt Journal Sales b82e1 to ru 0912- 731-4 acepa 6c46- Purchase 2731- Fl O: OåuVooctgs E: Autofill Change Mode More Details O: Related ¯ Repons Optional post -Dated J: Stat acep .337.0 -c978 ning 2d109 ing j _id" : . 0—011' 6c46- D: Delete x: Cancel Vch Adjustment El 2: Configure Mode Windows Server 2025 Datace...
[keys] '{F4}' -> Tally 'TallyPrime:9000'
[shot] tds-136-C1-type (1024x768)
[18:38:04] [tds] screen tds-136-C1-type : EDU c Prime K: Company Y: Data Accounting Voucher Creation 03 Contra • Account Current balance: Particulars Narration: Unity Quit Z: Exchange A Accept Q Search O: Import E: Export M: Share FinCom • ke Co p: print x 2-Oct-26 Friday Amount Fl: Help Date b82e1 Company to ru F4: Contra F5: Payment Receipt Journal Sales 0912- 731-4 acepa 6c46- 2731- Purchase acep Fl 0: 0åHVouctg•s F: Autofill Change Mode More Details O: Related Reports L: Optional post -Dated .337.0 -c978 ning 2d109 ing j _id" : . 0—011' 6c46- D: Delete x: Cancel Vch F12: Configure Mode Windows Server 2025 Datacenter Build 26100.ge...
[keys] '{F2}' -> Tally 'TallyPrime:9000'
[shot] tds-137-C1-date-box (1024x768)
[18:38:07] [tds] screen tds-137-C1-date-box : EDU c Prime Change Voucher Date Unity Quit K: Company Y: Data Z: Exchange A Accept Q Search O: Import E: Export M: Share p: print Fl: Help FinCom Spike Co Voucher Date 3-10-2026 b82e1 to ru 0912- 731-4 acepa 6c46- 2731- acep .337.0 -c978 ning 2d109 ing j _id" : . 0—011' 6c46- Mode Windows Server 2025 Datacenter Build 26100.ge_release240331-1435 6:38 PM 10/8/2026
[keys] '2-10-2026{ENTER}' -> Tally 'TallyPrime:9000'
[shot] tds-138-C1-date (1024x768)
[18:38:11] [tds] screen tds-138-C1-date : EDU c Prime K: Company Y: Data Accounting Voucher Creation 03 Contra • Account Current balance: Particulars Narration: Unity Quit Z: Exchange A Accept Q Search O: Import E: Export M: Share FinCom • ke Co p: print x 2-Oct-26 Friday Amount Fl: Help Date b82e1 Company to ru F4: Contra F5: Payment Receipt Journal Sales 0912- 731-4 acepa 6c46- 2731- Purchase acep Fl 0: 0åHVouctg•s F: Autofill Change Mode More Details O: Related Reports L: Optional post -Dated .337.0 -c978 ning 2d109 ing j _id" : . 0—011' 6c46- D: Delete x: Cancel Vch F12: Configure Mode Windows Server 2025 Datacenter Build 26100.ge...
[keys] 'Share Bank{ENTER}' -> Tally 'TallyPrime:9000'
[shot] tds-139-C1-account (1024x768)
[18:38:15] [tds] screen tds-139-C1-account : EDU c Prime K: Company Y: Data Accounting Voucher Creation 03 Contra • Account Share Bank Current balance: Particulars Narration: Unity Quit Z: Exchange A Accept Q Search O: Import E: Export M: Share FinCom • ke Co p: print x 2-Oct-26 Friday Amount Fl: Help Date b82e1 Company to ru F4: Contra F5: Payment Receipt Journal Sales 0912- 731-4 acepa 6c46- 2731- Purchase acep Fl 0: 0åHVouctg•s F: Autofill Change Mode More Details O: Related Reports L: Optional post -Dated .337.0 -c978 ning 2d109 ing j _id" : . 0—011' 6c46- D: Delete x: Cancel Vch F12: Configure Mode Windows Server 2025 Datacenter Bui...
[shot] tds-140-C1-acc-sub1 (1024x768)
[18:38:16] [tds] screen tds-140-C1-acc-sub1 : EDU c Prime K: Company Y: Data Accounting Voucher Creation 03 Contra • Account Share Bank Current balance: Particulars Narration: Unity Quit Z: Exchange A Accept Q Search O: Import E: Export M: Share FinCom • ke Co p: print x 2-Oct-26 Friday Amount Fl: Help Date b82e1 Company to ru F4: Contra F5: Payment Receipt Journal Sales 0912- 731-4 acepa 6c46- 2731- Purchase acep Fl 0: 0åHVouctg•s F: Autofill Change Mode More Details O: Related Reports L: Optional post -Dated .337.0 -c978 ning 2d109 ing j _id" : . 0—011' 6c46- D: Delete x: Cancel Vch F12: Configure Mode Windows Server 2025 Datacenter Bui...
[keys] 'Cash{ENTER}' -> Tally 'TallyPrime:9000'
[shot] tds-141-C1-row1 (1024x768)
[18:38:19] [tds] screen tds-141-C1-row1 : EDU c Prime K: Company Y: Data Accounting Voucher Creation 03 Contra • Account Share Bank Current balance: Particulars Cash CurBal: 500.00 Dr Narration: Unity Quit Z: Exchange A Accept Q Search O: Import E: Export M: Share FinCom • ke Co p: print x 2-Oct-26 Friday Amount Fl: Help Date b82e1 Company to ru F4: Contra F5: Payment Receipt Journal Sales 0912- 731-4 acepa 6c46- 2731- Purchase acep Fl 0: 0åHVouctg•s F: Autofill Change Mode More Details O: Related Reports L: Optional post -Dated .337.0 -c978 ning 2d109 ing j _id" : . 0—011' 6c46- D: Delete x: Cancel Vch F12: Configure Mode Windows Ser...
[shot] tds-142-C1-row1-a-sub1 (1024x768)
[18:38:20] [tds] screen tds-142-C1-row1-a-sub1 : EDU c Prime K: Company Y: Data Accounting Voucher Creation 03 Contra • Account Share Bank Current balance: Particulars Cash CurBal: 500.00 Dr Narration: Unity Quit Z: Exchange A Accept Q Search O: Import E: Export M: Share FinCom • ke Co p: print x 2-Oct-26 Friday Amount Fl: Help Date b82e1 Company to ru F4: Contra F5: Payment Receipt Journal Sales 0912- 731-4 acepa 6c46- 2731- Purchase acep Fl 0: 0åHVouctg•s F: Autofill Change Mode More Details O: Related Reports L: Optional post -Dated .337.0 -c978 ning 2d109 ing j _id" : . 0—011' 6c46- D: Delete x: Cancel Vch F12: Configure Mode Windows Ser...
[keys] '200{ENTER}' -> Tally 'TallyPrime:9000'
[shot] tds-143-C1-row1-amt (1024x768)
[18:38:24] [tds] screen tds-143-C1-row1-amt : EDU c Prime K: Company Y: Data Accounting Voucher Creation 03 Contra • Account Share Bank Current balance: 200.00 Dr Particulars Cash CurBa1: 300.00 Dr Narration: Unity Quit Z: Exchange A Accept Q Search O: Import E: Export M: Share FinCom • ke Co p: print x 2-Oct-26 Friday Amount 200.00 200.00 Fl: Help Date b82e1 Company to ru F4: Contra F5: Payment Receipt Journal Sales 0912- 731-4 acepa 6c46- 2731- Purchase acep Fl 0: 0åHVouctg•s F: Autofill Change Mode More Details O: Related Reports Optional post -Dated .337.0 -c978 ning 2d109 ing j _id" : . 0—011' 6c46- D: Delete x: Cancel Vch F12: Confi...
[shot] tds-144-C1-row1-bills1 (1024x768)
[18:38:25] [tds] screen tds-144-C1-row1-bills1 : EDU c Prime K: Company Y: Data Accounting Voucher Creation 03 Contra • Account Share Bank Current balance: 200.00 Dr Particulars Cash CurBa1: 300.00 Dr Narration: Unity Quit Z: Exchange A Accept Q Search O: Import E: Export M: Share FinCom • ke Co p: print x 2-Oct-26 Friday Amount 200.00 200.00 Fl: Help Date b82e1 Company to ru F4: Contra F5: Payment Receipt Journal Sales 0912- 731-4 acepa 6c46- 2731- Purchase acep Fl 0: 0åHVouctg•s F: Autofill Change Mode More Details O: Related Reports Optional post -Dated .337.0 -c978 ning 2d109 ing j _id" : . 0—011' 6c46- D: Delete x: Cancel Vch F12: Confi...
[shot] tds-145-C1-row1-b-sub1 (1024x768)
[18:38:27] [tds] screen tds-145-C1-row1-b-sub1 : EDU c Prime K: Company Y: Data Accounting Voucher Creation 03 Contra • Account Share Bank Current balance: 200.00 Dr Particulars Cash CurBa1: 300.00 Dr Narration: Unity Quit Z: Exchange A Accept Q Search O: Import E: Export M: Share FinCom • ke Co p: print x 2-Oct-26 Friday Amount 200.00 200.00 Fl: Help Date b82e1 Company to ru F4: Contra F5: Payment Receipt Journal Sales 0912- 731-4 acepa 6c46- 2731- Purchase acep Fl 0: 0åHVouctg•s F: Autofill Change Mode More Details O: Related Reports Optional post -Dated .337.0 -c978 ning 2d109 ing j _id" : . 0—011' 6c46- D: Delete x: Cancel Vch F12: Confi...
[keys] '{ENTER}' -> Tally 'TallyPrime:9000'
[shot] tds-146-C1-rows-done (1024x768)
[18:38:30] [tds] screen tds-146-C1-rows-done : EDU c Prime K: Company Y: Data Accounting Voucher Creation 03 Contra • Account Share Bank Current balance: 200.00 Dr Particulars Cash CurBal: 300.00 Dr Narration: Unity Quit Z: Exchange A Accept Q Search O: Import E: Export M: Share FinCom • ke Co p: print x 2-Oct-26 Friday Amount 200.00 200.00 Fl: Help Date b82e1 Company to ru F4: Contra F5: Payment Receipt Journal Sales 0912- 731-4 acepa 6c46- 2731- Purchase acep Fl 0: 0åHVouctg•s F: Autofill Change Mode More Details O: Related Reports Optional post -Dated .337.0 -c978 ning 2d109 ing j _id" : . 0—011' 6c46- D: Delete x: Cancel Vch F12: Confi...
[shot] tds-147-C1-done-sub1 (1024x768)
[18:38:31] [tds] screen tds-147-C1-done-sub1 : EDU c Prime K: Company Y: Data Accounting Voucher Creation 03 Contra • Account Share Bank Current balance: 200.00 Dr Particulars Cash CurBal: 300.00 Dr Narration: Unity Quit Z: Exchange A Accept Q Search O: Import E: Export M: Share FinCom • ke Co p: print x 2-Oct-26 Friday Amount 200.00 200.00 Fl: Help Date b82e1 Company to ru F4: Contra F5: Payment Receipt Journal Sales 0912- 731-4 acepa 6c46- 2731- Purchase acep Fl 0: 0åHVouctg•s F: Autofill Change Mode More Details O: Related Reports Optional post -Dated .337.0 -c978 ning 2d109 ing j _id" : . 0—011' 6c46- D: Delete x: Cancel Vch F12: Confi...
[keys] 'share contra{ENTER}' -> Tally 'TallyPrime:9000'
[shot] tds-148-C1-narr (1024x768)
[18:38:35] [tds] screen tds-148-C1-narr : Unity EDU c Prime Bank Allocations Quit K: Company Y: Data Z: Exchange O: Import E: Export M: Share p: print x FinCom Spike Co Bank Allocations for: Share Bank For: 200.00 Inst Date Transacion Type Cash Inst No. Bank Name: Accept Amount 200.00 2-OctQ6 Fl: Help s: Set Status V: View Recon Info Configure b82e1 to ru 0912- 731-4 acepa 6c46- 2731- acep .337.0 -c978 ning 2d109 ing j _id" : . 0—011' 6c46- Mode Q Search Windows Server 2025 Datacenter Build 26100.ge_release240331-1435 6:38 PM 10/8/2026
[keys] '^a' -> Tally 'TallyPrime:9000'
[shot] tds-149-C1-accept1 (1024x768)
[18:38:40] [tds] screen tds-149-C1-accept1 : EDU c Prime K: Company Y: Data Accounting Voucher Creation 03 Contra • Account Share Bank Current balance: 200.00 Dr Particulars Cash CurBal: 300.00 Dr Narration: dB Unity Quit Z: Exchange Accept Q Search O: Import E: Export M: Share FinCom • ke Co p: print x 2-Oct-26 Friday Amount 200.00 200.00 Fl: Help Date b82e1 Company to ru F4: Contra F5: Payment Receipt Journal Sales 0912- 731-4 acepa 6c46- 2731- Purchase acep Fl 0: 0åHVouctg•s F: Autofill Change Mode More Details O: Related Reports Optional post -Dated .337.0 -c978 ning 2d109 ing j _id" : . 0—011' 6c46- D: Delete x: Cancel Vch F12: Conf...
[shot] tds-150-C1-after1 (1024x768)
[18:38:41] [tds] screen tds-150-C1-after1 : EDU c Prime K: Company Y: Data Accounting Voucher Creation 03 Contra • Account Share Bank Current balance: 200.00 Dr Particulars Cash CurBal: 300.00 Dr Narration: dB Unity Quit Z: Exchange Accept Q Search O: Import E: Export M: Share FinCom • ke Co p: print x 2-Oct-26 Friday Amount 200.00 200.00 Fl: Help Date b82e1 Company to ru F4: Contra F5: Payment Receipt Journal Sales 0912- 731-4 acepa 6c46- 2731- Purchase acep Fl 0: 0åHVouctg•s F: Autofill Change Mode More Details O: Related Reports Optional post -Dated .337.0 -c978 ning 2d109 ing j _id" : . 0—011' 6c46- D: Delete x: Cancel Vch F12: Conf...
[keys] '^a' -> Tally 'TallyPrime:9000'
[shot] tds-151-C1-accept2 (1024x768)
[18:38:46] [tds] screen tds-151-C1-accept2 : EDU c Prime K: Company Y: Data Accounting Voucher Creation 03 Contra No. 2 • Account Current balance: Particulars Narration: Unity Quit Z: Exchange A Accept Q Search O: Import E: Export M: Share FinCom • ke Co p: print x 2-Oct-26 Friday Amount Fl: Help Date b82e1 Company to ru F4: Contra F5: Payment Receipt Journal Sales 0912- 731-4 acepa 6c46- 2731- Purchase acep Fl 0: 0åHVouctg•s F: Autofill Change Mode More Details O: Related Reports L: Optional post -Dated .337.0 -c978 ning 2d109 ing j _id" : . 0—011' 6c46- D: Delete x: Cancel Vch F12: Configure Mode Windows Server 2025 Datacenter Build 26...
[shot] tds-152-C1-after2 (1024x768)
[18:38:47] [tds] screen tds-152-C1-after2 : EDU c Prime K: Company Y: Data Accounting Voucher Creation 03 Contra No. 2 • Account Current balance: Particulars Narration: Unity Quit Z: Exchange A Accept Q Search O: Import E: Export M: Share FinCom • ke Co p: print x 2-Oct-26 Friday Amount Fl: Help Date b82e1 Company to ru F4: Contra F5: Payment Receipt Journal Sales 0912- 731-4 acepa 6c46- 2731- Purchase acep Fl 0: 0åHVouctg•s F: Autofill Change Mode More Details O: Related Reports L: Optional post -Dated .337.0 -c978 ning 2d109 ing j _id" : . 0—011' 6c46- D: Delete x: Cancel Vch F12: Configure Mode Windows Server 2025 Datacenter Build 26...
[keys] '^a' -> Tally 'TallyPrime:9000'
[shot] tds-153-C1-accept3 (1024x768)
[18:38:51] [tds] screen tds-153-C1-accept3 : Unity EDU c Prime K: Company Y: Data Accounting Voucher Creation Q: Quit Z: Exchange A: Accept Q Search O: Import E: Export M: Share p: print FinCom Spike Co x Error Oops! No Entries in Voucher! p: Delete , cancel vch Fl: Help F2: Date F3: Company F4: Contra F5: Payment F6: Receipt F7: Journal F8: Sales F9: Purchase F: Autofill H: Change Mode l: More Details O: Related Reports k: Optional T: post -Dated F 12: Configure b82e1 to ru 0912- 731-4 acepa 6c46- 2731- acep .337.0 -c978 ning 2d109 ing j _id" : . 0—011' 6c46- Mode Windows Server 2025 Datacenter Build 26100.ge_release240331-1435 6:38 PM ...
[shot] tds-154-C1-after3 (1024x768)
[18:38:52] [tds] screen tds-154-C1-after3 : Unity EDU c Prime K: Company Y: Data Accounting Voucher Creation Q: Quit Z: Exchange A: Accept Q Search O: Import E: Export M: Share p: print FinCom Spike Co x Error Oops! No Entries in Voucher! p: Delete , cancel vch Fl: Help F2: Date F3: Company F4: Contra F5: Payment F6: Receipt F7: Journal F8: Sales F9: Purchase F: Autofill H: Change Mode l: More Details O: Related Reports k: Optional T: post -Dated F 12: Configure b82e1 to ru 0912- 731-4 acepa 6c46- 2731- acep .337.0 -c978 ning 2d109 ing j _id" : . 0—011' 6c46- Mode Windows Server 2025 Datacenter Build 26100.ge_release240331-1435 6:38 PM ...
[keys] '^a' -> Tally 'TallyPrime:9000'
[shot] tds-155-C1-accept4 (1024x768)
[18:38:57] [tds] screen tds-155-C1-accept4 : EDU c Prime K: Company Y: Data Accounting Voucher Creation 03 Contra No. 2 Cash • Account Current balance: 300.00 Dr Particulars End of List Cur Bal: Narration: Unity Quit Z: Exchange A Accept Q Search FinCom • ke Co O: Import E: Export List of Led er Accounts Cash Share Bank M: Share p: print x Create Fl: Help Date b82e1 Company to ru F4: Contra F5: Payment Receipt Journal Sales 0912- 731-4 acepa 6c46- 2731- Purchase acep Fl 0: 0åHVouctg•s F: Autofill Change Mode More Details O: Related Reports L: Optional post -Dated .337.0 -c978 ning 2d109 ing j _id" : . 0—011' 6c46- D: Delete Cancel Vch Co...
[shot] tds-156-C1-after4 (1024x768)
[18:38:58] [tds] screen tds-156-C1-after4 : EDU c Prime K: Company Y: Data Accounting Voucher Creation 03 Contra No. 2 Cash • Account Current balance: 300.00 Dr Particulars End of List Cur Bal: Narration: Unity Quit Z: Exchange A Accept Q Search FinCom • ke Co O: Import E: Export List of Led er Accounts Cash Share Bank M: Share p: print x Create Fl: Help Date b82e1 Company to ru F4: Contra F5: Payment Receipt Journal Sales 0912- 731-4 acepa 6c46- 2731- Purchase acep Fl 0: 0åHVouctg•s F: Autofill Change Mode More Details O: Related Reports L: Optional post -Dated .337.0 -c978 ning 2d109 ing j _id" : . 0—011' 6c46- D: Delete Cancel Vch Co...
[shot] tds-157-gw0 (1024x768)
[18:38:59] [tds] screen tds-157-gw0 : EDU c Prime K: Company Y: Data Accounting Voucher Creation 03 Contra No. 2 • Account Cash Current balance: 300.00 Dr Particulars End of List Cur Bal: Narration: Unity Quit Z: Exchange A Accept Q Search FinCom • ke Co O: Import E: Export List of Led er Accounts Cash Share Bank M: Share p: print x Create Fl: Help Date b82e1 Company to ru F4: Contra F5: Payment Receipt Journal Sales 0912- 731-4 acepa 6c46- 2731- Purchase acep Fl 0: 0åHVouctg•s F: Autofill Change Mode More Details O: Related Reports L: Optional post -Dated .337.0 -c978 ning 2d109 ing j _id" : . 0—011' 6c46- D: Delete Cancel Vch Co...
[keys] '{ESC}' -> Tally 'TallyPrime:9000'
[shot] tds-158-gw1 (1024x768)
[18:39:02] [tds] screen tds-158-gw1 : EDU c Prime K: Company Y: Data Accounting Voucher Creation 03 Contra No. 2 • Account Current balance: 300.00 Dr Particulars End of List Cur Bal: Narration: Unity Quit Z: Exchange A Accept Q Search FinCom • ke Co O: Import E: Export List of Led er Accounts Cash Share Bank M: Share p: print x Create Fl: Help Date b82e1 Company to ru F4: Contra F5: Payment Receipt Journal Sales 0912- 731-4 acepa 6c46- 2731- Purchase acep Fl 0: 0åHVouctg•s F: Autofill Change Mode More Details O: Related Reports L: Optional post -Dated .337.0 -c978 ning 2d109 ing j _id" : . 0—011' 6c46- D: Delete Cancel Vch Configu...
[keys] '{ESC}' -> Tally 'TallyPrime:9000'
[shot] tds-159-gw2 (1024x768)
[18:39:06] [tds] screen tds-159-gw2 : EDU c Prime K: Company Y: Data Accounting Voucher Creation 03 Contra No. 2 • Account Current balance: 300.00 Dr Particulars End of List Cur Bal: Narration: Unity Q: Quit Z: Exchange A: Accept Q Search O: Import E: Export M: Share FinCom p: print x 2-Oct-26 Friday Amount Quit o Yes or No D: Delete X: Cancel Vch Fl: Help F2: Date F3: Company F4: Contra F5: Payment F6: Receipt F7: Journal F8: Sales F9: Purchase F: Autofill H: Change Mode l: More Details O: Related Reports k: Optional T: post -Dated Fl 2: Configure b82e1 to ru 0912- 731-4 acepa 6c46- 2731- acep .337.0 -c978 ning 2d109 ing j _id" :...
[keys] 'y' -> Tally 'TallyPrime:9000'
[shot] tds-160-gw3 (1024x768)
[18:39:10] [tds] screen tds-160-gw3 : EDU c Prime Gatewa of Tall CURRENT PERIOD K: Company Y: Data Z: Exchange O: Import E: Export M: Share p: print Fl: Help Date b82e1 I-Apr-26 to 31-Mar-27 NAME OF COMPANY FinCom Spike Co Q CURRENT OATE Friday, 2-Oct-2026 2-Oct-26 Search Gateway of Tally MASTERS Create Alter CHart of Accounts TRANSACTIONS Vouchers Day 800K UTILITIES BaNking REPORTS Balance Sheet Profit & Loss A/c Stock Summary Ratio Analysis Display More Reports DashbOard Quit Unity Company to ru 0912- 731-4 acepa 6c46- 2731- acep .337.0 -c978 ning 2d109 ing j _id" : . 0—011' 6c46- Mode Windows Server 2025 Datacenter Build 26100....
  voucher mid=1 aid=1 Journal/1/20260401 guid=6a19ae25-8faa-41ba-b1a7-6062aa81a638-00000001 cancelled=False
  voucher mid=2 aid=2 Journal/2/20261001 guid=6a19ae25-8faa-41ba-b1a7-6062aa81a638-00000002 cancelled=False
  voucher mid=3 aid=3 Journal/3/20261001 guid=6a19ae25-8faa-41ba-b1a7-6062aa81a638-00000003 cancelled=False
  voucher mid=4 aid=4 Journal/4/20261001 guid=6a19ae25-8faa-41ba-b1a7-6062aa81a638-00000004 cancelled=False
  voucher mid=5 aid=5 Journal/5/20261001 guid=6a19ae25-8faa-41ba-b1a7-6062aa81a638-00000005 cancelled=False
  voucher mid=6 aid=6 Payroll/1/20261001 guid=6a19ae25-8faa-41ba-b1a7-6062aa81a638-00000006 cancelled=False
  voucher mid=7 aid=7 Receipt/1/20261002 guid=6a19ae25-8faa-41ba-b1a7-6062aa81a638-00000007 cancelled=False
  voucher mid=8 aid=8 Receipt/2/20261002 guid=6a19ae25-8faa-41ba-b1a7-6062aa81a638-00000008 cancelled=False
  voucher mid=9 aid=9 Payment/1/20261002 guid=6a19ae25-8faa-41ba-b1a7-6062aa81a638-00000009 cancelled=False
  voucher mid=10 aid=10 Payment/2/20261002 guid=6a19ae25-8faa-41ba-b1a7-6062aa81a638-0000000a cancelled=False
  voucher mid=11 aid=11 Contra/1/20261002 guid=6a19ae25-8faa-41ba-b1a7-6062aa81a638-0000000b cancelled=False
  INFO share contra (contra: cash into the bank): Tally Contra 1 mid 11; stored party 'Cash' bills []; the line party '' bills []; lines voucher_accept_post x1, voucher_full x1
[18:39:13] ---- share journal-party: journal with a party (Share Expense Dr / Share Supplier Cr, New Ref JN-1)
  voucher mid=1 aid=1 Journal/1/20260401 guid=6a19ae25-8faa-41ba-b1a7-6062aa81a638-00000001 cancelled=False
  voucher mid=2 aid=2 Journal/2/20261001 guid=6a19ae25-8faa-41ba-b1a7-6062aa81a638-00000002 cancelled=False
  voucher mid=3 aid=3 Journal/3/20261001 guid=6a19ae25-8faa-41ba-b1a7-6062aa81a638-00000003 cancelled=False
  voucher mid=4 aid=4 Journal/4/20261001 guid=6a19ae25-8faa-41ba-b1a7-6062aa81a638-00000004 cancelled=False
  voucher mid=5 aid=5 Journal/5/20261001 guid=6a19ae25-8faa-41ba-b1a7-6062aa81a638-00000005 cancelled=False
  voucher mid=6 aid=6 Payroll/1/20261001 guid=6a19ae25-8faa-41ba-b1a7-6062aa81a638-00000006 cancelled=False
  voucher mid=7 aid=7 Receipt/1/20261002 guid=6a19ae25-8faa-41ba-b1a7-6062aa81a638-00000007 cancelled=False
  voucher mid=8 aid=8 Receipt/2/20261002 guid=6a19ae25-8faa-41ba-b1a7-6062aa81a638-00000008 cancelled=False
  voucher mid=9 aid=9 Payment/1/20261002 guid=6a19ae25-8faa-41ba-b1a7-6062aa81a638-00000009 cancelled=False
  voucher mid=10 aid=10 Payment/2/20261002 guid=6a19ae25-8faa-41ba-b1a7-6062aa81a638-0000000a cancelled=False
  voucher mid=11 aid=11 Contra/1/20261002 guid=6a19ae25-8faa-41ba-b1a7-6062aa81a638-0000000b cancelled=False
[shot] tds-161-gw0 (1024x768)
[18:39:14] [tds] screen tds-161-gw0 : EDU c Prime Gatewa of Tall CURRENT PERIOD K: Company Y: Data Z: Exchange O: Import E: Export M: Share p: print Fl: Help Date b82e1 I-Apr-26 to 31-Mar-27 NAME OF COMPANY FinCom Spike Co Q CURRENT OATE Friday, 2-Oct-2026 2-Oct-26 Search Gateway of Tally MASTERS Create Alter CHart of Accounts TRANSACTIONS Vouchers Day 800K UTILITIES BaNking REPORTS Balance Sheet Profit & Loss A/c Stock Summary Ratio Analysis Display More Reports DashbOard Quit Unity Company to ru 0912- 731-4 acepa 6c46- 2731- acep .337.0 -c978 ning 2d109 ing j _id" : . 0—011' 6c46- Mode Windows Server 2025 Datacenter Build 26100....
[shot] tds-162-J1-start (1024x768)
[18:39:15] [tds] screen tds-162-J1-start : EDU c Prime Gatewa of Tall CURRENT PERIOD K: Company Y: Data Z: Exchange O: Import E: Export M: Share p: print Fl: Help Date b82e1 I-Apr-26 to 31-Mar-27 NAME OF COMPANY FinCom Spike Co Q CURRENT OATE Friday, 2-Oct-2026 2-Oct-26 Search Gateway of Tally MASTERS Create Alter CHart of Accounts TRANSACTIONS Vouchers Day 800K UTILITIES BaNking REPORTS Balance Sheet Profit & Loss A/c Stock Summary Ratio Analysis Display More Reports DashbOard Quit Unity Company to ru 0912- 731-4 acepa 6c46- 2731- acep .337.0 -c978 ning 2d109 ing j _id" : . 0—011' 6c46- Mode Windows Server 2025 Datacenter Build 26100....
[keys] 'v' -> Tally 'TallyPrime:9000'
[shot] tds-163-J1-vouchers (1024x768)
[18:39:19] [tds] screen tds-163-J1-vouchers : EDU c Prime K: Company Y: Data Accounting Voucher Creation 03 Contra No. 2 • Account Current balance: Particulars Narration: Unity Quit Z: Exchange A Accept Q Search O: Import E: Export M: Share FinCom • ke Co p: print x 2-Oct-26 Friday Amount Fl: Help Date b82e1 Company to ru F4: Contra F5: Payment Receipt Journal Sales 0912- 731-4 acepa 6c46- 2731- Purchase acep Fl 0: 0åHVouctg•s F: Autofill Change Mode More Details O: Related Reports L: Optional post -Dated .337.0 -c978 ning 2d109 ing j _id" : . 0—011' 6c46- D: Delete x: Cancel Vch F12: Configure Mode Windows Server 2025 Datacenter Build 26...
[keys] '{F7}' -> Tally 'TallyPrime:9000'
[shot] tds-164-J1-type (1024x768)
[18:39:23] [tds] screen tds-164-J1-type : EDU c Prime K: Company Y: Data Accounting Voucher Creation 03 Journal Particulars By Narration: Unity Quit Z: Exchange A Accept Q Search FinCom • ke Co O: Import E: Export List of Led er Accounts Profit & Loss Alc Share Basic Share Expense Share HRA Share Party Share Purchase Share Salary Payable Share Sales Share Supplier Spike Income Spike Party Spike Party 2 Ul Party M: Share p: print Create Show More x Fl: Help Q: Date Company Ed: Contra Payment Receipt F-7: Journal Sales b82e1 to ru 0912- 731-4 acepa 6c46- Purchase 2731- Fl O: OåuVooctgs E: Autofill H: Change = Mode More Details O: Relate...
[keys] '{F2}' -> Tally 'TallyPrime:9000'
[shot] tds-165-J1-date-box (1024x768)
[18:39:26] [tds] screen tds-165-J1-date-box : EDU c Prime Change Voucher Date Unity Quit K: Company Y: Data Z: Exchange A Accept Q Search O: Import E: Export M: Share p: print Fl: Help FinCom Spike Co Voucher Date 3-10-2026 b82e1 to ru 0912- 731-4 acepa 6c46- 2731- acep .337.0 -c978 ning 2d109 ing j _id" : . 0—011' 6c46- Mode Windows Server 2025 Datacenter Build 26100.ge_release240331-1435 6:39 PM 10/8/2026
[keys] '2-10-2026{ENTER}' -> Tally 'TallyPrime:9000'
[shot] tds-166-J1-date (1024x768)
[18:39:30] [tds] screen tds-166-J1-date : EDU c Prime K: Company Y: Data Accounting Voucher Creation 03 Journal Particulars By Narration: Unity Quit Z: Exchange A Accept Q Search FinCom • ke Co O: Import E: Export List of Led er Accounts Profit & Loss Alc Share Basic Share Expense Share HRA Share Party Share Purchase Share Salary Payable Share Sales Share Supplier Spike Income Spike Party Spike Party 2 Ul Party M: Share p: print Create Show More x Fl: Help Q: Date Company Ed: Contra Payment Receipt F-7: Journal Sales b82e1 to ru 0912- 731-4 acepa 6c46- Purchase 2731- Fl O: OåuVooctgs E: Autofill H: Change = Mode More Details O: Relate...
[keys] 'Share Expense{ENTER}' -> Tally 'TallyPrime:9000'
[shot] tds-167-J1-row1 (1024x768)
[18:39:34] [tds] screen tds-167-J1-row1 : EDU c Prime K: Company Y: Data Accounting Voucher Creation 03 Journal Z: Exchange A Accept Q Search O: Import E: Export FinCom • ke Co M: Share Debit p: print x 2-Oct-26 Friday Credit • By By Particulars Share Expense CurBal: 4,300.00 Dr Fl: Help Q: Date Company Ed: Contra Payment Receipt F-7: Journal Sales b82e1 to ru 0912- 731-4 acepa 6c46- Purchase 2731- Fl O: OåuVooctgs E: Autofill H: Change = Mode More Details O: Related ¯ Repons Optional post -Dated J: Stat acep .337.0 -c978 ning 2d109 ing j _id" : . 0—011' 6c46- Narration: Unity Quit D: Delete x: Cancel Vch Adjustment El 2: Configure Mo...
[shot] tds-168-J1-row1-a-sub1 (1024x768)
[18:39:35] [tds] screen tds-168-J1-row1-a-sub1 : EDU c Prime K: Company Y: Data Accounting Voucher Creation 03 Journal Z: Exchange A Accept Q Search O: Import E: Export FinCom • ke Co M: Share Debit p: print x 2-Oct-26 Friday Credit • By By Particulars Share Expense CurBal: 4,300.00 Dr Fl: Help Q: Date Company Ed: Contra Payment Receipt F-7: Journal Sales b82e1 to ru 0912- 731-4 acepa 6c46- Purchase 2731- Fl O: OåuVooctgs E: Autofill H: Change = Mode More Details O: Related ¯ Repons Optional post -Dated J: Stat acep .337.0 -c978 ning 2d109 ing j _id" : . 0—011' 6c46- Narration: Unity Quit D: Delete x: Cancel Vch Adjustment El 2: Configure Mo...
[keys] '600{ENTER}' -> Tally 'TallyPrime:9000'
[shot] tds-169-J1-row1-amt (1024x768)
[18:39:39] [tds] screen tds-169-J1-row1-amt : EDU c Prime K: Company Y: Data Cost Centre Allocations Unity Quit Z: Exchange O: Import E: Export M: Share p: print Fl: Help FinCom Spike Co Cost Allocations for : Share Expense Up to: 600.00 Dr Name of Cost Centre Ehare Em 1 A Accept Q Search Amount 600.00 600.00 b82e1 to ru 0912- 731-4 acepa 6c46- 2731- acep .337.0 -c978 ning 2d109 ing j _id" : . 0—011' 6c46- Mode Windows Server 2025 Datacenter Build 26100.ge_release240331-1435 6:39 PM 10/8/2026
[shot] tds-170-J1-row1-bills1 (1024x768)
[18:39:39] [tds] screen tds-170-J1-row1-bills1 : EDU c Prime K: Company Y: Data Cost Centre Allocations Unity Quit Z: Exchange O: Import E: Export M: Share p: print Fl: Help FinCom Spike Co Cost Allocations for : Share Expense Up to: 600.00 Dr Name of Cost Centre Share Em 1 A Accept Q Search Amount 600.00 600.00 b82e1 to ru 0912- 731-4 acepa 6c46- 2731- acep .337.0 -c978 ning 2d109 ing j _id" : . 0—011' 6c46- Mode Windows Server 2025 Datacenter Build 26100.ge_release240331-1435 6:39 PM 10/8/2026
[shot] tds-171-J1-row1-b-sub1 (1024x768)
[18:39:40] [tds] screen tds-171-J1-row1-b-sub1 : EDU c Prime K: Company Y: Data Cost Centre Allocations Unity Quit Z: Exchange O: Import E: Export M: Share p: print Fl: Help FinCom Spike Co Cost Allocations for : Share Expense Up to: 600.00 Dr Name of Cost Centre Share Em 1 A Accept Q Search Amount 600.00 600.00 b82e1 to ru 0912- 731-4 acepa 6c46- 2731- acep .337.0 -c978 ning 2d109 ing j _id" : . 0—011' 6c46- Mode Windows Server 2025 Datacenter Build 26100.ge_release240331-1435 6:39 PM 10/8/2026
[keys] '^a' -> Tally 'TallyPrime:9000'
[shot] tds-172-J1-row1-b-sub-accept (1024x768)
[18:39:44] [tds] screen tds-172-J1-row1-b-sub-accept : EDU c Prime K: Company Y: Data Accounting Voucher Creation 03 Journal Z: Exchange 600.00 Dr A Accept Q Search O: Import E: Export M: Share FinCom • ke Co p: print x 2-Oct-26 Friday Credit • By Particulars Share Expense CurBal: 4,900.00 Dr Share Emp 1 Debit 600.00 600.00 Fl: Help Q: Date Company Ed: Contra Payment Receipt F-7: Journal Sales b82e1 to ru 0912- 731-4 acepa 6c46- Purchase 2731- Fl O: OåuVooctgs E: Autofill H: Change = Mode More Details O: Related ¯ Repons Optional post -Dated J: Stat acep .337.0 -c978 ning 2d109 ing j _id" : . 0—011' 6c46- Narration: Unity Quit D: Delete x: Cancel ...
[shot] tds-173-J1-row1-b-sub2 (1024x768)
[18:39:45] [tds] screen tds-173-J1-row1-b-sub2 : EDU c Prime K: Company Y: Data Accounting Voucher Creation 03 Journal Z: Exchange 600.00 Dr A Accept Q Search O: Import E: Export M: Share FinCom • ke Co p: print x 2-Oct-26 Friday Credit • By Particulars Share Expense CurBal: 4,900.00 Dr Share Emp 1 Debit 600.00 600.00 Fl: Help Q: Date Company Ed: Contra Payment Receipt F-7: Journal Sales b82e1 to ru 0912- 731-4 acepa 6c46- Purchase 2731- Fl O: OåuVooctgs E: Autofill H: Change = Mode More Details O: Related ¯ Repons Optional post -Dated J: Stat acep .337.0 -c978 ning 2d109 ing j _id" : . 0—011' 6c46- Narration: Unity Quit D: Delete x: Cancel ...
[shot] tds-174-J1-row2-before (1024x768)
[18:39:46] [tds] screen tds-174-J1-row2-before : EDU c Prime K: Company Y: Data Accounting Voucher Creation 03 Journal Z: Exchange 600.00 Dr A Accept Q Search O: Import E: Export M: Share FinCom • ke Co p: print x 2-Oct-26 Friday Credit • By Particulars Share Expense CurBal: 4,900.00 Dr Share Emp 1 Debit 600.00 600.00 Fl: Help Q: Date Company Ed: Contra Payment Receipt F-7: Journal Sales b82e1 to ru 0912- 731-4 acepa 6c46- Purchase 2731- Fl O: OåuVooctgs E: Autofill H: Change = Mode More Details O: Related ¯ Repons Optional post -Dated J: Stat acep .337.0 -c978 ning 2d109 ing j _id" : . 0—011' 6c46- Narration: Unity Quit D: Delete x: Cancel ...
[keys] 'To{ENTER}' -> Tally 'TallyPrime:9000'
[shot] tds-175-J1-row2-to (1024x768)
[18:39:49] [tds] screen tds-175-J1-row2-to : EDU c Prime K: Company Y: Data Accounting Voucher Creation 03 Journal Z: Exchange 600.00 Dr A Accept Q Search FinCom • ke Co O: Import E: Export List of Led er Accounts Profit & Loss Alc Share Basic Share Expense Share HRA Share Party Share Purchase Share Salary Payable Share Sales Share Supplier Spike Income Spike Party Spike Party 2 Ul Party M: Share p: print Create Show More x • By Particulars Share Expense CurBal: 4,900.00 Dr Share Emp 1 Fl: Help Q: Date Company Ed: Contra Payment Receipt F-7: Journal Sales b82e1 to ru 0912- 731-4 acepa 6c46- Purchase 2731- Fl O: OåuVooctgs E: Autofill H: ...
[keys] 'Share Supplier{ENTER}' -> Tally 'TallyPrime:9000'
[shot] tds-176-J1-row2 (1024x768)
[18:39:53] [tds] screen tds-176-J1-row2 : EDU c Prime K: Company Y: Data Accounting Voucher Creation 03 Journal Z: Exchange 600.00 Dr A Accept Q Search O: Import E: Export M: Share FinCom • ke Co • By To Particulars Share Expense CurBal: 4,900.00 Dr Share Emp 1 Share Supplier CurBal: 3,200.00 Cr Debit 600.00 600.00 p: print x 2-Oct-26 Friday Credit 300.00 600.00 Fl: Help Q: Date Company Ed: Contra Payment Receipt F-7: Journal Sales b82e1 to ru 0912- 731-4 acepa 6c46- Purchase 2731- Fl O: OåuVooctgs E: Autofill H: Change = Mode More Details O: Related ¯ Repons Optional post -Dated J: Stat acep .337.0 -c978 ning 2d109 ing j _id" : . 0—0...
[shot] tds-177-J1-row2-a-sub1 (1024x768)
[18:39:54] [tds] screen tds-177-J1-row2-a-sub1 : EDU c Prime K: Company Y: Data Accounting Voucher Creation 03 Journal Z: Exchange 600.00 Dr A Accept Q Search O: Import E: Export M: Share FinCom • ke Co • By To Particulars Share Expense CurBal: 4,900.00 Dr Share Emp 1 Share Supplier CurBal: 3,200.00 Cr Debit 600.00 600.00 p: print x 2-Oct-26 Friday Credit 300.00 600.00 Fl: Help Q: Date Company Ed: Contra Payment Receipt F-7: Journal Sales b82e1 to ru 0912- 731-4 acepa 6c46- Purchase 2731- Fl O: OåuVooctgs E: Autofill H: Change = Mode More Details O: Related ¯ Repons Optional post -Dated J: Stat acep .337.0 -c978 ning 2d109 ing j _id" : . 0—0...
[keys] '{ENTER}' -> Tally 'TallyPrime:9000'
[shot] tds-178-J1-row2-amt (1024x768)
[18:39:58] [tds] screen tds-178-J1-row2-amt : Unity EDU c Prime Bill-wise Details II Quit K: Company Y: Data Z: Exchange FinCom Spike Co Bill-wise Details for : Share Supplier Up to: 600.00 cr O: Import Amount E: Export M: Share p: print x Fl: Help Type of Ref St Ref Name Method of Ad Advance Agst Ref New Ref On Account Accept Q Search Due Date, or Credit Days 20ct-26) b82e1 to ru 0912- 731-4 acepa 6c46- 2731- acep .337.0 -c978 ning 2d109 ing j _id" : . 0—011' 6c46- Mode Windows Server 2025 Datacenter Build 26100.ge_release240331-1435 6:39 PM 10/8/2026
[shot] tds-179-J1-row2-bills1 (1024x768)
[18:39:59] [tds] screen tds-179-J1-row2-bills1 : Unity EDU c Prime Bill-wise Details II Quit K: Company Y: Data Z: Exchange FinCom Spike Co Bill-wise Details for : Share Supplier Up to: 600.00 cr O: Import Amount E: Export M: Share p: print x Fl: Help Type of Ref St Ref Name Method of Ad Advance Agst Ref New Ref On Account Accept Q Search Due Date, or Credit Days 20ct-26) b82e1 to ru 0912- 731-4 acepa 6c46- 2731- acep .337.0 -c978 ning 2d109 ing j _id" : . 0—011' 6c46- Mode Windows Server 2025 Datacenter Build 26100.ge_release240331-1435 6:39 PM 10/8/2026
[keys] 'New Ref{ENTER}' -> Tally 'TallyPrime:9000'
[shot] tds-180-J1-row2-reftype (1024x768)
[18:40:03] [tds] screen tds-180-J1-row2-reftype : Unity EDU c Prime Bill-wise Details II Quit K: Company Y: Data Z: Exchange FinCom Spike Co Bill-wise Details for : Share Supplier Up to: 600.00 cr O: Import E: Export Amount 600.00 cr 600.00 cr M: Share p: print Fl: Help x Type of Ref New Ref Name Due Date, or Credit Days (wef 20ct-26) b82e1 to ru 0912- 731-4 acepa 6c46- 2731- acep .337.0 -c978 ning 2d109 ing j _id" : . 0—011' 6c46- Mode Accept Q Search Windows Server 2025 Datacenter Build 26100.ge_release240331-1435 6:40 PM 10/8/2026
[keys] 'JN-1{ENTER}' -> Tally 'TallyPrime:9000'
[shot] tds-181-J1-row2-refname (1024x768)
[18:40:06] [tds] screen tds-181-J1-row2-refname : Unity EDU c Prime Bill-wise Details II Quit K: Company Y: Data Z: Exchange O: Import E: Export M: Share p: print Fl: Help FinCom Spike Co Bill-wise Details for : Share Supplier Up to: 600.00 cr x Type of Ref New Ref Name JN_I Accept Q Search Due Date, or Credit Days (wef 20ct-26) Amount 600.00 cr 600.00 cr b82e1 to ru 0912- 731-4 acepa 6c46- 2731- acep .337.0 -c978 ning 2d109 ing j _id" : . 0—011' 6c46- Mode Windows Server 2025 Datacenter Build 26100.ge_release240331-1435 6:40 PM 10/8/2026
[keys] '{ENTER}' -> Tally 'TallyPrime:9000'
[shot] tds-182-J1-row2-due (1024x768)
[18:40:10] [tds] screen tds-182-J1-row2-due : Unity EDU c Prime Bill-wise Details II Quit K: Company Y: Data Z: Exchange O: Import E: Export M: Share p: print x Fl: Help FinCom Spike Co Bill-wise Details for : Share Supplier Up to: 600.00 cr Type of Ref New Ref Name JN_I Accept Q Search Due Date, or Credit Days (wef 20ct-26) Amount 300.00 cr 600.00 cr b82e1 to ru 0912- 731-4 acepa 6c46- 2731- acep .337.0 -c978 ning 2d109 ing j _id" : . 0—011' 6c46- Mode Windows Server 2025 Datacenter Build 26100.ge_release240331-1435 6:40 PM 10/8/2026
[keys] '{ENTER}' -> Tally 'TallyPrime:9000'
[shot] tds-183-J1-row2-refamount (1024x768)
[18:40:13] [tds] screen tds-183-J1-row2-refamount : Unity EDU c Prime Bill-wise Details II Quit K: Company Y: Data Z: Exchange O: Import E: Export M: Share p: print x Fl: Help FinCom Spike Co Bill-wise Details for : Share Supplier Up to: 600.00 cr Type of Ref New Ref Name JN_I Accept Q Search Due Date, or Credit Days (wef 20ct-26) Amount 600.00 er 600.00 cr b82e1 to ru 0912- 731-4 acepa 6c46- 2731- acep .337.0 -c978 ning 2d109 ing j _id" : . 0—011' 6c46- Mode Windows Server 2025 Datacenter Build 26100.ge_release240331-1435 6:40 PM 10/8/2026
[shot] tds-184-J1-row2-bills2 (1024x768)
[18:40:14] [tds] screen tds-184-J1-row2-bills2 : Unity EDU c Prime Bill-wise Details II Quit K: Company Y: Data Z: Exchange O: Import E: Export M: Share p: print x Fl: Help FinCom Spike Co Bill-wise Details for : Share Supplier Up to: 600.00 cr Type of Ref New Ref Name JN_I Accept Q Search Due Date, or Credit Days (wef 20ct-26) Amount 600.00 er 600.00 cr b82e1 to ru 0912- 731-4 acepa 6c46- 2731- acep .337.0 -c978 ning 2d109 ing j _id" : . 0—011' 6c46- Mode Windows Server 2025 Datacenter Build 26100.ge_release240331-1435 6:40 PM 10/8/2026
[keys] '^a' -> Tally 'TallyPrime:9000'
[shot] tds-185-J1-row2-bills-accept (1024x768)
[18:40:18] [tds] screen tds-185-J1-row2-bills-accept : EDU c Prime K: Company Y: Data Accounting Voucher Creation 03 Journal Z: Exchange 600.00 Dr 600.00 Cr Accept Q Search O: Import E: Export M: Share FinCom • ke Co • By To Particulars Share Expense CurBal: 4,900.00 Dr Share Emp 1 Share Supplier CurBal: 3,200.00 Cr New Ref JN-I Debit 600.00 600.00 p: print x 2-Oct-26 Friday Credit 600.00 600.00 Fl: Help Q: Date Company Ed: Contra Payment Receipt F-7: Journal Sales b82e1 to ru 0912- 731-4 acepa 6c46- Purchase 2731- Fl O: OåuVooctgs E: Autofill H: Change = Mode More Details O: Related ¯ Repons Optional post -Dated J: Stat acep .337.0 -c978 ning 2d1...
[shot] tds-186-J1-row2-bills3 (1024x768)
[18:40:19] [tds] screen tds-186-J1-row2-bills3 : EDU c Prime K: Company Y: Data Accounting Voucher Creation 03 Journal Z: Exchange 600.00 Dr 600.00 Cr Accept Q Search O: Import E: Export M: Share FinCom • ke Co • By To Particulars Share Expense CurBal: 4,900.00 Dr Share Emp 1 Share Supplier CurBal: 3,200.00 Cr New Ref JN-I Debit 600.00 600.00 p: print x 2-Oct-26 Friday Credit 600.00 600.00 Fl: Help Q: Date Company Ed: Contra Payment Receipt F-7: Journal Sales b82e1 to ru 0912- 731-4 acepa 6c46- Purchase 2731- Fl O: OåuVooctgs E: Autofill H: Change = Mode More Details O: Related ¯ Repons Optional post -Dated J: Stat acep .337.0 -c978 ning 2d1...
[shot] tds-187-J1-row2-b-sub1 (1024x768)
[18:40:20] [tds] screen tds-187-J1-row2-b-sub1 : EDU c Prime K: Company Y: Data Accounting Voucher Creation 03 Journal Z: Exchange 600.00 Dr 600.00 Cr Accept Q Search O: Import E: Export M: Share FinCom • ke Co • By To Particulars Share Expense CurBal: 4,900.00 Dr Share Emp 1 Share Supplier CurBal: 3,200.00 Cr New Ref JN-I Debit 600.00 600.00 p: print x 2-Oct-26 Friday Credit 600.00 600.00 Fl: Help Q: Date Company Ed: Contra Payment Receipt F-7: Journal Sales b82e1 to ru 0912- 731-4 acepa 6c46- Purchase 2731- Fl O: OåuVooctgs E: Autofill H: Change = Mode More Details O: Related ¯ Repons Optional post -Dated J: Stat acep .337.0 -c978 ning 2d1...
[shot] tds-188-J1-last-row (1024x768)
[18:40:21] [tds] screen tds-188-J1-last-row : EDU c Prime K: Company Y: Data Accounting Voucher Creation 03 Journal Z: Exchange 600.00 Dr 600.00 Cr Accept Q Search O: Import E: Export M: Share FinCom • ke Co • By To Particulars Share Expense CurBal: 4,900.00 Dr Share Emp 1 Share Supplier CurBal: 3,200.00 Cr New Ref JN-I Debit 600.00 600.00 p: print x 2-Oct-26 Friday Credit 600.00 600.00 Fl: Help Q: Date Company Ed: Contra Payment Receipt F-7: Journal Sales b82e1 to ru 0912- 731-4 acepa 6c46- Purchase 2731- Fl O: OåuVooctgs E: Autofill H: Change = Mode More Details O: Related ¯ Repons Optional post -Dated J: Stat acep .337.0 -c978 ning 2d1...
[keys] '^a' -> Tally 'TallyPrime:9000'
[shot] tds-189-J1-accept1 (1024x768)
[18:40:26] [tds] screen tds-189-J1-accept1 : EDU c Prime K: Company Y: Data Accounting Voucher Creation 03 Journal No. 7 Particulars Narration: Unity Quit Z: Exchange A Accept Q Search FinCom • ke Co O: Import E: Export List of Led er Accounts Profit & Loss Alc Share Basic Share Expense Share HRA Share Party Share Purchase Share Salary Payable Share Sales Share Supplier Spike Income Spike Party Spike Party 2 Ul Party M: Share p: print Create Show More x Fl: Help Q: Date Company Ed: Contra Payment Receipt F-7: Journal Sales b82e1 to ru 0912- 731-4 acepa 6c46- Purchase 2731- Fl O: OåuVooctgs E: Autofill H: Change = Mode More Details O: Rel...
[shot] tds-190-J1-after1 (1024x768)
[18:40:27] [tds] screen tds-190-J1-after1 : EDU c Prime K: Company Y: Data Accounting Voucher Creation 03 Journal No. 7 Particulars Narration: Unity Quit Z: Exchange A Accept Q Search FinCom • ke Co O: Import E: Export List of Led er Accounts Profit & Loss Alc Share Basic Share Expense Share HRA Share Party Share Purchase Share Salary Payable Share Sales Share Supplier Spike Income Spike Party Spike Party 2 Ul Party M: Share p: print Create Show More x Fl: Help Q: Date Company Ed: Contra Payment Receipt F-7: Journal Sales b82e1 to ru 0912- 731-4 acepa 6c46- Purchase 2731- Fl O: OåuVooctgs E: Autofill H: Change = Mode More Details O: Rel...
[keys] '^a' -> Tally 'TallyPrime:9000'
[shot] tds-191-J1-accept2 (1024x768)
[18:40:31] [tds] screen tds-191-J1-accept2 : EDU c Prime K: Company Y: Data Accounting Voucher Creation 03 Journal No. 7 Particulars • By Profit & Loss Alc CurBal: 6,700.00 Dr Narration: Unity Quit Z: Exchange A Accept Q Search O: Import E: Export FinCom • ke Co M: Share Debit p: print x 2-Oct-26 Friday Credit Fl: Help Q: Date Company Ed: Contra Payment Receipt F-7: Journal Sales b82e1 to ru 0912- 731-4 acepa 6c46- Purchase 2731- Fl O: OåuVooctgs E: Autofill H: Change = Mode More Details O: Related ¯ Repons Optional post -Dated J: Stat acep .337.0 -c978 ning 2d109 ing j _id" : . 0—011' 6c46- D: Delete x: Cancel Vch Adjustment El 2: Confi...
[shot] tds-192-J1-after2 (1024x768)
[18:40:32] [tds] screen tds-192-J1-after2 : EDU c Prime K: Company Y: Data Accounting Voucher Creation 03 Journal No. 7 Particulars • By Profit & Loss Alc CurBal: 6,700.00 Dr Narration: Unity Quit Z: Exchange A Accept Q Search O: Import E: Export FinCom • ke Co M: Share Debit p: print x 2-Oct-26 Friday Credit Fl: Help Q: Date Company Ed: Contra Payment Receipt F-7: Journal Sales b82e1 to ru 0912- 731-4 acepa 6c46- Purchase 2731- Fl O: OåuVooctgs E: Autofill H: Change = Mode More Details O: Related ¯ Repons Optional post -Dated J: Stat acep .337.0 -c978 ning 2d109 ing j _id" : . 0—011' 6c46- D: Delete x: Cancel Vch Adjustment El 2: Confi...
[keys] '^a' -> Tally 'TallyPrime:9000'
[shot] tds-193-J1-accept3 (1024x768)
[18:40:37] [tds] screen tds-193-J1-accept3 : EDU c Prime K: Company Y: Data Accounting Voucher Creation 03 Journal No. 7 Particulars • By Profit & Loss Alc CurBal: 6,700.00 Dr Narration: Unity Quit Z: Exchange A Accept Q Search O: Import E: Export FinCom • ke Co M: Share Debit p: print x 2-Oct-26 Friday Credit Fl: Help Q: Date Company Ed: Contra Payment Receipt F-7: Journal Sales b82e1 to ru 0912- 731-4 acepa 6c46- Purchase 2731- Fl O: OåuVooctgs E: Autofill H: Change = Mode More Details O: Related ¯ Repons Optional post -Dated J: Stat acep .337.0 -c978 ning 2d109 ing j _id" : . 0—011' 6c46- D: Delete x: Cancel Vch Adjustment El 2: Confi...
[shot] tds-194-J1-after3 (1024x768)
[18:40:38] [tds] screen tds-194-J1-after3 : EDU c Prime K: Company Y: Data Accounting Voucher Creation 03 Journal No. 7 Particulars • By Profit & Loss Alc CurBal: 6,700.00 Dr Narration: Unity Quit Z: Exchange A Accept Q Search O: Import E: Export FinCom • ke Co M: Share Debit p: print x 2-Oct-26 Friday Credit Fl: Help Q: Date Company Ed: Contra Payment Receipt F-7: Journal Sales b82e1 to ru 0912- 731-4 acepa 6c46- Purchase 2731- Fl O: OåuVooctgs E: Autofill H: Change = Mode More Details O: Related ¯ Repons Optional post -Dated J: Stat acep .337.0 -c978 ning 2d109 ing j _id" : . 0—011' 6c46- D: Delete x: Cancel Vch Adjustment El 2: Confi...
[keys] '^a' -> Tally 'TallyPrime:9000'
[shot] tds-195-J1-accept4 (1024x768)
[18:40:43] [tds] screen tds-195-J1-accept4 : EDU c Prime K: Company Y: Data Accounting Voucher Creation 03 Journal No. 7 Particulars • By Profit & Loss Alc CurBal: 6,700.00 Dr Narration: Unity Quit Z: Exchange A Accept Q Search O: Import E: Export FinCom • ke Co M: Share Debit p: print x 2-Oct-26 Friday Credit Fl: Help Q: Date Company Ed: Contra Payment Receipt F-7: Journal Sales b82e1 to ru 0912- 731-4 acepa 6c46- Purchase 2731- Fl O: OåuVooctgs E: Autofill H: Change = Mode More Details O: Related ¯ Repons Optional post -Dated J: Stat acep .337.0 -c978 ning 2d109 ing j _id" : . 0—011' 6c46- D: Delete x: Cancel Vch Adjustment El 2: Confi...
[shot] tds-196-J1-after4 (1024x768)
[18:40:44] [tds] screen tds-196-J1-after4 : EDU c Prime K: Company Y: Data Accounting Voucher Creation 03 Journal No. 7 Particulars • By Profit & Loss Alc CurBal: 6,700.00 Dr Narration: Unity Quit Z: Exchange A Accept Q Search O: Import E: Export FinCom • ke Co M: Share Debit p: print x 2-Oct-26 Friday Credit Fl: Help Q: Date Company Ed: Contra Payment Receipt F-7: Journal Sales b82e1 to ru 0912- 731-4 acepa 6c46- Purchase 2731- Fl O: OåuVooctgs E: Autofill H: Change = Mode More Details O: Related ¯ Repons Optional post -Dated J: Stat acep .337.0 -c978 ning 2d109 ing j _id" : . 0—011' 6c46- D: Delete x: Cancel Vch Adjustment El 2: Confi...
[shot] tds-197-gw0 (1024x768)
[18:40:45] [tds] screen tds-197-gw0 : EDU c Prime K: Company Y: Data Accounting Voucher Creation 03 Journal No. 7 Particulars • By Profit & Loss Alc CurBal: 6,700.00 Dr Narration: Unity Quit Z: Exchange A Accept Q Search O: Import E: Export FinCom • ke Co M: Share Debit p: print x 2-Oct-26 Friday Credit Fl: Help Q: Date Company Ed: Contra Payment Receipt F-7: Journal Sales b82e1 to ru 0912- 731-4 acepa 6c46- Purchase 2731- Fl O: OåuVooctgs E: Autofill H: Change = Mode More Details O: Related ¯ Repons Optional post -Dated J: Stat acep .337.0 -c978 ning 2d109 ing j _id" : . 0—011' 6c46- D: Delete x: Cancel Vch Adjustment El 2: Confi...
[keys] '{ESC}' -> Tally 'TallyPrime:9000'
[shot] tds-198-gw1 (1024x768)
[18:40:49] [tds] screen tds-198-gw1 : EDU c Prime K: Company Y: Data Accounting Voucher Creation 03 Journal No. 7 Particulars • By Profit & Loss Alc CurBal: 6,700.00 Dr Narration: Unity Q: Quit Z: Exchange A: Accept Q Search O: Import E: Export FinCom M: Share Debit p: print x 2-Oct-26 Friday Credit Quit o Yes or No D: Delete X: Cancel Vch Fl: Help F-2: Date F-3: Company F-4: Contra F-5: Payment F-6: Receipt F-7: Journal F-9: Purchase PIO: E: Autofill H: Change = Mode I: More - Details O: Related ¯ Repons L: Optional T: post = -Dated J: Stat ¯ Adjustment F-12: Configure b82e1 to ru 0912- 731-4 acepa 6c46- 2731- acep .337.0 -c978 n...
[keys] 'y' -> Tally 'TallyPrime:9000'
[shot] tds-199-gw2 (1024x768)
[18:40:52] [tds] screen tds-199-gw2 : EDU c Prime Gatewa of Tall CURRENT PERIOD K: Company Y: Data Z: Exchange O: Import E: Export M: Share p: print Fl: Help Date b82e1 I-Apr-26 to 31-Mar-27 NAME OF COMPANY FinCom Spike Co Q CURRENT OATE Friday, 2-Oct-2026 2-Oct-26 Search Gateway of Tally MASTERS Create Alter CHart of Accounts TRANSACTIONS Vouchers Day 800K UTILITIES BaNking REPORTS Balance Sheet Profit & Loss A/c Stock Summary Ratio Analysis Display More Reports DashbOard Quit Unity Company to ru 0912- 731-4 acepa 6c46- 2731- acep .337.0 -c978 ning 2d109 ing j _id" : . 0—011' 6c46- Mode Windows Server 2025 Datacenter Build 26100....
  voucher mid=1 aid=1 Journal/1/20260401 guid=6a19ae25-8faa-41ba-b1a7-6062aa81a638-00000001 cancelled=False
  voucher mid=2 aid=2 Journal/2/20261001 guid=6a19ae25-8faa-41ba-b1a7-6062aa81a638-00000002 cancelled=False
  voucher mid=3 aid=3 Journal/3/20261001 guid=6a19ae25-8faa-41ba-b1a7-6062aa81a638-00000003 cancelled=False
  voucher mid=4 aid=4 Journal/4/20261001 guid=6a19ae25-8faa-41ba-b1a7-6062aa81a638-00000004 cancelled=False
  voucher mid=5 aid=5 Journal/5/20261001 guid=6a19ae25-8faa-41ba-b1a7-6062aa81a638-00000005 cancelled=False
  voucher mid=6 aid=6 Payroll/1/20261001 guid=6a19ae25-8faa-41ba-b1a7-6062aa81a638-00000006 cancelled=False
  voucher mid=7 aid=7 Receipt/1/20261002 guid=6a19ae25-8faa-41ba-b1a7-6062aa81a638-00000007 cancelled=False
  voucher mid=8 aid=8 Receipt/2/20261002 guid=6a19ae25-8faa-41ba-b1a7-6062aa81a638-00000008 cancelled=False
  voucher mid=9 aid=9 Payment/1/20261002 guid=6a19ae25-8faa-41ba-b1a7-6062aa81a638-00000009 cancelled=False
  voucher mid=10 aid=10 Payment/2/20261002 guid=6a19ae25-8faa-41ba-b1a7-6062aa81a638-0000000a cancelled=False
  voucher mid=11 aid=11 Contra/1/20261002 guid=6a19ae25-8faa-41ba-b1a7-6062aa81a638-0000000b cancelled=False
  voucher mid=12 aid=12 Journal/6/20261002 guid=6a19ae25-8faa-41ba-b1a7-6062aa81a638-0000000c cancelled=False
  INFO share journal-party (journal with a party (Share Expense Dr / Share Supplier Cr, New Ref JN-1)): Tally Journal 6 mid 12; stored party 'Share Supplier' bills [New Ref]; the line party '' bills [New Ref]; lines voucher_accept_post x1, voucher_full x1
[18:40:55] ---- share journal-plain: journal with no party (Share Expense Dr / Spike Income Cr)
  voucher mid=1 aid=1 Journal/1/20260401 guid=6a19ae25-8faa-41ba-b1a7-6062aa81a638-00000001 cancelled=False
  voucher mid=2 aid=2 Journal/2/20261001 guid=6a19ae25-8faa-41ba-b1a7-6062aa81a638-00000002 cancelled=False
  voucher mid=3 aid=3 Journal/3/20261001 guid=6a19ae25-8faa-41ba-b1a7-6062aa81a638-00000003 cancelled=False
  voucher mid=4 aid=4 Journal/4/20261001 guid=6a19ae25-8faa-41ba-b1a7-6062aa81a638-00000004 cancelled=False
  voucher mid=5 aid=5 Journal/5/20261001 guid=6a19ae25-8faa-41ba-b1a7-6062aa81a638-00000005 cancelled=False
  voucher mid=6 aid=6 Payroll/1/20261001 guid=6a19ae25-8faa-41ba-b1a7-6062aa81a638-00000006 cancelled=False
  voucher mid=7 aid=7 Receipt/1/20261002 guid=6a19ae25-8faa-41ba-b1a7-6062aa81a638-00000007 cancelled=False
  voucher mid=8 aid=8 Receipt/2/20261002 guid=6a19ae25-8faa-41ba-b1a7-6062aa81a638-00000008 cancelled=False
  voucher mid=9 aid=9 Payment/1/20261002 guid=6a19ae25-8faa-41ba-b1a7-6062aa81a638-00000009 cancelled=False
  voucher mid=10 aid=10 Payment/2/20261002 guid=6a19ae25-8faa-41ba-b1a7-6062aa81a638-0000000a cancelled=False
  voucher mid=11 aid=11 Contra/1/20261002 guid=6a19ae25-8faa-41ba-b1a7-6062aa81a638-0000000b cancelled=False
  voucher mid=12 aid=12 Journal/6/20261002 guid=6a19ae25-8faa-41ba-b1a7-6062aa81a638-0000000c cancelled=False
[shot] tds-200-gw0 (1024x768)
[18:40:57] [tds] screen tds-200-gw0 : EDU c Prime Gatewa of Tall CURRENT PERIOD K: Company Y: Data Z: Exchange O: Import E: Export M: Share p: print Fl: Help Date b82e1 I-Apr-26 to 31-Mar-27 NAME OF COMPANY FinCom Spike Co Q CURRENT OATE Friday, 2-Oct-2026 2-Oct-26 Search Gateway of Tally MASTERS Create Alter CHart of Accounts TRANSACTIONS Vouchers Day 800K UTILITIES BaNking REPORTS Balance Sheet Profit & Loss A/c Stock Summary Ratio Analysis Display More Reports DashbOard Quit Unity Company to ru 0912- 731-4 acepa 6c46- 2731- acep .337.0 -c978 ning 2d109 ing j _id" : . 0—011' 6c46- Mode Windows Server 2025 Datacenter Build 26100....
[shot] tds-201-J2-start (1024x768)
[18:40:58] [tds] screen tds-201-J2-start : EDU c Prime Gatewa of Tall CURRENT PERIOD K: Company Y: Data Z: Exchange O: Import E: Export M: Share p: print Fl: Help Date b82e1 I-Apr-26 to 31-Mar-27 NAME OF COMPANY FinCom Spike Co Q CURRENT OATE Friday, 2-Oct-2026 2-Oct-26 Search Gateway of Tally MASTERS Create Alter CHart of Accounts TRANSACTIONS Vouchers Day 800K UTILITIES BaNking REPORTS Balance Sheet Profit & Loss A/c Stock Summary Ratio Analysis Display More Reports DashbOard Quit Unity Company to ru 0912- 731-4 acepa 6c46- 2731- acep .337.0 -c978 ning 2d109 ing j _id" : . 0—011' 6c46- Mode Windows Server 2025 Datacenter Build 26100....
[keys] 'v' -> Tally 'TallyPrime:9000'
[shot] tds-202-J2-vouchers (1024x768)
[18:41:02] [tds] screen tds-202-J2-vouchers : EDU c Prime K: Company Y: Data Accounting Voucher Creation 03 Journal No. 7 Particulars Narration: Unity Quit Z: Exchange A Accept Q Search FinCom • ke Co O: Import E: Export List of Led er Accounts Profit & Loss Alc Share Basic Share Expense Share HRA Share Party Share Purchase Share Salary Payable Share Sales Share Supplier Spike Income Spike Party Spike Party 2 Ul Party M: Share p: print Create Show More x Fl: Help Q: Date Company Ed: Contra Payment Receipt F-7: Journal Sales b82e1 to ru 0912- 731-4 acepa 6c46- Purchase 2731- Fl O: OåuVooctgs E: Autofill H: Change = Mode More Details O: Rel...
[keys] '{F7}' -> Tally 'TallyPrime:9000'
[shot] tds-203-J2-type (1024x768)
[18:41:06] [tds] screen tds-203-J2-type : EDU c Prime K: Company Y: Data Accounting Voucher Creation 03 Journal No. 7 Particulars Narration: Unity Quit Z: Exchange A Accept Q Search FinCom • ke Co O: Import E: Export List of Led er Accounts Profit & Loss Alc Share Basic Share Expense Share HRA Share Party Share Purchase Share Salary Payable Share Sales Share Supplier Spike Income Spike Party Spike Party 2 Ul Party M: Share p: print Create Show More x Fl: Help Q: Date Company Ed: Contra Payment Receipt F-7: Journal Sales b82e1 to ru 0912- 731-4 acepa 6c46- Purchase 2731- Fl O: OåuVooctgs E: Autofill H: Change = Mode More Details O: Rel...
[keys] '{F2}' -> Tally 'TallyPrime:9000'
[shot] tds-204-J2-date-box (1024x768)
[18:41:09] [tds] screen tds-204-J2-date-box : EDU c Prime Change Voucher Date Unity Quit K: Company Y: Data Z: Exchange A Accept Q Search O: Import E: Export M: Share p: print Fl: Help FinCom Spike Co Voucher Date 3-10-2026 b82e1 to ru 0912- 731-4 acepa 6c46- 2731- acep .337.0 -c978 ning 2d109 ing j _id" : . 0—011' 6c46- Mode Windows Server 2025 Datacenter Build 26100.ge_release240331-1435 6:41 PM 10/8/2026
[keys] '2-10-2026{ENTER}' -> Tally 'TallyPrime:9000'
[shot] tds-205-J2-date (1024x768)
[18:41:13] [tds] screen tds-205-J2-date : EDU c Prime K: Company Y: Data Accounting Voucher Creation 03 Journal No. 7 Particulars Narration: Unity Quit Z: Exchange A Accept Q Search FinCom • ke Co O: Import E: Export List of Led er Accounts Profit & Loss Alc Share Basic Share Expense Share HRA Share Party Share Purchase Share Salary Payable Share Sales Share Supplier Spike Income Spike Party Spike Party 2 Ul Party M: Share p: print Create Show More x Fl: Help Q: Date Company Ed: Contra Payment Receipt F-7: Journal Sales b82e1 to ru 0912- 731-4 acepa 6c46- Purchase 2731- Fl O: OåuVooctgs E: Autofill H: Change = Mode More Details O: Rel...
[keys] 'Share Expense{ENTER}' -> Tally 'TallyPrime:9000'
[shot] tds-206-J2-row1 (1024x768)
[18:41:17] [tds] screen tds-206-J2-row1 : EDU c Prime K: Company Y: Data Accounting Voucher Creation 03 Journal No. 7 Particulars • By Share Expense CurBal: 4,900.00 Dr Narration: Unity Quit Z: Exchange A Accept Q Search O: Import E: Export FinCom • ke Co M: Share Debit p: print x 2-Oct-26 Friday Credit Fl: Help Q: Date Company Ed: Contra Payment Receipt F-7: Journal Sales b82e1 to ru 0912- 731-4 acepa 6c46- Purchase 2731- Fl O: OåuVooctgs E: Autofill H: Change = Mode More Details O: Related ¯ Repons Optional post -Dated J: Stat acep .337.0 -c978 ning 2d109 ing j _id" : . 0—011' 6c46- D: Delete x: Cancel Vch Adjustment El 2: Configure...
[shot] tds-207-J2-row1-a-sub1 (1024x768)
[18:41:18] [tds] screen tds-207-J2-row1-a-sub1 : EDU c Prime K: Company Y: Data Accounting Voucher Creation 03 Journal No. 7 Particulars • By Share Expense CurBal: 4,900.00 Dr Narration: Unity Quit Z: Exchange A Accept Q Search O: Import E: Export FinCom • ke Co M: Share Debit p: print x 2-Oct-26 Friday Credit Fl: Help Q: Date Company Ed: Contra Payment Receipt F-7: Journal Sales b82e1 to ru 0912- 731-4 acepa 6c46- Purchase 2731- Fl O: OåuVooctgs E: Autofill H: Change = Mode More Details O: Related ¯ Repons Optional post -Dated J: Stat acep .337.0 -c978 ning 2d109 ing j _id" : . 0—011' 6c46- D: Delete x: Cancel Vch Adjustment El 2: Configure...
[keys] '250{ENTER}' -> Tally 'TallyPrime:9000'
[shot] tds-208-J2-row1-amt (1024x768)
[18:41:22] [tds] screen tds-208-J2-row1-amt : EDU c Prime K: Company Y: Data Cost Centre Allocations Unity Quit Z: Exchange O: Import E: Export M: Share p: print Fl: Help FinCom Spike Co Cost Allocations for : Share Expense Up to: 250.00 Dr Name of Cost Centre Ehare Em 1 A Accept Q Search Amount 250.00 250.00 b82e1 to ru 0912- 731-4 acepa 6c46- 2731- acep .337.0 -c978 ning 2d109 ing j _id" : . 0—011' 6c46- Mode Windows Server 2025 Datacenter Build 26100.ge_release240331-1435 6:41 PM 10/8/2026
[shot] tds-209-J2-row1-bills1 (1024x768)
[18:41:23] [tds] screen tds-209-J2-row1-bills1 : EDU c Prime K: Company Y: Data Cost Centre Allocations Unity Quit Z: Exchange O: Import E: Export M: Share p: print Fl: Help FinCom Spike Co Cost Allocations for : Share Expense Up to: 250.00 Dr Name of Cost Centre Ehare Em 1 A Accept Q Search Amount 250.00 250.00 b82e1 to ru 0912- 731-4 acepa 6c46- 2731- acep .337.0 -c978 ning 2d109 ing j _id" : . 0—011' 6c46- Mode Windows Server 2025 Datacenter Build 26100.ge_release240331-1435 6:41 PM 10/8/2026
[shot] tds-210-J2-row1-b-sub1 (1024x768)
[18:41:24] [tds] screen tds-210-J2-row1-b-sub1 : EDU c Prime K: Company Y: Data Cost Centre Allocations Unity Quit Z: Exchange O: Import E: Export M: Share p: print Fl: Help FinCom Spike Co Cost Allocations for : Share Expense Up to: 250.00 Dr Name of Cost Centre Share Em 1 A Accept Q Search Amount 250.00 250.00 b82e1 to ru 0912- 731-4 acepa 6c46- 2731- acep .337.0 -c978 ning 2d109 ing j _id" : . 0—011' 6c46- Mode Windows Server 2025 Datacenter Build 26100.ge_release240331-1435 6:41 PM 10/8/2026
[keys] '^a' -> Tally 'TallyPrime:9000'
[shot] tds-211-J2-row1-b-sub-accept (1024x768)
[18:41:28] [tds] screen tds-211-J2-row1-b-sub-accept : EDU c Prime K: Company Y: Data Accounting Voucher Creation 03 Journal No. 7 Z: Exchange 250.00 Dr A Accept Q Search O: Import E: Export M: Share FinCom • ke Co • By Particulars Share Expense CurBal: 5,150.00 Dr Share Emp 1 Share Supplier CurBal: 3,450.00 Cr Debit 250.00 250.00 p: print x 2-Oct-26 Friday Credit 250.00 250.00 Fl: Help Q: Date Company Ed: Contra Payment Receipt F-7: Journal Sales b82e1 to ru 0912- 731-4 acepa 6c46- Purchase 2731- Fl O: OåuVooctgs E: Autofill H: Change = Mode More Details O: Related ¯ Repons Optional post -Dated J: Stat acep .337.0 -c978 ning 2d109 ing j _id" : . ...
[shot] tds-212-J2-row1-b-sub2 (1024x768)
[18:41:29] [tds] screen tds-212-J2-row1-b-sub2 : EDU c Prime K: Company Y: Data Accounting Voucher Creation 03 Journal No. 7 Z: Exchange 250.00 Dr A Accept Q Search O: Import E: Export M: Share FinCom • ke Co • By Particulars Share Expense CurBal: 5,150.00 Dr Share Emp 1 Share Supplier CurBal: 3,450.00 Cr Debit 250.00 250.00 p: print x 2-Oct-26 Friday Credit 250.00 250.00 Fl: Help Q: Date Company Ed: Contra Payment Receipt F-7: Journal Sales b82e1 to ru 0912- 731-4 acepa 6c46- Purchase 2731- Fl O: OåuVooctgs E: Autofill H: Change = Mode More Details O: Related ¯ Repons Optional post -Dated J: Stat acep .337.0 -c978 ning 2d109 ing j _id" : . ...
[shot] tds-213-J2-row2-before (1024x768)
[18:41:30] [tds] screen tds-213-J2-row2-before : EDU c Prime K: Company Y: Data Accounting Voucher Creation 03 Journal No. 7 Z: Exchange 250.00 Dr A Accept Q Search O: Import E: Export M: Share FinCom • ke Co • By Particulars Share Expense CurBal: 5,150.00 Dr Share Emp 1 Share Supplier CurBal: 3,450.00 Cr Debit 250.00 250.00 p: print x 2-Oct-26 Friday Credit 250.00 250.00 Fl: Help Q: Date Company Ed: Contra Payment Receipt F-7: Journal Sales b82e1 to ru 0912- 731-4 acepa 6c46- Purchase 2731- Fl O: OåuVooctgs E: Autofill H: Change = Mode More Details O: Related ¯ Repons Optional post -Dated J: Stat acep .337.0 -c978 ning 2d109 ing j _id" : . ...
[keys] 'To{ENTER}' -> Tally 'TallyPrime:9000'
[shot] tds-214-J2-row2-to (1024x768)
[18:41:33] [tds] screen tds-214-J2-row2-to : EDU c Prime K: Company Y: Data Accounting Voucher Creation 03 Journal No. 7 Z: Exchange 250.00 Dr A Accept Q Search FinCom • ke Co O: Import E: Export List of Led er Accounts Profit & Loss A/c Share Basic Share Expense Share HRA Share Party Share Purchase Share Salary Payable Share Sales Share Supplier Spike Income Spike Party Spike Party 2 Ul Party M: Share p: print Create Show More x • By To Particulars Share Expense CurBal: 5,150.00 Dr Share Emp 1 Share Su lier CurBal: 3,450.00 Cr Fl: Help Q: Date Company Ed: Contra Payment Receipt F-7: Journal Sales b82e1 to ru 0912- 731-4 acepa 6c46- Purc...
[keys] 'Spike Income{ENTER}' -> Tally 'TallyPrime:9000'
[shot] tds-215-J2-row2 (1024x768)
[18:41:37] [tds] screen tds-215-J2-row2 : EDU c Prime K: Company Y: Data Accounting Voucher Creation 03 Journal No. 7 Z: Exchange 250.00 Dr A Accept Q Search O: Import E: Export M: Share FinCom • ke Co • By To Particulars Share Expense CurBal: 5,150.00 Dr Share Emp 1 Spike Income CurBal: 5,950.00 Cr Debit 250.00 250.00 p: print x 2-Oct-26 Friday Credit 250.00 250.00 Fl: Help Q: Date Company Ed: Contra Payment Receipt F-7: Journal Sales b82e1 to ru 0912- 731-4 acepa 6c46- Purchase 2731- Fl O: OåuVooctgs E: Autofill H: Change = Mode More Details O: Related ¯ Repons Optional post -Dated J: Stat acep .337.0 -c978 ning 2d109 ing j _id" : ....
[shot] tds-216-J2-row2-a-sub1 (1024x768)
[18:41:38] [tds] screen tds-216-J2-row2-a-sub1 : EDU c Prime K: Company Y: Data Accounting Voucher Creation 03 Journal No. 7 Z: Exchange 250.00 Dr A Accept Q Search O: Import E: Export M: Share FinCom • ke Co • By To Particulars Share Expense CurBal: 5,150.00 Dr Share Emp 1 Spike Income CurBal: 5,950.00 Cr Debit 250.00 250.00 p: print x 2-Oct-26 Friday Credit 250.00 250.00 Fl: Help Q: Date Company Ed: Contra Payment Receipt F-7: Journal Sales b82e1 to ru 0912- 731-4 acepa 6c46- Purchase 2731- Fl O: OåuVooctgs E: Autofill H: Change = Mode More Details O: Related ¯ Repons Optional post -Dated J: Stat acep .337.0 -c978 ning 2d109 ing j _id" : ....
[keys] '{ENTER}' -> Tally 'TallyPrime:9000'
[shot] tds-217-J2-row2-amt (1024x768)
[18:41:42] [tds] screen tds-217-J2-row2-amt : EDU c Prime K: Company Y: Data Cost Centre Allocations Unity Quit Z: Exchange O: Import E: Export M: Share p: print Fl: Help FinCom Spike Co Cost Allocations for : Spike Income Up to: 250.00 cr Name of Cost Centre Ehare Em 1 A Accept Q Search Amount 250.00 250.00 b82e1 to ru 0912- 731-4 acepa 6c46- 2731- acep .337.0 -c978 ning 2d109 ing j _id" : . 0—011' 6c46- Mode Windows Server 2025 Datacenter Build 26100.ge_release240331-1435 6:41 PM 10/8/2026
[shot] tds-218-J2-row2-bills1 (1024x768)
[18:41:43] [tds] screen tds-218-J2-row2-bills1 : EDU c Prime K: Company Y: Data Cost Centre Allocations Unity Quit Z: Exchange O: Import E: Export M: Share p: print Fl: Help FinCom Spike Co Cost Allocations for : Spike Income Up to: 250.00 cr Name of Cost Centre Ehare Em 1 A Accept Q Search Amount 250.00 250.00 b82e1 to ru 0912- 731-4 acepa 6c46- 2731- acep .337.0 -c978 ning 2d109 ing j _id" : . 0—011' 6c46- Mode Windows Server 2025 Datacenter Build 26100.ge_release240331-1435 6:41 PM 10/8/2026
[shot] tds-219-J2-row2-b-sub1 (1024x768)
[18:41:44] [tds] screen tds-219-J2-row2-b-sub1 : EDU c Prime K: Company Y: Data Cost Centre Allocations Unity Quit Z: Exchange O: Import E: Export M: Share p: print Fl: Help FinCom Spike Co Cost Allocations for : Spike Income Up to: 250.00 cr Name of Cost Centre Share Em 1 A Accept Q Search Amount 250.00 250.00 b82e1 to ru 0912- 731-4 acepa 6c46- 2731- acep .337.0 -c978 ning 2d109 ing j _id" : . 0—011' 6c46- Mode Windows Server 2025 Datacenter Build 26100.ge_release240331-1435 6:41 PM 10/8/2026
[keys] '^a' -> Tally 'TallyPrime:9000'
[shot] tds-220-J2-row2-b-sub-accept (1024x768)
[18:41:48] [tds] screen tds-220-J2-row2-b-sub-accept : EDU c Prime K: Company Y: Data Accounting Voucher Creation 03 Journal No. 7 Z: Exchange 250.00 Dr 250.00 Cr Accept Q Search O: Import E: Export M: Share FinCom • ke Co • By To Particulars Share Expense CurBal: 5,150.00 Dr Share Emp 1 Spike Income CurBal: 5,950.00 Cr Share Emp 1 Debit 250.00 250.00 p: print x 2-Oct-26 Friday Credit 250.00 250.00 Fl: Help Q: Date Company Ed: Contra Payment Receipt F-7: Journal Sales b82e1 to ru 0912- 731-4 acepa 6c46- Purchase 2731- Fl O: OåuVooctgs E: Autofill H: Change = Mode More Details O: Related ¯ Repons Optional post -Dated J: Stat acep .337.0 -c978 ning ...
[shot] tds-221-J2-row2-b-sub2 (1024x768)
[18:41:49] [tds] screen tds-221-J2-row2-b-sub2 : EDU c Prime K: Company Y: Data Accounting Voucher Creation 03 Journal No. 7 Z: Exchange 250.00 Dr 250.00 Cr Accept Q Search O: Import E: Export M: Share FinCom • ke Co • By To Particulars Share Expense CurBal: 5,150.00 Dr Share Emp 1 Spike Income CurBal: 5,950.00 Cr Share Emp 1 Debit 250.00 250.00 p: print x 2-Oct-26 Friday Credit 250.00 250.00 Fl: Help Q: Date Company Ed: Contra Payment Receipt F-7: Journal Sales b82e1 to ru 0912- 731-4 acepa 6c46- Purchase 2731- Fl O: OåuVooctgs E: Autofill H: Change = Mode More Details O: Related ¯ Repons Optional post -Dated J: Stat acep .337.0 -c978 ning ...
[shot] tds-222-J2-last-row (1024x768)
[18:41:50] [tds] screen tds-222-J2-last-row : EDU c Prime K: Company Y: Data Accounting Voucher Creation 03 Journal No. 7 Z: Exchange 250.00 Dr 250.00 Cr Accept Q Search O: Import E: Export M: Share FinCom • ke Co • By To Particulars Share Expense CurBal: 5,150.00 Dr Share Emp 1 Spike Income CurBal: 5,950.00 Cr Share Emp 1 Debit 250.00 250.00 p: print x 2-Oct-26 Friday Credit 250.00 250.00 Fl: Help Q: Date Company Ed: Contra Payment Receipt F-7: Journal Sales b82e1 to ru 0912- 731-4 acepa 6c46- Purchase 2731- Fl O: OåuVooctgs E: Autofill H: Change = Mode More Details O: Related ¯ Repons Optional post -Dated J: Stat acep .337.0 -c978 ning ...
[keys] '^a' -> Tally 'TallyPrime:9000'
[shot] tds-223-J2-accept1 (1024x768)
[18:41:54] [tds] screen tds-223-J2-accept1 : EDU c Prime K: Company Y: Data Accounting Voucher Creation 03 Journal Particulars Narration: Unity Quit Z: Exchange A Accept Q Search FinCom • ke Co O: Import E: Export List of Led er Accounts Profit & Loss Alc Share Basic Share Expense Share HRA Share Party Share Purchase Share Salary Payable Share Sales Share Supplier Spike Income Spike Party Spike Party 2 Ul Party M: Share p: print Create Show More x Fl: Help Q: Date Company Ed: Contra Payment Receipt F-7: Journal Sales b82e1 to ru 0912- 731-4 acepa 6c46- Purchase 2731- Fl O: OåuVooctgs E: Autofill H: Change = Mode More Details O: Related ¯...
[shot] tds-224-J2-after1 (1024x768)
[18:41:55] [tds] screen tds-224-J2-after1 : EDU c Prime K: Company Y: Data Accounting Voucher Creation 03 Journal Particulars Narration: Unity Quit Z: Exchange A Accept Q Search FinCom • ke Co O: Import E: Export List of Led er Accounts Profit & Loss Alc Share Basic Share Expense Share HRA Share Party Share Purchase Share Salary Payable Share Sales Share Supplier Spike Income Spike Party Spike Party 2 Ul Party M: Share p: print Create Show More x Fl: Help Q: Date Company Ed: Contra Payment Receipt F-7: Journal Sales b82e1 to ru 0912- 731-4 acepa 6c46- Purchase 2731- Fl O: OåuVooctgs E: Autofill H: Change = Mode More Details O: Related ¯...
[keys] '^a' -> Tally 'TallyPrime:9000'
[shot] tds-225-J2-accept2 (1024x768)
[18:42:00] [tds] screen tds-225-J2-accept2 : EDU c Prime K: Company Y: Data Accounting Voucher Creation 03 Journal Particulars • By Profit & Loss Alc CurBal: 6,700.00 Dr Narration: Unity Quit Z: Exchange A Accept Q Search O: Import E: Export FinCom • ke Co M: Share Debit p: print x 2-Oct-26 Friday Credit Fl: Help Q: Date Company Ed: Contra Payment Receipt F-7: Journal Sales b82e1 to ru 0912- 731-4 acepa 6c46- Purchase 2731- Fl O: OåuVooctgs E: Autofill H: Change = Mode More Details O: Related ¯ Repons Optional post -Dated J: Stat acep .337.0 -c978 ning 2d109 ing j _id" : . 0—011' 6c46- D: Delete x: Cancel Vch Adjustment El 2: Configure M...
[shot] tds-226-J2-after2 (1024x768)
[18:42:01] [tds] screen tds-226-J2-after2 : EDU c Prime K: Company Y: Data Accounting Voucher Creation 03 Journal Particulars • By Profit & Loss Alc CurBal: 6,700.00 Dr Narration: Unity Quit Z: Exchange A Accept Q Search O: Import E: Export FinCom • ke Co M: Share Debit p: print x 2-Oct-26 Friday Credit Fl: Help Q: Date Company Ed: Contra Payment Receipt F-7: Journal Sales b82e1 to ru 0912- 731-4 acepa 6c46- Purchase 2731- Fl O: OåuVooctgs E: Autofill H: Change = Mode More Details O: Related ¯ Repons Optional post -Dated J: Stat acep .337.0 -c978 ning 2d109 ing j _id" : . 0—011' 6c46- D: Delete x: Cancel Vch Adjustment El 2: Configure M...
[keys] '^a' -> Tally 'TallyPrime:9000'
[shot] tds-227-J2-accept3 (1024x768)
[18:42:06] [tds] screen tds-227-J2-accept3 : EDU c Prime K: Company Y: Data Accounting Voucher Creation 03 Journal Particulars • By Profit & Loss Alc CurBal: 6,700.00 Dr Narration: Unity Quit Z: Exchange A Accept Q Search O: Import E: Export FinCom • ke Co M: Share Debit p: print x 2-Oct-26 Friday Credit Fl: Help Q: Date Company Ed: Contra Payment Receipt F-7: Journal Sales b82e1 to ru 0912- 731-4 acepa 6c46- Purchase 2731- Fl O: OåuVooctgs E: Autofill H: Change = Mode More Details O: Related ¯ Repons Optional post -Dated J: Stat acep .337.0 -c978 ning 2d109 ing j _id" : . 0—011' 6c46- D: Delete x: Cancel Vch Adjustment El 2: Configure M...
[shot] tds-228-J2-after3 (1024x768)
[18:42:07] [tds] screen tds-228-J2-after3 : EDU c Prime K: Company Y: Data Accounting Voucher Creation 03 Journal Particulars • By Profit & Loss Alc CurBal: 6,700.00 Dr Narration: Unity Quit Z: Exchange A Accept Q Search O: Import E: Export FinCom • ke Co M: Share Debit p: print x 2-Oct-26 Friday Credit Fl: Help Q: Date Company Ed: Contra Payment Receipt F-7: Journal Sales b82e1 to ru 0912- 731-4 acepa 6c46- Purchase 2731- Fl O: OåuVooctgs E: Autofill H: Change = Mode More Details O: Related ¯ Repons Optional post -Dated J: Stat acep .337.0 -c978 ning 2d109 ing j _id" : . 0—011' 6c46- D: Delete x: Cancel Vch Adjustment El 2: Configure M...
[keys] '^a' -> Tally 'TallyPrime:9000'
[shot] tds-229-J2-accept4 (1024x768)
[18:42:12] [tds] screen tds-229-J2-accept4 : EDU c Prime K: Company Y: Data Accounting Voucher Creation 03 Journal Particulars • By Profit & Loss Alc CurBal: 6,700.00 Dr Narration: Unity Quit Z: Exchange A Accept Q Search O: Import E: Export FinCom • ke Co M: Share Debit p: print x 2-Oct-26 Friday Credit Fl: Help Q: Date Company Ed: Contra Payment Receipt F-7: Journal Sales b82e1 to ru 0912- 731-4 acepa 6c46- Purchase 2731- Fl O: OåuVooctgs E: Autofill H: Change = Mode More Details O: Related ¯ Repons Optional post -Dated J: Stat acep .337.0 -c978 ning 2d109 ing j _id" : . 0—011' 6c46- D: Delete x: Cancel Vch Adjustment El 2: Configure M...
[shot] tds-230-J2-after4 (1024x768)
[18:42:13] [tds] screen tds-230-J2-after4 : EDU c Prime K: Company Y: Data Accounting Voucher Creation 03 Journal Particulars • By Profit & Loss Alc CurBal: 6,700.00 Dr Narration: Unity Quit Z: Exchange A Accept Q Search O: Import E: Export FinCom • ke Co M: Share Debit p: print x 2-Oct-26 Friday Credit Fl: Help Q: Date Company Ed: Contra Payment Receipt F-7: Journal Sales b82e1 to ru 0912- 731-4 acepa 6c46- Purchase 2731- Fl O: OåuVooctgs E: Autofill H: Change = Mode More Details O: Related ¯ Repons Optional post -Dated J: Stat acep .337.0 -c978 ning 2d109 ing j _id" : . 0—011' 6c46- D: Delete x: Cancel Vch Adjustment El 2: Configure M...
[shot] tds-231-gw0 (1024x768)
[18:42:14] [tds] screen tds-231-gw0 : EDU c Prime K: Company Y: Data Accounting Voucher Creation 03 Journal Particulars • By Profit & Loss Alc CurBal: 6,700.00 Dr Narration: Unity Quit Z: Exchange A Accept Q Search O: Import E: Export FinCom • ke Co M: Share Debit p: print x 2-Oct-26 Friday Credit Fl: Help Q: Date Company Ed: Contra Payment Receipt F-7: Journal Sales b82e1 to ru 0912- 731-4 acepa 6c46- Purchase 2731- Fl O: OåuVooctgs E: Autofill H: Change = Mode More Details O: Related ¯ Repons Optional post -Dated J: Stat acep .337.0 -c978 ning 2d109 ing j _id" : . 0—011' 6c46- D: Delete x: Cancel Vch Adjustment El 2: Configure M...
[keys] '{ESC}' -> Tally 'TallyPrime:9000'
[shot] tds-232-gw1 (1024x768)
[18:42:17] [tds] screen tds-232-gw1 : EDU c Prime K: Company Y: Data Accounting Voucher Creation 03 Journal Particulars • By Profit & Loss Alc CurBal: 6,700.00 Dr Narration: Unity Q: Quit Z: Exchange A: Accept Q Search O: Import E: Export FinCom M: Share Debit p: print x 2-Oct-26 Friday Credit Quit o Yes or No D: Delete X: Cancel Vch Fl: Help F-2: Date F-3: Company F-4: Contra F-5: Payment F-6: Receipt F-7: Journal F-9: Purchase PIO: E: Autofill H: Change = Mode I: More - Details O: Related ¯ Repons L: Optional T: post = -Dated J: Stat ¯ Adjustment F-12: Configure b82e1 to ru 0912- 731-4 acepa 6c46- 2731- acep .337.0 -c978 ning 2d...
[keys] 'y' -> Tally 'TallyPrime:9000'
[shot] tds-233-gw2 (1024x768)
[18:42:21] [tds] screen tds-233-gw2 : EDU c Prime Gatewa of Tall CURRENT PERIOD K: Company Y: Data Z: Exchange O: Import E: Export M: Share p: print Fl: Help Date b82e1 I-Apr-26 to 31-Mar-27 NAME OF COMPANY FinCom Spike Co Q CURRENT OATE Friday, 2-Oct-2026 2-Oct-26 Search Gateway of Tally MASTERS Create Alter CHart of Accounts TRANSACTIONS Vouchers Day 800K UTILITIES BaNking REPORTS Balance Sheet Profit & Loss A/c Stock Summary Ratio Analysis Display More Reports DashbOard Quit Unity Company to ru 0912- 731-4 acepa 6c46- 2731- acep .337.0 -c978 ning 2d109 ing j _id" : . 0—011' 6c46- Mode Windows Server 2025 Datacenter Build 26100....
  voucher mid=1 aid=1 Journal/1/20260401 guid=6a19ae25-8faa-41ba-b1a7-6062aa81a638-00000001 cancelled=False
  voucher mid=2 aid=2 Journal/2/20261001 guid=6a19ae25-8faa-41ba-b1a7-6062aa81a638-00000002 cancelled=False
  voucher mid=3 aid=3 Journal/3/20261001 guid=6a19ae25-8faa-41ba-b1a7-6062aa81a638-00000003 cancelled=False
  voucher mid=4 aid=4 Journal/4/20261001 guid=6a19ae25-8faa-41ba-b1a7-6062aa81a638-00000004 cancelled=False
  voucher mid=5 aid=5 Journal/5/20261001 guid=6a19ae25-8faa-41ba-b1a7-6062aa81a638-00000005 cancelled=False
  voucher mid=6 aid=6 Payroll/1/20261001 guid=6a19ae25-8faa-41ba-b1a7-6062aa81a638-00000006 cancelled=False
  voucher mid=7 aid=7 Receipt/1/20261002 guid=6a19ae25-8faa-41ba-b1a7-6062aa81a638-00000007 cancelled=False
  voucher mid=8 aid=8 Receipt/2/20261002 guid=6a19ae25-8faa-41ba-b1a7-6062aa81a638-00000008 cancelled=False
  voucher mid=9 aid=9 Payment/1/20261002 guid=6a19ae25-8faa-41ba-b1a7-6062aa81a638-00000009 cancelled=False
  voucher mid=10 aid=10 Payment/2/20261002 guid=6a19ae25-8faa-41ba-b1a7-6062aa81a638-0000000a cancelled=False
  voucher mid=11 aid=11 Contra/1/20261002 guid=6a19ae25-8faa-41ba-b1a7-6062aa81a638-0000000b cancelled=False
  voucher mid=12 aid=12 Journal/6/20261002 guid=6a19ae25-8faa-41ba-b1a7-6062aa81a638-0000000c cancelled=False
  voucher mid=13 aid=13 Journal/7/20261002 guid=6a19ae25-8faa-41ba-b1a7-6062aa81a638-0000000d cancelled=False
  INFO share journal-plain (journal with no party (Share Expense Dr / Spike Income Cr)): Tally Journal 7 mid 13; stored party '' bills []; the line party '' bills []; lines voucher_accept_post x1, voucher_full x1
[18:42:24] ---- share sales-new: sales item invoice, New Ref bill (SI-1)
  voucher mid=1 aid=1 Journal/1/20260401 guid=6a19ae25-8faa-41ba-b1a7-6062aa81a638-00000001 cancelled=False
  voucher mid=2 aid=2 Journal/2/20261001 guid=6a19ae25-8faa-41ba-b1a7-6062aa81a638-00000002 cancelled=False
  voucher mid=3 aid=3 Journal/3/20261001 guid=6a19ae25-8faa-41ba-b1a7-6062aa81a638-00000003 cancelled=False
  voucher mid=4 aid=4 Journal/4/20261001 guid=6a19ae25-8faa-41ba-b1a7-6062aa81a638-00000004 cancelled=False
  voucher mid=5 aid=5 Journal/5/20261001 guid=6a19ae25-8faa-41ba-b1a7-6062aa81a638-00000005 cancelled=False
  voucher mid=6 aid=6 Payroll/1/20261001 guid=6a19ae25-8faa-41ba-b1a7-6062aa81a638-00000006 cancelled=False
  voucher mid=7 aid=7 Receipt/1/20261002 guid=6a19ae25-8faa-41ba-b1a7-6062aa81a638-00000007 cancelled=False
  voucher mid=8 aid=8 Receipt/2/20261002 guid=6a19ae25-8faa-41ba-b1a7-6062aa81a638-00000008 cancelled=False
  voucher mid=9 aid=9 Payment/1/20261002 guid=6a19ae25-8faa-41ba-b1a7-6062aa81a638-00000009 cancelled=False
  voucher mid=10 aid=10 Payment/2/20261002 guid=6a19ae25-8faa-41ba-b1a7-6062aa81a638-0000000a cancelled=False
  voucher mid=11 aid=11 Contra/1/20261002 guid=6a19ae25-8faa-41ba-b1a7-6062aa81a638-0000000b cancelled=False
  voucher mid=12 aid=12 Journal/6/20261002 guid=6a19ae25-8faa-41ba-b1a7-6062aa81a638-0000000c cancelled=False
  voucher mid=13 aid=13 Journal/7/20261002 guid=6a19ae25-8faa-41ba-b1a7-6062aa81a638-0000000d cancelled=False
[shot] tds-234-gw0 (1024x768)
[18:42:25] [tds] screen tds-234-gw0 : EDU c Prime Gatewa of Tall CURRENT PERIOD K: Company Y: Data Z: Exchange O: Import E: Export M: Share p: print Fl: Help Date b82e1 I-Apr-26 to 31-Mar-27 NAME OF COMPANY FinCom Spike Co Q CURRENT OATE Friday, 2-Oct-2026 2-Oct-26 Search Gateway of Tally MASTERS Create Alter CHart of Accounts TRANSACTIONS Vouchers Day 800K UTILITIES BaNking REPORTS Balance Sheet Profit & Loss A/c Stock Summary Ratio Analysis Display More Reports DashbOard Quit Unity Company to ru 0912- 731-4 acepa 6c46- 2731- acep .337.0 -c978 ning 2d109 ing j _id" : . 0—011' 6c46- Mode Windows Server 2025 Datacenter Build 26100....
[shot] tds-235-S1-start (1024x768)
[18:42:26] [tds] screen tds-235-S1-start : EDU c Prime Gatewa of Tall CURRENT PERIOD K: Company Y: Data Z: Exchange O: Import E: Export M: Share p: print Fl: Help Date b82e1 I-Apr-26 to 31-Mar-27 NAME OF COMPANY FinCom Spike Co Q CURRENT OATE Friday, 2-Oct-2026 2-Oct-26 Search Gateway of Tally MASTERS Create Alter CHart of Accounts TRANSACTIONS Vouchers Day 800K UTILITIES BaNking REPORTS Balance Sheet Profit & Loss A/c Stock Summary Ratio Analysis Display More Reports DashbOard Quit Unity Company to ru 0912- 731-4 acepa 6c46- 2731- acep .337.0 -c978 ning 2d109 ing j _id" : . 0—011' 6c46- Mode Windows Server 2025 Datacenter Build 26100....
[keys] 'v' -> Tally 'TallyPrime:9000'
[shot] tds-236-S1-vouchers (1024x768)
[18:42:31] [tds] screen tds-236-S1-vouchers : EDU c Prime K: Company Y: Data Accounting Voucher Creation 03 Journal Particulars Narration: Unity Quit Z: Exchange A Accept Q Search FinCom • ke Co O: Import E: Export List of Led er Accounts Profit & Loss Alc Share Basic Share Expense Share HRA Share Party Share Purchase Share Salary Payable Share Sales Share Supplier Spike Income Spike Party Spike Party 2 Ul Party M: Share p: print Create Show More x Fl: Help Q: Date Company Ed: Contra Payment Receipt F-7: Journal Sales b82e1 to ru 0912- 731-4 acepa 6c46- Purchase 2731- Fl O: OåuVooctgs E: Autofill H: Change = Mode More Details O: Related ¯...
[keys] '{F8}' -> Tally 'TallyPrime:9000'
[shot] tds-237-S1-type (1024x768)
[18:42:36] [tds] screen tds-237-S1-type : EDU c Prime K: Company Y: Data Accounting Voucher Creation 03 Sales Party Alc narne. Current balance: Sales ledger: Current balance: Name of Item Narration: Unity Quit Z: Exchange A Accept Q Search FinCom • ke Co O: Import E: Export List of Led er Accounts Cash Share Bank Share Party Share Supplier Spike Party Spike Party 2 Ul Party M: Share p: print x Create Fl: Help Date b82e1 Company to ru F4: Contra F5: Payment Receipt Journal F8: Sales 0912- 731-4 acepa 6c46- 2731- Purchase acep Fl 0: 0åHVouctg•s F: Autofill Change Mode More Details o: L: Related Reports Optional post -Dated .337.0 -c978 ...
[keys] '^h' -> Tally 'TallyPrime:9000'
[shot] tds-238-S1-mode (1024x768)
[18:42:40] [tds] screen tds-238-S1-mode : EDU c Prime Change Mode Unity Quit K: Company Y: Data Z: Exchange O: Import E: Export M: Share p: print Fl: Help FinCom • ke Co Change Voucher Mode Item Invoice List of Modes/Usa es Item Invoice Accounting Invoice As Voucher A Accept Q Search b82e1 to ru 0912- 731-4 acepa 6c46- 2731- acep .337.0 -c978 ning 2d109 ing j _id" : . 0—011' 6c46- Mode Windows Server 2025 Datacenter Build 26100.ge_release240331-1435 6:42 PM 10/8/2026
[keys] 'Item Invoice{ENTER}' -> Tally 'TallyPrime:9000'
[shot] tds-239-S1-item-mode (1024x768)
[18:42:44] [tds] screen tds-239-S1-item-mode : EDU c Prime K: Company Y: Data Accounting Voucher Creation 03 Sales Party Alc narne. Current balance: Sales ledger: Current balance: Name of Item Narration: Unity Quit Z: Exchange A Accept Q Search FinCom • ke Co O: Import E: Export List of Led er Accounts Cash Share Bank Share Party Share Supplier Spike Party Spike Party 2 Ul Party M: Share p: print x Create Fl: Help Date b82e1 Company to ru F4: Contra F5: Payment Receipt Journal F8: Sales 0912- 731-4 acepa 6c46- 2731- Purchase acep Fl 0: 0åHVouctg•s F: Autofill Change Mode More Details o: L: Related Reports Optional post -Dated .337.0 -c978 ...
[keys] '{F2}' -> Tally 'TallyPrime:9000'
[shot] tds-240-S1-date-box (1024x768)
[18:42:47] [tds] screen tds-240-S1-date-box : EDU c Prime Change Voucher Date Unity Quit K: Company Y: Data Z: Exchange A Accept Q Search O: Import E: Export M: Share p: print Fl: Help FinCom Spike Co Voucher Date 3-10-2026 b82e1 to ru 0912- 731-4 acepa 6c46- 2731- acep .337.0 -c978 ning 2d109 ing j _id" : . 0—011' 6c46- Mode Windows Server 2025 Datacenter Build 26100.ge_release240331-1435 6:42 PM 10/8/2026
[keys] '2-10-2026{ENTER}' -> Tally 'TallyPrime:9000'
[shot] tds-241-S1-date (1024x768)
[18:42:51] [tds] screen tds-241-S1-date : EDU c Prime K: Company Y: Data Accounting Voucher Creation 03 Sales Party Alc narne. Current balance: Sales ledger: Current balance: Name of Item Narration: Unity Quit Z: Exchange A Accept Q Search FinCom • ke Co O: Import E: Export List of Led er Accounts Cash Share Bank Share Party Share Supplier Spike Party Spike Party 2 Ul Party M: Share p: print x Create Fl: Help Date b82e1 Company to ru F4: Contra F5: Payment Receipt Journal F8: Sales 0912- 731-4 acepa 6c46- 2731- Purchase acep Fl 0: 0åHVouctg•s F: Autofill Change Mode More Details o: L: Related Reports Optional post -Dated .337.0 -c978 ...
[keys] 'Share Party{ENTER}' -> Tally 'TallyPrime:9000'
[shot] tds-242-S1-party (1024x768)
[18:42:55] [tds] screen tds-242-S1-party : EDU c Prime Details K: Company Y: Data Z: Exchange Accept Q Search O: Import E: Export M: Share p: print x Fl: Help Delivery Note No(s) FinCom Spike Co Dispatch Details Dispatch Doc No. Dispatched through Destination Carrier Name/Agent Bill of No. Motor Vehicle No. Date: Unity Quit b82e1 to ru 0912- 731-4 acepa 6c46- 2731- acep .337.0 -c978 ning 2d109 ing j _id" : . 0—011' 6c46- Mode Windows Server 2025 Datacenter Build 26100.ge_release240331-1435 6:42 PM 10/8/2026
[shot] tds-243-S1-party-sub1 (1024x768)
[18:42:56] [tds] screen tds-243-S1-party-sub1 : EDU c Prime Details K: Company Y: Data Z: Exchange Accept Q Search O: Import E: Export M: Share p: print x Fl: Help Delivery Note No(s) FinCom Spike Co Dispatch Details Dispatch Doc No. Dispatched through Destination Carrier Name/Agent Bill of No. Motor Vehicle No. Date: Unity Quit b82e1 to ru 0912- 731-4 acepa 6c46- 2731- acep .337.0 -c978 ning 2d109 ing j _id" : . 0—011' 6c46- Mode Windows Server 2025 Datacenter Build 26100.ge_release240331-1435 6:42 PM 10/8/2026
[keys] '^a' -> Tally 'TallyPrime:9000'
[shot] tds-244-S1-party-sub-accept (1024x768)
[18:43:00] [tds] screen tds-244-S1-party-sub-accept : Unity EDU c Prime Details Quit K: Company Y: Data Z: Exchange FinCom Spike Co Party Details Share Pa List of Led er Accounts Share Party Share Supplier Spike Party Spike Party 2 Ul Party O: Import Create New Party E: Export M: Share p: print x Fl: Help Buyer (Bill to) Mailing Name Address State Country GST Registration type GSTIN/UIN Place of Supply Accept Q Search L: Fetch Details Using b82e1 to ru 0912- 731-4 acepa 6c46- 2731- acep .337.0 -c978 ning 2d109 GSTIN/UIN ing j _id" : . 0—011' 6c46- Configure Mode Windows Server 2025 Datacenter Build 26100.ge_release240331-1435 6:42 PM 10/8/2026
[shot] tds-245-S1-party-sub2 (1024x768)
[18:43:01] [tds] screen tds-245-S1-party-sub2 : Unity EDU c Prime Details Quit K: Company Y: Data Z: Exchange FinCom Spike Co Party Details Share Pa List of Led er Accounts Share Party Share Supplier Spike Party Spike Party 2 Ul Party O: Import Create New Party E: Export M: Share p: print x Fl: Help Buyer (Bill to) Mailing Name Address State Country GST Registration type GSTIN/UIN Place of Supply Accept Q Search L: Fetch Details Using b82e1 to ru 0912- 731-4 acepa 6c46- 2731- acep .337.0 -c978 ning 2d109 GSTIN/UIN ing j _id" : . 0—011' 6c46- Configure Mode Windows Server 2025 Datacenter Build 26100.ge_release240331-1435 6:43 PM 10/8/2026
[keys] '^a' -> Tally 'TallyPrime:9000'
[shot] tds-246-S1-party-sub-accept (1024x768)
[18:43:05] [tds] screen tds-246-S1-party-sub-accept : EDU c Prime K: Company Y: Data Accounting Voucher Creation Z: Exchange A Accept Q Search FinCom • ke Co O: Import E: Export List of Led er Accounts Share Sales M: Share p: print Create Show More x Fl: Help Date b82e1 03 Sales Party Alc narne. Current balance: Sales ledger: Current balance: Company to ru Share Party 3,500.00 Dr F4: Contra F5: Payment Receipt Journal F8: Sales 0912- 731-4 acepa 6c46- Name of Item Narration: Unity Quit 2731- Purchase acep Fl 0: 0åHVouctg•s F: Autofill Change Mode More Details o: L: Related Reports Optional post -Dated .337.0 -c978 ning 2d109 ing j _id" : . 0—011'...
[shot] tds-247-S1-party-sub3 (1024x768)
[18:43:06] [tds] screen tds-247-S1-party-sub3 : EDU c Prime K: Company Y: Data Accounting Voucher Creation Z: Exchange A Accept Q Search FinCom • ke Co O: Import E: Export List of Led er Accounts Share Sales M: Share p: print Create Show More x Fl: Help Date b82e1 03 Sales Party Alc narne. Current balance: Sales ledger: Current balance: Company to ru Share Party 3,500.00 Dr F4: Contra F5: Payment Receipt Journal F8: Sales 0912- 731-4 acepa 6c46- Name of Item Narration: Unity Quit 2731- Purchase acep Fl 0: 0åHVouctg•s F: Autofill Change Mode More Details o: L: Related Reports Optional post -Dated .337.0 -c978 ning 2d109 ing j _id" : . 0—011'...
[keys] 'Share Sales{ENTER}' -> Tally 'TallyPrime:9000'
[shot] tds-248-S1-ledger (1024x768)
[18:43:10] [tds] screen tds-248-S1-ledger : EDU c Prime K: Company Y: Data Accounting Voucher Creation 03 Sales Party A/c narne: Share Party Currentbalance: 3,500.00 Dr Sales ledger: Share Sales Current balance: Name of Item Ch Narration: Unity Quit Z: Exchange A Accept Q Search FinCom • ke Co O: Import Quantity E: Export Rate M: Share per p: print 2-Oct-26 Friday Amount Fl: Help Date b82e1 Company to ru F4: Contra F5: Payment Receipt Journal F8: Sales 0912- 731-4 acepa 6c46- 2731- Purchase acep Fl 0: 0åHVouctg•s F: Autofill Change Mode More Details o: L: Related Reports Optional post -Dated .337.0 -c978 ning 2d109 ing j _id" : . 0—011'...
[keys] 'Share Item{ENTER}' -> Tally 'TallyPrime:9000'
[shot] tds-249-S1-item (1024x768)
[18:43:14] [tds] screen tds-249-S1-item : EDU c Prime K: Company Y: Data Accounting Voucher Creation 03 Sales Party A/c narne: Share Party Currentbalance: 3,500.00 Dr Sales ledger: Share Sales Current balance: Name of Item Share Item Narration: Unity Quit Z: Exchange A Accept Q Search FinCom • ke Co O: Import Quantity E: Export Rate M: Share per p: print 2-Oct-26 Friday Amount Fl: Help Date b82e1 Company to ru F4: Contra F5: Payment Receipt Journal F8: Sales 0912- 731-4 acepa 6c46- 2731- Purchase acep Fl 0: 0åHVouctg•s F: Autofill Change Mode More Details o: L: Related Reports Optional post -Dated .337.0 -c978 ning 2d109 ing j _id" : ...
[shot] tds-250-S1-item-sub1 (1024x768)
[18:43:15] [tds] screen tds-250-S1-item-sub1 : EDU c Prime K: Company Y: Data Accounting Voucher Creation 03 Sales Party A/c narne: Share Party Currentbalance: 3,500.00 Dr Sales ledger: Share Sales Current balance: Name of Item Share Item Narration: Unity Quit Z: Exchange A Accept Q Search FinCom • ke Co O: Import Quantity E: Export Rate M: Share per p: print 2-Oct-26 Friday Amount Fl: Help Date b82e1 Company to ru F4: Contra F5: Payment Receipt Journal F8: Sales 0912- 731-4 acepa 6c46- 2731- Purchase acep Fl 0: 0åHVouctg•s F: Autofill Change Mode More Details o: L: Related Reports Optional post -Dated .337.0 -c978 ning 2d109 ing j _id" : ...
[keys] '2{ENTER}' -> Tally 'TallyPrime:9000'
[shot] tds-251-S1-qty (1024x768)
[18:43:18] [tds] screen tds-251-S1-qty : EDU c Prime K: Company Y: Data Accounting Voucher Creation 03 Sales Party A/c narne: Share Party Currentbalance: 3,500.00 Dr Sales ledger: Share Sales Current balance: Name of Item Share Item Narration: Unity Quit Z: Exchange A Accept Q Search FinCom • ke Co O: Import Quantity 2 Nos 2 Nos E: Export Rate M: Share per p: print 2-Oct-26 Friday Amount Fl: Help Date b82e1 Company to ru F4: Contra F5: Payment Receipt Journal F8: Sales 0912- 731-4 acepa 6c46- 2731- Purchase acep Fl 0: 0åHVouctg•s F: Autofill Change Mode More Details o: L: Related Reports Optional post -Dated .337.0 -c978 ning 2d109 i...
[keys] '100{ENTER}' -> Tally 'TallyPrime:9000'
[shot] tds-252-S1-rate (1024x768)
[18:43:21] [tds] screen tds-252-S1-rate : EDU c Prime K: Company Y: Data Accounting Voucher Creation 03 Sales Party A/c narne: Share Party Currentbalance: 3,500.00 Dr Sales ledger: Share Sales Current balance: Name of Item Share Item Narration: Unity Quit Z: Exchange A Accept Q Search FinCom • ke Co O: Import Quantity 2 Nos 2 Nos E: Export Rate 100.00 M: Share per Nos p: print 2-Oct-26 Friday Amount 200.00 Fl: Help Date b82e1 Company to ru F4: Contra F5: Payment Receipt Journal F8: Sales 0912- 731-4 acepa 6c46- 2731- Purchase acep Fl 0: 0åHVouctg•s F: Autofill Change Mode More Details o: L: 200.00 Related Reports Optional post -Dated ...
[keys] '{ENTER}' -> Tally 'TallyPrime:9000'
[shot] tds-253-S1-amount (1024x768)
[18:43:25] [tds] screen tds-253-S1-amount : EDU c Prime K: Company Y: Data Accounting Voucher Creation 03 Sales Party A/c narne: Share Party Currentbalance: 3,500.00 Dr Sales ledger: Share Sales Current balance: Name of Item Share Item Narration: Unity Quit Z: Exchange A Accept Q Search FinCom • ke Co O: Import Quantity 2 Nos 2 Nos E: Export Rate 100.00 M: Share per Nos p: print 2-Oct-26 Friday Amount 200.00 Fl: Help Date b82e1 Company to ru F4: Contra F5: Payment Receipt Journal F8: Sales 0912- 731-4 acepa 6c46- 2731- Purchase acep Fl 0: 0åHVouctg•s F: Autofill Change Mode More Details o: L: 200.00 Related Reports Optional post -Dated ...
[shot] tds-254-S1-item-b-sub1 (1024x768)
[18:43:26] [tds] screen tds-254-S1-item-b-sub1 : EDU c Prime K: Company Y: Data Accounting Voucher Creation 03 Sales Party A/c narne: Share Party Currentbalance: 3,500.00 Dr Sales ledger: Share Sales Current balance: Name of Item Share Item Narration: Unity Quit Z: Exchange A Accept Q Search FinCom • ke Co O: Import Quantity 2 Nos 2 Nos E: Export Rate 100.00 M: Share per Nos p: print 2-Oct-26 Friday Amount 200.00 Fl: Help Date b82e1 Company to ru F4: Contra F5: Payment Receipt Journal F8: Sales 0912- 731-4 acepa 6c46- 2731- Purchase acep Fl 0: 0åHVouctg•s F: Autofill Change Mode More Details o: L: 200.00 Related Reports Optional post -Dated ...
[keys] '{ENTER}' -> Tally 'TallyPrime:9000'
[shot] tds-255-S1-items-done (1024x768)
[18:43:29] [tds] screen tds-255-S1-items-done : EDU c Prime K: Company Y: Data Accounting Voucher Creation 03 Sales Party A/c narne: Share Party Currentbalance: 3,500.00 Dr Sales ledger: Share Sales Current balance: Name of Item Share Item Narration: Unity Quit Z: Exchange A Accept Q Search FinCom • ke Co O: Import Quantity 2 Nos 2 Nos E: Export Rate 100.00 M: Share per Nos p: print 2-Oct-26 Friday Amount 200.00 200.00 Fl: Help Date b82e1 Company to ru F4: Contra F5: Payment Receipt Journal F8: Sales 0912- 731-4 acepa 6c46- 2731- Purchase Fl 0: 0åHVouctg•s F: Autofill Change Mode More Details o: L: 200.00 Related Reports Optional post -Date...
[keys] '^a' -> Tally 'TallyPrime:9000'
[shot] tds-256-S1-accept1 (1024x768)
[18:43:34] [tds] screen tds-256-S1-accept1 : EDU c Prime K: Company Y: Data Accounting Voucher Creation 03 Sales No. 2 Party Alc narne. Current balance: Sales ledger: Current balance: Name of Item Narration: Unity Quit Z: Exchange A Accept Q Search FinCom • ke Co O: Import E: Export List of Led er Accounts Cash Share Bank Share Party Share Supplier Spike Party Spike Party 2 Ul Party M: Share p: print x Create Fl: Help Date b82e1 Company to ru F4: Contra F5: Payment Receipt Journal F8: Sales 0912- 731-4 acepa 6c46- 2731- Purchase acep Fl 0: 0åHVouctg•s F: Autofill Change Mode More Details o: L: Related Reports Optional post -Dated .337.0 ...
[shot] tds-257-S1-after1 (1024x768)
[18:43:35] [tds] screen tds-257-S1-after1 : EDU c Prime K: Company Y: Data Accounting Voucher Creation 03 Sales No. 2 Party Alc narne. Current balance: Sales ledger: Current balance: Name of Item Narration: Unity Quit Z: Exchange A Accept Q Search FinCom • ke Co O: Import E: Export List of Led er Accounts Cash Share Bank Share Party Share Supplier Spike Party Spike Party 2 Ul Party M: Share p: print x Create Fl: Help Date b82e1 Company to ru F4: Contra F5: Payment Receipt Journal F8: Sales 0912- 731-4 acepa 6c46- 2731- Purchase acep Fl 0: 0åHVouctg•s F: Autofill Change Mode More Details o: L: Related Reports Optional post -Dated .337.0 ...
[keys] '^a' -> Tally 'TallyPrime:9000'
[shot] tds-258-S1-accept2 (1024x768)
[18:43:40] [tds] screen tds-258-S1-accept2 : Unity EDU c Prime K: Company Y: Data Accounting Voucher Creation Q: Quit Z: Exchange A: Accept Q Search O: Import E: Export M: Share FinCom Spike Co p: print Fl: Help x F2: Date F3: Company F4: Contra F5: Payment t F6: Receipt F7: Journal F8: Sales F9: Purchase F: Autofill H: Change Mode l: More Details Error Oops! No Entries in Voucher! p: Delete , cancel vch O: Related Reports k: Optional T: post -Dated Fl 2: Configure b82e1 to ru 0912- 731-4 acepa 6c46- 2731- acep .337.0 -c978 ning 2d109 ing j _id" : . 0—011' 6c46- Mode Windows Server 2025 Datacenter Build 26100.ge_release240331-1435 6:43 P...
[shot] tds-259-S1-after2 (1024x768)
[18:43:40] [tds] screen tds-259-S1-after2 : Unity EDU c Prime K: Company Y: Data Accounting Voucher Creation Q: Quit Z: Exchange A: Accept Q Search O: Import E: Export M: Share FinCom Spike Co p: print Fl: Help x F2: Date F3: Company F4: Contra F5: Payment t F6: Receipt F7: Journal F8: Sales F9: Purchase F: Autofill H: Change Mode l: More Details Error Oops! No Entries in Voucher! p: Delete , cancel vch O: Related Reports k: Optional T: post -Dated Fl 2: Configure b82e1 to ru 0912- 731-4 acepa 6c46- 2731- acep .337.0 -c978 ning 2d109 ing j _id" : . 0—011' 6c46- Mode Windows Server 2025 Datacenter Build 26100.ge_release240331-1435 6:43 P...
[keys] '^a' -> Tally 'TallyPrime:9000'
[shot] tds-260-S1-accept3 (1024x768)
[18:43:45] [tds] screen tds-260-S1-accept3 : EDU c Prime K: Company Y: Data Accounting Voucher Creation Z: Exchange A Accept Q Search FinCom • ke Co O: Import E: Export List of Led er Accounts Cash Share Bank Share Party Share Supplier Spike Party Spike Party 2 Ul Party M: Share p: print x Create Fl: Help Date b82e1 03 Sales Party Alc narne. Current balance: Sales ledger: Current balance: No. 2 Cash 300.00 Dr Share Sales 200.00 Cr Company to ru F4: Contra F5: Payment Receipt Journal F8: Sales 0912- 731-4 acepa 6c46- Name of Item End of List End of List Narration: Unity Quit 2731- Purchase acep Fl 0: 0åHVouctg•s F: Autofill Change Mode Mo...
[shot] tds-261-S1-after3 (1024x768)
[18:43:46] [tds] screen tds-261-S1-after3 : EDU c Prime K: Company Y: Data Accounting Voucher Creation Z: Exchange A Accept Q Search FinCom • ke Co O: Import E: Export List of Led er Accounts Cash Share Bank Share Party Share Supplier Spike Party Spike Party 2 Ul Party M: Share p: print x Create Fl: Help Date b82e1 03 Sales Party Alc narne. Current balance: Sales ledger: Current balance: No. 2 Cash 300.00 Dr Share Sales 200.00 Cr Company to ru F4: Contra F5: Payment Receipt Journal F8: Sales 0912- 731-4 acepa 6c46- Name of Item End of List End of List Narration: Unity Quit 2731- Purchase acep Fl 0: 0åHVouctg•s F: Autofill Change Mode Mo...
[keys] '^a' -> Tally 'TallyPrime:9000'
[shot] tds-262-S1-accept4 (1024x768)
[18:43:51] [tds] screen tds-262-S1-accept4 : Unity EDU c Prime K: Company Y: Data Accounting Voucher Creation Q: Quit Z: Exchange A: Accept Q Search O: Import E: Export M: Share FinCom Spike Co p: print Fl: Help x F2: Date F3: Company F4: Contra F5: Payment t F6: Receipt F7: Journal F8: Sales F9: Purchase F: Autofill H: Change Mode l: More Details Error Oops! No Entries in Voucher! p: Delete , cancel vch O: Related Reports k: Optional T: post -Dated Fl 2: Configure b82e1 to ru 0912- 731-4 acepa 6c46- 2731- acep .337.0 -c978 ning 2d109 ing j _id" : . 0—011' 6c46- Mode Windows Server 2025 Datacenter Build 26100.ge_release240331-1435 6:43 P...
[shot] tds-263-S1-after4 (1024x768)
[18:43:52] [tds] screen tds-263-S1-after4 : Unity EDU c Prime K: Company Y: Data Accounting Voucher Creation Q: Quit Z: Exchange A: Accept Q Search O: Import E: Export M: Share FinCom Spike Co p: print Fl: Help x F2: Date F3: Company F4: Contra F5: Payment t F6: Receipt F7: Journal F8: Sales F9: Purchase F: Autofill H: Change Mode l: More Details Error Oops! No Entries in Voucher! p: Delete , cancel vch O: Related Reports k: Optional T: post -Dated Fl 2: Configure b82e1 to ru 0912- 731-4 acepa 6c46- 2731- acep .337.0 -c978 ning 2d109 ing j _id" : . 0—011' 6c46- Mode Windows Server 2025 Datacenter Build 26100.ge_release240331-1435 6:43 P...
[shot] tds-264-gw0 (1024x768)
[18:43:53] [tds] screen tds-264-gw0 : Unity EDU c Prime K: Company Y: Data Accounting Voucher Creation Q: Quit Z: Exchange A: Accept Q Search O: Import E: Export M: Share FinCom Spike Co p: print Fl: Help x F2: Date F3: Company F4: Contra F5: Payment t F6: Receipt F7: Journal F8: Sales F9: Purchase F: Autofill H: Change Mode l: More Details Error Oops! No Entries in Voucher! p: Delete , cancel vch O: Related Reports k: Optional T: post -Dated Fl 2: Configure b82e1 to ru 0912- 731-4 acepa 6c46- 2731- acep .337.0 -c978 ning 2d109 ing j _id" : . 0—011' 6c46- Mode Windows Server 2025 Datacenter Build 26100.ge_release240331-1435 6:43 P...
[keys] '{ESC}' -> Tally 'TallyPrime:9000'
[shot] tds-265-gw1 (1024x768)
[18:43:57] [tds] screen tds-265-gw1 : EDU c Prime K: Company Y: Data Accounting Voucher Creation Z: Exchange A Accept Q Search FinCom • ke Co O: Import E: Export List of Led er Accounts Cash Share Bank Share Party Share Supplier Spike Party Spike Party 2 Ul Party M: Share p: print x Create Fl: Help Date b82e1 03 Sales Party Alc narne. Current balance: Sales ledger: Current balance: No. 2 Cash 300.00 Dr Share Sales 200.00 Cr Company to ru F4: Contra F5: Payment Receipt Journal F8: Sales 0912- 731-4 acepa 6c46- Name of Item End of List End of List Narration: Unity Quit 2731- Purchase acep Fl 0: 0åHVouctg•s F: Autofill Change Mode Mo...
[keys] '{ESC}' -> Tally 'TallyPrime:9000'
[shot] tds-266-gw2 (1024x768)
[18:44:01] [tds] screen tds-266-gw2 : EDU c Prime K: Company Y: Data Accounting Voucher Creation Z: Exchange A Accept Q Search FinCom • ke Co O: Import E: Export List of Led er Accounts Cash Share Bank Share Party Share Supplier Spike Party Spike Party 2 Ul Party M: Share p: print x Create Fl: Help Date b82e1 03 Sales Party Alc narne. Current balance: Sales ledger: Current balance: No. 2 300.00 Dr Share Sales 200.00 Cr Company to ru F4: Contra F5: Payment Receipt Journal F8: Sales 0912- 731-4 acepa 6c46- Name of Item End of List End of List Narration: Unity Quit 2731- Purchase acep Fl 0: 0åHVouctg•s F: Autofill Change Mode More De...
[keys] '{ESC}' -> Tally 'TallyPrime:9000'
[shot] tds-267-gw3 (1024x768)
[18:44:05] [tds] screen tds-267-gw3 : EDU c Prime K: Company Y: Data Accounting Voucher Creation Z: Exchange A: Accept Q Search FinCom 03 Sales Party Alc narne. Current balance: Sales ledger: Current balance: No. 2 300.00 Dr Share Sales 200.00 Cr O: Import Quantity E: Export Rate M: Share per Name of Item End of List End of List Narration: Unity Q: Quit p: print 2-Oct-26 Friday Amount Quit o Yes or No D: Delete X: Cancel Vch Fl: Help F2: Date F3: Company F4: Contra F5: Payment F6: Receipt F7: Journal F8: Sales F9: Purchase F: Autofill H: Change Mode l: More Details O: Related Reports k: Optional T: post -Dated Fl 2: Configure b82e...
[keys] 'y' -> Tally 'TallyPrime:9000'
[shot] tds-268-gw4 (1024x768)
[18:44:09] [tds] screen tds-268-gw4 : EDU c Prime Gatewa of Tall CURRENT PERIOD K: Company Y: Data Z: Exchange O: Import E: Export M: Share p: print Fl: Help Date b82e1 I-Apr-26 to 31-Mar-27 NAME OF COMPANY FinCom Spike Co Q CURRENT OATE Friday, 2-Oct-2026 2-Oct-26 Search Gateway of Tally MASTERS Create Alter CHart of Accounts TRANSACTIONS Vouchers Day 800K UTILITIES BaNking REPORTS Balance Sheet Profit & Loss A/c Stock Summary Ratio Analysis Display More Reports DashbOard Quit Unity Company to ru 0912- 731-4 acepa 6c46- 2731- acep .337.0 -c978 ning 2d109 ing j _id" : . 0—011' 6c46- Mode Windows Server 2025 Datacenter Build 26100....
  voucher mid=1 aid=1 Journal/1/20260401 guid=6a19ae25-8faa-41ba-b1a7-6062aa81a638-00000001 cancelled=False
  voucher mid=2 aid=2 Journal/2/20261001 guid=6a19ae25-8faa-41ba-b1a7-6062aa81a638-00000002 cancelled=False
  voucher mid=3 aid=3 Journal/3/20261001 guid=6a19ae25-8faa-41ba-b1a7-6062aa81a638-00000003 cancelled=False
  voucher mid=4 aid=4 Journal/4/20261001 guid=6a19ae25-8faa-41ba-b1a7-6062aa81a638-00000004 cancelled=False
  voucher mid=5 aid=5 Journal/5/20261001 guid=6a19ae25-8faa-41ba-b1a7-6062aa81a638-00000005 cancelled=False
  voucher mid=6 aid=6 Payroll/1/20261001 guid=6a19ae25-8faa-41ba-b1a7-6062aa81a638-00000006 cancelled=False
  voucher mid=7 aid=7 Receipt/1/20261002 guid=6a19ae25-8faa-41ba-b1a7-6062aa81a638-00000007 cancelled=False
  voucher mid=8 aid=8 Receipt/2/20261002 guid=6a19ae25-8faa-41ba-b1a7-6062aa81a638-00000008 cancelled=False
  voucher mid=9 aid=9 Payment/1/20261002 guid=6a19ae25-8faa-41ba-b1a7-6062aa81a638-00000009 cancelled=False
  voucher mid=10 aid=10 Payment/2/20261002 guid=6a19ae25-8faa-41ba-b1a7-6062aa81a638-0000000a cancelled=False
  voucher mid=11 aid=11 Contra/1/20261002 guid=6a19ae25-8faa-41ba-b1a7-6062aa81a638-0000000b cancelled=False
  voucher mid=12 aid=12 Journal/6/20261002 guid=6a19ae25-8faa-41ba-b1a7-6062aa81a638-0000000c cancelled=False
  voucher mid=13 aid=13 Journal/7/20261002 guid=6a19ae25-8faa-41ba-b1a7-6062aa81a638-0000000d cancelled=False
  voucher mid=14 aid=14 Sales/1/20261002 guid=6a19ae25-8faa-41ba-b1a7-6062aa81a638-0000000e cancelled=False
  INFO share sales-new (sales item invoice, New Ref bill (SI-1)): Tally Sales 1 mid 14; stored party 'Share Party' bills [New Ref,New Ref]; the line party 'Share Party' bills []; lines voucher_accept_post x1, voucher_full x1
[18:44:12] ---- share copy-sales-new: Alt+2 copy of the New Ref sales invoice (its bill as the copy carries it)
  voucher mid=1 aid=1 Journal/1/20260401 guid=6a19ae25-8faa-41ba-b1a7-6062aa81a638-00000001 cancelled=False
  voucher mid=2 aid=2 Journal/2/20261001 guid=6a19ae25-8faa-41ba-b1a7-6062aa81a638-00000002 cancelled=False
  voucher mid=3 aid=3 Journal/3/20261001 guid=6a19ae25-8faa-41ba-b1a7-6062aa81a638-00000003 cancelled=False
  voucher mid=4 aid=4 Journal/4/20261001 guid=6a19ae25-8faa-41ba-b1a7-6062aa81a638-00000004 cancelled=False
  voucher mid=5 aid=5 Journal/5/20261001 guid=6a19ae25-8faa-41ba-b1a7-6062aa81a638-00000005 cancelled=False
  voucher mid=6 aid=6 Payroll/1/20261001 guid=6a19ae25-8faa-41ba-b1a7-6062aa81a638-00000006 cancelled=False
  voucher mid=7 aid=7 Receipt/1/20261002 guid=6a19ae25-8faa-41ba-b1a7-6062aa81a638-00000007 cancelled=False
  voucher mid=8 aid=8 Receipt/2/20261002 guid=6a19ae25-8faa-41ba-b1a7-6062aa81a638-00000008 cancelled=False
  voucher mid=9 aid=9 Payment/1/20261002 guid=6a19ae25-8faa-41ba-b1a7-6062aa81a638-00000009 cancelled=False
  voucher mid=10 aid=10 Payment/2/20261002 guid=6a19ae25-8faa-41ba-b1a7-6062aa81a638-0000000a cancelled=False
  voucher mid=11 aid=11 Contra/1/20261002 guid=6a19ae25-8faa-41ba-b1a7-6062aa81a638-0000000b cancelled=False
  voucher mid=12 aid=12 Journal/6/20261002 guid=6a19ae25-8faa-41ba-b1a7-6062aa81a638-0000000c cancelled=False
  voucher mid=13 aid=13 Journal/7/20261002 guid=6a19ae25-8faa-41ba-b1a7-6062aa81a638-0000000d cancelled=False
  voucher mid=14 aid=14 Sales/1/20261002 guid=6a19ae25-8faa-41ba-b1a7-6062aa81a638-0000000e cancelled=False
[shot] tds-269-gw0 (1024x768)
[18:44:13] [tds] screen tds-269-gw0 : EDU c Prime Gatewa of Tall CURRENT PERIOD K: Company Y: Data Z: Exchange O: Import E: Export M: Share p: print Fl: Help Date b82e1 I-Apr-26 to 31-Mar-27 NAME OF COMPANY FinCom Spike Co Q CURRENT OATE Friday, 2-Oct-2026 2-Oct-26 Search Gateway of Tally MASTERS Create Alter CHart of Accounts TRANSACTIONS Vouchers Day 800K UTILITIES BaNking REPORTS Balance Sheet Profit & Loss A/c Stock Summary Ratio Analysis Display More Reports DashbOard Quit Unity Company to ru 0912- 731-4 acepa 6c46- 2731- acep .337.0 -c978 ning 2d109 ing j _id" : . 0—011' 6c46- Mode Windows Server 2025 Datacenter Build 26100....
[keys] '%g' -> Tally 'TallyPrime:9000'
[shot] tds-270-D1-goto (1024x768)
[18:44:18] [tds] screen tds-270-D1-goto : EDU c Prime Unity Quit K: Company Y: Data Z: Exchange O: Import E: Export M: Share p: print Fl: Help x List of Re Its Saved Views Bills Payable - GST Bills Payable - GST - Sundry Creditors Bills Payable - GST - Sundry Debtors Bills Receivable - GST Bills Receivable - GST - Sundry Creditors Bills Receivable - GST - Sundry Debtors Purchase Dashboard Sales Dashboard IMS Inward Supplies - Filed Invoices Ledger Vouchers - GST Details Outstanding MSME Bills Common Reports Dashboard Balance Sheet Profit & Loss A/c Cash/Bank Book Day Book Ledger Vouchers Ledger Vouchers - GST Stock Summary Trial Balan...
[keys] 'Day Book' -> Tally 'TallyPrime:9000'
[keys] '{ENTER}' -> Tally 'TallyPrime:9000'
[shot] tds-271-D1-daybook (1024x768)
[18:44:26] [tds] screen tds-271-D1-daybook : EDU c Prime Da Book • Day Book K: Company Y: Data Particulars Z: Exchange A Add Vch Q Search FinCom • ke Co Vch Type Contra Payment Payment Receipt Receipt Journal Journal O: Import Vch No. 1 1 2 1 2 6 7 E: Export M: Share P: Print For 2-Oct-26 Fl: Help F2: Date b82e1 Company to ru Voucher Date 2-Oct-26 2-Oct-26 2-Oct-26 2-Oct-26 2-Oct-26 . 2-Oct-26 2-Oct-26 2-Oct-26 Unity Quit Debit Amount Credit Amount Inwards Qty_ Outwards Qt Cash Share Supplier Share Expense Share Party Spike Income Share Expense Share Expense Share Party Enter: Alter 400.00 300.00 600.00 250.00 200.00 Sales DuÅicate Vch 2...
[keys] '{F2}' -> Tally 'TallyPrime:9000'
[shot] tds-272-D1-db-date (1024x768)
[18:44:29] [tds] screen tds-272-D1-db-date : EDU c Prime Change Date Unity Quit K: Company Y: Data Z: Exchange A Accept Q Search O: Import E: Export M: Share p: print Fl: Help FinCom Spike Co Change Date 2-10-2026 b82e1 to ru 0912- 731-4 acepa 6c46- 2731- acep .337.0 -c978 ning 2d109 ing j _id" : . 0—011' 6c46- Mode Windows Server 2025 Datacenter Build 26100.ge_release240331-1435 6:44 PM 10/8/2026
[keys] '2-10-2026{ENTER}' -> Tally 'TallyPrime:9000'
[shot] tds-273-D1-db-dated (1024x768)
[18:44:34] [tds] screen tds-273-D1-db-dated : EDU c Prime Da Book • Day Book K: Company Y: Data Particulars Z: Exchange A Add Vch Q Search FinCom • ke Co Vch Type Contra Payment Payment Receipt Receipt Journal Journal O: Import Vch No. 1 1 2 1 2 6 7 E: Export M: Share P: Print For 2-Oct-26 Fl: Help F2: Date b82e1 Company to ru Voucher Date 2-Oct-26 2-Oct-26 2-Oct-26 2-Oct-26 2-Oct-26 . 2-Oct-26 2-Oct-26 2-Oct-26 Unity Quit Debit Amount Credit Amount Inwards Qty_ Outwards Qt Cash Share Supplier Share Expense Share Party Spike Income Share Expense Share Expense Share Party Enter: Alter 400.00 300.00 600.00 250.00 200.00 Sales DuÅicate Vch 2...
[keys] '{F4}' -> Tally 'TallyPrime:9000'
[shot] tds-274-D1-db-type (1024x768)
[18:44:38] [tds] screen tds-274-D1-db-type : Unity EDU c Prime Change Voucher Type Quit K: Company Y: Data Z: Exchange O: Import E: Export M: Share p: print x Fl: Help FinCom • ke Co Name of VoucherType Voucher T • All Items Contra Credit Note Debit Note Journal Memorandum s Create Payment Physical Stock Purchase Receipt Reversing Journal Sales Stock Journal Accept Q Search b82e1 to ru 0912- 731-4 acepa 6c46- 2731- acep .337.0 -c978 ning 2d109 ing j _id" : . 0—011' 6c46- Mode Windows Server 2025 Datacenter Build 26100.ge_release240331-1435 6:44 PM 10/8/2026
[keys] 'Sales{ENTER}' -> Tally 'TallyPrime:9000'
[shot] tds-275-D1-db-typed (1024x768)
[18:44:43] [tds] screen tds-275-D1-db-typed : EDU c Prime K: Company Y: Data Da Book • List of Sales Vouchers Z: Exchange A Add Vch Q Search FinCom • ke Co Vch Type O: Import Vch No. Total: E: Export M: Share P: Print For 2-Oct-26 Fl: Help F2: Date b82e1 Date 2-Oct-26 Unity Quit Particulars Share Party Debit Amount 200.00 200.00 Credit Amount U: Restore Line Company to ru Voucher 0912- Type 731-4 acepa Enter: Alter Space: Sekd Sales DuÅicate Vch I Insert Vch Delete x: Cancel Vch F7: Show profit Columnar FIO B: Basis of = Values Change ¯ View Exception J: Reports Save View L: Apply F: — Filter F: Filter ¯ Details F 12: Configure 6c46- 2731...
[keys] '{END}' -> Tally 'TallyPrime:9000'
[shot] tds-276-D1-db-last (1024x768)
[18:44:46] [tds] screen tds-276-D1-db-last : EDU c Prime K: Company Y: Data Da Book • List of Sales Vouchers Z: Exchange A Add Vch Q Search FinCom • ke Co Vch Type O: Import Vch No. Total: E: Export M: Share P: Print For 2-Oct-26 Fl: Help F2: Date b82e1 Date 2-Oct-26 Unity Quit Particulars Share Party Debit Amount 200.00 200.00 Credit Amount U: Restore Line Company to ru Voucher 0912- Type 731-4 acepa Enter: Alter Space: Sekd Sales DuÅicate Vch I Insert Vch Delete x: Cancel Vch F7: Show profit Columnar FIO B: Basis of = Values Change ¯ View Exception J: Reports Save View L: Apply F: — Filter F: Filter ¯ Details F 12: Configure 6c46- 2731...
[keys] '%2' -> Tally 'TallyPrime:9000'
[shot] tds-277-D1-copy (1024x768)
[18:44:51] [tds] screen tds-277-D1-copy : EDU c Prime K: Company Y: Data Accounting Voucher Creation (Duplication 03 Sales No. 2 PartyA/c narne: Share Pa Currentbalance: 3,700.00 Dr Sales ledger: Share Sales Current balance: 200.00 Cr Name of Item Share Item Narration: Unity Quit Z: Exchange A Accept Q Search FinCom • ke Co O: Import Quantity 2 Nos 2 Nos E: Export Rate 100.00 M: Share per Nos p: print 2-Oct-26 Friday Amount 200.00 Fl: Help Date b82e1 Company to ru F4: Contra F5: Payment Receipt Journal F8: Sales 0912- 731-4 acepa 6c46- 2731- Purchase acep Fl 0: 0åHVouctg•s F: Autofill Change Mode More Details o: L: 200.00 Related Repo...
[keys] '^a' -> Tally 'TallyPrime:9000'
[shot] tds-278-D1-accept1 (1024x768)
[18:44:56] [tds] screen tds-278-D1-accept1 : EDU c Prime K: Company Y: Data Da Book • List of Sales Vouchers Z: Exchange A Add Vch Q Search FinCom • ke Co Vch Type Sales Sales O: Import Vch No. 1 2 Total: E: Export M: Share P: Print For 2-Oct-26 Fl: Help F2: Date b82e1 Date 2-Oct-26 2-Oct-26 Unity Quit Particulars Share Party Share Party Debit Amount 200.00 200.00 400.00 Credit Amount U: Restore Line Company to ru Voucher 0912- Type 731-4 acepa Enter: Alter Space: Sekd DuÅicate Vch I Insert Vch Delete x: Cancel Vch F7: Show profit Columnar FIO B: Basis of = Values Change ¯ View Exception J: Reports Save View L: Apply F: — Filter F: Filte...
[shot] tds-279-D1-after1 (1024x768)
[18:44:57] [tds] screen tds-279-D1-after1 : EDU c Prime K: Company Y: Data Da Book • List of Sales Vouchers Z: Exchange A Add Vch Q Search FinCom • ke Co Vch Type Sales Sales O: Import Vch No. 1 2 Total: E: Export M: Share P: Print For 2-Oct-26 Fl: Help F2: Date b82e1 Date 2-Oct-26 2-Oct-26 Unity Quit Particulars Share Party Share Party Debit Amount 200.00 200.00 400.00 Credit Amount U: Restore Line Company to ru Voucher 0912- Type 731-4 acepa Enter: Alter Space: Sekd DuÅicate Vch I Insert Vch Delete x: Cancel Vch F7: Show profit Columnar FIO B: Basis of = Values Change ¯ View Exception J: Reports Save View L: Apply F: — Filter F: Filte...
[shot] tds-280-gw0 (1024x768)
[18:44:58] [tds] screen tds-280-gw0 : EDU c Prime K: Company Y: Data Da Book • List of Sales Vouchers Z: Exchange A Add Vch Q Search FinCom • ke Co Vch Type Sales Sales O: Import Vch No. 1 2 Total: E: Export M: Share P: Print For 2-Oct-26 Fl: Help F2: Date b82e1 Date 2-Oct-26 2-Oct-26 Unity Quit Particulars Share Party Share Party Debit Amount 200.00 200.00 400.00 Credit Amount U: Restore Line Company to ru Voucher 0912- Type 731-4 acepa Enter: Alter Space: Sekd DuÅicate Vch I Insert Vch Delete x: Cancel Vch F7: Show profit Columnar FIO B: Basis of = Values Change ¯ View Exception J: Reports Save View L: Apply F: — Filter F: Filte...
[keys] '{ESC}' -> Tally 'TallyPrime:9000'
[shot] tds-281-gw1 (1024x768)
[18:45:02] [tds] screen tds-281-gw1 : EDU c Prime Gatewa of Tall CURRENT PERIOD K: Company Y: Data Z: Exchange O: Import E: Export M: Share p: print Fl: Help Date b82e1 I-Apr-26 to 31-Mar-27 NAME OF COMPANY FinCom Spike Co Q CURRENT OATE Friday, 2-Oct-2026 2-Oct-26 Search Gateway of Tally MASTERS Create Alter CHart of Accounts TRANSACTIONS Vouchers Day 800K UTILITIES BaNking REPORTS Balance Sheet Profit & Loss A/c Stock Summary Ratio Analysis Display More Reports DashbOard Quit Unity Company to ru 0912- 731-4 acepa 6c46- 2731- acep .337.0 -c978 ning 2d109 ing j _id" : . 0—011' 6c46- Mode Windows Server 2025 Datacenter Build 26100....
  voucher mid=1 aid=1 Journal/1/20260401 guid=6a19ae25-8faa-41ba-b1a7-6062aa81a638-00000001 cancelled=False
  voucher mid=2 aid=2 Journal/2/20261001 guid=6a19ae25-8faa-41ba-b1a7-6062aa81a638-00000002 cancelled=False
  voucher mid=3 aid=3 Journal/3/20261001 guid=6a19ae25-8faa-41ba-b1a7-6062aa81a638-00000003 cancelled=False
  voucher mid=4 aid=4 Journal/4/20261001 guid=6a19ae25-8faa-41ba-b1a7-6062aa81a638-00000004 cancelled=False
  voucher mid=5 aid=5 Journal/5/20261001 guid=6a19ae25-8faa-41ba-b1a7-6062aa81a638-00000005 cancelled=False
  voucher mid=6 aid=6 Payroll/1/20261001 guid=6a19ae25-8faa-41ba-b1a7-6062aa81a638-00000006 cancelled=False
  voucher mid=7 aid=7 Receipt/1/20261002 guid=6a19ae25-8faa-41ba-b1a7-6062aa81a638-00000007 cancelled=False
  voucher mid=8 aid=8 Receipt/2/20261002 guid=6a19ae25-8faa-41ba-b1a7-6062aa81a638-00000008 cancelled=False
  voucher mid=9 aid=9 Payment/1/20261002 guid=6a19ae25-8faa-41ba-b1a7-6062aa81a638-00000009 cancelled=False
  voucher mid=10 aid=10 Payment/2/20261002 guid=6a19ae25-8faa-41ba-b1a7-6062aa81a638-0000000a cancelled=False
  voucher mid=11 aid=11 Contra/1/20261002 guid=6a19ae25-8faa-41ba-b1a7-6062aa81a638-0000000b cancelled=False
  voucher mid=12 aid=12 Journal/6/20261002 guid=6a19ae25-8faa-41ba-b1a7-6062aa81a638-0000000c cancelled=False
  voucher mid=13 aid=13 Journal/7/20261002 guid=6a19ae25-8faa-41ba-b1a7-6062aa81a638-0000000d cancelled=False
  voucher mid=14 aid=14 Sales/1/20261002 guid=6a19ae25-8faa-41ba-b1a7-6062aa81a638-0000000e cancelled=False
  voucher mid=15 aid=15 Sales/2/20261002 guid=6a19ae25-8faa-41ba-b1a7-6062aa81a638-0000000f cancelled=False
  INFO share copy-sales-new (Alt+2 copy of the New Ref sales invoice (its bill as the copy carries it)): Tally Sales 2 mid 15; stored party 'Share Party' bills [Agst Ref,Agst Ref]; the line party 'Share Party' bills [New Ref]; lines voucher_accept_post x1, voucher_full x1
[18:45:05] ---- share sales-new2: sales item invoice, a second one (Tally allocates its bill at the save: no bill-wise screen in item invoice mode, run 37719717293)
  voucher mid=1 aid=1 Journal/1/20260401 guid=6a19ae25-8faa-41ba-b1a7-6062aa81a638-00000001 cancelled=False
  voucher mid=2 aid=2 Journal/2/20261001 guid=6a19ae25-8faa-41ba-b1a7-6062aa81a638-00000002 cancelled=False
  voucher mid=3 aid=3 Journal/3/20261001 guid=6a19ae25-8faa-41ba-b1a7-6062aa81a638-00000003 cancelled=False
  voucher mid=4 aid=4 Journal/4/20261001 guid=6a19ae25-8faa-41ba-b1a7-6062aa81a638-00000004 cancelled=False
  voucher mid=5 aid=5 Journal/5/20261001 guid=6a19ae25-8faa-41ba-b1a7-6062aa81a638-00000005 cancelled=False
  voucher mid=6 aid=6 Payroll/1/20261001 guid=6a19ae25-8faa-41ba-b1a7-6062aa81a638-00000006 cancelled=False
  voucher mid=7 aid=7 Receipt/1/20261002 guid=6a19ae25-8faa-41ba-b1a7-6062aa81a638-00000007 cancelled=False
  voucher mid=8 aid=8 Receipt/2/20261002 guid=6a19ae25-8faa-41ba-b1a7-6062aa81a638-00000008 cancelled=False
  voucher mid=9 aid=9 Payment/1/20261002 guid=6a19ae25-8faa-41ba-b1a7-6062aa81a638-00000009 cancelled=False
  voucher mid=10 aid=10 Payment/2/20261002 guid=6a19ae25-8faa-41ba-b1a7-6062aa81a638-0000000a cancelled=False
  voucher mid=11 aid=11 Contra/1/20261002 guid=6a19ae25-8faa-41ba-b1a7-6062aa81a638-0000000b cancelled=False
  voucher mid=12 aid=12 Journal/6/20261002 guid=6a19ae25-8faa-41ba-b1a7-6062aa81a638-0000000c cancelled=False
  voucher mid=13 aid=13 Journal/7/20261002 guid=6a19ae25-8faa-41ba-b1a7-6062aa81a638-0000000d cancelled=False
  voucher mid=14 aid=14 Sales/1/20261002 guid=6a19ae25-8faa-41ba-b1a7-6062aa81a638-0000000e cancelled=False
  voucher mid=15 aid=15 Sales/2/20261002 guid=6a19ae25-8faa-41ba-b1a7-6062aa81a638-0000000f cancelled=False
[shot] tds-282-gw0 (1024x768)
[18:45:06] [tds] screen tds-282-gw0 : EDU c Prime Gatewa of Tall CURRENT PERIOD K: Company Y: Data Z: Exchange O: Import E: Export M: Share p: print Fl: Help Date b82e1 I-Apr-26 to 31-Mar-27 NAME OF COMPANY FinCom Spike Co Q CURRENT OATE Friday, 2-Oct-2026 2-Oct-26 Search Gateway of Tally MASTERS Create Alter CHart of Accounts TRANSACTIONS Vouchers Day 800K UTILITIES BaNking REPORTS Balance Sheet Profit & Loss A/c Stock Summary Ratio Analysis Display More Reports DashbOard Quit Unity Company to ru 0912- 731-4 acepa 6c46- 2731- acep .337.0 -c978 ning 2d109 ing j _id" : . 0—011' 6c46- Mode Windows Server 2025 Datacenter Build 26100....
[shot] tds-283-S2-start (1024x768)
[18:45:07] [tds] screen tds-283-S2-start : EDU c Prime Gatewa of Tall CURRENT PERIOD K: Company Y: Data Z: Exchange O: Import E: Export M: Share p: print Fl: Help Date b82e1 I-Apr-26 to 31-Mar-27 NAME OF COMPANY FinCom Spike Co Q CURRENT OATE Friday, 2-Oct-2026 2-Oct-26 Search Gateway of Tally MASTERS Create Alter CHart of Accounts TRANSACTIONS Vouchers Day 800K UTILITIES BaNking REPORTS Balance Sheet Profit & Loss A/c Stock Summary Ratio Analysis Display More Reports DashbOard Quit Unity Company to ru 0912- 731-4 acepa 6c46- 2731- acep .337.0 -c978 ning 2d109 ing j _id" : . 0—011' 6c46- Mode Windows Server 2025 Datacenter Build 26100....
[keys] 'v' -> Tally 'TallyPrime:9000'
[shot] tds-284-S2-vouchers (1024x768)
[18:45:11] [tds] screen tds-284-S2-vouchers : EDU c Prime K: Company Y: Data Accounting Voucher Creation 03 Sales No. 3 Party Alc narne. Current balance: Sales ledger: Current balance: Name of Item Narration: Unity Quit Z: Exchange A Accept Q Search FinCom • ke Co O: Import E: Export List of Led er Accounts Cash Share Bank Share Party Share Supplier Spike Party Spike Party 2 Ul Party M: Share p: print x Create Fl: Help Date b82e1 Company to ru F4: Contra F5: Payment Receipt Journal F8: Sales 0912- 731-4 acepa 6c46- 2731- Purchase acep Fl 0: 0åHVouctg•s F: Autofill Change Mode More Details o: L: Related Reports Optional post -Dated .337.0 ...
[keys] '{F8}' -> Tally 'TallyPrime:9000'
[shot] tds-285-S2-type (1024x768)
[18:45:16] [tds] screen tds-285-S2-type : EDU c Prime K: Company Y: Data Accounting Voucher Creation 03 Sales No. 3 Party Alc narne. Current balance: Sales ledger: Current balance: Name of Item Narration: Unity Quit Z: Exchange A Accept Q Search FinCom • ke Co O: Import E: Export List of Led er Accounts Cash Share Bank Share Party Share Supplier Spike Party Spike Party 2 Ul Party M: Share p: print x Create Fl: Help Date b82e1 Company to ru F4: Contra F5: Payment Receipt Journal F8: Sales 0912- 731-4 acepa 6c46- 2731- Purchase acep Fl 0: 0åHVouctg•s F: Autofill Change Mode More Details o: L: Related Reports Optional post -Dated .337.0 ...
[keys] '^h' -> Tally 'TallyPrime:9000'
[shot] tds-286-S2-mode (1024x768)
[18:45:19] [tds] screen tds-286-S2-mode : EDU c Prime Change Mode Unity Quit K: Company Y: Data Z: Exchange O: Import E: Export M: Share p: print Fl: Help FinCom • ke Co Change Voucher Mode Item Invoice List of Modes/Usa es Item Invoice Accounting Invoice As Voucher A Accept Q Search b82e1 to ru 0912- 731-4 acepa 6c46- 2731- acep .337.0 -c978 ning 2d109 ing j _id" : . 0—011' 6c46- Mode Windows Server 2025 Datacenter Build 26100.ge_release240331-1435 6:45 PM 10/8/2026
[keys] 'Item Invoice{ENTER}' -> Tally 'TallyPrime:9000'
[shot] tds-287-S2-item-mode (1024x768)
[18:45:23] [tds] screen tds-287-S2-item-mode : EDU c Prime K: Company Y: Data Accounting Voucher Creation 03 Sales No. 3 Party Alc narne. Current balance: Sales ledger: Current balance: Name of Item Narration: Unity Quit Z: Exchange A Accept Q Search FinCom • ke Co O: Import E: Export List of Led er Accounts Cash Share Bank Share Party Share Supplier Spike Party Spike Party 2 Ul Party M: Share p: print x Create Fl: Help Date b82e1 Company to ru F4: Contra F5: Payment Receipt Journal F8: Sales 0912- 731-4 acepa 6c46- 2731- Purchase acep Fl 0: 0åHVouctg•s F: Autofill Change Mode More Details o: L: Related Reports Optional post -Dated .337.0 ...
[keys] '{F2}' -> Tally 'TallyPrime:9000'
[shot] tds-288-S2-date-box (1024x768)
[18:45:26] [tds] screen tds-288-S2-date-box : EDU c Prime Change Voucher Date Unity Quit K: Company Y: Data Z: Exchange A Accept Q Search O: Import E: Export M: Share p: print Fl: Help FinCom Spike Co Voucher Date 3-10-2026 b82e1 to ru 0912- 731-4 acepa 6c46- 2731- acep .337.0 -c978 ning 2d109 ing j _id" : . 0—011' 6c46- Mode Windows Server 2025 Datacenter Build 26100.ge_release240331-1435 6:45 PM 10/8/2026
[keys] '2-10-2026{ENTER}' -> Tally 'TallyPrime:9000'
[shot] tds-289-S2-date (1024x768)
[18:45:30] [tds] screen tds-289-S2-date : EDU c Prime K: Company Y: Data Accounting Voucher Creation 03 Sales No. 3 Party Alc narne. Current balance: Sales ledger: Current balance: Name of Item Narration: Unity Quit Z: Exchange A Accept Q Search FinCom • ke Co O: Import E: Export List of Led er Accounts Cash Share Bank Share Party Share Supplier Spike Party Spike Party 2 Ul Party M: Share p: print x Create Fl: Help Date b82e1 Company to ru F4: Contra F5: Payment Receipt Journal F8: Sales 0912- 731-4 acepa 6c46- 2731- Purchase acep Fl 0: 0åHVouctg•s F: Autofill Change Mode More Details o: L: Related Reports Optional post -Dated .337.0 ...
[keys] 'Share Party{ENTER}' -> Tally 'TallyPrime:9000'
[shot] tds-290-S2-party (1024x768)
[18:45:42] [tds] screen tds-290-S2-party : EDU c Prime Details K: Company Y: Data Z: Exchange Accept Q Search O: Import E: Export M: Share p: print x Fl: Help Delivery Note No(s) FinCom Spike Co Dispatch Details Dispatch Doc No. Dispatched through Destination Carrier Name/Agent Bill of No. Motor Vehicle No. Date: Unity Quit b82e1 to ru 0912- 731-4 acepa 6c46- 2731- acep .337.0 -c978 ning 2d109 ing j _id" : . 0—011' 6c46- Mode Windows Server 2025 Datacenter Build 26100.ge_release240331-1435 6:45 PM 10/8/2026
[shot] tds-291-S2-party-sub1 (1024x768)
[18:45:44] [tds] screen tds-291-S2-party-sub1 : EDU c Prime Details K: Company Y: Data Z: Exchange Accept Q Search O: Import E: Export M: Share p: print x Fl: Help Delivery Note No(s) FinCom Spike Co Dispatch Details Dispatch Doc No. Dispatched through Destination Carrier Name/Agent Bill of No. Motor Vehicle No. Date: Unity Quit b82e1 to ru 0912- 731-4 acepa 6c46- 2731- acep .337.0 -c978 ning 2d109 ing j _id" : . 0—011' 6c46- Mode Windows Server 2025 Datacenter Build 26100.ge_release240331-1435 6:45 PM 10/8/2026
[keys] '^a' -> Tally 'TallyPrime:9000'
[shot] tds-292-S2-party-sub-accept (1024x768)
[18:45:48] [tds] screen tds-292-S2-party-sub-accept : EDU c Prime ParW Details Unity Z: Exchmge O: Import E: Export M: Share p: print K: Company Y: Data Buyer (Bill to) Mailing Name Address State Country GST Registration type GSTIN/UIN Place of Supply Accept A: Q Search FinCom Spike co Party Details List of Led er Accounts Share Party Share Supplier Spike Party Spike Party 2 IJI Party Create New Party Fl: Help Fetch L: Details Using b82e1 to r 0912 731 ace 6cLl 2731 race .337. -c97 ning 2d109 GSTIN/UIN ing _ id " : 6cL16- ly Configure Fl 2: Mode Windows Server 2025 Datacentet Build 26100.ge_release240331-1435 6:45 PM eo r-=f 10/8/2026
[shot] tds-293-S2-party-sub2 (1024x768)
[18:45:49] [tds] screen tds-293-S2-party-sub2 : EDU c Prime ParW Details Unity Z: Exchmge O: Import E: Export M: Share p: print K: Company Y: Data Buyer (Bill to) Mailing Name Address State Country GST Registration type GSTIN/UIN Place of Supply Accept A: Q Search FinCom Spike co Party Details List of Led er Accounts Share Party Share Supplier Spike Party Spike Party 2 IJI Party Create New Party Fl: Help Fetch L: Details Using b82e1 to r 0912 731 ace 6cLl 2731 race .337. -c97 ning 2d109 GSTIN/UIN ing _ id " : 6cL16- ly Configure Fl 2: Mode Windows Server 2025 Datacentet Build 26100.ge_release240331-1435 6:45 PM eo r-=f 10/8/2026
[keys] '^a' -> Tally 'TallyPrime:9000'
[shot] tds-294-S2-party-sub-accept (1024x768)
[18:45:53] [tds] screen tds-294-S2-party-sub-accept : EDU c Prime K: Company Y: Data Accounting Voucher Creation Z: Exchange A Accept Q Search FinCom • ke Co O: Import E: Export List of Led er Accounts Share Sales M: Share p: print Create Show More x Fl: Help Date b82e1 03 Sales Party Alc narne. Current balance: Sales ledger: Current balance: No. 3 Share Party 3,900.00 Dr Company to ru F4: Contra F5: Payment Receipt Journal F8: Sales 0912- 731-4 acepa 6c46- Name of Item Narration: Unity Quit 2731- Purchase acep Fl 0: 0åHVouctg•s F: Autofill Change Mode More Details o: L: Related Reports Optional post -Dated .337.0 -c978 ning 2d109 ing j _id" : . ...
[shot] tds-295-S2-party-sub3 (1024x768)
[18:45:54] [tds] screen tds-295-S2-party-sub3 : EDU c Prime K: Company Y: Data Accounting Voucher Creation Z: Exchange A Accept Q Search FinCom • ke Co O: Import E: Export List of Led er Accounts Share Sales M: Share p: print Create Show More x Fl: Help Date b82e1 03 Sales Party Alc narne. Current balance: Sales ledger: Current balance: No. 3 Share Party 3,900.00 Dr Company to ru F4: Contra F5: Payment Receipt Journal F8: Sales 0912- 731-4 acepa 6c46- Name of Item Narration: Unity Quit 2731- Purchase acep Fl 0: 0åHVouctg•s F: Autofill Change Mode More Details o: L: Related Reports Optional post -Dated .337.0 -c978 ning 2d109 ing j _id" : . ...
[keys] 'Share Sales{ENTER}' -> Tally 'TallyPrime:9000'
[shot] tds-296-S2-ledger (1024x768)
[18:45:58] [tds] screen tds-296-S2-ledger : EDU c Prime K: Company Y: Data Accounting Voucher Creation 03 Sales No. 3 Party A/c narne: Share Party Current balance: 3,900.00 Dr Sales ledger: Share Sales Current balance: 400.00 Cr Name of Item Ch Narration: Unity Quit Z: Exchange A Accept Q Search FinCom • ke Co O: Import Quantity E: Export Rate M: Share per p: print 2-Oct-26 Friday Amount Fl: Help Date b82e1 Company to ru F4: Contra F5: Payment Receipt Journal F8: Sales 0912- 731-4 acepa 6c46- 2731- Purchase acep Fl 0: 0åHVouctg•s F: Autofill Change Mode More Details o: L: Related Reports Optional post -Dated .337.0 -c978 ning 2d109 ing ...
[keys] 'Share Item{ENTER}' -> Tally 'TallyPrime:9000'
[shot] tds-297-S2-item (1024x768)
[18:46:02] [tds] screen tds-297-S2-item : EDU c Prime K: Company Y: Data Accounting Voucher Creation 03 Sales No. 3 Party A/c narne: Share Party Current balance: 3,900.00 Dr Sales ledger: Share Sales Current balance: 400.00 Cr Name of Item Share Item Narration: Unity Quit Z: Exchange A Accept Q Search FinCom • ke Co O: Import Quantity E: Export Rate M: Share per p: print 2-Oct-26 Friday Amount Fl: Help Date b82e1 Company to ru F4: Contra F5: Payment Receipt Journal F8: Sales 0912- 731-4 acepa 6c46- 2731- Purchase acep Fl 0: 0åHVouctg•s F: Autofill Change Mode More Details o: L: Related Reports Optional post -Dated .337.0 -c978 ning 2d...
[shot] tds-298-S2-item-sub1 (1024x768)
[18:46:03] [tds] screen tds-298-S2-item-sub1 : EDU c Prime K: Company Y: Data Accounting Voucher Creation 03 Sales No. 3 Party A/c narne: Share Party Current balance: 3,900.00 Dr Sales ledger: Share Sales Current balance: 400.00 Cr Name of Item Share Item Narration: Unity Quit Z: Exchange A Accept Q Search FinCom • ke Co O: Import Quantity E: Export Rate M: Share per p: print 2-Oct-26 Friday Amount Fl: Help Date b82e1 Company to ru F4: Contra F5: Payment Receipt Journal F8: Sales 0912- 731-4 acepa 6c46- 2731- Purchase acep Fl 0: 0åHVouctg•s F: Autofill Change Mode More Details o: L: Related Reports Optional post -Dated .337.0 -c978 ning 2d...
[keys] '3{ENTER}' -> Tally 'TallyPrime:9000'
[shot] tds-299-S2-qty (1024x768)
[18:46:06] [tds] screen tds-299-S2-qty : EDU c Prime K: Company Y: Data Accounting Voucher Creation 03 Sales No. 3 Party A/c narne: Share Party Current balance: 3,900.00 Dr Sales ledger: Share Sales Current balance: 400.00 Cr Name of Item Share Item Narration: Unity Quit Z: Exchange A Accept Q Search FinCom • ke Co O: Import Quantity 3 Nos 3 Nos E: Export Rate 100.00 M: Share per Nos p: print 2-Oct-26 Friday Amount 300.00 Fl: Help Date b82e1 Company to ru F4: Contra F5: Payment Receipt Journal F8: Sales 0912- 731-4 acepa 6c46- 2731- Purchase acep Fl 0: 0åHVouctg•s F: Autofill Change Mode More Details o: L: 300.00 Related Reports Opti...
[keys] '100{ENTER}' -> Tally 'TallyPrime:9000'
[shot] tds-300-S2-rate (1024x768)
[18:46:10] [tds] screen tds-300-S2-rate : EDU c Prime K: Company Y: Data Accounting Voucher Creation 03 Sales No. 3 Party A/c narne: Share Party Current balance: 3,900.00 Dr Sales ledger: Share Sales Current balance: 400.00 Cr Name of Item Share Item Narration: Unity Quit Z: Exchange A Accept Q Search FinCom • ke Co O: Import Quantity 3 Nos 3 Nos E: Export Rate 100.00 M: Share per Nos p: print 2-Oct-26 Friday Amount 300.00 Fl: Help Date b82e1 Company to ru F4: Contra F5: Payment Receipt Journal F8: Sales 0912- 731-4 acepa 6c46- 2731- Purchase acep Fl 0: 0åHVouctg•s F: Autofill Change Mode More Details o: L: 300.00 Related Reports Opti...
[keys] '{ENTER}' -> Tally 'TallyPrime:9000'
[shot] tds-301-S2-amount (1024x768)
[18:46:13] [tds] screen tds-301-S2-amount : EDU c Prime K: Company Y: Data Accounting Voucher Creation 03 Sales No. 3 Party A/c narne: Share Party Current balance: 3,900.00 Dr Sales ledger: Share Sales Current balance: 400.00 Cr Name of Item Share Item Narration: Unity Quit Z: Exchange A Accept Q Search FinCom • ke Co O: Import Quantity 3 Nos 3 Nos E: Export Rate 100.00 M: Share per Nos p: print 2-Oct-26 Friday Amount 300.00 Fl: Help Date b82e1 Company to ru F4: Contra F5: Payment Receipt Journal F8: Sales 0912- 731-4 acepa 6c46- 2731- Purchase acep Fl 0: 0åHVouctg•s F: Autofill Change Mode More Details o: L: 300.00 Related Reports Opti...
[shot] tds-302-S2-item-b-sub1 (1024x768)
[18:46:14] [tds] screen tds-302-S2-item-b-sub1 : EDU c Prime K: Company Y: Data Accounting Voucher Creation 03 Sales No. 3 Party A/c narne: Share Party Current balance: 3,900.00 Dr Sales ledger: Share Sales Current balance: 400.00 Cr Name of Item Share Item Narration: Unity Quit Z: Exchange A Accept Q Search FinCom • ke Co O: Import Quantity 3 Nos 3 Nos E: Export Rate 100.00 M: Share per Nos p: print 2-Oct-26 Friday Amount 300.00 Fl: Help Date b82e1 Company to ru F4: Contra F5: Payment Receipt Journal F8: Sales 0912- 731-4 acepa 6c46- 2731- Purchase acep Fl 0: 0åHVouctg•s F: Autofill Change Mode More Details o: L: 300.00 Related Reports Opti...
[keys] '{ENTER}' -> Tally 'TallyPrime:9000'
[shot] tds-303-S2-items-done (1024x768)
[18:46:17] [tds] screen tds-303-S2-items-done : EDU c Prime K: Company Y: Data Accounting Voucher Creation 03 Sales No. 3 Party A/c narne: Share Party Current balance: 3,900.00 Dr Sales ledger: Share Sales Current balance: 400.00 Cr Name of Item Share Item Narration: Unity Quit Z: Exchange A Accept Q Search FinCom • ke Co O: Import Quantity 3 Nos 3 Nos E: Export Rate 100.00 M: Share per Nos p: print 2-Oct-26 Friday Amount 300.00 300.00 Fl: Help Date b82e1 Company to ru F4: Contra F5: Payment Receipt Journal F8: Sales 0912- 731-4 acepa 6c46- 2731- Purchase Fl 0: 0åHVouctg•s F: Autofill Change Mode More Details o: L: 300.00 Related Reports Op...
[keys] '^a' -> Tally 'TallyPrime:9000'
[shot] tds-304-S2-accept1 (1024x768)
[18:46:22] [tds] screen tds-304-S2-accept1 : EDU c Prime K: Company Y: Data Accounting Voucher Creation 03 Sales No. 4 Party Alc narne. Current balance: Sales ledger: Current balance: Name of Item Narration: Unity Quit Z: Exchange A Accept Q Search FinCom • ke Co O: Import E: Export List of Led er Accounts Cash Share Bank Share Party Share Supplier Spike Party Spike Party 2 Ul Party M: Share p: print x Create Fl: Help Date b82e1 Company to ru F4: Contra F5: Payment Receipt Journal F8: Sales 0912- 731-4 acepa 6c46- 2731- Purchase acep Fl 0: 0åHVouctg•s F: Autofill Change Mode More Details o: L: Related Reports Optional post -Dated .337.0 ...
[shot] tds-305-S2-after1 (1024x768)
[18:46:23] [tds] screen tds-305-S2-after1 : EDU c Prime K: Company Y: Data Accounting Voucher Creation 03 Sales No. 4 Party Alc narne. Current balance: Sales ledger: Current balance: Name of Item Narration: Unity Quit Z: Exchange A Accept Q Search FinCom • ke Co O: Import E: Export List of Led er Accounts Cash Share Bank Share Party Share Supplier Spike Party Spike Party 2 Ul Party M: Share p: print x Create Fl: Help Date b82e1 Company to ru F4: Contra F5: Payment Receipt Journal F8: Sales 0912- 731-4 acepa 6c46- 2731- Purchase acep Fl 0: 0åHVouctg•s F: Autofill Change Mode More Details o: L: Related Reports Optional post -Dated .337.0 ...
[keys] '^a' -> Tally 'TallyPrime:9000'
[shot] tds-306-S2-accept2 (1024x768)
[18:46:27] [tds] screen tds-306-S2-accept2 : Unity EDU c Prime K: Company Y: Data Accounting Voucher Creation Q: Quit Z: Exchange A: Accept Q Search O: Import E: Export M: Share FinCom Spike Co p: print Fl: Help x F2: Date F3: Company F4: Contra F5: Payment t F6: Receipt F7: Journal F8: Sales F9: Purchase F: Autofill H: Change Mode l: More Details Error Oops! No Entries in Voucher! p: Delete , cancel vch O: Related Reports k: Optional T: post -Dated Fl 2: Configure b82e1 to ru 0912- 731-4 acepa 6c46- 2731- acep .337.0 -c978 ning 2d109 ing j _id" : . 0—011' 6c46- Mode Windows Server 2025 Datacenter Build 26100.ge_release240331-1435 6:46 P...
[shot] tds-307-S2-after2 (1024x768)
[18:46:28] [tds] screen tds-307-S2-after2 : Unity EDU c Prime K: Company Y: Data Accounting Voucher Creation Q: Quit Z: Exchange A: Accept Q Search O: Import E: Export M: Share FinCom Spike Co p: print Fl: Help x F2: Date F3: Company F4: Contra F5: Payment t F6: Receipt F7: Journal F8: Sales F9: Purchase F: Autofill H: Change Mode l: More Details Error Oops! No Entries in Voucher! p: Delete , cancel vch O: Related Reports k: Optional T: post -Dated Fl 2: Configure b82e1 to ru 0912- 731-4 acepa 6c46- 2731- acep .337.0 -c978 ning 2d109 ing j _id" : . 0—011' 6c46- Mode Windows Server 2025 Datacenter Build 26100.ge_release240331-1435 6:46 P...
[keys] '^a' -> Tally 'TallyPrime:9000'
[shot] tds-308-S2-accept3 (1024x768)
[18:46:33] [tds] screen tds-308-S2-accept3 : EDU c Prime K: Company Y: Data Accounting Voucher Creation Z: Exchange A Accept Q Search FinCom • ke Co O: Import E: Export List of Led er Accounts Cash Share Bank Share Party Share Supplier Spike Party Spike Party 2 Ul Party M: Share p: print x Create Fl: Help Date b82e1 03 Sales Party Alc narne. Current balance: Sales ledger: Current balance: No. 4 Cash 300.00 Dr Share Sales 700.00 Cr Company to ru F4: Contra F5: Payment Receipt Journal F8: Sales 0912- 731-4 acepa 6c46- Name of Item End of List End of List Narration: Unity Quit 2731- Purchase acep Fl 0: 0åHVouctg•s F: Autofill Change Mode Mo...
[shot] tds-309-S2-after3 (1024x768)
[18:46:34] [tds] screen tds-309-S2-after3 : EDU c Prime K: Company Y: Data Accounting Voucher Creation Z: Exchange A Accept Q Search FinCom • ke Co O: Import E: Export List of Led er Accounts Cash Share Bank Share Party Share Supplier Spike Party Spike Party 2 Ul Party M: Share p: print x Create Fl: Help Date b82e1 03 Sales Party Alc narne. Current balance: Sales ledger: Current balance: No. 4 Cash 300.00 Dr Share Sales 700.00 Cr Company to ru F4: Contra F5: Payment Receipt Journal F8: Sales 0912- 731-4 acepa 6c46- Name of Item End of List End of List Narration: Unity Quit 2731- Purchase acep Fl 0: 0åHVouctg•s F: Autofill Change Mode Mo...
[keys] '^a' -> Tally 'TallyPrime:9000'
[shot] tds-310-S2-accept4 (1024x768)
[18:46:39] [tds] screen tds-310-S2-accept4 : Unity EDU c Prime K: Company Y: Data Accounting Voucher Creation Q: Quit Z: Exchange A: Accept Q Search O: Import E: Export M: Share FinCom Spike Co p: print Fl: Help x F2: Date F3: Company F4: Contra F5: Payment t F6: Receipt F7: Journal F8: Sales F9: Purchase F: Autofill H: Change Mode l: More Details Error Oops! No Entries in Voucher! p: Delete , cancel vch O: Related Reports k: Optional T: post -Dated Fl 2: Configure b82e1 to ru 0912- 731-4 acepa 6c46- 2731- acep .337.0 -c978 ning 2d109 ing j _id" : . 0—011' 6c46- Mode Windows Server 2025 Datacenter Build 26100.ge_release240331-1435 6:46 P...
[shot] tds-311-S2-after4 (1024x768)
[18:46:40] [tds] screen tds-311-S2-after4 : Unity EDU c Prime K: Company Y: Data Accounting Voucher Creation Q: Quit Z: Exchange A: Accept Q Search O: Import E: Export M: Share FinCom Spike Co p: print Fl: Help x F2: Date F3: Company F4: Contra F5: Payment t F6: Receipt F7: Journal F8: Sales F9: Purchase F: Autofill H: Change Mode l: More Details Error Oops! No Entries in Voucher! p: Delete , cancel vch O: Related Reports k: Optional T: post -Dated Fl 2: Configure b82e1 to ru 0912- 731-4 acepa 6c46- 2731- acep .337.0 -c978 ning 2d109 ing j _id" : . 0—011' 6c46- Mode Windows Server 2025 Datacenter Build 26100.ge_release240331-1435 6:46 P...
[shot] tds-312-gw0 (1024x768)
[18:46:41] [tds] screen tds-312-gw0 : Unity EDU c Prime K: Company Y: Data Accounting Voucher Creation Q: Quit Z: Exchange A: Accept Q Search O: Import E: Export M: Share FinCom Spike Co p: print Fl: Help x F2: Date F3: Company F4: Contra F5: Payment t F6: Receipt F7: Journal F8: Sales F9: Purchase F: Autofill H: Change Mode l: More Details Error Oops! No Entries in Voucher! p: Delete , cancel vch O: Related Reports k: Optional T: post -Dated Fl 2: Configure b82e1 to ru 0912- 731-4 acepa 6c46- 2731- acep .337.0 -c978 ning 2d109 ing j _id" : . 0—011' 6c46- Mode Windows Server 2025 Datacenter Build 26100.ge_release240331-1435 6:46 P...
[keys] '{ESC}' -> Tally 'TallyPrime:9000'
[shot] tds-313-gw1 (1024x768)
[18:46:44] [tds] screen tds-313-gw1 : EDU c Prime K: Company Y: Data Accounting Voucher Creation Z: Exchange A Accept Q Search FinCom • ke Co O: Import E: Export List of Led er Accounts Cash Share Bank Share Party Share Supplier Spike Party Spike Party 2 Ul Party M: Share p: print x Create Fl: Help Date b82e1 03 Sales Party Alc narne. Current balance: Sales ledger: Current balance: No. 4 Cash 300.00 Dr Share Sales 700.00 Cr Company to ru F4: Contra F5: Payment Receipt Journal F8: Sales 0912- 731-4 acepa 6c46- Name of Item End of List End of List Narration: Unity Quit 2731- Purchase acep Fl 0: 0åHVouctg•s F: Autofill Change Mode Mo...
[keys] '{ESC}' -> Tally 'TallyPrime:9000'
[shot] tds-314-gw2 (1024x768)
[18:46:48] [tds] screen tds-314-gw2 : EDU c Prime K: Company Y: Data Accounting Voucher Creation Z: Exchange A Accept Q Search FinCom • ke Co O: Import E: Export List of Led er Accounts Cash Share Bank Share Party Share Supplier Spike Party Spike Party 2 Ul Party M: Share p: print x Create Fl: Help Date b82e1 03 Sales Party Alc narne. Current balance: Sales ledger: Current balance: No. 4 300.00 Dr Share Sales 700.00 Cr Company to ru F4: Contra F5: Payment Receipt Journal F8: Sales 0912- 731-4 acepa 6c46- Name of Item End of List End of List Narration: Unity Quit 2731- Purchase acep Fl 0: 0åHVouctg•s F: Autofill Change Mode More De...
[keys] '{ESC}' -> Tally 'TallyPrime:9000'
[shot] tds-315-gw3 (1024x768)
[18:46:52] [tds] screen tds-315-gw3 : EDU c Prime K: Company Y: Data Accounting Voucher Creation Z: Exchange A: Accept Q Search FinCom 03 Sales Party Alc narne. Current balance: Sales ledger: Current balance: No. 4 300.00 Dr Share Sales 700.00 Cr O: Import Quantity E: Export Rate M: Share per Name of Item End of List End of List Narration: Unity Q: Quit p: print 2-Oct-26 Friday Amount Quit o Yes or No D: Delete X: Cancel Vch Fl: Help F2: Date F3: Company F4: Contra F5: Payment F6: Receipt F7: Journal F8: Sales F9: Purchase F: Autofill H: Change Mode l: More Details O: Related Reports k: Optional T: post -Dated Fl 2: Configure b82e...
[keys] 'y' -> Tally 'TallyPrime:9000'
[shot] tds-316-gw4 (1024x768)
[18:46:55] [tds] screen tds-316-gw4 : EDU c Prime Gatewa of Tall CURRENT PERIOD K: Company Y: Data Z: Exchange O: Import E: Export M: Share p: print Fl: Help Date b82e1 I-Apr-26 to 31-Mar-27 NAME OF COMPANY FinCom Spike Co Q CURRENT OATE Friday, 2-Oct-2026 2-Oct-26 Search Gateway of Tally MASTERS Create Alter CHart of Accounts TRANSACTIONS Vouchers Day 800K UTILITIES BaNking REPORTS Balance Sheet Profit & Loss A/c Stock Summary Ratio Analysis Display More Reports DashbOard Quit Unity Company to ru 0912- 731-4 acepa 6c46- 2731- acep .337.0 -c978 ning 2d109 ing j _id" : . 0—011' 6c46- Mode Windows Server 2025 Datacenter Build 26100....
  voucher mid=1 aid=1 Journal/1/20260401 guid=6a19ae25-8faa-41ba-b1a7-6062aa81a638-00000001 cancelled=False
  voucher mid=2 aid=2 Journal/2/20261001 guid=6a19ae25-8faa-41ba-b1a7-6062aa81a638-00000002 cancelled=False
  voucher mid=3 aid=3 Journal/3/20261001 guid=6a19ae25-8faa-41ba-b1a7-6062aa81a638-00000003 cancelled=False
  voucher mid=4 aid=4 Journal/4/20261001 guid=6a19ae25-8faa-41ba-b1a7-6062aa81a638-00000004 cancelled=False
  voucher mid=5 aid=5 Journal/5/20261001 guid=6a19ae25-8faa-41ba-b1a7-6062aa81a638-00000005 cancelled=False
  voucher mid=6 aid=6 Payroll/1/20261001 guid=6a19ae25-8faa-41ba-b1a7-6062aa81a638-00000006 cancelled=False
  voucher mid=7 aid=7 Receipt/1/20261002 guid=6a19ae25-8faa-41ba-b1a7-6062aa81a638-00000007 cancelled=False
  voucher mid=8 aid=8 Receipt/2/20261002 guid=6a19ae25-8faa-41ba-b1a7-6062aa81a638-00000008 cancelled=False
  voucher mid=9 aid=9 Payment/1/20261002 guid=6a19ae25-8faa-41ba-b1a7-6062aa81a638-00000009 cancelled=False
  voucher mid=10 aid=10 Payment/2/20261002 guid=6a19ae25-8faa-41ba-b1a7-6062aa81a638-0000000a cancelled=False
  voucher mid=11 aid=11 Contra/1/20261002 guid=6a19ae25-8faa-41ba-b1a7-6062aa81a638-0000000b cancelled=False
  voucher mid=12 aid=12 Journal/6/20261002 guid=6a19ae25-8faa-41ba-b1a7-6062aa81a638-0000000c cancelled=False
  voucher mid=13 aid=13 Journal/7/20261002 guid=6a19ae25-8faa-41ba-b1a7-6062aa81a638-0000000d cancelled=False
  voucher mid=14 aid=14 Sales/1/20261002 guid=6a19ae25-8faa-41ba-b1a7-6062aa81a638-0000000e cancelled=False
  voucher mid=15 aid=15 Sales/2/20261002 guid=6a19ae25-8faa-41ba-b1a7-6062aa81a638-0000000f cancelled=False
  voucher mid=16 aid=16 Sales/3/20261002 guid=6a19ae25-8faa-41ba-b1a7-6062aa81a638-00000010 cancelled=False
  INFO share sales-new2 (sales item invoice, a second one (Tally allocates its bill at the save: no bill-wise screen in item invoice mode, run 37719717293)): Tally Sales 3 mid 16; stored party 'Share Party' bills [New Ref,New Ref]; the line party 'Share Party' bills []; lines voucher_accept_post x1, voucher_full x1
[18:46:58] ---- share purchase-new: purchase item invoice, New Ref bill (PI-1)
  voucher mid=1 aid=1 Journal/1/20260401 guid=6a19ae25-8faa-41ba-b1a7-6062aa81a638-00000001 cancelled=False
  voucher mid=2 aid=2 Journal/2/20261001 guid=6a19ae25-8faa-41ba-b1a7-6062aa81a638-00000002 cancelled=False
  voucher mid=3 aid=3 Journal/3/20261001 guid=6a19ae25-8faa-41ba-b1a7-6062aa81a638-00000003 cancelled=False
  voucher mid=4 aid=4 Journal/4/20261001 guid=6a19ae25-8faa-41ba-b1a7-6062aa81a638-00000004 cancelled=False
  voucher mid=5 aid=5 Journal/5/20261001 guid=6a19ae25-8faa-41ba-b1a7-6062aa81a638-00000005 cancelled=False
  voucher mid=6 aid=6 Payroll/1/20261001 guid=6a19ae25-8faa-41ba-b1a7-6062aa81a638-00000006 cancelled=False
  voucher mid=7 aid=7 Receipt/1/20261002 guid=6a19ae25-8faa-41ba-b1a7-6062aa81a638-00000007 cancelled=False
  voucher mid=8 aid=8 Receipt/2/20261002 guid=6a19ae25-8faa-41ba-b1a7-6062aa81a638-00000008 cancelled=False
  voucher mid=9 aid=9 Payment/1/20261002 guid=6a19ae25-8faa-41ba-b1a7-6062aa81a638-00000009 cancelled=False
  voucher mid=10 aid=10 Payment/2/20261002 guid=6a19ae25-8faa-41ba-b1a7-6062aa81a638-0000000a cancelled=False
  voucher mid=11 aid=11 Contra/1/20261002 guid=6a19ae25-8faa-41ba-b1a7-6062aa81a638-0000000b cancelled=False
  voucher mid=12 aid=12 Journal/6/20261002 guid=6a19ae25-8faa-41ba-b1a7-6062aa81a638-0000000c cancelled=False
  voucher mid=13 aid=13 Journal/7/20261002 guid=6a19ae25-8faa-41ba-b1a7-6062aa81a638-0000000d cancelled=False
  voucher mid=14 aid=14 Sales/1/20261002 guid=6a19ae25-8faa-41ba-b1a7-6062aa81a638-0000000e cancelled=False
  voucher mid=15 aid=15 Sales/2/20261002 guid=6a19ae25-8faa-41ba-b1a7-6062aa81a638-0000000f cancelled=False
  voucher mid=16 aid=16 Sales/3/20261002 guid=6a19ae25-8faa-41ba-b1a7-6062aa81a638-00000010 cancelled=False
[shot] tds-317-gw0 (1024x768)
[18:46:59] [tds] screen tds-317-gw0 : EDU c Prime Gatewa of Tall CURRENT PERIOD K: Company Y: Data Z: Exchange O: Import E: Export M: Share p: print Fl: Help Date b82e1 I-Apr-26 to 31-Mar-27 NAME OF COMPANY FinCom Spike Co Q CURRENT OATE Friday, 2-Oct-2026 2-Oct-26 Search Gateway of Tally MASTERS Create Alter CHart of Accounts TRANSACTIONS Vouchers Day 800K UTILITIES BaNking REPORTS Balance Sheet Profit & Loss A/c Stock Summary Ratio Analysis Display More Reports DashbOard Quit Unity Company to ru 0912- 731-4 acepa 6c46- 2731- acep .337.0 -c978 ning 2d109 ing j _id" : . 0—011' 6c46- Mode Windows Server 2025 Datacenter Build 26100....
[shot] tds-318-U1-start (1024x768)
[18:47:00] [tds] screen tds-318-U1-start : EDU c Prime Gatewa of Tall CURRENT PERIOD K: Company Y: Data Z: Exchange O: Import E: Export M: Share p: print Fl: Help Date b82e1 I-Apr-26 to 31-Mar-27 NAME OF COMPANY FinCom Spike Co Q CURRENT OATE Friday, 2-Oct-2026 2-Oct-26 Search Gateway of Tally MASTERS Create Alter CHart of Accounts TRANSACTIONS Vouchers Day 800K UTILITIES BaNking REPORTS Balance Sheet Profit & Loss A/c Stock Summary Ratio Analysis Display More Reports DashbOard Quit Unity Company to ru 0912- 731-4 acepa 6c46- 2731- acep .337.0 -c978 ning 2d109 ing j _id" : . 0—011' 6c46- Mode Windows Server 2025 Datacenter Build 26100....
[keys] 'v' -> Tally 'TallyPrime:9000'
[shot] tds-319-U1-vouchers (1024x768)
[18:47:05] [tds] screen tds-319-U1-vouchers : EDU c Prime K: Company Y: Data Accounting Voucher Creation 03 Sales No. 4 Party Alc narne. Current balance: Sales ledger: Current balance: Name of Item Narration: Unity Quit Z: Exchange A Accept Q Search FinCom • ke Co O: Import E: Export List of Led er Accounts Cash Share Bank Share Party Share Supplier Spike Party Spike Party 2 Ul Party M: Share p: print x Create Fl: Help Date b82e1 Company to ru F4: Contra F5: Payment Receipt Journal F8: Sales 0912- 731-4 acepa 6c46- 2731- Purchase acep Fl 0: 0åHVouctg•s F: Autofill Change Mode More Details o: L: Related Reports Optional post -Dated .337.0 ...
[keys] '{F9}' -> Tally 'TallyPrime:9000'
[shot] tds-320-U1-type (1024x768)
[18:47:09] [tds] screen tds-320-U1-type : EDU c Prime K: Company Y: Data Accounting Voucher Creation Z: Exchange A Accept Q Search FinCom Spike Co O: Import Quantity E: Export Rate M: Share per p: print x 20ct-26 Friday Amount Fl: Help Date b82e1 03 Purchase No. 1 Su*i« Imoice No. Party Alc narne: Current balance: Purchase ledger: Current balance: Name of Item Narration: Unity Quit Date Company to ru F4: Contra F5: Payment Receipt Journal Sales 0912- 731-4 acepa 6c46- 2731- F9: Purchase acep Fl 0: 0åHVouctg•s F: Autofill Change Mode More Details o: L: Related Reports Optional post -Dated .337.0 -c978 ning 2d109 ing j _id" : . 0—011' 6...
[keys] '^h' -> Tally 'TallyPrime:9000'
[shot] tds-321-U1-mode (1024x768)
[18:47:12] [tds] screen tds-321-U1-mode : EDU c Prime Change Mode Unity Quit K: Company Y: Data Z: Exchange O: Import E: Export M: Share p: print Fl: Help FinCom • ke Co Change Voucher Mode Item Invoice List of Modes/Usa es Item Invoice Accounting Invoice As Voucher A Accept Q Search b82e1 to ru 0912- 731-4 acepa 6c46- 2731- acep .337.0 -c978 ning 2d109 ing j _id" : . 0—011' 6c46- Mode Windows Server 2025 Datacenter Build 26100.ge_release240331-1435 6:47 PM 10/8/2026
[keys] 'Item Invoice{ENTER}' -> Tally 'TallyPrime:9000'
[shot] tds-322-U1-item-mode (1024x768)
[18:47:16] [tds] screen tds-322-U1-item-mode : EDU c Prime K: Company Y: Data Accounting Voucher Creation Z: Exchange A Accept Q Search FinCom Spike Co O: Import Quantity E: Export Rate M: Share per p: print x 20ct-26 Friday Amount Fl: Help Date b82e1 03 Purchase No. 1 Su*i« Imoice No. Party Alc narne: Current balance: Purchase ledger: Current balance: Name of Item Narration: Unity Quit Date Company to ru F4: Contra F5: Payment Receipt Journal Sales 0912- 731-4 acepa 6c46- 2731- F9: Purchase acep Fl 0: 0åHVouctg•s F: Autofill Change Mode More Details o: L: Related Reports Optional post -Dated .337.0 -c978 ning 2d109 ing j _id" : . 0—011' 6...
[keys] '{F2}' -> Tally 'TallyPrime:9000'
[shot] tds-323-U1-date-box (1024x768)
[18:47:20] [tds] screen tds-323-U1-date-box : EDU c Prime Change Voucher Date Unity Quit K: Company Y: Data Z: Exchange A Accept Q Search O: Import E: Export M: Share p: print Fl: Help FinCom Spike Co Voucher Date 3-10-2026 b82e1 to ru 0912- 731-4 acepa 6c46- 2731- acep .337.0 -c978 ning 2d109 ing j _id" : . 0—011' 6c46- Mode Windows Server 2025 Datacenter Build 26100.ge_release240331-1435 6:47 PM 10/8/2026
[keys] '2-10-2026{ENTER}' -> Tally 'TallyPrime:9000'
[shot] tds-324-U1-date (1024x768)
[18:47:23] [tds] screen tds-324-U1-date : EDU c Prime K: Company Y: Data Accounting Voucher Creation Z: Exchange A Accept Q Search FinCom Spike Co O: Import Quantity E: Export Rate M: Share per p: print x 20ct-26 Friday Amount Fl: Help Date b82e1 03 Purchase No. 1 Su*i« Imoice No. Party Alc narne: Current balance: Purchase ledger: Current balance: Name of Item Narration: Unity Quit Date Company to ru F4: Contra F5: Payment Receipt Journal Sales 0912- 731-4 acepa 6c46- 2731- F9: Purchase acep Fl 0: 0åHVouctg•s F: Autofill Change Mode More Details o: L: Related Reports Optional post -Dated .337.0 -c978 ning 2d109 ing j _id" : . 0—011' 6...
[keys] 'SUP-1{ENTER}' -> Tally 'TallyPrime:9000'
[shot] tds-325-U1-head (1024x768)
[18:47:27] [tds] screen tds-325-U1-head : EDU c Prime K: Company Y: Data Accounting Voucher Creation Z: Exchange 2-Oct-26 A Accept Q Search FinCom Spike Co O: Import Quantity E: Export Rate M: Share per p: print x 20ct-26 Friday Amount Fl: Help Date b82e1 03 Purchase No. 1 Su*lmoice No.: SUP-I Party Alc narne: Current balance: Purchase ledger: Current balance: Name of Item Narration: Unity Quit Date Company to ru F4: Contra F5: Payment Receipt Journal Sales 0912- 731-4 acepa 6c46- 2731- F9: Purchase acep Fl 0: 0åHVouctg•s F: Autofill Change Mode More Details o: L: Related Reports Optional post -Dated .337.0 -c978 ning 2d109 ing j _id"...
[keys] '{ENTER}' -> Tally 'TallyPrime:9000'
[shot] tds-326-U1-head (1024x768)
[18:47:30] [tds] screen tds-326-U1-head : EDU c Prime K: Company Y: Data Accounting Voucher Creation Z: Exchange 2-Oct-26 A Accept Q Search FinCom Spike Co O: Import E: Export List of Led er Accounts Cash Share Bank Share Party Share Supplier Spike Party Spike Party 2 Ul Party M: Share p: print x Create Fl: Help Date b82e1 03 Purchase No. 1 Su*lmoice No.: SUP-I Party Alc narne. Current balance: Purchase ledger: Current balance: Name of Item Narration: Unity Quit Date Company to ru F4: Contra F5: Payment Receipt Journal Sales 0912- 731-4 acepa 6c46- 2731- F9: Purchase acep Fl 0: 0åHVouctg•s F: Autofill Change Mode More Details o: L: Re...
[keys] 'Share Supplier{ENTER}' -> Tally 'TallyPrime:9000'
[shot] tds-327-U1-party (1024x768)
[18:47:34] [tds] screen tds-327-U1-party : EDU c Prime Details K: Company Y: Data Z: Exchange Accept Q Search O: Import E: Export M: Share p: print x Fl: Help Receipt Note No(s) FinCom Spike Co Receipt Details Receipt Doc No. Dispatched through Destination Carrier Name/Agent Bill of No. Motor Vehicle No. Date: Unity Quit b82e1 to ru 0912- 731-4 acepa 6c46- 2731- acep .337.0 -c978 ning 2d109 ing j _id" : . 0—011' 6c46- Mode Windows Server 2025 Datacenter Build 26100.ge_release240331-1435 6:47 PM 10/8/2026
[shot] tds-328-U1-party-sub1 (1024x768)
[18:47:35] [tds] screen tds-328-U1-party-sub1 : EDU c Prime Details K: Company Y: Data Z: Exchange Accept Q Search O: Import E: Export M: Share p: print x Fl: Help Receipt Note No(s) FinCom Spike Co Receipt Details Receipt Doc No. Dispatched through Destination Carrier Name/Agent Bill of No. Motor Vehicle No. Date: Unity Quit b82e1 to ru 0912- 731-4 acepa 6c46- 2731- acep .337.0 -c978 ning 2d109 ing j _id" : . 0—011' 6c46- Mode Windows Server 2025 Datacenter Build 26100.ge_release240331-1435 6:47 PM 10/8/2026
[keys] '^a' -> Tally 'TallyPrime:9000'
[shot] tds-329-U1-party-sub-accept (1024x768)
[18:47:39] [tds] screen tds-329-U1-party-sub-accept : Unity EDU c Prime Details Quit K: Company Y: Data Z: Exchange FinCom Spike Co Party Details List of Led er Accounts Share Party Share Supplier Spike Party Spike Party 2 Ul Party O: Import Create New Party E: Export M: Share p: print Fl: Help Supplier (Bill from) Mailing Name Address State Country GST Registration type GSTIN/UIN Place of Supply Accept Q Search x L: Fetch Details Using b82e1 to ru 0912- 731-4 acepa 6c46- 2731- acep .337.0 -c978 ning 2d109 GSTIN/UIN ing j _id" : . 0—011' 6c46- Configure Mode Windows Server 2025 Datacenter Build 26100.ge_release240331-1435 6:47 PM 10/8/2026
[shot] tds-330-U1-party-sub2 (1024x768)
[18:47:40] [tds] screen tds-330-U1-party-sub2 : Unity EDU c Prime Details Quit K: Company Y: Data Z: Exchange FinCom Spike Co Party Details List of Led er Accounts Share Party Share Supplier Spike Party Spike Party 2 Ul Party O: Import Create New Party E: Export M: Share p: print Fl: Help Supplier (Bill from) Mailing Name Address State Country GST Registration type GSTIN/UIN Place of Supply Accept Q Search x L: Fetch Details Using b82e1 to ru 0912- 731-4 acepa 6c46- 2731- acep .337.0 -c978 ning 2d109 GSTIN/UIN ing j _id" : . 0—011' 6c46- Configure Mode Windows Server 2025 Datacenter Build 26100.ge_release240331-1435 6:47 PM 10/8/2026
[keys] '^a' -> Tally 'TallyPrime:9000'
[shot] tds-331-U1-party-sub-accept (1024x768)
[18:47:44] [tds] screen tds-331-U1-party-sub-accept : EDU c Prime K: Company Y: Data Accounting Voucher Creation 03 Purchase No. 1 Su*lmoice No.: SUP-I Date PartyA/c narne: Share Supplier Currentbalance: 3,200.00Cr Purchase ledger: Current balance: Name of Item Narration: Unity Quit Z: Exchange 2-Oct-26 A Accept Q Search FinCom Spike Co O: Import E: Export List of Led er Accounts Share Purchase M: Share p: print Create Show More x Fl: Help Date b82e1 Company to ru F4: Contra F5: Payment Receipt Journal Sales 0912- 731-4 acepa 6c46- 2731- F9: Purchase acep Fl 0: 0åHVouctg•s F: Autofill Change Mode More Details o: L: Related Reports Optional post -...
[shot] tds-332-U1-party-sub3 (1024x768)
[18:47:45] [tds] screen tds-332-U1-party-sub3 : EDU c Prime K: Company Y: Data Accounting Voucher Creation 03 Purchase No. 1 Su*lmoice No.: SUP-I Date PartyA/c narne: Share Supplier Currentbalance: 3,200.00Cr Purchase ledger: Current balance: Name of Item Narration: Unity Quit Z: Exchange 2-Oct-26 A Accept Q Search FinCom Spike Co O: Import E: Export List of Led er Accounts Share Purchase M: Share p: print Create Show More x Fl: Help Date b82e1 Company to ru F4: Contra F5: Payment Receipt Journal Sales 0912- 731-4 acepa 6c46- 2731- F9: Purchase acep Fl 0: 0åHVouctg•s F: Autofill Change Mode More Details o: L: Related Reports Optional post -...
[keys] 'Share Purchase{ENTER}' -> Tally 'TallyPrime:9000'
[shot] tds-333-U1-ledger (1024x768)
[18:47:49] [tds] screen tds-333-U1-ledger : EDU c Prime K: Company Y: Data Accounting Voucher Creation 03 Purchase No. 1 Su*lmoice No.: SUP-I Date PartyA/c narne: Share Supplier Currentbalance: 3,200.00 Cr Purchase ledger: Share Purchase Current balance: Name of Item Ch Narration: Unity Quit Z: Exchange 2-Oct-26 A Accept Q Search FinCom Spike Co O: Import Quantity E: Export Rate M: Share per p: print x 20ct-26 Friday Amount Fl: Help Date b82e1 Company to ru F4: Contra F5: Payment Receipt Journal Sales 0912- 731-4 acepa 6c46- 2731- F9: Purchase acep Fl 0: 0åHVouctg•s F: Autofill Change Mode More Details o: L: Related Reports Optional pos...
[keys] 'Share Item{ENTER}' -> Tally 'TallyPrime:9000'
[shot] tds-334-U1-item (1024x768)
[18:47:53] [tds] screen tds-334-U1-item : EDU c Prime K: Company Y: Data Accounting Voucher Creation 03 Purchase No. 1 Su*lmoice No.: SUP-I Date PartyA/c narne: Share Supplier Currentbalance: 3,200.00 Cr Purchase ledger: Share Purchase Current balance: Name of Item Share Item Narration: Unity Quit Z: Exchange 2-Oct-26 A Accept Q Search FinCom Spike Co O: Import Quantity E: Export Rate M: Share per p: print x 20ct-26 Friday Amount Fl: Help Date b82e1 Company to ru F4: Contra F5: Payment Receipt Journal Sales 0912- 731-4 acepa 6c46- 2731- F9: Purchase acep Fl 0: 0åHVouctg•s F: Autofill Change Mode More Details o: L: Related Reports Opti...
[shot] tds-335-U1-item-sub1 (1024x768)
[18:47:54] [tds] screen tds-335-U1-item-sub1 : EDU c Prime K: Company Y: Data Accounting Voucher Creation 03 Purchase No. 1 Su*lmoice No.: SUP-I Date PartyA/c narne: Share Supplier Currentbalance: 3,200.00 Cr Purchase ledger: Share Purchase Current balance: Name of Item Share Item Narration: Unity Quit Z: Exchange 2-Oct-26 A Accept Q Search FinCom Spike Co O: Import Quantity E: Export Rate M: Share per p: print x 20ct-26 Friday Amount Fl: Help Date b82e1 Company to ru F4: Contra F5: Payment Receipt Journal Sales 0912- 731-4 acepa 6c46- 2731- F9: Purchase acep Fl 0: 0åHVouctg•s F: Autofill Change Mode More Details o: L: Related Reports Opti...
[keys] '2{ENTER}' -> Tally 'TallyPrime:9000'
[shot] tds-336-U1-qty (1024x768)
[18:47:57] [tds] screen tds-336-U1-qty : EDU c Prime K: Company Y: Data Accounting Voucher Creation 03 Purchase No. 1 Su*lmoice No.: SUP-I Date PartyA/c narne: Share Supplier Currentbalance: 3,200.00 Cr Purchase ledger: Share Purchase Current balance: Name of Item Share Item Narration: Unity Quit Z: Exchange 2-Oct-26 A Accept Q Search FinCom Spike Co O: Import Quantity 2 Nos 2 Nos E: Export Rate 50.00 M: Share per Nos p: print x 20ct-26 Friday Amount 100.00 Fl: Help Date b82e1 Company to ru F4: Contra F5: Payment Receipt Journal Sales 0912- 731-4 acepa 6c46- 2731- F9: Purchase acep Fl 0: 0åHVouctg•s F: Autofill Change Mode More Detai...
[keys] '80{ENTER}' -> Tally 'TallyPrime:9000'
[shot] tds-337-U1-rate (1024x768)
[18:48:00] [tds] screen tds-337-U1-rate : EDU c Prime K: Company Y: Data Accounting Voucher Creation 03 Purchase No. 1 Su*lmoice No.: SUP-I Date PartyA/c narne: Share Supplier Currentbalance: 3,200.00 Cr Purchase ledger: Share Purchase Current balance: Name of Item Share Item Narration: Unity Quit Z: Exchange 2-Oct-26 A Accept Q Search FinCom Spike Co O: Import Quantity 2 Nos 2 Nos E: Export Rate 80.00 M: Share per Nos p: print x 20ct-26 Friday Amount 160.00 Fl: Help Date b82e1 Company to ru F4: Contra F5: Payment Receipt Journal Sales 0912- 731-4 acepa 6c46- 2731- F9: Purchase acep Fl 0: 0åHVouctg•s F: Autofill Change Mode More Detai...
[keys] '{ENTER}' -> Tally 'TallyPrime:9000'
[shot] tds-338-U1-amount (1024x768)
[18:48:03] [tds] screen tds-338-U1-amount : EDU c Prime K: Company Y: Data Accounting Voucher Creation 03 Purchase No. 1 Su*lmoice No.: SUP-I Date PartyA/c narne: Share Supplier Currentbalance: 3,200.00 Cr Purchase ledger: Share Purchase Current balance: Name of Item Share Item Narration: Unity Quit Z: Exchange 2-Oct-26 A Accept Q Search FinCom Spike Co O: Import Quantity 2 Nos 2 Nos E: Export Rate 80.00 M: Share per Nos p: print x 20ct-26 Friday Amount 160.00 Fl: Help Date b82e1 Company to ru F4: Contra F5: Payment Receipt Journal Sales 0912- 731-4 acepa 6c46- 2731- F9: Purchase acep Fl 0: 0åHVouctg•s F: Autofill Change Mode More Detai...
[shot] tds-339-U1-item-b-sub1 (1024x768)
[18:48:04] [tds] screen tds-339-U1-item-b-sub1 : EDU c Prime K: Company Y: Data Accounting Voucher Creation 03 Purchase No. 1 Su*lmoice No.: SUP-I Date PartyA/c narne: Share Supplier Currentbalance: 3,200.00 Cr Purchase ledger: Share Purchase Current balance: Name of Item Share Item Narration: Unity Quit Z: Exchange 2-Oct-26 A Accept Q Search FinCom Spike Co O: Import Quantity 2 Nos 2 Nos E: Export Rate 80.00 M: Share per Nos p: print x 20ct-26 Friday Amount 160.00 Fl: Help Date b82e1 Company to ru F4: Contra F5: Payment Receipt Journal Sales 0912- 731-4 acepa 6c46- 2731- F9: Purchase acep Fl 0: 0åHVouctg•s F: Autofill Change Mode More Detai...
[keys] '{ENTER}' -> Tally 'TallyPrime:9000'
[shot] tds-340-U1-items-done (1024x768)
[18:48:08] [tds] screen tds-340-U1-items-done : EDU c Prime K: Company Y: Data Accounting Voucher Creation 03 Purchase No. 1 Su*lmoice No.: SUP-I Date PartyA/c narne: Share Supplier Currentbalance: 3,200.00 Cr Purchase ledger: Share Purchase Current balance: Name of Item Share Item Narration: Unity Quit Z: Exchange 2-Oct-26 A Accept Q Search FinCom Spike Co O: Import Quantity 2 Nos 2 Nos E: Export Rate 80.00 M: Share per Nos p: print x 20ct-26 Friday Amount 160.00 160.00 Fl: Help Date b82e1 Company to ru F4: Contra F5: Payment Receipt Journal Sales 0912- 731-4 acepa 6c46- 2731- F9: Purchase Fl 0: 0åHVouctg•s F: Autofill Change Mode More Det...
[keys] '^a' -> Tally 'TallyPrime:9000'
[shot] tds-341-U1-accept1 (1024x768)
[18:48:12] [tds] screen tds-341-U1-accept1 : EDU c Prime K: Company Y: Data Accounting Voucher Creation Z: Exchange A Accept Q Search FinCom Spike Co O: Import Quantity E: Export Rate M: Share per p: print x 20ct-26 Friday Amount Fl: Help Date b82e1 03 Purchase No. 2 Su*i« Imoice No. Party Alc narne: Current balance: Purchase ledger: Current balance: Name of Item Narration: Unity Quit Date Company to ru F4: Contra F5: Payment Receipt Journal Sales 0912- 731-4 acepa 6c46- 2731- F9: Purchase acep Fl 0: 0åHVouctg•s F: Autofill Change Mode More Details o: L: Related Reports Optional post -Dated .337.0 -c978 ning 2d109 ing j _id" : . 0—011' 6...
[shot] tds-342-U1-after1 (1024x768)
[18:48:13] [tds] screen tds-342-U1-after1 : EDU c Prime K: Company Y: Data Accounting Voucher Creation Z: Exchange A Accept Q Search FinCom Spike Co O: Import Quantity E: Export Rate M: Share per p: print x 20ct-26 Friday Amount Fl: Help Date b82e1 03 Purchase No. 2 Su*i« Imoice No. Party Alc narne: Current balance: Purchase ledger: Current balance: Name of Item Narration: Unity Quit Date Company to ru F4: Contra F5: Payment Receipt Journal Sales 0912- 731-4 acepa 6c46- 2731- F9: Purchase acep Fl 0: 0åHVouctg•s F: Autofill Change Mode More Details o: L: Related Reports Optional post -Dated .337.0 -c978 ning 2d109 ing j _id" : . 0—011' 6...
[keys] '^a' -> Tally 'TallyPrime:9000'
[shot] tds-343-U1-accept2 (1024x768)
[18:48:18] [tds] screen tds-343-U1-accept2 : Unity EDU c Prime K: Company Y: Data Accounting Voucher Creation Q: Quit Z: Exchange A: Accept Q Search O: Import E: Export M: Share FinCom Spike Co p: print Fl: Help x F2: Date F3: Company F4: Contra F5: Payment t F6: Receipt F7: Journal F8: Sales F9: Purchase F: Autofill H: Change Mode l: More Details Error Oops! No Entries in Voucher! p: Delete , cancel vch O: Related Reports k: Optional T: post -Dated Fl 2: Configure b82e1 to ru 0912- 731-4 acepa 6c46- 2731- acep .337.0 -c978 ning 2d109 ing j _id" : . 0—011' 6c46- Mode Windows Server 2025 Datacenter Build 26100.ge_release240331-1435 6:48 P...
[shot] tds-344-U1-after2 (1024x768)
[18:48:19] [tds] screen tds-344-U1-after2 : Unity EDU c Prime K: Company Y: Data Accounting Voucher Creation Q: Quit Z: Exchange A: Accept Q Search O: Import E: Export M: Share FinCom Spike Co p: print Fl: Help x F2: Date F3: Company F4: Contra F5: Payment t F6: Receipt F7: Journal F8: Sales F9: Purchase F: Autofill H: Change Mode l: More Details Error Oops! No Entries in Voucher! p: Delete , cancel vch O: Related Reports k: Optional T: post -Dated Fl 2: Configure b82e1 to ru 0912- 731-4 acepa 6c46- 2731- acep .337.0 -c978 ning 2d109 ing j _id" : . 0—011' 6c46- Mode Windows Server 2025 Datacenter Build 26100.ge_release240331-1435 6:48 P...
[keys] '^a' -> Tally 'TallyPrime:9000'
[shot] tds-345-U1-accept3 (1024x768)
[18:48:24] [tds] screen tds-345-U1-accept3 : EDU c Prime K: Company Y: Data Accounting Voucher Creation Z: Exchange A Accept Q Search FinCom Spike Co O: Import Quantity E: Export Rate M: Share per p: print x 20ct-26 Friday Amount Fl: Help Date b82e1 03 Purchase Su*i« Imoice No. Party Alc narne: Current balance: Purchase ledger: Current balance: No. 2 Date Cash 300.00 Dr Share Purchase 160.00 Dr Company to ru F4: Contra F5: Payment Receipt Journal Sales 0912- 731-4 acepa 6c46- Name of Item End of List End of List Narration: Unity Quit 2731- F9: Purchase acep Fl 0: 0åHVouctg•s F: Autofill Change Mode More Details o: L: Related Reports Opti...
[shot] tds-346-U1-after3 (1024x768)
[18:48:25] [tds] screen tds-346-U1-after3 : EDU c Prime K: Company Y: Data Accounting Voucher Creation Z: Exchange A Accept Q Search FinCom Spike Co O: Import Quantity E: Export Rate M: Share per p: print x 20ct-26 Friday Amount Fl: Help Date b82e1 03 Purchase Su*i« Imoice No. Party Alc narne: Current balance: Purchase ledger: Current balance: No. 2 Date Cash 300.00 Dr Share Purchase 160.00 Dr Company to ru F4: Contra F5: Payment Receipt Journal Sales 0912- 731-4 acepa 6c46- Name of Item End of List End of List Narration: Unity Quit 2731- F9: Purchase acep Fl 0: 0åHVouctg•s F: Autofill Change Mode More Details o: L: Related Reports Opti...
[keys] '^a' -> Tally 'TallyPrime:9000'
[shot] tds-347-U1-accept4 (1024x768)
[18:48:30] [tds] screen tds-347-U1-accept4 : Unity EDU c Prime K: Company Y: Data Accounting Voucher Creation Q: Quit Z: Exchange A: Accept Q Search O: Import E: Export M: Share FinCom Spike Co p: print Fl: Help x F2: Date F3: Company F4: Contra F5: Payment t F6: Receipt F7: Journal F8: Sales F9: Purchase F: Autofill H: Change Mode l: More Details Error Oops! No Entries in Voucher! p: Delete , cancel vch O: Related Reports k: Optional T: post -Dated Fl 2: Configure b82e1 to ru 0912- 731-4 acepa 6c46- 2731- acep .337.0 -c978 ning 2d109 ing j _id" : . 0—011' 6c46- Mode Windows Server 2025 Datacenter Build 26100.ge_release240331-1435 6:48 P...
[shot] tds-348-U1-after4 (1024x768)
[18:48:31] [tds] screen tds-348-U1-after4 : Unity EDU c Prime K: Company Y: Data Accounting Voucher Creation Q: Quit Z: Exchange A: Accept Q Search O: Import E: Export M: Share FinCom Spike Co p: print Fl: Help x F2: Date F3: Company F4: Contra F5: Payment t F6: Receipt F7: Journal F8: Sales F9: Purchase F: Autofill H: Change Mode l: More Details Error Oops! No Entries in Voucher! p: Delete , cancel vch O: Related Reports k: Optional T: post -Dated Fl 2: Configure b82e1 to ru 0912- 731-4 acepa 6c46- 2731- acep .337.0 -c978 ning 2d109 ing j _id" : . 0—011' 6c46- Mode Windows Server 2025 Datacenter Build 26100.ge_release240331-1435 6:48 P...
[shot] tds-349-gw0 (1024x768)
[18:48:31] [tds] screen tds-349-gw0 : Unity EDU c Prime K: Company Y: Data Accounting Voucher Creation Q: Quit Z: Exchange A: Accept Q Search O: Import E: Export M: Share FinCom Spike Co p: print Fl: Help x F2: Date F3: Company F4: Contra F5: Payment t F6: Receipt F7: Journal F8: Sales F9: Purchase F: Autofill H: Change Mode l: More Details Error Oops! No Entries in Voucher! p: Delete , cancel vch O: Related Reports k: Optional T: post -Dated Fl 2: Configure b82e1 to ru 0912- 731-4 acepa 6c46- 2731- acep .337.0 -c978 ning 2d109 ing j _id" : . 0—011' 6c46- Mode Windows Server 2025 Datacenter Build 26100.ge_release240331-1435 6:48 P...
[keys] '{ESC}' -> Tally 'TallyPrime:9000'
[shot] tds-350-gw1 (1024x768)
[18:48:35] [tds] screen tds-350-gw1 : EDU c Prime K: Company Y: Data Accounting Voucher Creation Z: Exchange A Accept Q Search FinCom Spike Co O: Import Quantity E: Export Rate M: Share per p: print x 20ct-26 Friday Amount Fl: Help Date b82e1 03 Purchase Su*i« Imoice No. Party Alc narne: Current balance: Purchase ledger: Current balance: No. 2 Date Cash 300.00 Dr Share Purchase 160.00 Dr Company to ru F4: Contra F5: Payment Receipt Journal Sales 0912- 731-4 acepa 6c46- Name of Item End of List End of List Narration: Unity Quit 2731- F9: Purchase acep Fl 0: 0åHVouctg•s F: Autofill Change Mode More Details o: L: Related Reports Opti...
[keys] '{ESC}' -> Tally 'TallyPrime:9000'
[shot] tds-351-gw2 (1024x768)
[18:48:39] [tds] screen tds-351-gw2 : EDU c Prime K: Company Y: Data Accounting Voucher Creation Z: Exchange A: Accept Q Search FinCom Spike Co 03 Purchase Su*i« Imoice No. Party Alc narne: Current balance: Purchase ledger: Current balance: No. 2 Date Cash 300.00 Dr Share Purchase 160.00 Dr O: Import Quantity E: Export Rate M: Share per Name of Item End of List End of List Narration: Unity Q: Quit p: print x 20ct-26 Friday Amount Quit o Yes or No D: Delete X: Cancel Vch Fl: Help F2: Date F3: Company F4: Contra F5: Payment F6: Receipt F7: Journal F8: Sales F9: Purchase F: Autofill H: Change Mode l: More Details O: Related Reports k...
[keys] 'y' -> Tally 'TallyPrime:9000'
[shot] tds-352-gw3 (1024x768)
[18:48:43] [tds] screen tds-352-gw3 : EDU c Prime Gatewa of Tall CURRENT PERIOD K: Company Y: Data Z: Exchange O: Import E: Export M: Share p: print Fl: Help Date b82e1 I-Apr-26 to 31-Mar-27 NAME OF COMPANY FinCom Spike Co Q CURRENT OATE Friday, 2-Oct-2026 2-Oct-26 Search Gateway of Tally MASTERS Create Alter CHart of Accounts TRANSACTIONS Vouchers Day 800K UTILITIES BaNking REPORTS Balance Sheet Profit & Loss A/c Stock Summary Ratio Analysis Display More Reports DashbOard Quit Unity Company to ru 0912- 731-4 acepa 6c46- 2731- acep .337.0 -c978 ning 2d109 ing j _id" : . 0—011' 6c46- Mode Windows Server 2025 Datacenter Build 26100....
  voucher mid=1 aid=1 Journal/1/20260401 guid=6a19ae25-8faa-41ba-b1a7-6062aa81a638-00000001 cancelled=False
  voucher mid=2 aid=2 Journal/2/20261001 guid=6a19ae25-8faa-41ba-b1a7-6062aa81a638-00000002 cancelled=False
  voucher mid=3 aid=3 Journal/3/20261001 guid=6a19ae25-8faa-41ba-b1a7-6062aa81a638-00000003 cancelled=False
  voucher mid=4 aid=4 Journal/4/20261001 guid=6a19ae25-8faa-41ba-b1a7-6062aa81a638-00000004 cancelled=False
  voucher mid=5 aid=5 Journal/5/20261001 guid=6a19ae25-8faa-41ba-b1a7-6062aa81a638-00000005 cancelled=False
  voucher mid=6 aid=6 Payroll/1/20261001 guid=6a19ae25-8faa-41ba-b1a7-6062aa81a638-00000006 cancelled=False
  voucher mid=7 aid=7 Receipt/1/20261002 guid=6a19ae25-8faa-41ba-b1a7-6062aa81a638-00000007 cancelled=False
  voucher mid=8 aid=8 Receipt/2/20261002 guid=6a19ae25-8faa-41ba-b1a7-6062aa81a638-00000008 cancelled=False
  voucher mid=9 aid=9 Payment/1/20261002 guid=6a19ae25-8faa-41ba-b1a7-6062aa81a638-00000009 cancelled=False
  voucher mid=10 aid=10 Payment/2/20261002 guid=6a19ae25-8faa-41ba-b1a7-6062aa81a638-0000000a cancelled=False
  voucher mid=11 aid=11 Contra/1/20261002 guid=6a19ae25-8faa-41ba-b1a7-6062aa81a638-0000000b cancelled=False
  voucher mid=12 aid=12 Journal/6/20261002 guid=6a19ae25-8faa-41ba-b1a7-6062aa81a638-0000000c cancelled=False
  voucher mid=13 aid=13 Journal/7/20261002 guid=6a19ae25-8faa-41ba-b1a7-6062aa81a638-0000000d cancelled=False
  voucher mid=14 aid=14 Sales/1/20261002 guid=6a19ae25-8faa-41ba-b1a7-6062aa81a638-0000000e cancelled=False
  voucher mid=15 aid=15 Sales/2/20261002 guid=6a19ae25-8faa-41ba-b1a7-6062aa81a638-0000000f cancelled=False
  voucher mid=16 aid=16 Sales/3/20261002 guid=6a19ae25-8faa-41ba-b1a7-6062aa81a638-00000010 cancelled=False
  voucher mid=17 aid=17 Purchase/1/20261002 guid=6a19ae25-8faa-41ba-b1a7-6062aa81a638-00000011 cancelled=False
  INFO share purchase-new (purchase item invoice, New Ref bill (PI-1)): Tally Purchase 1 mid 17; stored party 'Share Supplier' bills [New Ref,New Ref]; the line party 'Share Supplier' bills []; lines voucher_accept_post x1, voucher_full x1
[18:48:46] ---- share purchase-new2: purchase item invoice, a second one (Tally allocates its bill at the save)
  voucher mid=1 aid=1 Journal/1/20260401 guid=6a19ae25-8faa-41ba-b1a7-6062aa81a638-00000001 cancelled=False
  voucher mid=2 aid=2 Journal/2/20261001 guid=6a19ae25-8faa-41ba-b1a7-6062aa81a638-00000002 cancelled=False
  voucher mid=3 aid=3 Journal/3/20261001 guid=6a19ae25-8faa-41ba-b1a7-6062aa81a638-00000003 cancelled=False
  voucher mid=4 aid=4 Journal/4/20261001 guid=6a19ae25-8faa-41ba-b1a7-6062aa81a638-00000004 cancelled=False
  voucher mid=5 aid=5 Journal/5/20261001 guid=6a19ae25-8faa-41ba-b1a7-6062aa81a638-00000005 cancelled=False
  voucher mid=6 aid=6 Payroll/1/20261001 guid=6a19ae25-8faa-41ba-b1a7-6062aa81a638-00000006 cancelled=False
  voucher mid=7 aid=7 Receipt/1/20261002 guid=6a19ae25-8faa-41ba-b1a7-6062aa81a638-00000007 cancelled=False
  voucher mid=8 aid=8 Receipt/2/20261002 guid=6a19ae25-8faa-41ba-b1a7-6062aa81a638-00000008 cancelled=False
  voucher mid=9 aid=9 Payment/1/20261002 guid=6a19ae25-8faa-41ba-b1a7-6062aa81a638-00000009 cancelled=False
  voucher mid=10 aid=10 Payment/2/20261002 guid=6a19ae25-8faa-41ba-b1a7-6062aa81a638-0000000a cancelled=False
  voucher mid=11 aid=11 Contra/1/20261002 guid=6a19ae25-8faa-41ba-b1a7-6062aa81a638-0000000b cancelled=False
  voucher mid=12 aid=12 Journal/6/20261002 guid=6a19ae25-8faa-41ba-b1a7-6062aa81a638-0000000c cancelled=False
  voucher mid=13 aid=13 Journal/7/20261002 guid=6a19ae25-8faa-41ba-b1a7-6062aa81a638-0000000d cancelled=False
  voucher mid=14 aid=14 Sales/1/20261002 guid=6a19ae25-8faa-41ba-b1a7-6062aa81a638-0000000e cancelled=False
  voucher mid=15 aid=15 Sales/2/20261002 guid=6a19ae25-8faa-41ba-b1a7-6062aa81a638-0000000f cancelled=False
  voucher mid=16 aid=16 Sales/3/20261002 guid=6a19ae25-8faa-41ba-b1a7-6062aa81a638-00000010 cancelled=False
  voucher mid=17 aid=17 Purchase/1/20261002 guid=6a19ae25-8faa-41ba-b1a7-6062aa81a638-00000011 cancelled=False
[shot] tds-353-gw0 (1024x768)
[18:48:47] [tds] screen tds-353-gw0 : EDU c Prime Gatewa of Tall CURRENT PERIOD K: Company Y: Data Z: Exchange O: Import E: Export M: Share p: print Fl: Help Date b82e1 I-Apr-26 to 31-Mar-27 NAME OF COMPANY FinCom Spike Co Q CURRENT OATE Friday, 2-Oct-2026 2-Oct-26 Search Gateway of Tally MASTERS Create Alter CHart of Accounts TRANSACTIONS Vouchers Day 800K UTILITIES BaNking REPORTS Balance Sheet Profit & Loss A/c Stock Summary Ratio Analysis Display More Reports DashbOard Quit Unity Company to ru 0912- 731-4 acepa 6c46- 2731- acep .337.0 -c978 ning 2d109 ing j _id" : . 0—011' 6c46- Mode Windows Server 2025 Datacenter Build 26100....
[shot] tds-354-U2-start (1024x768)
[18:48:48] [tds] screen tds-354-U2-start : EDU c Prime Gatewa of Tall CURRENT PERIOD K: Company Y: Data Z: Exchange O: Import E: Export M: Share p: print Fl: Help Date b82e1 I-Apr-26 to 31-Mar-27 NAME OF COMPANY FinCom Spike Co Q CURRENT OATE Friday, 2-Oct-2026 2-Oct-26 Search Gateway of Tally MASTERS Create Alter CHart of Accounts TRANSACTIONS Vouchers Day 800K UTILITIES BaNking REPORTS Balance Sheet Profit & Loss A/c Stock Summary Ratio Analysis Display More Reports DashbOard Quit Unity Company to ru 0912- 731-4 acepa 6c46- 2731- acep .337.0 -c978 ning 2d109 ing j _id" : . 0—011' 6c46- Mode Windows Server 2025 Datacenter Build 26100....
[keys] 'v' -> Tally 'TallyPrime:9000'
[shot] tds-355-U2-vouchers (1024x768)
[18:48:52] [tds] screen tds-355-U2-vouchers : EDU c Prime K: Company Y: Data Accounting Voucher Creation Z: Exchange A Accept Q Search FinCom Spike Co O: Import Quantity E: Export Rate M: Share per p: print x 20ct-26 Friday Amount Fl: Help Date b82e1 03 Purchase No. 2 Su*i« Imoice No. Party Alc narne: Current balance: Purchase ledger: Current balance: Name of Item Narration: Unity Quit Date Company to ru F4: Contra F5: Payment Receipt Journal Sales 0912- 731-4 acepa 6c46- 2731- F9: Purchase acep Fl 0: 0åHVouctg•s F: Autofill Change Mode More Details o: L: Related Reports Optional post -Dated .337.0 -c978 ning 2d109 ing j _id" : . 0—011' 6...
[keys] '{F9}' -> Tally 'TallyPrime:9000'
[shot] tds-356-U2-type (1024x768)
[18:48:56] [tds] screen tds-356-U2-type : EDU c Prime K: Company Y: Data Accounting Voucher Creation Z: Exchange A Accept Q Search FinCom Spike Co O: Import Quantity E: Export Rate M: Share per p: print x 20ct-26 Friday Amount Fl: Help Date b82e1 03 Purchase No. 2 Su*i« Imoice No. Party Alc narne: Current balance: Purchase ledger: Current balance: Name of Item Narration: Unity Quit Date Company to ru F4: Contra F5: Payment Receipt Journal Sales 0912- 731-4 acepa 6c46- 2731- F9: Purchase acep Fl 0: 0åHVouctg•s F: Autofill Change Mode More Details o: L: Related Reports Optional post -Dated .337.0 -c978 ning 2d109 ing j _id" : . 0—011' 6...
[keys] '^h' -> Tally 'TallyPrime:9000'
[shot] tds-357-U2-mode (1024x768)
[18:49:03] [tds] screen tds-357-U2-mode : EDU c Prime Change Mode Unity Quit K: Company Y: Data Z: Exchange O: Import E: Export M: Share p: print Fl: Help FinCom • ke Co Change Voucher Mode Item Invoice List of Modes/Usa es Item Invoice Accounting Invoice As Voucher A Accept Q Search b82e1 to ru 0912- 731-4 acepa 6c46- 2731- acep .337.0 -c978 ning 2d109 ing j _id" : . 0—011' 6c46- Mode Windows Server 2025 Datacenter Build 26100.ge_release240331-1435 6:48 PM 10/8/2026
[keys] 'Item Invoice{ENTER}' -> Tally 'TallyPrime:9000'
[shot] tds-358-U2-item-mode (1024x768)
[18:49:07] [tds] screen tds-358-U2-item-mode : EDU c Prime K: Company Y: Data Accounting Voucher Creation Z: Exchange A Accept Q Search FinCom Spike Co O: Import Quantity E: Export Rate M: Share per p: print x 20ct-26 Friday Amount Fl: Help Date b82e1 03 Purchase No. 2 Su*i« Imoice No. Party Alc narne: Current balance: Purchase ledger: Current balance: Name of Item Narration: Unity Quit Date Company to ru F4: Contra F5: Payment Receipt Journal Sales 0912- 731-4 acepa 6c46- 2731- F9: Purchase acep Fl 0: 0åHVouctg•s F: Autofill Change Mode More Details o: L: Related Reports Optional post -Dated .337.0 -c978 ning 2d109 ing j _id" : . 0—011' 6...
[keys] '{F2}' -> Tally 'TallyPrime:9000'
[shot] tds-359-U2-date-box (1024x768)
[18:49:10] [tds] screen tds-359-U2-date-box : EDU c Prime Change Voucher Date Unity Quit K: Company Y: Data Z: Exchange A Accept Q Search O: Import E: Export M: Share p: print Fl: Help FinCom Spike Co Voucher Date 3-10-2026 b82e1 to ru 0912- 731-4 acepa 6c46- 2731- acep .337.0 -c978 ning 2d109 ing j _id" : . 0—011' 6c46- Mode Windows Server 2025 Datacenter Build 26100.ge_release240331-1435 6:49 PM 10/8/2026
[keys] '2-10-2026{ENTER}' -> Tally 'TallyPrime:9000'
[shot] tds-360-U2-date (1024x768)
[18:49:14] [tds] screen tds-360-U2-date : EDU c Prime K: Company Y: Data Accounting Voucher Creation Z: Exchange A Accept Q Search FinCom Spike Co O: Import Quantity E: Export Rate M: Share per p: print x 20ct-26 Friday Amount Fl: Help Date b82e1 03 Purchase No. 2 Su*i« Imoice No. Party Alc narne: Current balance: Purchase ledger: Current balance: Name of Item Narration: Unity Quit Date Company to ru F4: Contra F5: Payment Receipt Journal Sales 0912- 731-4 acepa 6c46- 2731- F9: Purchase acep Fl 0: 0åHVouctg•s F: Autofill Change Mode More Details o: L: Related Reports Optional post -Dated .337.0 -c978 ning 2d109 ing j _id" : . 0—011' 6...
[keys] 'SUP-2{ENTER}' -> Tally 'TallyPrime:9000'
[shot] tds-361-U2-head (1024x768)
[18:49:18] [tds] screen tds-361-U2-head : EDU c Prime K: Company Y: Data Accounting Voucher Creation Z: Exchange 2-Oct-26 A Accept Q Search FinCom Spike Co O: Import Quantity E: Export Rate M: Share per p: print x 20ct-26 Friday Amount Fl: Help Date b82e1 03 Purchase No. 2 Su*lmoice No.: SUP-2 Party Alc narne: Current balance: Purchase ledger: Current balance: Name of Item Narration: Unity Quit Date Company to ru F4: Contra F5: Payment Receipt Journal Sales 0912- 731-4 acepa 6c46- 2731- F9: Purchase acep Fl 0: 0åHVouctg•s F: Autofill Change Mode More Details o: L: Related Reports Optional post -Dated .337.0 -c978 ning 2d109 ing j _id"...
[keys] '{ENTER}' -> Tally 'TallyPrime:9000'
[shot] tds-362-U2-head (1024x768)
[18:49:21] [tds] screen tds-362-U2-head : EDU c Prime K: Company Y: Data Accounting Voucher Creation Z: Exchange 2-Oct-26 A Accept Q Search FinCom Spike Co O: Import E: Export List of Led er Accounts Cash Share Bank Share Party Share Supplier Spike Party Spike Party 2 Ul Party M: Share p: print x Create Fl: Help Date b82e1 03 Purchase No. 2 Su*lmoice No.: SUP-2 Party Alc narne. Current balance: Purchase ledger: Current balance: Name of Item Narration: Unity Quit Date Company to ru F4: Contra F5: Payment Receipt Journal Sales 0912- 731-4 acepa 6c46- 2731- F9: Purchase acep Fl 0: 0åHVouctg•s F: Autofill Change Mode More Details o: L: Re...
[keys] 'Share Supplier{ENTER}' -> Tally 'TallyPrime:9000'
[shot] tds-363-U2-party (1024x768)
[18:49:25] [tds] screen tds-363-U2-party : EDU c Prime Details K: Company Y: Data Z: Exchange Accept Q Search O: Import E: Export M: Share p: print x Fl: Help Receipt Note No(s) FinCom Spike Co Receipt Details Receipt Doc No. Dispatched through Destination Carrier Name/Agent Bill of No. Motor Vehicle No. Date: Unity Quit b82e1 to ru 0912- 731-4 acepa 6c46- 2731- acep .337.0 -c978 ning 2d109 ing j _id" : . 0—011' 6c46- Mode Windows Server 2025 Datacenter Build 26100.ge_release240331-1435 6:49 PM 10/8/2026
[shot] tds-364-U2-party-sub1 (1024x768)
[18:49:26] [tds] screen tds-364-U2-party-sub1 : EDU c Prime Details K: Company Y: Data Z: Exchange Accept Q Search O: Import E: Export M: Share p: print x Fl: Help Receipt Note No(s) FinCom Spike Co Receipt Details Receipt Doc No. Dispatched through Destination Carrier Name/Agent Bill of No. Motor Vehicle No. Date: Unity Quit b82e1 to ru 0912- 731-4 acepa 6c46- 2731- acep .337.0 -c978 ning 2d109 ing j _id" : . 0—011' 6c46- Mode Windows Server 2025 Datacenter Build 26100.ge_release240331-1435 6:49 PM 10/8/2026
[keys] '^a' -> Tally 'TallyPrime:9000'
[shot] tds-365-U2-party-sub-accept (1024x768)
[18:49:30] [tds] screen tds-365-U2-party-sub-accept : Unity EDU c Prime Details Quit K: Company Y: Data Z: Exchange FinCom Spike Co Party Details List of Led er Accounts Share Party Share Supplier Spike Party Spike Party 2 Ul Party O: Import Create New Party E: Export M: Share p: print Fl: Help Supplier (Bill from) Mailing Name Address State Country GST Registration type GSTIN/UIN Place of Supply Accept Q Search x L: Fetch Details Using b82e1 to ru 0912- 731-4 acepa 6c46- 2731- acep .337.0 -c978 ning 2d109 GSTIN/UIN ing j _id" : . 0—011' 6c46- Configure Mode Windows Server 2025 Datacenter Build 26100.ge_release240331-1435 6:49 PM 10/8/2026
[shot] tds-366-U2-party-sub2 (1024x768)
[18:49:31] [tds] screen tds-366-U2-party-sub2 : Unity EDU c Prime Details Quit K: Company Y: Data Z: Exchange FinCom Spike Co Party Details List of Led er Accounts Share Party Share Supplier Spike Party Spike Party 2 Ul Party O: Import Create New Party E: Export M: Share p: print Fl: Help Supplier (Bill from) Mailing Name Address State Country GST Registration type GSTIN/UIN Place of Supply Accept Q Search x L: Fetch Details Using b82e1 to ru 0912- 731-4 acepa 6c46- 2731- acep .337.0 -c978 ning 2d109 GSTIN/UIN ing j _id" : . 0—011' 6c46- Configure Mode Windows Server 2025 Datacenter Build 26100.ge_release240331-1435 6:49 PM 10/8/2026
[keys] '^a' -> Tally 'TallyPrime:9000'
[shot] tds-367-U2-party-sub-accept (1024x768)
[18:49:34] [tds] screen tds-367-U2-party-sub-accept : EDU c Prime K: Company Y: Data Accounting Voucher Creation 03 Purchase No. 2 Su*lmoice No.: SUP-2 Date PartyA/c narne: Share Supplier Currentbalance: 3,360.00Cr Purchase ledger: Current balance: Name of Item Narration: Unity Quit Z: Exchange 2-Oct-26 A Accept Q Search FinCom Spike Co O: Import E: Export List of Led er Accounts Share Purchase M: Share p: print Create Show More x Fl: Help Date b82e1 Company to ru F4: Contra F5: Payment Receipt Journal Sales 0912- 731-4 acepa 6c46- 2731- F9: Purchase acep Fl 0: 0åHVouctg•s F: Autofill Change Mode More Details o: L: Related Reports Optional post -...
[shot] tds-368-U2-party-sub3 (1024x768)
[18:49:35] [tds] screen tds-368-U2-party-sub3 : EDU c Prime K: Company Y: Data Accounting Voucher Creation 03 Purchase No. 2 Su*lmoice No.: SUP-2 Date PartyA/c narne: Share Supplier Currentbalance: 3,360.00Cr Purchase ledger: Current balance: Name of Item Narration: Unity Quit Z: Exchange 2-Oct-26 A Accept Q Search FinCom Spike Co O: Import E: Export List of Led er Accounts Share Purchase M: Share p: print Create Show More x Fl: Help Date b82e1 Company to ru F4: Contra F5: Payment Receipt Journal Sales 0912- 731-4 acepa 6c46- 2731- F9: Purchase acep Fl 0: 0åHVouctg•s F: Autofill Change Mode More Details o: L: Related Reports Optional post -...
[keys] 'Share Purchase{ENTER}' -> Tally 'TallyPrime:9000'
[shot] tds-369-U2-ledger (1024x768)
[18:49:39] [tds] screen tds-369-U2-ledger : EDU c Prime K: Company Y: Data Accounting Voucher Creation 03 Purchase No. 2 Su*lmoice No.: SUP-2 Date PartyA/c narne: Share Supplier Currentbalance: 3,360.00 Cr Purchase ledger: Share Purchase Current balance: 160.00 Dr Name of Item Ch Narration: Unity Quit Z: Exchange 2-Oct-26 A Accept Q Search FinCom Spike Co O: Import Quantity E: Export Rate M: Share per p: print x 20ct-26 Friday Amount Fl: Help Date b82e1 Company to ru F4: Contra F5: Payment Receipt Journal Sales 0912- 731-4 acepa 6c46- 2731- F9: Purchase acep Fl 0: 0åHVouctg•s F: Autofill Change Mode More Details o: L: Related Reports Op...
[keys] 'Share Item{ENTER}' -> Tally 'TallyPrime:9000'
[shot] tds-370-U2-item (1024x768)
[18:49:43] [tds] screen tds-370-U2-item : EDU c Prime K: Company Y: Data Accounting Voucher Creation 03 Purchase No. 2 Su*lmoice No.: SUP-2 Date PartyA/c narne: Share Supplier Currentbalance: 3,360.00 Cr Purchase ledger: Share Purchase Current balance: 160.00 Dr Name of Item Share Item Narration: Unity Quit Z: Exchange 2-Oct-26 A Accept Q Search FinCom Spike Co O: Import Quantity E: Export Rate M: Share per p: print x 20ct-26 Friday Amount Fl: Help Date b82e1 Company to ru F4: Contra F5: Payment Receipt Journal Sales 0912- 731-4 acepa 6c46- 2731- F9: Purchase acep Fl 0: 0åHVouctg•s F: Autofill Change Mode More Details o: L: Related Re...
[shot] tds-371-U2-item-sub1 (1024x768)
[18:49:44] [tds] screen tds-371-U2-item-sub1 : EDU c Prime K: Company Y: Data Accounting Voucher Creation 03 Purchase No. 2 Su*lmoice No.: SUP-2 Date PartyA/c narne: Share Supplier Currentbalance: 3,360.00 Cr Purchase ledger: Share Purchase Current balance: 160.00 Dr Name of Item Share Item Narration: Unity Quit Z: Exchange 2-Oct-26 A Accept Q Search FinCom Spike Co O: Import Quantity E: Export Rate M: Share per p: print x 20ct-26 Friday Amount Fl: Help Date b82e1 Company to ru F4: Contra F5: Payment Receipt Journal Sales 0912- 731-4 acepa 6c46- 2731- F9: Purchase acep Fl 0: 0åHVouctg•s F: Autofill Change Mode More Details o: L: Related Re...
[keys] '3{ENTER}' -> Tally 'TallyPrime:9000'
[shot] tds-372-U2-qty (1024x768)
[18:49:47] [tds] screen tds-372-U2-qty : EDU c Prime K: Company Y: Data Accounting Voucher Creation 03 Purchase No. 2 Su*lmoice No.: SUP-2 Date PartyA/c narne: Share Supplier Currentbalance: 3,360.00 Cr Purchase ledger: Share Purchase Current balance: 160.00 Dr Name of Item Share Item Narration: Unity Quit Z: Exchange 2-Oct-26 A Accept Q Search FinCom Spike Co O: Import Quantity 3 Nos 3 Nos E: Export Rate 80.00 M: Share per Nos p: print x 20ct-26 Friday Amount 240.00 Fl: Help Date b82e1 Company to ru F4: Contra F5: Payment Receipt Journal Sales 0912- 731-4 acepa 6c46- 2731- F9: Purchase acep Fl 0: 0åHVouctg•s F: Autofill Change Mode ...
[keys] '80{ENTER}' -> Tally 'TallyPrime:9000'
[shot] tds-373-U2-rate (1024x768)
[18:49:51] [tds] screen tds-373-U2-rate : EDU c Prime K: Company Y: Data Accounting Voucher Creation 03 Purchase No. 2 Su*lmoice No.: SUP-2 Date PartyA/c narne: Share Supplier Currentbalance: 3,360.00 Cr Purchase ledger: Share Purchase Current balance: 160.00 Dr Name of Item Share Item Narration: Unity Quit Z: Exchange 2-Oct-26 A Accept Q Search FinCom Spike Co O: Import Quantity 3 Nos 3 Nos E: Export Rate 80.00 M: Share per Nos p: print x 20ct-26 Friday Amount 240.00 Fl: Help Date b82e1 Company to ru F4: Contra F5: Payment Receipt Journal Sales 0912- 731-4 acepa 6c46- 2731- F9: Purchase acep Fl 0: 0åHVouctg•s F: Autofill Change Mode ...
[keys] '{ENTER}' -> Tally 'TallyPrime:9000'
[shot] tds-374-U2-amount (1024x768)
[18:49:54] [tds] screen tds-374-U2-amount : EDU c Prime K: Company Y: Data Accounting Voucher Creation 03 Purchase No. 2 Su*lmoice No.: SUP-2 Date PartyA/c narne: Share Supplier Currentbalance: 3,360.00 Cr Purchase ledger: Share Purchase Current balance: 160.00 Dr Name of Item Share Item Narration: Unity Quit Z: Exchange 2-Oct-26 A Accept Q Search FinCom Spike Co O: Import Quantity 3 Nos 3 Nos E: Export Rate 80.00 M: Share per Nos p: print x 20ct-26 Friday Amount 240.00 Fl: Help Date b82e1 Company to ru F4: Contra F5: Payment Receipt Journal Sales 0912- 731-4 acepa 6c46- 2731- F9: Purchase acep Fl 0: 0åHVouctg•s F: Autofill Change Mode ...
[shot] tds-375-U2-item-b-sub1 (1024x768)
[18:49:55] [tds] screen tds-375-U2-item-b-sub1 : EDU c Prime K: Company Y: Data Accounting Voucher Creation 03 Purchase No. 2 Su*lmoice No.: SUP-2 Date PartyA/c narne: Share Supplier Currentbalance: 3,360.00 Cr Purchase ledger: Share Purchase Current balance: 160.00 Dr Name of Item Share Item Narration: Unity Quit Z: Exchange 2-Oct-26 A Accept Q Search FinCom Spike Co O: Import Quantity 3 Nos 3 Nos E: Export Rate 80.00 M: Share per Nos p: print x 20ct-26 Friday Amount 240.00 Fl: Help Date b82e1 Company to ru F4: Contra F5: Payment Receipt Journal Sales 0912- 731-4 acepa 6c46- 2731- F9: Purchase acep Fl 0: 0åHVouctg•s F: Autofill Change Mode ...
[keys] '{ENTER}' -> Tally 'TallyPrime:9000'
[shot] tds-376-U2-items-done (1024x768)
[18:49:58] [tds] screen tds-376-U2-items-done : EDU c Prime K: Company Y: Data Accounting Voucher Creation 03 Purchase No. 2 Su*lmoice No.: SUP-2 Date PartyA/c narne: Share Supplier Currentbalance: 3,360.00 Cr Purchase ledger: Share Purchase Current balance: 160.00 Dr Name of Item Share Item Narration: Unity Quit Z: Exchange 2-Oct-26 A Accept Q Search FinCom Spike Co O: Import Quantity 3 Nos 3 Nos E: Export Rate 80.00 M: Share per Nos p: print x 20ct-26 Friday Amount 240.00 240.00 Fl: Help Date b82e1 Company to ru F4: Contra F5: Payment Receipt Journal Sales 0912- 731-4 acepa 6c46- 2731- F9: Purchase Fl 0: 0åHVouctg•s F: Autofill Change Mod...
[keys] '^a' -> Tally 'TallyPrime:9000'
[shot] tds-377-U2-accept1 (1024x768)
[18:50:02] [tds] screen tds-377-U2-accept1 : EDU c Prime K: Company Y: Data Accounting Voucher Creation Z: Exchange A Accept Q Search FinCom Spike Co O: Import Quantity E: Export Rate M: Share per p: print x 20ct-26 Friday Amount Fl: Help Date b82e1 03 Purchase Su*i« Imoice No. Party Alc narne: Current balance: Purchase ledger: Current balance: Name of Item Narration: Unity Quit Date Company to ru F4: Contra F5: Payment Receipt Journal Sales 0912- 731-4 acepa 6c46- 2731- F9: Purchase acep Fl 0: 0åHVouctg•s F: Autofill Change Mode More Details o: L: Related Reports Optional post -Dated .337.0 -c978 ning 2d109 ing j _id" : . 0—011' 6c46- D...
[shot] tds-378-U2-after1 (1024x768)
[18:50:03] [tds] screen tds-378-U2-after1 : EDU c Prime K: Company Y: Data Accounting Voucher Creation Z: Exchange A Accept Q Search FinCom Spike Co O: Import Quantity E: Export Rate M: Share per p: print x 20ct-26 Friday Amount Fl: Help Date b82e1 03 Purchase Su*i« Imoice No. Party Alc narne: Current balance: Purchase ledger: Current balance: Name of Item Narration: Unity Quit Date Company to ru F4: Contra F5: Payment Receipt Journal Sales 0912- 731-4 acepa 6c46- 2731- F9: Purchase acep Fl 0: 0åHVouctg•s F: Autofill Change Mode More Details o: L: Related Reports Optional post -Dated .337.0 -c978 ning 2d109 ing j _id" : . 0—011' 6c46- D...
[keys] '^a' -> Tally 'TallyPrime:9000'
[shot] tds-379-U2-accept2 (1024x768)
[18:50:08] [tds] screen tds-379-U2-accept2 : Unity EDU c Prime K: Company Y: Data Accounting Voucher Creation Q: Quit Z: Exchange A: Accept Q Search O: Import E: Export M: Share FinCom Spike Co p: print Fl: Help x F2: Date F3: Company F4: Contra F5: Payment t F6: Receipt F7: Journal F8: Sales F9: Purchase F: Autofill H: Change Mode l: More Details Error Oops! No Entries in Voucher! p: Delete , cancel vch O: Related Reports k: Optional T: post -Dated Fl 2: Configure b82e1 to ru 0912- 731-4 acepa 6c46- 2731- acep .337.0 -c978 ning 2d109 ing j _id" : . 0—011' 6c46- Mode Windows Server 2025 Datacenter Build 26100.ge_release240331-1435 6:50 P...
[shot] tds-380-U2-after2 (1024x768)
[18:50:09] [tds] screen tds-380-U2-after2 : Unity EDU c Prime K: Company Y: Data Accounting Voucher Creation Q: Quit Z: Exchange A: Accept Q Search O: Import E: Export M: Share FinCom Spike Co p: print Fl: Help x F2: Date F3: Company F4: Contra F5: Payment t F6: Receipt F7: Journal F8: Sales F9: Purchase F: Autofill H: Change Mode l: More Details Error Oops! No Entries in Voucher! p: Delete , cancel vch O: Related Reports k: Optional T: post -Dated Fl 2: Configure b82e1 to ru 0912- 731-4 acepa 6c46- 2731- acep .337.0 -c978 ning 2d109 ing j _id" : . 0—011' 6c46- Mode Windows Server 2025 Datacenter Build 26100.ge_release240331-1435 6:50 P...
[keys] '^a' -> Tally 'TallyPrime:9000'
[shot] tds-381-U2-accept3 (1024x768)
[18:50:14] [tds] screen tds-381-U2-accept3 : EDU c Prime K: Company Y: Data Accounting Voucher Creation Z: Exchange A Accept Q Search FinCom Spike Co O: Import Quantity E: Export Rate M: Share per p: print x 20ct-26 Friday Amount Fl: Help Date b82e1 03 Purchase Su*i« Imoice No. Party Alc narne: Current balance: Purchase ledger: Current balance: Date Cash 300.00 Dr Share Purchase 400.00 Dr Company to ru F4: Contra F5: Payment Receipt Journal Sales 0912- 731-4 acepa 6c46- Name of Item End of List End of List Narration: Unity Quit 2731- F9: Purchase acep Fl 0: 0åHVouctg•s F: Autofill Change Mode More Details o: L: Related Reports Optional p...
[shot] tds-382-U2-after3 (1024x768)
[18:50:14] [tds] screen tds-382-U2-after3 : EDU c Prime K: Company Y: Data Accounting Voucher Creation Z: Exchange A Accept Q Search FinCom Spike Co O: Import Quantity E: Export Rate M: Share per p: print x 20ct-26 Friday Amount Fl: Help Date b82e1 03 Purchase Su*i« Imoice No. Party Alc narne: Current balance: Purchase ledger: Current balance: Date Cash 300.00 Dr Share Purchase 400.00 Dr Company to ru F4: Contra F5: Payment Receipt Journal Sales 0912- 731-4 acepa 6c46- Name of Item End of List End of List Narration: Unity Quit 2731- F9: Purchase acep Fl 0: 0åHVouctg•s F: Autofill Change Mode More Details o: L: Related Reports Optional p...
[keys] '^a' -> Tally 'TallyPrime:9000'
[shot] tds-383-U2-accept4 (1024x768)
[18:50:19] [tds] screen tds-383-U2-accept4 : Unity EDU c Prime K: Company Y: Data Accounting Voucher Creation Q: Quit Z: Exchange A: Accept Q Search O: Import E: Export M: Share FinCom Spike Co p: print Fl: Help x F2: Date F3: Company F4: Contra F5: Payment t F6: Receipt F7: Journal F8: Sales F9: Purchase F: Autofill H: Change Mode l: More Details Error Oops! No Entries in Voucher! p: Delete , cancel vch O: Related Reports k: Optional T: post -Dated Fl 2: Configure b82e1 to ru 0912- 731-4 acepa 6c46- 2731- acep .337.0 -c978 ning 2d109 ing j _id" : . 0—011' 6c46- Mode Windows Server 2025 Datacenter Build 26100.ge_release240331-1435 6:50 P...
[shot] tds-384-U2-after4 (1024x768)
[18:50:20] [tds] screen tds-384-U2-after4 : Unity EDU c Prime K: Company Y: Data Accounting Voucher Creation Q: Quit Z: Exchange A: Accept Q Search O: Import E: Export M: Share FinCom Spike Co p: print Fl: Help x F2: Date F3: Company F4: Contra F5: Payment t F6: Receipt F7: Journal F8: Sales F9: Purchase F: Autofill H: Change Mode l: More Details Error Oops! No Entries in Voucher! p: Delete , cancel vch O: Related Reports k: Optional T: post -Dated Fl 2: Configure b82e1 to ru 0912- 731-4 acepa 6c46- 2731- acep .337.0 -c978 ning 2d109 ing j _id" : . 0—011' 6c46- Mode Windows Server 2025 Datacenter Build 26100.ge_release240331-1435 6:50 P...
[shot] tds-385-gw0 (1024x768)
[18:50:21] [tds] screen tds-385-gw0 : Unity EDU c Prime K: Company Y: Data Accounting Voucher Creation Q: Quit Z: Exchange A: Accept Q Search O: Import E: Export M: Share FinCom Spike Co p: print Fl: Help x F2: Date F3: Company F4: Contra F5: Payment t F6: Receipt F7: Journal F8: Sales F9: Purchase F: Autofill H: Change Mode l: More Details Error Oops! No Entries in Voucher! p: Delete , cancel vch O: Related Reports k: Optional T: post -Dated Fl 2: Configure b82e1 to ru 0912- 731-4 acepa 6c46- 2731- acep .337.0 -c978 ning 2d109 ing j _id" : . 0—011' 6c46- Mode Windows Server 2025 Datacenter Build 26100.ge_release240331-1435 6:50 P...
[keys] '{ESC}' -> Tally 'TallyPrime:9000'
[shot] tds-386-gw1 (1024x768)
[18:50:24] [tds] screen tds-386-gw1 : EDU c Prime K: Company Y: Data Accounting Voucher Creation Z: Exchange A Accept Q Search FinCom Spike Co O: Import Quantity E: Export Rate M: Share per p: print x 20ct-26 Friday Amount Fl: Help Date b82e1 03 Purchase Su*i« Imoice No. Party Alc narne: Current balance: Purchase ledger: Current balance: Date Cash 300.00 Dr Share Purchase 400.00 Dr Company to ru F4: Contra F5: Payment Receipt Journal Sales 0912- 731-4 acepa 6c46- Name of Item End of List End of List Narration: Unity Quit 2731- F9: Purchase acep Fl 0: 0åHVouctg•s F: Autofill Change Mode More Details o: L: Related Reports Optional p...
[keys] '{ESC}' -> Tally 'TallyPrime:9000'
[shot] tds-387-gw2 (1024x768)
[18:50:28] [tds] screen tds-387-gw2 : EDU c Prime K: Company Y: Data Accounting Voucher Creation Z: Exchange A: Accept Q Search FinCom Spike Co 03 Purchase Su*i« Imoice No. Party Alc narne: Current balance: Purchase ledger: Current balance: Date Cash 300.00 Dr Share Purchase 400.00 Dr O: Import Quantity E: Export Rate M: Share per Name of Item End of List End of List Narration: Unity Q: Quit p: print x 20ct-26 Friday Amount Quit o Yes or No D: Delete X: Cancel Vch Fl: Help F2: Date F3: Company F4: Contra F5: Payment F6: Receipt F7: Journal F8: Sales F9: Purchase F: Autofill H: Change Mode l: More Details O: Related Reports k: Opti...
[keys] 'y' -> Tally 'TallyPrime:9000'
[shot] tds-388-gw3 (1024x768)
[18:50:32] [tds] screen tds-388-gw3 : EDU c Prime Gatewa of Tall CURRENT PERIOD K: Company Y: Data Z: Exchange O: Import E: Export M: Share p: print Fl: Help Date b82e1 I-Apr-26 to 31-Mar-27 NAME OF COMPANY FinCom Spike Co Q CURRENT OATE Friday, 2-Oct-2026 2-Oct-26 Search Gateway of Tally MASTERS Create Alter CHart of Accounts TRANSACTIONS Vouchers Day 800K UTILITIES BaNking REPORTS Balance Sheet Profit & Loss A/c Stock Summary Ratio Analysis Display More Reports DashbOard Quit Unity Company to ru 0912- 731-4 acepa 6c46- 2731- acep .337.0 -c978 ning 2d109 ing j _id" : . 0—011' 6c46- Mode Windows Server 2025 Datacenter Build 26100....
  voucher mid=1 aid=1 Journal/1/20260401 guid=6a19ae25-8faa-41ba-b1a7-6062aa81a638-00000001 cancelled=False
  voucher mid=2 aid=2 Journal/2/20261001 guid=6a19ae25-8faa-41ba-b1a7-6062aa81a638-00000002 cancelled=False
  voucher mid=3 aid=3 Journal/3/20261001 guid=6a19ae25-8faa-41ba-b1a7-6062aa81a638-00000003 cancelled=False
  voucher mid=4 aid=4 Journal/4/20261001 guid=6a19ae25-8faa-41ba-b1a7-6062aa81a638-00000004 cancelled=False
  voucher mid=5 aid=5 Journal/5/20261001 guid=6a19ae25-8faa-41ba-b1a7-6062aa81a638-00000005 cancelled=False
  voucher mid=6 aid=6 Payroll/1/20261001 guid=6a19ae25-8faa-41ba-b1a7-6062aa81a638-00000006 cancelled=False
  voucher mid=7 aid=7 Receipt/1/20261002 guid=6a19ae25-8faa-41ba-b1a7-6062aa81a638-00000007 cancelled=False
  voucher mid=8 aid=8 Receipt/2/20261002 guid=6a19ae25-8faa-41ba-b1a7-6062aa81a638-00000008 cancelled=False
  voucher mid=9 aid=9 Payment/1/20261002 guid=6a19ae25-8faa-41ba-b1a7-6062aa81a638-00000009 cancelled=False
  voucher mid=10 aid=10 Payment/2/20261002 guid=6a19ae25-8faa-41ba-b1a7-6062aa81a638-0000000a cancelled=False
  voucher mid=11 aid=11 Contra/1/20261002 guid=6a19ae25-8faa-41ba-b1a7-6062aa81a638-0000000b cancelled=False
  voucher mid=12 aid=12 Journal/6/20261002 guid=6a19ae25-8faa-41ba-b1a7-6062aa81a638-0000000c cancelled=False
  voucher mid=13 aid=13 Journal/7/20261002 guid=6a19ae25-8faa-41ba-b1a7-6062aa81a638-0000000d cancelled=False
  voucher mid=14 aid=14 Sales/1/20261002 guid=6a19ae25-8faa-41ba-b1a7-6062aa81a638-0000000e cancelled=False
  voucher mid=15 aid=15 Sales/2/20261002 guid=6a19ae25-8faa-41ba-b1a7-6062aa81a638-0000000f cancelled=False
  voucher mid=16 aid=16 Sales/3/20261002 guid=6a19ae25-8faa-41ba-b1a7-6062aa81a638-00000010 cancelled=False
  voucher mid=17 aid=17 Purchase/1/20261002 guid=6a19ae25-8faa-41ba-b1a7-6062aa81a638-00000011 cancelled=False
  voucher mid=18 aid=18 Purchase/2/20261002 guid=6a19ae25-8faa-41ba-b1a7-6062aa81a638-00000012 cancelled=False
  INFO share purchase-new2 (purchase item invoice, a second one (Tally allocates its bill at the save)): Tally Purchase 2 mid 18; stored party 'Share Supplier' bills [New Ref,New Ref]; the line party 'Share Supplier' bills []; lines voucher_accept_post x1, voucher_full x1
[18:50:35] ---- share sales-agst: sales in As Voucher mode, the party Dr with an Agst Ref bill (the advance ADVS-1)
  voucher mid=1 aid=1 Journal/1/20260401 guid=6a19ae25-8faa-41ba-b1a7-6062aa81a638-00000001 cancelled=False
  voucher mid=2 aid=2 Journal/2/20261001 guid=6a19ae25-8faa-41ba-b1a7-6062aa81a638-00000002 cancelled=False
  voucher mid=3 aid=3 Journal/3/20261001 guid=6a19ae25-8faa-41ba-b1a7-6062aa81a638-00000003 cancelled=False
  voucher mid=4 aid=4 Journal/4/20261001 guid=6a19ae25-8faa-41ba-b1a7-6062aa81a638-00000004 cancelled=False
  voucher mid=5 aid=5 Journal/5/20261001 guid=6a19ae25-8faa-41ba-b1a7-6062aa81a638-00000005 cancelled=False
  voucher mid=6 aid=6 Payroll/1/20261001 guid=6a19ae25-8faa-41ba-b1a7-6062aa81a638-00000006 cancelled=False
  voucher mid=7 aid=7 Receipt/1/20261002 guid=6a19ae25-8faa-41ba-b1a7-6062aa81a638-00000007 cancelled=False
  voucher mid=8 aid=8 Receipt/2/20261002 guid=6a19ae25-8faa-41ba-b1a7-6062aa81a638-00000008 cancelled=False
  voucher mid=9 aid=9 Payment/1/20261002 guid=6a19ae25-8faa-41ba-b1a7-6062aa81a638-00000009 cancelled=False
  voucher mid=10 aid=10 Payment/2/20261002 guid=6a19ae25-8faa-41ba-b1a7-6062aa81a638-0000000a cancelled=False
  voucher mid=11 aid=11 Contra/1/20261002 guid=6a19ae25-8faa-41ba-b1a7-6062aa81a638-0000000b cancelled=False
  voucher mid=12 aid=12 Journal/6/20261002 guid=6a19ae25-8faa-41ba-b1a7-6062aa81a638-0000000c cancelled=False
  voucher mid=13 aid=13 Journal/7/20261002 guid=6a19ae25-8faa-41ba-b1a7-6062aa81a638-0000000d cancelled=False
  voucher mid=14 aid=14 Sales/1/20261002 guid=6a19ae25-8faa-41ba-b1a7-6062aa81a638-0000000e cancelled=False
  voucher mid=15 aid=15 Sales/2/20261002 guid=6a19ae25-8faa-41ba-b1a7-6062aa81a638-0000000f cancelled=False
  voucher mid=16 aid=16 Sales/3/20261002 guid=6a19ae25-8faa-41ba-b1a7-6062aa81a638-00000010 cancelled=False
  voucher mid=17 aid=17 Purchase/1/20261002 guid=6a19ae25-8faa-41ba-b1a7-6062aa81a638-00000011 cancelled=False
  voucher mid=18 aid=18 Purchase/2/20261002 guid=6a19ae25-8faa-41ba-b1a7-6062aa81a638-00000012 cancelled=False
[shot] tds-389-gw0 (1024x768)
[18:50:36] [tds] screen tds-389-gw0 : EDU c Prime Gatewa of Tall CURRENT PERIOD K: Company Y: Data Z: Exchange O: Import E: Export M: Share p: print Fl: Help Date b82e1 I-Apr-26 to 31-Mar-27 NAME OF COMPANY FinCom Spike Co Q CURRENT OATE Friday, 2-Oct-2026 2-Oct-26 Search Gateway of Tally MASTERS Create Alter CHart of Accounts TRANSACTIONS Vouchers Day 800K UTILITIES BaNking REPORTS Balance Sheet Profit & Loss A/c Stock Summary Ratio Analysis Display More Reports DashbOard Quit Unity Company to ru 0912- 731-4 acepa 6c46- 2731- acep .337.0 -c978 ning 2d109 ing j _id" : . 0—011' 6c46- Mode Windows Server 2025 Datacenter Build 26100....
[shot] tds-390-S3-start (1024x768)
[18:50:37] [tds] screen tds-390-S3-start : EDU c Prime Gatewa of Tall CURRENT PERIOD K: Company Y: Data Z: Exchange O: Import E: Export M: Share p: print Fl: Help Date b82e1 I-Apr-26 to 31-Mar-27 NAME OF COMPANY FinCom Spike Co Q CURRENT OATE Friday, 2-Oct-2026 2-Oct-26 Search Gateway of Tally MASTERS Create Alter CHart of Accounts TRANSACTIONS Vouchers Day 800K UTILITIES BaNking REPORTS Balance Sheet Profit & Loss A/c Stock Summary Ratio Analysis Display More Reports DashbOard Quit Unity Company to ru 0912- 731-4 acepa 6c46- 2731- acep .337.0 -c978 ning 2d109 ing j _id" : . 0—011' 6c46- Mode Windows Server 2025 Datacenter Build 26100....
[keys] 'v' -> Tally 'TallyPrime:9000'
[shot] tds-391-S3-vouchers (1024x768)
[18:50:41] [tds] screen tds-391-S3-vouchers : EDU c Prime K: Company Y: Data Accounting Voucher Creation Z: Exchange A Accept Q Search FinCom Spike Co O: Import Quantity E: Export Rate M: Share per p: print x 20ct-26 Friday Amount Fl: Help Date b82e1 03 Purchase Su*i« Imoice No. Party Alc narne: Current balance: Purchase ledger: Current balance: Name of Item Narration: Unity Quit Date Company to ru F4: Contra F5: Payment Receipt Journal Sales 0912- 731-4 acepa 6c46- 2731- F9: Purchase acep Fl 0: 0åHVouctg•s F: Autofill Change Mode More Details o: L: Related Reports Optional post -Dated .337.0 -c978 ning 2d109 ing j _id" : . 0—011' 6c46- D...
[keys] '{F8}' -> Tally 'TallyPrime:9000'
[shot] tds-392-S3-type (1024x768)
[18:50:45] [tds] screen tds-392-S3-type : EDU c Prime K: Company Y: Data Accounting Voucher Creation 03 Sales No. 4 Party Alc narne. Current balance: Sales ledger: Current balance: Name of Item Narration: Unity Quit Z: Exchange A Accept Q Search FinCom • ke Co O: Import E: Export List of Led er Accounts Cash Share Bank Share Party Share Supplier Spike Party Spike Party 2 Ul Party M: Share p: print x Create Fl: Help Date b82e1 Company to ru F4: Contra F5: Payment Receipt Journal F8: Sales 0912- 731-4 acepa 6c46- 2731- Purchase acep Fl 0: 0åHVouctg•s F: Autofill Change Mode More Details o: L: Related Reports Optional post -Dated .337.0 ...
[keys] '^h' -> Tally 'TallyPrime:9000'
[shot] tds-393-S3-type (1024x768)
[18:50:49] [tds] screen tds-393-S3-type : EDU c Prime Change Mode Unity Quit K: Company Y: Data Z: Exchange O: Import E: Export M: Share p: print Fl: Help FinCom • ke Co Change Voucher Mode Item Invoice List of Modes/Usa es Item Invoice Accounting Invoice As Voucher A Accept Q Search b82e1 to ru 0912- 731-4 acepa 6c46- 2731- acep .337.0 -c978 ning 2d109 ing j _id" : . 0—011' 6c46- Mode Windows Server 2025 Datacenter Build 26100.ge_release240331-1435 6:50 PM 10/8/2026
[keys] 'As Voucher{ENTER}' -> Tally 'TallyPrime:9000'
[shot] tds-394-S3-type (1024x768)
[18:50:53] [tds] screen tds-394-S3-type : EDU c Prime K: Company Y: Data Accounting Voucher Creation 03 Sales No. 4 Particulars Narration: Unity Quit Z: Exchange A Accept Q Search FinCom • ke Co O: Import E: Export List of Led er Accounts Cash Share Bank Share Party Share Supplier Spike Party Spike Party 2 Ul Party M: Share p: print x Create Fl: Help Date b82e1 Company to ru F4: Contra F5: Payment Receipt Journal F8: Sales 0912- 731-4 acepa 6c46- 2731- Purchase acep Fl 0: 0åHVouctg•s F: Autofill Change Mode More Details o: L: Related Reports Optional post -Dated .337.0 -c978 ning 2d109 ing j _id" : . 0—011' 6c46- D: Delete Cancel Vch ...
[keys] '{F2}' -> Tally 'TallyPrime:9000'
[shot] tds-395-S3-date-box (1024x768)
[18:50:56] [tds] screen tds-395-S3-date-box : EDU c Prime Change Voucher Date Unity Quit K: Company Y: Data Z: Exchange A Accept Q Search O: Import E: Export M: Share p: print Fl: Help FinCom Spike Co Voucher Date 3-10-2026 b82e1 to ru 0912- 731-4 acepa 6c46- 2731- acep .337.0 -c978 ning 2d109 ing j _id" : . 0—011' 6c46- Mode Windows Server 2025 Datacenter Build 26100.ge_release240331-1435 6:50 PM 10/8/2026
[keys] '2-10-2026{ENTER}' -> Tally 'TallyPrime:9000'
[shot] tds-396-S3-date (1024x768)
[18:51:00] [tds] screen tds-396-S3-date : EDU c Prime K: Company Y: Data Accounting Voucher Creation 03 Sales No. 4 Particulars Narration: Unity Quit Z: Exchange A Accept Q Search FinCom • ke Co O: Import E: Export List of Led er Accounts Cash Share Bank Share Party Share Supplier Spike Party Spike Party 2 Ul Party M: Share p: print x Create Fl: Help Date b82e1 Company to ru F4: Contra F5: Payment Receipt Journal F8: Sales 0912- 731-4 acepa 6c46- 2731- Purchase acep Fl 0: 0åHVouctg•s F: Autofill Change Mode More Details o: L: Related Reports Optional post -Dated .337.0 -c978 ning 2d109 ing j _id" : . 0—011' 6c46- D: Delete Cancel Vch ...
[keys] 'Share Party{ENTER}' -> Tally 'TallyPrime:9000'
[shot] tds-397-S3-row1 (1024x768)
[18:51:04] [tds] screen tds-397-S3-row1 : EDU c Prime Details K: Company Y: Data Z: Exchange A Accept Q Search O: Import E: Export M: Share p: print Fl: Help FinCom Spike Co Dispatch Details Dispatch Doc No. Dispatched through Destination Carrier Name/Agent Bill of No. Motor Vehicle No. Delivery Note No(s) Unity Quit Date: b82e1 to ru 0912- 731-4 acepa 6c46- 2731- acep .337.0 -c978 ning 2d109 ing j _id" : . 0—011' 6c46- Mode Windows Server 2025 Datacenter Build 26100.ge_release240331-1435 6:51 PM 10/8/2026
[shot] tds-398-S3-row1-a-sub1 (1024x768)
[18:51:05] [tds] screen tds-398-S3-row1-a-sub1 : EDU c Prime Details K: Company Y: Data Z: Exchange A Accept Q Search O: Import E: Export M: Share p: print Fl: Help FinCom Spike Co Dispatch Details Dispatch Doc No. Dispatched through Destination Carrier Name/Agent Bill of No. Motor Vehicle No. Delivery Note No(s) Unity Quit Date: b82e1 to ru 0912- 731-4 acepa 6c46- 2731- acep .337.0 -c978 ning 2d109 ing j _id" : . 0—011' 6c46- Mode Windows Server 2025 Datacenter Build 26100.ge_release240331-1435 6:51 PM 10/8/2026
[keys] '^a' -> Tally 'TallyPrime:9000'
[shot] tds-399-S3-row1-a-sub-accept (1024x768)
[18:51:09] [tds] screen tds-399-S3-row1-a-sub-accept : Unity EDU c Prime Details Quit K: Company Y: Data Z: Exchange FinCom Spike Co Party Details Share Pa List of Led er Accounts Share Party Share Supplier Spike Party Spike Party 2 Ul Party O: Import Create New Party E: Export M: Share p: print x Fl: Help Buyer (Bill to) Mailing Name Address State Country GST Registration type GSTIN/UIN Place of Supply Accept Q Search L: Fetch Details Using b82e1 to ru 0912- 731-4 acepa 6c46- 2731- acep .337.0 -c978 ning 2d109 GSTIN/UIN ing j _id" : . 0—011' 6c46- Configure Mode Windows Server 2025 Datacenter Build 26100.ge_release240331-1435 6:51 PM 10/8/2026
[shot] tds-400-S3-row1-a-sub2 (1024x768)
[18:51:09] [tds] screen tds-400-S3-row1-a-sub2 : Unity EDU c Prime Details Quit K: Company Y: Data Z: Exchange FinCom Spike Co Party Details Share Pa List of Led er Accounts Share Party Share Supplier Spike Party Spike Party 2 Ul Party O: Import Create New Party E: Export M: Share p: print x Fl: Help Buyer (Bill to) Mailing Name Address State Country GST Registration type GSTIN/UIN Place of Supply Accept Q Search L: Fetch Details Using b82e1 to ru 0912- 731-4 acepa 6c46- 2731- acep .337.0 -c978 ning 2d109 GSTIN/UIN ing j _id" : . 0—011' 6c46- Configure Mode Windows Server 2025 Datacenter Build 26100.ge_release240331-1435 6:51 PM 10/8/2026
[keys] '^a' -> Tally 'TallyPrime:9000'
[shot] tds-401-S3-row1-a-sub-accept (1024x768)
[18:51:13] [tds] screen tds-401-S3-row1-a-sub-accept : EDU c Prime K: Company Y: Data Accounting Voucher Creation 03 Sales No. 4 Particulars • By Share Party CurBal: 4,200.00 Dr Narration: Unity Quit Z: Exchange A Accept Q Search O: Import E: Export FinCom • ke Co M: Share Debit p: print 2-Oct-26 Friday Credit Fl: Help Date b82e1 Company to ru F4: Contra F5: Payment Receipt Journal F8: Sales 0912- 731-4 acepa 6c46- 2731- Purchase acep Fl 0: 0åHVouctg•s F: Autofill Change Mode More Details o: L: Related Reports Optional post -Dated .337.0 -c978 ning 2d109 ing j _id" : . 0—011' 6c46- D: Delete x: Cancel Vch F12: Configure Mode Windows Server 2025 Da...
[shot] tds-402-S3-row1-a-sub3 (1024x768)
[18:51:14] [tds] screen tds-402-S3-row1-a-sub3 : EDU c Prime K: Company Y: Data Accounting Voucher Creation 03 Sales No. 4 Particulars • By Share Party CurBal: 4,200.00 Dr Narration: Unity Quit Z: Exchange A Accept Q Search O: Import E: Export FinCom • ke Co M: Share Debit p: print 2-Oct-26 Friday Credit Fl: Help Date b82e1 Company to ru F4: Contra F5: Payment Receipt Journal F8: Sales 0912- 731-4 acepa 6c46- 2731- Purchase acep Fl 0: 0åHVouctg•s F: Autofill Change Mode More Details o: L: Related Reports Optional post -Dated .337.0 -c978 ning 2d109 ing j _id" : . 0—011' 6c46- D: Delete x: Cancel Vch F12: Configure Mode Windows Server 2025 Da...
[keys] '300{ENTER}' -> Tally 'TallyPrime:9000'
[shot] tds-403-S3-row1-amt (1024x768)
[18:51:18] [tds] screen tds-403-S3-row1-amt : Unity EDU c Prime Bill-wise Details Quit K: Company Y: Data Z: Exchange FinCom Spike Co Bill-wise Details for : Share Party Up to: 300.00 Dr O: Import E: Export Amount 300.00 Dr 300.00 Dr M: Share p: print x Fl: Help Type of Ref Jew Ref Name Method of Ad Advance Agst Ref New Ref On Account Accept Q Search Due Date, or Credit Days 20ct-26) b82e1 to ru 0912- 731-4 acepa 6c46- 2731- acep .337.0 -c978 ning 2d109 ing j _id" : . 0—011' 6c46- Mode Windows Server 2025 Datacenter Build 26100.ge_release240331-1435 6:51 PM 10/8/2026
[shot] tds-404-S3-row1-bills1 (1024x768)
[18:51:19] [tds] screen tds-404-S3-row1-bills1 : Unity EDU c Prime Bill-wise Details Quit K: Company Y: Data Z: Exchange FinCom Spike Co Bill-wise Details for : Share Party Up to: 300.00 Dr O: Import E: Export Amount 300.00 Dr 300.00 Dr M: Share p: print x Fl: Help Type of Ref Jew Ref Name Method of Ad Advance Agst Ref New Ref On Account Accept Q Search Due Date, or Credit Days 20ct-26) b82e1 to ru 0912- 731-4 acepa 6c46- 2731- acep .337.0 -c978 ning 2d109 ing j _id" : . 0—011' 6c46- Mode Windows Server 2025 Datacenter Build 26100.ge_release240331-1435 6:51 PM 10/8/2026
[keys] 'Agst Ref{ENTER}' -> Tally 'TallyPrime:9000'
[shot] tds-405-S3-row1-reftype (1024x768)
[18:51:22] [tds] screen tds-405-S3-row1-reftype : Unity EDU c Prime Bill-wise Details Quit K: Company Y: Data Z: Exchange FinCom Spike Co Bill-wise Details for : Share Party Up to: 300.00 Dr O: Import Amount E: Export M: Share p: print x Fl: Help pendin Name 1 3 4 ADVS-I Sd-I Type of Ref Agst Ref Bills Bill Date 2-Oct-26 2-Oct-26 I-Oct-26 I-Oct-26 Accept Name Due Date 2-Oct-26 2-Oct-26 I-Oct-26 I-Oct-26 Due Date, or Credit Days (wef 20ct-26) Balance 400.00 Dr 300.00 Dr 1,000.00 cr 4,500.00 Dr 300.00 Dr Final Balance 400.00 Dr 300.00 Dr 1,000.00 cr 4,500.00 Dr 300.00 Dr b82e1 to ru 0912- 731-4 acepa 6c46- 2731- acep .337.0 -c978 ning 2d109 ing...
[keys] 'ADVS-1{ENTER}' -> Tally 'TallyPrime:9000'
[shot] tds-406-S3-row1-refname (1024x768)
[18:51:26] [tds] screen tds-406-S3-row1-refname : Unity EDU c Prime Bill-wise Details Quit K: Company Y: Data Z: Exchange O: Import E: Export M: Share p: print x Fl: Help FinCom Spike Co Bill-wise Details for : Share Party Up to: 300.00 Dr Type of Ref Agst Ref Name ADVS-I Accept Q Search Due Date, or Credit Days (wef 20ct-26) Amount Goo.oo Dr 300.00 Dr b82e1 to ru 0912- 731-4 acepa 6c46- 2731- acep .337.0 -c978 ning 2d109 ing j _id" : . 0—011' 6c46- Mode Windows Server 2025 Datacenter Build 26100.ge_release240331-1435 6:51 PM 10/8/2026
[keys] '{ENTER}' -> Tally 'TallyPrime:9000'
[shot] tds-407-S3-row1-refamount (1024x768)
[18:51:30] [tds] screen tds-407-S3-row1-refamount : Unity EDU c Prime Bill-wise Details Quit K: Company Y: Data Z: Exchange O: Import E: Export M: Share p: print x Fl: Help FinCom Spike Co Bill-wise Details for : Share Party Up to: 300.00 Dr Type of Ref Agst Ref Name ADVS-I Accept Q Search Due Date, or Credit Days (wef 20ct-26) Amount 300.00 300.00 Dr b82e1 to ru 0912- 731-4 acepa 6c46- 2731- acep .337.0 -c978 ning 2d109 ing j _id" : . 0—011' 6c46- Mode Windows Server 2025 Datacenter Build 26100.ge_release240331-1435 6:51 PM 10/8/2026
[shot] tds-408-S3-row1-bills2 (1024x768)
[18:51:31] [tds] screen tds-408-S3-row1-bills2 : Unity EDU c Prime Bill-wise Details Quit K: Company Y: Data Z: Exchange O: Import E: Export M: Share p: print x Fl: Help FinCom Spike Co Bill-wise Details for : Share Party Up to: 300.00 Dr Type of Ref Agst Ref Name ADVS-I Accept Q Search Due Date, or Credit Days (wef 20ct-26) Amount 300.00 Dr 300.00 Dr b82e1 to ru 0912- 731-4 acepa 6c46- 2731- acep .337.0 -c978 ning 2d109 ing j _id" : . 0—011' 6c46- Mode Windows Server 2025 Datacenter Build 26100.ge_release240331-1435 6:51 PM 10/8/2026
[keys] '^a' -> Tally 'TallyPrime:9000'
[shot] tds-409-S3-row1-bills-accept (1024x768)
[18:51:34] [tds] screen tds-409-S3-row1-bills-accept : EDU c Prime K: Company Y: Data Accounting Voucher Creation Z: Exchange 300.00 Dr A Accept Q Search FinCom • ke Co O: Import E: Export List of Led er Accounts Share Sales M: Share p: print Create Show More x Fl: Help Date b82e1 03 • By TO Sales No. 4 Particulars Share Party CurBal: 4,500.00 Dr Agst Ref ADVS-I Share Sales CurBa1: 1,000.00 Cr Company to ru F4: Contra F5: Payment Receipt Journal F8: Sales 0912- 731-4 acepa 6c46- 2731- Purchase acep Fl 0: 0åHVouctg•s F: Autofill Change Mode More Details o: L: Related Reports Optional post -Dated .337.0 -c978 ning 2d109 ing j _id" : . 0—011' 6c46- N...
[shot] tds-410-S3-row1-bills3 (1024x768)
[18:51:35] [tds] screen tds-410-S3-row1-bills3 : EDU c Prime K: Company Y: Data Accounting Voucher Creation Z: Exchange 300.00 Dr A Accept Q Search FinCom • ke Co O: Import E: Export List of Led er Accounts Share Sales M: Share p: print Create Show More x Fl: Help Date b82e1 03 • By TO Sales No. 4 Particulars Share Party CurBal: 4,500.00 Dr Agst Ref ADVS-I Share Sales CurBa1: 1,000.00 Cr Company to ru F4: Contra F5: Payment Receipt Journal F8: Sales 0912- 731-4 acepa 6c46- 2731- Purchase acep Fl 0: 0åHVouctg•s F: Autofill Change Mode More Details o: L: Related Reports Optional post -Dated .337.0 -c978 ning 2d109 ing j _id" : . 0—011' 6c46- N...
[shot] tds-411-S3-row1-b-sub1 (1024x768)
[18:51:36] [tds] screen tds-411-S3-row1-b-sub1 : EDU c Prime K: Company Y: Data Accounting Voucher Creation Z: Exchange 300.00 Dr A Accept Q Search FinCom • ke Co O: Import E: Export List of Led er Accounts Share Sales M: Share p: print Create Show More x Fl: Help Date b82e1 03 • By To Sales No. 4 Particulars Share Party CurBal: 4,500.00 Dr Agst Ref ADVS-I Share Sales CurBa1: 1,000.00 Cr Company to ru F4: Contra F5: Payment Receipt Journal F8: Sales 0912- 731-4 acepa 6c46- 2731- Purchase acep Fl 0: 0åHVouctg•s F: Autofill Change Mode More Details o: L: Related Reports Optional post -Dated .337.0 -c978 ning 2d109 ing j _id" : . 0—011' 6c46- N...
[shot] tds-412-S3-row2-before (1024x768)
[18:51:37] [tds] screen tds-412-S3-row2-before : EDU c Prime K: Company Y: Data Accounting Voucher Creation Z: Exchange 300.00 Dr A Accept Q Search FinCom • ke Co O: Import E: Export List of Led er Accounts Share Sales M: Share p: print Create Show More x Fl: Help Date b82e1 03 • By To Sales No. 4 Particulars Share Party CurBal: 4,500.00 Dr Agst Ref ADVS-I Share Sales CurBa1: 1,000.00 Cr Company to ru F4: Contra F5: Payment Receipt Journal F8: Sales 0912- 731-4 acepa 6c46- 2731- Purchase acep Fl 0: 0åHVouctg•s F: Autofill Change Mode More Details o: L: Related Reports Optional post -Dated .337.0 -c978 ning 2d109 ing j _id" : . 0—011' 6c46- N...
[keys] 'Share Sales{ENTER}' -> Tally 'TallyPrime:9000'
[shot] tds-413-S3-row2 (1024x768)
[18:51:41] [tds] screen tds-413-S3-row2 : EDU c Prime Inventory Allocations Unity Quit K: Company Y: Data Z: Exchange FinCom Spike Co Inventory Allocations for : Share Sales O: Import Amount E: Export M: Share p: print Fl: Help Name of Item A Accept Q Search Quantity Rate per b82e1 to ru 0912- 731-4 acepa 6c46- 2731- acep .337.0 -c978 ning 2d109 ing j _id" : . 0—011' 6c46- Mode Windows Server 2025 Datacenter Build 26100.ge_release240331-1435 6:51 PM 10/8/2026
[shot] tds-414-S3-row2-a-sub1 (1024x768)
[18:51:42] [tds] screen tds-414-S3-row2-a-sub1 : EDU c Prime Inventory Allocations Unity Quit K: Company Y: Data Z: Exchange FinCom Spike Co Inventory Allocations for : Share Sales O: Import Amount E: Export M: Share p: print Fl: Help Name of Item A Accept Q Search Quantity Rate per b82e1 to ru 0912- 731-4 acepa 6c46- 2731- acep .337.0 -c978 ning 2d109 ing j _id" : . 0—011' 6c46- Mode Windows Server 2025 Datacenter Build 26100.ge_release240331-1435 6:51 PM 10/8/2026
[keys] '{ENTER}' -> Tally 'TallyPrime:9000'
[shot] tds-415-S3-row2-amt (1024x768)
[18:51:46] [tds] screen tds-415-S3-row2-amt : EDU c Prime K: Company Y: Data Accounting Voucher Creation Z: Exchange 300.00 Dr A Accept Q Search O: Import E: Export M: Share FinCom • ke Co p: print 2-Oct-26 Friday Credit 200.00 300.00 Fl: Help Date b82e1 03 • By To Sales No. 4 Particulars Share Party CurBal: 4,500.00 Dr Agst Ref ADVS-I Share Sales CurBa1: 1,000.00 Cr Company to ru Debit 300.00 300.00 F4: Contra F5: Payment Receipt Journal F8: Sales 0912- 731-4 acepa 6c46- 2731- Purchase acep Fl 0: 0åHVouctg•s F: Autofill Change Mode More Details o: Related Reports Optional post -Dated .337.0 -c978 ning 2d109 ing j _id" : . 0—011' 6c46- Na...
[shot] tds-416-S3-row2-bills1 (1024x768)
[18:51:47] [tds] screen tds-416-S3-row2-bills1 : EDU c Prime K: Company Y: Data Accounting Voucher Creation Z: Exchange 300.00 Dr A Accept Q Search O: Import E: Export M: Share FinCom • ke Co p: print 2-Oct-26 Friday Credit 200.00 300.00 Fl: Help Date b82e1 03 • By To Sales No. 4 Particulars Share Party CurBal: 4,500.00 Dr Agst Ref ADVS-I Share Sales CurBa1: 1,000.00 Cr Company to ru Debit 300.00 300.00 F4: Contra F5: Payment Receipt Journal F8: Sales 0912- 731-4 acepa 6c46- 2731- Purchase acep Fl 0: 0åHVouctg•s F: Autofill Change Mode More Details o: Related Reports Optional post -Dated .337.0 -c978 ning 2d109 ing j _id" : . 0—011' 6c46- Na...
[shot] tds-417-S3-row2-b-sub1 (1024x768)
[18:51:48] [tds] screen tds-417-S3-row2-b-sub1 : EDU c Prime K: Company Y: Data Accounting Voucher Creation Z: Exchange 300.00 Dr A Accept Q Search O: Import E: Export M: Share FinCom • ke Co p: print 2-Oct-26 Friday Credit 200.00 300.00 Fl: Help Date b82e1 03 • By To Sales No. 4 Particulars Share Party CurBal: 4,500.00 Dr Agst Ref ADVS-I Share Sales CurBa1: 1,000.00 Cr Company to ru Debit 300.00 300.00 F4: Contra F5: Payment Receipt Journal F8: Sales 0912- 731-4 acepa 6c46- 2731- Purchase acep Fl 0: 0åHVouctg•s F: Autofill Change Mode More Details o: Related Reports Optional post -Dated .337.0 -c978 ning 2d109 ing j _id" : . 0—011' 6c46- Na...
[shot] tds-418-S3-last-row (1024x768)
[18:51:49] [tds] screen tds-418-S3-last-row : EDU c Prime K: Company Y: Data Accounting Voucher Creation Z: Exchange 300.00 Dr A Accept Q Search O: Import E: Export M: Share FinCom • ke Co p: print 2-Oct-26 Friday Credit 300.00 300.00 Fl: Help Date b82e1 03 • By To Sales No. 4 Particulars Share Party CurBal: 4,500.00 Dr Agst Ref ADVS-I Share Sales CurBa1: 1,000.00 Cr Company to ru Debit 300.00 300.00 F4: Contra F5: Payment Receipt Journal F8: Sales 0912- 731-4 acepa 6c46- 2731- Purchase acep Fl 0: 0åHVouctg•s F: Autofill Change Mode More Details o: Related Reports Optional post -Dated .337.0 -c978 ning 2d109 ing j _id" : . 0—011' 6c46- Na...
[keys] '^a' -> Tally 'TallyPrime:9000'
[shot] tds-419-S3-accept1 (1024x768)
[18:51:53] [tds] screen tds-419-S3-accept1 : EDU c Prime K: Company Y: Data Accounting Voucher Creation 03 Sales Particulars Narration: Unity Quit Z: Exchange A Accept Q Search FinCom • ke Co O: Import E: Export List of Led er Accounts Cash Share Bank Share Party Share Supplier Spike Party Spike Party 2 Ul Party M: Share p: print x Create Fl: Help Date b82e1 Company to ru F4: Contra F5: Payment Receipt Journal F8: Sales 0912- 731-4 acepa 6c46- 2731- Purchase acep Fl 0: 0åHVouctg•s F: Autofill Change Mode More Details o: L: Related Reports Optional post -Dated .337.0 -c978 ning 2d109 ing j _id" : . 0—011' 6c46- D: Delete Cancel Vch Config...
[shot] tds-420-S3-after1 (1024x768)
[18:51:54] [tds] screen tds-420-S3-after1 : EDU c Prime K: Company Y: Data Accounting Voucher Creation 03 Sales Particulars Narration: Unity Quit Z: Exchange A Accept Q Search FinCom • ke Co O: Import E: Export List of Led er Accounts Cash Share Bank Share Party Share Supplier Spike Party Spike Party 2 Ul Party M: Share p: print x Create Fl: Help Date b82e1 Company to ru F4: Contra F5: Payment Receipt Journal F8: Sales 0912- 731-4 acepa 6c46- 2731- Purchase acep Fl 0: 0åHVouctg•s F: Autofill Change Mode More Details o: L: Related Reports Optional post -Dated .337.0 -c978 ning 2d109 ing j _id" : . 0—011' 6c46- D: Delete Cancel Vch Config...
[keys] '^a' -> Tally 'TallyPrime:9000'
[shot] tds-421-S3-accept2 (1024x768)
[18:51:59] [tds] screen tds-421-S3-accept2 : EDU c Prime K: Company Y: Data Accounting Voucher Creation Z: Exchange A Accept Q Search O: Import E: Export FinCom • ke Co M: Share Debit p: print 2-Oct-26 Friday Credit Fl: Help Date b82e1 03 • By Sales Particulars Cash CurBa1: 300.00 Dr Company to ru F4: Contra F5: Payment Receipt Journal F8: Sales 0912- 731-4 acepa 6c46- 2731- Purchase acep Fl 0: 0åHVouctg•s F: Autofill Change Mode More Details o: L: Related Reports Optional post -Dated .337.0 -c978 ning 2d109 ing j _id" : . 0—011' 6c46- Narration: Unity Quit D: Delete x: Cancel Vch F12: Configure Mode Windows Server 2025 Datacenter Build ...
[shot] tds-422-S3-after2 (1024x768)
[18:52:00] [tds] screen tds-422-S3-after2 : EDU c Prime K: Company Y: Data Accounting Voucher Creation Z: Exchange A Accept Q Search O: Import E: Export FinCom • ke Co M: Share Debit p: print 2-Oct-26 Friday Credit Fl: Help Date b82e1 03 • By Sales Particulars Cash CurBa1: 300.00 Dr Company to ru F4: Contra F5: Payment Receipt Journal F8: Sales 0912- 731-4 acepa 6c46- 2731- Purchase acep Fl 0: 0åHVouctg•s F: Autofill Change Mode More Details o: L: Related Reports Optional post -Dated .337.0 -c978 ning 2d109 ing j _id" : . 0—011' 6c46- Narration: Unity Quit D: Delete x: Cancel Vch F12: Configure Mode Windows Server 2025 Datacenter Build ...
[keys] '^a' -> Tally 'TallyPrime:9000'
[shot] tds-423-S3-accept3 (1024x768)
[18:52:05] [tds] screen tds-423-S3-accept3 : EDU c Prime K: Company Y: Data Accounting Voucher Creation Z: Exchange A Accept Q Search O: Import E: Export FinCom • ke Co M: Share Debit p: print 2-Oct-26 Friday Credit Fl: Help Date b82e1 03 • By Sales Particulars Cash CurBa1: 300.00 Dr Company to ru F4: Contra F5: Payment Receipt Journal F8: Sales 0912- 731-4 acepa 6c46- 2731- Purchase acep Fl 0: 0åHVouctg•s F: Autofill Change Mode More Details o: L: Related Reports Optional post -Dated .337.0 -c978 ning 2d109 ing j _id" : . 0—011' 6c46- Narration: Unity Quit D: Delete x: Cancel Vch F12: Configure Mode Windows Server 2025 Datacenter Build ...
[shot] tds-424-S3-after3 (1024x768)
[18:52:06] [tds] screen tds-424-S3-after3 : EDU c Prime K: Company Y: Data Accounting Voucher Creation Z: Exchange A Accept Q Search O: Import E: Export FinCom • ke Co M: Share Debit p: print 2-Oct-26 Friday Credit Fl: Help Date b82e1 03 • By Sales Particulars Cash CurBa1: 300.00 Dr Company to ru F4: Contra F5: Payment Receipt Journal F8: Sales 0912- 731-4 acepa 6c46- 2731- Purchase acep Fl 0: 0åHVouctg•s F: Autofill Change Mode More Details o: L: Related Reports Optional post -Dated .337.0 -c978 ning 2d109 ing j _id" : . 0—011' 6c46- Narration: Unity Quit D: Delete x: Cancel Vch F12: Configure Mode Windows Server 2025 Datacenter Build ...
[keys] '^a' -> Tally 'TallyPrime:9000'
[shot] tds-425-S3-accept4 (1024x768)
[18:52:10] [tds] screen tds-425-S3-accept4 : EDU c Prime K: Company Y: Data Accounting Voucher Creation Z: Exchange A Accept Q Search O: Import E: Export FinCom • ke Co M: Share Debit p: print 2-Oct-26 Friday Credit Fl: Help Date b82e1 03 • By Sales Particulars Cash CurBa1: 300.00 Dr Company to ru F4: Contra F5: Payment Receipt Journal F8: Sales 0912- 731-4 acepa 6c46- 2731- Purchase acep Fl 0: 0åHVouctg•s F: Autofill Change Mode More Details o: L: Related Reports Optional post -Dated .337.0 -c978 ning 2d109 ing j _id" : . 0—011' 6c46- Narration: Unity Quit D: Delete x: Cancel Vch F12: Configure Mode Windows Server 2025 Datacenter Build ...
[shot] tds-426-S3-after4 (1024x768)
[18:52:11] [tds] screen tds-426-S3-after4 : EDU c Prime K: Company Y: Data Accounting Voucher Creation Z: Exchange A Accept Q Search O: Import E: Export FinCom • ke Co M: Share Debit p: print 2-Oct-26 Friday Credit Fl: Help Date b82e1 03 • By Sales Particulars Cash CurBa1: 300.00 Dr Company to ru F4: Contra F5: Payment Receipt Journal F8: Sales 0912- 731-4 acepa 6c46- 2731- Purchase acep Fl 0: 0åHVouctg•s F: Autofill Change Mode More Details o: L: Related Reports Optional post -Dated .337.0 -c978 ning 2d109 ing j _id" : . 0—011' 6c46- Narration: Unity Quit D: Delete x: Cancel Vch F12: Configure Mode Windows Server 2025 Datacenter Build ...
[shot] tds-427-gw0 (1024x768)
[18:52:12] [tds] screen tds-427-gw0 : EDU c Prime K: Company Y: Data Accounting Voucher Creation Z: Exchange A Accept Q Search O: Import E: Export FinCom • ke Co M: Share Debit p: print 2-Oct-26 Friday Credit Fl: Help Date b82e1 03 • By Sales Particulars Cash CurBa1: 300.00 Dr Company to ru F4: Contra F5: Payment Receipt Journal F8: Sales 0912- 731-4 acepa 6c46- 2731- Purchase acep Fl 0: 0åHVouctg•s F: Autofill Change Mode More Details o: L: Related Reports Optional post -Dated .337.0 -c978 ning 2d109 ing j _id" : . 0—011' 6c46- Narration: Unity Quit D: Delete x: Cancel Vch F12: Configure Mode Windows Server 2025 Datacenter Build ...
[keys] '{ESC}' -> Tally 'TallyPrime:9000'
[shot] tds-428-gw1 (1024x768)
[18:52:16] [tds] screen tds-428-gw1 : EDU c Prime K: Company Y: Data Accounting Voucher Creation Z: Exchange A: Accept Q Search O: Import E: Export FinCom 03 • By Sales Particulars Cash CurBa1: 300.00 Dr M: Share Debit Narration: Unity Q: Quit p: print 2-Oct-26 Friday Credit Quit o Yes or No D: Delete X: Cancel Vch Fl: Help F2: Date F3: Company F4: Contra F5: Payment F6: Receipt F7: Journal F8: Sales F9: Purchase F: Autofill H: Change Mode l: More Details O: Related Reports k: Optional T: post -Dated Fl 2: Configure b82e1 to ru 0912- 731-4 acepa 6c46- 2731- acep .337.0 -c978 ning 2d109 ing j _id" : . 0—011' 6c46- Mode Windows Serv...
[keys] 'y' -> Tally 'TallyPrime:9000'
[shot] tds-429-gw2 (1024x768)
[18:52:19] [tds] screen tds-429-gw2 : EDU c Prime Gatewa of Tall CURRENT PERIOD K: Company Y: Data Z: Exchange O: Import E: Export M: Share p: print Fl: Help Date b82e1 I-Apr-26 to 31-Mar-27 NAME OF COMPANY FinCom Spike Co Q CURRENT OATE Friday, 2-Oct-2026 2-Oct-26 Search Gateway of Tally MASTERS Create Alter CHart of Accounts TRANSACTIONS Vouchers Day 800K UTILITIES BaNking REPORTS Balance Sheet Profit & Loss A/c Stock Summary Ratio Analysis Display More Reports DashbOard Quit Unity Company to ru 0912- 731-4 acepa 6c46- 2731- acep .337.0 -c978 ning 2d109 ing j _id" : . 0—011' 6c46- Mode Windows Server 2025 Datacenter Build 26100....
  voucher mid=1 aid=1 Journal/1/20260401 guid=6a19ae25-8faa-41ba-b1a7-6062aa81a638-00000001 cancelled=False
  voucher mid=2 aid=2 Journal/2/20261001 guid=6a19ae25-8faa-41ba-b1a7-6062aa81a638-00000002 cancelled=False
  voucher mid=3 aid=3 Journal/3/20261001 guid=6a19ae25-8faa-41ba-b1a7-6062aa81a638-00000003 cancelled=False
  voucher mid=4 aid=4 Journal/4/20261001 guid=6a19ae25-8faa-41ba-b1a7-6062aa81a638-00000004 cancelled=False
  voucher mid=5 aid=5 Journal/5/20261001 guid=6a19ae25-8faa-41ba-b1a7-6062aa81a638-00000005 cancelled=False
  voucher mid=6 aid=6 Payroll/1/20261001 guid=6a19ae25-8faa-41ba-b1a7-6062aa81a638-00000006 cancelled=False
  voucher mid=7 aid=7 Receipt/1/20261002 guid=6a19ae25-8faa-41ba-b1a7-6062aa81a638-00000007 cancelled=False
  voucher mid=8 aid=8 Receipt/2/20261002 guid=6a19ae25-8faa-41ba-b1a7-6062aa81a638-00000008 cancelled=False
  voucher mid=9 aid=9 Payment/1/20261002 guid=6a19ae25-8faa-41ba-b1a7-6062aa81a638-00000009 cancelled=False
  voucher mid=10 aid=10 Payment/2/20261002 guid=6a19ae25-8faa-41ba-b1a7-6062aa81a638-0000000a cancelled=False
  voucher mid=11 aid=11 Contra/1/20261002 guid=6a19ae25-8faa-41ba-b1a7-6062aa81a638-0000000b cancelled=False
  voucher mid=12 aid=12 Journal/6/20261002 guid=6a19ae25-8faa-41ba-b1a7-6062aa81a638-0000000c cancelled=False
  voucher mid=13 aid=13 Journal/7/20261002 guid=6a19ae25-8faa-41ba-b1a7-6062aa81a638-0000000d cancelled=False
  voucher mid=14 aid=14 Sales/1/20261002 guid=6a19ae25-8faa-41ba-b1a7-6062aa81a638-0000000e cancelled=False
  voucher mid=15 aid=15 Sales/2/20261002 guid=6a19ae25-8faa-41ba-b1a7-6062aa81a638-0000000f cancelled=False
  voucher mid=16 aid=16 Sales/3/20261002 guid=6a19ae25-8faa-41ba-b1a7-6062aa81a638-00000010 cancelled=False
  voucher mid=17 aid=17 Purchase/1/20261002 guid=6a19ae25-8faa-41ba-b1a7-6062aa81a638-00000011 cancelled=False
  voucher mid=18 aid=18 Purchase/2/20261002 guid=6a19ae25-8faa-41ba-b1a7-6062aa81a638-00000012 cancelled=False
  voucher mid=19 aid=19 Sales/4/20261002 guid=6a19ae25-8faa-41ba-b1a7-6062aa81a638-00000013 cancelled=False
  INFO share sales-agst (sales in As Voucher mode, the party Dr with an Agst Ref bill (the advance ADVS-1)): Tally Sales 4 mid 19; stored party 'Share Party' bills [Agst Ref]; the line party '' bills [Agst Ref]; lines voucher_accept_post x1, voucher_full x1
[18:52:22] ---- share purchase-agst: purchase in As Voucher mode, the supplier Cr with an Agst Ref bill (the advance ADVP-1)
  voucher mid=1 aid=1 Journal/1/20260401 guid=6a19ae25-8faa-41ba-b1a7-6062aa81a638-00000001 cancelled=False
  voucher mid=2 aid=2 Journal/2/20261001 guid=6a19ae25-8faa-41ba-b1a7-6062aa81a638-00000002 cancelled=False
  voucher mid=3 aid=3 Journal/3/20261001 guid=6a19ae25-8faa-41ba-b1a7-6062aa81a638-00000003 cancelled=False
  voucher mid=4 aid=4 Journal/4/20261001 guid=6a19ae25-8faa-41ba-b1a7-6062aa81a638-00000004 cancelled=False
  voucher mid=5 aid=5 Journal/5/20261001 guid=6a19ae25-8faa-41ba-b1a7-6062aa81a638-00000005 cancelled=False
  voucher mid=6 aid=6 Payroll/1/20261001 guid=6a19ae25-8faa-41ba-b1a7-6062aa81a638-00000006 cancelled=False
  voucher mid=7 aid=7 Receipt/1/20261002 guid=6a19ae25-8faa-41ba-b1a7-6062aa81a638-00000007 cancelled=False
  voucher mid=8 aid=8 Receipt/2/20261002 guid=6a19ae25-8faa-41ba-b1a7-6062aa81a638-00000008 cancelled=False
  voucher mid=9 aid=9 Payment/1/20261002 guid=6a19ae25-8faa-41ba-b1a7-6062aa81a638-00000009 cancelled=False
  voucher mid=10 aid=10 Payment/2/20261002 guid=6a19ae25-8faa-41ba-b1a7-6062aa81a638-0000000a cancelled=False
  voucher mid=11 aid=11 Contra/1/20261002 guid=6a19ae25-8faa-41ba-b1a7-6062aa81a638-0000000b cancelled=False
  voucher mid=12 aid=12 Journal/6/20261002 guid=6a19ae25-8faa-41ba-b1a7-6062aa81a638-0000000c cancelled=False
  voucher mid=13 aid=13 Journal/7/20261002 guid=6a19ae25-8faa-41ba-b1a7-6062aa81a638-0000000d cancelled=False
  voucher mid=14 aid=14 Sales/1/20261002 guid=6a19ae25-8faa-41ba-b1a7-6062aa81a638-0000000e cancelled=False
  voucher mid=15 aid=15 Sales/2/20261002 guid=6a19ae25-8faa-41ba-b1a7-6062aa81a638-0000000f cancelled=False
  voucher mid=16 aid=16 Sales/3/20261002 guid=6a19ae25-8faa-41ba-b1a7-6062aa81a638-00000010 cancelled=False
  voucher mid=17 aid=17 Purchase/1/20261002 guid=6a19ae25-8faa-41ba-b1a7-6062aa81a638-00000011 cancelled=False
  voucher mid=18 aid=18 Purchase/2/20261002 guid=6a19ae25-8faa-41ba-b1a7-6062aa81a638-00000012 cancelled=False
  voucher mid=19 aid=19 Sales/4/20261002 guid=6a19ae25-8faa-41ba-b1a7-6062aa81a638-00000013 cancelled=False
[shot] tds-430-gw0 (1024x768)
[18:52:23] [tds] screen tds-430-gw0 : EDU c Prime Gatewa of Tall CURRENT PERIOD K: Company Y: Data Z: Exchange O: Import E: Export M: Share p: print Fl: Help Date b82e1 I-Apr-26 to 31-Mar-27 NAME OF COMPANY FinCom Spike Co Q CURRENT OATE Friday, 2-Oct-2026 2-Oct-26 Search Gateway of Tally MASTERS Create Alter CHart of Accounts TRANSACTIONS Vouchers Day 800K UTILITIES BaNking REPORTS Balance Sheet Profit & Loss A/c Stock Summary Ratio Analysis Display More Reports DashbOard Quit Unity Company to ru 0912- 731-4 acepa 6c46- 2731- acep .337.0 -c978 ning 2d109 ing j _id" : . 0—011' 6c46- Mode Windows Server 2025 Datacenter Build 26100....
[shot] tds-431-U3-start (1024x768)
[18:52:24] [tds] screen tds-431-U3-start : EDU c Prime Gatewa of Tall CURRENT PERIOD K: Company Y: Data Z: Exchange O: Import E: Export M: Share p: print Fl: Help Date b82e1 I-Apr-26 to 31-Mar-27 NAME OF COMPANY FinCom Spike Co Q CURRENT OATE Friday, 2-Oct-2026 2-Oct-26 Search Gateway of Tally MASTERS Create Alter CHart of Accounts TRANSACTIONS Vouchers Day 800K UTILITIES BaNking REPORTS Balance Sheet Profit & Loss A/c Stock Summary Ratio Analysis Display More Reports DashbOard Quit Unity Company to ru 0912- 731-4 acepa 6c46- 2731- acep .337.0 -c978 ning 2d109 ing j _id" : . 0—011' 6c46- Mode Windows Server 2025 Datacenter Build 26100....
[keys] 'v' -> Tally 'TallyPrime:9000'
[shot] tds-432-U3-vouchers (1024x768)
[18:52:29] [tds] screen tds-432-U3-vouchers : EDU c Prime K: Company Y: Data Accounting Voucher Creation 03 Sales Particulars Narration: Unity Quit Z: Exchange A Accept Q Search FinCom • ke Co O: Import E: Export List of Led er Accounts Cash Share Bank Share Party Share Supplier Spike Party Spike Party 2 Ul Party M: Share p: print x Create Fl: Help Date b82e1 Company to ru F4: Contra F5: Payment Receipt Journal F8: Sales 0912- 731-4 acepa 6c46- 2731- Purchase acep Fl 0: 0åHVouctg•s F: Autofill Change Mode More Details o: L: Related Reports Optional post -Dated .337.0 -c978 ning 2d109 ing j _id" : . 0—011' 6c46- D: Delete Cancel Vch Config...
[keys] '{F9}' -> Tally 'TallyPrime:9000'
[shot] tds-433-U3-type (1024x768)
[18:52:33] [tds] screen tds-433-U3-type : EDU c Prime K: Company Y: Data Accounting Voucher Creation Z: Exchange A Accept Q Search FinCom Spike Co O: Import Quantity E: Export Rate M: Share per p: print x 20ct-26 Friday Amount Fl: Help Date b82e1 03 Purchase Su*i« Imoice No. Party Alc narne: Current balance: Purchase ledger: Current balance: Name of Item Narration: Unity Quit Date Company to ru F4: Contra F5: Payment Receipt Journal Sales 0912- 731-4 acepa 6c46- 2731- F9: Purchase acep Fl 0: 0åHVouctg•s F: Autofill Change Mode More Details o: L: Related Reports Optional post -Dated .337.0 -c978 ning 2d109 ing j _id" : . 0—011' 6c46- D...
[keys] '^h' -> Tally 'TallyPrime:9000'
[shot] tds-434-U3-type (1024x768)
[18:52:37] [tds] screen tds-434-U3-type : EDU c Prime Change Mode Unity Quit K: Company Y: Data Z: Exchange O: Import E: Export M: Share p: print Fl: Help FinCom • ke Co Change Voucher Mode Item Invoice List of Modes/Usa es Item Invoice Accounting Invoice As Voucher A Accept Q Search b82e1 to ru 0912- 731-4 acepa 6c46- 2731- acep .337.0 -c978 ning 2d109 ing j _id" : . 0—011' 6c46- Mode Windows Server 2025 Datacenter Build 26100.ge_release240331-1435 6:52 PM 10/8/2026
[keys] 'As Voucher{ENTER}' -> Tally 'TallyPrime:9000'
[shot] tds-435-U3-type (1024x768)
[18:52:41] [tds] screen tds-435-U3-type : EDU c Prime K: Company Y: Data Accounting Voucher Creation Z: Exchange A Accept Q Search O: Import E: Export FinCom Spike Co M: Share Debit p: print x 20ct-26 Friday Credit Fl: Help Date b82e1 03 Purchase Su*i« Imoice No. Particulars Narration: Unity Quit Date Company to ru F4: Contra F5: Payment Receipt Journal Sales 0912- 731-4 acepa 6c46- 2731- F9: Purchase acep Fl 0: 0åHVouctg•s F: Autofill Change Mode More Details o: L: Related Reports Optional post -Dated .337.0 -c978 ning 2d109 ing j _id" : . 0—011' 6c46- D: Delete x: Cancel Vch F12: Configure Mode Windows Server 2025 Datacenter Build 2...
[keys] '{F2}' -> Tally 'TallyPrime:9000'
[shot] tds-436-U3-date-box (1024x768)
[18:52:44] [tds] screen tds-436-U3-date-box : EDU c Prime Change Voucher Date Unity Quit K: Company Y: Data Z: Exchange A Accept Q Search O: Import E: Export M: Share p: print Fl: Help FinCom Spike Co Voucher Date 3-10-2026 b82e1 to ru 0912- 731-4 acepa 6c46- 2731- acep .337.0 -c978 ning 2d109 ing j _id" : . 0—011' 6c46- Mode Windows Server 2025 Datacenter Build 26100.ge_release240331-1435 6:52 PM 10/8/2026
[keys] '2-10-2026{ENTER}' -> Tally 'TallyPrime:9000'
[shot] tds-437-U3-date (1024x768)
[18:52:48] [tds] screen tds-437-U3-date : EDU c Prime K: Company Y: Data Accounting Voucher Creation Z: Exchange A Accept Q Search O: Import E: Export FinCom Spike Co M: Share Debit p: print x 20ct-26 Friday Credit Fl: Help Date b82e1 03 Purchase Su*i« Imoice No. Particulars Narration: Unity Quit Date Company to ru F4: Contra F5: Payment Receipt Journal Sales 0912- 731-4 acepa 6c46- 2731- F9: Purchase acep Fl 0: 0åHVouctg•s F: Autofill Change Mode More Details o: L: Related Reports Optional post -Dated .337.0 -c978 ning 2d109 ing j _id" : . 0—011' 6c46- D: Delete x: Cancel Vch F12: Configure Mode Windows Server 2025 Datacenter Build 2...
[keys] 'SUP-3{ENTER}' -> Tally 'TallyPrime:9000'
[shot] tds-438-U3-head (1024x768)
[18:52:51] [tds] screen tds-438-U3-head : EDU c Prime K: Company Y: Data Accounting Voucher Creation Z: Exchange 2-Oct-26 A Accept Q Search O: Import E: Export FinCom Spike Co M: Share Debit p: print x 20ct-26 Friday Credit Fl: Help Date b82e1 03 Purchase Su*lmoice No.: SUP-3 Particulars Narration: Unity Quit Date Company to ru F4: Contra F5: Payment Receipt Journal Sales 0912- 731-4 acepa 6c46- 2731- F9: Purchase acep Fl 0: 0åHVouctg•s F: Autofill Change Mode More Details o: L: Related Reports Optional post -Dated .337.0 -c978 ning 2d109 ing j _id" : . 0—011' 6c46- D: Delete x: Cancel Vch F12: Configure Mode Windows Server 2025 Datac...
[keys] '{ENTER}' -> Tally 'TallyPrime:9000'
[shot] tds-439-U3-head (1024x768)
[18:52:55] [tds] screen tds-439-U3-head : EDU c Prime K: Company Y: Data Accounting Voucher Creation Z: Exchange 2-Oct-26 A Accept Q Search FinCom Spike Co O: Import E: Export List of Led er Accounts Cash Share Bank Share Party Share Supplier Spike Party Spike Party 2 Ul Party M: Share p: print x Create Fl: Help Date b82e1 03 Purchase Su*lmoice No.: SUP-3 Particulars Narration: Unity Quit Date Company to ru F4: Contra F5: Payment Receipt Journal Sales 0912- 731-4 acepa 6c46- 2731- F9: Purchase acep Fl 0: 0åHVouctg•s F: Autofill Change Mode More Details o: L: Related Reports Optional post -Dated .337.0 -c978 ning 2d109 ing j _id" : . 0...
[keys] 'Share Supplier{ENTER}' -> Tally 'TallyPrime:9000'
[shot] tds-440-U3-row1 (1024x768)
[18:52:58] [tds] screen tds-440-U3-row1 : EDU c Prime Details K: Company Y: Data Z: Exchange Accept Q Search O: Import E: Export M: Share FinCom Spike Co Receipt Details Receipt Doc No. Dispatched through Destination Carrier Name/Agent Bill of No. Motor Vehicle No. p: print x : It Fl: Help Receipt Note No(s) Date: Unity Quit b82e1 to ru 0912- 731-4 acepa 6c46- 2731- acep .337.0 -c978 ning 2d109 ing j _id" : . 0—011' 6c46- Mode Windows Server 2025 Datacenter Build 26100.ge_release240331-1435 6:52 PM 10/8/2026
[shot] tds-441-U3-row1-a-sub1 (1024x768)
[18:52:59] [tds] screen tds-441-U3-row1-a-sub1 : EDU c Prime Details K: Company Y: Data Z: Exchange Accept Q Search O: Import E: Export M: Share FinCom Spike Co Receipt Details Receipt Doc No. Dispatched through Destination Carrier Name/Agent Bill of No. Motor Vehicle No. p: print x : It Fl: Help Receipt Note No(s) Date: Unity Quit b82e1 to ru 0912- 731-4 acepa 6c46- 2731- acep .337.0 -c978 ning 2d109 ing j _id" : . 0—011' 6c46- Mode Windows Server 2025 Datacenter Build 26100.ge_release240331-1435 6:52 PM 10/8/2026
[keys] '^a' -> Tally 'TallyPrime:9000'
[shot] tds-442-U3-row1-a-sub-accept (1024x768)
[18:53:03] [tds] screen tds-442-U3-row1-a-sub-accept : Unity EDU c Prime Details Quit K: Company Y: Data Z: Exchange O: Import Create New Party E: Export M: Share p: print Fl: Help Supplier (Bill from) Mailing Name Address State Country GST Registration type GSTIN/UIN Place of Supply Accept Q Search FinCom Spike Co Party Details List of Led er Accounts Share Party Share Supplier Spike Party Spike Party 2 Ul Party x : It L: Fetch Details Using b82e1 to ru 0912- 731-4 acepa 6c46- 2731- acep .337.0 -c978 ning 2d109 GSTIN/UIN ing j _id" : . 0—011' 6c46- Configure Mode Windows Server 2025 Datacenter Build 26100.ge_release240331-1435 6:53 PM 10/8/2026
[shot] tds-443-U3-row1-a-sub2 (1024x768)
[18:53:04] [tds] screen tds-443-U3-row1-a-sub2 : Unity EDU c Prime Details Quit K: Company Y: Data Z: Exchange O: Import Create New Party E: Export M: Share p: print Fl: Help Supplier (Bill from) Mailing Name Address State Country GST Registration type GSTIN/UIN Place of Supply Accept Q Search FinCom Spike Co Party Details List of Led er Accounts Share Party Share Supplier Spike Party Spike Party 2 Ul Party x : It L: Fetch Details Using b82e1 to ru 0912- 731-4 acepa 6c46- 2731- acep .337.0 -c978 ning 2d109 GSTIN/UIN ing j _id" : . 0—011' 6c46- Configure Mode Windows Server 2025 Datacenter Build 26100.ge_release240331-1435 6:53 PM 10/8/2026
[keys] '^a' -> Tally 'TallyPrime:9000'
[shot] tds-444-U3-row1-a-sub-accept (1024x768)
[18:53:07] [tds] screen tds-444-U3-row1-a-sub-accept : EDU c Prime K: Company Y: Data Accounting Voucher Creation Z: Exchange 2-Oct-26 A Accept Q Search O: Import E: Export FinCom Spike Co M: Share Debit p: print x 20ct-26 Friday Credit Fl: Help Date b82e1 03 Purchase Su*lmoice No.: SUP-3 Particulars - •To Share Supplier Date Company to ru CurBal: 3,600.00 Cr Narration: Unity Quit F4: Contra F5: Payment Receipt Journal Sales 0912- 731-4 acepa 6c46- 2731- F9: Purchase acep Fl 0: 0åHVouctg•s F: Autofill Change Mode More Details o: L: Related Reports Optional post -Dated .337.0 -c978 ning 2d109 ing j _id" : . 0—011' 6c46- D: Delete x: Cancel Vch F12:...
[shot] tds-445-U3-row1-a-sub3 (1024x768)
[18:53:08] [tds] screen tds-445-U3-row1-a-sub3 : EDU c Prime K: Company Y: Data Accounting Voucher Creation Z: Exchange 2-Oct-26 A Accept Q Search O: Import E: Export FinCom Spike Co M: Share Debit p: print x 20ct-26 Friday Credit Fl: Help Date b82e1 03 Purchase Su*lmoice No.: SUP-3 Particulars - •To Share Supplier Date Company to ru CurBal: 3,600.00 Cr Narration: Unity Quit F4: Contra F5: Payment Receipt Journal Sales 0912- 731-4 acepa 6c46- 2731- F9: Purchase acep Fl 0: 0åHVouctg•s F: Autofill Change Mode More Details o: L: Related Reports Optional post -Dated .337.0 -c978 ning 2d109 ing j _id" : . 0—011' 6c46- D: Delete x: Cancel Vch F12:...
[keys] '240{ENTER}' -> Tally 'TallyPrime:9000'
[shot] tds-446-U3-row1-amt (1024x768)
[18:53:12] [tds] screen tds-446-U3-row1-amt : Unity EDU c Prime Bill-wise Details Quit K: Company Y: Data Z: Exchange O: Import E: Export M: Share FinCom Spike Co Bill-wise Details for : Share Supplier Up to: 240.00 cr p: print x : It Fl: Help Type of Ref Jew Ref Name Method of Ad Advance Agst Ref New Ref On Account Accept Q Search Due Date, or Credit Days 20ct-26) Amount 240.00 cr 240.00 cr b82e1 to ru 0912- 731-4 acepa 6c46- 2731- acep .337.0 -c978 ning 2d109 ing j _id" : . 0—011' 6c46- Mode Windows Server 2025 Datacenter Build 26100.ge_release240331-1435 6:53 PM 10/8/2026
[shot] tds-447-U3-row1-bills1 (1024x768)
[18:53:13] [tds] screen tds-447-U3-row1-bills1 : Unity EDU c Prime Bill-wise Details Quit K: Company Y: Data Z: Exchange O: Import E: Export M: Share FinCom Spike Co Bill-wise Details for : Share Supplier Up to: 240.00 cr p: print x : It Fl: Help Type of Ref Jew Ref Name Method of Ad Advance Agst Ref New Ref On Account Accept Q Search Due Date, or Credit Days 20ct-26) Amount 240.00 cr 240.00 cr b82e1 to ru 0912- 731-4 acepa 6c46- 2731- acep .337.0 -c978 ning 2d109 ing j _id" : . 0—011' 6c46- Mode Windows Server 2025 Datacenter Build 26100.ge_release240331-1435 6:53 PM 10/8/2026
[keys] 'Agst Ref{ENTER}' -> Tally 'TallyPrime:9000'
[shot] tds-448-U3-row1-reftype (1024x768)
[18:53:17] [tds] screen tds-448-U3-row1-reftype : Unity EDU c Prime Bill-wise Details Quit K: Company Y: Data Z: Exchange FinCom Spike Co Bill-wise Details for : Share Supplier Up to: 240.00 cr O: Import Amount E: Export M: Share p: print x : It Fl: Help Type of Ref Agst Ref Bills Name Eup-3 pendin Name ADVP-I JN-I PB-I SUP-I SUP-2 SUP-3 Bill Date I-Oct-26 2-Oct-26 I-Oct-26 2-Oct-26 2-Oct-26 Accept Due Date I-Oct-26 2-Oct-26 I-Oct-26 2-Oct-26 2-Oct-26 Due Date, or Credit Days (wef 20ct-26) Balance 1,000.00 Dr 600.00 cr 3,600.00 cr 160.00 cr 240.00 Cr 240.00 cr Final Balance 1,000.00 Dr 600.00 cr 3,600.00 cr 160.00 cr 240.00 Cr 240.00 cr b82e1...
[keys] 'ADVP-1{ENTER}' -> Tally 'TallyPrime:9000'
[shot] tds-449-U3-row1-refname (1024x768)
[18:53:21] [tds] screen tds-449-U3-row1-refname : Unity EDU c Prime Bill-wise Details Quit K: Company Y: Data Z: Exchange FinCom Spike Co Bill-wise Details for : Share Supplier Up to: 240.00 cr O: Import E: Export Amount 240.00 cr 240.00 cr M: Share p: print x : It Fl: Help Type of Ref Agst Ref Name ADVP-I Accept Q Search Due Date, or Credit Days (wef 20ct-26) b82e1 to ru 0912- 731-4 acepa 6c46- 2731- acep .337.0 -c978 ning 2d109 ing j _id" : . 0—011' 6c46- Mode Windows Server 2025 Datacenter Build 26100.ge_release240331-1435 6:53 PM 10/8/2026
[keys] '{ENTER}' -> Tally 'TallyPrime:9000'
[shot] tds-450-U3-row1-refamount (1024x768)
[18:53:24] [tds] screen tds-450-U3-row1-refamount : Unity EDU c Prime Bill-wise Details Quit K: Company Y: Data Z: Exchange FinCom Spike Co Bill-wise Details for : Share Supplier Up to: 240.00 cr O: Import E: Export Amount 240.00 er 240.00 cr M: Share p: print x : It Fl: Help Type of Ref Agst Ref Name ADVP-I Accept Q Search Due Date, or Credit Days (wef 20ct-26) b82e1 to ru 0912- 731-4 acepa 6c46- 2731- acep .337.0 -c978 ning 2d109 ing j _id" : . 0—011' 6c46- Mode Windows Server 2025 Datacenter Build 26100.ge_release240331-1435 6:53 PM 10/8/2026
[shot] tds-451-U3-row1-bills2 (1024x768)
[18:53:25] [tds] screen tds-451-U3-row1-bills2 : Unity EDU c Prime Bill-wise Details Quit K: Company Y: Data Z: Exchange FinCom Spike Co Bill-wise Details for : Share Supplier Up to: 240.00 cr O: Import E: Export Amount 240.00 er 240.00 cr M: Share p: print x : It Fl: Help Type of Ref Agst Ref Name ADVP-I Accept Q Search Due Date, or Credit Days (wef 20ct-26) b82e1 to ru 0912- 731-4 acepa 6c46- 2731- acep .337.0 -c978 ning 2d109 ing j _id" : . 0—011' 6c46- Mode Windows Server 2025 Datacenter Build 26100.ge_release240331-1435 6:53 PM 10/8/2026
[keys] '^a' -> Tally 'TallyPrime:9000'
[shot] tds-452-U3-row1-bills-accept (1024x768)
[18:53:29] [tds] screen tds-452-U3-row1-bills-accept : EDU c Prime K: Company Y: Data Accounting Voucher Creation Z: Exchange 2-Oct-26 240.00 Cr A Accept Q Search FinCom Spike Co O: Import E: Export List of Led er Accounts Share Purchase M: Share p: print Create Show More x Fl: Help Date b82e1 03 Purchase Su*lmoice No.: SUP-3 Particulars - •To Share Supplier Date Company to ru CurBal: 3,840.00 Cr Agst Ref ADVP-I CurBa1: 640.00 Dr Narration: Unity Quit F4: Contra F5: Payment Receipt Journal Sales 0912- 731-4 acepa 6c46- 2731- F9: Purchase acep Fl 0: 0åHVouctg•s F: Autofill Change Mode More Details o: L: Related Reports Optional post -Dated .337.0 -...
[shot] tds-453-U3-row1-bills3 (1024x768)
[18:53:30] [tds] screen tds-453-U3-row1-bills3 : EDU c Prime K: Company Y: Data Accounting Voucher Creation Z: Exchange 2-Oct-26 240.00 Cr A Accept Q Search FinCom Spike Co O: Import E: Export List of Led er Accounts Share Purchase M: Share p: print Create Show More x Fl: Help Date b82e1 03 Purchase Su*lmoice No.: SUP-3 Particulars - •To Share Supplier Date Company to ru CurBal: 3,840.00 Cr Agst Ref ADVP-I CurBa1: 640.00 Dr Narration: Unity Quit F4: Contra F5: Payment Receipt Journal Sales 0912- 731-4 acepa 6c46- 2731- F9: Purchase acep Fl 0: 0åHVouctg•s F: Autofill Change Mode More Details o: L: Related Reports Optional post -Dated .337.0 -...
[shot] tds-454-U3-row1-b-sub1 (1024x768)
[18:53:30] [tds] screen tds-454-U3-row1-b-sub1 : EDU c Prime K: Company Y: Data Accounting Voucher Creation Z: Exchange 2-Oct-26 240.00 Cr A Accept Q Search FinCom Spike Co O: Import E: Export List of Led er Accounts Share Purchase M: Share p: print Create Show More x Fl: Help Date b82e1 03 Purchase Su*lmoice No.: SUP-3 Particulars - •To Share Supplier Date Company to ru CurBal: 3,840.00 Cr Agst Ref ADVP-I CurBa1: 640.00 Dr Narration: Unity Quit F4: Contra F5: Payment Receipt Journal Sales 0912- 731-4 acepa 6c46- 2731- F9: Purchase acep Fl 0: 0åHVouctg•s F: Autofill Change Mode More Details o: L: Related Reports Optional post -Dated .337.0 -...
[shot] tds-455-U3-row2-before (1024x768)
[18:53:31] [tds] screen tds-455-U3-row2-before : EDU c Prime K: Company Y: Data Accounting Voucher Creation Z: Exchange 2-Oct-26 240.00 Cr A Accept Q Search FinCom Spike Co O: Import E: Export List of Led er Accounts Share Purchase M: Share p: print Create Show More x Fl: Help Date b82e1 03 Purchase Su*lmoice No.: SUP-3 Particulars - •To Share Supplier Date Company to ru CurBal: 3,840.00 Cr Agst Ref ADVP-I CurBa1: 640.00 Dr Narration: Unity Quit F4: Contra F5: Payment Receipt Journal Sales 0912- 731-4 acepa 6c46- 2731- F9: Purchase acep Fl 0: 0åHVouctg•s F: Autofill Change Mode More Details o: L: Related Reports Optional post -Dated .337.0 -...
[keys] 'Share Purchase{ENTER}' -> Tally 'TallyPrime:9000'
[shot] tds-456-U3-row2 (1024x768)
[18:53:35] [tds] screen tds-456-U3-row2 : EDU c Prime Inventory Allocations Unity Quit K: Company Y: Data Z: Exchange FinCom Spike Co O: Import Amount E: Export M: Share p: print Fl: Help Inventory Allocations for • Quantity Share Purchase Rate per Name of Item A Accept Q Search b82e1 to ru 0912- 731-4 acepa 6c46- 2731- acep .337.0 -c978 ning 2d109 ing j _id" : . 0—011' 6c46- Mode Windows Server 2025 Datacenter Build 26100.ge_release240331-1435 6:53 PM 10/8/2026
[shot] tds-457-U3-row2-a-sub1 (1024x768)
[18:53:36] [tds] screen tds-457-U3-row2-a-sub1 : EDU c Prime Inventory Allocations Unity Quit K: Company Y: Data Z: Exchange FinCom Spike Co O: Import Amount E: Export M: Share p: print Fl: Help Inventory Allocations for • Quantity Share Purchase Rate per Name of Item A Accept Q Search b82e1 to ru 0912- 731-4 acepa 6c46- 2731- acep .337.0 -c978 ning 2d109 ing j _id" : . 0—011' 6c46- Mode Windows Server 2025 Datacenter Build 26100.ge_release240331-1435 6:53 PM 10/8/2026
[keys] '{ENTER}' -> Tally 'TallyPrime:9000'
[shot] tds-458-U3-row2-amt (1024x768)
[18:53:40] [tds] screen tds-458-U3-row2-amt : EDU c Prime K: Company Y: Data Accounting Voucher Creation Z: Exchange 2-Oct-26 240.00 Cr A Accept Q Search O: Import E: Export M: Share FinCom Spike Co p: print x 20ct-26 Friday Credit 240.00 240.00 Fl: Help Date b82e1 03 Purchase Su*lmoice No.: SUP-3 Particulars Share Supplier Date Company to ru By CurBal: 3,840.00 Cr Agst Ref ADVP-I Share Purchase Cur Bal: 640.00 Dr Debit 240.00 240.00 F4: Contra Payment Receipt Journal Sales 0912- 731-4 acepa 6c46- 2731- F9: Purchase acep Fl 0: 0åHVouctg•s F: Autofill Change Mode More Details o: Related Reports Optional post -Dated .337.0 -c978 ning 2d109 ...
[shot] tds-459-U3-row2-bills1 (1024x768)
[18:53:41] [tds] screen tds-459-U3-row2-bills1 : EDU c Prime K: Company Y: Data Accounting Voucher Creation Z: Exchange 2-Oct-26 240.00 Cr A Accept Q Search O: Import E: Export M: Share FinCom Spike Co p: print x 20ct-26 Friday Credit 240.00 240.00 Fl: Help Date b82e1 03 Purchase Su*lmoice No.: SUP-3 Particulars Share Supplier Date Company to ru By CurBal: 3,840.00 Cr Agst Ref ADVP-I Share Purchase Cur Bal: 640.00 Dr Debit 240.00 240.00 F4: Contra Payment Receipt Journal Sales 0912- 731-4 acepa 6c46- 2731- F9: Purchase acep Fl 0: 0åHVouctg•s F: Autofill Change Mode More Details o: Related Reports Optional post -Dated .337.0 -c978 ning 2d109 ...
[shot] tds-460-U3-row2-b-sub1 (1024x768)
[18:53:41] [tds] screen tds-460-U3-row2-b-sub1 : EDU c Prime K: Company Y: Data Accounting Voucher Creation Z: Exchange 2-Oct-26 240.00 Cr A Accept Q Search O: Import E: Export M: Share FinCom Spike Co p: print x 20ct-26 Friday Credit 240.00 240.00 Fl: Help Date b82e1 03 Purchase Su*lmoice No.: SUP-3 Particulars Share Supplier Date Company to ru By CurBal: 3,840.00 Cr Agst Ref ADVP-I Share Purchase Cur Bal: 640.00 Dr Debit 240.00 240.00 F4: Contra Payment Receipt Journal Sales 0912- 731-4 acepa 6c46- 2731- F9: Purchase acep Fl 0: 0åHVouctg•s F: Autofill Change Mode More Details o: Related Reports Optional post -Dated .337.0 -c978 ning 2d109 ...
[shot] tds-461-U3-last-row (1024x768)
[18:53:42] [tds] screen tds-461-U3-last-row : EDU c Prime K: Company Y: Data Accounting Voucher Creation Z: Exchange 2-Oct-26 240.00 Cr A Accept Q Search O: Import E: Export M: Share FinCom Spike Co p: print x 20ct-26 Friday Credit 240.00 240.00 Fl: Help Date b82e1 03 Purchase Su*lmoice No.: SUP-3 Particulars Share Supplier Date Company to ru By CurBal: 3,840.00 Cr Agst Ref ADVP-I Share Purchase Cur Bal: 640.00 Dr Debit 240.00 240.00 F4: Contra Payment Receipt Journal Sales 0912- 731-4 acepa 6c46- 2731- F9: Purchase acep Fl 0: 0åHVouctg•s F: Autofill Change Mode More Details o: Related Reports Optional post -Dated .337.0 -c978 ning 2d109 ...
[keys] '^a' -> Tally 'TallyPrime:9000'
[shot] tds-462-U3-accept1 (1024x768)
[18:53:47] [tds] screen tds-462-U3-accept1 : EDU c Prime K: Company Y: Data Accounting Voucher Creation Z: Exchange A Accept Q Search O: Import E: Export FinCom Spike Co M: Share Debit p: print x 20ct-26 Friday Credit Fl: Help Date b82e1 03 Purchase No. 4 Su*i« Imoice No. Particulars Narration: Unity Quit Date Company to ru F4: Contra F5: Payment Receipt Journal Sales 0912- 731-4 acepa 6c46- 2731- F9: Purchase acep Fl 0: 0åHVouctg•s F: Autofill Change Mode More Details o: L: Related Reports Optional post -Dated .337.0 -c978 ning 2d109 ing j _id" : . 0—011' 6c46- D: Delete x: Cancel Vch F12: Configure Mode Windows Server 2025 Datacenter B...
[shot] tds-463-U3-after1 (1024x768)
[18:53:48] [tds] screen tds-463-U3-after1 : EDU c Prime K: Company Y: Data Accounting Voucher Creation Z: Exchange A Accept Q Search O: Import E: Export FinCom Spike Co M: Share Debit p: print x 20ct-26 Friday Credit Fl: Help Date b82e1 03 Purchase No. 4 Su*i« Imoice No. Particulars Narration: Unity Quit Date Company to ru F4: Contra F5: Payment Receipt Journal Sales 0912- 731-4 acepa 6c46- 2731- F9: Purchase acep Fl 0: 0åHVouctg•s F: Autofill Change Mode More Details o: L: Related Reports Optional post -Dated .337.0 -c978 ning 2d109 ing j _id" : . 0—011' 6c46- D: Delete x: Cancel Vch F12: Configure Mode Windows Server 2025 Datacenter B...
[keys] '^a' -> Tally 'TallyPrime:9000'
[shot] tds-464-U3-accept2 (1024x768)
[18:53:53] [tds] screen tds-464-U3-accept2 : EDU c Prime K: Company Y: Data Accounting Voucher Creation Z: Exchange A Accept Q Search O: Import E: Export FinCom Spike Co M: Share Debit p: print x 20ct-26 Friday Credit Fl: Help Date b82e1 03 Purchase No. 4 Su*i« Imoice No. Particulars Cash Cur Bal: 300.00 Dr Narration: Unity Quit Date Company to ru F4: Contra F5: Payment Receipt Journal Sales 0912- 731-4 acepa 6c46- 2731- F9: Purchase acep Fl 0: 0åHVouctg•s F: Autofill Change Mode More Details o: L: Related Reports Optional post -Dated .337.0 -c978 ning 2d109 ing j _id" : . 0—011' 6c46- D: Delete x: Cancel Vch F12: Configure Mode Windows ...
[shot] tds-465-U3-after2 (1024x768)
[18:53:53] [tds] screen tds-465-U3-after2 : EDU c Prime K: Company Y: Data Accounting Voucher Creation Z: Exchange A Accept Q Search O: Import E: Export FinCom Spike Co M: Share Debit p: print x 20ct-26 Friday Credit Fl: Help Date b82e1 03 Purchase No. 4 Su*i« Imoice No. Particulars Cash Cur Bal: 300.00 Dr Narration: Unity Quit Date Company to ru F4: Contra F5: Payment Receipt Journal Sales 0912- 731-4 acepa 6c46- 2731- F9: Purchase acep Fl 0: 0åHVouctg•s F: Autofill Change Mode More Details o: L: Related Reports Optional post -Dated .337.0 -c978 ning 2d109 ing j _id" : . 0—011' 6c46- D: Delete x: Cancel Vch F12: Configure Mode Windows ...
[keys] '^a' -> Tally 'TallyPrime:9000'
[shot] tds-466-U3-accept3 (1024x768)
[18:53:58] [tds] screen tds-466-U3-accept3 : EDU c Prime K: Company Y: Data Accounting Voucher Creation Z: Exchange A Accept Q Search O: Import E: Export FinCom Spike Co M: Share Debit p: print x 20ct-26 Friday Credit Fl: Help Date b82e1 03 Purchase No. 4 Su*i« Imoice No. Particulars Cash Cur Bal: 300.00 Dr Narration: Unity Quit Date Company to ru F4: Contra F5: Payment Receipt Journal Sales 0912- 731-4 acepa 6c46- 2731- F9: Purchase acep Fl 0: 0åHVouctg•s F: Autofill Change Mode More Details o: L: Related Reports Optional post -Dated .337.0 -c978 ning 2d109 ing j _id" : . 0—011' 6c46- D: Delete x: Cancel Vch F12: Configure Mode Windows ...
[shot] tds-467-U3-after3 (1024x768)
[18:53:59] [tds] screen tds-467-U3-after3 : EDU c Prime K: Company Y: Data Accounting Voucher Creation Z: Exchange A Accept Q Search O: Import E: Export FinCom Spike Co M: Share Debit p: print x 20ct-26 Friday Credit Fl: Help Date b82e1 03 Purchase No. 4 Su*i« Imoice No. Particulars Cash Cur Bal: 300.00 Dr Narration: Unity Quit Date Company to ru F4: Contra F5: Payment Receipt Journal Sales 0912- 731-4 acepa 6c46- 2731- F9: Purchase acep Fl 0: 0åHVouctg•s F: Autofill Change Mode More Details o: L: Related Reports Optional post -Dated .337.0 -c978 ning 2d109 ing j _id" : . 0—011' 6c46- D: Delete x: Cancel Vch F12: Configure Mode Windows ...
[keys] '^a' -> Tally 'TallyPrime:9000'
[shot] tds-468-U3-accept4 (1024x768)
[18:54:04] [tds] screen tds-468-U3-accept4 : EDU c Prime K: Company Y: Data Accounting Voucher Creation Z: Exchange A Accept Q Search O: Import E: Export FinCom Spike Co M: Share Debit p: print x 20ct-26 Friday Credit Fl: Help Date b82e1 03 Purchase No. 4 Su*i« Imoice No. Particulars Cash Cur Bal: 300.00 Dr Narration: Unity Quit Date Company to ru F4: Contra F5: Payment Receipt Journal Sales 0912- 731-4 acepa 6c46- 2731- F9: Purchase acep Fl 0: 0åHVouctg•s F: Autofill Change Mode More Details o: L: Related Reports Optional post -Dated .337.0 -c978 ning 2d109 ing j _id" : . 0—011' 6c46- D: Delete x: Cancel Vch F12: Configure Mode Windows ...
[shot] tds-469-U3-after4 (1024x768)
[18:54:05] [tds] screen tds-469-U3-after4 : EDU c Prime K: Company Y: Data Accounting Voucher Creation Z: Exchange A Accept Q Search O: Import E: Export FinCom Spike Co M: Share Debit p: print x 20ct-26 Friday Credit Fl: Help Date b82e1 03 Purchase No. 4 Su*i« Imoice No. Particulars Cash Cur Bal: 300.00 Dr Narration: Unity Quit Date Company to ru F4: Contra F5: Payment Receipt Journal Sales 0912- 731-4 acepa 6c46- 2731- F9: Purchase acep Fl 0: 0åHVouctg•s F: Autofill Change Mode More Details o: L: Related Reports Optional post -Dated .337.0 -c978 ning 2d109 ing j _id" : . 0—011' 6c46- D: Delete x: Cancel Vch F12: Configure Mode Windows ...
[shot] tds-470-gw0 (1024x768)
[18:54:05] [tds] screen tds-470-gw0 : EDU c Prime K: Company Y: Data Accounting Voucher Creation Z: Exchange A Accept Q Search O: Import E: Export FinCom Spike Co M: Share Debit p: print x 20ct-26 Friday Credit Fl: Help Date b82e1 03 Purchase No. 4 Su*i« Imoice No. Particulars Cash Cur Bal: 300.00 Dr Narration: Unity Quit Date Company to ru F4: Contra F5: Payment Receipt Journal Sales 0912- 731-4 acepa 6c46- 2731- F9: Purchase acep Fl 0: 0åHVouctg•s F: Autofill Change Mode More Details o: L: Related Reports Optional post -Dated .337.0 -c978 ning 2d109 ing j _id" : . 0—011' 6c46- D: Delete x: Cancel Vch F12: Configure Mode Windows ...
[keys] '{ESC}' -> Tally 'TallyPrime:9000'
[shot] tds-471-gw1 (1024x768)
[18:54:09] [tds] screen tds-471-gw1 : EDU c Prime K: Company Y: Data Accounting Voucher Creation Z: Exchange A: Accept Q Search O: Import E: Export FinCom Spike Co 03 Purchase No. 4 Su*i« Imoice No. Particulars Cash Cur Bal: 300.00 Dr Narration: Unity Q: Quit Date M: Share Debit p: print x 20ct-26 Friday Credit Quit o Yes or No D: Delete X: Cancel Vch Fl: Help F2: Date F3: Company F4: Contra F5: Payment F6: Receipt F7: Journal F8: Sales F9: Purchase F: Autofill H: Change Mode l: More Details O: Related Reports k: Optional T: post -Dated Fl 2: Configure b82e1 to ru 0912- 731-4 acepa 6c46- 2731- acep .337.0 -c978 ning 2d109 ing j _i...
[keys] 'y' -> Tally 'TallyPrime:9000'
[shot] tds-472-gw2 (1024x768)
[18:54:13] [tds] screen tds-472-gw2 : EDU c Prime Gatewa of Tall CURRENT PERIOD K: Company Y: Data Z: Exchange O: Import E: Export M: Share p: print Fl: Help Date b82e1 I-Apr-26 to 31-Mar-27 NAME OF COMPANY FinCom Spike Co Q CURRENT OATE Friday, 2-Oct-2026 2-Oct-26 Search Gateway of Tally MASTERS Create Alter CHart of Accounts TRANSACTIONS Vouchers Day 800K UTILITIES BaNking REPORTS Balance Sheet Profit & Loss A/c Stock Summary Ratio Analysis Display More Reports DashbOard Quit Unity Company to ru 0912- 731-4 acepa 6c46- 2731- acep .337.0 -c978 ning 2d109 ing j _id" : . 0—011' 6c46- Mode Windows Server 2025 Datacenter Build 26100....
  voucher mid=1 aid=1 Journal/1/20260401 guid=6a19ae25-8faa-41ba-b1a7-6062aa81a638-00000001 cancelled=False
  voucher mid=2 aid=2 Journal/2/20261001 guid=6a19ae25-8faa-41ba-b1a7-6062aa81a638-00000002 cancelled=False
  voucher mid=3 aid=3 Journal/3/20261001 guid=6a19ae25-8faa-41ba-b1a7-6062aa81a638-00000003 cancelled=False
  voucher mid=4 aid=4 Journal/4/20261001 guid=6a19ae25-8faa-41ba-b1a7-6062aa81a638-00000004 cancelled=False
  voucher mid=5 aid=5 Journal/5/20261001 guid=6a19ae25-8faa-41ba-b1a7-6062aa81a638-00000005 cancelled=False
  voucher mid=6 aid=6 Payroll/1/20261001 guid=6a19ae25-8faa-41ba-b1a7-6062aa81a638-00000006 cancelled=False
  voucher mid=7 aid=7 Receipt/1/20261002 guid=6a19ae25-8faa-41ba-b1a7-6062aa81a638-00000007 cancelled=False
  voucher mid=8 aid=8 Receipt/2/20261002 guid=6a19ae25-8faa-41ba-b1a7-6062aa81a638-00000008 cancelled=False
  voucher mid=9 aid=9 Payment/1/20261002 guid=6a19ae25-8faa-41ba-b1a7-6062aa81a638-00000009 cancelled=False
  voucher mid=10 aid=10 Payment/2/20261002 guid=6a19ae25-8faa-41ba-b1a7-6062aa81a638-0000000a cancelled=False
  voucher mid=11 aid=11 Contra/1/20261002 guid=6a19ae25-8faa-41ba-b1a7-6062aa81a638-0000000b cancelled=False
  voucher mid=12 aid=12 Journal/6/20261002 guid=6a19ae25-8faa-41ba-b1a7-6062aa81a638-0000000c cancelled=False
  voucher mid=13 aid=13 Journal/7/20261002 guid=6a19ae25-8faa-41ba-b1a7-6062aa81a638-0000000d cancelled=False
  voucher mid=14 aid=14 Sales/1/20261002 guid=6a19ae25-8faa-41ba-b1a7-6062aa81a638-0000000e cancelled=False
  voucher mid=15 aid=15 Sales/2/20261002 guid=6a19ae25-8faa-41ba-b1a7-6062aa81a638-0000000f cancelled=False
  voucher mid=16 aid=16 Sales/3/20261002 guid=6a19ae25-8faa-41ba-b1a7-6062aa81a638-00000010 cancelled=False
  voucher mid=17 aid=17 Purchase/1/20261002 guid=6a19ae25-8faa-41ba-b1a7-6062aa81a638-00000011 cancelled=False
  voucher mid=18 aid=18 Purchase/2/20261002 guid=6a19ae25-8faa-41ba-b1a7-6062aa81a638-00000012 cancelled=False
  voucher mid=19 aid=19 Sales/4/20261002 guid=6a19ae25-8faa-41ba-b1a7-6062aa81a638-00000013 cancelled=False
  voucher mid=20 aid=20 Purchase/3/20261002 guid=6a19ae25-8faa-41ba-b1a7-6062aa81a638-00000014 cancelled=False
  INFO share purchase-agst (purchase in As Voucher mode, the supplier Cr with an Agst Ref bill (the advance ADVP-1)): Tally Purchase 3 mid 20; stored party 'Share Supplier' bills [Agst Ref]; the line party '' bills [Agst Ref]; lines voucher_accept_post x1, voucher_full x1
[18:54:16] ---- share credit-note: credit note, item invoice, Agst Ref the sales bill SB-1
  voucher mid=1 aid=1 Journal/1/20260401 guid=6a19ae25-8faa-41ba-b1a7-6062aa81a638-00000001 cancelled=False
  voucher mid=2 aid=2 Journal/2/20261001 guid=6a19ae25-8faa-41ba-b1a7-6062aa81a638-00000002 cancelled=False
  voucher mid=3 aid=3 Journal/3/20261001 guid=6a19ae25-8faa-41ba-b1a7-6062aa81a638-00000003 cancelled=False
  voucher mid=4 aid=4 Journal/4/20261001 guid=6a19ae25-8faa-41ba-b1a7-6062aa81a638-00000004 cancelled=False
  voucher mid=5 aid=5 Journal/5/20261001 guid=6a19ae25-8faa-41ba-b1a7-6062aa81a638-00000005 cancelled=False
  voucher mid=6 aid=6 Payroll/1/20261001 guid=6a19ae25-8faa-41ba-b1a7-6062aa81a638-00000006 cancelled=False
  voucher mid=7 aid=7 Receipt/1/20261002 guid=6a19ae25-8faa-41ba-b1a7-6062aa81a638-00000007 cancelled=False
  voucher mid=8 aid=8 Receipt/2/20261002 guid=6a19ae25-8faa-41ba-b1a7-6062aa81a638-00000008 cancelled=False
  voucher mid=9 aid=9 Payment/1/20261002 guid=6a19ae25-8faa-41ba-b1a7-6062aa81a638-00000009 cancelled=False
  voucher mid=10 aid=10 Payment/2/20261002 guid=6a19ae25-8faa-41ba-b1a7-6062aa81a638-0000000a cancelled=False
  voucher mid=11 aid=11 Contra/1/20261002 guid=6a19ae25-8faa-41ba-b1a7-6062aa81a638-0000000b cancelled=False
  voucher mid=12 aid=12 Journal/6/20261002 guid=6a19ae25-8faa-41ba-b1a7-6062aa81a638-0000000c cancelled=False
  voucher mid=13 aid=13 Journal/7/20261002 guid=6a19ae25-8faa-41ba-b1a7-6062aa81a638-0000000d cancelled=False
  voucher mid=14 aid=14 Sales/1/20261002 guid=6a19ae25-8faa-41ba-b1a7-6062aa81a638-0000000e cancelled=False
  voucher mid=15 aid=15 Sales/2/20261002 guid=6a19ae25-8faa-41ba-b1a7-6062aa81a638-0000000f cancelled=False
  voucher mid=16 aid=16 Sales/3/20261002 guid=6a19ae25-8faa-41ba-b1a7-6062aa81a638-00000010 cancelled=False
  voucher mid=17 aid=17 Purchase/1/20261002 guid=6a19ae25-8faa-41ba-b1a7-6062aa81a638-00000011 cancelled=False
  voucher mid=18 aid=18 Purchase/2/20261002 guid=6a19ae25-8faa-41ba-b1a7-6062aa81a638-00000012 cancelled=False
  voucher mid=19 aid=19 Sales/4/20261002 guid=6a19ae25-8faa-41ba-b1a7-6062aa81a638-00000013 cancelled=False
  voucher mid=20 aid=20 Purchase/3/20261002 guid=6a19ae25-8faa-41ba-b1a7-6062aa81a638-00000014 cancelled=False
[shot] tds-473-gw0 (1024x768)
[18:54:17] [tds] screen tds-473-gw0 : EDU c Prime Gatewa of Tall CURRENT PERIOD K: Company Y: Data Z: Exchange O: Import E: Export M: Share p: print Fl: Help Date b82e1 I-Apr-26 to 31-Mar-27 NAME OF COMPANY FinCom Spike Co Q CURRENT OATE Friday, 2-Oct-2026 2-Oct-26 Search Gateway of Tally MASTERS Create Alter CHart of Accounts TRANSACTIONS Vouchers Day 800K UTILITIES BaNking REPORTS Balance Sheet Profit & Loss A/c Stock Summary Ratio Analysis Display More Reports DashbOard Quit Unity Company to ru 0912- 731-4 acepa 6c46- 2731- acep .337.0 -c978 ning 2d109 ing j _id" : . 0—011' 6c46- Mode Windows Server 2025 Datacenter Build 26100....
[shot] tds-474-N1-start (1024x768)
[18:54:18] [tds] screen tds-474-N1-start : EDU c Prime Gatewa of Tall CURRENT PERIOD K: Company Y: Data Z: Exchange O: Import E: Export M: Share p: print Fl: Help Date b82e1 I-Apr-26 to 31-Mar-27 NAME OF COMPANY FinCom Spike Co Q CURRENT OATE Friday, 2-Oct-2026 2-Oct-26 Search Gateway of Tally MASTERS Create Alter CHart of Accounts TRANSACTIONS Vouchers Day 800K UTILITIES BaNking REPORTS Balance Sheet Profit & Loss A/c Stock Summary Ratio Analysis Display More Reports DashbOard Quit Unity Company to ru 0912- 731-4 acepa 6c46- 2731- acep .337.0 -c978 ning 2d109 ing j _id" : . 0—011' 6c46- Mode Windows Server 2025 Datacenter Build 26100....
[keys] 'v' -> Tally 'TallyPrime:9000'
[shot] tds-475-N1-vouchers (1024x768)
[18:54:22] [tds] screen tds-475-N1-vouchers : EDU c Prime K: Company Y: Data Accounting Voucher Creation Z: Exchange A Accept Q Search O: Import E: Export FinCom Spike Co M: Share Debit p: print x 20ct-26 Friday Credit Fl: Help Date b82e1 03 Purchase No. 4 Su*i« Imoice No. Particulars Narration: Unity Quit Date Company to ru F4: Contra F5: Payment Receipt Journal Sales 0912- 731-4 acepa 6c46- 2731- F9: Purchase acep Fl 0: 0åHVouctg•s F: Autofill Change Mode More Details o: L: Related Reports Optional post -Dated .337.0 -c978 ning 2d109 ing j _id" : . 0—011' 6c46- D: Delete x: Cancel Vch F12: Configure Mode Windows Server 2025 Datacenter B...
[keys] '{F10}' -> Tally 'TallyPrime:9000'
[shot] tds-476-N1-type (1024x768)
[18:54:26] [tds] screen tds-476-N1-type : EDU c Prime Unity Quit K: Company Y: Data Z: Exchange FinCom • ke Co Change Voucher Type O: Import Create Show Inactive F4 A lt+F6 Ctd+F7 Alt+F7 E: Export M: Share p: print x : It Fl: Help Purchase List of Voucher T S Accounting Vouchers Contra Credit Note Debit Note Journal Payment Purchase Receipt Sales Inventory Vouchers Physical Stock Stock Journal b82e1 to ru 0912- 731-4 acepa 6c46- 2731- acep .337.0 -c978 ning 2d109 ing j _id" : . 0—011' 6c46- Mode Q Search Windows Server 2025 Datacenter Build 26100.ge_release240331-1435 6:54 PM 10/8/2026
[keys] 'Credit Note{ENTER}' -> Tally 'TallyPrime:9000'
[shot] tds-477-N1-type (1024x768)
[18:54:30] [tds] screen tds-477-N1-type : EDU c Prime K: Company Y: Data Accounting»ucher Creation 03 Credit Note Party Alc narne. Current balance: Ledger account: Current balance: Name of Item Narration: Unity Quit Z: Exchange A Accept Q Search FinCom Spike Co O: Import E: Export List of Led er Accounts Cash Share Bank Share Party Share Supplier Spike Party Spike Party 2 Ul Party M: Share p: print x Create Fl: Help Date b82e1 Company to ru F4: Contra F5: Payment Receipt Journal Sales 0912- 731-4 acepa 6c46- 2731- Purchase acep Fl 0: 0åHVouctg•s F: Autofill Change Mode More Details o: L: Related Reports Optional post -Dated .337.0 -c9...
[keys] '^h' -> Tally 'TallyPrime:9000'
[shot] tds-478-N1-mode (1024x768)
[18:54:34] [tds] screen tds-478-N1-mode : EDU c Prime Change Mode Unity Quit K: Company Y: Data Z: Exchange O: Import E: Export M: Share p: print Fl: Help FinCom • ke Co Change Voucher Mode Item Invoice List of Modes/Usa es Item Invoice Accounting Invoice As Voucher Use for Interest Accounting A Accept Q Search b82e1 to ru 0912- 731-4 acepa 6c46- 2731- acep .337.0 -c978 ning 2d109 ing j _id" : . 0—011' 6c46- Mode Windows Server 2025 Datacenter Build 26100.ge_release240331-1435 6:54 PM 10/8/2026
[keys] 'Item Invoice{ENTER}' -> Tally 'TallyPrime:9000'
[shot] tds-479-N1-item-mode (1024x768)
[18:54:38] [tds] screen tds-479-N1-item-mode : EDU c Prime K: Company Y: Data Accounting»ucher Creation 03 Credit Note Party Alc narne. Current balance: Ledger account: Current balance: Name of Item Narration: Unity Quit Z: Exchange A Accept Q Search FinCom Spike Co O: Import E: Export List of Led er Accounts Cash Share Bank Share Party Share Supplier Spike Party Spike Party 2 Ul Party M: Share p: print x Create Fl: Help Date b82e1 Company to ru F4: Contra F5: Payment Receipt Journal Sales 0912- 731-4 acepa 6c46- 2731- Purchase acep Fl 0: 0åHVouctg•s F: Autofill Change Mode More Details o: L: Related Reports Optional post -Dated .337.0 -c9...
[keys] '{F2}' -> Tally 'TallyPrime:9000'
[shot] tds-480-N1-date-box (1024x768)
[18:54:41] [tds] screen tds-480-N1-date-box : EDU c Prime Change Voucher Date Unity Quit K: Company Y: Data Z: Exchange A Accept Q Search O: Import E: Export M: Share p: print Fl: Help FinCom Spike Co Voucher Date 3-10-2026 b82e1 to ru 0912- 731-4 acepa 6c46- 2731- acep .337.0 -c978 ning 2d109 ing j _id" : . 0—011' 6c46- Mode Windows Server 2025 Datacenter Build 26100.ge_release240331-1435 6:54 PM 10/8/2026
[keys] '2-10-2026{ENTER}' -> Tally 'TallyPrime:9000'
[shot] tds-481-N1-date (1024x768)
[18:54:45] [tds] screen tds-481-N1-date : EDU c Prime K: Company Y: Data Accounting»ucher Creation 03 Credit Note Party Alc narne. Current balance: Ledger account: Current balance: Name of Item Narration: Unity Quit Z: Exchange A Accept Q Search FinCom Spike Co O: Import E: Export List of Led er Accounts Cash Share Bank Share Party Share Supplier Spike Party Spike Party 2 Ul Party M: Share p: print x Create Fl: Help Date b82e1 Company to ru F4: Contra F5: Payment Receipt Journal Sales 0912- 731-4 acepa 6c46- 2731- Purchase acep Fl 0: 0åHVouctg•s F: Autofill Change Mode More Details o: L: Related Reports Optional post -Dated .337.0 -c9...
[keys] 'Share Party{ENTER}' -> Tally 'TallyPrime:9000'
[shot] tds-482-N1-party (1024x768)
[18:54:49] [tds] screen tds-482-N1-party : EDU c Prime Details K: Company Y: Data Z: Exchange Accept Q Search O: Import E: Export M: Share p: print x Fl: Help Tracking No(s) Original Invoice No. FinCom Spike Co Receipt Details Dispatch Doc No. Dispatched through Destination Carrier Name/Agent Bill of No. Motor Vehicle No. Original Invoice Details Date Date: Unity Quit b82e1 to ru 0912- 731-4 acepa 6c46- 2731- acep .337.0 -c978 ning 2d109 ing j _id" : . 0—011' 6c46- Mode Windows Server 2025 Datacenter Build 26100.ge_release240331-1435 6:54 PM 10/8/2026
[shot] tds-483-N1-party-sub1 (1024x768)
[18:54:50] [tds] screen tds-483-N1-party-sub1 : EDU c Prime Details K: Company Y: Data Z: Exchange Accept Q Search O: Import E: Export M: Share p: print x Fl: Help Tracking No(s) Original Invoice No. FinCom Spike Co Receipt Details Dispatch Doc No. Dispatched through Destination Carrier Name/Agent Bill of No. Motor Vehicle No. Original Invoice Details Date Date: Unity Quit b82e1 to ru 0912- 731-4 acepa 6c46- 2731- acep .337.0 -c978 ning 2d109 ing j _id" : . 0—011' 6c46- Mode Windows Server 2025 Datacenter Build 26100.ge_release240331-1435 6:54 PM 10/8/2026
[keys] '^a' -> Tally 'TallyPrime:9000'
[shot] tds-484-N1-party-sub-accept (1024x768)
[18:54:54] [tds] screen tds-484-N1-party-sub-accept : Unity EDU c Prime Details Quit K: Company Y: Data Z: Exchange FinCom Spike Co Party Details Share Pa List of Led er Accounts Share Party Share Supplier Spike Party Spike Party 2 Ul Party O: Import Create New Party E: Export M: Share p: print Fl: Help x Buyer (Bill to) Mailing Name Address State Country GST Registration type GSTIN/UIN Place of Supply Accept Q Search L: Fetch Details Using b82e1 to ru 0912- 731-4 acepa 6c46- 2731- acep .337.0 -c978 ning 2d109 GSTIN/UIN ing j _id" : . 0—011' 6c46- Configure Mode Windows Server 2025 Datacenter Build 26100.ge_release240331-1435 6:54 PM 10/8/2026
[shot] tds-485-N1-party-sub2 (1024x768)
[18:54:55] [tds] screen tds-485-N1-party-sub2 : Unity EDU c Prime Details Quit K: Company Y: Data Z: Exchange FinCom Spike Co Party Details Share Pa List of Led er Accounts Share Party Share Supplier Spike Party Spike Party 2 Ul Party O: Import Create New Party E: Export M: Share p: print Fl: Help x Buyer (Bill to) Mailing Name Address State Country GST Registration type GSTIN/UIN Place of Supply Accept Q Search L: Fetch Details Using b82e1 to ru 0912- 731-4 acepa 6c46- 2731- acep .337.0 -c978 ning 2d109 GSTIN/UIN ing j _id" : . 0—011' 6c46- Configure Mode Windows Server 2025 Datacenter Build 26100.ge_release240331-1435 6:54 PM 10/8/2026
[keys] '^a' -> Tally 'TallyPrime:9000'
[shot] tds-486-N1-party-sub-accept (1024x768)
[18:54:58] [tds] screen tds-486-N1-party-sub-accept : EDU c Prime K: Company Y: Data Accounting»ucher Creation 03 Credit Note Party A/c narne: Share Party Current balance: 4,500.00 Dr Ledger account: Current balance: Name of Item Narration: Unity Quit Z: Exchange A Accept Q Search FinCom Spike Co O: Import E: Export List of Led er Accounts Share Sales M: Share p: print Create Show More x Fl: Help Date b82e1 Company to ru F4: Contra F5: Payment Receipt Journal Sales 0912- 731-4 acepa 6c46- 2731- Purchase acep Fl 0: 0åHVouctg•s F: Autofill Change Mode More Details o: L: Related Reports Optional post -Dated .337.0 -c978 ning 2d109 ing j _id" : . 0—0...
[shot] tds-487-N1-party-sub3 (1024x768)
[18:54:59] [tds] screen tds-487-N1-party-sub3 : EDU c Prime K: Company Y: Data Accounting»ucher Creation 03 Credit Note Party A/c narne: Share Party Current balance: 4,500.00 Dr Ledger account: Current balance: Name of Item Narration: Unity Quit Z: Exchange A Accept Q Search FinCom Spike Co O: Import E: Export List of Led er Accounts Share Sales M: Share p: print Create Show More x Fl: Help Date b82e1 Company to ru F4: Contra F5: Payment Receipt Journal Sales 0912- 731-4 acepa 6c46- 2731- Purchase acep Fl 0: 0åHVouctg•s F: Autofill Change Mode More Details o: L: Related Reports Optional post -Dated .337.0 -c978 ning 2d109 ing j _id" : . 0—0...
[keys] 'Share Sales{ENTER}' -> Tally 'TallyPrime:9000'
[shot] tds-488-N1-ledger (1024x768)
[18:55:03] [tds] screen tds-488-N1-ledger : EDU c Prime K: Company Y: Data Accounting»ucher Creation 03 Credit Note Party A/c narne: Share Party Current balance: 4,500.00 Dr Ledger account: Share Sales Current balance: 1,000.00 Cr Name of Item Ch Narration: Unity Quit Z: Exchange A Accept Q Search FinCom Spike Co O: Import Quantity E: Export Rate M: Share per p: print x 20ct-26 Friday Amount Fl: Help Date b82e1 Company to ru F4: Contra F5: Payment Receipt Journal Sales 0912- 731-4 acepa 6c46- 2731- Purchase acep Fl 0: 0åHVouctg•s F: Autofill Change Mode More Details o: L: Related Reports Optional post -Dated .337.0 -c978 ning 2d109 ing ...
[keys] 'Share Item{ENTER}' -> Tally 'TallyPrime:9000'
[shot] tds-489-N1-item (1024x768)
[18:55:07] [tds] screen tds-489-N1-item : EDU c Prime K: Company Y: Data Accounting»ucher Creation 03 Credit Note Party A/c narne: Share Party Current balance: 4,500.00 Dr Ledger account: Share Sales Current balance: 1,000.00 Cr Name of Item Share Item Narration: Unity Quit Z: Exchange A Accept Q Search FinCom Spike Co O: Import Quantity E: Export Rate M: Share per p: print x 20ct-26 Friday Amount Fl: Help Date b82e1 Company to ru F4: Contra F5: Payment Receipt Journal Sales 0912- 731-4 acepa 6c46- 2731- Purchase acep Fl 0: 0åHVouctg•s F: Autofill Change Mode More Details o: L: Related Reports Optional post -Dated .337.0 -c978 ning 2d...
[shot] tds-490-N1-item-sub1 (1024x768)
[18:55:08] [tds] screen tds-490-N1-item-sub1 : EDU c Prime K: Company Y: Data Accounting»ucher Creation 03 Credit Note Party A/c narne: Share Party Current balance: 4,500.00 Dr Ledger account: Share Sales Current balance: 1,000.00 Cr Name of Item Share Item Narration: Unity Quit Z: Exchange A Accept Q Search FinCom Spike Co O: Import Quantity E: Export Rate M: Share per p: print x 20ct-26 Friday Amount Fl: Help Date b82e1 Company to ru F4: Contra F5: Payment Receipt Journal Sales 0912- 731-4 acepa 6c46- 2731- Purchase acep Fl 0: 0åHVouctg•s F: Autofill Change Mode More Details o: L: Related Reports Optional post -Dated .337.0 -c978 ning 2d...
[keys] '1{ENTER}' -> Tally 'TallyPrime:9000'
[shot] tds-491-N1-qty (1024x768)
[18:55:11] [tds] screen tds-491-N1-qty : EDU c Prime K: Company Y: Data Accounting»ucher Creation 03 Credit Note Party A/c narne: Share Party Current balance: 4,500.00 Dr Ledger account: Share Sales Current balance: 1,000.00 Cr Name of Item Share Item Narration: Unity Quit Z: Exchange A Accept Q Search FinCom Spike Co O: Import Quantity 1 Nos 1 Nos E: Export Rate 100.00 M: Share per Nos p: print x 20ct-26 Friday Amount 100.00 Fl: Help Date b82e1 Company to ru F4: Contra F5: Payment Receipt Journal Sales 0912- 731-4 acepa 6c46- 2731- Purchase acep Fl 0: 0åHVouctg•s F: Autofill Change Mode More Details o: L: 100.00 Related Reports Opti...
[keys] '100{ENTER}' -> Tally 'TallyPrime:9000'
[shot] tds-492-N1-rate (1024x768)
[18:55:15] [tds] screen tds-492-N1-rate : EDU c Prime K: Company Y: Data Accounting»ucher Creation 03 Credit Note Party A/c narne: Share Party Current balance: 4,500.00 Dr Ledger account: Share Sales Current balance: 1,000.00 Cr Name of Item Share Item Narration: Unity Quit Z: Exchange A Accept Q Search FinCom Spike Co O: Import Quantity 1 Nos 1 Nos E: Export Rate 100.00 M: Share per Nos p: print x 20ct-26 Friday Amount 100.00 Fl: Help Date b82e1 Company to ru F4: Contra F5: Payment Receipt Journal Sales 0912- 731-4 acepa 6c46- 2731- Purchase acep Fl 0: 0åHVouctg•s F: Autofill Change Mode More Details o: L: 100.00 Related Reports Opti...
[keys] '{ENTER}' -> Tally 'TallyPrime:9000'
[shot] tds-493-N1-amount (1024x768)
[18:55:18] [tds] screen tds-493-N1-amount : EDU c Prime K: Company Y: Data Accounting»ucher Creation 03 Credit Note Party A/c narne: Share Party Current balance: 4,500.00 Dr Ledger account: Share Sales Current balance: 1,000.00 Cr Name of Item Share Item Narration: Unity Quit Z: Exchange A Accept Q Search FinCom Spike Co O: Import Quantity 1 Nos 1 Nos E: Export Rate 100.00 M: Share per Nos p: print x 20ct-26 Friday Amount 100.00 Fl: Help Date b82e1 Company to ru F4: Contra F5: Payment Receipt Journal Sales 0912- 731-4 acepa 6c46- 2731- Purchase acep Fl 0: 0åHVouctg•s F: Autofill Change Mode More Details o: L: 100.00 Related Reports Opti...
[shot] tds-494-N1-item-b-sub1 (1024x768)
[18:55:19] [tds] screen tds-494-N1-item-b-sub1 : EDU c Prime K: Company Y: Data Accounting»ucher Creation 03 Credit Note Party A/c narne: Share Party Current balance: 4,500.00 Dr Ledger account: Share Sales Current balance: 1,000.00 Cr Name of Item Share Item Narration: Unity Quit Z: Exchange A Accept Q Search FinCom Spike Co O: Import Quantity 1 Nos 1 Nos E: Export Rate 100.00 M: Share per Nos p: print x 20ct-26 Friday Amount 100.00 Fl: Help Date b82e1 Company to ru F4: Contra F5: Payment Receipt Journal Sales 0912- 731-4 acepa 6c46- 2731- Purchase acep Fl 0: 0åHVouctg•s F: Autofill Change Mode More Details o: L: 100.00 Related Reports Opti...
[keys] '{ENTER}' -> Tally 'TallyPrime:9000'
[shot] tds-495-N1-items-done (1024x768)
[18:55:22] [tds] screen tds-495-N1-items-done : EDU c Prime K: Company Y: Data Accounting»ucher Creation 03 Credit Note Party A/c narne: Share Party Current balance: 4,500.00 Dr Ledger account: Share Sales Current balance: 1,000.00 Cr Name of Item Share Item Narration: Unity Quit Z: Exchange A Accept Q Search FinCom Spike Co O: Import Quantity 1 Nos 1 Nos E: Export Rate 100.00 M: Share per Nos p: print x 20ct-26 Friday Amount 100.00 100.00 Fl: Help Date b82e1 Company to ru F4: Contra F5: Payment Receipt Journal Sales 0912- 731-4 acepa 6c46- 2731- Purchase Fl 0: 0åHVouctg•s F: Autofill Change Mode More Details o: L: 100.00 Related Reports Op...
[keys] '^a' -> Tally 'TallyPrime:9000'
[shot] tds-496-N1-accept1 (1024x768)
[18:55:27] [tds] screen tds-496-N1-accept1 : Unity EDU c Prime Bill-wise Details Quit K: Company Y: Data Z: Exchange FinCom Spike Co Bill-wise Details for : Share Party Up to: 100.00 cr O: Import Amount E: Export M: Share p: print x Fl: Help Type of Ref St Ref Name Method of Ad Advance Agst Ref New Ref On Account Accept Q Search Due Date, or Credit Days 20ct-26) b82e1 to ru 0912- 731-4 acepa 6c46- 2731- acep .337.0 -c978 ning 2d109 ing j _id" : . 0—011' 6c46- Mode Windows Server 2025 Datacenter Build 26100.ge_release240331-1435 6:55 PM 10/8/2026
[shot] tds-497-N1-after1 (1024x768)
[18:55:27] [tds] screen tds-497-N1-after1 : Unity EDU c Prime Bill-wise Details Quit K: Company Y: Data Z: Exchange FinCom Spike Co Bill-wise Details for : Share Party Up to: 100.00 cr O: Import Amount E: Export M: Share p: print x Fl: Help Type of Ref Name Method of Ad Advance Agst Ref New Ref On Account Accept Q Search Due Date, or Credit Days 20ct-26) A St Ref b82e1 to ru 0912- 731-4 acepa 6c46- 2731- acep .337.0 -c978 ning 2d109 ing j _id" : . 0—011' 6c46- Mode Windows Server 2025 Datacenter Build 26100.ge_release240331-1435 6:55 PM 10/8/2026
[shot] tds-498-N1-at1-bills1 (1024x768)
[18:55:28] [tds] screen tds-498-N1-at1-bills1 : Unity EDU c Prime Bill-wise Details Quit K: Company Y: Data Z: Exchange FinCom Spike Co Bill-wise Details for : Share Party Up to: 100.00 cr O: Import Amount E: Export M: Share p: print x Fl: Help Type of Ref Name Method of Ad Advance Agst Ref New Ref On Account Accept Q Search Due Date, or Credit Days 20ct-26) A St Ref b82e1 to ru 0912- 731-4 acepa 6c46- 2731- acep .337.0 -c978 ning 2d109 ing j _id" : . 0—011' 6c46- Mode Windows Server 2025 Datacenter Build 26100.ge_release240331-1435 6:55 PM 10/8/2026
[keys] 'Agst Ref{ENTER}' -> Tally 'TallyPrime:9000'
[shot] tds-499-N1-at1-reftype (1024x768)
[18:55:32] [tds] screen tds-499-N1-at1-reftype : Unity EDU c Prime Bill-wise Details Quit K: Company Y: Data Z: Exchange FinCom Spike Co Bill-wise Details for : Share Party Up to: 100.00 cr O: Import Amount E: Export M: Share p: print x Fl: Help pendin Name 1 3 ADVS-I Sd-I Type of Ref Agst Ref Bills Bill Date 2-Oct-26 2-Oct-26 I-Oct-26 I-Oct-26 Accept Name Due Date 2-Oct-26 2-Oct-26 I-Oct-26 I-Oct-26 Due Date, or Credit Days (wef 20ct-26) Balance 400.00 Dr 300.00 Dr 700.00 cr 4,500.00 Dr Final Balance 400.00 Dr 300.00 Dr 700.00 cr 4,500.00 Dr b82e1 to ru 0912- 731-4 acepa 6c46- 2731- acep .337.0 -c978 ning 2d109 ing j _id" : . 0—011' 6c46- M...
[keys] 'SB-1{ENTER}' -> Tally 'TallyPrime:9000'
[shot] tds-500-N1-at1-refname (1024x768)
[18:55:36] [tds] screen tds-500-N1-at1-refname : Unity EDU c Prime Bill-wise Details Quit K: Company Y: Data Z: Exchange O: Import E: Export M: Share p: print x Fl: Help FinCom Spike Co Bill-wise Details for : Share Party Up to: 100.00 cr Type of Ref Agst Ref Name SB_I Accept Q Search Due Date, or Credit Days (wef 20ct-26) Amount 000.00 cr 100.00 cr b82e1 to ru 0912- 731-4 acepa 6c46- 2731- acep .337.0 -c978 ning 2d109 ing j _id" : . 0—011' 6c46- Mode Windows Server 2025 Datacenter Build 26100.ge_release240331-1435 6:55 PM 10/8/2026
[keys] '{ENTER}' -> Tally 'TallyPrime:9000'
[shot] tds-501-N1-at1-refamount (1024x768)
[18:55:40] [tds] screen tds-501-N1-at1-refamount : Unity EDU c Prime Bill-wise Details Quit K: Company Y: Data Z: Exchange FinCom Spike Co Bill-wise Details for : Share Party Up to: 100.00 cr O: Import E: Export Amount 100.00 100.00 cr M: Share p: print x Fl: Help Type of Ref Agst Ref Name SB_I Accept Q Search Due Date, or Credit Days (wef 20ct-26) b82e1 to ru 0912- 731-4 acepa 6c46- 2731- acep .337.0 -c978 ning 2d109 ing j _id" : . 0—011' 6c46- Mode Windows Server 2025 Datacenter Build 26100.ge_release240331-1435 6:55 PM 10/8/2026
[shot] tds-502-N1-at1-bills2 (1024x768)
[18:55:41] [tds] screen tds-502-N1-at1-bills2 : Unity EDU c Prime Bill-wise Details Quit K: Company Y: Data Z: Exchange FinCom Spike Co Bill-wise Details for : Share Party Up to: 100.00 cr O: Import E: Export Amount 100.00 100.00 cr M: Share p: print x Fl: Help Type of Ref Agst Ref Name SB_I Accept Q Search Due Date, or Credit Days (wef 20ct-26) b82e1 to ru 0912- 731-4 acepa 6c46- 2731- acep .337.0 -c978 ning 2d109 ing j _id" : . 0—011' 6c46- Mode Windows Server 2025 Datacenter Build 26100.ge_release240331-1435 6:55 PM 10/8/2026
[keys] '^a' -> Tally 'TallyPrime:9000'
[shot] tds-503-N1-at1-bills-accept (1024x768)
[18:55:44] [tds] screen tds-503-N1-at1-bills-accept : EDU c Prime K: Company Y: Data Accounting»ucher Creation 03 Credit Note Party A/c narne: Share Party Current balance: 4,500.00 Dr Ledger account: Share Sales Current balance: 1,000.00 Cr Name of Item Share Item End of List Narration: Unity Quit Z: Exchange Accept Q Search FinCom Spike Co O: Import Quantity 1 Nos 1 Nos E: Export Rate 100.00 M: Share per Nos p: print x 20ct-26 Friday Amount 100.00 Fl: Help Date b82e1 Company to ru F4: Contra F5: Payment Receipt Journal Sales 0912- 731-4 acepa 6c46- 2731- Purchase acep Fl 0: 0åHVouctg•s F: Autofill Change Mode More Details o: L: 100.00 Related Re...
[shot] tds-504-N1-at1-bills3 (1024x768)
[18:55:45] [tds] screen tds-504-N1-at1-bills3 : EDU c Prime K: Company Y: Data Accounting»ucher Creation 03 Credit Note Party A/c narne: Share Party Current balance: 4,500.00 Dr Ledger account: Share Sales Current balance: 1,000.00 Cr Name of Item Share Item End of List Narration: Unity Quit Z: Exchange Accept Q Search FinCom Spike Co O: Import Quantity 1 Nos 1 Nos E: Export Rate 100.00 M: Share per Nos p: print x 20ct-26 Friday Amount 100.00 Fl: Help Date b82e1 Company to ru F4: Contra F5: Payment Receipt Journal Sales 0912- 731-4 acepa 6c46- 2731- Purchase acep Fl 0: 0åHVouctg•s F: Autofill Change Mode More Details o: L: 100.00 Related Re...
[keys] '^a' -> Tally 'TallyPrime:9000'
[shot] tds-505-N1-accept2 (1024x768)
[18:55:50] [tds] screen tds-505-N1-accept2 : EDU c Prime K: Company Y: Data Accounting»ucher Creation 03 Credit Note Party Alc narne. Current balance: Ledger account: Current balance: Name of Item Narration: Unity Quit Z: Exchange A Accept Q Search FinCom Spike Co O: Import E: Export List of Led er Accounts Cash Share Bank Share Party Share Supplier Spike Party Spike Party 2 Ul Party M: Share p: print x Create Fl: Help Date b82e1 Company to ru F4: Contra F5: Payment Receipt Journal Sales 0912- 731-4 acepa 6c46- 2731- Purchase acep Fl 0: 0åHVouctg•s F: Autofill Change Mode More Details o: L: Related Reports Optional post -Dated .337.0 -c9...
[shot] tds-506-N1-after2 (1024x768)
[18:55:51] [tds] screen tds-506-N1-after2 : EDU c Prime K: Company Y: Data Accounting»ucher Creation 03 Credit Note Party Alc narne. Current balance: Ledger account: Current balance: Name of Item Narration: Unity Quit Z: Exchange A Accept Q Search FinCom Spike Co O: Import E: Export List of Led er Accounts Cash Share Bank Share Party Share Supplier Spike Party Spike Party 2 Ul Party M: Share p: print x Create Fl: Help Date b82e1 Company to ru F4: Contra F5: Payment Receipt Journal Sales 0912- 731-4 acepa 6c46- 2731- Purchase acep Fl 0: 0åHVouctg•s F: Autofill Change Mode More Details o: L: Related Reports Optional post -Dated .337.0 -c9...
[shot] tds-507-gw0 (1024x768)
[18:55:52] [tds] screen tds-507-gw0 : EDU c Prime K: Company Y: Data Accounting»ucher Creation 03 Credit Note Party Alc narne. Current balance: Ledger account: Current balance: Name of Item Narration: Unity Quit Z: Exchange A Accept Q Search FinCom Spike Co O: Import E: Export List of Led er Accounts Cash Share Bank Share Party Share Supplier Spike Party Spike Party 2 Ul Party M: Share p: print x Create Fl: Help Date b82e1 Company to ru F4: Contra F5: Payment Receipt Journal Sales 0912- 731-4 acepa 6c46- 2731- Purchase acep Fl 0: 0åHVouctg•s F: Autofill Change Mode More Details o: L: Related Reports Optional post -Dated .337.0 -c9...
[keys] '{ESC}' -> Tally 'TallyPrime:9000'
[shot] tds-508-gw1 (1024x768)
[18:55:55] [tds] screen tds-508-gw1 : EDU c Prime K: Company Y: Data Accounting»ucher Creation 03 Credit Note Party Alc narne. Current balance: Ledger account: Current balance: Name of Item Narration: Unity Q: Quit Z: Exchange A: Accept Q Search FinCom Spike Co O: Import Quantity E: Export Rate M: Share per p: print x 20ct-26 Friday Amount Quit o Yes or No D: Delete X: Cancel Vch Fl: Help F2: Date F3: Company F4: Contra F5: Payment F6: Receipt F7: Journal F8: Sales F9: Purchase F: Autofill H: Change Mode l: More Details O: Related Reports k: Optional T: post -Dated Fl 2: Configure b82e1 to ru 0912- 731-4 acepa 6c46- 2731- acep .33...
[keys] 'y' -> Tally 'TallyPrime:9000'
[shot] tds-509-gw2 (1024x768)
[18:55:59] [tds] screen tds-509-gw2 : EDU c Prime Gatewa of Tall CURRENT PERIOD K: Company Y: Data Z: Exchange O: Import E: Export M: Share p: print Fl: Help Date b82e1 I-Apr-26 to 31-Mar-27 NAME OF COMPANY FinCom Spike Co Q CURRENT OATE Friday, 2-Oct-2026 2-Oct-26 Search Gateway of Tally MASTERS Create Alter CHart of Accounts TRANSACTIONS Vouchers Day 800K UTILITIES BaNking REPORTS Balance Sheet Profit & Loss A/c Stock Summary Ratio Analysis Display More Reports DashbOard Quit Unity Company to ru 0912- 731-4 acepa 6c46- 2731- acep .337.0 -c978 ning 2d109 ing j _id" : . 0—011' 6c46- Mode Windows Server 2025 Datacenter Build 26100....
  voucher mid=1 aid=1 Journal/1/20260401 guid=6a19ae25-8faa-41ba-b1a7-6062aa81a638-00000001 cancelled=False
  voucher mid=2 aid=2 Journal/2/20261001 guid=6a19ae25-8faa-41ba-b1a7-6062aa81a638-00000002 cancelled=False
  voucher mid=3 aid=3 Journal/3/20261001 guid=6a19ae25-8faa-41ba-b1a7-6062aa81a638-00000003 cancelled=False
  voucher mid=4 aid=4 Journal/4/20261001 guid=6a19ae25-8faa-41ba-b1a7-6062aa81a638-00000004 cancelled=False
  voucher mid=5 aid=5 Journal/5/20261001 guid=6a19ae25-8faa-41ba-b1a7-6062aa81a638-00000005 cancelled=False
  voucher mid=6 aid=6 Payroll/1/20261001 guid=6a19ae25-8faa-41ba-b1a7-6062aa81a638-00000006 cancelled=False
  voucher mid=7 aid=7 Receipt/1/20261002 guid=6a19ae25-8faa-41ba-b1a7-6062aa81a638-00000007 cancelled=False
  voucher mid=8 aid=8 Receipt/2/20261002 guid=6a19ae25-8faa-41ba-b1a7-6062aa81a638-00000008 cancelled=False
  voucher mid=9 aid=9 Payment/1/20261002 guid=6a19ae25-8faa-41ba-b1a7-6062aa81a638-00000009 cancelled=False
  voucher mid=10 aid=10 Payment/2/20261002 guid=6a19ae25-8faa-41ba-b1a7-6062aa81a638-0000000a cancelled=False
  voucher mid=11 aid=11 Contra/1/20261002 guid=6a19ae25-8faa-41ba-b1a7-6062aa81a638-0000000b cancelled=False
  voucher mid=12 aid=12 Journal/6/20261002 guid=6a19ae25-8faa-41ba-b1a7-6062aa81a638-0000000c cancelled=False
  voucher mid=13 aid=13 Journal/7/20261002 guid=6a19ae25-8faa-41ba-b1a7-6062aa81a638-0000000d cancelled=False
  voucher mid=14 aid=14 Sales/1/20261002 guid=6a19ae25-8faa-41ba-b1a7-6062aa81a638-0000000e cancelled=False
  voucher mid=15 aid=15 Sales/2/20261002 guid=6a19ae25-8faa-41ba-b1a7-6062aa81a638-0000000f cancelled=False
  voucher mid=16 aid=16 Sales/3/20261002 guid=6a19ae25-8faa-41ba-b1a7-6062aa81a638-00000010 cancelled=False
  voucher mid=17 aid=17 Purchase/1/20261002 guid=6a19ae25-8faa-41ba-b1a7-6062aa81a638-00000011 cancelled=False
  voucher mid=18 aid=18 Purchase/2/20261002 guid=6a19ae25-8faa-41ba-b1a7-6062aa81a638-00000012 cancelled=False
  voucher mid=19 aid=19 Sales/4/20261002 guid=6a19ae25-8faa-41ba-b1a7-6062aa81a638-00000013 cancelled=False
  voucher mid=20 aid=20 Purchase/3/20261002 guid=6a19ae25-8faa-41ba-b1a7-6062aa81a638-00000014 cancelled=False
  voucher mid=21 aid=21 Credit Note/1/20261002 guid=6a19ae25-8faa-41ba-b1a7-6062aa81a638-00000015 cancelled=False
  INFO share credit-note (credit note, item invoice, Agst Ref the sales bill SB-1): Tally Credit Note 1 mid 21; stored party 'Share Party' bills [Agst Ref,Agst Ref]; the line party 'Share Party' bills []; lines voucher_accept_post x1, voucher_full x1
[18:56:02] ---- share copy-journal-party: Alt+2 copy of the journal with a party (its New Ref JN-1 as the copy carries it)
  voucher mid=1 aid=1 Journal/1/20260401 guid=6a19ae25-8faa-41ba-b1a7-6062aa81a638-00000001 cancelled=False
  voucher mid=2 aid=2 Journal/2/20261001 guid=6a19ae25-8faa-41ba-b1a7-6062aa81a638-00000002 cancelled=False
  voucher mid=3 aid=3 Journal/3/20261001 guid=6a19ae25-8faa-41ba-b1a7-6062aa81a638-00000003 cancelled=False
  voucher mid=4 aid=4 Journal/4/20261001 guid=6a19ae25-8faa-41ba-b1a7-6062aa81a638-00000004 cancelled=False
  voucher mid=5 aid=5 Journal/5/20261001 guid=6a19ae25-8faa-41ba-b1a7-6062aa81a638-00000005 cancelled=False
  voucher mid=6 aid=6 Payroll/1/20261001 guid=6a19ae25-8faa-41ba-b1a7-6062aa81a638-00000006 cancelled=False
  voucher mid=7 aid=7 Receipt/1/20261002 guid=6a19ae25-8faa-41ba-b1a7-6062aa81a638-00000007 cancelled=False
  voucher mid=8 aid=8 Receipt/2/20261002 guid=6a19ae25-8faa-41ba-b1a7-6062aa81a638-00000008 cancelled=False
  voucher mid=9 aid=9 Payment/1/20261002 guid=6a19ae25-8faa-41ba-b1a7-6062aa81a638-00000009 cancelled=False
  voucher mid=10 aid=10 Payment/2/20261002 guid=6a19ae25-8faa-41ba-b1a7-6062aa81a638-0000000a cancelled=False
  voucher mid=11 aid=11 Contra/1/20261002 guid=6a19ae25-8faa-41ba-b1a7-6062aa81a638-0000000b cancelled=False
  voucher mid=12 aid=12 Journal/6/20261002 guid=6a19ae25-8faa-41ba-b1a7-6062aa81a638-0000000c cancelled=False
  voucher mid=13 aid=13 Journal/7/20261002 guid=6a19ae25-8faa-41ba-b1a7-6062aa81a638-0000000d cancelled=False
  voucher mid=14 aid=14 Sales/1/20261002 guid=6a19ae25-8faa-41ba-b1a7-6062aa81a638-0000000e cancelled=False
  voucher mid=15 aid=15 Sales/2/20261002 guid=6a19ae25-8faa-41ba-b1a7-6062aa81a638-0000000f cancelled=False
  voucher mid=16 aid=16 Sales/3/20261002 guid=6a19ae25-8faa-41ba-b1a7-6062aa81a638-00000010 cancelled=False
  voucher mid=17 aid=17 Purchase/1/20261002 guid=6a19ae25-8faa-41ba-b1a7-6062aa81a638-00000011 cancelled=False
  voucher mid=18 aid=18 Purchase/2/20261002 guid=6a19ae25-8faa-41ba-b1a7-6062aa81a638-00000012 cancelled=False
  voucher mid=19 aid=19 Sales/4/20261002 guid=6a19ae25-8faa-41ba-b1a7-6062aa81a638-00000013 cancelled=False
  voucher mid=20 aid=20 Purchase/3/20261002 guid=6a19ae25-8faa-41ba-b1a7-6062aa81a638-00000014 cancelled=False
  voucher mid=21 aid=21 Credit Note/1/20261002 guid=6a19ae25-8faa-41ba-b1a7-6062aa81a638-00000015 cancelled=False
[shot] tds-510-gw0 (1024x768)
[18:56:03] [tds] screen tds-510-gw0 : EDU c Prime Gatewa of Tall CURRENT PERIOD K: Company Y: Data Z: Exchange O: Import E: Export M: Share p: print Fl: Help Date b82e1 I-Apr-26 to 31-Mar-27 NAME OF COMPANY FinCom Spike Co Q CURRENT OATE Friday, 2-Oct-2026 2-Oct-26 Search Gateway of Tally MASTERS Create Alter CHart of Accounts TRANSACTIONS Vouchers Day 800K UTILITIES BaNking REPORTS Balance Sheet Profit & Loss A/c Stock Summary Ratio Analysis Display More Reports DashbOard Quit Unity Company to ru 0912- 731-4 acepa 6c46- 2731- acep .337.0 -c978 ning 2d109 ing j _id" : . 0—011' 6c46- Mode Windows Server 2025 Datacenter Build 26100....
[keys] '%g' -> Tally 'TallyPrime:9000'
[shot] tds-511-D2-goto (1024x768)
[18:56:07] [tds] screen tds-511-D2-goto : EDU c Prime Unity Quit K: Company Y: Data Z: Exchange O: Import E: Export M: Share p: print Fl: Help x List of Re Its Saved Views Bills Payable - GST Bills Payable - GST - Sundry Creditors Bills Payable - GST - Sundry Debtors Bills Receivable - GST Bills Receivable - GST - Sundry Creditors Bills Receivable - GST - Sundry Debtors Purchase Dashboard Sales Dashboard IMS Inward Supplies - Filed Invoices Ledger Vouchers - GST Details Outstanding MSME Bills Common Reports Dashboard Balance Sheet Profit & Loss A/c Cash/Bank Book Day Book Ledger Vouchers Ledger Vouchers - GST Stock Summary Trial Balan...
[keys] 'Day Book' -> Tally 'TallyPrime:9000'
[keys] '{ENTER}' -> Tally 'TallyPrime:9000'
[shot] tds-512-D2-daybook (1024x768)
[18:56:14] [tds] screen tds-512-D2-daybook : EDU c Prime Da Book • Day Book K: Company Y: Data Particulars Z: Exchange A Add Vch Q Search FinCom • ke Co Vch Type Contra Payment Payment Receipt Receipt Journal Journal Credit Note Sales Sales Sales Sales Purchase Purchase Purchase O: Import Vch No. E: Export M: Share P: Print For 2-Oct-26 Fl: Help F2: Date b82e1 Company to ru Voucher Date 2-Oct-26 2-Oct-26 2-Oct-26 2-Oct-26 2-Oct-26 . 2-Oct-26 2-Oct-26 2-Oct-26 2-Oct-26 2-Oct-26 2-Oct-26 2-Oct-26 2-Oct-26 2-Oct-26 2-Oct-26 Quit Debit Amount Credit Amount Inwards Qty_ Outwards Qt Cash Share Supplier Share Expense Share Party Spike Income Sh...
[keys] '{F2}' -> Tally 'TallyPrime:9000'
[shot] tds-513-D2-db-date (1024x768)
[18:56:17] [tds] screen tds-513-D2-db-date : EDU c Prime Change Date Unity Quit K: Company Y: Data Z: Exchange A Accept Q Search O: Import E: Export M: Share p: print Fl: Help FinCom Spike Co Change Date 2-10-2026 b82e1 to ru 0912- 731-4 acepa 6c46- 2731- acep .337.0 -c978 ning 2d109 ing j _id" : . 0—011' 6c46- Mode Windows Server 2025 Datacenter Build 26100.ge_release240331-1435 6:56 PM 10/8/2026
[keys] '2-10-2026{ENTER}' -> Tally 'TallyPrime:9000'
[shot] tds-514-D2-db-dated (1024x768)
[18:56:22] [tds] screen tds-514-D2-db-dated : EDU c Prime Da Book • Day Book K: Company Y: Data Particulars Z: Exchange A Add Vch Q Search FinCom • ke Co Vch Type Contra Payment Payment Receipt Receipt Journal Journal Credit Note Sales Sales Sales Sales Purchase Purchase Purchase O: Import Vch No. E: Export M: Share P: Print For 2-Oct-26 Fl: Help F2: Date b82e1 Company to ru Voucher Date 2-Oct-26 2-Oct-26 2-Oct-26 2-Oct-26 2-Oct-26 . 2-Oct-26 2-Oct-26 2-Oct-26 2-Oct-26 2-Oct-26 2-Oct-26 2-Oct-26 2-Oct-26 2-Oct-26 2-Oct-26 Quit Debit Amount Credit Amount Inwards Qty_ Outwards Qt Cash Share Supplier Share Expense Share Party Spike Income Sh...
[keys] '{F4}' -> Tally 'TallyPrime:9000'
[shot] tds-515-D2-db-type (1024x768)
[18:56:26] [tds] screen tds-515-D2-db-type : EDU c Prime Change Voucher Type Unity Quit K: Company Y: Data Z: Exchange FinCom • ke Co Name of VoucherType O: Import Create E: Export M: Share p: print Fl: Help Voucher T • All Items Contra Credit Note Debit Note Journal s Memorandum Payment Physical Stock Purchase Receipt Reversing Journal Sales Stock Journal A Accept Q Search b82e1 to ru 0912- 731-4 acepa 6c46- 2731- acep .337.0 -c978 ning 2d109 ing j _id" : . 0—011' 6c46- Mode Windows Server 2025 Datacenter Build 26100.ge_release240331-1435 6:56 PM 10/8/2026
[keys] 'Journal{ENTER}' -> Tally 'TallyPrime:9000'
[shot] tds-516-D2-db-typed (1024x768)
[18:56:31] [tds] screen tds-516-D2-db-typed : EDU c Prime K: Company Y: Data Da Book • List of Journal Vouchers Z: Exchange A Add Vch Q Search FinCom • ke Co Vch Type Journal Journal O: Import Vch No. 6 7 Total: E: Export M: Share P: Print For 2-Oct-26 Fl: Help F2: Date b82e1 Date 2-Oct-26 2-Oct-26 Unity Quit Particulars Share Expense Share Expense Debit Amount 600.00 250.00 850.00 Credit Amount U: Restore Line Company to ru Voucher 0912- Type 731-4 acepa Enter: Alter Space: Sekd DuÅicate Vch I Insert Vch Delete x: Cancel Vch F 7: Show profit Columnar FIO B: Basis of = Values Change ¯ View Exception J: Reports Save View L: Apply F: — Filt...
[keys] '{END}' -> Tally 'TallyPrime:9000'
[shot] tds-517-D2-db-last (1024x768)
[18:56:34] [tds] screen tds-517-D2-db-last : EDU c Prime K: Company Y: Data Da Book • List of Journal Vouchers Z: Exchange A Add Vch Q Search FinCom • ke Co Vch Type Journal Journal O: Import Vch No. 6 Total: E: Export M: Share P: Print For 2-Oct-26 Fl: Help F2: Date b82e1 Date 2-Oct-26 2-Oct-26 Unity Quit Particulars Share Expense Share Expense Debit Amount 600.00 250.00 850.00 Credit Amount U: Restore Line Company to ru Voucher 0912- Type 731-4 acepa Enter: Alter Space: Sekd DuÅicate Vch I Insert Vch Delete x: Cancel Vch F 7: Show profit Columnar FIO B: Basis of = Values Change ¯ View Exception J: Reports Save View L: Apply F: — Filter...
[keys] '%2' -> Tally 'TallyPrime:9000'
[shot] tds-518-D2-copy (1024x768)
[18:56:38] [tds] screen tds-518-D2-copy : EDU c Prime K: Company Y: Data Accounting Voucher Creation (Duplication 03 Journal Particulars CurBal: 5,150.00 Dr Share Emp 1 To Spike Income CurBal: 5,950.00 Cr Share Emp 1 Narration: Unity Quit Z: Exchange 250.00 Dr 250.00 Cr A Accept Q Search FinCom • ke Co O: Import E: Export List of Led er Accounts Profit & Loss A/c Share Basic Share Expense Share HRA Share Party Share Purchase Share Salary Payable Share Sales Share Supplier Spike Income Spike Party Spike Party 2 Ul Party M: Share p: print Create Show More x Fl: Help Q: Date Company Ed: Contra Payment Receipt F-7: Journal Sales b82e1 to ...
[keys] '^a' -> Tally 'TallyPrime:9000'
[shot] tds-519-D2-accept1 (1024x768)
[18:56:43] [tds] screen tds-519-D2-accept1 : EDU c Prime K: Company Y: Data Da Book • List of Journal Vouchers Z: Exchange A Add Vch Q Search FinCom • ke Co Vch Type Journal Journal Journal O: Import Vch No. 6 7 8 Total: E: Export M: Share P: Print For 2-Oct-26 Fl: Help F2: Date b82e1 Date 2-Oct-26 2-Oct-26 2-Oct-26 Unity Quit Particulars Share Expense Share Expense Share Expense Debit Amount 600.00 250.00 250.00 1,100 00 Credit Amount U: Restore Line Company to ru Voucher 0912- Type 731-4 acepa Enter: Alter Space: Sekd DuÅicate Vch I Insert Vch Delete x: Cancel Vch F 7: Show profit Columnar FIO B: Basis of = Values Change ¯ View Excepti...
[shot] tds-520-D2-after1 (1024x768)
[18:56:44] [tds] screen tds-520-D2-after1 : EDU c Prime K: Company Y: Data Da Book • List of Journal Vouchers Z: Exchange A Add Vch Q Search FinCom • ke Co Vch Type Journal Journal Journal O: Import Vch No. 6 7 8 Total: E: Export M: Share P: Print For 2-Oct-26 Fl: Help F2: Date b82e1 Date 2-Oct-26 2-Oct-26 2-Oct-26 Unity Quit Particulars Share Expense Share Expense Share Expense Debit Amount 600.00 250.00 250.00 1,100 00 Credit Amount U: Restore Line Company to ru Voucher 0912- Type 731-4 acepa Enter: Alter Space: Sekd DuÅicate Vch I Insert Vch Delete x: Cancel Vch F 7: Show profit Columnar FIO B: Basis of = Values Change ¯ View Excepti...
[shot] tds-521-gw0 (1024x768)
[18:56:45] [tds] screen tds-521-gw0 : EDU c Prime K: Company Y: Data Da Book • List of Journal Vouchers Z: Exchange A Add Vch Q Search FinCom • ke Co Vch Type Journal Journal Journal O: Import Vch No. 6 7 8 Total: E: Export M: Share P: Print For 2-Oct-26 Fl: Help F2: Date b82e1 Date 2-Oct-26 2-Oct-26 2-Oct-26 Unity Quit Particulars Share Expense Share Expense Share Expense Debit Amount 600.00 250.00 250.00 1,100 00 Credit Amount U: Restore Line Company to ru Voucher 0912- Type 731-4 acepa Enter: Alter Space: Sekd DuÅicate Vch I Insert Vch Delete x: Cancel Vch F 7: Show profit Columnar FIO B: Basis of = Values Change ¯ View Excepti...
[keys] '{ESC}' -> Tally 'TallyPrime:9000'
[shot] tds-522-gw1 (1024x768)
[18:56:49] [tds] screen tds-522-gw1 : EDU c Prime Gatewa of Tall CURRENT PERIOD K: Company Y: Data Z: Exchange O: Import E: Export M: Share p: print Fl: Help Date b82e1 I-Apr-26 to 31-Mar-27 NAME OF COMPANY FinCom Spike Co Q CURRENT OATE Friday, 2-Oct-2026 2-Oct-26 Search Gateway of Tally MASTERS Create Alter CHart of Accounts TRANSACTIONS Vouchers Day 800K UTILITIES BaNking REPORTS Balance Sheet Profit & Loss A/c Stock Summary Ratio Analysis Display More Reports DashbOard Quit Unity Company to ru 0912- 731-4 acepa 6c46- 2731- acep .337.0 -c978 ning 2d109 ing j _id" : . 0—011' 6c46- Mode Windows Server 2025 Datacenter Build 26100....
  voucher mid=1 aid=1 Journal/1/20260401 guid=6a19ae25-8faa-41ba-b1a7-6062aa81a638-00000001 cancelled=False
  voucher mid=2 aid=2 Journal/2/20261001 guid=6a19ae25-8faa-41ba-b1a7-6062aa81a638-00000002 cancelled=False
  voucher mid=3 aid=3 Journal/3/20261001 guid=6a19ae25-8faa-41ba-b1a7-6062aa81a638-00000003 cancelled=False
  voucher mid=4 aid=4 Journal/4/20261001 guid=6a19ae25-8faa-41ba-b1a7-6062aa81a638-00000004 cancelled=False
  voucher mid=5 aid=5 Journal/5/20261001 guid=6a19ae25-8faa-41ba-b1a7-6062aa81a638-00000005 cancelled=False
  voucher mid=6 aid=6 Payroll/1/20261001 guid=6a19ae25-8faa-41ba-b1a7-6062aa81a638-00000006 cancelled=False
  voucher mid=7 aid=7 Receipt/1/20261002 guid=6a19ae25-8faa-41ba-b1a7-6062aa81a638-00000007 cancelled=False
  voucher mid=8 aid=8 Receipt/2/20261002 guid=6a19ae25-8faa-41ba-b1a7-6062aa81a638-00000008 cancelled=False
  voucher mid=9 aid=9 Payment/1/20261002 guid=6a19ae25-8faa-41ba-b1a7-6062aa81a638-00000009 cancelled=False
  voucher mid=10 aid=10 Payment/2/20261002 guid=6a19ae25-8faa-41ba-b1a7-6062aa81a638-0000000a cancelled=False
  voucher mid=11 aid=11 Contra/1/20261002 guid=6a19ae25-8faa-41ba-b1a7-6062aa81a638-0000000b cancelled=False
  voucher mid=12 aid=12 Journal/6/20261002 guid=6a19ae25-8faa-41ba-b1a7-6062aa81a638-0000000c cancelled=False
  voucher mid=13 aid=13 Journal/7/20261002 guid=6a19ae25-8faa-41ba-b1a7-6062aa81a638-0000000d cancelled=False
  voucher mid=14 aid=14 Sales/1/20261002 guid=6a19ae25-8faa-41ba-b1a7-6062aa81a638-0000000e cancelled=False
  voucher mid=15 aid=15 Sales/2/20261002 guid=6a19ae25-8faa-41ba-b1a7-6062aa81a638-0000000f cancelled=False
  voucher mid=16 aid=16 Sales/3/20261002 guid=6a19ae25-8faa-41ba-b1a7-6062aa81a638-00000010 cancelled=False
  voucher mid=17 aid=17 Purchase/1/20261002 guid=6a19ae25-8faa-41ba-b1a7-6062aa81a638-00000011 cancelled=False
  voucher mid=18 aid=18 Purchase/2/20261002 guid=6a19ae25-8faa-41ba-b1a7-6062aa81a638-00000012 cancelled=False
  voucher mid=19 aid=19 Sales/4/20261002 guid=6a19ae25-8faa-41ba-b1a7-6062aa81a638-00000013 cancelled=False
  voucher mid=20 aid=20 Purchase/3/20261002 guid=6a19ae25-8faa-41ba-b1a7-6062aa81a638-00000014 cancelled=False
  voucher mid=21 aid=21 Credit Note/1/20261002 guid=6a19ae25-8faa-41ba-b1a7-6062aa81a638-00000015 cancelled=False
  voucher mid=22 aid=22 Journal/8/20261002 guid=6a19ae25-8faa-41ba-b1a7-6062aa81a638-00000016 cancelled=False
  INFO share copy-journal-party (Alt+2 copy of the journal with a party (its New Ref JN-1 as the copy carries it)): Tally Journal 8 mid 22; stored party '' bills []; the line party '' bills []; lines voucher_accept_post x1, voucher_full x1
[18:56:52] ---- share copy-receipt-plain: Alt+2 copy of the receipt with no party
  voucher mid=1 aid=1 Journal/1/20260401 guid=6a19ae25-8faa-41ba-b1a7-6062aa81a638-00000001 cancelled=False
  voucher mid=2 aid=2 Journal/2/20261001 guid=6a19ae25-8faa-41ba-b1a7-6062aa81a638-00000002 cancelled=False
  voucher mid=3 aid=3 Journal/3/20261001 guid=6a19ae25-8faa-41ba-b1a7-6062aa81a638-00000003 cancelled=False
  voucher mid=4 aid=4 Journal/4/20261001 guid=6a19ae25-8faa-41ba-b1a7-6062aa81a638-00000004 cancelled=False
  voucher mid=5 aid=5 Journal/5/20261001 guid=6a19ae25-8faa-41ba-b1a7-6062aa81a638-00000005 cancelled=False
  voucher mid=6 aid=6 Payroll/1/20261001 guid=6a19ae25-8faa-41ba-b1a7-6062aa81a638-00000006 cancelled=False
  voucher mid=7 aid=7 Receipt/1/20261002 guid=6a19ae25-8faa-41ba-b1a7-6062aa81a638-00000007 cancelled=False
  voucher mid=8 aid=8 Receipt/2/20261002 guid=6a19ae25-8faa-41ba-b1a7-6062aa81a638-00000008 cancelled=False
  voucher mid=9 aid=9 Payment/1/20261002 guid=6a19ae25-8faa-41ba-b1a7-6062aa81a638-00000009 cancelled=False
  voucher mid=10 aid=10 Payment/2/20261002 guid=6a19ae25-8faa-41ba-b1a7-6062aa81a638-0000000a cancelled=False
  voucher mid=11 aid=11 Contra/1/20261002 guid=6a19ae25-8faa-41ba-b1a7-6062aa81a638-0000000b cancelled=False
  voucher mid=12 aid=12 Journal/6/20261002 guid=6a19ae25-8faa-41ba-b1a7-6062aa81a638-0000000c cancelled=False
  voucher mid=13 aid=13 Journal/7/20261002 guid=6a19ae25-8faa-41ba-b1a7-6062aa81a638-0000000d cancelled=False
  voucher mid=14 aid=14 Sales/1/20261002 guid=6a19ae25-8faa-41ba-b1a7-6062aa81a638-0000000e cancelled=False
  voucher mid=15 aid=15 Sales/2/20261002 guid=6a19ae25-8faa-41ba-b1a7-6062aa81a638-0000000f cancelled=False
  voucher mid=16 aid=16 Sales/3/20261002 guid=6a19ae25-8faa-41ba-b1a7-6062aa81a638-00000010 cancelled=False
  voucher mid=17 aid=17 Purchase/1/20261002 guid=6a19ae25-8faa-41ba-b1a7-6062aa81a638-00000011 cancelled=False
  voucher mid=18 aid=18 Purchase/2/20261002 guid=6a19ae25-8faa-41ba-b1a7-6062aa81a638-00000012 cancelled=False
  voucher mid=19 aid=19 Sales/4/20261002 guid=6a19ae25-8faa-41ba-b1a7-6062aa81a638-00000013 cancelled=False
  voucher mid=20 aid=20 Purchase/3/20261002 guid=6a19ae25-8faa-41ba-b1a7-6062aa81a638-00000014 cancelled=False
  voucher mid=21 aid=21 Credit Note/1/20261002 guid=6a19ae25-8faa-41ba-b1a7-6062aa81a638-00000015 cancelled=False
  voucher mid=22 aid=22 Journal/8/20261002 guid=6a19ae25-8faa-41ba-b1a7-6062aa81a638-00000016 cancelled=False
[shot] tds-523-gw0 (1024x768)
[18:56:53] [tds] screen tds-523-gw0 : EDU c Prime Gatewa of Tall CURRENT PERIOD K: Company Y: Data Z: Exchange O: Import E: Export M: Share p: print Fl: Help Date b82e1 I-Apr-26 to 31-Mar-27 NAME OF COMPANY FinCom Spike Co Q CURRENT OATE Friday, 2-Oct-2026 2-Oct-26 Search Gateway of Tally MASTERS Create Alter CHart of Accounts TRANSACTIONS Vouchers Day 800K UTILITIES BaNking REPORTS Balance Sheet Profit & Loss A/c Stock Summary Ratio Analysis Display More Reports DashbOard Quit Unity Company to ru 0912- 731-4 acepa 6c46- 2731- acep .337.0 -c978 ning 2d109 ing j _id" : . 0—011' 6c46- Mode Windows Server 2025 Datacenter Build 26100....
[keys] '%g' -> Tally 'TallyPrime:9000'
[shot] tds-524-D3-goto (1024x768)
[18:56:56] [tds] screen tds-524-D3-goto : EDU c Prime Unity Quit K: Company Y: Data Z: Exchange O: Import E: Export M: Share p: print Fl: Help x List of Re Its Saved Views Bills Payable - GST Bills Payable - GST - Sundry Creditors Bills Payable - GST - Sundry Debtors Bills Receivable - GST Bills Receivable - GST - Sundry Creditors Bills Receivable - GST - Sundry Debtors Purchase Dashboard Sales Dashboard IMS Inward Supplies - Filed Invoices Ledger Vouchers - GST Details Outstanding MSME Bills Common Reports Dashboard Balance Sheet Profit & Loss A/c Cash/Bank Book Day Book Ledger Vouchers Ledger Vouchers - GST Stock Summary Trial Balan...
[keys] 'Day Book' -> Tally 'TallyPrime:9000'
[keys] '{ENTER}' -> Tally 'TallyPrime:9000'
[shot] tds-525-D3-daybook (1024x768)
[18:57:04] [tds] screen tds-525-D3-daybook : EDU c Prime Da Book • Day Book K: Company Y: Data Particulars Z: Exchange A Add Vch Q Search FinCom • ke Co Vch Type Contra Payment Payment Receipt Receipt Journal Journal Journal Credit Note Sales Sales Sales Sales Purchase Purchase Purchase O: Import Vch No. 1 1 2 1 2 6 7 8 1 1 2 3 4 1 2 3 E: Export M: Share P: Print For 2-Oct-26 Fl: Help F2: Date b82e1 Company to ru Voucher Date 2-Oct-26 2-Oct-26 2-Oct-26 2-Oct-26 2-Oct-26 . 2-Oct-26 2-Oct-26 2-Oct-26 2-Oct-26 2-Oct-26 2-Oct-26 2-Oct-26 2-Oct-26 2-Oct-26 2-Oct-26 2-Oct-26 Quit Debit Amount Credit Amount Inwards Qty_ Outwards Qt Cash Share S...
[keys] '{F2}' -> Tally 'TallyPrime:9000'
[shot] tds-526-D3-db-date (1024x768)
[18:57:07] [tds] screen tds-526-D3-db-date : EDU c Prime Change Date Unity Quit K: Company Y: Data Z: Exchange A Accept Q Search O: Import E: Export M: Share p: print Fl: Help FinCom Spike Co Change Date 2-10-2026 b82e1 to ru 0912- 731-4 acepa 6c46- 2731- acep .337.0 -c978 ning 2d109 ing j _id" : . 0—011' 6c46- Mode Windows Server 2025 Datacenter Build 26100.ge_release240331-1435 6:57 PM 10/8/2026
[keys] '2-10-2026{ENTER}' -> Tally 'TallyPrime:9000'
[shot] tds-527-D3-db-dated (1024x768)
[18:57:12] [tds] screen tds-527-D3-db-dated : EDU c Prime Da Book • Day Book K: Company Y: Data Particulars Z: Exchange A Add Vch Q Search FinCom • ke Co Vch Type Contra Payment Payment Receipt Receipt Journal Journal Journal Credit Note Sales Sales Sales Sales Purchase Purchase Purchase O: Import Vch No. 1 1 2 1 2 6 7 8 1 1 2 3 4 1 2 3 E: Export M: Share P: Print For 2-Oct-26 Fl: Help F2: Date b82e1 Company to ru Voucher Date 2-Oct-26 2-Oct-26 2-Oct-26 2-Oct-26 2-Oct-26 . 2-Oct-26 2-Oct-26 2-Oct-26 2-Oct-26 2-Oct-26 2-Oct-26 2-Oct-26 2-Oct-26 2-Oct-26 2-Oct-26 2-Oct-26 Quit Debit Amount Credit Amount Inwards Qty_ Outwards Qt Cash Share S...
[keys] '{F4}' -> Tally 'TallyPrime:9000'
[shot] tds-528-D3-db-type (1024x768)
[18:57:15] [tds] screen tds-528-D3-db-type : EDU c Prime Change Voucher Type Unity Quit K: Company Y: Data Z: Exchange FinCom • ke Co Name of VoucherType O: Import Create E: Export M: Share p: print Fl: Help Voucher T • All Items Contra Credit Note Debit Note Journal s Memorandum Payment Physical Stock Purchase Receipt Reversing Journal Sales Stock Journal A Accept Q Search b82e1 to ru 0912- 731-4 acepa 6c46- 2731- acep .337.0 -c978 ning 2d109 ing j _id" : . 0—011' 6c46- Mode Windows Server 2025 Datacenter Build 26100.ge_release240331-1435 6:57 PM 10/8/2026
[keys] 'Receipt{ENTER}' -> Tally 'TallyPrime:9000'
[shot] tds-529-D3-db-typed (1024x768)
[18:57:20] [tds] screen tds-529-D3-db-typed : EDU c Prime K: Company Y: Data Da Book • List of Receipt Vouchers Z: Exchange A Add Vch Q Search FinCom • ke Co Vch Type Receipt Receipt DuÅicate Vch I Insert Vch O: Import Vch No. 1 2 Total: E: Export M: Share P: Print For 2-Oct-26 Fl: Help F2: Date b82e1 Date 2-Oct-26 2-Oct-26 Unity Quit Particulars Share Party Spike Income Enter: Alter Debit Amount Credit Amount 500.00 700.00 1,200.00 U: Restore Line Company to ru Voucher 0912- Type 731-4 acepa Space: Sekd Delete x: Cancel Vch F 7: Show profit Columnar FIO B: Basis of = Values Change ¯ View Exception J: Reports Save View L: Apply F: — Filte...
[keys] '{END}' -> Tally 'TallyPrime:9000'
[shot] tds-530-D3-db-last (1024x768)
[18:57:23] [tds] screen tds-530-D3-db-last : EDU c Prime K: Company Y: Data Da Book • List of Receipt Vouchers Z: Exchange A Add Vch Q Search FinCom • ke Co Vch Type Receipt Receipt DuÅicate Vch I Insert Vch O: Import Vch No. 1 2 Total: E: Export M: Share P: Print For 2-Oct-26 Fl: Help F2: Date b82e1 Date 2-Oct-26 2-Oct-26 Unity Quit Particulars Share Party Spike Income Enter: Alter Debit Amount Credit Amount 500.00 700.00 1,200.00 U: Restore Line Company to ru Voucher 0912- Type 731-4 acepa Space: Sekd Delete x: Cancel Vch F 7: Show profit Columnar FIO B: Basis of = Values Change ¯ View Exception J: Reports Save View L: Apply F: — Filte...
[keys] '%2' -> Tally 'TallyPrime:9000'
[shot] tds-531-D3-copy (1024x768)
[18:57:28] [tds] screen tds-531-D3-copy : EDU c Prime K: Company Y: Data Accounting Voucher Creation (Duplication 03 Recei t • Account Cash Current balance: 300.00 Dr Particulars Spike Income CurBal: 6,200.00 Cr Share Emp 1 Narration: • share receipt plain Unity Quit Z: Exchange 700.00 Cr A Accept Q Search O: Import E: Export M: Share FinCom • ke Co p: print x 2-Oct-26 Friday Amount 700.00 700.00 Fl: Help Q: Date Company Ed: Contra Payment F-6: Receipt : Journal Sales b82e1 to ru 0912- 731-4 acepa 6c46- Purchase 2731- Fl O: OåuVooctgs E: Autofill Change Mode More Details O: Related ¯ Repons Optional post -Dated J: Stat acep .337.0 -c9...
[keys] '^a' -> Tally 'TallyPrime:9000'
[shot] tds-532-D3-accept1 (1024x768)
[18:57:32] [tds] screen tds-532-D3-accept1 : EDU c Prime K: Company Y: Data Da Book • List of Receipt Vouchers Z: Exchange A Add Vch Q Search FinCom • ke Co Vch Type Receipt Receipt Receipt O: Import Vch No. 1 2 3 Total: E: Export M: Share P: Print For 2-Oct-26 Fl: Help F2: Date b82e1 Date 2-Oct-26 2-Oct-26 2-Oct-26 Unity Quit Particulars Share Party Spike Income Spike Income Enter: Alter Debit Amount Credit Amount 500.00 700.00 700.00 1,900.00 U: Restore Line Company to ru Voucher 0912- Type 731-4 acepa Space: Sekd DuÅicate Vch I Insert Vch Delete x: Cancel Vch F 7: Show profit Columnar FIO B: Basis of = Values Change ¯ View Exception J...
[shot] tds-533-D3-after1 (1024x768)
[18:57:33] [tds] screen tds-533-D3-after1 : EDU c Prime K: Company Y: Data Da Book • List of Receipt Vouchers Z: Exchange A Add Vch Q Search FinCom • ke Co Vch Type Receipt Receipt Receipt O: Import Vch No. 1 2 3 Total: E: Export M: Share P: Print For 2-Oct-26 Fl: Help F2: Date b82e1 Date 2-Oct-26 2-Oct-26 2-Oct-26 Unity Quit Particulars Share Party Spike Income Spike Income Enter: Alter Debit Amount Credit Amount 500.00 700.00 700.00 1,900.00 U: Restore Line Company to ru Voucher 0912- Type 731-4 acepa Space: Sekd DuÅicate Vch I Insert Vch Delete x: Cancel Vch F 7: Show profit Columnar FIO B: Basis of = Values Change ¯ View Exception J...
[shot] tds-534-gw0 (1024x768)
[18:57:34] [tds] screen tds-534-gw0 : EDU c Prime K: Company Y: Data Da Book • List of Receipt Vouchers Z: Exchange A Add Vch Q Search FinCom • ke Co Vch Type Receipt Receipt Receipt O: Import Vch No. 1 2 3 Total: E: Export M: Share P: Print For 2-Oct-26 Fl: Help F2: Date b82e1 Date 2-Oct-26 2-Oct-26 2-Oct-26 Unity Quit Particulars Share Party Spike Income Spike Income Enter: Alter Debit Amount Credit Amount 500.00 700.00 700.00 1,900.00 U: Restore Line Company to ru Voucher 0912- Type 731-4 acepa Space: Sekd DuÅicate Vch I Insert Vch Delete x: Cancel Vch F 7: Show profit Columnar FIO B: Basis of = Values Change ¯ View Exception J...
[keys] '{ESC}' -> Tally 'TallyPrime:9000'
[shot] tds-535-gw1 (1024x768)
[18:57:38] [tds] screen tds-535-gw1 : EDU c Prime Gatewa of Tall CURRENT PERIOD K: Company Y: Data Z: Exchange O: Import E: Export M: Share p: print Fl: Help Date b82e1 I-Apr-26 to 31-Mar-27 NAME OF COMPANY FinCom Spike Co Q CURRENT OATE Friday, 2-Oct-2026 2-Oct-26 Search Gateway of Tally MASTERS Create Alter CHart of Accounts TRANSACTIONS Vouchers Day 800K UTILITIES BaNking REPORTS Balance Sheet Profit & Loss A/c Stock Summary Ratio Analysis Display More Reports DashbOard Quit Unity Company to ru 0912- 731-4 acepa 6c46- 2731- acep .337.0 -c978 ning 2d109 ing j _id" : . 0—011' 6c46- Mode Windows Server 2025 Datacenter Build 26100....
  voucher mid=1 aid=1 Journal/1/20260401 guid=6a19ae25-8faa-41ba-b1a7-6062aa81a638-00000001 cancelled=False
  voucher mid=2 aid=2 Journal/2/20261001 guid=6a19ae25-8faa-41ba-b1a7-6062aa81a638-00000002 cancelled=False
  voucher mid=3 aid=3 Journal/3/20261001 guid=6a19ae25-8faa-41ba-b1a7-6062aa81a638-00000003 cancelled=False
  voucher mid=4 aid=4 Journal/4/20261001 guid=6a19ae25-8faa-41ba-b1a7-6062aa81a638-00000004 cancelled=False
  voucher mid=5 aid=5 Journal/5/20261001 guid=6a19ae25-8faa-41ba-b1a7-6062aa81a638-00000005 cancelled=False
  voucher mid=6 aid=6 Payroll/1/20261001 guid=6a19ae25-8faa-41ba-b1a7-6062aa81a638-00000006 cancelled=False
  voucher mid=7 aid=7 Receipt/1/20261002 guid=6a19ae25-8faa-41ba-b1a7-6062aa81a638-00000007 cancelled=False
  voucher mid=8 aid=8 Receipt/2/20261002 guid=6a19ae25-8faa-41ba-b1a7-6062aa81a638-00000008 cancelled=False
  voucher mid=9 aid=9 Payment/1/20261002 guid=6a19ae25-8faa-41ba-b1a7-6062aa81a638-00000009 cancelled=False
  voucher mid=10 aid=10 Payment/2/20261002 guid=6a19ae25-8faa-41ba-b1a7-6062aa81a638-0000000a cancelled=False
  voucher mid=11 aid=11 Contra/1/20261002 guid=6a19ae25-8faa-41ba-b1a7-6062aa81a638-0000000b cancelled=False
  voucher mid=12 aid=12 Journal/6/20261002 guid=6a19ae25-8faa-41ba-b1a7-6062aa81a638-0000000c cancelled=False
  voucher mid=13 aid=13 Journal/7/20261002 guid=6a19ae25-8faa-41ba-b1a7-6062aa81a638-0000000d cancelled=False
  voucher mid=14 aid=14 Sales/1/20261002 guid=6a19ae25-8faa-41ba-b1a7-6062aa81a638-0000000e cancelled=False
  voucher mid=15 aid=15 Sales/2/20261002 guid=6a19ae25-8faa-41ba-b1a7-6062aa81a638-0000000f cancelled=False
  voucher mid=16 aid=16 Sales/3/20261002 guid=6a19ae25-8faa-41ba-b1a7-6062aa81a638-00000010 cancelled=False
  voucher mid=17 aid=17 Purchase/1/20261002 guid=6a19ae25-8faa-41ba-b1a7-6062aa81a638-00000011 cancelled=False
  voucher mid=18 aid=18 Purchase/2/20261002 guid=6a19ae25-8faa-41ba-b1a7-6062aa81a638-00000012 cancelled=False
  voucher mid=19 aid=19 Sales/4/20261002 guid=6a19ae25-8faa-41ba-b1a7-6062aa81a638-00000013 cancelled=False
  voucher mid=20 aid=20 Purchase/3/20261002 guid=6a19ae25-8faa-41ba-b1a7-6062aa81a638-00000014 cancelled=False
  voucher mid=21 aid=21 Credit Note/1/20261002 guid=6a19ae25-8faa-41ba-b1a7-6062aa81a638-00000015 cancelled=False
  voucher mid=22 aid=22 Journal/8/20261002 guid=6a19ae25-8faa-41ba-b1a7-6062aa81a638-00000016 cancelled=False
  voucher mid=23 aid=23 Receipt/3/20261002 guid=6a19ae25-8faa-41ba-b1a7-6062aa81a638-00000017 cancelled=False
  INFO share copy-receipt-plain (Alt+2 copy of the receipt with no party): Tally Receipt 3 mid 23; stored party 'Cash' bills []; the line party 'Cash' bills []; lines voucher_accept_post x1, voucher_full x1
[18:57:41] ---- share alter-receipt-plain: alteration: the receipt with no party, its amount 700 -> 800
  voucher mid=1 aid=1 Journal/1/20260401 guid=6a19ae25-8faa-41ba-b1a7-6062aa81a638-00000001 cancelled=False
  voucher mid=2 aid=2 Journal/2/20261001 guid=6a19ae25-8faa-41ba-b1a7-6062aa81a638-00000002 cancelled=False
  voucher mid=3 aid=3 Journal/3/20261001 guid=6a19ae25-8faa-41ba-b1a7-6062aa81a638-00000003 cancelled=False
  voucher mid=4 aid=4 Journal/4/20261001 guid=6a19ae25-8faa-41ba-b1a7-6062aa81a638-00000004 cancelled=False
  voucher mid=5 aid=5 Journal/5/20261001 guid=6a19ae25-8faa-41ba-b1a7-6062aa81a638-00000005 cancelled=False
  voucher mid=6 aid=6 Payroll/1/20261001 guid=6a19ae25-8faa-41ba-b1a7-6062aa81a638-00000006 cancelled=False
  voucher mid=7 aid=7 Receipt/1/20261002 guid=6a19ae25-8faa-41ba-b1a7-6062aa81a638-00000007 cancelled=False
  voucher mid=8 aid=8 Receipt/2/20261002 guid=6a19ae25-8faa-41ba-b1a7-6062aa81a638-00000008 cancelled=False
  voucher mid=9 aid=9 Payment/1/20261002 guid=6a19ae25-8faa-41ba-b1a7-6062aa81a638-00000009 cancelled=False
  voucher mid=10 aid=10 Payment/2/20261002 guid=6a19ae25-8faa-41ba-b1a7-6062aa81a638-0000000a cancelled=False
  voucher mid=11 aid=11 Contra/1/20261002 guid=6a19ae25-8faa-41ba-b1a7-6062aa81a638-0000000b cancelled=False
  voucher mid=12 aid=12 Journal/6/20261002 guid=6a19ae25-8faa-41ba-b1a7-6062aa81a638-0000000c cancelled=False
  voucher mid=13 aid=13 Journal/7/20261002 guid=6a19ae25-8faa-41ba-b1a7-6062aa81a638-0000000d cancelled=False
  voucher mid=14 aid=14 Sales/1/20261002 guid=6a19ae25-8faa-41ba-b1a7-6062aa81a638-0000000e cancelled=False
  voucher mid=15 aid=15 Sales/2/20261002 guid=6a19ae25-8faa-41ba-b1a7-6062aa81a638-0000000f cancelled=False
  voucher mid=16 aid=16 Sales/3/20261002 guid=6a19ae25-8faa-41ba-b1a7-6062aa81a638-00000010 cancelled=False
  voucher mid=17 aid=17 Purchase/1/20261002 guid=6a19ae25-8faa-41ba-b1a7-6062aa81a638-00000011 cancelled=False
  voucher mid=18 aid=18 Purchase/2/20261002 guid=6a19ae25-8faa-41ba-b1a7-6062aa81a638-00000012 cancelled=False
  voucher mid=19 aid=19 Sales/4/20261002 guid=6a19ae25-8faa-41ba-b1a7-6062aa81a638-00000013 cancelled=False
  voucher mid=20 aid=20 Purchase/3/20261002 guid=6a19ae25-8faa-41ba-b1a7-6062aa81a638-00000014 cancelled=False
  voucher mid=21 aid=21 Credit Note/1/20261002 guid=6a19ae25-8faa-41ba-b1a7-6062aa81a638-00000015 cancelled=False
  voucher mid=22 aid=22 Journal/8/20261002 guid=6a19ae25-8faa-41ba-b1a7-6062aa81a638-00000016 cancelled=False
  voucher mid=23 aid=23 Receipt/3/20261002 guid=6a19ae25-8faa-41ba-b1a7-6062aa81a638-00000017 cancelled=False
[shot] tds-536-gw0 (1024x768)
[18:57:42] [tds] screen tds-536-gw0 : EDU c Prime Gatewa of Tall CURRENT PERIOD K: Company Y: Data Z: Exchange O: Import E: Export M: Share p: print Fl: Help Date b82e1 I-Apr-26 to 31-Mar-27 NAME OF COMPANY FinCom Spike Co Q CURRENT OATE Friday, 2-Oct-2026 2-Oct-26 Search Gateway of Tally MASTERS Create Alter CHart of Accounts TRANSACTIONS Vouchers Day 800K UTILITIES BaNking REPORTS Balance Sheet Profit & Loss A/c Stock Summary Ratio Analysis Display More Reports DashbOard Quit Unity Company to ru 0912- 731-4 acepa 6c46- 2731- acep .337.0 -c978 ning 2d109 ing j _id" : . 0—011' 6c46- Mode Windows Server 2025 Datacenter Build 26100....
[keys] '%g' -> Tally 'TallyPrime:9000'
[shot] tds-537-A1-goto (1024x768)
[18:57:46] [tds] screen tds-537-A1-goto : EDU c Prime Unity Quit K: Company Y: Data Z: Exchange O: Import E: Export M: Share p: print Fl: Help x List of Re Its Saved Views Bills Payable - GST Bills Payable - GST - Sundry Creditors Bills Payable - GST - Sundry Debtors Bills Receivable - GST Bills Receivable - GST - Sundry Creditors Bills Receivable - GST - Sundry Debtors Purchase Dashboard Sales Dashboard IMS Inward Supplies - Filed Invoices Ledger Vouchers - GST Details Outstanding MSME Bills Common Reports Dashboard Balance Sheet Profit & Loss A/c Cash/Bank Book Day Book Ledger Vouchers Ledger Vouchers - GST Stock Summary Trial Balan...
[keys] 'Day Book' -> Tally 'TallyPrime:9000'
[keys] '{ENTER}' -> Tally 'TallyPrime:9000'
[shot] tds-538-A1-daybook (1024x768)
[18:57:53] [tds] screen tds-538-A1-daybook : EDU c Prime Da Book • Day Book K: Company Y: Data Particulars Z: Exchange A Add Vch Q Search FinCom • ke Co Vch Type Contra Payment Payment Receipt Receipt Receipt Journal Journal Journal Credit Note Sales Sales Sales Sales Purchase Purchase Purchase O: Import Vch No. 1 1 2 1 2 3 6 7 8 1 1 2 3 4 1 2 3 E: Export M: Share P: Print For 2-Oct-26 Fl: Help F2: Date b82e1 Company to ru Voucher Date 2-Oct-26 2-Oct-26 2-Oct-26 2-Oct-26 2-Oct-26 . 2-Oct-26 2-Oct-26 2-Oct-26 2-Oct-26 2-Oct-26 2-Oct-26 2-Oct-26 2-Oct-26 2-Oct-26 2-Oct-26 2-Oct-26 2-Oct-26 Quit Debit Amount Credit Amount Inwards Qty_ Outwa...
[keys] '{F2}' -> Tally 'TallyPrime:9000'
[shot] tds-539-A1-db-date (1024x768)
[18:57:56] [tds] screen tds-539-A1-db-date : EDU c Prime Change Date Unity Quit K: Company Y: Data Z: Exchange A Accept Q Search O: Import E: Export M: Share p: print Fl: Help FinCom Spike Co Change Date 2-10-2026 b82e1 to ru 0912- 731-4 acepa 6c46- 2731- acep .337.0 -c978 ning 2d109 ing j _id" : . 0—011' 6c46- Mode Windows Server 2025 Datacenter Build 26100.ge_release240331-1435 6:57 PM 10/8/2026
[keys] '2-10-2026{ENTER}' -> Tally 'TallyPrime:9000'
[shot] tds-540-A1-db-dated (1024x768)
[18:58:01] [tds] screen tds-540-A1-db-dated : EDU c Prime Da Book • Day Book K: Company Y: Data Particulars Z: Exchange A Add Vch Q Search FinCom • ke Co Vch Type Contra Payment Payment Receipt Receipt Receipt Journal Journal Journal Credit Note Sales Sales Sales Sales Purchase Purchase Purchase O: Import Vch No. 1 1 2 1 2 3 6 7 8 1 1 2 3 4 1 2 3 E: Export M: Share P: Print For 2-Oct-26 Fl: Help F2: Date b82e1 Company to ru Voucher Date 2-Oct-26 2-Oct-26 2-Oct-26 2-Oct-26 2-Oct-26 . 2-Oct-26 2-Oct-26 2-Oct-26 2-Oct-26 2-Oct-26 2-Oct-26 2-Oct-26 2-Oct-26 2-Oct-26 2-Oct-26 2-Oct-26 2-Oct-26 Quit Debit Amount Credit Amount Inwards Qty_ Outwa...
[keys] '{F4}' -> Tally 'TallyPrime:9000'
[shot] tds-541-A1-db-type (1024x768)
[18:58:05] [tds] screen tds-541-A1-db-type : EDU c Prime Change Voucher Type Unity Quit K: Company Y: Data Z: Exchange FinCom • ke Co Name of VoucherType O: Import Create E: Export M: Share p: print Fl: Help Voucher T • All Items Contra Credit Note Debit Note Journal s Memorandum Payment Physical Stock Purchase Receipt Reversing Journal Sales Stock Journal A Accept Q Search b82e1 to ru 0912- 731-4 acepa 6c46- 2731- acep .337.0 -c978 ning 2d109 ing j _id" : . 0—011' 6c46- Mode Windows Server 2025 Datacenter Build 26100.ge_release240331-1435 6:58 PM 10/8/2026
[keys] 'Receipt{ENTER}' -> Tally 'TallyPrime:9000'
[shot] tds-542-A1-db-typed (1024x768)
[18:58:09] [tds] screen tds-542-A1-db-typed : EDU c Prime K: Company Y: Data Da Book • List of Receipt Vouchers Z: Exchange A Add Vch Q Search FinCom • ke Co Vch Type Receipt Receipt Receipt DuÅicate Vch I Insert Vch O: Import Vch No. 1 2 3 Total: E: Export M: Share P: Print For 2-Oct-26 Fl: Help F2: Date b82e1 Date 2-Oct-26 2-Oct-26 2-Oct-26 Unity Quit Particulars Share Party Spike Income Spike Income Enter: Alter Debit Amount Credit Amount 500.00 700.00 700.00 1,900.00 U: Restore Line Company to ru Voucher 0912- Type 731-4 acepa Space: Sekd Delete x: Cancel Vch F 7: Show profit Columnar FIO B: Basis of = Values Change ¯ View Exception J...
[keys] '{END}' -> Tally 'TallyPrime:9000'
[shot] tds-543-A1-db-last (1024x768)
[18:58:13] [tds] screen tds-543-A1-db-last : EDU c Prime K: Company Y: Data Da Book • List of Receipt Vouchers Z: Exchange A Add Vch Q Search FinCom • ke Co Vch Type Receipt Receipt Receipt O: Import Vch No. 1 2 3 Total: E: Export M: Share P: Print For 2-Oct-26 Fl: Help F2: Date b82e1 Date 2-Oct-26 2-Oct-26 2-Oct-26 Unity Quit Particulars Share Party Spike Income Spike Income Enter: Alter Debit Amount Credit Amount 500.00 700.00 700.00 1,900.00 U: Restore Line Company to ru Voucher 0912- Type 731-4 acepa Space: Sekd DuÅicate Vch I Insert Vch Delete x: Cancel Vch F 7: Show profit Columnar FIO B: Basis of = Values Change ¯ View Exception J...
[keys] '{UP}' -> Tally 'TallyPrime:9000'
[shot] tds-544-A1-up (1024x768)
[18:58:16] [tds] screen tds-544-A1-up : EDU c Prime K: Company Y: Data Da Book • List of Receipt Vouchers Z: Exchange A Add Vch Q Search FinCom • ke Co Vch Type Receipt Receipt Receipt O: Import Vch No. 1 2 3 Total: E: Export M: Share P: Print For 2-Oct-26 Fl: Help F2: Date b82e1 Date 2-Oct-26 2-Oct-26 2-Oct-26 Unity Quit Particulars Share Party Spike Income Spike Income Enter: Alter Debit Amount Credit Amount 500.00 700.00 700.00 1,900.00 U: Restore Line Company to ru Voucher 0912- Type 731-4 acepa Space: Sekd DuÅicate Vch I Insert Vch Delete x: Cancel Vch F 7: Show profit Columnar FIO B: Basis of = Values Change ¯ View Exception J...
[keys] '{ENTER}' -> Tally 'TallyPrime:9000'
[shot] tds-545-A1-open (1024x768)
[18:58:20] [tds] screen tds-545-A1-open : EDU c Prime K: Company Y: Data Accounting Voucher Alteration (Secondary 03 Recei t No. 2 • Account Cash Current balance: 1,000.00 Dr Particulars Spike Income CurBal: 6,900.00 Cr Share Emp 1 Narration: • share receipt plain Unity Quit Z: Exchange 700.00 Cr A Accept Q Search O: Import E: Export M: Share FinCom • ke Co p: print x a-Oct-26 Friday Amount 700.00 700.00 Fl: Help Q: Date Company Ed: Contra Payment F-6: Receipt : Journal Sales b82e1 to ru 0912- 731-4 acepa 6c46- Purchase 2731- Fl O: OåuVooctgs E: Autofill Change Mode More Details O: Related ¯ Repons Optional post -Dated J: Stat acep .3...
[keys] '{ENTER}' -> Tally 'TallyPrime:9000'
[keys] '{ENTER}' -> Tally 'TallyPrime:9000'
[keys] '{ENTER}' -> Tally 'TallyPrime:9000'
[shot] tds-546-A1-at-amount (1024x768)
[18:58:28] [tds] screen tds-546-A1-at-amount : EDU c Prime K: Company Y: Data Accounting Voucher Alteration (Secondary 03 Recei t No. 2 • Account Cash Current balance: 1,000.00 Dr Particulars Spike Income CurBal: 6,900.00 Cr Share Emp 1 Narration: • share receipt plain Unity Quit Z: Exchange 700.00 Cr A Accept Q Search O: Import E: Export M: Share FinCom • ke Co p: print x 2-Oct-26 Friday Amount 700.00 700.00 Fl: Help Q: Date Company Ed: Contra Payment F-6: Receipt : Journal Sales b82e1 to ru 0912- 731-4 acepa 6c46- Purchase 2731- Fl O: OåuVooctgs E: Autofill Change Mode More Details O: Related ¯ Repons Optional post -Dated J: Stat acep .3...
[keys] '800{ENTER}' -> Tally 'TallyPrime:9000'
[shot] tds-547-A1-amount (1024x768)
[18:58:32] [tds] screen tds-547-A1-amount : EDU c Prime K: Company Y: Data Accounting Voucher Alteration (Secondary 03 Recei t No. 2 • Account Cash Current balance: 1, 100.00 Dr Particulars Spike Income CurBa1: 7,000.00 Cr Share Em 1 Narration: • share receipt plain Unity Quit Z: Exchange 800.00 Cr A Accept Q Search O: Import E: Export M: Share FinCom • ke Co p: print x 2-Oct-26 Friday Amount 800.00 800.00 Fl: Help Q: Date Company Ed: Contra Payment F-6: Receipt : Journal Sales b82e1 to ru 0912- 731-4 acepa 6c46- Purchase 2731- Fl O: OåuVooctgs E: Autofill Change Mode More Details O: Related ¯ Repons Optional post -Dated J: Stat acep .3...
[keys] '^a' -> Tally 'TallyPrime:9000'
[shot] tds-548-A1-accept1 (1024x768)
[18:58:36] [tds] screen tds-548-A1-accept1 : EDU c Prime K: Company Y: Data Da Book • List of Receipt Vouchers Z: Exchange A Add Vch Q Search FinCom • ke Co Vch Type Receipt Receipt Receipt O: Import Vch No. 1 2 3 Total: E: Export M: Share P: Print For 2-Oct-26 Fl: Help F2: Date b82e1 Date 2-Oct-26 2-Oct-26 2-Oct-26 Unity Quit Particulars Share Party Spike Income Spike Income Enter: Alter Debit Amount Credit Amount 500.00 800.00 700.00 2,000.00 U: Restore Line Company to ru Voucher 0912- Type 731-4 acepa Space: Sekd DuÅicate Vch I Insert Vch Delete x: Cancel Vch F 7: Show profit Columnar FIO B: Basis of = Values Change ¯ View Exception J...
[shot] tds-549-A1-after1 (1024x768)
[18:58:37] [tds] screen tds-549-A1-after1 : EDU c Prime K: Company Y: Data Da Book • List of Receipt Vouchers Z: Exchange A Add Vch Q Search FinCom • ke Co Vch Type Receipt Receipt Receipt O: Import Vch No. 1 2 3 Total: E: Export M: Share P: Print For 2-Oct-26 Fl: Help F2: Date b82e1 Date 2-Oct-26 2-Oct-26 2-Oct-26 Unity Quit Particulars Share Party Spike Income Spike Income Enter: Alter Debit Amount Credit Amount 500.00 800.00 700.00 2,000.00 U: Restore Line Company to ru Voucher 0912- Type 731-4 acepa Space: Sekd DuÅicate Vch I Insert Vch Delete x: Cancel Vch F 7: Show profit Columnar FIO B: Basis of = Values Change ¯ View Exception J...
[shot] tds-550-gw0 (1024x768)
[18:58:38] [tds] screen tds-550-gw0 : EDU c Prime K: Company Y: Data Da Book • List of Receipt Vouchers Z: Exchange A Add Vch Q Search FinCom • ke Co Vch Type Receipt Receipt Receipt O: Import Vch No. 1 2 3 Total: E: Export M: Share P: Print For 2-Oct-26 Fl: Help F2: Date b82e1 Date 2-Oct-26 2-Oct-26 2-Oct-26 Unity Quit Particulars Share Party Spike Income Spike Income Enter: Alter Debit Amount Credit Amount 500.00 800.00 700.00 2,000.00 U: Restore Line Company to ru Voucher 0912- Type 731-4 acepa Space: Sekd DuÅicate Vch I Insert Vch Delete x: Cancel Vch F 7: Show profit Columnar FIO B: Basis of = Values Change ¯ View Exception J...
[keys] '{ESC}' -> Tally 'TallyPrime:9000'
[shot] tds-551-gw1 (1024x768)
[18:58:42] [tds] screen tds-551-gw1 : EDU c Prime Gatewa of Tall CURRENT PERIOD K: Company Y: Data Z: Exchange O: Import E: Export M: Share p: print Fl: Help Date b82e1 I-Apr-26 to 31-Mar-27 NAME OF COMPANY FinCom Spike Co Q CURRENT OATE Friday, 2-Oct-2026 2-Oct-26 Search Gateway of Tally MASTERS Create Alter CHart of Accounts TRANSACTIONS Vouchers Day 800K UTILITIES BaNking REPORTS Balance Sheet Profit & Loss A/c Stock Summary Ratio Analysis Display More Reports DashbOard Quit Unity Company to ru 0912- 731-4 acepa 6c46- 2731- acep .337.0 -c978 ning 2d109 ing j _id" : . 0—011' 6c46- Mode Windows Server 2025 Datacenter Build 26100....
  voucher mid=1 aid=1 Journal/1/20260401 guid=6a19ae25-8faa-41ba-b1a7-6062aa81a638-00000001 cancelled=False
  voucher mid=2 aid=2 Journal/2/20261001 guid=6a19ae25-8faa-41ba-b1a7-6062aa81a638-00000002 cancelled=False
  voucher mid=3 aid=3 Journal/3/20261001 guid=6a19ae25-8faa-41ba-b1a7-6062aa81a638-00000003 cancelled=False
  voucher mid=4 aid=4 Journal/4/20261001 guid=6a19ae25-8faa-41ba-b1a7-6062aa81a638-00000004 cancelled=False
  voucher mid=5 aid=5 Journal/5/20261001 guid=6a19ae25-8faa-41ba-b1a7-6062aa81a638-00000005 cancelled=False
  voucher mid=6 aid=6 Payroll/1/20261001 guid=6a19ae25-8faa-41ba-b1a7-6062aa81a638-00000006 cancelled=False
  voucher mid=7 aid=7 Receipt/1/20261002 guid=6a19ae25-8faa-41ba-b1a7-6062aa81a638-00000007 cancelled=False
  voucher mid=8 aid=24 Receipt/2/20261002 guid=6a19ae25-8faa-41ba-b1a7-6062aa81a638-00000008 cancelled=False
  voucher mid=9 aid=9 Payment/1/20261002 guid=6a19ae25-8faa-41ba-b1a7-6062aa81a638-00000009 cancelled=False
  voucher mid=10 aid=10 Payment/2/20261002 guid=6a19ae25-8faa-41ba-b1a7-6062aa81a638-0000000a cancelled=False
  voucher mid=11 aid=11 Contra/1/20261002 guid=6a19ae25-8faa-41ba-b1a7-6062aa81a638-0000000b cancelled=False
  voucher mid=12 aid=12 Journal/6/20261002 guid=6a19ae25-8faa-41ba-b1a7-6062aa81a638-0000000c cancelled=False
  voucher mid=13 aid=13 Journal/7/20261002 guid=6a19ae25-8faa-41ba-b1a7-6062aa81a638-0000000d cancelled=False
  voucher mid=14 aid=14 Sales/1/20261002 guid=6a19ae25-8faa-41ba-b1a7-6062aa81a638-0000000e cancelled=False
  voucher mid=15 aid=15 Sales/2/20261002 guid=6a19ae25-8faa-41ba-b1a7-6062aa81a638-0000000f cancelled=False
  voucher mid=16 aid=16 Sales/3/20261002 guid=6a19ae25-8faa-41ba-b1a7-6062aa81a638-00000010 cancelled=False
  voucher mid=17 aid=17 Purchase/1/20261002 guid=6a19ae25-8faa-41ba-b1a7-6062aa81a638-00000011 cancelled=False
  voucher mid=18 aid=18 Purchase/2/20261002 guid=6a19ae25-8faa-41ba-b1a7-6062aa81a638-00000012 cancelled=False
  voucher mid=19 aid=19 Sales/4/20261002 guid=6a19ae25-8faa-41ba-b1a7-6062aa81a638-00000013 cancelled=False
  voucher mid=20 aid=20 Purchase/3/20261002 guid=6a19ae25-8faa-41ba-b1a7-6062aa81a638-00000014 cancelled=False
  voucher mid=21 aid=21 Credit Note/1/20261002 guid=6a19ae25-8faa-41ba-b1a7-6062aa81a638-00000015 cancelled=False
  voucher mid=22 aid=22 Journal/8/20261002 guid=6a19ae25-8faa-41ba-b1a7-6062aa81a638-00000016 cancelled=False
  voucher mid=23 aid=23 Receipt/3/20261002 guid=6a19ae25-8faa-41ba-b1a7-6062aa81a638-00000017 cancelled=False
  INFO share alter-receipt-plain (alteration: the receipt with no party, its amount 700 -> 800): Tally Receipt 2 mid 8; stored party 'Cash' bills []; the line party 'Cash' bills []; lines voucher_accept_post x1, voucher_accept_pre x1, voucher_full x1
[18:58:45] ---- share alter-sales-new: alteration: the New Ref sales invoice saved again unchanged (opened, Ctrl+A)
  voucher mid=1 aid=1 Journal/1/20260401 guid=6a19ae25-8faa-41ba-b1a7-6062aa81a638-00000001 cancelled=False
  voucher mid=2 aid=2 Journal/2/20261001 guid=6a19ae25-8faa-41ba-b1a7-6062aa81a638-00000002 cancelled=False
  voucher mid=3 aid=3 Journal/3/20261001 guid=6a19ae25-8faa-41ba-b1a7-6062aa81a638-00000003 cancelled=False
  voucher mid=4 aid=4 Journal/4/20261001 guid=6a19ae25-8faa-41ba-b1a7-6062aa81a638-00000004 cancelled=False
  voucher mid=5 aid=5 Journal/5/20261001 guid=6a19ae25-8faa-41ba-b1a7-6062aa81a638-00000005 cancelled=False
  voucher mid=6 aid=6 Payroll/1/20261001 guid=6a19ae25-8faa-41ba-b1a7-6062aa81a638-00000006 cancelled=False
  voucher mid=7 aid=7 Receipt/1/20261002 guid=6a19ae25-8faa-41ba-b1a7-6062aa81a638-00000007 cancelled=False
  voucher mid=8 aid=24 Receipt/2/20261002 guid=6a19ae25-8faa-41ba-b1a7-6062aa81a638-00000008 cancelled=False
  voucher mid=9 aid=9 Payment/1/20261002 guid=6a19ae25-8faa-41ba-b1a7-6062aa81a638-00000009 cancelled=False
  voucher mid=10 aid=10 Payment/2/20261002 guid=6a19ae25-8faa-41ba-b1a7-6062aa81a638-0000000a cancelled=False
  voucher mid=11 aid=11 Contra/1/20261002 guid=6a19ae25-8faa-41ba-b1a7-6062aa81a638-0000000b cancelled=False
  voucher mid=12 aid=12 Journal/6/20261002 guid=6a19ae25-8faa-41ba-b1a7-6062aa81a638-0000000c cancelled=False
  voucher mid=13 aid=13 Journal/7/20261002 guid=6a19ae25-8faa-41ba-b1a7-6062aa81a638-0000000d cancelled=False
  voucher mid=14 aid=14 Sales/1/20261002 guid=6a19ae25-8faa-41ba-b1a7-6062aa81a638-0000000e cancelled=False
  voucher mid=15 aid=15 Sales/2/20261002 guid=6a19ae25-8faa-41ba-b1a7-6062aa81a638-0000000f cancelled=False
  voucher mid=16 aid=16 Sales/3/20261002 guid=6a19ae25-8faa-41ba-b1a7-6062aa81a638-00000010 cancelled=False
  voucher mid=17 aid=17 Purchase/1/20261002 guid=6a19ae25-8faa-41ba-b1a7-6062aa81a638-00000011 cancelled=False
  voucher mid=18 aid=18 Purchase/2/20261002 guid=6a19ae25-8faa-41ba-b1a7-6062aa81a638-00000012 cancelled=False
  voucher mid=19 aid=19 Sales/4/20261002 guid=6a19ae25-8faa-41ba-b1a7-6062aa81a638-00000013 cancelled=False
  voucher mid=20 aid=20 Purchase/3/20261002 guid=6a19ae25-8faa-41ba-b1a7-6062aa81a638-00000014 cancelled=False
  voucher mid=21 aid=21 Credit Note/1/20261002 guid=6a19ae25-8faa-41ba-b1a7-6062aa81a638-00000015 cancelled=False
  voucher mid=22 aid=22 Journal/8/20261002 guid=6a19ae25-8faa-41ba-b1a7-6062aa81a638-00000016 cancelled=False
  voucher mid=23 aid=23 Receipt/3/20261002 guid=6a19ae25-8faa-41ba-b1a7-6062aa81a638-00000017 cancelled=False
[shot] tds-552-gw0 (1024x768)
[18:58:46] [tds] screen tds-552-gw0 : EDU c Prime Gatewa of Tall CURRENT PERIOD K: Company Y: Data Z: Exchange O: Import E: Export M: Share p: print Fl: Help Date b82e1 I-Apr-26 to 31-Mar-27 NAME OF COMPANY FinCom Spike Co Q CURRENT OATE Friday, 2-Oct-2026 2-Oct-26 Search Gateway of Tally MASTERS Create Alter CHart of Accounts TRANSACTIONS Vouchers Day 800K UTILITIES BaNking REPORTS Balance Sheet Profit & Loss A/c Stock Summary Ratio Analysis Display More Reports DashbOard Quit Unity Company to ru 0912- 731-4 acepa 6c46- 2731- acep .337.0 -c978 ning 2d109 ing j _id" : . 0—011' 6c46- Mode Windows Server 2025 Datacenter Build 26100....
[keys] '%g' -> Tally 'TallyPrime:9000'
[shot] tds-553-A3-goto (1024x768)
[18:58:50] [tds] screen tds-553-A3-goto : EDU c Prime Unity Quit K: Company Y: Data Z: Exchange O: Import E: Export M: Share p: print Fl: Help x List of Re Its Saved Views Bills Payable - GST Bills Payable - GST - Sundry Creditors Bills Payable - GST - Sundry Debtors Bills Receivable - GST Bills Receivable - GST - Sundry Creditors Bills Receivable - GST - Sundry Debtors Purchase Dashboard Sales Dashboard IMS Inward Supplies - Filed Invoices Ledger Vouchers - GST Details Outstanding MSME Bills Common Reports Dashboard Balance Sheet Profit & Loss A/c Cash/Bank Book Day Book Ledger Vouchers Ledger Vouchers - GST Stock Summary Trial Balan...
[keys] 'Day Book' -> Tally 'TallyPrime:9000'
[keys] '{ENTER}' -> Tally 'TallyPrime:9000'
[shot] tds-554-A3-daybook (1024x768)
[18:58:57] [tds] screen tds-554-A3-daybook : EDU c Prime Da Book • Day Book K: Company Y: Data Particulars Z: Exchange A Add Vch Q Search FinCom • ke Co Vch Type Contra Payment Payment Receipt Receipt Receipt Journal Journal Journal Credit Note Sales Sales Sales Sales Purchase Purchase Purchase O: Import Vch No. 1 1 2 1 2 3 6 7 8 1 1 2 3 4 1 2 3 E: Export M: Share P: Print For 2-Oct-26 Fl: Help F2: Date b82e1 Company to ru Voucher Date 2-Oct-26 2-Oct-26 2-Oct-26 2-Oct-26 2-Oct-26 . 2-Oct-26 2-Oct-26 2-Oct-26 2-Oct-26 2-Oct-26 2-Oct-26 2-Oct-26 2-Oct-26 2-Oct-26 2-Oct-26 2-Oct-26 2-Oct-26 Quit Debit Amount Credit Amount Inwards Qty_ Outwa...
[keys] '{F2}' -> Tally 'TallyPrime:9000'
[shot] tds-555-A3-db-date (1024x768)
[18:59:00] [tds] screen tds-555-A3-db-date : EDU c Prime Change Date Unity Quit K: Company Y: Data Z: Exchange A Accept Q Search O: Import E: Export M: Share p: print Fl: Help FinCom Spike Co Change Date 2-10-2026 b82e1 to ru 0912- 731-4 acepa 6c46- 2731- acep .337.0 -c978 ning 2d109 ing j _id" : . 0—011' 6c46- Mode Windows Server 2025 Datacenter Build 26100.ge_release240331-1435 6:58 PM 10/8/2026
[keys] '2-10-2026{ENTER}' -> Tally 'TallyPrime:9000'
[shot] tds-556-A3-db-dated (1024x768)
[18:59:05] [tds] screen tds-556-A3-db-dated : EDU c Prime Da Book • Day Book K: Company Y: Data Particulars Z: Exchange A Add Vch Q Search FinCom • ke Co Vch Type Contra Payment Payment Receipt Receipt Receipt Journal Journal Journal Credit Note Sales Sales Sales Sales Purchase Purchase Purchase O: Import Vch No. 1 1 2 1 2 3 6 7 8 1 1 2 3 4 1 2 3 E: Export M: Share P: Print For 2-Oct-26 Fl: Help F2: Date b82e1 Company to ru Voucher Date 2-Oct-26 2-Oct-26 2-Oct-26 2-Oct-26 2-Oct-26 . 2-Oct-26 2-Oct-26 2-Oct-26 2-Oct-26 2-Oct-26 2-Oct-26 2-Oct-26 2-Oct-26 2-Oct-26 2-Oct-26 2-Oct-26 2-Oct-26 Quit Debit Amount Credit Amount Inwards Qty_ Outwa...
[keys] '{F4}' -> Tally 'TallyPrime:9000'
[shot] tds-557-A3-db-type (1024x768)
[18:59:09] [tds] screen tds-557-A3-db-type : EDU c Prime Change Voucher Type Unity Quit K: Company Y: Data Z: Exchange FinCom • ke Co Name of VoucherType O: Import Create E: Export M: Share p: print Fl: Help Voucher T • All Items Contra Credit Note Debit Note Journal s Memorandum Payment Physical Stock Purchase Receipt Reversing Journal Sales Stock Journal A Accept Q Search b82e1 to ru 0912- 731-4 acepa 6c46- 2731- acep .337.0 -c978 ning 2d109 ing j _id" : . 0—011' 6c46- Mode Windows Server 2025 Datacenter Build 26100.ge_release240331-1435 6:59 PM 10/8/2026
[keys] 'Sales{ENTER}' -> Tally 'TallyPrime:9000'
[shot] tds-558-A3-db-typed (1024x768)
[18:59:13] [tds] screen tds-558-A3-db-typed : EDU c Prime K: Company Y: Data Da Book • List of Sales Vouchers Z: Exchange A Add Vch Q Search FinCom • ke Co Vch Type Sales Sales Sales Sales O: Import Vch No. 1 2 3 4 Total: E: Export M: Share P: Print For 2-Oct-26 Fl: Help F2: Date b82e1 Date 2-Oct-26 2-Oct-26 2-Oct-26 2-Oct-26 Unity Quit Particulars Share Party Share Party Share Party Share Party Debit Amount 200.00 200.00 300.00 300.00 1,000 00 Credit Amount U: Restore Line Company to ru Voucher 0912- Type 731-4 acepa Enter: Alter Space: Sekd DuÅicate Vch I Insert Vch Delete x: Cancel Vch F7: Show profit Columnar FIO B: Basis of = Values ...
[keys] '{END}' -> Tally 'TallyPrime:9000'
[shot] tds-559-A3-db-last (1024x768)
[18:59:17] [tds] screen tds-559-A3-db-last : EDU c Prime K: Company Y: Data Da Book • List of Sales Vouchers Z: Exchange A Add Vch Q Search FinCom • ke Co Vch Type Sales Sales Sales Sales O: Import Vch No. 1 2 3 4 Total: E: Export M: Share P: Print For 2-Oct-26 Fl: Help F2: Date b82e1 Date 2-Oct-26 2-Oct-26 2-Oct-26 2-Oct-26 Unity Quit Particulars Share Party Share Party Share Party Share Party Debit Amount 200.00 200.00 300.00 300.00 1,000 00 Credit Amount U: Restore Line Company to ru Voucher 0912- Type 731-4 acepa Enter: Alter Space: Sekd DuÅicate Vch I Insert Vch Delete x: Cancel Vch F7: Show profit Columnar FIO B: Basis of = Values ...
[keys] '{HOME}' -> Tally 'TallyPrime:9000'
[shot] tds-560-A3-first (1024x768)
[18:59:20] [tds] screen tds-560-A3-first : EDU c Prime K: Company Y: Data Da Book • List of Sales Vouchers Z: Exchange A Add Vch Q Search FinCom • ke Co Vch Type Sales Sales Sales Sales O: Import Vch No. 1 2 3 4 Total: E: Export M: Share P: Print For 2-Oct-26 Fl: Help F2: Date b82e1 Date 2-Oct-26 2-Oct-26 2-Oct-26 2-Oct-26 Unity Quit Particulars Share Party Share Party Share Party Share Party Debit Amount 200.00 200.00 300.00 300.00 1,000 00 Credit Amount U: Restore Line Company to ru Voucher 0912- Type 731-4 acepa Enter: Alter Space: Sekd DuÅicate Vch I Insert Vch Delete x: Cancel Vch F7: Show profit Columnar FIO B: Basis of = Values ...
[keys] '{ENTER}' -> Tally 'TallyPrime:9000'
[shot] tds-561-A3-open (1024x768)
[18:59:25] [tds] screen tds-561-A3-open : EDU c Prime K: Company Y: Data Accounting VoucherAlteratioo( 03 Sales Party A/c narne: Share Party Current balance: 4,400.00 Dr Sales ledger: Share Sales Current balance: 900.00 Cr Name of Item Share Item Narration: Unity Quit Z: Exchange A Accept Q Search FinCom • ke Co O: Import Quantity 2 Nos 2 Nos E: Export Rate 100.00 M: Share per Nos p: print a-Oct-26 Friday Amount 200.00 Fl: Help Date b82e1 Company to ru F4: Contra F5: Payment Receipt Journal F8: Sales 0912- 731-4 acepa 6c46- 2731- Purchase acep Fl 0: 0åHVouctg•s F: Autofill Change Mode More Details o: L: 200.00 Related Reports Optional...
[keys] '^a' -> Tally 'TallyPrime:9000'
[shot] tds-562-A3-accept1 (1024x768)
[18:59:29] [tds] screen tds-562-A3-accept1 : EDU c Prime K: Company Y: Data Da Book • List of Sales Vouchers Z: Exchange A Add Vch Q Search FinCom • ke Co Vch Type Sales Sales Sales Sales O: Import Vch No. 1 2 3 4 Total: E: Export M: Share P: Print For 2-Oct-26 Fl: Help F2: Date b82e1 Date 2-Oct-26 2-Oct-26 2-Oct-26 2-Oct-26 Unity Quit Particulars Share Party Share Party Share Party Share Party Debit Amount 200.00 200.00 300.00 300.00 1,000 00 Credit Amount U: Restore Line Company to ru Voucher 0912- Type 731-4 acepa Enter: Alter Space: Sekd DuÅicate Vch I Insert Vch Delete x: Cancel Vch F7: Show profit Columnar FIO B: Basis of = Values ...
[shot] tds-563-A3-after1 (1024x768)
[18:59:30] [tds] screen tds-563-A3-after1 : EDU c Prime K: Company Y: Data Da Book • List of Sales Vouchers Z: Exchange A Add Vch Q Search FinCom • ke Co Vch Type Sales Sales Sales Sales O: Import Vch No. 1 2 3 4 Total: E: Export M: Share P: Print For 2-Oct-26 Fl: Help F2: Date b82e1 Date 2-Oct-26 2-Oct-26 2-Oct-26 2-Oct-26 Unity Quit Particulars Share Party Share Party Share Party Share Party Debit Amount 200.00 200.00 300.00 300.00 1,000 00 Credit Amount U: Restore Line Company to ru Voucher 0912- Type 731-4 acepa Enter: Alter Space: Sekd DuÅicate Vch I Insert Vch Delete x: Cancel Vch F7: Show profit Columnar FIO B: Basis of = Values ...
[shot] tds-564-gw0 (1024x768)
[18:59:31] [tds] screen tds-564-gw0 : EDU c Prime K: Company Y: Data Da Book • List of Sales Vouchers Z: Exchange A Add Vch Q Search FinCom • ke Co Vch Type Sales Sales Sales Sales O: Import Vch No. 1 2 3 4 Total: E: Export M: Share P: Print For 2-Oct-26 Fl: Help F2: Date b82e1 Date 2-Oct-26 2-Oct-26 2-Oct-26 2-Oct-26 Unity Quit Particulars Share Party Share Party Share Party Share Party Debit Amount 200.00 200.00 300.00 300.00 1,000 00 Credit Amount U: Restore Line Company to ru Voucher 0912- Type 731-4 acepa Enter: Alter Space: Sekd DuÅicate Vch I Insert Vch Delete x: Cancel Vch F7: Show profit Columnar FIO B: Basis of = Values ...
[keys] '{ESC}' -> Tally 'TallyPrime:9000'
[shot] tds-565-gw1 (1024x768)
[18:59:35] [tds] screen tds-565-gw1 : EDU c Prime Gatewa of Tall CURRENT PERIOD K: Company Y: Data Z: Exchange O: Import E: Export M: Share p: print Fl: Help Date b82e1 I-Apr-26 to 31-Mar-27 NAME OF COMPANY FinCom Spike Co Q CURRENT OATE Friday, 2-Oct-2026 2-Oct-26 Search Gateway of Tally MASTERS Create Alter CHart of Accounts TRANSACTIONS Vouchers Day 800K UTILITIES BaNking REPORTS Balance Sheet Profit & Loss A/c Stock Summary Ratio Analysis Display More Reports DashbOard Quit Unity Company to ru 0912- 731-4 acepa 6c46- 2731- acep .337.0 -c978 ning 2d109 ing j _id" : . 0—011' 6c46- Mode Windows Server 2025 Datacenter Build 26100....
  voucher mid=1 aid=1 Journal/1/20260401 guid=6a19ae25-8faa-41ba-b1a7-6062aa81a638-00000001 cancelled=False
  voucher mid=2 aid=2 Journal/2/20261001 guid=6a19ae25-8faa-41ba-b1a7-6062aa81a638-00000002 cancelled=False
  voucher mid=3 aid=3 Journal/3/20261001 guid=6a19ae25-8faa-41ba-b1a7-6062aa81a638-00000003 cancelled=False
  voucher mid=4 aid=4 Journal/4/20261001 guid=6a19ae25-8faa-41ba-b1a7-6062aa81a638-00000004 cancelled=False
  voucher mid=5 aid=5 Journal/5/20261001 guid=6a19ae25-8faa-41ba-b1a7-6062aa81a638-00000005 cancelled=False
  voucher mid=6 aid=6 Payroll/1/20261001 guid=6a19ae25-8faa-41ba-b1a7-6062aa81a638-00000006 cancelled=False
  voucher mid=7 aid=7 Receipt/1/20261002 guid=6a19ae25-8faa-41ba-b1a7-6062aa81a638-00000007 cancelled=False
  voucher mid=8 aid=24 Receipt/2/20261002 guid=6a19ae25-8faa-41ba-b1a7-6062aa81a638-00000008 cancelled=False
  voucher mid=9 aid=9 Payment/1/20261002 guid=6a19ae25-8faa-41ba-b1a7-6062aa81a638-00000009 cancelled=False
  voucher mid=10 aid=10 Payment/2/20261002 guid=6a19ae25-8faa-41ba-b1a7-6062aa81a638-0000000a cancelled=False
  voucher mid=11 aid=11 Contra/1/20261002 guid=6a19ae25-8faa-41ba-b1a7-6062aa81a638-0000000b cancelled=False
  voucher mid=12 aid=12 Journal/6/20261002 guid=6a19ae25-8faa-41ba-b1a7-6062aa81a638-0000000c cancelled=False
  voucher mid=13 aid=13 Journal/7/20261002 guid=6a19ae25-8faa-41ba-b1a7-6062aa81a638-0000000d cancelled=False
  voucher mid=14 aid=25 Sales/1/20261002 guid=6a19ae25-8faa-41ba-b1a7-6062aa81a638-0000000e cancelled=False
  voucher mid=15 aid=15 Sales/2/20261002 guid=6a19ae25-8faa-41ba-b1a7-6062aa81a638-0000000f cancelled=False
  voucher mid=16 aid=16 Sales/3/20261002 guid=6a19ae25-8faa-41ba-b1a7-6062aa81a638-00000010 cancelled=False
  voucher mid=17 aid=17 Purchase/1/20261002 guid=6a19ae25-8faa-41ba-b1a7-6062aa81a638-00000011 cancelled=False
  voucher mid=18 aid=18 Purchase/2/20261002 guid=6a19ae25-8faa-41ba-b1a7-6062aa81a638-00000012 cancelled=False
  voucher mid=19 aid=19 Sales/4/20261002 guid=6a19ae25-8faa-41ba-b1a7-6062aa81a638-00000013 cancelled=False
  voucher mid=20 aid=20 Purchase/3/20261002 guid=6a19ae25-8faa-41ba-b1a7-6062aa81a638-00000014 cancelled=False
  voucher mid=21 aid=21 Credit Note/1/20261002 guid=6a19ae25-8faa-41ba-b1a7-6062aa81a638-00000015 cancelled=False
  voucher mid=22 aid=22 Journal/8/20261002 guid=6a19ae25-8faa-41ba-b1a7-6062aa81a638-00000016 cancelled=False
  voucher mid=23 aid=23 Receipt/3/20261002 guid=6a19ae25-8faa-41ba-b1a7-6062aa81a638-00000017 cancelled=False
  INFO share alter-sales-new (alteration: the New Ref sales invoice saved again unchanged (opened, Ctrl+A)): Tally Sales 1 mid 14; stored party 'Share Party' bills [New Ref,New Ref]; the line party 'Share Party' bills [New Ref]; lines voucher_accept_post x1, voucher_accept_pre x1, voucher_full x1
[18:59:38] ---- share alter-receipt-agst: alteration: the receipt against SB-1 saved again unchanged (opened, Ctrl+A)
  voucher mid=1 aid=1 Journal/1/20260401 guid=6a19ae25-8faa-41ba-b1a7-6062aa81a638-00000001 cancelled=False
  voucher mid=2 aid=2 Journal/2/20261001 guid=6a19ae25-8faa-41ba-b1a7-6062aa81a638-00000002 cancelled=False
  voucher mid=3 aid=3 Journal/3/20261001 guid=6a19ae25-8faa-41ba-b1a7-6062aa81a638-00000003 cancelled=False
  voucher mid=4 aid=4 Journal/4/20261001 guid=6a19ae25-8faa-41ba-b1a7-6062aa81a638-00000004 cancelled=False
  voucher mid=5 aid=5 Journal/5/20261001 guid=6a19ae25-8faa-41ba-b1a7-6062aa81a638-00000005 cancelled=False
  voucher mid=6 aid=6 Payroll/1/20261001 guid=6a19ae25-8faa-41ba-b1a7-6062aa81a638-00000006 cancelled=False
  voucher mid=7 aid=7 Receipt/1/20261002 guid=6a19ae25-8faa-41ba-b1a7-6062aa81a638-00000007 cancelled=False
  voucher mid=8 aid=24 Receipt/2/20261002 guid=6a19ae25-8faa-41ba-b1a7-6062aa81a638-00000008 cancelled=False
  voucher mid=9 aid=9 Payment/1/20261002 guid=6a19ae25-8faa-41ba-b1a7-6062aa81a638-00000009 cancelled=False
  voucher mid=10 aid=10 Payment/2/20261002 guid=6a19ae25-8faa-41ba-b1a7-6062aa81a638-0000000a cancelled=False
  voucher mid=11 aid=11 Contra/1/20261002 guid=6a19ae25-8faa-41ba-b1a7-6062aa81a638-0000000b cancelled=False
  voucher mid=12 aid=12 Journal/6/20261002 guid=6a19ae25-8faa-41ba-b1a7-6062aa81a638-0000000c cancelled=False
  voucher mid=13 aid=13 Journal/7/20261002 guid=6a19ae25-8faa-41ba-b1a7-6062aa81a638-0000000d cancelled=False
  voucher mid=14 aid=25 Sales/1/20261002 guid=6a19ae25-8faa-41ba-b1a7-6062aa81a638-0000000e cancelled=False
  voucher mid=15 aid=15 Sales/2/20261002 guid=6a19ae25-8faa-41ba-b1a7-6062aa81a638-0000000f cancelled=False
  voucher mid=16 aid=16 Sales/3/20261002 guid=6a19ae25-8faa-41ba-b1a7-6062aa81a638-00000010 cancelled=False
  voucher mid=17 aid=17 Purchase/1/20261002 guid=6a19ae25-8faa-41ba-b1a7-6062aa81a638-00000011 cancelled=False
  voucher mid=18 aid=18 Purchase/2/20261002 guid=6a19ae25-8faa-41ba-b1a7-6062aa81a638-00000012 cancelled=False
  voucher mid=19 aid=19 Sales/4/20261002 guid=6a19ae25-8faa-41ba-b1a7-6062aa81a638-00000013 cancelled=False
  voucher mid=20 aid=20 Purchase/3/20261002 guid=6a19ae25-8faa-41ba-b1a7-6062aa81a638-00000014 cancelled=False
  voucher mid=21 aid=21 Credit Note/1/20261002 guid=6a19ae25-8faa-41ba-b1a7-6062aa81a638-00000015 cancelled=False
  voucher mid=22 aid=22 Journal/8/20261002 guid=6a19ae25-8faa-41ba-b1a7-6062aa81a638-00000016 cancelled=False
  voucher mid=23 aid=23 Receipt/3/20261002 guid=6a19ae25-8faa-41ba-b1a7-6062aa81a638-00000017 cancelled=False
[shot] tds-566-gw0 (1024x768)
[18:59:39] [tds] screen tds-566-gw0 : EDU c Prime Gatewa of Tall CURRENT PERIOD K: Company Y: Data Z: Exchange O: Import E: Export M: Share p: print Fl: Help Date b82e1 I-Apr-26 to 31-Mar-27 NAME OF COMPANY FinCom Spike Co Q CURRENT OATE Friday, 2-Oct-2026 2-Oct-26 Search Gateway of Tally MASTERS Create Alter CHart of Accounts TRANSACTIONS Vouchers Day 800K UTILITIES BaNking REPORTS Balance Sheet Profit & Loss A/c Stock Summary Ratio Analysis Display More Reports DashbOard Quit Unity Company to ru 0912- 731-4 acepa 6c46- 2731- acep .337.0 -c978 ning 2d109 ing j _id" : . 0—011' 6c46- Mode Windows Server 2025 Datacenter Build 26100....
[keys] '%g' -> Tally 'TallyPrime:9000'
[shot] tds-567-A2-goto (1024x768)
[18:59:43] [tds] screen tds-567-A2-goto : EDU c Prime Unity Quit K: Company Y: Data Z: Exchange O: Import E: Export M: Share p: print Fl: Help x List of Re Its Saved Views Bills Payable - GST Bills Payable - GST - Sundry Creditors Bills Payable - GST - Sundry Debtors Bills Receivable - GST Bills Receivable - GST - Sundry Creditors Bills Receivable - GST - Sundry Debtors Purchase Dashboard Sales Dashboard IMS Inward Supplies - Filed Invoices Ledger Vouchers - GST Details Outstanding MSME Bills Common Reports Dashboard Balance Sheet Profit & Loss A/c Cash/Bank Book Day Book Ledger Vouchers Ledger Vouchers - GST Stock Summary Trial Balan...
[keys] 'Day Book' -> Tally 'TallyPrime:9000'
[keys] '{ENTER}' -> Tally 'TallyPrime:9000'
[shot] tds-568-A2-daybook (1024x768)
[18:59:50] [tds] screen tds-568-A2-daybook : EDU c Prime Da Book • Day Book K: Company Y: Data Particulars Z: Exchange A Add Vch Q Search FinCom • ke Co Vch Type Contra Payment Payment Receipt Receipt Receipt Journal Journal Journal Credit Note Sales Sales Sales Sales Purchase Purchase Purchase O: Import Vch No. 1 1 2 1 2 3 6 7 8 1 1 2 3 4 1 2 3 E: Export M: Share P: Print For 2-Oct-26 Fl: Help F2: Date b82e1 Company to ru Voucher Date 2-Oct-26 2-Oct-26 2-Oct-26 2-Oct-26 2-Oct-26 . 2-Oct-26 2-Oct-26 2-Oct-26 2-Oct-26 2-Oct-26 2-Oct-26 2-Oct-26 2-Oct-26 2-Oct-26 2-Oct-26 2-Oct-26 2-Oct-26 Quit Debit Amount Credit Amount Inwards Qty_ Outwa...
[keys] '{F2}' -> Tally 'TallyPrime:9000'
[shot] tds-569-A2-db-date (1024x768)
[18:59:53] [tds] screen tds-569-A2-db-date : EDU c Prime Change Date Unity Quit K: Company Y: Data Z: Exchange A Accept Q Search O: Import E: Export M: Share p: print Fl: Help FinCom Spike Co Change Date 2-10-2026 b82e1 to ru 0912- 731-4 acepa 6c46- 2731- acep .337.0 -c978 ning 2d109 ing j _id" : . 0—011' 6c46- Mode Windows Server 2025 Datacenter Build 26100.ge_release240331-1435 6:59 PM 10/8/2026
[keys] '2-10-2026{ENTER}' -> Tally 'TallyPrime:9000'
[shot] tds-570-A2-db-dated (1024x768)
[18:59:58] [tds] screen tds-570-A2-db-dated : EDU c Prime Da Book • Day Book K: Company Y: Data Particulars Z: Exchange A Add Vch Q Search FinCom • ke Co Vch Type Contra Payment Payment Receipt Receipt Receipt Journal Journal Journal Credit Note Sales Sales Sales Sales Purchase Purchase Purchase O: Import Vch No. 1 1 2 1 2 3 6 7 8 1 1 2 3 4 1 2 3 E: Export M: Share P: Print For 2-Oct-26 Fl: Help F2: Date b82e1 Company to ru Voucher Date 2-Oct-26 2-Oct-26 2-Oct-26 2-Oct-26 2-Oct-26 . 2-Oct-26 2-Oct-26 2-Oct-26 2-Oct-26 2-Oct-26 2-Oct-26 2-Oct-26 2-Oct-26 2-Oct-26 2-Oct-26 2-Oct-26 2-Oct-26 Quit Debit Amount Credit Amount Inwards Qty_ Outwa...
[keys] '{F4}' -> Tally 'TallyPrime:9000'
[shot] tds-571-A2-db-type (1024x768)
[19:00:02] [tds] screen tds-571-A2-db-type : EDU c Prime Change Voucher Type Unity Quit K: Company Y: Data Z: Exchange FinCom • ke Co Name of VoucherType O: Import Create E: Export M: Share p: print Fl: Help Voucher T • All Items Contra Credit Note Debit Note Journal s Memorandum Payment Physical Stock Purchase Receipt Reversing Journal Sales Stock Journal A Accept Q Search b82e1 to ru 0912- 731-4 acepa 6c46- 2731- acep .337.0 -c978 ning 2d109 ing j _id" : . 0—011' 6c46- Mode Windows Server 2025 Datacenter Build 26100.ge_release240331-1435 7:00 PM 10/8/2026
[keys] 'Receipt{ENTER}' -> Tally 'TallyPrime:9000'
[shot] tds-572-A2-db-typed (1024x768)
[19:00:07] [tds] screen tds-572-A2-db-typed : EDU c Prime K: Company Y: Data Da Book • List of Receipt Vouchers Z: Exchange A Add Vch Q Search FinCom • ke Co Vch Type Receipt Receipt Receipt O: Import Vch No. 1 2 3 Total: E: Export M: Share P: Print For 2-Oct-26 Fl: Help F2: Date b82e1 Date 2-Oct-26 2-Oct-26 2-Oct-26 Unity Quit Particulars Share Party Spike Income Spike Income Enter: Alter Debit Amount Credit Amount 500.00 800.00 700.00 2,000.00 U: Restore Line Company to ru Voucher 0912- Type 731-4 acepa Space: Sekd DuÅicate Vch I Insert Vch Delete x: Cancel Vch F 7: Show profit Columnar FIO B: Basis of = Values Change ¯ View Exception J...
[keys] '{END}' -> Tally 'TallyPrime:9000'
[shot] tds-573-A2-db-last (1024x768)
[19:00:10] [tds] screen tds-573-A2-db-last : EDU c Prime K: Company Y: Data Da Book • List of Receipt Vouchers Z: Exchange A Add Vch Q Search FinCom • ke Co Vch Type Receipt Receipt Receipt O: Import Vch No. 1 2 3 Total: E: Export M: Share P: Print For 2-Oct-26 Fl: Help F2: Date b82e1 Date 2-Oct-26 2-Oct-26 2-Oct-26 Unity Quit Particulars Share Party Spike Income Spike Income Enter: Alter Debit Amount Credit Amount 500.00 800.00 700.00 2,000.00 U: Restore Line Company to ru Voucher 0912- Type 731-4 acepa Space: Sekd DuÅicate Vch I Insert Vch Delete x: Cancel Vch F 7: Show profit Columnar FIO B: Basis of = Values Change ¯ View Exception J...
[keys] '{HOME}' -> Tally 'TallyPrime:9000'
[shot] tds-574-A2-first (1024x768)
[19:00:13] [tds] screen tds-574-A2-first : EDU c Prime K: Company Y: Data Da Book • List of Receipt Vouchers Z: Exchange A Add Vch Q Search FinCom • ke Co Vch Type Receipt Receipt Receipt O: Import Vch No. 1 2 3 Total: E: Export M: Share P: Print For 2-Oct-26 Fl: Help F2: Date b82e1 Date 2-Oct-26 2-Oct-26 2-Oct-26 Unity Quit Particulars Share Party Spike Income Spike Income Enter: Alter Debit Amount Credit Amount 500.00 800.00 700.00 2,000.00 U: Restore Line Company to ru Voucher 0912- Type 731-4 acepa Space: Sekd DuÅicate Vch I Insert Vch Delete x: Cancel Vch F 7: Show profit Columnar FIO B: Basis of = Values Change ¯ View Exception J...
[keys] '{ENTER}' -> Tally 'TallyPrime:9000'
[shot] tds-575-A2-open (1024x768)
[19:00:18] [tds] screen tds-575-A2-open : EDU c Prime K: Company Y: Data Accounting Voucher Alteration (Secondary 03 Recei t • Account Cash Current balance: 1, 100.00 Dr Particulars Share Party CurBal: 4,400.00 Dr Agst Ref SB-I Narration: • share receipt agst Unity Quit Z: Exchange 500.00 Cr A Accept Q Search O: Import E: Export M: Share FinCom • ke Co p: print x 2-Oct-26 Friday Amount 500.00 500.00 Fl: Help Q: Date Company Ed: Contra Payment F-6: Receipt : Journal Sales b82e1 to ru 0912- 731-4 acepa 6c46- Purchase 2731- Fl O: OåuVooctgs E: Autofill Change Mode More Details O: Related ¯ Repons Optional post -Dated J: Stat acep .337.0 ...
[keys] '^a' -> Tally 'TallyPrime:9000'
[shot] tds-576-A2-accept1 (1024x768)
[19:00:22] [tds] screen tds-576-A2-accept1 : EDU c Prime K: Company Y: Data Da Book • List of Receipt Vouchers Z: Exchange A Add Vch Q Search FinCom • ke Co Vch Type Receipt Receipt Receipt O: Import Vch No. 1 2 3 Total: E: Export M: Share P: Print For 2-Oct-26 Fl: Help F2: Date b82e1 Date 2-Oct-26 2-Oct-26 2-Oct-26 Unity Quit Particulars Share Party Spike Income Spike Income Enter: Alter Debit Amount Credit Amount 500.00 800.00 700.00 2,000.00 U: Restore Line Company to ru Voucher 0912- Type 731-4 acepa Space: Sekd DuÅicate Vch I Insert Vch Delete x: Cancel Vch F 7: Show profit Columnar FIO B: Basis of = Values Change ¯ View Exception J...
[shot] tds-577-A2-after1 (1024x768)
[19:00:23] [tds] screen tds-577-A2-after1 : EDU c Prime K: Company Y: Data Da Book • List of Receipt Vouchers Z: Exchange A Add Vch Q Search FinCom • ke Co Vch Type Receipt Receipt Receipt O: Import Vch No. 1 2 3 Total: E: Export M: Share P: Print For 2-Oct-26 Fl: Help F2: Date b82e1 Date 2-Oct-26 2-Oct-26 2-Oct-26 Unity Quit Particulars Share Party Spike Income Spike Income Enter: Alter Debit Amount Credit Amount 500.00 800.00 700.00 2,000.00 U: Restore Line Company to ru Voucher 0912- Type 731-4 acepa Space: Sekd DuÅicate Vch I Insert Vch Delete x: Cancel Vch F 7: Show profit Columnar FIO B: Basis of = Values Change ¯ View Exception J...
[shot] tds-578-gw0 (1024x768)
[19:00:24] [tds] screen tds-578-gw0 : EDU c Prime K: Company Y: Data Da Book • List of Receipt Vouchers Z: Exchange A Add Vch Q Search FinCom • ke Co Vch Type Receipt Receipt Receipt O: Import Vch No. 1 2 3 Total: E: Export M: Share P: Print For 2-Oct-26 Fl: Help F2: Date b82e1 Date 2-Oct-26 2-Oct-26 2-Oct-26 Unity Quit Particulars Share Party Spike Income Spike Income Enter: Alter Debit Amount Credit Amount 500.00 800.00 700.00 2,000.00 U: Restore Line Company to ru Voucher 0912- Type 731-4 acepa Space: Sekd DuÅicate Vch I Insert Vch Delete x: Cancel Vch F 7: Show profit Columnar FIO B: Basis of = Values Change ¯ View Exception J...
[keys] '{ESC}' -> Tally 'TallyPrime:9000'
[shot] tds-579-gw1 (1024x768)
[19:00:28] [tds] screen tds-579-gw1 : EDU c Prime Gatewa of Tall CURRENT PERIOD K: Company Y: Data Z: Exchange O: Import E: Export M: Share p: print Fl: Help Date b82e1 I-Apr-26 to 31-Mar-27 NAME OF COMPANY FinCom Spike Co Q CURRENT OATE Friday, 2-Oct-2026 2-Oct-26 Search Gateway of Tally MASTERS Create Alter CHart of Accounts TRANSACTIONS Vouchers Day 800K UTILITIES BaNking REPORTS Balance Sheet Profit & Loss A/c Stock Summary Ratio Analysis Display More Reports DashbOard Quit Unity Company to ru 0912- 731-4 acepa 6c46- 2731- acep .337.0 -c978 ning 2d109 ing j _id" : . 0—011' 6c46- Mode Windows Server 2025 Datacenter Build 26100....
  voucher mid=1 aid=1 Journal/1/20260401 guid=6a19ae25-8faa-41ba-b1a7-6062aa81a638-00000001 cancelled=False
  voucher mid=2 aid=2 Journal/2/20261001 guid=6a19ae25-8faa-41ba-b1a7-6062aa81a638-00000002 cancelled=False
  voucher mid=3 aid=3 Journal/3/20261001 guid=6a19ae25-8faa-41ba-b1a7-6062aa81a638-00000003 cancelled=False
  voucher mid=4 aid=4 Journal/4/20261001 guid=6a19ae25-8faa-41ba-b1a7-6062aa81a638-00000004 cancelled=False
  voucher mid=5 aid=5 Journal/5/20261001 guid=6a19ae25-8faa-41ba-b1a7-6062aa81a638-00000005 cancelled=False
  voucher mid=6 aid=6 Payroll/1/20261001 guid=6a19ae25-8faa-41ba-b1a7-6062aa81a638-00000006 cancelled=False
  voucher mid=7 aid=26 Receipt/1/20261002 guid=6a19ae25-8faa-41ba-b1a7-6062aa81a638-00000007 cancelled=False
  voucher mid=8 aid=24 Receipt/2/20261002 guid=6a19ae25-8faa-41ba-b1a7-6062aa81a638-00000008 cancelled=False
  voucher mid=9 aid=9 Payment/1/20261002 guid=6a19ae25-8faa-41ba-b1a7-6062aa81a638-00000009 cancelled=False
  voucher mid=10 aid=10 Payment/2/20261002 guid=6a19ae25-8faa-41ba-b1a7-6062aa81a638-0000000a cancelled=False
  voucher mid=11 aid=11 Contra/1/20261002 guid=6a19ae25-8faa-41ba-b1a7-6062aa81a638-0000000b cancelled=False
  voucher mid=12 aid=12 Journal/6/20261002 guid=6a19ae25-8faa-41ba-b1a7-6062aa81a638-0000000c cancelled=False
  voucher mid=13 aid=13 Journal/7/20261002 guid=6a19ae25-8faa-41ba-b1a7-6062aa81a638-0000000d cancelled=False
  voucher mid=14 aid=25 Sales/1/20261002 guid=6a19ae25-8faa-41ba-b1a7-6062aa81a638-0000000e cancelled=False
  voucher mid=15 aid=15 Sales/2/20261002 guid=6a19ae25-8faa-41ba-b1a7-6062aa81a638-0000000f cancelled=False
  voucher mid=16 aid=16 Sales/3/20261002 guid=6a19ae25-8faa-41ba-b1a7-6062aa81a638-00000010 cancelled=False
  voucher mid=17 aid=17 Purchase/1/20261002 guid=6a19ae25-8faa-41ba-b1a7-6062aa81a638-00000011 cancelled=False
  voucher mid=18 aid=18 Purchase/2/20261002 guid=6a19ae25-8faa-41ba-b1a7-6062aa81a638-00000012 cancelled=False
  voucher mid=19 aid=19 Sales/4/20261002 guid=6a19ae25-8faa-41ba-b1a7-6062aa81a638-00000013 cancelled=False
  voucher mid=20 aid=20 Purchase/3/20261002 guid=6a19ae25-8faa-41ba-b1a7-6062aa81a638-00000014 cancelled=False
  voucher mid=21 aid=21 Credit Note/1/20261002 guid=6a19ae25-8faa-41ba-b1a7-6062aa81a638-00000015 cancelled=False
  voucher mid=22 aid=22 Journal/8/20261002 guid=6a19ae25-8faa-41ba-b1a7-6062aa81a638-00000016 cancelled=False
  voucher mid=23 aid=23 Receipt/3/20261002 guid=6a19ae25-8faa-41ba-b1a7-6062aa81a638-00000017 cancelled=False
  INFO share alter-receipt-agst (alteration: the receipt against SB-1 saved again unchanged (opened, Ctrl+A)): Tally Receipt 1 mid 7; stored party 'Share Party' bills [Agst Ref]; the line party 'Share Party' bills [Agst Ref]; lines voucher_accept_post x1, voucher_accept_pre x1, voucher_full x1
  voucher mid=1 aid=1 Journal/1/20260401 guid=6a19ae25-8faa-41ba-b1a7-6062aa81a638-00000001 cancelled=False
  voucher mid=2 aid=2 Journal/2/20261001 guid=6a19ae25-8faa-41ba-b1a7-6062aa81a638-00000002 cancelled=False
  voucher mid=3 aid=3 Journal/3/20261001 guid=6a19ae25-8faa-41ba-b1a7-6062aa81a638-00000003 cancelled=False
  voucher mid=4 aid=4 Journal/4/20261001 guid=6a19ae25-8faa-41ba-b1a7-6062aa81a638-00000004 cancelled=False
  voucher mid=5 aid=5 Journal/5/20261001 guid=6a19ae25-8faa-41ba-b1a7-6062aa81a638-00000005 cancelled=False
  voucher mid=6 aid=6 Payroll/1/20261001 guid=6a19ae25-8faa-41ba-b1a7-6062aa81a638-00000006 cancelled=False
  voucher mid=7 aid=26 Receipt/1/20261002 guid=6a19ae25-8faa-41ba-b1a7-6062aa81a638-00000007 cancelled=False
  voucher mid=8 aid=24 Receipt/2/20261002 guid=6a19ae25-8faa-41ba-b1a7-6062aa81a638-00000008 cancelled=False
  voucher mid=9 aid=9 Payment/1/20261002 guid=6a19ae25-8faa-41ba-b1a7-6062aa81a638-00000009 cancelled=False
  voucher mid=10 aid=10 Payment/2/20261002 guid=6a19ae25-8faa-41ba-b1a7-6062aa81a638-0000000a cancelled=False
  voucher mid=11 aid=11 Contra/1/20261002 guid=6a19ae25-8faa-41ba-b1a7-6062aa81a638-0000000b cancelled=False
  voucher mid=12 aid=12 Journal/6/20261002 guid=6a19ae25-8faa-41ba-b1a7-6062aa81a638-0000000c cancelled=False
  voucher mid=13 aid=13 Journal/7/20261002 guid=6a19ae25-8faa-41ba-b1a7-6062aa81a638-0000000d cancelled=False
  voucher mid=14 aid=25 Sales/1/20261002 guid=6a19ae25-8faa-41ba-b1a7-6062aa81a638-0000000e cancelled=False
  voucher mid=15 aid=15 Sales/2/20261002 guid=6a19ae25-8faa-41ba-b1a7-6062aa81a638-0000000f cancelled=False
  voucher mid=16 aid=16 Sales/3/20261002 guid=6a19ae25-8faa-41ba-b1a7-6062aa81a638-00000010 cancelled=False
  voucher mid=17 aid=17 Purchase/1/20261002 guid=6a19ae25-8faa-41ba-b1a7-6062aa81a638-00000011 cancelled=False
  voucher mid=18 aid=18 Purchase/2/20261002 guid=6a19ae25-8faa-41ba-b1a7-6062aa81a638-00000012 cancelled=False
  voucher mid=19 aid=19 Sales/4/20261002 guid=6a19ae25-8faa-41ba-b1a7-6062aa81a638-00000013 cancelled=False
  voucher mid=20 aid=20 Purchase/3/20261002 guid=6a19ae25-8faa-41ba-b1a7-6062aa81a638-00000014 cancelled=False
  voucher mid=21 aid=21 Credit Note/1/20261002 guid=6a19ae25-8faa-41ba-b1a7-6062aa81a638-00000015 cancelled=False
  voucher mid=22 aid=22 Journal/8/20261002 guid=6a19ae25-8faa-41ba-b1a7-6062aa81a638-00000016 cancelled=False
  voucher mid=23 aid=23 Receipt/3/20261002 guid=6a19ae25-8faa-41ba-b1a7-6062aa81a638-00000017 cancelled=False
[19:00:31] ---- share copy-payroll: Alt+2 copy of the payroll entry (five employees, two pay heads)
  voucher mid=1 aid=1 Journal/1/20260401 guid=6a19ae25-8faa-41ba-b1a7-6062aa81a638-00000001 cancelled=False
  voucher mid=2 aid=2 Journal/2/20261001 guid=6a19ae25-8faa-41ba-b1a7-6062aa81a638-00000002 cancelled=False
  voucher mid=3 aid=3 Journal/3/20261001 guid=6a19ae25-8faa-41ba-b1a7-6062aa81a638-00000003 cancelled=False
  voucher mid=4 aid=4 Journal/4/20261001 guid=6a19ae25-8faa-41ba-b1a7-6062aa81a638-00000004 cancelled=False
  voucher mid=5 aid=5 Journal/5/20261001 guid=6a19ae25-8faa-41ba-b1a7-6062aa81a638-00000005 cancelled=False
  voucher mid=6 aid=6 Payroll/1/20261001 guid=6a19ae25-8faa-41ba-b1a7-6062aa81a638-00000006 cancelled=False
  voucher mid=7 aid=26 Receipt/1/20261002 guid=6a19ae25-8faa-41ba-b1a7-6062aa81a638-00000007 cancelled=False
  voucher mid=8 aid=24 Receipt/2/20261002 guid=6a19ae25-8faa-41ba-b1a7-6062aa81a638-00000008 cancelled=False
  voucher mid=9 aid=9 Payment/1/20261002 guid=6a19ae25-8faa-41ba-b1a7-6062aa81a638-00000009 cancelled=False
  voucher mid=10 aid=10 Payment/2/20261002 guid=6a19ae25-8faa-41ba-b1a7-6062aa81a638-0000000a cancelled=False
  voucher mid=11 aid=11 Contra/1/20261002 guid=6a19ae25-8faa-41ba-b1a7-6062aa81a638-0000000b cancelled=False
  voucher mid=12 aid=12 Journal/6/20261002 guid=6a19ae25-8faa-41ba-b1a7-6062aa81a638-0000000c cancelled=False
  voucher mid=13 aid=13 Journal/7/20261002 guid=6a19ae25-8faa-41ba-b1a7-6062aa81a638-0000000d cancelled=False
  voucher mid=14 aid=25 Sales/1/20261002 guid=6a19ae25-8faa-41ba-b1a7-6062aa81a638-0000000e cancelled=False
  voucher mid=15 aid=15 Sales/2/20261002 guid=6a19ae25-8faa-41ba-b1a7-6062aa81a638-0000000f cancelled=False
  voucher mid=16 aid=16 Sales/3/20261002 guid=6a19ae25-8faa-41ba-b1a7-6062aa81a638-00000010 cancelled=False
  voucher mid=17 aid=17 Purchase/1/20261002 guid=6a19ae25-8faa-41ba-b1a7-6062aa81a638-00000011 cancelled=False
  voucher mid=18 aid=18 Purchase/2/20261002 guid=6a19ae25-8faa-41ba-b1a7-6062aa81a638-00000012 cancelled=False
  voucher mid=19 aid=19 Sales/4/20261002 guid=6a19ae25-8faa-41ba-b1a7-6062aa81a638-00000013 cancelled=False
  voucher mid=20 aid=20 Purchase/3/20261002 guid=6a19ae25-8faa-41ba-b1a7-6062aa81a638-00000014 cancelled=False
  voucher mid=21 aid=21 Credit Note/1/20261002 guid=6a19ae25-8faa-41ba-b1a7-6062aa81a638-00000015 cancelled=False
  voucher mid=22 aid=22 Journal/8/20261002 guid=6a19ae25-8faa-41ba-b1a7-6062aa81a638-00000016 cancelled=False
  voucher mid=23 aid=23 Receipt/3/20261002 guid=6a19ae25-8faa-41ba-b1a7-6062aa81a638-00000017 cancelled=False
[shot] tds-580-gw0 (1024x768)
[19:00:32] [tds] screen tds-580-gw0 : EDU c Prime Gatewa of Tall CURRENT PERIOD K: Company Y: Data Z: Exchange O: Import E: Export M: Share p: print Fl: Help Date b82e1 I-Apr-26 to 31-Mar-27 NAME OF COMPANY FinCom Spike Co Q CURRENT OATE Friday, 2-Oct-2026 2-Oct-26 Search Gateway of Tally MASTERS Create Alter CHart of Accounts TRANSACTIONS Vouchers Day 800K UTILITIES BaNking REPORTS Balance Sheet Profit & Loss A/c Stock Summary Ratio Analysis Display More Reports DashbOard Quit Unity Company to ru 0912- 731-4 acepa 6c46- 2731- acep .337.0 -c978 ning 2d109 ing j _id" : . 0—011' 6c46- Mode Windows Server 2025 Datacenter Build 26100....
[keys] '%g' -> Tally 'TallyPrime:9000'
[shot] tds-581-Y1-goto (1024x768)
[19:00:36] [tds] screen tds-581-Y1-goto : EDU c Prime Unity Quit K: Company Y: Data Z: Exchange O: Import E: Export M: Share p: print Fl: Help x List of Re Its Saved Views Bills Payable - GST Bills Payable - GST - Sundry Creditors Bills Payable - GST - Sundry Debtors Bills Receivable - GST Bills Receivable - GST - Sundry Creditors Bills Receivable - GST - Sundry Debtors Purchase Dashboard Sales Dashboard IMS Inward Supplies - Filed Invoices Ledger Vouchers - GST Details Outstanding MSME Bills Common Reports Dashboard Balance Sheet Profit & Loss A/c Cash/Bank Book Day Book Ledger Vouchers Ledger Vouchers - GST Stock Summary Trial Balan...
[keys] 'Day Book' -> Tally 'TallyPrime:9000'
[keys] '{ENTER}' -> Tally 'TallyPrime:9000'
[shot] tds-582-Y1-daybook (1024x768)
[19:00:43] [tds] screen tds-582-Y1-daybook : EDU c Prime Da Book • Day Book K: Company Y: Data Particulars Z: Exchange A Add Vch Q Search FinCom • ke Co Vch Type Contra Payment Payment Receipt Receipt Receipt Journal Journal Journal Credit Note Sales Sales Sales Sales Purchase Purchase Purchase O: Import Vch No. 1 1 2 1 2 3 6 7 8 1 1 2 3 4 1 2 3 E: Export M: Share P: Print For 2-Oct-26 Fl: Help F2: Date b82e1 Company to ru Voucher Date 2-Oct-26 2-Oct-26 2-Oct-26 2-Oct-26 2-Oct-26 . 2-Oct-26 2-Oct-26 2-Oct-26 2-Oct-26 2-Oct-26 2-Oct-26 2-Oct-26 2-Oct-26 2-Oct-26 2-Oct-26 2-Oct-26 2-Oct-26 Quit Debit Amount Credit Amount Inwards Qty_ Outwa...
[keys] '{F2}' -> Tally 'TallyPrime:9000'
[shot] tds-583-Y1-db-date (1024x768)
[19:00:46] [tds] screen tds-583-Y1-db-date : EDU c Prime Change Date Unity Quit K: Company Y: Data Z: Exchange A Accept Q Search O: Import E: Export M: Share p: print Fl: Help FinCom Spike Co Change Date 2-10-2026 b82e1 to ru 0912- 731-4 acepa 6c46- 2731- acep .337.0 -c978 ning 2d109 ing j _id" : . 0—011' 6c46- Mode Windows Server 2025 Datacenter Build 26100.ge_release240331-1435 7:00 PM 10/8/2026
[keys] '1-10-2026{ENTER}' -> Tally 'TallyPrime:9000'
[shot] tds-584-Y1-db-dated (1024x768)
[19:00:51] [tds] screen tds-584-Y1-db-dated : EDU c Prime Da Book • Day Book K: Company Y: Data Particulars Z: Exchange A Add Vch Q Search FinCom • ke Co Vch Type Journal Journal Journal Journal Payroll O: Import Vch No. 2 3 4 5 1 E: Export M: Share P: Print For 10ct-26 Fl: Help F2: Date b82e1 Company to ru Voucher Date I-Oct-26 I-Oct-26 I-Oct-26 I-Oct-26 I-Oct-26 Quit Debit Amount Credit Amount Inwards Qty_ Outwards Qt Share Party Share Supplier Share Party Share Supplier Share Basic Enter: Alter 5,000.00 1,000.00 5,000.00 4,000.00 1,000.00 U: Restore Line Type F 7: Show profit F8: Columnar FIO Basis of Values Change ¯ View Exception Rep...
[keys] '{END}' -> Tally 'TallyPrime:9000'
[shot] tds-585-Y1-db-last (1024x768)
[19:00:54] [tds] screen tds-585-Y1-db-last : EDU c Prime Da Book • Day Book K: Company Y: Data Particulars Z: Exchange A Add Vch Q Search FinCom • ke Co Vch Type Journal Journal Journal Journal Payroll O: Import Vch No. 2 3 4 5 E: Export M: Share P: Print For 10ct-26 Fl: Help F2: Date b82e1 Company to ru Voucher Date I-Oct-26 I-Oct-26 I-Oct-26 I-Oct-26 I-Oct-26 Quit Debit Amount Credit Amount Inwards Qty_ Outwards Qt Share Party Share Supplier Share Party Share Supplier Share Basic Enter: Alter 5,000.00 1,000.00 5,000.00 4,000.00 1,000.00 U: Restore Line Type F 7: Show profit F8: Columnar FIO Basis of Values Change ¯ View Exception Repor...
[keys] '%2' -> Tally 'TallyPrime:9000'
[shot] tds-586-Y1-copy (1024x768)
[19:00:59] [tds] screen tds-586-Y1-copy : EDU c Prime K: Company Y: Data Payroll Voucher Creation (Duplication) Unity Quit Z: Exchange FinCom Spike Co You need to enable the Payroll feature for your O: Import E: Export M: Share p: print Fl: Help Q Company. Enable now? Yes or No Search b82e1 to ru 0912- 731-4 acepa 6c46- 2731- acep .337.0 -c978 ning 2d109 ing j _id" : . 0—011' 6c46- Mode Windows Server 2025 Datacenter Build 26100.ge_release240331-1435 7:00 PM 10/8/2026
[keys] '^a' -> Tally 'TallyPrime:9000'
[shot] tds-587-Y1-accept1 (1024x768)
[19:01:03] [tds] screen tds-587-Y1-accept1 : EDU c Prime K: Company Y: Data P,ayroll Voucher Creation (Duplication) 03 Pa roll No. 2 • Account. CurBal: 7,500.00 Cr Particulars Share Emp 1 Share Basic Share HRA Share Emp 2 Share Basic Share HRA Share Emp 3 Share Basic Share HRA Share Emp 4 Share Basic Share HRA Share Emp 5 Share Basic Share HRA Narration: • share payroll template Unity Quit Z: Exchange 1,000.00 Dr CurBal: 500.00 Dr CurBal: 1,000.00 Dr CurBal: 500.00 Dr CurBal: 1,000.00 Dr CurBal: 500.00 Dr CurBal: 1,000.00 Dr CurBal: 500.00 Dr CurBal: 1,000.00 Dr CurBal: 500.00 Dr CurBal: A Accept Q Search FinCom Spike Co 1,000.00 Dr 500....
[shot] tds-588-Y1-after1 (1024x768)
[19:01:04] [tds] screen tds-588-Y1-after1 : EDU c Prime K: Company Y: Data P,ayroll Voucher Creation (Duplication) 03 Pa roll No. 2 • Account. CurBal: 7,500.00 Cr Particulars Share Emp 1 Share Basic Share HRA Share Emp 2 Share Basic Share HRA Share Emp 3 Share Basic Share HRA Share Emp 4 Share Basic Share HRA Share Emp 5 Share Basic Share HRA Narration: • share payroll template Unity Quit Z: Exchange 1,000.00 Dr CurBal: 500.00 Dr CurBal: 1,000.00 Dr CurBal: 500.00 Dr CurBal: 1,000.00 Dr CurBal: 500.00 Dr CurBal: 1,000.00 Dr CurBal: 500.00 Dr CurBal: 1,000.00 Dr CurBal: 500.00 Dr CurBal: A Accept Q Search FinCom Spike Co 1,000.00 Dr 500....
[keys] '^a' -> Tally 'TallyPrime:9000'
[shot] tds-589-Y1-accept2 (1024x768)
[19:01:09] [tds] screen tds-589-Y1-accept2 : EDU c Prime Da Book • Day Book K: Company Y: Data Particulars Z: Exchange A Add Vch Q Search FinCom • ke Co Vch Type Journal Journal Journal Journal Payroll Payroll O: Import Vch No. 2 3 4 5 1 2 E: Export M: Share P: Print For 10ct-26 Fl: Help F2: Date b82e1 Company to ru Voucher Date I-Oct-26 I-Oct-26 I-Oct-26 I-Oct-26 I-Oct-26 . I-Oct-26 Quit Debit Amount Credit Amount Inwards Qty_ Outwards Qt Share Party Share Supplier Share Party Share Supplier Share Basic Share Basic Enter: Alter 5,000.00 1,000.00 5,000.00 5,000.00 4,000.00 1,000.00 U: Restore Line Type F 7: Show profit F8: Columnar FIO B...
[shot] tds-590-Y1-after2 (1024x768)
[19:01:10] [tds] screen tds-590-Y1-after2 : EDU c Prime Da Book • Day Book K: Company Y: Data Particulars Z: Exchange A Add Vch Q Search FinCom • ke Co Vch Type Journal Journal Journal Journal Payroll Payroll O: Import Vch No. 2 3 4 5 1 2 E: Export M: Share P: Print For 10ct-26 Fl: Help F2: Date b82e1 Company to ru Voucher Date I-Oct-26 I-Oct-26 I-Oct-26 I-Oct-26 I-Oct-26 . I-Oct-26 Quit Debit Amount Credit Amount Inwards Qty_ Outwards Qt Share Party Share Supplier Share Party Share Supplier Share Basic Share Basic Enter: Alter 5,000.00 1,000.00 5,000.00 5,000.00 4,000.00 1,000.00 U: Restore Line Type F 7: Show profit F8: Columnar FIO B...
[shot] tds-591-gw0 (1024x768)
[19:01:11] [tds] screen tds-591-gw0 : EDU c Prime Da Book • Day Book K: Company Y: Data Particulars Z: Exchange A Add Vch Q Search FinCom • ke Co Vch Type Journal Journal Journal Journal Payroll Payroll O: Import Vch No. 2 3 4 5 1 2 E: Export M: Share P: Print For 10ct-26 Fl: Help F2: Date b82e1 Company to ru Voucher Date I-Oct-26 I-Oct-26 I-Oct-26 I-Oct-26 I-Oct-26 . I-Oct-26 Quit Debit Amount Credit Amount Inwards Qty_ Outwards Qt Share Party Share Supplier Share Party Share Supplier Share Basic Share Basic Enter: Alter 5,000.00 1,000.00 5,000.00 5,000.00 4,000.00 1,000.00 U: Restore Line Type F 7: Show profit F8: Columnar FIO B...
[keys] '{ESC}' -> Tally 'TallyPrime:9000'
[shot] tds-592-gw1 (1024x768)
[19:01:14] [tds] screen tds-592-gw1 : EDU c Prime Gatewa of Tall CURRENT PERIOD K: Company Y: Data Z: Exchange CURRENT OATE Thursday, I-Oct-2026 O: Import E: Export M: Share p: print Fl: Help Date b82e1 I-Apr-26 to 31-Mar-27 NAME OF COMPANY FinCom Spike Co Gateway of Tally MASTERS Create Alter CHart of Accounts TRANSACTIONS Vouchers Day 800K UTILITIES BaNking REPORTS Balance Sheet Profit & Loss A/c Stock Summary Ratio Analysis Display More Reports DashbOard Quit Unity Q 2-Oct-26 Search Company to ru 0912- 731-4 acepa 6c46- 2731- acep .337.0 -c978 ning 2d109 ing j _id" : . 0—011' 6c46- Mode Windows Server 2025 Datacenter Build 2610...
  voucher mid=1 aid=1 Journal/1/20260401 guid=6a19ae25-8faa-41ba-b1a7-6062aa81a638-00000001 cancelled=False
  voucher mid=2 aid=2 Journal/2/20261001 guid=6a19ae25-8faa-41ba-b1a7-6062aa81a638-00000002 cancelled=False
  voucher mid=3 aid=3 Journal/3/20261001 guid=6a19ae25-8faa-41ba-b1a7-6062aa81a638-00000003 cancelled=False
  voucher mid=4 aid=4 Journal/4/20261001 guid=6a19ae25-8faa-41ba-b1a7-6062aa81a638-00000004 cancelled=False
  voucher mid=5 aid=5 Journal/5/20261001 guid=6a19ae25-8faa-41ba-b1a7-6062aa81a638-00000005 cancelled=False
  voucher mid=6 aid=6 Payroll/1/20261001 guid=6a19ae25-8faa-41ba-b1a7-6062aa81a638-00000006 cancelled=False
  voucher mid=24 aid=27 Payroll/2/20261001 guid=6a19ae25-8faa-41ba-b1a7-6062aa81a638-00000018 cancelled=False
  voucher mid=7 aid=26 Receipt/1/20261002 guid=6a19ae25-8faa-41ba-b1a7-6062aa81a638-00000007 cancelled=False
  voucher mid=8 aid=24 Receipt/2/20261002 guid=6a19ae25-8faa-41ba-b1a7-6062aa81a638-00000008 cancelled=False
  voucher mid=9 aid=9 Payment/1/20261002 guid=6a19ae25-8faa-41ba-b1a7-6062aa81a638-00000009 cancelled=False
  voucher mid=10 aid=10 Payment/2/20261002 guid=6a19ae25-8faa-41ba-b1a7-6062aa81a638-0000000a cancelled=False
  voucher mid=11 aid=11 Contra/1/20261002 guid=6a19ae25-8faa-41ba-b1a7-6062aa81a638-0000000b cancelled=False
  voucher mid=12 aid=12 Journal/6/20261002 guid=6a19ae25-8faa-41ba-b1a7-6062aa81a638-0000000c cancelled=False
  voucher mid=13 aid=13 Journal/7/20261002 guid=6a19ae25-8faa-41ba-b1a7-6062aa81a638-0000000d cancelled=False
  voucher mid=14 aid=25 Sales/1/20261002 guid=6a19ae25-8faa-41ba-b1a7-6062aa81a638-0000000e cancelled=False
  voucher mid=15 aid=15 Sales/2/20261002 guid=6a19ae25-8faa-41ba-b1a7-6062aa81a638-0000000f cancelled=False
  voucher mid=16 aid=16 Sales/3/20261002 guid=6a19ae25-8faa-41ba-b1a7-6062aa81a638-00000010 cancelled=False
  voucher mid=17 aid=17 Purchase/1/20261002 guid=6a19ae25-8faa-41ba-b1a7-6062aa81a638-00000011 cancelled=False
  voucher mid=18 aid=18 Purchase/2/20261002 guid=6a19ae25-8faa-41ba-b1a7-6062aa81a638-00000012 cancelled=False
  voucher mid=19 aid=19 Sales/4/20261002 guid=6a19ae25-8faa-41ba-b1a7-6062aa81a638-00000013 cancelled=False
  voucher mid=20 aid=20 Purchase/3/20261002 guid=6a19ae25-8faa-41ba-b1a7-6062aa81a638-00000014 cancelled=False
  voucher mid=21 aid=21 Credit Note/1/20261002 guid=6a19ae25-8faa-41ba-b1a7-6062aa81a638-00000015 cancelled=False
  voucher mid=22 aid=22 Journal/8/20261002 guid=6a19ae25-8faa-41ba-b1a7-6062aa81a638-00000016 cancelled=False
  voucher mid=23 aid=23 Receipt/3/20261002 guid=6a19ae25-8faa-41ba-b1a7-6062aa81a638-00000017 cancelled=False
  INFO share copy-payroll (Alt+2 copy of the payroll entry (five employees, two pay heads)): Tally Payroll 2 mid 24; stored party 'Cash' bills []; the line party 'Cash' bills []; lines voucher_accept_post x1, voucher_full x1
[19:01:18] ---- share alter-payroll: alteration: the payroll entry saved again unchanged (opened, Ctrl+A)
  voucher mid=1 aid=1 Journal/1/20260401 guid=6a19ae25-8faa-41ba-b1a7-6062aa81a638-00000001 cancelled=False
  voucher mid=2 aid=2 Journal/2/20261001 guid=6a19ae25-8faa-41ba-b1a7-6062aa81a638-00000002 cancelled=False
  voucher mid=3 aid=3 Journal/3/20261001 guid=6a19ae25-8faa-41ba-b1a7-6062aa81a638-00000003 cancelled=False
  voucher mid=4 aid=4 Journal/4/20261001 guid=6a19ae25-8faa-41ba-b1a7-6062aa81a638-00000004 cancelled=False
  voucher mid=5 aid=5 Journal/5/20261001 guid=6a19ae25-8faa-41ba-b1a7-6062aa81a638-00000005 cancelled=False
  voucher mid=6 aid=6 Payroll/1/20261001 guid=6a19ae25-8faa-41ba-b1a7-6062aa81a638-00000006 cancelled=False
  voucher mid=24 aid=27 Payroll/2/20261001 guid=6a19ae25-8faa-41ba-b1a7-6062aa81a638-00000018 cancelled=False
  voucher mid=7 aid=26 Receipt/1/20261002 guid=6a19ae25-8faa-41ba-b1a7-6062aa81a638-00000007 cancelled=False
  voucher mid=8 aid=24 Receipt/2/20261002 guid=6a19ae25-8faa-41ba-b1a7-6062aa81a638-00000008 cancelled=False
  voucher mid=9 aid=9 Payment/1/20261002 guid=6a19ae25-8faa-41ba-b1a7-6062aa81a638-00000009 cancelled=False
  voucher mid=10 aid=10 Payment/2/20261002 guid=6a19ae25-8faa-41ba-b1a7-6062aa81a638-0000000a cancelled=False
  voucher mid=11 aid=11 Contra/1/20261002 guid=6a19ae25-8faa-41ba-b1a7-6062aa81a638-0000000b cancelled=False
  voucher mid=12 aid=12 Journal/6/20261002 guid=6a19ae25-8faa-41ba-b1a7-6062aa81a638-0000000c cancelled=False
  voucher mid=13 aid=13 Journal/7/20261002 guid=6a19ae25-8faa-41ba-b1a7-6062aa81a638-0000000d cancelled=False
  voucher mid=14 aid=25 Sales/1/20261002 guid=6a19ae25-8faa-41ba-b1a7-6062aa81a638-0000000e cancelled=False
  voucher mid=15 aid=15 Sales/2/20261002 guid=6a19ae25-8faa-41ba-b1a7-6062aa81a638-0000000f cancelled=False
  voucher mid=16 aid=16 Sales/3/20261002 guid=6a19ae25-8faa-41ba-b1a7-6062aa81a638-00000010 cancelled=False
  voucher mid=17 aid=17 Purchase/1/20261002 guid=6a19ae25-8faa-41ba-b1a7-6062aa81a638-00000011 cancelled=False
  voucher mid=18 aid=18 Purchase/2/20261002 guid=6a19ae25-8faa-41ba-b1a7-6062aa81a638-00000012 cancelled=False
  voucher mid=19 aid=19 Sales/4/20261002 guid=6a19ae25-8faa-41ba-b1a7-6062aa81a638-00000013 cancelled=False
  voucher mid=20 aid=20 Purchase/3/20261002 guid=6a19ae25-8faa-41ba-b1a7-6062aa81a638-00000014 cancelled=False
  voucher mid=21 aid=21 Credit Note/1/20261002 guid=6a19ae25-8faa-41ba-b1a7-6062aa81a638-00000015 cancelled=False
  voucher mid=22 aid=22 Journal/8/20261002 guid=6a19ae25-8faa-41ba-b1a7-6062aa81a638-00000016 cancelled=False
  voucher mid=23 aid=23 Receipt/3/20261002 guid=6a19ae25-8faa-41ba-b1a7-6062aa81a638-00000017 cancelled=False
[shot] tds-593-gw0 (1024x768)
[19:01:19] [tds] screen tds-593-gw0 : EDU c Prime Gatewa of Tall CURRENT PERIOD K: Company Y: Data Z: Exchange CURRENT OATE Thursday, I-Oct-2026 O: Import E: Export M: Share p: print Fl: Help Date b82e1 I-Apr-26 to 31-Mar-27 NAME OF COMPANY FinCom Spike Co Gateway of Tally MASTERS Create Alter CHart of Accounts TRANSACTIONS Vouchers Day 800K UTILITIES BaNking REPORTS Balance Sheet Profit & Loss A/c Stock Summary Ratio Analysis Display More Reports DashbOard Quit Unity Q 2-Oct-26 Search Company to ru 0912- 731-4 acepa 6c46- 2731- acep .337.0 -c978 ning 2d109 ing j _id" : . 0—011' 6c46- Mode Windows Server 2025 Datacenter Build 2610...
[keys] '%g' -> Tally 'TallyPrime:9000'
[shot] tds-594-Y2-goto (1024x768)
[19:01:22] [tds] screen tds-594-Y2-goto : EDU c Prime Unity Quit K: Company Y: Data Z: Exchange O: Import E: Export M: Share p: print Fl: Help x List of Re Its Saved Views Bills Payable - GST Bills Payable - GST - Sundry Creditors Bills Payable - GST - Sundry Debtors Bills Receivable - GST Bills Receivable - GST - Sundry Creditors Bills Receivable - GST - Sundry Debtors Purchase Dashboard Sales Dashboard IMS Inward Supplies - Filed Invoices Ledger Vouchers - GST Details Outstanding MSME Bills Common Reports Dashboard Balance Sheet Profit & Loss A/c Cash/Bank Book Day Book Ledger Vouchers Ledger Vouchers - GST Stock Summary Trial Balan...
[keys] 'Day Book' -> Tally 'TallyPrime:9000'
[keys] '{ENTER}' -> Tally 'TallyPrime:9000'
[shot] tds-595-Y2-daybook (1024x768)
[19:01:29] [tds] screen tds-595-Y2-daybook : EDU c Prime Da Book • Day Book K: Company Y: Data Particulars Z: Exchange A Add Vch Q Search FinCom • ke Co Vch Type Journal Journal Journal Journal Payroll Payroll O: Import Vch No. 2 3 4 5 1 2 E: Export M: Share P: Print For 10ct-26 Fl: Help F2: Date b82e1 Company to ru Voucher Date I-Oct-26 I-Oct-26 I-Oct-26 I-Oct-26 I-Oct-26 . I-Oct-26 Quit Debit Amount Credit Amount Inwards Qty_ Outwards Qt Share Party Share Supplier Share Party Share Supplier Share Basic Share Basic Enter: Alter 5,000.00 1,000.00 5,000.00 5,000.00 4,000.00 1,000.00 U: Restore Line Type F 7: Show profit F8: Columnar FIO B...
[keys] '{F2}' -> Tally 'TallyPrime:9000'
[shot] tds-596-Y2-db-date (1024x768)
[19:01:33] [tds] screen tds-596-Y2-db-date : EDU c Prime Change Date Unity Quit K: Company Y: Data Z: Exchange A Accept Q Search O: Import E: Export M: Share p: print Fl: Help FinCom Spike Co Change Date 1-10-2026 b82e1 to ru 0912- 731-4 acepa 6c46- 2731- acep .337.0 -c978 ning 2d109 ing j _id" : . 0—011' 6c46- Mode Windows Server 2025 Datacenter Build 26100.ge_release240331-1435 7:01 PM 10/8/2026
[keys] '1-10-2026{ENTER}' -> Tally 'TallyPrime:9000'
[shot] tds-597-Y2-db-dated (1024x768)
[19:01:37] [tds] screen tds-597-Y2-db-dated : EDU c Prime Da Book • Day Book K: Company Y: Data Particulars Z: Exchange A Add Vch Q Search FinCom • ke Co Vch Type Journal Journal Journal Journal Payroll Payroll O: Import Vch No. 2 3 4 5 1 2 E: Export M: Share P: Print For 10ct-26 Fl: Help F2: Date b82e1 Company to ru Voucher Date I-Oct-26 I-Oct-26 I-Oct-26 I-Oct-26 I-Oct-26 . I-Oct-26 Quit Debit Amount Credit Amount Inwards Qty_ Outwards Qt Share Party Share Supplier Share Party Share Supplier Share Basic Share Basic Enter: Alter 5,000.00 1,000.00 5,000.00 5,000.00 4,000.00 1,000.00 U: Restore Line Type F 7: Show profit F8: Columnar FIO B...
[keys] '{END}' -> Tally 'TallyPrime:9000'
[shot] tds-598-Y2-db-last (1024x768)
[19:01:41] [tds] screen tds-598-Y2-db-last : EDU c Prime Da Book • Day Book K: Company Y: Data Particulars Z: Exchange A Add Vch Q Search FinCom • ke Co Vch Type Journal Journal Journal Journal Payroll Payroll O: Import Vch No. 2 3 4 5 1 2 E: Export M: Share P: Print For 10ct-26 Fl: Help F2: Date b82e1 Company to ru Voucher Date I-Oct-26 I-Oct-26 I-Oct-26 I-Oct-26 I-Oct-26 I-Oct-26 Quit Debit Amount Credit Amount Inwards Qty_ Outwards Qt Share Party Share Supplier Share Party Share Supplier Share Basic Share Basic Enter: Alter 5,000.00 1,000.00 5,000.00 5,000.00 4,000.00 1,000.00 U: Restore Line Type F 7: Show profit F8: Columnar FIO Bas...
[keys] '{UP}' -> Tally 'TallyPrime:9000'
[shot] tds-599-Y2-up (1024x768)
[19:01:44] [tds] screen tds-599-Y2-up : EDU c Prime Da Book • Day Book K: Company Y: Data Particulars Z: Exchange A Add Vch Q Search FinCom • ke Co Vch Type Journal Journal Journal Journal Payroll Payroll O: Import Vch No. 2 3 4 5 1 2 E: Export M: Share P: Print For 10ct-26 Fl: Help F2: Date b82e1 Company to ru Voucher Date I-Oct-26 I-Oct-26 I-Oct-26 I-Oct-26 I-Oct-26 . I-Oct-26 Quit Debit Amount Credit Amount Inwards Qty_ Outwards Qt Share Party Share Supplier Share Party Share Supplier Share Basic Share Basic Enter: Alter 5,000.00 1,000.00 5,000.00 5,000.00 4,000.00 1,000.00 U: Restore Line Type F 7: Show profit F8: Columnar FIO B...
[keys] '{ENTER}' -> Tally 'TallyPrime:9000'
[shot] tds-600-Y2-open (1024x768)
[19:01:49] [tds] screen tds-600-Y2-open : EDU c Prime K: Company Y: Data P,ayroll Voucher Alteration (Secondary) 03 Pa roll No. 1 - •Dr Cr Z: Exchange A Accept Q Search O: Import E: Export M: Share FinCom Spike Co p: print x a-Oct-26 Thursday Credit 7,500.00 7,500.00 Fl: Help Date b82e1 Company to ru Particulars Share Basic CurBa1: 10,000.00 Dr Debit 5,000.00 2,500.00 7,500.00 F4: Contra F5: Payment Receipt Journal Sales 0912- 731-4 acepa 6c46- Share Emp 1 Share Emp 2 Share Emp 3 Share Emp 4 Share Emp 5 Share HRA CurBal: 5,000.00 Dr Share Emp 1 Share Emp 2 Share Emp 3 Share Emp 4 Share Emp 5 Share Salary Payable CurBal: 7,500.00 Cr 1,...
[keys] '^a' -> Tally 'TallyPrime:9000'
[shot] tds-601-Y2-accept1 (1024x768)
[19:01:53] [tds] screen tds-601-Y2-accept1 : EDU c Prime K: Company Y: Data P,ayroll Voucher Alteration (Secondary) 03 Pa roll No. 1 - •Dr Z: Exchange A: Accept Q Search FinCom Spike Co O: Import E: Export List of Payroll Led ers Cash Share Bank Share Basic Share HRA M: Share p: print x Create Particulars Share Basic CurBa1: 10,000.00 Dr Share Emp 1 Share Emp 2 Share Emp 3 Share Emp 4 Share Emp 5 Share HRA CurBal: 5,000.00 Dr Share Emp 1 Share Emp 2 Share Emp 3 Share Emp 4 Share Emp 5 Narration: • share payroll template Unity Q: Quit 1,000.00 Dr 1,000.00 Dr 1,000.00 Dr 1,000.00 Dr 1,000.00 Dr 500.00 Dr 500.00 Dr 500.00 Dr 500.00 Dr 500.0...
[shot] tds-602-Y2-after1 (1024x768)
[19:01:54] [tds] screen tds-602-Y2-after1 : EDU c Prime K: Company Y: Data P,ayroll Voucher Alteration (Secondary) 03 Pa roll No. 1 - •Dr Z: Exchange A: Accept Q Search FinCom Spike Co O: Import E: Export List of Payroll Led ers Cash Share Bank Share Basic Share HRA M: Share p: print x Create Particulars Share Basic CurBa1: 10,000.00 Dr Share Emp 1 Share Emp 2 Share Emp 3 Share Emp 4 Share Emp 5 Share HRA CurBal: 5,000.00 Dr Share Emp 1 Share Emp 2 Share Emp 3 Share Emp 4 Share Emp 5 Narration: • share payroll template Unity Q: Quit 1,000.00 Dr 1,000.00 Dr 1,000.00 Dr 1,000.00 Dr 1,000.00 Dr 500.00 Dr 500.00 Dr 500.00 Dr 500.00 Dr 500.0...
[keys] '{ESC}' -> Tally 'TallyPrime:9000'
[shot] tds-603-Y2-list-esc1 (1024x768)
[19:01:58] [tds] screen tds-603-Y2-list-esc1 : EDU c Prime K: Company Y: Data P,ayroll Voucher Alteration (Secondary) 03 Pa roll No. 1 - •Dr Z: Exchange A Accept Q Search FinCom Spike Co O: Import E: Export List of Payroll Led ers Cash Share Bank Share Basic Share HRA M: Share p: print x Create Fl: Help Date b82e1 Company to ru Particulars Share Basic CurBa1: 10,000.00 Dr F4: Contra F5: Payment Receipt Journal Sales 0912- 731-4 acepa 6c46- Share Emp 1 Share Emp 2 Share Emp 3 Share Emp 4 Share Emp 5 Share HRA CurBal: 5,000.00 Dr Share Emp 1 Share Emp 2 Share Emp 3 Share Emp 4 Share Emp 5 Narration: • share payroll template Unity Quit 1,000....
[shot] tds-604-Y2-list-esc-after1 (1024x768)
[19:01:59] [tds] screen tds-604-Y2-list-esc-after1 : EDU c Prime K: Company Y: Data P,ayroll Voucher Alteration (Secondary) 03 Pa roll No. 1 - •Dr Z: Exchange A Accept Q Search FinCom Spike Co O: Import E: Export List of Payroll Led ers Cash Share Bank Share Basic Share HRA M: Share p: print x Create Fl: Help Date b82e1 Company to ru Particulars Share Basic CurBa1: 10,000.00 Dr F4: Contra F5: Payment Receipt Journal Sales 0912- 731-4 acepa 6c46- Share Emp 1 Share Emp 2 Share Emp 3 Share Emp 4 Share Emp 5 Share HRA CurBal: 5,000.00 Dr Share Emp 1 Share Emp 2 Share Emp 3 Share Emp 4 Share Emp 5 Narration: • share payroll template Unity Quit 1,000....
[keys] 'n' -> Tally 'TallyPrime:9000'
[keys] '^a' -> Tally 'TallyPrime:9000'
[shot] tds-605-Y2-accept2 (1024x768)
[19:02:06] [tds] screen tds-605-Y2-accept2 : EDU c Prime Da Book • Day Book K: Company Y: Data Particulars Z: Exchange A Add Vch Q Search FinCom • ke Co Vch Type Journal Journal Journal Journal Payroll Payroll O: Import Vch No. 2 3 4 5 1 2 E: Export M: Share P: Print For 10ct-26 Fl: Help F2: Date b82e1 Company to ru Voucher Date I-Oct-26 I-Oct-26 I-Oct-26 I-Oct-26 I-Oct-26 . I-Oct-26 Quit Debit Amount Credit Amount Inwards Qty_ Outwards Qt Share Party Share Supplier Share Party Share Supplier Share Basic Share Basic Enter: Alter 5,000.00 1,000.00 5,000.00 5,000.00 4,000.00 1,000.00 U: Restore Line Type F 7: Show profit F8: Columnar FIO B...
[shot] tds-606-Y2-after2 (1024x768)
[19:02:07] [tds] screen tds-606-Y2-after2 : EDU c Prime Da Book • Day Book K: Company Y: Data Particulars Z: Exchange A Add Vch Q Search FinCom • ke Co Vch Type Journal Journal Journal Journal Payroll Payroll O: Import Vch No. 2 3 4 5 1 2 E: Export M: Share P: Print For 10ct-26 Fl: Help F2: Date b82e1 Company to ru Voucher Date I-Oct-26 I-Oct-26 I-Oct-26 I-Oct-26 I-Oct-26 . I-Oct-26 Quit Debit Amount Credit Amount Inwards Qty_ Outwards Qt Share Party Share Supplier Share Party Share Supplier Share Basic Share Basic Enter: Alter 5,000.00 1,000.00 5,000.00 5,000.00 4,000.00 1,000.00 U: Restore Line Type F 7: Show profit F8: Columnar FIO B...
[shot] tds-607-gw0 (1024x768)
[19:02:08] [tds] screen tds-607-gw0 : EDU c Prime Da Book • Day Book K: Company Y: Data Particulars Z: Exchange A Add Vch Q Search FinCom • ke Co Vch Type Journal Journal Journal Journal Payroll Payroll O: Import Vch No. 2 3 4 5 1 2 E: Export M: Share P: Print For 10ct-26 Fl: Help F2: Date b82e1 Company to ru Voucher Date I-Oct-26 I-Oct-26 I-Oct-26 I-Oct-26 I-Oct-26 . I-Oct-26 Quit Debit Amount Credit Amount Inwards Qty_ Outwards Qt Share Party Share Supplier Share Party Share Supplier Share Basic Share Basic Enter: Alter 5,000.00 1,000.00 5,000.00 5,000.00 4,000.00 1,000.00 U: Restore Line Type F 7: Show profit F8: Columnar FIO B...
[keys] '{ESC}' -> Tally 'TallyPrime:9000'
[shot] tds-608-gw1 (1024x768)
[19:02:12] [tds] screen tds-608-gw1 : EDU c Prime Gatewa of Tall CURRENT PERIOD K: Company Y: Data Z: Exchange CURRENT OATE Thursday, I-Oct-2026 O: Import E: Export M: Share p: print Fl: Help Date b82e1 I-Apr-26 to 31-Mar-27 NAME OF COMPANY FinCom Spike Co Gateway of Tally MASTERS Create Alter CHart of Accounts TRANSACTIONS Vouchers Day 800K UTILITIES BaNking REPORTS Balance Sheet Profit & Loss A/c Stock Summary Ratio Analysis Display More Reports DashbOard Quit Unity Q 2-Oct-26 Search Company to ru 0912- 731-4 acepa 6c46- 2731- acep .337.0 -c978 ning 2d109 ing j _id" : . 0—011' 6c46- Mode Windows Server 2025 Datacenter Build 2610...
  voucher mid=1 aid=1 Journal/1/20260401 guid=6a19ae25-8faa-41ba-b1a7-6062aa81a638-00000001 cancelled=False
  voucher mid=2 aid=2 Journal/2/20261001 guid=6a19ae25-8faa-41ba-b1a7-6062aa81a638-00000002 cancelled=False
  voucher mid=3 aid=3 Journal/3/20261001 guid=6a19ae25-8faa-41ba-b1a7-6062aa81a638-00000003 cancelled=False
  voucher mid=4 aid=4 Journal/4/20261001 guid=6a19ae25-8faa-41ba-b1a7-6062aa81a638-00000004 cancelled=False
  voucher mid=5 aid=5 Journal/5/20261001 guid=6a19ae25-8faa-41ba-b1a7-6062aa81a638-00000005 cancelled=False
  voucher mid=6 aid=28 Payroll/1/20261001 guid=6a19ae25-8faa-41ba-b1a7-6062aa81a638-00000006 cancelled=False
  voucher mid=24 aid=27 Payroll/2/20261001 guid=6a19ae25-8faa-41ba-b1a7-6062aa81a638-00000018 cancelled=False
  voucher mid=7 aid=26 Receipt/1/20261002 guid=6a19ae25-8faa-41ba-b1a7-6062aa81a638-00000007 cancelled=False
  voucher mid=8 aid=24 Receipt/2/20261002 guid=6a19ae25-8faa-41ba-b1a7-6062aa81a638-00000008 cancelled=False
  voucher mid=9 aid=9 Payment/1/20261002 guid=6a19ae25-8faa-41ba-b1a7-6062aa81a638-00000009 cancelled=False
  voucher mid=10 aid=10 Payment/2/20261002 guid=6a19ae25-8faa-41ba-b1a7-6062aa81a638-0000000a cancelled=False
  voucher mid=11 aid=11 Contra/1/20261002 guid=6a19ae25-8faa-41ba-b1a7-6062aa81a638-0000000b cancelled=False
  voucher mid=12 aid=12 Journal/6/20261002 guid=6a19ae25-8faa-41ba-b1a7-6062aa81a638-0000000c cancelled=False
  voucher mid=13 aid=13 Journal/7/20261002 guid=6a19ae25-8faa-41ba-b1a7-6062aa81a638-0000000d cancelled=False
  voucher mid=14 aid=25 Sales/1/20261002 guid=6a19ae25-8faa-41ba-b1a7-6062aa81a638-0000000e cancelled=False
  voucher mid=15 aid=15 Sales/2/20261002 guid=6a19ae25-8faa-41ba-b1a7-6062aa81a638-0000000f cancelled=False
  voucher mid=16 aid=16 Sales/3/20261002 guid=6a19ae25-8faa-41ba-b1a7-6062aa81a638-00000010 cancelled=False
  voucher mid=17 aid=17 Purchase/1/20261002 guid=6a19ae25-8faa-41ba-b1a7-6062aa81a638-00000011 cancelled=False
  voucher mid=18 aid=18 Purchase/2/20261002 guid=6a19ae25-8faa-41ba-b1a7-6062aa81a638-00000012 cancelled=False
  voucher mid=19 aid=19 Sales/4/20261002 guid=6a19ae25-8faa-41ba-b1a7-6062aa81a638-00000013 cancelled=False
  voucher mid=20 aid=20 Purchase/3/20261002 guid=6a19ae25-8faa-41ba-b1a7-6062aa81a638-00000014 cancelled=False
  voucher mid=21 aid=21 Credit Note/1/20261002 guid=6a19ae25-8faa-41ba-b1a7-6062aa81a638-00000015 cancelled=False
  voucher mid=22 aid=22 Journal/8/20261002 guid=6a19ae25-8faa-41ba-b1a7-6062aa81a638-00000016 cancelled=False
  voucher mid=23 aid=23 Receipt/3/20261002 guid=6a19ae25-8faa-41ba-b1a7-6062aa81a638-00000017 cancelled=False
  INFO share alter-payroll (alteration: the payroll entry saved again unchanged (opened, Ctrl+A)): Tally Payroll 1 mid 6; stored party 'Share Bank' bills []; the line party '' bills []; lines voucher_accept_post x1, voucher_accept_pre x1, voucher_full x1
[shot] tds-609-gw0 (1024x768)
[19:02:16] [tds] screen tds-609-gw0 : EDU c Prime Gatewa of Tall CURRENT PERIOD K: Company Y: Data Z: Exchange CURRENT OATE Thursday, I-Oct-2026 O: Import E: Export M: Share p: print Fl: Help Date b82e1 I-Apr-26 to 31-Mar-27 NAME OF COMPANY FinCom Spike Co Gateway of Tally MASTERS Create Alter CHart of Accounts TRANSACTIONS Vouchers Day 800K UTILITIES BaNking REPORTS Balance Sheet Profit & Loss A/c Stock Summary Ratio Analysis Display More Reports DashbOard Quit Unity Q 2-Oct-26 Search Company to ru 0912- 731-4 acepa 6c46- 2731- acep .337.0 -c978 ning 2d109 ing j _id" : . 0—011' 6c46- Mode Windows Server 2025 Datacenter Build 2610...
[keys] '%g' -> Tally 'TallyPrime:9000'
[shot] tds-610-P7c-goto (1024x768)
[19:02:20] [tds] screen tds-610-P7c-goto : EDU c Prime Unity Quit K: Company Y: Data Z: Exchange O: Import E: Export M: Share p: print Fl: Help x List of Re Its Saved Views Bills Payable - GST Bills Payable - GST - Sundry Creditors Bills Payable - GST - Sundry Debtors Bills Receivable - GST Bills Receivable - GST - Sundry Creditors Bills Receivable - GST - Sundry Debtors Purchase Dashboard Sales Dashboard IMS Inward Supplies - Filed Invoices Ledger Vouchers - GST Details Outstanding MSME Bills Common Reports Dashboard Balance Sheet Profit & Loss A/c Cash/Bank Book Day Book Ledger Vouchers Ledger Vouchers - GST Stock Summary Trial Balan...
[keys] 'Bank Reconciliation' -> Tally 'TallyPrime:9000'
[shot] tds-611-P7c-typed (1024x768)
[19:02:23] [tds] screen tds-611-P7c-typed : EDU c Prime K: Company Y: Data Z: Exchange FinCom Spike Co Bank Reconciliation O: Import E: Export M: Share p: print Fl: Help List of Re Its Create Voucher Create Master Alter Master Expand All Show More Banking Utilities Bank Reconciliation Unity Quit Q Search b82e1 to ru 0912- 731-4 acepa 6c46- 2731- acep .337.0 -c978 ning 2d109 ing j _id" : . 0—011' 6c46- Mode Windows Server 2025 Datacenter Build 26100.ge_release240331-1435 7•.02 PM 10/8/2026
[keys] '{ENTER}' -> Tally 'TallyPrime:9000'
[shot] tds-612-P7c-select (1024x768)
[19:02:28] [tds] screen tds-612-P7c-select : EDU c Prime Acti v ities K: Company Y: Data Z: Exchange O: Import FinCom • ke Co E: Export M: Share P: Print as at 2-0ct-26 Bank Reconciliation From I-A -26 Particulars Share Bank Available Available Fl: Help period Company Bank Ledger Amount View FIO Basis of B: Values Change — View J: Exception = Reports L: Save View F: Apply Filter Filter — Details Opening BRS b82e1 to ru 0912- 731-4 acepa 6c46- 2731- acep .337.0 -c978 ning 2d109 ing j _id" : . 0—011' 6c46- Total Only in Books OnlyinBank 2 2 Grand Unity Quit Space: Q Search U: Restore Line Fl 2: Configure Mode Windows Server 2025 Datacenter...
[keys] 'Share Bank{ENTER}' -> Tally 'TallyPrime:9000'
[shot] tds-613-P7c-brs (1024x768)
[19:02:33] [tds] screen tds-613-P7c-brs : EDU c Prime K: Company Y: Data Bank Reconciliation Z: Exchange O: Import FinCom • ke Co • Ledger Share Bank E: Export M: Share P: Print as at 2-0ct-26 Particulars • Balance as per Company Books Unreconciled Transactions from I-Apr-26 till date Available Only in Books Add: Withdrawals Less: Deposits Expected Bank Balance Unity Quit Count 2 1 1 Balance (47,300.00 7,300.00 7,500m 20000 Fl: Help period Company F4: Bank Ledger View Reconciled FIO B: Basis of Values Change View J: Exception Reports L: Save View R: Manual Recon Fl 2: Configure b82e1 to ru 0912- 731-4 acepa 6c46- 2731- acep .337.0 -c9...
[shot] tds-614-P7c-screen (1024x768)
[19:02:34] [tds] screen tds-614-P7c-screen : EDU c Prime K: Company Y: Data Bank Reconciliation Z: Exchange O: Import FinCom • ke Co • Ledger Share Bank E: Export M: Share P: Print as at 2-0ct-26 Particulars • Balance as per Company Books Unreconciled Transactions from I-Apr-26 till date Available Only in Books Add: Withdrawals Less: Deposits Expected Bank Balance Unity Quit Count 2 1 1 Balance (47,300.00 7,300.00 7,500m 20000 Fl: Help period Company F4: Bank Ledger View Reconciled FIO B: Basis of Values Change View J: Exception Reports L: Save View R: Manual Recon Fl 2: Configure b82e1 to ru 0912- 731-4 acepa 6c46- 2731- acep .337.0 -c9...
[keys] '%r' -> Tally 'TallyPrime:9000'
[shot] tds-615-P7c-manual (1024x768)
[19:02:41] [tds] screen tds-615-P7c-manual : EDU c Prime K: Company Y: Data Bank Reconciliation Manual Z: Exchange Q Search FinCom • ke Co Instrument No. O: Import Bank Date E: Export M: Share P: Print upr-26 to 2-Oct-26 Fl: Help period b82e1 • Ledger Date Share Bank Particulars Instrument Date I-Oct-26 2-Oct-26 Deposit 200.00 200.00 Withdrawal 7,500.00 F3: Company to ru Available Only in Books I-Oct-26 Share Emp 1 2-Oct-26 Cash F4: Bank Ledger Update Bank Date FIO B: J: 7,300.00 7,500.00 Basis of Values Change View Exception Reports Opening BRS 0912- 731-4 acepa 6c46- 2731- acep .337.0 -c978 ning 2d109 ing j _id" : . 0—011' 6c46- Unity ...
[shot] tds-616-P7c-manual-screen (1024x768)
[19:02:42] [tds] screen tds-616-P7c-manual-screen : EDU c Prime K: Company Y: Data Bank Reconciliation Manual Z: Exchange Q Search FinCom • ke Co Instrument No. O: Import Bank Date E: Export M: Share P: Print upr-26 to 2-Oct-26 Fl: Help period b82e1 • Ledger Date Share Bank Particulars Instrument Date I-Oct-26 2-Oct-26 Deposit 200.00 200.00 Withdrawal 7,500.00 F3: Company to ru Available Only in Books I-Oct-26 Share Emp 1 2-Oct-26 Cash F4: Bank Ledger Update Bank Date FIO B: J: 7,300.00 7,500.00 Basis of Values Change View Exception Reports Opening BRS 0912- 731-4 acepa 6c46- 2731- acep .337.0 -c978 ning 2d109 ing j _id" : . 0—011' 6c46- Unity ...
[keys] '2-10-2026{ENTER}' -> Tally 'TallyPrime:9000'
[shot] tds-617-P7c-date (1024x768)
[19:02:45] [tds] screen tds-617-P7c-date : EDU c Prime K: Company Y: Data Bank Reconciliation Manual Z: Exchange Q Search FinCom • ke Co Instrument No. O: Import Bank Date 2-Oct-26 E: Export M: Share P: Print upr-26 to 2-Oct-26 Fl: Help period b82e1 • Ledger Date Share Bank Particulars Instrument Date I-Oct-26 2-Oct-26 Deposit 200.00 200.00 Withdrawal 7,500.00 F3: Company to ru Available Only in Books I-Oct-26 Share Emp 1 2-Oct-26 Cash F4: Bank Ledger Update Bank Date FIO B: J: 7,300.00 7,500.00 Basis of Values Change View Exception Reports Opening BRS 0912- 731-4 acepa 6c46- 2731- acep .337.0 -c978 ning 2d109 ing j _id" : . 0—011' 6c4...
[keys] '^a' -> Tally 'TallyPrime:9000'
[shot] tds-618-P7c-accept (1024x768)
[19:02:50] [tds] screen tds-618-P7c-accept : EDU c Prime K: Company Y: Data Bank Reconciliation Z: Exchange O: Import FinCom • ke Co • Ledger Share Bank E: Export M: Share P: Print as at 2-0ct-26 Particulars • Balance as per Company Books Unreconciled Transactions from I-Apr-26 till date Available Only in Books Add: Withdrawals Less: Deposits Expected Bank Balance Unity Quit Count I 1 Balance (47,300.00 (0200.00 20000 Fl: Help period Company F4: Bank Ledger F5: View Reconciled FIO B: Basis of Values Change View J: Exception Reports L: Save View R: Manual Recon Fl 2: Configure b82e1 to ru 0912- 731-4 acepa 6c46- 2731- acep .337.0 -c978 ni...
[shot] tds-619-P7c-after (1024x768)
[19:02:51] [tds] screen tds-619-P7c-after : EDU c Prime K: Company Y: Data Bank Reconciliation Z: Exchange O: Import FinCom • ke Co • Ledger Share Bank E: Export M: Share P: Print as at 2-0ct-26 Particulars • Balance as per Company Books Unreconciled Transactions from I-Apr-26 till date Available Only in Books Add: Withdrawals Less: Deposits Expected Bank Balance Unity Quit Count I 1 Balance (47,300.00 (0200.00 20000 Fl: Help period Company F4: Bank Ledger F5: View Reconciled FIO B: Basis of Values Change View J: Exception Reports L: Save View R: Manual Recon Fl 2: Configure b82e1 to ru 0912- 731-4 acepa 6c46- 2731- acep .337.0 -c978 ni...
[shot] tds-620-gw0 (1024x768)
[19:02:52] [tds] screen tds-620-gw0 : EDU c Prime K: Company Y: Data Bank Reconciliation Z: Exchange O: Import FinCom • ke Co • Ledger Share Bank E: Export M: Share P: Print as at 2-0ct-26 Particulars • Balance as per Company Books Unreconciled Transactions from I-Apr-26 till date Available Only in Books Add: Withdrawals Less: Deposits Expected Bank Balance Unity Quit Count I 1 Balance (47,300.00 (0200.00 20000 Fl: Help period Company F4: Bank Ledger F5: View Reconciled FIO B: Basis of Values Change View J: Exception Reports L: Save View R: Manual Recon Fl 2: Configure b82e1 to ru 0912- 731-4 acepa 6c46- 2731- acep .337.0 -c978 ni...
[keys] '{ESC}' -> Tally 'TallyPrime:9000'
[shot] tds-621-gw1 (1024x768)
[19:02:56] [tds] screen tds-621-gw1 : EDU c Prime Acti v ities K: Company Y: Data Z: Exchange O: Import FinCom • ke Co E: Export M: Share P: Print as at 2-0ct-26 Bank Reconciliation From I-A -26 Particulars Share Bank Available Available Only in Books OnlyinBank Fl: Help period Company Bank Ledger Amount View FIO Basis of B: Values Change — View J: Exception = Reports L: Save View F: Apply Filter Filter — Details Opening BRS b82e1 to ru 0912- 731-4 acepa 6c46- 2731- acep .337.0 -c978 ning 2d109 ing j _id" : . 0—011' 6c46- Grand Unity Quit Total Space: Q Search U: Restore Line Fl 2: Configure Mode Windows Server 2025 Datacenter Bui...
[keys] '{ESC}' -> Tally 'TallyPrime:9000'
[shot] tds-622-gw2 (1024x768)
[19:02:59] [tds] screen tds-622-gw2 : EDU c Prime Gatewa of Tall CURRENT PERIOD K: Company Y: Data Z: Exchange CURRENT OATE Thursday, I-Oct-2026 O: Import E: Export M: Share p: print Fl: Help Date b82e1 I-Apr-26 to 31-Mar-27 NAME OF COMPANY FinCom Spike Co Gateway of Tally MASTERS Create Alter CHart of Accounts TRANSACTIONS Vouchers Day 800K UTILITIES BaNking REPORTS Balance Sheet Profit & Loss A/c Stock Summary Ratio Analysis Display More Reports DashbOard Quit Unity Q 2-Oct-26 Search Company to ru 0912- 731-4 acepa 6c46- 2731- acep .337.0 -c978 ning 2d109 ing j _id" : . 0—011' 6c46- Mode Windows Server 2025 Datacenter Build 2610...
######## HARNESS P7c bank date set in Bank Reconciliation: not made: no contra has the bank date 2-10-2026 after the keys (see tds-*-P7c-* screenshots)
[shot] tds-623-gw0 (1024x768)
[19:03:00] [tds] screen tds-623-gw0 : EDU c Prime Gatewa of Tall CURRENT PERIOD K: Company Y: Data Z: Exchange CURRENT OATE Thursday, I-Oct-2026 O: Import E: Export M: Share p: print Fl: Help Date b82e1 I-Apr-26 to 31-Mar-27 NAME OF COMPANY FinCom Spike Co Gateway of Tally MASTERS Create Alter CHart of Accounts TRANSACTIONS Vouchers Day 800K UTILITIES BaNking REPORTS Balance Sheet Profit & Loss A/c Stock Summary Ratio Analysis Display More Reports DashbOard Quit Unity Q 2-Oct-26 Search Company to ru 0912- 731-4 acepa 6c46- 2731- acep .337.0 -c978 ning 2d109 ing j _id" : . 0—011' 6c46- Mode Windows Server 2025 Datacenter Build 2610...
[keys] '%g' -> Tally 'TallyPrime:9000'
[shot] tds-624-P9b-goto (1024x768)
[19:03:04] [tds] screen tds-624-P9b-goto : EDU c Prime Unity Quit K: Company Y: Data Z: Exchange O: Import E: Export M: Share p: print Fl: Help x List of Re Its Saved Views Bills Payable - GST Bills Payable - GST - Sundry Creditors Bills Payable - GST - Sundry Debtors Bills Receivable - GST Bills Receivable - GST - Sundry Creditors Bills Receivable - GST - Sundry Debtors Purchase Dashboard Sales Dashboard IMS Inward Supplies - Filed Invoices Ledger Vouchers - GST Details Outstanding MSME Bills Common Reports Dashboard Balance Sheet Profit & Loss A/c Cash/Bank Book Day Book Ledger Vouchers Ledger Vouchers - GST Stock Summary Trial Balan...
[keys] 'Day Book' -> Tally 'TallyPrime:9000'
[keys] '{ENTER}' -> Tally 'TallyPrime:9000'
[shot] tds-625-P9b-daybook (1024x768)
[19:03:11] [tds] screen tds-625-P9b-daybook : EDU c Prime Da Book • Day Book K: Company Y: Data Particulars Z: Exchange A Add Vch Q Search FinCom • ke Co Vch Type Journal Journal Journal Journal Payroll Payroll O: Import Vch No. 2 3 4 5 1 2 E: Export M: Share P: Print For 10ct-26 Fl: Help F2: Date b82e1 Company to ru Voucher Date I-Oct-26 I-Oct-26 I-Oct-26 I-Oct-26 I-Oct-26 . I-Oct-26 Quit Debit Amount Credit Amount Inwards Qty_ Outwards Qt Share Party Share Supplier Share Party Share Supplier Share Basic Share Basic Enter: Alter 5,000.00 1,000.00 5,000.00 5,000.00 4,000.00 1,000.00 U: Restore Line Type F 7: Show profit F8: Columnar FIO B...
[keys] '{F2}' -> Tally 'TallyPrime:9000'
[shot] tds-626-P9b-db-date (1024x768)
[19:03:14] [tds] screen tds-626-P9b-db-date : EDU c Prime Change Date Unity Quit K: Company Y: Data Z: Exchange A Accept Q Search O: Import E: Export M: Share p: print Fl: Help FinCom Spike Co Change Date 1-10-2026 b82e1 to ru 0912- 731-4 acepa 6c46- 2731- acep .337.0 -c978 ning 2d109 ing j _id" : . 0—011' 6c46- Mode Windows Server 2025 Datacenter Build 26100.ge_release240331-1435 7:03 PM 10/8/2026
[keys] '2-10-2026{ENTER}' -> Tally 'TallyPrime:9000'
[shot] tds-627-P9b-db-dated (1024x768)
[19:03:19] [tds] screen tds-627-P9b-db-dated : EDU c Prime Da Book • Day Book K: Company Y: Data Particulars Z: Exchange A Add Vch Q Search FinCom • ke Co Vch Type Contra Payment Payment Receipt Receipt Receipt Journal Journal Journal Credit Note Sales Sales Sales Sales Purchase Purchase Purchase O: Import Vch No. 1 1 2 1 2 3 6 7 8 1 1 2 3 4 1 2 3 E: Export M: Share P: Print For 2-Oct-26 Fl: Help F2: Date b82e1 Company to ru Voucher Date 2-Oct-26 2-Oct-26 2-Oct-26 2-Oct-26 2-Oct-26 . 2-Oct-26 2-Oct-26 2-Oct-26 2-Oct-26 2-Oct-26 2-Oct-26 2-Oct-26 2-Oct-26 2-Oct-26 2-Oct-26 2-Oct-26 2-Oct-26 Quit Debit Amount Credit Amount Inwards Qty_ Outwa...
[keys] '{F4}' -> Tally 'TallyPrime:9000'
[shot] tds-628-P9b-db-type (1024x768)
[19:03:23] [tds] screen tds-628-P9b-db-type : Unity EDU c Prime Change Voucher Type Quit K: Company Y: Data Z: Exchange O: Import E: Export M: Share p: print x Fl: Help FinCom • ke Co Name of VoucherType Voucher T • All Items Attendance Contra Credit Note Debit Note Journal s Create Memorandum Payment Payroll Physical Stock Purchase Receipt Reversing Journal Sales Stock Journal Accept Q Search b82e1 to ru 0912- 731-4 acepa 6c46- 2731- acep .337.0 -c978 ning 2d109 ing j _id" : . 0—011' 6c46- Mode Windows Server 2025 Datacenter Build 26100.ge_release240331-1435 7:03 PM 10/8/2026
[keys] 'Receipt{ENTER}' -> Tally 'TallyPrime:9000'
[shot] tds-629-P9b-db-typed (1024x768)
[19:03:28] [tds] screen tds-629-P9b-db-typed : EDU c Prime K: Company Y: Data Da Book • List of Receipt Vouchers Z: Exchange A Add Vch Q Search FinCom • ke Co Vch Type Receipt Receipt Receipt O: Import Vch No. 1 2 3 Total: E: Export M: Share P: Print For 2-Oct-26 Fl: Help F2: Date b82e1 Date 2-Oct-26 2-Oct-26 2-Oct-26 Unity Quit Particulars Share Party Spike Income Spike Income Enter: Alter Debit Amount Credit Amount 500.00 800.00 700.00 2,000.00 U: Restore Line Company to ru Voucher 0912- Type 731-4 acepa Space: Sekd DuÅicate Vch I Insert Vch Delete x: Cancel Vch F 7: Show profit Columnar FIO B: Basis of = Values Change ¯ View Exception J...
[keys] '{END}' -> Tally 'TallyPrime:9000'
[shot] tds-630-P9b-db-last (1024x768)
[19:03:31] [tds] screen tds-630-P9b-db-last : EDU c Prime K: Company Y: Data Da Book • List of Receipt Vouchers Z: Exchange A Add Vch Q Search FinCom • ke Co Vch Type Receipt Receipt Receipt O: Import Vch No. 1 2 3 Total: E: Export M: Share P: Print For 2-Oct-26 Fl: Help F2: Date b82e1 Date 2-Oct-26 2-Oct-26 2-Oct-26 Unity Quit Particulars Share Party Spike Income Spike Income Enter: Alter Debit Amount Credit Amount 500.00 800.00 700.00 2,000.00 U: Restore Line Company to ru Voucher 0912- Type 731-4 acepa Space: Sekd DuÅicate Vch I Insert Vch Delete x: Cancel Vch F 7: Show profit Columnar FIO B: Basis of = Values Change ¯ View Exception J...
[keys] '{HOME}' -> Tally 'TallyPrime:9000'
[shot] tds-631-P9b-first (1024x768)
[19:03:34] [tds] screen tds-631-P9b-first : EDU c Prime K: Company Y: Data Da Book • List of Receipt Vouchers Z: Exchange A Add Vch Q Search FinCom • ke Co Vch Type Receipt Receipt Receipt O: Import Vch No. 1 2 3 Total: E: Export M: Share P: Print For 2-Oct-26 Fl: Help F2: Date b82e1 Date 2-Oct-26 2-Oct-26 2-Oct-26 Unity Quit Particulars Share Party Spike Income Spike Income Enter: Alter Debit Amount Credit Amount 500.00 800.00 700.00 2,000.00 U: Restore Line Company to ru Voucher 0912- Type 731-4 acepa Space: Sekd DuÅicate Vch I Insert Vch Delete x: Cancel Vch F 7: Show profit Columnar FIO B: Basis of = Values Change ¯ View Exception J...
[keys] '%i' -> Tally 'TallyPrime:9000'
[shot] tds-632-P9b-insert (1024x768)
[19:03:39] [tds] screen tds-632-P9b-insert : EDU c Prime K: Company Y: Data Accounting Voucher Creation ( 03 Recei t No. 4 • Account Current balance: Particulars Narration: Unity Quit Z: Exchange A Accept Q Search O: Import E: Export M: Share FinCom • ke Co p: print x 2-Oct-26 Friday Amount Fl: Help Q: Date Company Ed: Contra Payment F-6: Receipt Journal Sales b82e1 to ru 0912- 731-4 acepa 6c46- Purchase 2731- Fl O: OåuVooctgs E: Autofill Change Mode More Details O: Related ¯ Repons Optional post -Dated J: Stat acep .337.0 -c978 ning 2d109 ing j _id" : . 0—011' 6c46- D: Delete x: Cancel Vch Adjustment El 2: Configure Mode Windows Server ...
[keys] 'Cash{ENTER}' -> Tally 'TallyPrime:9000'
[shot] tds-633-P9b-account (1024x768)
[19:03:42] [tds] screen tds-633-P9b-account : EDU c Prime K: Company Y: Data Accounting Voucher Creation ( 03 Recei t No. 4 • Account Cash Current balance: 6,400.00 Cr Particulars Narration: Unity Quit Z: Exchange A Accept Q Search O: Import E: Export M: Share FinCom • ke Co p: print x 2-Oct-26 Friday Amount Fl: Help Q: Date Company Ed: Contra Payment F-6: Receipt Journal Sales b82e1 to ru 0912- 731-4 acepa 6c46- Purchase 2731- Fl O: OåuVooctgs E: Autofill Change Mode More Details O: Related ¯ Repons Optional post -Dated J: Stat acep .337.0 -c978 ning 2d109 ing j _id" : . 0—011' 6c46- D: Delete x: Cancel Vch Adjustment El 2: Configure Mod...
[keys] 'Spike Income{ENTER}' -> Tally 'TallyPrime:9000'
[shot] tds-634-P9b-ledger (1024x768)
[19:03:46] [tds] screen tds-634-P9b-ledger : EDU c Prime K: Company Y: Data Accounting Voucher Creation ( 03 Recei t No. 4 • Account Cash Current balance: 6,400.00 Cr Particulars Spike Income CurBal: 7,000.00 Cr Narration: Unity Quit Z: Exchange A Accept Q Search O: Import E: Export M: Share FinCom • ke Co p: print x 2-Oct-26 Friday Amount Fl: Help Q: Date Company Ed: Contra Payment F-6: Receipt Journal Sales b82e1 to ru 0912- 731-4 acepa 6c46- Purchase 2731- Fl O: OåuVooctgs E: Autofill Change Mode More Details O: Related ¯ Repons Optional post -Dated J: Stat acep .337.0 -c978 ning 2d109 ing j _id" : . 0—011' 6c46- D: Delete x: Cancel V...
[shot] tds-635-P9b-led-sub1 (1024x768)
[19:03:47] [tds] screen tds-635-P9b-led-sub1 : EDU c Prime K: Company Y: Data Accounting Voucher Creation ( 03 Recei t No. 4 • Account Cash Current balance: 6,400.00 Cr Particulars Spike Income CurBal: 7,000.00 Cr Narration: Unity Quit Z: Exchange A Accept Q Search O: Import E: Export M: Share FinCom • ke Co p: print x 2-Oct-26 Friday Amount Fl: Help Q: Date Company Ed: Contra Payment F-6: Receipt Journal Sales b82e1 to ru 0912- 731-4 acepa 6c46- Purchase 2731- Fl O: OåuVooctgs E: Autofill Change Mode More Details O: Related ¯ Repons Optional post -Dated J: Stat acep .337.0 -c978 ning 2d109 ing j _id" : . 0—011' 6c46- D: Delete x: Cancel V...
[keys] '60{ENTER}' -> Tally 'TallyPrime:9000'
[shot] tds-636-P9b-amount (1024x768)
[19:03:51] [tds] screen tds-636-P9b-amount : EDU c Prime K: Company Y: Data Cost Centre Allocations Unity Quit Z: Exchange O: Import E: Export M: Share p: print Fl: Help FinCom Spike Co Cost Allocations for : Spike Income Up to: 60.00 cr Name of Cost Centre Ehare Em 1 A Accept Q Search Amount 60.00 60.00 b82e1 to ru 0912- 731-4 acepa 6c46- 2731- acep .337.0 -c978 ning 2d109 ing j _id" : . 0—011' 6c46- Mode Windows Server 2025 Datacenter Build 26100.ge_release240331-1435 7:03 PM 10/8/2026
[shot] tds-637-P9b-amt-sub1 (1024x768)
[19:03:52] [tds] screen tds-637-P9b-amt-sub1 : EDU c Prime K: Company Y: Data Cost Centre Allocations Unity Quit Z: Exchange O: Import E: Export M: Share p: print Fl: Help FinCom Spike Co Cost Allocations for : Spike Income Up to: 60.00 cr Name of Cost Centre Share Em 1 A Accept Q Search Amount 60.00 60.00 b82e1 to ru 0912- 731-4 acepa 6c46- 2731- acep .337.0 -c978 ning 2d109 ing j _id" : . 0—011' 6c46- Mode Windows Server 2025 Datacenter Build 26100.ge_release240331-1435 7:03 PM 10/8/2026
[keys] '^a' -> Tally 'TallyPrime:9000'
[shot] tds-638-P9b-amt-sub-accept (1024x768)
[19:03:56] [tds] screen tds-638-P9b-amt-sub-accept : EDU c Prime K: Company Y: Data Accounting Voucher Creation ( 03 Recei t No. 4 • Account Cash Current balance: 6,340.00 Cr Particulars Spike Income CurBal: 7,060.00 Cr Share Emp 1 Narration: Unity Quit Z: Exchange 60.00 Cr A Accept Q Search O: Import E: Export M: Share FinCom • ke Co p: print x 2-Oct-26 Friday Amount 60.00 60.00 Fl: Help Q: Date Company Ed: Contra Payment F-6: Receipt : Journal Sales b82e1 to ru 0912- 731-4 acepa 6c46- Purchase 2731- Fl O: OåuVooctgs E: Autofill Change Mode More Details O: Related ¯ Repons Optional post -Dated J: Stat acep .337.0 -c978 ning 2d109 ing j _id" : ....
[shot] tds-639-P9b-amt-sub2 (1024x768)
[19:03:57] [tds] screen tds-639-P9b-amt-sub2 : EDU c Prime K: Company Y: Data Accounting Voucher Creation ( 03 Recei t No. 4 • Account Cash Current balance: 6,340.00 Cr Particulars Spike Income CurBal: 7,060.00 Cr Share Emp 1 Narration: Unity Quit Z: Exchange 60.00 Cr A Accept Q Search O: Import E: Export M: Share FinCom • ke Co p: print x 2-Oct-26 Friday Amount 60.00 60.00 Fl: Help Q: Date Company Ed: Contra Payment F-6: Receipt : Journal Sales b82e1 to ru 0912- 731-4 acepa 6c46- Purchase 2731- Fl O: OåuVooctgs E: Autofill Change Mode More Details O: Related ¯ Repons Optional post -Dated J: Stat acep .337.0 -c978 ning 2d109 ing j _id" : ....
[keys] '{ENTER}' -> Tally 'TallyPrime:9000'
[shot] tds-640-P9b-rows-done (1024x768)
[19:04:00] [tds] screen tds-640-P9b-rows-done : EDU c Prime K: Company Y: Data Accounting Voucher Creation ( 03 Recei t No. 4 • Account Cash Current balance: 6,340.00 Cr Particulars Spike Income CurBal: 7,060.00 Cr Share Emp 1 Narration: dB Unity Quit Z: Exchange 60.00 Cr Accept Q Search O: Import E: Export M: Share FinCom • ke Co p: print x 2-Oct-26 Friday Amount 60.00 60.00 Fl: Help Q: Date Company Ed: Contra Payment F-6: Receipt : Journal Sales b82e1 to ru 0912- 731-4 acepa 6c46- Purchase 2731- Fl O: OåuVooctgs E: Autofill Change Mode More Details O: Related ¯ Repons Optional post -Dated J: Stat acep .337.0 -c978 ning 2d109 ing j _id" : ...
[shot] tds-641-P9b-done-sub1 (1024x768)
[19:04:01] [tds] screen tds-641-P9b-done-sub1 : EDU c Prime K: Company Y: Data Accounting Voucher Creation ( 03 Recei t No. 4 • Account Cash Current balance: 6,340.00 Cr Particulars Spike Income CurBal: 7,060.00 Cr Share Emp 1 Narration: dB Unity Quit Z: Exchange 60.00 Cr Accept Q Search O: Import E: Export M: Share FinCom • ke Co p: print x 2-Oct-26 Friday Amount 60.00 60.00 Fl: Help Q: Date Company Ed: Contra Payment F-6: Receipt : Journal Sales b82e1 to ru 0912- 731-4 acepa 6c46- Purchase 2731- Fl O: OåuVooctgs E: Autofill Change Mode More Details O: Related ¯ Repons Optional post -Dated J: Stat acep .337.0 -c978 ning 2d109 ing j _id" : ...
[keys] 'share insert{ENTER}' -> Tally 'TallyPrime:9000'
[shot] tds-642-P9b-narr (1024x768)
[19:04:05] [tds] screen tds-642-P9b-narr : EDU c Prime K: Company Y: Data Accounting Voucher Creation ( 03 Recei t No. 4 • Account Cash Current balance: 6,340.00 Cr Particulars Spike Income CurBal: 7,060.00 Cr Share Emp 1 Narration: • share insert Unity Q: Quit Z: Exchange FinCom 60.00 Cr A: Accept Q Search O: Import E: Export M: Share p: print x 2-Oct-26 Friday Amount 60.00 60.00 Accept Q Yes or No D: Delete X: Cancel Vch Fl: Help F-2: Date F-3: Company F-4: Contra F-5: Payment F-6: Receipt F-7: Journal F-9: Purchase PIO: E: Autofill H: Change = Mode I: More - Details O: Related ¯ Repons L: Optional T: post = -Dated J: Stat ¯ Adjustme...
[keys] '^a' -> Tally 'TallyPrime:9000'
[shot] tds-643-P9b-accept1 (1024x768)
[19:04:10] [tds] screen tds-643-P9b-accept1 : EDU c Prime K: Company Y: Data Da Book • List of Receipt Vouchers Z: Exchange A Add Vch Q Search FinCom • ke Co Vch Type Receipt Receipt Receipt Receipt DuÅicate Vch I Insert Vch O: Import Vch No. 4 1 2 3 Total: E: Export M: Share P: Print For 2-Oct-26 Fl: Help F2: Date b82e1 Date 2-Oct-26 2-Oct-26 2-Oct-26 2-Oct-26 Unity Quit Particulars Spike Income Share Party Spike Income Spike Income Enter: Alter Debit Amount Credit Amount 60.00 500.00 800.00 700.00 2,060.00 U: Restore Line Company to ru Voucher 0912- Type 731-4 acepa Space: Sekd Delete x: Cancel Vch F 7: Show profit Columnar FIO B: Basis...
[shot] tds-644-P9b-after1 (1024x768)
[19:04:11] [tds] screen tds-644-P9b-after1 : EDU c Prime K: Company Y: Data Da Book • List of Receipt Vouchers Z: Exchange A Add Vch Q Search FinCom • ke Co Vch Type Receipt Receipt Receipt Receipt DuÅicate Vch I Insert Vch O: Import Vch No. 4 1 2 3 Total: E: Export M: Share P: Print For 2-Oct-26 Fl: Help F2: Date b82e1 Date 2-Oct-26 2-Oct-26 2-Oct-26 2-Oct-26 Unity Quit Particulars Spike Income Share Party Spike Income Spike Income Enter: Alter Debit Amount Credit Amount 60.00 500.00 800.00 700.00 2,060.00 U: Restore Line Company to ru Voucher 0912- Type 731-4 acepa Space: Sekd Delete x: Cancel Vch F 7: Show profit Columnar FIO B: Basis...
[shot] tds-645-gw0 (1024x768)
[19:04:12] [tds] screen tds-645-gw0 : EDU c Prime K: Company Y: Data Da Book • List of Receipt Vouchers Z: Exchange A Add Vch Q Search FinCom • ke Co Vch Type Receipt Receipt Receipt Receipt DuÅicate Vch I Insert Vch O: Import Vch No. 4 1 2 3 Total: E: Export M: Share P: Print For 2-Oct-26 Fl: Help F2: Date b82e1 Date 2-Oct-26 2-Oct-26 2-Oct-26 2-Oct-26 Unity Quit Particulars Spike Income Share Party Spike Income Spike Income Enter: Alter Debit Amount Credit Amount 60.00 500.00 800.00 700.00 2,060.00 U: Restore Line Company to ru Voucher 0912- Type 731-4 acepa Space: Sekd Delete x: Cancel Vch F 7: Show profit Columnar FIO B: Basis...
[keys] '{ESC}' -> Tally 'TallyPrime:9000'
[shot] tds-646-gw1 (1024x768)
[19:04:15] [tds] screen tds-646-gw1 : EDU c Prime Gatewa of Tall CURRENT PERIOD K: Company Y: Data Z: Exchange O: Import E: Export M: Share p: print Fl: Help Date b82e1 I-Apr-26 to 31-Mar-27 NAME OF COMPANY FinCom Spike Co Q CURRENT OATE Friday, 2-Oct-2026 2-Oct-26 Search Gateway of Tally MASTERS Create Alter CHart of Accounts TRANSACTIONS Vouchers Day 800K UTILITIES BaNking REPORTS Balance Sheet Profit & Loss A/c Stock Summary Ratio Analysis Display More Reports DashbOard Quit Unity Company to ru 0912- 731-4 acepa 6c46- 2731- acep .337.0 -c978 ning 2d109 ing j _id" : . 0—011' 6c46- Mode Windows Server 2025 Datacenter Build 26100....
######## HARNESS P9b back-dated insert: the renumbered entries: receipt 4 (mid 25, its line's number '4') inserted; Tally renumbered none
[p9r sub-method Auto Renumber] 27 ms: <RESPONSE><CREATED>0</CREATED><ALTERED>1</ALTERED><DELETED>0</DELETED><LASTVCHID>0</LASTVCHID><LASTMID>0</LASTMID><COMBINED>0</COMBINED><IGNORED>0</IGNORED><ERRORS>0</ERRORS><CANCELLED>0</CANCELLED><EXCEPTIONS>0</EXCEPTIONS></RESPONSE>
  INFO P9r the Receipt voucher type's numbering sub-method: 'Auto Retain' -> 'Auto Renumber' (tried: Auto Renumber -> 'Auto Renumber')
[shot] tds-647-gw0 (1024x768)
[19:04:16] [tds] screen tds-647-gw0 : EDU c Prime Gatewa of Tall CURRENT PERIOD K: Company Y: Data Z: Exchange O: Import E: Export M: Share p: print Fl: Help Date b82e1 I-Apr-26 to 31-Mar-27 NAME OF COMPANY FinCom Spike Co Q CURRENT OATE Friday, 2-Oct-2026 2-Oct-26 Search Gateway of Tally MASTERS Create Alter CHart of Accounts TRANSACTIONS Vouchers Day 800K UTILITIES BaNking REPORTS Balance Sheet Profit & Loss A/c Stock Summary Ratio Analysis Display More Reports DashbOard Quit Unity Company to ru 0912- 731-4 acepa 6c46- 2731- acep .337.0 -c978 ning 2d109 ing j _id" : . 0—011' 6c46- Mode Windows Server 2025 Datacenter Build 26100....
[keys] '%g' -> Tally 'TallyPrime:9000'
[shot] tds-648-P9r-insert-goto (1024x768)
[19:04:20] [tds] screen tds-648-P9r-insert-goto : EDU c Prime Unity Quit K: Company Y: Data Z: Exchange O: Import E: Export M: Share p: print Fl: Help x List of Re Its Saved Views Bills Payable - GST Bills Payable - GST - Sundry Creditors Bills Payable - GST - Sundry Debtors Bills Receivable - GST Bills Receivable - GST - Sundry Creditors Bills Receivable - GST - Sundry Debtors Purchase Dashboard Sales Dashboard IMS Inward Supplies - Filed Invoices Ledger Vouchers - GST Details Outstanding MSME Bills Common Reports Dashboard Balance Sheet Profit & Loss A/c Cash/Bank Book Day Book Ledger Vouchers Ledger Vouchers - GST Stock Summary Trial Balan...
[keys] 'Day Book' -> Tally 'TallyPrime:9000'
[keys] '{ENTER}' -> Tally 'TallyPrime:9000'
[shot] tds-649-P9r-insert-daybook (1024x768)
[19:04:27] [tds] screen tds-649-P9r-insert-daybook : EDU c Prime Da Book • Day Book K: Company Y: Data Particulars Z: Exchange A Add Vch Q Search FinCom • ke Co Vch Type Contra Payment Payment Receipt Receipt Receipt Receipt Journal Journal Journal Credit Note Sales Sales Sales Sales Purchase Purchase Purchase O: Import Vch No. 1 1 2 1 2 3 4 6 7 8 1 1 2 3 4 1 2 3 E: Export M: Share P: Print For 2-Oct-26 Fl: Help F2: Date b82e1 Company to ru Voucher Date 2-Oct-26 2-Oct-26 2-Oct-26 2-Oct-26 2-Oct-26 . 2-Oct-26 2-Oct-26 2-Oct-26 2-Oct-26 2-Oct-26 2-Oct-26 2-Oct-26 2-Oct-26 2-Oct-26 2-Oct-26 2-Oct-26 2-Oct-26 2-Oct-26 Quit Debit Amount Credit Amount...
[keys] '{F2}' -> Tally 'TallyPrime:9000'
[shot] tds-650-P9r-insert-db-date (1024x768)
[19:04:31] [tds] screen tds-650-P9r-insert-db-date : EDU c Prime Change Date Unity Quit K: Company Y: Data Z: Exchange A Accept Q Search O: Import E: Export M: Share p: print Fl: Help FinCom Spike Co Change Date 2-10-2026 b82e1 to ru 0912- 731-4 acepa 6c46- 2731- acep .337.0 -c978 ning 2d109 ing j _id" : . 0—011' 6c46- Mode Windows Server 2025 Datacenter Build 26100.ge_release240331-1435 7:04 PM 10/8/2026
[keys] '2-10-2026{ENTER}' -> Tally 'TallyPrime:9000'
[shot] tds-651-P9r-insert-db-dated (1024x768)
[19:04:36] [tds] screen tds-651-P9r-insert-db-dated : EDU c Prime Da Book • Day Book K: Company Y: Data Particulars Z: Exchange A Add Vch Q Search FinCom • ke Co Vch Type Contra Payment Payment Receipt Receipt Receipt Receipt Journal Journal Journal Credit Note Sales Sales Sales Sales Purchase Purchase Purchase O: Import Vch No. 1 1 2 1 2 3 4 6 7 8 1 1 2 3 4 1 2 3 E: Export M: Share P: Print For 2-Oct-26 Fl: Help F2: Date b82e1 Company to ru Voucher Date 2-Oct-26 2-Oct-26 2-Oct-26 2-Oct-26 2-Oct-26 . 2-Oct-26 2-Oct-26 2-Oct-26 2-Oct-26 2-Oct-26 2-Oct-26 2-Oct-26 2-Oct-26 2-Oct-26 2-Oct-26 2-Oct-26 2-Oct-26 2-Oct-26 Quit Debit Amount Credit Amount...
[keys] '{F4}' -> Tally 'TallyPrime:9000'
[shot] tds-652-P9r-insert-db-type (1024x768)
[19:04:39] [tds] screen tds-652-P9r-insert-db-type : Unity EDU c Prime Change Voucher Type Quit K: Company Y: Data Z: Exchange O: Import E: Export M: Share p: print x Fl: Help FinCom • ke Co Name of VoucherType Voucher T • All Items Attendance Contra Credit Note Debit Note Journal s Create Memorandum Payment Payroll Physical Stock Purchase Receipt Reversing Journal Sales Stock Journal Accept Q Search b82e1 to ru 0912- 731-4 acepa 6c46- 2731- acep .337.0 -c978 ning 2d109 ing j _id" : . 0—011' 6c46- Mode Windows Server 2025 Datacenter Build 26100.ge_release240331-1435 7:04 PM 10/8/2026
[keys] 'Receipt{ENTER}' -> Tally 'TallyPrime:9000'
[shot] tds-653-P9r-insert-db-typed (1024x768)
[19:04:44] [tds] screen tds-653-P9r-insert-db-typed : EDU c Prime K: Company Y: Data Da Book • List of Receipt Vouchers Z: Exchange A Add Vch Q Search FinCom • ke Co Vch Type Receipt Receipt Receipt Receipt DuÅicate Vch I Insert Vch O: Import Vch No. 1 2 3 4 Total: E: Export M: Share P: Print For 2-Oct-26 Fl: Help F2: Date b82e1 Date 2-Oct-26 2-Oct-26 2-Oct-26 2-Oct-26 Unity Quit Particulars Spike Income Share Party Spike Income Spike Income Enter: Alter Debit Amount Credit Amount 60.00 500.00 800.00 700.00 2,060.00 U: Restore Line Company to ru Voucher 0912- Type 731-4 acepa Space: Sekd Delete x: Cancel Vch F 7: Show profit Columnar FIO B: Basis...
[keys] '{END}' -> Tally 'TallyPrime:9000'
[shot] tds-654-P9r-insert-db-last (1024x768)
[19:04:47] [tds] screen tds-654-P9r-insert-db-last : EDU c Prime K: Company Y: Data Da Book • List of Receipt Vouchers Z: Exchange A Add Vch Q Search FinCom • ke Co Vch Type Receipt Receipt Receipt Receipt DuÅicate Vch I Insert Vch O: Import Vch No. 1 2 3 4 Total: E: Export M: Share P: Print For 2-Oct-26 Fl: Help F2: Date b82e1 Date 2-Oct-26 2-Oct-26 2-Oct-26 2-Oct-26 Unity Quit Particulars Spike Income Share Party Spike Income Spike Income Enter: Alter Debit Amount Credit Amount 60.00 500.00 800.00 700.00 2,060.00 U: Restore Line Company to ru Voucher 0912- Type 731-4 acepa Space: Sekd Delete x: Cancel Vch F 7: Show profit Columnar FIO B: Basis...
[keys] '{HOME}' -> Tally 'TallyPrime:9000'
[shot] tds-655-P9r-insert-first (1024x768)
[19:04:50] [tds] screen tds-655-P9r-insert-first : EDU c Prime K: Company Y: Data Da Book • List of Receipt Vouchers Z: Exchange A Add Vch Q Search FinCom • ke Co Vch Type Receipt Receipt Receipt Receipt DuÅicate Vch I Insert Vch O: Import Vch No. 1 2 3 4 Total: E: Export M: Share P: Print For 2-Oct-26 Fl: Help F2: Date b82e1 Date 2-Oct-26 2-Oct-26 2-Oct-26 2-Oct-26 Unity Quit Particulars Spike Income Share Party Spike Income Spike Income Enter: Alter Debit Amount Credit Amount 60.00 500.00 800.00 700.00 2,060.00 U: Restore Line Company to ru Voucher 0912- Type 731-4 acepa Space: Sekd Delete x: Cancel Vch F 7: Show profit Columnar FIO B: Basis...
[keys] '%i' -> Tally 'TallyPrime:9000'
[shot] tds-656-P9r-insert (1024x768)
[19:04:55] [tds] screen tds-656-P9r-insert : EDU c Prime K: Company Y: Data Accounting Voucher Creation ( 03 Recei t • Account Current balance: Particulars Narration: Unity Quit Z: Exchange A Accept Q Search O: Import E: Export M: Share FinCom • ke Co p: print x 2-Oct-26 Friday Amount Fl: Help Q: Date Company Ed: Contra Payment F-6: Receipt Journal Sales b82e1 to ru 0912- 731-4 acepa 6c46- Purchase 2731- Fl O: OåuVooctgs E: Autofill Change Mode More Details O: Related ¯ Repons Optional post -Dated J: Stat acep .337.0 -c978 ning 2d109 ing j _id" : . 0—011' 6c46- D: Delete x: Cancel Vch Adjustment El 2: Configure Mode Windows Server 2025 D...
[keys] 'Cash{ENTER}' -> Tally 'TallyPrime:9000'
[shot] tds-657-P9r-account (1024x768)
[19:04:59] [tds] screen tds-657-P9r-account : EDU c Prime K: Company Y: Data Accounting Voucher Creation ( 03 Recei t • Account Cash Current balance: 6,340.00 Cr Particulars Narration: Unity Quit Z: Exchange A Accept Q Search O: Import E: Export M: Share FinCom • ke Co p: print x 2-Oct-26 Friday Amount Fl: Help Q: Date Company Ed: Contra Payment F-6: Receipt Journal Sales b82e1 to ru 0912- 731-4 acepa 6c46- Purchase 2731- Fl O: OåuVooctgs E: Autofill Change Mode More Details O: Related ¯ Repons Optional post -Dated J: Stat acep .337.0 -c978 ning 2d109 ing j _id" : . 0—011' 6c46- D: Delete x: Cancel Vch Adjustment El 2: Configure Mode Wind...
[keys] 'Spike Income{ENTER}' -> Tally 'TallyPrime:9000'
[shot] tds-658-P9r-ledger (1024x768)
[19:05:03] [tds] screen tds-658-P9r-ledger : EDU c Prime K: Company Y: Data Accounting Voucher Creation ( 03 Recei t • Account Cash Current balance: 6,340.00 Cr Particulars Spike Income CurBal: 7,060.00 Cr Narration: Unity Quit Z: Exchange A Accept Q Search O: Import E: Export M: Share FinCom • ke Co p: print x 2-Oct-26 Friday Amount Fl: Help Q: Date Company Ed: Contra Payment F-6: Receipt Journal Sales b82e1 to ru 0912- 731-4 acepa 6c46- Purchase 2731- Fl O: OåuVooctgs E: Autofill Change Mode More Details O: Related ¯ Repons Optional post -Dated J: Stat acep .337.0 -c978 ning 2d109 ing j _id" : . 0—011' 6c46- D: Delete x: Cancel Vch Adj...
[shot] tds-659-P9r-led-sub1 (1024x768)
[19:05:04] [tds] screen tds-659-P9r-led-sub1 : EDU c Prime K: Company Y: Data Accounting Voucher Creation ( 03 Recei t • Account Cash Current balance: 6,340.00 Cr Particulars Spike Income CurBal: 7,060.00 Cr Narration: Unity Quit Z: Exchange A Accept Q Search O: Import E: Export M: Share FinCom • ke Co p: print x 2-Oct-26 Friday Amount Fl: Help Q: Date Company Ed: Contra Payment F-6: Receipt Journal Sales b82e1 to ru 0912- 731-4 acepa 6c46- Purchase 2731- Fl O: OåuVooctgs E: Autofill Change Mode More Details O: Related ¯ Repons Optional post -Dated J: Stat acep .337.0 -c978 ning 2d109 ing j _id" : . 0—011' 6c46- D: Delete x: Cancel Vch Adj...
[keys] '70{ENTER}' -> Tally 'TallyPrime:9000'
[shot] tds-660-P9r-amount (1024x768)
[19:05:07] [tds] screen tds-660-P9r-amount : EDU c Prime K: Company Y: Data Cost Centre Allocations Unity Quit Z: Exchange O: Import E: Export M: Share p: print Fl: Help FinCom Spike Co Cost Allocations for : Spike Income Up to: 70.00 cr Name of Cost Centre Ehare Em 1 A Accept Q Search Amount 70.00 70.00 b82e1 to ru 0912- 731-4 acepa 6c46- 2731- acep .337.0 -c978 ning 2d109 ing j _id" : . 0—011' 6c46- Mode Windows Server 2025 Datacenter Build 26100.ge_release240331-1435 7:05 PM 10/8/2026
[shot] tds-661-P9r-amt-sub1 (1024x768)
[19:05:08] [tds] screen tds-661-P9r-amt-sub1 : EDU c Prime K: Company Y: Data Cost Centre Allocations Unity Quit Z: Exchange O: Import E: Export M: Share p: print Fl: Help FinCom Spike Co Cost Allocations for : Spike Income Up to: 70.00 cr Name of Cost Centre Share Em 1 A Accept Q Search Amount 70.00 70.00 b82e1 to ru 0912- 731-4 acepa 6c46- 2731- acep .337.0 -c978 ning 2d109 ing j _id" : . 0—011' 6c46- Mode Windows Server 2025 Datacenter Build 26100.ge_release240331-1435 7:05 PM 10/8/2026
[keys] '^a' -> Tally 'TallyPrime:9000'
[shot] tds-662-P9r-amt-sub-accept (1024x768)
[19:05:12] [tds] screen tds-662-P9r-amt-sub-accept : EDU c Prime K: Company Y: Data Accounting Voucher Creation ( 03 Recei t • Account Cash Current balance: 6,270.00 Cr Particulars Spike Income CurBal: 7,130.00 Cr Share Emp 1 Narration: Unity Quit Z: Exchange 70.00 Cr A Accept Q Search O: Import E: Export M: Share FinCom • ke Co p: print x 2-Oct-26 Friday Amount 70.00 70.00 Fl: Help Q: Date Company Ed: Contra Payment F-6: Receipt : Journal Sales b82e1 to ru 0912- 731-4 acepa 6c46- Purchase 2731- Fl O: OåuVooctgs E: Autofill Change Mode More Details O: Related ¯ Repons Optional post -Dated J: Stat acep .337.0 -c978 ning 2d109 ing j _id" : . 0—011...
[shot] tds-663-P9r-amt-sub2 (1024x768)
[19:05:13] [tds] screen tds-663-P9r-amt-sub2 : EDU c Prime K: Company Y: Data Accounting Voucher Creation ( 03 Recei t • Account Cash Current balance: 6,270.00 Cr Particulars Spike Income CurBal: 7,130.00 Cr Share Emp 1 Narration: Unity Quit Z: Exchange 70.00 Cr A Accept Q Search O: Import E: Export M: Share FinCom • ke Co p: print x 2-Oct-26 Friday Amount 70.00 70.00 Fl: Help Q: Date Company Ed: Contra Payment F-6: Receipt : Journal Sales b82e1 to ru 0912- 731-4 acepa 6c46- Purchase 2731- Fl O: OåuVooctgs E: Autofill Change Mode More Details O: Related ¯ Repons Optional post -Dated J: Stat acep .337.0 -c978 ning 2d109 ing j _id" : . 0—011...
[keys] '{ENTER}' -> Tally 'TallyPrime:9000'
[shot] tds-664-P9r-rows-done (1024x768)
[19:05:17] [tds] screen tds-664-P9r-rows-done : EDU c Prime K: Company Y: Data Accounting Voucher Creation ( 03 Recei t • Account Cash Current balance: 6,270.00 Cr Particulars Spike Income CurBal: 7,130.00 Cr Share Emp 1 Narration: dB Unity Quit Z: Exchange 70.00 Cr Accept Q Search O: Import E: Export M: Share FinCom • ke Co p: print x 2-Oct-26 Friday Amount 70.00 70.00 Fl: Help Q: Date Company Ed: Contra Payment F-6: Receipt : Journal Sales b82e1 to ru 0912- 731-4 acepa 6c46- Purchase 2731- Fl O: OåuVooctgs E: Autofill Change Mode More Details O: Related ¯ Repons Optional post -Dated J: Stat acep .337.0 -c978 ning 2d109 ing j _id" : . 0—01...
[shot] tds-665-P9r-done-sub1 (1024x768)
[19:05:18] [tds] screen tds-665-P9r-done-sub1 : EDU c Prime K: Company Y: Data Accounting Voucher Creation ( 03 Recei t • Account Cash Current balance: 6,270.00 Cr Particulars Spike Income CurBal: 7,130.00 Cr Share Emp 1 Narration: dB Unity Quit Z: Exchange 70.00 Cr Accept Q Search O: Import E: Export M: Share FinCom • ke Co p: print x 2-Oct-26 Friday Amount 70.00 70.00 Fl: Help Q: Date Company Ed: Contra Payment F-6: Receipt : Journal Sales b82e1 to ru 0912- 731-4 acepa 6c46- Purchase 2731- Fl O: OåuVooctgs E: Autofill Change Mode More Details O: Related ¯ Repons Optional post -Dated J: Stat acep .337.0 -c978 ning 2d109 ing j _id" : . 0—01...
[keys] 'share insert renumbering{ENTER}' -> Tally 'TallyPrime:9000'
[shot] tds-666-P9r-narr (1024x768)
[19:05:22] [tds] screen tds-666-P9r-narr : EDU c Prime K: Company Y: Data Accounting Voucher Creation ( 03 Recei t • Account Cash Current balance: 6,270.00 Cr Particulars Spike Income CurBal: 7,130.00 Cr Share Emp 1 Narration: • share insert renumbering Unity Q: Quit Z: Exchange FinCom 70.00 Cr A: Accept Q Search O: Import E: Export M: Share p: print x 2-Oct-26 Friday Amount 70.00 70.00 Accept Q Yes or No D: Delete X: Cancel Vch Fl: Help F-2: Date F-3: Company F-4: Contra F-5: Payment F-6: Receipt F-7: Journal F-9: Purchase PIO: E: Autofill H: Change = Mode I: More - Details O: Related ¯ Repons L: Optional T: post = -Dated J: Stat ¯ Ad...
[keys] '^a' -> Tally 'TallyPrime:9000'
[shot] tds-667-P9r-ins-accept1 (1024x768)
[19:05:26] [tds] screen tds-667-P9r-ins-accept1 : EDU c Prime K: Company Y: Data Da Book • List of Receipt Vouchers Z: Exchange A Add Vch Q Search FinCom • ke Co Vch Type Receipt Receipt Receipt Receipt Receipt DuÅicate Vch I Insert Vch O: Import Vch No. 1 2 3 4 5 Total: E: Export M: Share P: Print For 2-Oct-26 Fl: Help F2: Date b82e1 Date 2-Oct-26 2-Oct-26 2-Oct-26 2-Oct-26 2-Oct-26 Unity Quit Particulars Spike Income Spike Income Share Party Spike Income Spike Income Enter: Alter Debit Amount Credit Amount 70.00 60.00 500.00 800.00 700.00 2,130.00 U: Restore Line Company to ru Voucher 0912- Type 731-4 acepa Space: Sekd Delete x: Cancel Vch ...
[shot] tds-668-P9r-ins-after1 (1024x768)
[19:05:27] [tds] screen tds-668-P9r-ins-after1 : EDU c Prime K: Company Y: Data Da Book • List of Receipt Vouchers Z: Exchange A Add Vch Q Search FinCom • ke Co Vch Type Receipt Receipt Receipt Receipt Receipt DuÅicate Vch I Insert Vch O: Import Vch No. 1 2 3 4 5 Total: E: Export M: Share P: Print For 2-Oct-26 Fl: Help F2: Date b82e1 Date 2-Oct-26 2-Oct-26 2-Oct-26 2-Oct-26 2-Oct-26 Unity Quit Particulars Spike Income Spike Income Share Party Spike Income Spike Income Enter: Alter Debit Amount Credit Amount 70.00 60.00 500.00 800.00 700.00 2,130.00 U: Restore Line Company to ru Voucher 0912- Type 731-4 acepa Space: Sekd Delete x: Cancel Vch ...
[shot] tds-669-gw0 (1024x768)
[19:05:28] [tds] screen tds-669-gw0 : EDU c Prime K: Company Y: Data Da Book • List of Receipt Vouchers Z: Exchange A Add Vch Q Search FinCom • ke Co Vch Type Receipt Receipt Receipt Receipt Receipt DuÅicate Vch I Insert Vch O: Import Vch No. 1 2 3 4 5 Total: E: Export M: Share P: Print For 2-Oct-26 Fl: Help F2: Date b82e1 Date 2-Oct-26 2-Oct-26 2-Oct-26 2-Oct-26 2-Oct-26 Unity Quit Particulars Spike Income Spike Income Share Party Spike Income Spike Income Enter: Alter Debit Amount Credit Amount 70.00 60.00 500.00 800.00 700.00 2,130.00 U: Restore Line Company to ru Voucher 0912- Type 731-4 acepa Space: Sekd Delete x: Cancel Vch ...
[keys] '{ESC}' -> Tally 'TallyPrime:9000'
[shot] tds-670-gw1 (1024x768)
[19:05:32] [tds] screen tds-670-gw1 : EDU c Prime Gatewa of Tall CURRENT PERIOD K: Company Y: Data Z: Exchange O: Import E: Export M: Share p: print Fl: Help Date b82e1 I-Apr-26 to 31-Mar-27 NAME OF COMPANY FinCom Spike Co Q CURRENT OATE Friday, 2-Oct-2026 2-Oct-26 Search Gateway of Tally MASTERS Create Alter CHart of Accounts TRANSACTIONS Vouchers Day 800K UTILITIES BaNking REPORTS Balance Sheet Profit & Loss A/c Stock Summary Ratio Analysis Display More Reports DashbOard Quit Unity Company to ru 0912- 731-4 acepa 6c46- 2731- acep .337.0 -c978 ning 2d109 ing j _id" : . 0—011' 6c46- Mode Windows Server 2025 Datacenter Build 26100....
######## FAIL P9r renumbering on: insert: the insert made; Tally renumbered 4; ALTVCHID 30 -> 31; each: mid 25 1 -> 2, AlterID 30 -> 30, lines 0, the fast request says '2'; mid 7 2 -> 3, AlterID 26 -> 26, lines 0, the fast request says '3'; mid 8 3 -> 4, AlterID 24 -> 24, lines 0, the fast request says '4'; mid 23 4 -> 5, AlterID 23 -> 23, lines 0, the fast request says '5' (a renumbered receipt with no line keeps its old number in FinCom until something asks Tally for it)
[shot] tds-671-gw0 (1024x768)
[19:05:33] [tds] screen tds-671-gw0 : EDU c Prime Gatewa of Tall CURRENT PERIOD K: Company Y: Data Z: Exchange O: Import E: Export M: Share p: print Fl: Help Date b82e1 I-Apr-26 to 31-Mar-27 NAME OF COMPANY FinCom Spike Co Q CURRENT OATE Friday, 2-Oct-2026 2-Oct-26 Search Gateway of Tally MASTERS Create Alter CHart of Accounts TRANSACTIONS Vouchers Day 800K UTILITIES BaNking REPORTS Balance Sheet Profit & Loss A/c Stock Summary Ratio Analysis Display More Reports DashbOard Quit Unity Company to ru 0912- 731-4 acepa 6c46- 2731- acep .337.0 -c978 ning 2d109 ing j _id" : . 0—011' 6c46- Mode Windows Server 2025 Datacenter Build 26100....
[keys] '%g' -> Tally 'TallyPrime:9000'
[shot] tds-672-P9r-delete-goto (1024x768)
[19:05:37] [tds] screen tds-672-P9r-delete-goto : EDU c Prime Unity Quit K: Company Y: Data Z: Exchange O: Import E: Export M: Share p: print Fl: Help x List of Re Its Saved Views Bills Payable - GST Bills Payable - GST - Sundry Creditors Bills Payable - GST - Sundry Debtors Bills Receivable - GST Bills Receivable - GST - Sundry Creditors Bills Receivable - GST - Sundry Debtors Purchase Dashboard Sales Dashboard IMS Inward Supplies - Filed Invoices Ledger Vouchers - GST Details Outstanding MSME Bills Common Reports Dashboard Balance Sheet Profit & Loss A/c Cash/Bank Book Day Book Ledger Vouchers Ledger Vouchers - GST Stock Summary Trial Balan...
[keys] 'Day Book' -> Tally 'TallyPrime:9000'
[keys] '{ENTER}' -> Tally 'TallyPrime:9000'
[shot] tds-673-P9r-delete-daybook (1024x768)
[19:05:44] [tds] screen tds-673-P9r-delete-daybook : EDU c Prime Da Book • Day Book K: Company Y: Data Particulars Z: Exchange A Add Vch Q Search FinCom • ke Co Vch Type Contra Payment Payment Receipt Receipt Receipt Receipt Receipt Journal Journal Journal Credit Note Sales Sales Sales Sales Purchase Purchase Purchase O: Import Vch No. 1 1 2 1 2 3 4 5 6 7 8 1 1 2 3 4 1 2 3 E: Export M: Share P: Print For 2-Oct-26 Fl: Help F2: Date b82e1 Company to ru Voucher Date 2-Oct-26 2-Oct-26 2-Oct-26 2-Oct-26 2-Oct-26 . 2-Oct-26 2-Oct-26 2-Oct-26 2-Oct-26 2-Oct-26 2-Oct-26 2-Oct-26 2-Oct-26 2-Oct-26 2-Oct-26 2-Oct-26 2-Oct-26 2-Oct-26 2-Oct-26 Quit Debit A...
[keys] '{F2}' -> Tally 'TallyPrime:9000'
[shot] tds-674-P9r-delete-db-date (1024x768)
[19:05:47] [tds] screen tds-674-P9r-delete-db-date : EDU c Prime Change Date Unity Quit K: Company Y: Data Z: Exchange A Accept Q Search O: Import E: Export M: Share p: print Fl: Help FinCom Spike Co Change Date 2-10-2026 b82e1 to ru 0912- 731-4 acepa 6c46- 2731- acep .337.0 -c978 ning 2d109 ing j _id" : . 0—011' 6c46- Mode Windows Server 2025 Datacenter Build 26100.ge_release240331-1435 7:05 PM 10/8/2026
[keys] '2-10-2026{ENTER}' -> Tally 'TallyPrime:9000'
[shot] tds-675-P9r-delete-db-dated (1024x768)
[19:05:52] [tds] screen tds-675-P9r-delete-db-dated : EDU c Prime Da Book • Day Book K: Company Y: Data Particulars Z: Exchange A Add Vch Q Search FinCom • ke Co Vch Type Contra Payment Payment Receipt Receipt Receipt Receipt Receipt Journal Journal Journal Credit Note Sales Sales Sales Sales Purchase Purchase Purchase O: Import Vch No. 1 1 2 1 2 3 4 5 6 7 8 1 1 2 3 4 1 2 3 E: Export M: Share P: Print For 2-Oct-26 Fl: Help F2: Date b82e1 Company to ru Voucher Date 2-Oct-26 2-Oct-26 2-Oct-26 2-Oct-26 2-Oct-26 . 2-Oct-26 2-Oct-26 2-Oct-26 2-Oct-26 2-Oct-26 2-Oct-26 2-Oct-26 2-Oct-26 2-Oct-26 2-Oct-26 2-Oct-26 2-Oct-26 2-Oct-26 2-Oct-26 Quit Debit A...
[keys] '{F4}' -> Tally 'TallyPrime:9000'
[shot] tds-676-P9r-delete-db-type (1024x768)
[19:05:56] [tds] screen tds-676-P9r-delete-db-type : Unity EDU c Prime Change Voucher Type Quit K: Company Y: Data Z: Exchange O: Import E: Export M: Share p: print x Fl: Help FinCom • ke Co Name of VoucherType Voucher T • All Items Attendance Contra Credit Note Debit Note Journal s Create Memorandum Payment Payroll Physical Stock Purchase Receipt Reversing Journal Sales Stock Journal Accept Q Search b82e1 to ru 0912- 731-4 acepa 6c46- 2731- acep .337.0 -c978 ning 2d109 ing j _id" : . 0—011' 6c46- Mode Windows Server 2025 Datacenter Build 26100.ge_release240331-1435 7:05 PM 10/8/2026
[keys] 'Receipt{ENTER}' -> Tally 'TallyPrime:9000'
[shot] tds-677-P9r-delete-db-typed (1024x768)
[19:06:01] [tds] screen tds-677-P9r-delete-db-typed : EDU c Prime K: Company Y: Data Da Book • List of Receipt Vouchers Z: Exchange A Add Vch Q Search FinCom • ke Co Vch Type Receipt Receipt Receipt Receipt Receipt DuÅicate Vch I Insert Vch O: Import Vch No. 1 2 3 4 5 Total: E: Export M: Share P: Print For 2-Oct-26 Fl: Help F2: Date b82e1 Date 2-Oct-26 2-Oct-26 2-Oct-26 2-Oct-26 2-Oct-26 Unity Quit Particulars Spike Income Spike Income Share Party Spike Income Spike Income Enter: Alter Debit Amount Credit Amount 70.00 60.00 500.00 800.00 700.00 2,130.00 U: Restore Line Company to ru Voucher 0912- Type 731-4 acepa Space: Sekd Delete x: Cancel Vch ...
[keys] '{END}' -> Tally 'TallyPrime:9000'
[shot] tds-678-P9r-delete-db-last (1024x768)
[19:06:04] [tds] screen tds-678-P9r-delete-db-last : EDU c Prime K: Company Y: Data Da Book • List of Receipt Vouchers Z: Exchange A Add Vch Q Search FinCom • ke Co Vch Type Receipt Receipt Receipt Receipt Receipt DuÅicate Vch I Insert Vch O: Import Vch No. 1 2 3 4 5 Total: E: Export M: Share P: Print For 2-Oct-26 Fl: Help F2: Date b82e1 Date 2-Oct-26 2-Oct-26 2-Oct-26 2-Oct-26 2-Oct-26 Unity Quit Particulars Spike Income Spike Income Share Party Spike Income Spike Income Enter: Alter Debit Amount Credit Amount 70.00 60.00 500.00 800.00 700.00 2,130.00 U: Restore Line Company to ru Voucher 0912- Type 731-4 acepa Space: Sekd Delete x: Cancel Vch ...
[keys] '{HOME}' -> Tally 'TallyPrime:9000'
[shot] tds-679-P9r-delete-first (1024x768)
[19:06:07] [tds] screen tds-679-P9r-delete-first : EDU c Prime K: Company Y: Data Da Book • List of Receipt Vouchers Z: Exchange A Add Vch Q Search FinCom • ke Co Vch Type Receipt Receipt Receipt Receipt Receipt DuÅicate Vch I Insert Vch O: Import Vch No. 1 2 3 4 5 Total: E: Export M: Share P: Print For 2-Oct-26 Fl: Help F2: Date b82e1 Date 2-Oct-26 2-Oct-26 2-Oct-26 2-Oct-26 2-Oct-26 Unity Quit Particulars Spike Income Spike Income Share Party Spike Income Spike Income Enter: Alter Debit Amount Credit Amount 70.00 60.00 500.00 800.00 700.00 2,130.00 U: Restore Line Company to ru Voucher 0912- Type 731-4 acepa Space: Sekd Delete x: Cancel Vch ...
[keys] '{DOWN}' -> Tally 'TallyPrime:9000'
[shot] tds-680-P9r-down1 (1024x768)
[19:06:10] [tds] screen tds-680-P9r-down1 : EDU c Prime K: Company Y: Data Da Book • List of Receipt Vouchers Z: Exchange A Add Vch Q Search FinCom • ke Co Vch Type Receipt Receipt Receipt Receipt Receipt DuÅicate Vch I Insert Vch O: Import Vch No. 1 2 3 4 5 Total: E: Export M: Share P: Print For 2-Oct-26 Fl: Help F2: Date b82e1 Date 2-Oct-26 2-Oct-26 2-Oct-26 2-Oct-26 2-Oct-26 Unity Quit Particulars Spike Income Spike Income Share Party Spike Income Spike Income Enter: Alter Debit Amount Credit Amount 70.00 60.00 500.00 800.00 700.00 2,130.00 U: Restore Line Company to ru Voucher 0912- Type 731-4 acepa Space: Sekd Delete x: Cancel Vch ...
[keys] '{DOWN}' -> Tally 'TallyPrime:9000'
[shot] tds-681-P9r-middle (1024x768)
[19:06:14] [tds] screen tds-681-P9r-middle : EDU c Prime K: Company Y: Data Da Book • List of Receipt Vouchers Z: Exchange A Add Vch Q Search FinCom • ke Co Vch Type Receipt Receipt Receipt Receipt Receipt DuÅicate Vch I Insert Vch O: Import Vch No. 1 2 3 4 5 Total: E: Export M: Share P: Print For 2-Oct-26 Fl: Help F2: Date b82e1 Date 2-Oct-26 2-Oct-26 2-Oct-26 2-Oct-26 2-Oct-26 Unity Quit Particulars Spike Income Spike Income Share Party Spike Income Spike Income Enter: Alter Debit Amount Credit Amount 70.00 60.00 500.00 800.00 700.00 2,130.00 U: Restore Line Company to ru Voucher 0912- Type 731-4 acepa Space: Sekd Delete x: Cancel Vch ...
[keys] '%d' -> Tally 'TallyPrime:9000'
[shot] tds-682-P9r-delete-q (1024x768)
[19:06:18] [tds] screen tds-682-P9r-delete-q : EDU c Prime Day Book Unity Q: Quit K: Company Y: Data Z: Exchange FinCom Spike Co Delete Q Yes or No A:Add Vch 1 2: Üup(icateVch 1!: Insert Vch Ip: Delete Q Search O: Import E: Export M: Share p: print x Fl: Help F2: Date F3: Company F4: Voucher Type F 7: Show profit F8: Columnar FIO B: Basis of = Values H: Change = View J: Exception = Reports L: Save View F: Apply = Filter F: Filter ¯ Details b82e1 to ru 0912- 731-4 acepa 6c46- 2731- acep .337.0 -c978 ning 2d109 ing j _id" : . 0—011' 6c46- Enter: Alter Space: Seé:t , cancel vch R: Remue Line U: Restore Line I F12: Configure Mode Windows Serve...
[shot] tds-683-P9r-delete-ask (1024x768)
[19:06:19] [tds] screen tds-683-P9r-delete-ask : EDU c Prime Day Book Unity Q: Quit K: Company Y: Data Z: Exchange FinCom Spike Co Delete Q Yes or No A:Add Vch 1 2: Üup(icateVch 1!: Insert Vch Ip: Delete Q Search O: Import E: Export M: Share p: print x Fl: Help F2: Date F3: Company F4: Voucher Type F 7: Show profit F8: Columnar FIO B: Basis of = Values H: Change = View J: Exception = Reports L: Save View F: Apply = Filter F: Filter ¯ Details b82e1 to ru 0912- 731-4 acepa 6c46- 2731- acep .337.0 -c978 ning 2d109 ing j _id" : . 0—011' 6c46- Enter: Alter Space: Seé:t , cancel vch R: Remue Line U: Restore Line I F12: Configure Mode Windows Serve...
[keys] 'y' -> Tally 'TallyPrime:9000'
[shot] tds-684-gw0 (1024x768)
[19:06:24] [tds] screen tds-684-gw0 : EDU c Prime K: Company Y: Data Da Book • List of Receipt Vouchers Z: Exchange A Add Vch Q Search FinCom • ke Co Vch Type Receipt Receipt Receipt Receipt O: Import Vch No. 1 2 3 4 Total: E: Export M: Share P: Print For 2-Oct-26 Fl: Help F2: Date b82e1 Date 2-Oct-26 2-Oct-26 2-Oct-26 2-Oct-26 Unity Quit Particulars Spike Income Spike Income Spike Income Spike Income Enter: Alter Debit Amount Credit Amount 70.00 60.00 800.00 700.00 1,630.00 U: Restore Line Company to ru Voucher 0912- Type 731-4 acepa Space: Sekd DuÅicate Vch I Insert Vch Delete x: Cancel Vch F 7: Show profit Columnar FIO B: Basis...
[keys] '{ESC}' -> Tally 'TallyPrime:9000'
[shot] tds-685-gw1 (1024x768)
[19:06:28] [tds] screen tds-685-gw1 : EDU c Prime Gatewa of Tall CURRENT PERIOD K: Company Y: Data Z: Exchange O: Import E: Export M: Share p: print Fl: Help Date b82e1 I-Apr-26 to 31-Mar-27 NAME OF COMPANY FinCom Spike Co Q CURRENT OATE Friday, 2-Oct-2026 2-Oct-26 Search Gateway of Tally MASTERS Create Alter CHart of Accounts TRANSACTIONS Vouchers Day 800K UTILITIES BaNking REPORTS Balance Sheet Profit & Loss A/c Stock Summary Ratio Analysis Display More Reports DashbOard Quit Unity Company to ru 0912- 731-4 acepa 6c46- 2731- acep .337.0 -c978 ning 2d109 ing j _id" : . 0—011' 6c46- Mode Windows Server 2025 Datacenter Build 26100....
######## FAIL P9r renumbering on: delete: the delete made; Tally renumbered 2; ALTVCHID 31 -> 32; each: mid 8 4 -> 3, AlterID 24 -> 24, lines 0, the fast request says '3'; mid 23 5 -> 4, AlterID 23 -> 23, lines 0, the fast request says '4' (a renumbered receipt with no line keeps its old number in FinCom until something asks Tally for it)
[p7 invoice SH-E1] 39 ms: <RESPONSE><CREATED>1</CREATED><ALTERED>0</ALTERED><DELETED>0</DELETED><LASTVCHID>27</LASTVCHID><LASTMID>0</LASTMID><COMBINED>0</COMBINED><IGNORED>0</IGNORED><ERRORS>0</ERRORS><CANCELLED>0</CANCELLED><EXCEPTIONS>0</EXCEPTIONS></RESPONSE>
  voucher mid=1 aid=1 Journal/1/20260401 guid=6a19ae25-8faa-41ba-b1a7-6062aa81a638-00000001 cancelled=False
  voucher mid=2 aid=2 Journal/2/20261001 guid=6a19ae25-8faa-41ba-b1a7-6062aa81a638-00000002 cancelled=False
  voucher mid=3 aid=3 Journal/3/20261001 guid=6a19ae25-8faa-41ba-b1a7-6062aa81a638-00000003 cancelled=False
  voucher mid=4 aid=4 Journal/4/20261001 guid=6a19ae25-8faa-41ba-b1a7-6062aa81a638-00000004 cancelled=False
  voucher mid=5 aid=5 Journal/5/20261001 guid=6a19ae25-8faa-41ba-b1a7-6062aa81a638-00000005 cancelled=False
  voucher mid=6 aid=29 Payroll/1/20261001 guid=6a19ae25-8faa-41ba-b1a7-6062aa81a638-00000006 cancelled=False
  voucher mid=24 aid=27 Payroll/2/20261001 guid=6a19ae25-8faa-41ba-b1a7-6062aa81a638-00000018 cancelled=False
  voucher mid=26 aid=31 Receipt/1/20261002 guid=6a19ae25-8faa-41ba-b1a7-6062aa81a638-0000001a cancelled=False
  voucher mid=25 aid=30 Receipt/2/20261002 guid=6a19ae25-8faa-41ba-b1a7-6062aa81a638-00000019 cancelled=False
  voucher mid=8 aid=24 Receipt/3/20261002 guid=6a19ae25-8faa-41ba-b1a7-6062aa81a638-00000008 cancelled=False
  voucher mid=9 aid=9 Payment/1/20261002 guid=6a19ae25-8faa-41ba-b1a7-6062aa81a638-00000009 cancelled=False
  voucher mid=10 aid=10 Payment/2/20261002 guid=6a19ae25-8faa-41ba-b1a7-6062aa81a638-0000000a cancelled=False
  voucher mid=11 aid=11 Contra/1/20261002 guid=6a19ae25-8faa-41ba-b1a7-6062aa81a638-0000000b cancelled=False
  voucher mid=12 aid=12 Journal/6/20261002 guid=6a19ae25-8faa-41ba-b1a7-6062aa81a638-0000000c cancelled=False
  voucher mid=13 aid=13 Journal/7/20261002 guid=6a19ae25-8faa-41ba-b1a7-6062aa81a638-0000000d cancelled=False
  voucher mid=14 aid=25 Sales/1/20261002 guid=6a19ae25-8faa-41ba-b1a7-6062aa81a638-0000000e cancelled=False
  voucher mid=15 aid=15 Sales/2/20261002 guid=6a19ae25-8faa-41ba-b1a7-6062aa81a638-0000000f cancelled=False
  voucher mid=16 aid=16 Sales/3/20261002 guid=6a19ae25-8faa-41ba-b1a7-6062aa81a638-00000010 cancelled=False
  voucher mid=17 aid=17 Purchase/1/20261002 guid=6a19ae25-8faa-41ba-b1a7-6062aa81a638-00000011 cancelled=False
  voucher mid=18 aid=18 Purchase/2/20261002 guid=6a19ae25-8faa-41ba-b1a7-6062aa81a638-00000012 cancelled=False
  voucher mid=19 aid=19 Sales/4/20261002 guid=6a19ae25-8faa-41ba-b1a7-6062aa81a638-00000013 cancelled=False
  voucher mid=20 aid=20 Purchase/3/20261002 guid=6a19ae25-8faa-41ba-b1a7-6062aa81a638-00000014 cancelled=False
  voucher mid=21 aid=21 Credit Note/1/20261002 guid=6a19ae25-8faa-41ba-b1a7-6062aa81a638-00000015 cancelled=False
  voucher mid=22 aid=22 Journal/8/20261002 guid=6a19ae25-8faa-41ba-b1a7-6062aa81a638-00000016 cancelled=False
  voucher mid=23 aid=23 Receipt/4/20261002 guid=6a19ae25-8faa-41ba-b1a7-6062aa81a638-00000017 cancelled=False
  voucher mid=27 aid=33 Sales/5/20261031 guid=6a19ae25-8faa-41ba-b1a7-6062aa81a638-0000001b cancelled=False
[p7a IRN and e-way bill by a tool] 31 ms: <RESPONSE><CREATED>0</CREATED><ALTERED>1</ALTERED><DELETED>0</DELETED><LASTVCHID>27</LASTVCHID><LASTMID>0</LASTMID><COMBINED>0</COMBINED><IGNORED>0</IGNORED><ERRORS>0</ERRORS><CANCELLED>0</CANCELLED><EXCEPTIONS>0</EXCEPTIONS></RESPONSE>
  voucher mid=1 aid=1 Journal/1/20260401 guid=6a19ae25-8faa-41ba-b1a7-6062aa81a638-00000001 cancelled=False
  voucher mid=2 aid=2 Journal/2/20261001 guid=6a19ae25-8faa-41ba-b1a7-6062aa81a638-00000002 cancelled=False
  voucher mid=3 aid=3 Journal/3/20261001 guid=6a19ae25-8faa-41ba-b1a7-6062aa81a638-00000003 cancelled=False
  voucher mid=4 aid=4 Journal/4/20261001 guid=6a19ae25-8faa-41ba-b1a7-6062aa81a638-00000004 cancelled=False
  voucher mid=5 aid=5 Journal/5/20261001 guid=6a19ae25-8faa-41ba-b1a7-6062aa81a638-00000005 cancelled=False
  voucher mid=6 aid=29 Payroll/1/20261001 guid=6a19ae25-8faa-41ba-b1a7-6062aa81a638-00000006 cancelled=False
  voucher mid=24 aid=27 Payroll/2/20261001 guid=6a19ae25-8faa-41ba-b1a7-6062aa81a638-00000018 cancelled=False
  voucher mid=26 aid=31 Receipt/1/20261002 guid=6a19ae25-8faa-41ba-b1a7-6062aa81a638-0000001a cancelled=False
  voucher mid=25 aid=30 Receipt/2/20261002 guid=6a19ae25-8faa-41ba-b1a7-6062aa81a638-00000019 cancelled=False
  voucher mid=8 aid=24 Receipt/3/20261002 guid=6a19ae25-8faa-41ba-b1a7-6062aa81a638-00000008 cancelled=False
  voucher mid=9 aid=9 Payment/1/20261002 guid=6a19ae25-8faa-41ba-b1a7-6062aa81a638-00000009 cancelled=False
  voucher mid=10 aid=10 Payment/2/20261002 guid=6a19ae25-8faa-41ba-b1a7-6062aa81a638-0000000a cancelled=False
  voucher mid=11 aid=11 Contra/1/20261002 guid=6a19ae25-8faa-41ba-b1a7-6062aa81a638-0000000b cancelled=False
  voucher mid=12 aid=12 Journal/6/20261002 guid=6a19ae25-8faa-41ba-b1a7-6062aa81a638-0000000c cancelled=False
  voucher mid=13 aid=13 Journal/7/20261002 guid=6a19ae25-8faa-41ba-b1a7-6062aa81a638-0000000d cancelled=False
  voucher mid=14 aid=25 Sales/1/20261002 guid=6a19ae25-8faa-41ba-b1a7-6062aa81a638-0000000e cancelled=False
  voucher mid=15 aid=15 Sales/2/20261002 guid=6a19ae25-8faa-41ba-b1a7-6062aa81a638-0000000f cancelled=False
  voucher mid=16 aid=16 Sales/3/20261002 guid=6a19ae25-8faa-41ba-b1a7-6062aa81a638-00000010 cancelled=False
  voucher mid=17 aid=17 Purchase/1/20261002 guid=6a19ae25-8faa-41ba-b1a7-6062aa81a638-00000011 cancelled=False
  voucher mid=18 aid=18 Purchase/2/20261002 guid=6a19ae25-8faa-41ba-b1a7-6062aa81a638-00000012 cancelled=False
  voucher mid=19 aid=19 Sales/4/20261002 guid=6a19ae25-8faa-41ba-b1a7-6062aa81a638-00000013 cancelled=False
  voucher mid=20 aid=20 Purchase/3/20261002 guid=6a19ae25-8faa-41ba-b1a7-6062aa81a638-00000014 cancelled=False
  voucher mid=21 aid=21 Credit Note/1/20261002 guid=6a19ae25-8faa-41ba-b1a7-6062aa81a638-00000015 cancelled=False
  voucher mid=22 aid=22 Journal/8/20261002 guid=6a19ae25-8faa-41ba-b1a7-6062aa81a638-00000016 cancelled=False
  voucher mid=23 aid=23 Receipt/4/20261002 guid=6a19ae25-8faa-41ba-b1a7-6062aa81a638-00000017 cancelled=False
  voucher mid=27 aid=34 Sales/5/20261031 guid=6a19ae25-8faa-41ba-b1a7-6062aa81a638-0000001b cancelled=False
######## FAIL P7a IRN and e-way bill written back after the save by a tool: made by an XML alteration (DATE="20261031" TAGNAME="Voucher Number" TAGVALUE="5" VCHTYPE="Sales" ACTION="Alter"): Tally stored IRN 'IRN-SHARE-0001' ack 'ACK-SHARE-1' 20261031 e-way bill '381101234299', AlterID 33 -> 34, no other entry changed; the add-on wrote 0 line(s) (an alteration with no form: by design no line; the counter route / Day Book has it)
[19:06:28] ---- share einvoice-save: alteration: the e-invoice (IRN and e-way bill set by a tool) saved again on its form
  voucher mid=1 aid=1 Journal/1/20260401 guid=6a19ae25-8faa-41ba-b1a7-6062aa81a638-00000001 cancelled=False
  voucher mid=2 aid=2 Journal/2/20261001 guid=6a19ae25-8faa-41ba-b1a7-6062aa81a638-00000002 cancelled=False
  voucher mid=3 aid=3 Journal/3/20261001 guid=6a19ae25-8faa-41ba-b1a7-6062aa81a638-00000003 cancelled=False
  voucher mid=4 aid=4 Journal/4/20261001 guid=6a19ae25-8faa-41ba-b1a7-6062aa81a638-00000004 cancelled=False
  voucher mid=5 aid=5 Journal/5/20261001 guid=6a19ae25-8faa-41ba-b1a7-6062aa81a638-00000005 cancelled=False
  voucher mid=6 aid=29 Payroll/1/20261001 guid=6a19ae25-8faa-41ba-b1a7-6062aa81a638-00000006 cancelled=False
  voucher mid=24 aid=27 Payroll/2/20261001 guid=6a19ae25-8faa-41ba-b1a7-6062aa81a638-00000018 cancelled=False
  voucher mid=26 aid=31 Receipt/1/20261002 guid=6a19ae25-8faa-41ba-b1a7-6062aa81a638-0000001a cancelled=False
  voucher mid=25 aid=30 Receipt/2/20261002 guid=6a19ae25-8faa-41ba-b1a7-6062aa81a638-00000019 cancelled=False
  voucher mid=8 aid=24 Receipt/3/20261002 guid=6a19ae25-8faa-41ba-b1a7-6062aa81a638-00000008 cancelled=False
  voucher mid=9 aid=9 Payment/1/20261002 guid=6a19ae25-8faa-41ba-b1a7-6062aa81a638-00000009 cancelled=False
  voucher mid=10 aid=10 Payment/2/20261002 guid=6a19ae25-8faa-41ba-b1a7-6062aa81a638-0000000a cancelled=False
  voucher mid=11 aid=11 Contra/1/20261002 guid=6a19ae25-8faa-41ba-b1a7-6062aa81a638-0000000b cancelled=False
  voucher mid=12 aid=12 Journal/6/20261002 guid=6a19ae25-8faa-41ba-b1a7-6062aa81a638-0000000c cancelled=False
  voucher mid=13 aid=13 Journal/7/20261002 guid=6a19ae25-8faa-41ba-b1a7-6062aa81a638-0000000d cancelled=False
  voucher mid=14 aid=25 Sales/1/20261002 guid=6a19ae25-8faa-41ba-b1a7-6062aa81a638-0000000e cancelled=False
  voucher mid=15 aid=15 Sales/2/20261002 guid=6a19ae25-8faa-41ba-b1a7-6062aa81a638-0000000f cancelled=False
  voucher mid=16 aid=16 Sales/3/20261002 guid=6a19ae25-8faa-41ba-b1a7-6062aa81a638-00000010 cancelled=False
  voucher mid=17 aid=17 Purchase/1/20261002 guid=6a19ae25-8faa-41ba-b1a7-6062aa81a638-00000011 cancelled=False
  voucher mid=18 aid=18 Purchase/2/20261002 guid=6a19ae25-8faa-41ba-b1a7-6062aa81a638-00000012 cancelled=False
  voucher mid=19 aid=19 Sales/4/20261002 guid=6a19ae25-8faa-41ba-b1a7-6062aa81a638-00000013 cancelled=False
  voucher mid=20 aid=20 Purchase/3/20261002 guid=6a19ae25-8faa-41ba-b1a7-6062aa81a638-00000014 cancelled=False
  voucher mid=21 aid=21 Credit Note/1/20261002 guid=6a19ae25-8faa-41ba-b1a7-6062aa81a638-00000015 cancelled=False
  voucher mid=22 aid=22 Journal/8/20261002 guid=6a19ae25-8faa-41ba-b1a7-6062aa81a638-00000016 cancelled=False
  voucher mid=23 aid=23 Receipt/4/20261002 guid=6a19ae25-8faa-41ba-b1a7-6062aa81a638-00000017 cancelled=False
  voucher mid=27 aid=34 Sales/5/20261031 guid=6a19ae25-8faa-41ba-b1a7-6062aa81a638-0000001b cancelled=False
[shot] tds-686-gw0 (1024x768)
[19:06:29] [tds] screen tds-686-gw0 : EDU c Prime Gatewa of Tall CURRENT PERIOD K: Company Y: Data Z: Exchange O: Import E: Export M: Share p: print Fl: Help Date b82e1 I-Apr-26 to 31-Mar-27 NAME OF COMPANY FinCom Spike Co Q CURRENT OATE Friday, 2-Oct-2026 2-Oct-26 Search Gateway of Tally MASTERS Create Alter CHart of Accounts TRANSACTIONS Vouchers Day 800K UTILITIES BaNking REPORTS Balance Sheet Profit & Loss A/c Stock Summary Ratio Analysis Display More Reports DashbOard Quit Unity Company to ru 0912- 731-4 acepa 6c46- 2731- acep .337.0 -c978 ning 2d109 ing j _id" : . 0—011' 6c46- Mode Windows Server 2025 Datacenter Build 26100....
[keys] '%g' -> Tally 'TallyPrime:9000'
[shot] tds-687-P7b-goto (1024x768)
[19:06:33] [tds] screen tds-687-P7b-goto : EDU c Prime Unity Quit K: Company Y: Data Z: Exchange O: Import E: Export M: Share p: print Fl: Help x List of Re Its Saved Views Bills Payable - GST Bills Payable - GST - Sundry Creditors Bills Payable - GST - Sundry Debtors Bills Receivable - GST Bills Receivable - GST - Sundry Creditors Bills Receivable - GST - Sundry Debtors Purchase Dashboard Sales Dashboard IMS Inward Supplies - Filed Invoices Ledger Vouchers - GST Details Outstanding MSME Bills Common Reports Dashboard Balance Sheet Profit & Loss A/c Cash/Bank Book Day Book Ledger Vouchers Ledger Vouchers - GST Stock Summary Trial Balan...
[keys] 'Day Book' -> Tally 'TallyPrime:9000'
[keys] '{ENTER}' -> Tally 'TallyPrime:9000'
[shot] tds-688-P7b-daybook (1024x768)
[19:06:40] [tds] screen tds-688-P7b-daybook : EDU c Prime Da Book • Day Book K: Company Y: Data Particulars Z: Exchange A Add Vch Q Search FinCom • ke Co Vch Type Contra Payment Payment Receipt Receipt Receipt Receipt Journal Journal Journal Credit Note Sales Sales Sales Sales Purchase Purchase Purchase O: Import Vch No. 1 1 2 1 2 3 4 6 7 8 1 1 2 3 4 1 2 3 E: Export M: Share P: Print For 2-Oct-26 Fl: Help F2: Date b82e1 Company to ru Voucher Date 2-Oct-26 2-Oct-26 2-Oct-26 2-Oct-26 2-Oct-26 . 2-Oct-26 2-Oct-26 2-Oct-26 2-Oct-26 2-Oct-26 2-Oct-26 2-Oct-26 2-Oct-26 2-Oct-26 2-Oct-26 2-Oct-26 2-Oct-26 2-Oct-26 Quit Debit Amount Credit Amount...
[keys] '{F2}' -> Tally 'TallyPrime:9000'
[shot] tds-689-P7b-db-date (1024x768)
[19:06:43] [tds] screen tds-689-P7b-db-date : EDU c Prime Change Date Unity Quit K: Company Y: Data Z: Exchange A Accept Q Search O: Import E: Export M: Share p: print Fl: Help FinCom Spike Co Change Date 2-10-2026 b82e1 to ru 0912- 731-4 acepa 6c46- 2731- acep .337.0 -c978 ning 2d109 ing j _id" : . 0—011' 6c46- Mode Windows Server 2025 Datacenter Build 26100.ge_release240331-1435 7:06 PM 10/8/2026
[keys] '31-10-2026{ENTER}' -> Tally 'TallyPrime:9000'
[shot] tds-690-P7b-db-dated (1024x768)
[19:06:48] [tds] screen tds-690-P7b-db-dated : EDU c Prime Da Book • Day Book K: Company Y: Data Particulars Z: Exchange A Add Vch Q Search FinCom • ke Co Vch Type Sales DuÅicate Vch I Insert Vch O: Import Vch No. E: Export M: Share P: Print For 310ct-26 Fl: Help F2: Date b82e1 Company to ru Voucher Date 31-Oct-26 Unity Quit Share Party Debit Amount Credit Amount Inwards Qty_ Outwards Qt 150.00 Type F 7: Show profit F8: Columnar FIO Basis of Values Change ¯ View Exception Reports 0912- 731-4 acepa 6c46- 2731- acep .337.0 -c978 ning 2d109 ing j Enter: Alter Space: Sekd Delete 5 x: B: J: L: F: _id" : Save View Apply — Filter F: Filter ¯ Deta...
[keys] '{F4}' -> Tally 'TallyPrime:9000'
[shot] tds-691-P7b-db-type (1024x768)
[19:06:52] [tds] screen tds-691-P7b-db-type : Unity EDU c Prime Change Voucher Type Quit K: Company Y: Data Z: Exchange O: Import E: Export M: Share p: print Fl: Help FinCom • ke Co Name of VoucherType x Voucher T • All Items Attendance Contra Credit Note Debit Note Journal s Create Memorandum Payment Payroll Physical Stock Purchase Receipt Reversing Journal Sales Stock Journal Accept Q Search b82e1 to ru 0912- 731-4 acepa 6c46- 2731- acep .337.0 -c978 ning 2d109 ing j _id" : . 0—011' 6c46- Mode Windows Server 2025 Datacenter Build 26100.ge_release240331-1435 7:06 PM 10/8/2026
[keys] 'Sales{ENTER}' -> Tally 'TallyPrime:9000'
[shot] tds-692-P7b-db-typed (1024x768)
[19:06:56] [tds] screen tds-692-P7b-db-typed : EDU c Prime K: Company Y: Data Da Book • List of Sales Vouchers Z: Exchange A Add Vch Q Search FinCom • ke Co Vch Type Sales DuÅicate Vch I Insert Vch O: Import Vch No. 5 Total: E: Export M: Share P: Print For 310ct-26 Fl: Help F2: Date b82e1 Date 31-Oct-26 Unity Quit Particulars Share Party Debit Amount 150.00 150.00 Company to ru Voucher 0912- Type 731-4 acepa Enter: Alter Space: Sekd Delete x: Cancel Vch Credit Amount U: Restore Line F7: Show profit Columnar FIO B: Basis of = Values Change ¯ View Exception J: Reports Save View L: Apply F: — Filter F: Filter ¯ Details F 12: Configure 6c46- 2...
[keys] '{END}' -> Tally 'TallyPrime:9000'
[shot] tds-693-P7b-db-last (1024x768)
[19:07:00] [tds] screen tds-693-P7b-db-last : EDU c Prime K: Company Y: Data Da Book • List of Sales Vouchers Z: Exchange A Add Vch Q Search FinCom • ke Co Vch Type Sales DuÅicate Vch I Insert Vch O: Import Vch No. 5 Total: E: Export M: Share P: Print For 310ct-26 Fl: Help F2: Date b82e1 Date 31-Oct-26 Unity Quit Particulars Share Party Debit Amount 150.00 150.00 Company to ru Voucher 0912- Type 731-4 acepa Enter: Alter Space: Sekd Delete x: Cancel Vch Credit Amount U: Restore Line F7: Show profit Columnar FIO B: Basis of = Values Change ¯ View Exception J: Reports Save View L: Apply F: — Filter F: Filter ¯ Details F 12: Configure 6c46- 2...
[keys] '{HOME}' -> Tally 'TallyPrime:9000'
[shot] tds-694-P7b-first (1024x768)
[19:07:03] [tds] screen tds-694-P7b-first : EDU c Prime K: Company Y: Data Da Book • List of Sales Vouchers Z: Exchange A Add Vch Q Search FinCom • ke Co Vch Type Sales DuÅicate Vch I Insert Vch O: Import Vch No. 5 Total: E: Export M: Share P: Print For 310ct-26 Fl: Help F2: Date b82e1 Date 31-Oct-26 Unity Quit Particulars Share Party Debit Amount 150.00 150.00 Company to ru Voucher 0912- Type 731-4 acepa Enter: Alter Space: Sekd Delete x: Cancel Vch Credit Amount U: Restore Line F7: Show profit Columnar FIO B: Basis of = Values Change ¯ View Exception J: Reports Save View L: Apply F: — Filter F: Filter ¯ Details F 12: Configure 6c46- 2...
[keys] '{ENTER}' -> Tally 'TallyPrime:9000'
[shot] tds-695-P7b-open (1024x768)
[19:07:07] [tds] screen tds-695-P7b-open : EDU c Prime K: Company Y: Data Accounting VoucherAlteratioo( Z: Exchange 150.00 Dr A Accept Q Search O: Import E: Export M: Share FinCom • ke Co p: print 31-Oct-26 Saturday Credit 150.00 150.00 Fl: Help Date b82e1 03 - •Dr Cr Sales Particulars Share Party CurBal: 5,050.00 Dr New Ref SH-EI Share Sales CurBa1: 1,050.00 Cr Company to ru Debit 150.00 150.00 F4: Contra F5: Payment Receipt Journal F8: Sales 0912- 731-4 acepa 6c46- 2731- Purchase acep Fl 0: 0åHVouctg•s F: Autofill Change Mode More Details o: Related Reports Optional post -Dated .337.0 -c978 ning 2d109 ing j _id" : . 0—011' 6c46- Prov...
[shot] tds-696-P7b-open (1024x768)
[19:07:10] [tds] screen tds-696-P7b-open : EDU c Prime K: Company Y: Data Accounting VoucherAlteratioo( Z: Exchange 150.00 Dr A Accept Q Search O: Import E: Export M: Share FinCom • ke Co p: print 31-Oct-26 Saturday Credit 150.00 150.00 Fl: Help Date b82e1 03 - •Dr Cr Sales Particulars Share Party CurBal: 5,050.00 Dr New Ref SH-EI Share Sales CurBa1: 1,050.00 Cr Company to ru Debit 150.00 150.00 F4: Contra F5: Payment Receipt Journal F8: Sales 0912- 731-4 acepa 6c46- 2731- Purchase acep Fl 0: 0åHVouctg•s F: Autofill Change Mode More Details o: Related Reports Optional post -Dated .337.0 -c978 ning 2d109 ing j _id" : . 0—011' 6c46- Prov...
[shot] tds-697-P7b-open (1024x768)
[19:07:13] [tds] screen tds-697-P7b-open : EDU c Prime K: Company Y: Data Accounting VoucherAlteratioo( Z: Exchange 150.00 Dr A Accept Q Search O: Import E: Export M: Share FinCom • ke Co p: print El -Oct-26 Saturday Credit 150.00 150.00 Fl: Help Date b82e1 03 - •Dr Cr Sales Particulars Share Party CurBal: 5,050.00 Dr New Ref SH-EI Share Sales CurBa1: 1,050.00 Cr Company to ru Debit 150.00 150.00 F4: Contra F5: Payment Receipt Journal F8: Sales 0912- 731-4 acepa 6c46- 2731- Purchase acep Fl 0: 0åHVouctg•s F: Autofill Change Mode More Details o: Related Reports Optional post -Dated .337.0 -c978 ning 2d109 ing j _id" : . 0—011' 6c46- Pro...
[shot] tds-698-P7b-open (1024x768)
[19:07:16] [tds] screen tds-698-P7b-open : EDU c Prime K: Company Y: Data Accounting VoucherAlteratioo( Z: Exchange 150.00 Dr A Accept Q Search O: Import E: Export M: Share FinCom • ke Co p: print 31-Oct-26 Saturday Credit 150.00 150.00 Fl: Help Date b82e1 03 - •Dr Cr Sales Particulars Share Party CurBal: 5,050.00 Dr New Ref SH-EI Share Sales CurBa1: 1,050.00 Cr Company to ru Debit 150.00 150.00 F4: Contra F5: Payment Receipt Journal F8: Sales 0912- 731-4 acepa 6c46- 2731- Purchase acep Fl 0: 0åHVouctg•s F: Autofill Change Mode More Details o: Related Reports Optional post -Dated .337.0 -c978 ning 2d109 ing j _id" : . 0—011' 6c46- Prov...
[19:07:18] [tds] expected /Alteration/ after '{ENTER}' (P7b-open): not seen
[keys] '^a' -> Tally 'TallyPrime:9000'
[shot] tds-699-P7b-accept1 (1024x768)
[19:07:23] [tds] screen tds-699-P7b-accept1 : EDU c Prime K: Company Y: Data Da Book • List of Sales Vouchers Z: Exchange A Add Vch Q Search FinCom • ke Co Vch Type Sales DuÅicate Vch I Insert Vch O: Import Vch No. 5 Total: E: Export M: Share P: Print For 310ct-26 Fl: Help F2: Date b82e1 Date 31-Oct-26 Unity Quit Particulars Share Party Debit Amount 150.00 150.00 Company to ru Voucher 0912- Type 731-4 acepa Enter: Alter Space: Sekd Delete x: Cancel Vch Credit Amount U: Restore Line F7: Show profit Columnar FIO B: Basis of = Values Change ¯ View Exception J: Reports Save View L: Apply F: — Filter F: Filter ¯ Details F 12: Configure 6c46- 2...
[shot] tds-700-P7b-after1 (1024x768)
[19:07:24] [tds] screen tds-700-P7b-after1 : EDU c Prime K: Company Y: Data Da Book • List of Sales Vouchers Z: Exchange A Add Vch Q Search FinCom • ke Co Vch Type Sales DuÅicate Vch I Insert Vch O: Import Vch No. 5 Total: E: Export M: Share P: Print For 310ct-26 Fl: Help F2: Date b82e1 Date 31-Oct-26 Unity Quit Particulars Share Party Debit Amount 150.00 150.00 Company to ru Voucher 0912- Type 731-4 acepa Enter: Alter Space: Sekd Delete x: Cancel Vch Credit Amount U: Restore Line F7: Show profit Columnar FIO B: Basis of = Values Change ¯ View Exception J: Reports Save View L: Apply F: — Filter F: Filter ¯ Details F 12: Configure 6c46- 2...
[shot] tds-701-gw0 (1024x768)
[19:07:25] [tds] screen tds-701-gw0 : EDU c Prime K: Company Y: Data Da Book • List of Sales Vouchers Z: Exchange A Add Vch Q Search FinCom • ke Co Vch Type Sales DuÅicate Vch I Insert Vch O: Import Vch No. 5 Total: E: Export M: Share P: Print For 310ct-26 Fl: Help F2: Date b82e1 Date 31-Oct-26 Unity Quit Particulars Share Party Debit Amount 150.00 150.00 Company to ru Voucher 0912- Type 731-4 acepa Enter: Alter Space: Sekd Delete x: Cancel Vch Credit Amount U: Restore Line F7: Show profit Columnar FIO B: Basis of = Values Change ¯ View Exception J: Reports Save View L: Apply F: — Filter F: Filter ¯ Details F 12: Configure 6c46- 2...
[keys] '{ESC}' -> Tally 'TallyPrime:9000'
[shot] tds-702-gw1 (1024x768)
[19:07:29] [tds] screen tds-702-gw1 : EDU c Prime Gatewa of Tall CURRENT PERIOD K: Company Y: Data Z: Exchange CURRENT OATE Saturday, 31-Oct-2026 O: Import E: Export M: Share p: print Fl: Help Date b82e1 I-Apr-26 to 31-Mar-27 NAME OF COMPANY FinCom Spike Co Gateway of Tally MASTERS Create Alter CHart of Accounts TRANSACTIONS Vouchers Day 800K UTILITIES BaNking REPORTS Balance Sheet Profit & Loss A/c Stock Summary Ratio Analysis Display More Reports DashbOard Quit Unity Q 31-Oct-26 Search Company to ru 0912- 731-4 acepa 6c46- 2731- acep .337.0 -c978 ning 2d109 ing j _id" : . 0—011' 6c46- Mode Windows Server 2025 Datacenter Build 26...
  voucher mid=1 aid=1 Journal/1/20260401 guid=6a19ae25-8faa-41ba-b1a7-6062aa81a638-00000001 cancelled=False
  voucher mid=2 aid=2 Journal/2/20261001 guid=6a19ae25-8faa-41ba-b1a7-6062aa81a638-00000002 cancelled=False
  voucher mid=3 aid=3 Journal/3/20261001 guid=6a19ae25-8faa-41ba-b1a7-6062aa81a638-00000003 cancelled=False
  voucher mid=4 aid=4 Journal/4/20261001 guid=6a19ae25-8faa-41ba-b1a7-6062aa81a638-00000004 cancelled=False
  voucher mid=5 aid=5 Journal/5/20261001 guid=6a19ae25-8faa-41ba-b1a7-6062aa81a638-00000005 cancelled=False
  voucher mid=6 aid=29 Payroll/1/20261001 guid=6a19ae25-8faa-41ba-b1a7-6062aa81a638-00000006 cancelled=False
  voucher mid=24 aid=27 Payroll/2/20261001 guid=6a19ae25-8faa-41ba-b1a7-6062aa81a638-00000018 cancelled=False
  voucher mid=26 aid=31 Receipt/1/20261002 guid=6a19ae25-8faa-41ba-b1a7-6062aa81a638-0000001a cancelled=False
  voucher mid=25 aid=30 Receipt/2/20261002 guid=6a19ae25-8faa-41ba-b1a7-6062aa81a638-00000019 cancelled=False
  voucher mid=8 aid=24 Receipt/3/20261002 guid=6a19ae25-8faa-41ba-b1a7-6062aa81a638-00000008 cancelled=False
  voucher mid=9 aid=9 Payment/1/20261002 guid=6a19ae25-8faa-41ba-b1a7-6062aa81a638-00000009 cancelled=False
  voucher mid=10 aid=10 Payment/2/20261002 guid=6a19ae25-8faa-41ba-b1a7-6062aa81a638-0000000a cancelled=False
  voucher mid=11 aid=11 Contra/1/20261002 guid=6a19ae25-8faa-41ba-b1a7-6062aa81a638-0000000b cancelled=False
  voucher mid=12 aid=12 Journal/6/20261002 guid=6a19ae25-8faa-41ba-b1a7-6062aa81a638-0000000c cancelled=False
  voucher mid=13 aid=13 Journal/7/20261002 guid=6a19ae25-8faa-41ba-b1a7-6062aa81a638-0000000d cancelled=False
  voucher mid=14 aid=25 Sales/1/20261002 guid=6a19ae25-8faa-41ba-b1a7-6062aa81a638-0000000e cancelled=False
  voucher mid=15 aid=15 Sales/2/20261002 guid=6a19ae25-8faa-41ba-b1a7-6062aa81a638-0000000f cancelled=False
  voucher mid=16 aid=16 Sales/3/20261002 guid=6a19ae25-8faa-41ba-b1a7-6062aa81a638-00000010 cancelled=False
  voucher mid=17 aid=17 Purchase/1/20261002 guid=6a19ae25-8faa-41ba-b1a7-6062aa81a638-00000011 cancelled=False
  voucher mid=18 aid=18 Purchase/2/20261002 guid=6a19ae25-8faa-41ba-b1a7-6062aa81a638-00000012 cancelled=False
  voucher mid=19 aid=19 Sales/4/20261002 guid=6a19ae25-8faa-41ba-b1a7-6062aa81a638-00000013 cancelled=False
  voucher mid=20 aid=20 Purchase/3/20261002 guid=6a19ae25-8faa-41ba-b1a7-6062aa81a638-00000014 cancelled=False
  voucher mid=21 aid=21 Credit Note/1/20261002 guid=6a19ae25-8faa-41ba-b1a7-6062aa81a638-00000015 cancelled=False
  voucher mid=22 aid=22 Journal/8/20261002 guid=6a19ae25-8faa-41ba-b1a7-6062aa81a638-00000016 cancelled=False
  voucher mid=23 aid=23 Receipt/4/20261002 guid=6a19ae25-8faa-41ba-b1a7-6062aa81a638-00000017 cancelled=False
  voucher mid=27 aid=35 Sales/5/20261031 guid=6a19ae25-8faa-41ba-b1a7-6062aa81a638-0000001b cancelled=False
  INFO share einvoice-save (alteration: the e-invoice (IRN and e-way bill set by a tool) saved again on its form): Tally Sales 5 mid 27; stored party 'Share Party' bills [New Ref]; the line party 'Share Party' bills [New Ref]; lines voucher_accept_post x1, voucher_accept_pre x1, voucher_full x1
######## FAIL P7b IRN and e-way bill in the full line of the form save: the line: irn 'IRN-SHARE-0001' irnack 'ACK-SHARE-1' irnackdt '31-Oct-26' ewb ''; Tally after the save (AlterID 35): 'IRN-SHARE-0001' / 'ACK-SHARE-1' / '20261031' / '381101234299' (P7a's alteration took); lines 3
  INFO share: 23 of 23 cases made by keys: receipt-agst=mid 7; receipt-plain=mid 8; payment-agst=mid 9; payment-expense=mid 10; contra=mid 11; journal-party=mid 12; journal-plain=mid 13; sales-new=mid 14; copy-sales-new=mid 15; sales-new2=mid 16; purchase-new=mid 17; purchase-new2=mid 18; sales-agst=mid 19; purchase-agst=mid 20; credit-note=mid 21; copy-journal-party=mid 22; copy-receipt-plain=mid 23; alter-receipt-plain=mid 8; alter-sales-new=mid 14; alter-receipt-agst=mid 7; copy-payroll=mid 24; alter-payroll=mid 6; einvoice-save=mid 27
