[07:59:35] ---- c1 install and open the company (TallyPrime 3.0)
  INFO installed: C:\Program Files\TallyPrime\tally.exe; tally.exe 11457160 bytes, 2026-10-08, FileVersion 1.1.3.0, ProductVersion 1.1.3.0, ProductName TallyPrime
  INFO company folder made by flow.ps1: D:\a\_temp\TallyData\100000
[keys] 'a' -> Tally 'TallyPrime:9000'
[keys] 't' -> Tally 'TallyPrime:9000'
[shot] v-00-started (1024x768)
[companies] 8 ms: <ENVELOPE><HEADER><VERSION>1</VERSION><STATUS>1</STATUS></HEADER><BODY><DESC><CMPINFO><COMPANY>0</COMPANY><GROUP>0</GROUP><LEDGER>0</LEDGER><COSTCATEGORY>0</COSTCATEGORY><COSTCENTRE>0</COSTCENTRE><GODOWN>0</GODOWN><STOCKGROUP>0</STOCKGROUP><STOCKCATEGORY>0</STOCKCATEGORY><STOCKITEM>0</STOCKITEM><VOUCHERTYPE>0</VOUCHERTYPE><CURRENCY>0</CURRENCY><UNIT>0</UNIT><BUDGET>0</BUDGET><CLIENTRULE>0</CLIENTRULE><SERVERRULE>0</SERVERRULE><STATE>0</STATE><TDSRATE>0</TDSRATE><TAXCLASSIFICATION>0</TAXCLASSIFICATION><STCATEGORY>0</STCATEGORY><DEDUCTEETYPE>0</DEDUCTEETYPE><ATTENDANCETYPE>0</ATTENDANCETYPE><FBT...
[header] 7 ms: <ENVELOPE><HEADER><VERSION>1</VERSION><STATUS>1</STATUS><PRODMAJORVER>1</PRODMAJORVER><PRODMINORVER>1</PRODMINORVER><PRODMAJORREL>3</PRODMAJORREL><PRODMINORREL>0</PRODMINORREL><PRODTYPE>5</PRODTYPE></HEADER><BODY><DESC><CMPINFO><COMPANY>0</COMPANY><GROUP>0</GROUP><LEDGER>0</LEDGER><COSTCATEGORY>0</COSTCATEGORY><COSTCENTRE>0</COSTCENTRE><GODOWN>0</GODOWN><STOCKGROUP>0</STOCKGROUP><STOCKCATEGORY>0</STOCKCATEGORY><STOCKITEM>0</STOCKITEM><VOUCHERTYPE>0</VOUCHERTYPE><CURRENCY>0</CURRENCY><UNIT>0</UNIT><BUDGET>0</BUDGET><CLIENTRULE>0</CLIENTRULE><SERVERRULE>0</SERVERRULE><STATE>0</STATE><TDSRATE>0</...
  INFO Tally's own release in its answer header: PRODMAJORREL 3 PRODMINORREL 0 (PRODMAJORVER 1 PRODMINORVER 1 PRODTYPE 5)
######## PASS c1 install and open the company: installed tally.exe 11457160 bytes, 2026-10-08, FileVersion 1.1.3.0, ProductVersion 1.1.3.0, ProductName TallyPrime; company folder 100000 loaded at start: True; window 'TallyPrime:9000'
######## PASS c2 port and company list: port 9000 answered 10.1 s after start, GET 18 ms ('<RESPONSE>TallyPrime Server is Running</RESPONSE>'); company list 8 ms, 'FinCom Spike Co' in it: True
[08:00:08] ---- hang3: the share session, the published requests after every step
[08:00:08] ---- hang: the hanging request of run 37729166801, one thing varied at a time, each probe in a fresh Tally
[08:00:08] ---- share: the full line against the stored entry, per kind, typed on the screen
[share masters] 39 ms: <RESPONSE><CREATED>9</CREATED><ALTERED>0</ALTERED><DELETED>0</DELETED><LASTVCHID>0</LASTVCHID><LASTMID>0</LASTMID><COMBINED>0</COMBINED><IGNORED>0</IGNORED><ERRORS>0</ERRORS><CANCELLED>0</CANCELLED></RESPONSE>
  INFO share masters: <CREATED>9</CREATED> <ALTERED>0</ALTERED> <DELETED>0</DELETED> <LASTVCHID>0</LASTVCHID> <LASTMID>0</LASTMID> <COMBINED>0</COMBINED> <IGNORED>0</IGNORED> <ERRORS>0</ERRORS>
[share bills] 50 ms: <RESPONSE><CREATED>4</CREATED><ALTERED>0</ALTERED><DELETED>0</DELETED><LASTVCHID>5</LASTVCHID><LASTMID>0</LASTMID><COMBINED>0</COMBINED><IGNORED>0</IGNORED><ERRORS>0</ERRORS><CANCELLED>0</CANCELLED></RESPONSE>
  INFO share bills to settle (SB-1, PB-1, ADVS-1, ADVP-1): <CREATED>4</CREATED> <ALTERED>0</ALTERED> <DELETED>0</DELETED> <LASTVCHID>5</LASTVCHID> <LASTMID>0</LASTMID> <COMBINED>0</COMBINED> <IGNORED>0</IGNORED> <ERRORS>0</ERRORS>
[share company cost centres] 13 ms: <RESPONSE><CREATED>0</CREATED><ALTERED>1</ALTERED><DELETED>0</DELETED><LASTVCHID>0</LASTVCHID><LASTMID>0</LASTMID><COMBINED>0</COMBINED><IGNORED>0</IGNORED><ERRORS>0</ERRORS><CANCELLED>0</CANCELLED></RESPONSE>
[share payroll masters] 35 ms: <RESPONSE><CREATED>9</CREATED><ALTERED>0</ALTERED><DELETED>0</DELETED><LASTVCHID>0</LASTVCHID><LASTMID>0</LASTMID><COMBINED>0</COMBINED><IGNORED>0</IGNORED><ERRORS>0</ERRORS><CANCELLED>0</CANCELLED></RESPONSE>
[share payroll template] 19 ms: <RESPONSE><CREATED>1</CREATED><ALTERED>0</ALTERED><DELETED>0</DELETED><LASTVCHID>6</LASTVCHID><LASTMID>0</LASTMID><COMBINED>0</COMBINED><IGNORED>0</IGNORED><ERRORS>0</ERRORS><CANCELLED>0</CANCELLED></RESPONSE>
  INFO share payroll masters and template: <CREATED>9</CREATED> / <CREATED>1</CREATED> <ALTERED>0</ALTERED> <DELETED>0</DELETED> <LASTVCHID>6</LASTVCHID> <LASTMID>0</LASTMID> <COMBINED>0</COMBINED> <IGNORED>0</IGNORED> <ERRORS>0</ERRORS>
[hang3 xml invoice] 45 ms: <RESPONSE><CREATED>1</CREATED><ALTERED>0</ALTERED><DELETED>0</DELETED><LASTVCHID>7</LASTVCHID><LASTMID>0</LASTMID><COMBINED>0</COMBINED><IGNORED>0</IGNORED><ERRORS>0</ERRORS><CANCELLED>0</CANCELLED></RESPONSE>
  voucher mid=1 aid=1 Journal/1/20260401 guid=54bedff5-92fe-437d-85c8-74d1712959f4-00000001 cancelled=False
  voucher mid=2 aid=2 Journal/2/20261001 guid=54bedff5-92fe-437d-85c8-74d1712959f4-00000002 cancelled=False
  voucher mid=3 aid=3 Journal/3/20261001 guid=54bedff5-92fe-437d-85c8-74d1712959f4-00000003 cancelled=False
  voucher mid=4 aid=4 Journal/4/20261001 guid=54bedff5-92fe-437d-85c8-74d1712959f4-00000004 cancelled=False
  voucher mid=5 aid=5 Journal/5/20261001 guid=54bedff5-92fe-437d-85c8-74d1712959f4-00000005 cancelled=False
  voucher mid=6 aid=6 Payroll/1/20261001 guid=54bedff5-92fe-437d-85c8-74d1712959f4-00000006 cancelled=False
  voucher mid=7 aid=7 Sales/1/20261002 guid=54bedff5-92fe-437d-85c8-74d1712959f4-00000007 cancelled=False
  INFO hang3: the XML invoice MasterID 7, Sales 1 of 20261002
######## ANSWERED hang3 step 1 masters: after masters: 2.3.4 object answered (12 ms, the entry in it); 2.3.3 by master answered (28 ms, the entry in it); Tally answers after: True; started again: ; 2.3.3 after the restart: 
[08:00:09] ---- share receipt-agst: receipt from a party against its bill (Agst Ref SB-1)
  voucher mid=1 aid=1 Journal/1/20260401 guid=54bedff5-92fe-437d-85c8-74d1712959f4-00000001 cancelled=False
  voucher mid=2 aid=2 Journal/2/20261001 guid=54bedff5-92fe-437d-85c8-74d1712959f4-00000002 cancelled=False
  voucher mid=3 aid=3 Journal/3/20261001 guid=54bedff5-92fe-437d-85c8-74d1712959f4-00000003 cancelled=False
  voucher mid=4 aid=4 Journal/4/20261001 guid=54bedff5-92fe-437d-85c8-74d1712959f4-00000004 cancelled=False
  voucher mid=5 aid=5 Journal/5/20261001 guid=54bedff5-92fe-437d-85c8-74d1712959f4-00000005 cancelled=False
  voucher mid=6 aid=6 Payroll/1/20261001 guid=54bedff5-92fe-437d-85c8-74d1712959f4-00000006 cancelled=False
  voucher mid=7 aid=7 Sales/1/20261002 guid=54bedff5-92fe-437d-85c8-74d1712959f4-00000007 cancelled=False
[shot] tds-001-gw0 (1024x768)
[08:00:12] [tds] screen tds-001-gw0 : TallyPrime MANAGE EDU K: Company Gatewa of Tall CURRENT PERIOD I-Apr-26 to 31-Mar-27 NAME OF COMPANY FinCom Spike Co Y: Data Z: Exchange CURRENT OATE Wednesday, I-Apr-2026 O: Import E: Export M: E-mail p: pnnt x Fl: Help Date Company Gateway of Tally MASTERS Create Alter CHart of Accounts TRANSACTIONS Vouchers Day 800K UTILITIES BaNking REPORTS Balance Sheet Profit & Loss A/c Stock Summary Ratio Analysis Display More Reports Quit Unity o Obd58 to ru 47b3- 0937- acep afec— 0937- acep .337. 3—ecb ening 'db3e4 ing j _id" : 3-011' ' , "orc fec—c Mode Q I-Oct-26 Search Windows Server 2025 Datacente...
[shot] tds-002-R1-start (1024x768)
[08:00:13] [tds] screen tds-002-R1-start : TallyPrime MANAGE EDU K: Company Gatewa of Tall CURRENT PERIOD I-Apr-26 to 31-Mar-27 NAME OF COMPANY FinCom Spike Co Y: Data Z: Exchange CURRENT OATE Wednesday, I-Apr-2026 O: Import E: Export M: E-mail p: pnnt x Fl: Help Date Company Gateway of Tally MASTERS Create Alter CHart of Accounts TRANSACTIONS Vouchers Day 800K UTILITIES BaNking REPORTS Balance Sheet Profit & Loss A/c Stock Summary Ratio Analysis Display More Reports Quit Unity o Obd58 to ru 47b3- 0937- acep afec— 0937- acep .337. 3—ecb ening 'db3e4 ing j _id" : 3-011' ' , "orc fec—c Mode Q I-Oct-26 Search Windows Server 2025 Datacente...
[keys] 'v' -> Tally 'TallyPrime:9000'
[shot] tds-003-R1-vouchers (1024x768)
[08:00:17] [tds] screen tds-003-R1-vouchers : x TallyPrime MANAGE EDU K: Company Y: Data Z: Exchange A Accept Q Search O: Import E: Export M: E-mail Accounting Voucher Creation 58 Pa ment No. 1 • Account Current balance: Particulars Narration: Unity Quit FinCom • ke Co p: print upr-26 Wednesday Amount Fl: Help Q: Date Company Ed: Contra F-5: Payment Receipt Journal Sales o Obd58 to ru 47b3- 0937- acep afec— Purchase 0937- Fl O: OåuVooctgs E: Autofill Change Mode More Details O: Related ¯ Repons Optional post -Dated J: Stat acep .337. 3—ecb ening 'db3e4 ing j _id" : 3-011' ' , "orc fec—c D: Delete x: Cancel Vch Adjustment El 2: Configure M...
[keys] '{F6}' -> Tally 'TallyPrime:9000'
[shot] tds-004-R1-type (1024x768)
[08:00:21] [tds] screen tds-004-R1-type : x TallyPrime MANAGE EDU K: Company Y: Data Z: Exchange A Accept Q Search O: Import E: Export M: E-mail Accounting Voucher Creation 58 Recei t • Account Current balance: Particulars Narration: Unity Quit FinCom • ke Co p: print x upr-26 Wednesday Amount Fl: Help Q: Date Company Ed: Contra Payment F-6: Receipt Journal Sales o Obd58 to ru 47b3- 0937- acep afec— Purchase 0937- Fl O: OåuVooctgs E: Autofill Change Mode More Details O: Related ¯ Repons Optional post -Dated J: Stat acep .337. 3—ecb ening 'db3e4 ing j _id" : 3-011' ' , "orc fec—c D: Delete x: Cancel Vch Adjustment El 2: Configure Mode ...
[keys] '{F2}' -> Tally 'TallyPrime:9000'
[shot] tds-005-R1-date-box (1024x768)
[08:00:24] [tds] screen tds-005-R1-date-box : TallyPrime MANAGE EDU K: Company Change Voucher Date Unity Quit Y: Data Z: Exchange A Accept Q Search O: Import E: Export M: E-mail p: pnnt x Fl: Help FinCom Spike Co Voucher Date 24-2026 o Obd58 to ru 47b3- 0937- acep afec— 0937- acep .337. 3—ecb ening 'db3e4 ing j _id" : 3-011' ' , "orc fec—c Mode Windows Server 2025 Datacenter Build 26100.ge_release240331-1435 8:00 AM 10/8/2026
[keys] '2-10-2026{ENTER}' -> Tally 'TallyPrime:9000'
[shot] tds-006-R1-date (1024x768)
[08:00:28] [tds] screen tds-006-R1-date : x TallyPrime MANAGE EDU K: Company Y: Data Z: Exchange A Accept Q Search O: Import E: Export M: E-mail Accounting Voucher Creation 58 Recei t • Account Current balance: Particulars Narration: Unity Quit FinCom • ke Co p: print x 2-Oct-26 Friday Amount Fl: Help Q: Date Company Ed: Contra Payment F-6: Receipt Journal Sales o Obd58 to ru 47b3- 0937- acep afec— Purchase 0937- Fl O: OåuVooctgs E: Autofill Change Mode More Details O: Related ¯ Repons Optional post -Dated J: Stat acep .337. 3—ecb ening 'db3e4 ing j _id" : 3-011' ' , "orc fec—c D: Delete x: Cancel Vch Adjustment El 2: Configure Mode W...
[keys] 'Cash{ENTER}' -> Tally 'TallyPrime:9000'
[shot] tds-007-R1-account (1024x768)
[08:00:32] [tds] screen tds-007-R1-account : x TallyPrime MANAGE EDU K: Company Y: Data Z: Exchange A Accept Q Search O: Import E: Export M: E-mail Accounting Voucher Creation 58 Recei t • Account Cash Current balance: 0.00 Dr Particulars Narration: Unity Quit FinCom • ke Co p: print x 2-Oct-26 Friday Amount Fl: Help Q: Date Company Ed: Contra Payment F-6: Receipt Journal Sales o Obd58 to ru 47b3- 0937- acep afec— Purchase 0937- Fl O: OåuVooctgs E: Autofill Change Mode More Details O: Related ¯ Repons Optional post -Dated J: Stat acep .337. 3—ecb ening 'db3e4 ing j _id" : 3-011' ' , "orc fec—c D: Delete x: Cancel Vch Adjustment El 2: Con...
[shot] tds-008-R1-acc-sub1 (1024x768)
[08:00:32] [tds] screen tds-008-R1-acc-sub1 : x TallyPrime MANAGE EDU K: Company Y: Data Z: Exchange A Accept Q Search O: Import E: Export M: E-mail Accounting Voucher Creation 58 Recei t • Account Cash Current balance: 0.00 Dr Particulars Narration: Unity Quit FinCom • ke Co p: print x 2-Oct-26 Friday Amount Fl: Help Q: Date Company Ed: Contra Payment F-6: Receipt Journal Sales o Obd58 to ru 47b3- 0937- acep afec— Purchase 0937- Fl O: OåuVooctgs E: Autofill Change Mode More Details O: Related ¯ Repons Optional post -Dated J: Stat acep .337. 3—ecb ening 'db3e4 ing j _id" : 3-011' ' , "orc fec—c D: Delete x: Cancel Vch Adjustment El 2: Con...
[keys] 'Share Party{ENTER}' -> Tally 'TallyPrime:9000'
[shot] tds-009-R1-row1 (1024x768)
[08:00:36] [tds] screen tds-009-R1-row1 : x TallyPrime MANAGE EDU K: Company Accounting Voucher Creation 58 Recei t • Account Cash Current balance: 0.00 Dr Y: Data Z: Exchange A Accept Q Search O: Import E: Export M: E-mail FinCom • ke Co p: print x 2-Oct-26 Friday Amount Fl: Help Q: Date Company Ed: Contra Payment F-6: Receipt Journal Sales o Obd58 to ru 47b3- 0937- acep afec— Particulars Share Party Cur Bar 4, . 150.00 Narration: Quit Purchase 0937- Fl O: OåuVooctgs E: Autofill Change Mode More Details O: Related ¯ Repons Optional post -Dated J: Stat acep .337. 3—ecb ening 'db3e4 ing j _id" : 3-011' ' , "orc fec—c Unity D: Delete x:...
[shot] tds-010-R1-row1-a-sub1 (1024x768)
[08:00:37] [tds] screen tds-010-R1-row1-a-sub1 : x TallyPrime MANAGE EDU K: Company Accounting Voucher Creation 58 Recei t • Account Cash Current balance: 0.00 Dr Y: Data Z: Exchange A Accept Q Search O: Import E: Export M: E-mail FinCom • ke Co p: print x 2-Oct-26 Friday Amount Fl: Help Q: Date Company Ed: Contra Payment F-6: Receipt Journal Sales o Obd58 to ru 47b3- 0937- acep afec— Particulars Share Party Cur Bar 4, . 150.00 Narration: Quit Purchase 0937- Fl O: OåuVooctgs E: Autofill Change Mode More Details O: Related ¯ Repons Optional post -Dated J: Stat acep .337. 3—ecb ening 'db3e4 ing j _id" : 3-011' ' , "orc fec—c Unity D: Delete x:...
[keys] '500{ENTER}' -> Tally 'TallyPrime:9000'
[shot] tds-011-R1-row1-amt (1024x768)
[08:00:41] [tds] screen tds-011-R1-row1-amt : x TallyPrime MANAGE EDU K: Company Bill-wise Details Quit Y: Data Type of Ref St Ref Z: Exchange FinCom Spike Co Bill-wise Details for : Share Party Up to: 500.00 cr O: Import Amount E: Export M: E-mail p: pnnt Fl: Help x Name Method of Ad Advance Agst Ref New Ref On Account Accept Q Search Due Date, or Credit Days 20ct-26) Unity o Obd58 to ru 47b3- 0937- acep afec— 0937- acep .337. 3—ecb ening 'db3e4 ing j _id" : 3-011' ' , "orc fec—c Mode Windows Server 2025 Datacenter Build 26100.ge_release240331-1435 8:00 AM 10/8/2026
[shot] tds-012-R1-row1-bills1 (1024x768)
[08:00:42] [tds] screen tds-012-R1-row1-bills1 : x TallyPrime MANAGE EDU K: Company Bill-wise Details Quit Y: Data Type of Ref St Ref Z: Exchange FinCom Spike Co Bill-wise Details for : Share Party Up to: 500.00 cr O: Import Amount E: Export M: E-mail p: pnnt Fl: Help x Name Method of Ad Advance Agst Ref New Ref On Account Accept Q Search Due Date, or Credit Days 20ct-26) Unity o Obd58 to ru 47b3- 0937- acep afec— 0937- acep .337. 3—ecb ening 'db3e4 ing j _id" : 3-011' ' , "orc fec—c Mode Windows Server 2025 Datacenter Build 26100.ge_release240331-1435 8:00 AM 10/8/2026
[keys] 'Agst Ref{ENTER}' -> Tally 'TallyPrime:9000'
[shot] tds-013-R1-row1-reftype (1024x768)
[08:00:46] [tds] screen tds-013-R1-row1-reftype : x TallyPrime MANAGE EDU K: Company Bill-wise Details Quit Y: Data Type of Ref Agst Ref Z: Exchange FinCom Spike Co Bill-wise Details for : Share Party Up to: 500.00 cr O: Import Amount Date I-Oct-26 I-Oct-26 2-Oct-26 E: Export M: E-mail p: pnnt Fl: Help x Name Due Date, or Pendin Bills Name ADVS-I Sd-I SH-EI Balance 1,000.00 cr 5,000.00 Dr 150.00 Dr Final Balance 1,000.00 cr 5,000.00 Dr 150.00 Dr Unity o Obd58 to ru 47b3- 0937- acep afec— 0937- acep .337. 3—ecb ening 'db3e4 ing j _id" : 3-011' ' , "orc fec—c Mode Accept Q Search Windows Server 2025 Datacenter Build 26100.ge_release240331-1435 ...
[keys] 'SB-1{ENTER}' -> Tally 'TallyPrime:9000'
[shot] tds-014-R1-row1-refname (1024x768)
[08:00:49] [tds] screen tds-014-R1-row1-refname : x TallyPrime MANAGE EDU K: Company Bill-wise Details Quit Y: Data Type of Ref Agst Ref Z: Exchange O: Import E: Export M: E-mail p: pnnt Fl: Help x FinCom Spike Co Bill-wise Details for : Share Party Up to: 500.00 cr Name SB_I Accept Q Search Due Date, or Credit Days (wef 20ct-26) Amount Eoo.oo cr 500.00 cr Unity o Obd58 to ru 47b3- 0937- acep afec— 0937- acep .337. 3—ecb ening 'db3e4 ing j _id" : 3-011' ' , "orc fec—c Mode Windows Server 2025 Datacenter Build 26100.ge_release240331-1435 8:00 AM 10/8/2026
[keys] '{ENTER}' -> Tally 'TallyPrime:9000'
[shot] tds-015-R1-row1-refamount (1024x768)
[08:00:53] [tds] screen tds-015-R1-row1-refamount : x TallyPrime MANAGE EDU K: Company Bill-wise Details Quit Y: Data Type of Ref Agst Ref Z: Exchange O: Import E: Export M: E-mail p: pnnt Fl: Help x FinCom Spike Co Bill-wise Details for : Share Party Up to: 500.00 cr Name SB_I Accept Q Search Due Date, or Credit Days (wef 20ct-26) Amount 500.00 er 500.00 cr Unity o Obd58 to ru 47b3- 0937- acep afec— 0937- acep .337. 3—ecb ening 'db3e4 ing j _id" : 3-011' ' , "orc fec—c Mode Windows Server 2025 Datacenter Build 26100.ge_release240331-1435 8:00 AM 10/8/2026
[shot] tds-016-R1-row1-bills2 (1024x768)
[08:00:54] [tds] screen tds-016-R1-row1-bills2 : x TallyPrime MANAGE EDU K: Company Bill-wise Details Quit Y: Data Type of Ref Agst Ref Z: Exchange O: Import E: Export M: E-mail p: pnnt Fl: Help x FinCom Spike Co Bill-wise Details for : Share Party Up to: 500.00 cr Name SB_I Accept Q Search Due Date, or Credit Days (wef 20ct-26) Amount 500.00 er 500.00 cr Unity o Obd58 to ru 47b3- 0937- acep afec— 0937- acep .337. 3—ecb ening 'db3e4 ing j _id" : 3-011' ' , "orc fec—c Mode Windows Server 2025 Datacenter Build 26100.ge_release240331-1435 8:00 AM 10/8/2026
[keys] '^a' -> Tally 'TallyPrime:9000'
[shot] tds-017-R1-row1-bills-accept (1024x768)
[08:00:58] [tds] screen tds-017-R1-row1-bills-accept : x TallyPrime MANAGE EDU K: Company Accounting Voucher Creation 58 Recei t • Account Cash Current balance: 500.00 Dr Particulars Share Party Y: Data Z: Exchange 500.00 Cr A Accept Q Search O: Import E: Export M: E-mail FinCom • ke Co p: print x 2-Oct-26 Friday Amount 500.00 500.00 Fl: Help Q: Date Company Ed: Contra Payment F-6: Receipt : Journal Sales o Obd58 to ru 47b3- 0937- acep afec— CurBal: 3,650.00 Dr Agst Ref SB-I Narration: Quit Purchase 0937- Fl O: OåuVooctgs E: Autofill Change Mode More Details O: Related ¯ Repons Optional post -Dated J: Stat acep .337. 3—ecb ening 'db3e4 ing j _id" ...
[shot] tds-018-R1-row1-bills3 (1024x768)
[08:00:58] [tds] screen tds-018-R1-row1-bills3 : x TallyPrime MANAGE EDU K: Company Accounting Voucher Creation 58 Recei t • Account Cash Current balance: 500.00 Dr Particulars Share Party Y: Data Z: Exchange 500.00 Cr A Accept Q Search O: Import E: Export M: E-mail FinCom • ke Co p: print x 2-Oct-26 Friday Amount 500.00 500.00 Fl: Help Q: Date Company Ed: Contra Payment F-6: Receipt : Journal Sales o Obd58 to ru 47b3- 0937- acep afec— CurBal: 3,650.00 Dr Agst Ref SB-I Narration: Quit Purchase 0937- Fl O: OåuVooctgs E: Autofill Change Mode More Details O: Related ¯ Repons Optional post -Dated J: Stat acep .337. 3—ecb ening 'db3e4 ing j _id" ...
[shot] tds-019-R1-row1-b-sub1 (1024x768)
[08:00:59] [tds] screen tds-019-R1-row1-b-sub1 : x TallyPrime MANAGE EDU K: Company Accounting Voucher Creation 58 Recei t • Account Cash Current balance: 500.00 Dr Particulars Share Party Y: Data Z: Exchange 500.00 Cr A Accept Q Search O: Import E: Export M: E-mail FinCom • ke Co p: print x 2-Oct-26 Friday Amount 500.00 500.00 Fl: Help Q: Date Company Ed: Contra Payment F-6: Receipt : Journal Sales o Obd58 to ru 47b3- 0937- acep afec— CurBal: 3,650.00 Dr Agst Ref SB-I Narration: Quit Purchase 0937- Fl O: OåuVooctgs E: Autofill Change Mode More Details O: Related ¯ Repons Optional post -Dated J: Stat acep .337. 3—ecb ening 'db3e4 ing j _id" ...
[keys] '{ENTER}' -> Tally 'TallyPrime:9000'
[shot] tds-020-R1-rows-done (1024x768)
[08:01:03] [tds] screen tds-020-R1-rows-done : x TallyPrime MANAGE EDU K: Company Accounting Voucher Creation 58 Recei t • Account Cash Current balance: 500.00 Dr Particulars Share Party Y: Data Z: Exchange 500.00 Cr Accept Q Search O: Import E: Export M: E-mail FinCom • ke Co p: print x 2-Oct-26 Friday Amount 500.00 500.00 Fl: Help Q: Date Company Ed: Contra Payment F-6: Receipt : Journal Sales o Obd58 to ru 47b3- 0937- acep afec— CurBal: 3,650.00 Dr Agst Ref SB-I Narration: Quit Purchase 0937- Fl O: OåuVooctgs E: Autofill Change Mode More Details O: Related ¯ Repons Optional post -Dated J: Stat acep .337. 3—ecb ening 'db3e4 ing j _id" : ...
[shot] tds-021-R1-done-sub1 (1024x768)
[08:01:04] [tds] screen tds-021-R1-done-sub1 : x TallyPrime MANAGE EDU K: Company Accounting Voucher Creation 58 Recei t • Account Cash Current balance: 500.00 Dr Particulars Share Party Y: Data Z: Exchange 500.00 Cr Accept Q Search O: Import E: Export M: E-mail FinCom • ke Co p: print x 2-Oct-26 Friday Amount 500.00 500.00 Fl: Help Q: Date Company Ed: Contra Payment F-6: Receipt : Journal Sales o Obd58 to ru 47b3- 0937- acep afec— CurBal: 3,650.00 Dr Agst Ref SB-I Narration: Quit Purchase 0937- Fl O: OåuVooctgs E: Autofill Change Mode More Details O: Related ¯ Repons Optional post -Dated J: Stat acep .337. 3—ecb ening 'db3e4 ing j _id" : ...
[keys] 'share receipt agst{ENTER}' -> Tally 'TallyPrime:9000'
[shot] tds-022-R1-narr (1024x768)
[08:01:08] [tds] screen tds-022-R1-narr : TallyPrime MANAGE EDU K: Company Accounting Voucher Creation 58 Recei t • Account Cash Current balance: 500.00 Dr Particulars Share Party Y: Data Z: Exchange 500.00 Cr A: Accept Q Search O: Import E: Export M: E-mail FinCom CurBal: 3,650.00 Dr Agst Ref SB-I Narration: share receipt agst Q: Quit p: print x 2-Oct-26 Friday Amount 500.00 500.00 Accept Q Yes or No x Fl: Help F-2: Date F-3: Company F-4: Contra F-5: Payment F-6: Receipt F-7: Journal F-9: Purchase PIO: E: Autofill H: Change = Mode I: More - Details O: Related ¯ Repons L: Optional T: post = -Dated J: Stat o Obd58 to ru 47b3- 0937- ace...
[keys] '^a' -> Tally 'TallyPrime:9000'
[shot] tds-023-R1-accept1 (1024x768)
[08:01:12] [tds] screen tds-023-R1-accept1 : x TallyPrime MANAGE EDU K: Company Y: Data Z: Exchange A Accept Q Search O: Import E: Export M: E-mail Accounting Voucher Creation 58 Recei t No. 2 • Account Current balance: Particulars Narration: Unity Quit FinCom • ke Co p: print x 2-Oct-26 Friday Amount Fl: Help Q: Date Company Ed: Contra Payment F-6: Receipt Journal Sales o Obd58 to ru 47b3- 0937- acep afec— Purchase 0937- Fl O: OåuVooctgs E: Autofill Change Mode More Details O: Related ¯ Repons Optional post -Dated J: Stat acep .337. 3—ecb ening 'db3e4 ing j _id" : 3-011' ' , "orc fec—c D: Delete x: Cancel Vch Adjustment El 2: Configure ...
[shot] tds-024-R1-after1 (1024x768)
[08:01:13] [tds] screen tds-024-R1-after1 : x TallyPrime MANAGE EDU K: Company Y: Data Z: Exchange A Accept Q Search O: Import E: Export M: E-mail Accounting Voucher Creation 58 Recei t No. 2 • Account Current balance: Particulars Narration: Unity Quit FinCom • ke Co p: print x 2-Oct-26 Friday Amount Fl: Help Q: Date Company Ed: Contra Payment F-6: Receipt Journal Sales o Obd58 to ru 47b3- 0937- acep afec— Purchase 0937- Fl O: OåuVooctgs E: Autofill Change Mode More Details O: Related ¯ Repons Optional post -Dated J: Stat acep .337. 3—ecb ening 'db3e4 ing j _id" : 3-011' ' , "orc fec—c D: Delete x: Cancel Vch Adjustment El 2: Configure ...
[keys] '^a' -> Tally 'TallyPrime:9000'
[shot] tds-025-R1-accept2 (1024x768)
[08:01:18] [tds] screen tds-025-R1-accept2 : x TallyPrime MANAGE EDU K: Company Accounting Voucher Creation Q: Quit Y: Data Z: Exchange A: Accept Q Search O: Import E: Export M: E-mail FinCom Spike Co p: print x Error Oops! No Entries in Voucher! Fl: Help F-2: Date F-3: Company F-4: Contra F-5: Payment F-6: Receipt F-7: Journal F-9: Purchase PIO: E: Autofill H: Change = Mode I: More - Details O: Related ¯ Repons L: Optional T: post = -Dated J: Stat o Obd58 to ru 47b3- 0937- acep afec— 0937- acep .337. 3—ecb ening 'db3e4 ing j _id" : 3-011' ' , "orc fec—c Unity p: Delete , cancel vch ¯ Adjustment F-12: Configure Mode Windows Server 2025 D...
[shot] tds-026-R1-after2 (1024x768)
[08:01:19] [tds] screen tds-026-R1-after2 : x TallyPrime MANAGE EDU K: Company Accounting Voucher Creation Q: Quit Y: Data Z: Exchange A: Accept Q Search O: Import E: Export M: E-mail FinCom Spike Co p: print x Error Oops! No Entries in Voucher! Fl: Help F-2: Date F-3: Company F-4: Contra F-5: Payment F-6: Receipt F-7: Journal F-9: Purchase PIO: E: Autofill H: Change = Mode I: More - Details O: Related ¯ Repons L: Optional T: post = -Dated J: Stat o Obd58 to ru 47b3- 0937- acep afec— 0937- acep .337. 3—ecb ening 'db3e4 ing j _id" : 3-011' ' , "orc fec—c Unity p: Delete , cancel vch ¯ Adjustment F-12: Configure Mode Windows Server 2025 D...
[keys] '^a' -> Tally 'TallyPrime:9000'
[shot] tds-027-R1-accept3 (1024x768)
[08:01:23] [tds] screen tds-027-R1-accept3 : x TallyPrime MANAGE EDU K: Company Accounting Voucher Creation 58 Recei t No. 2 • Account Cash Current balance: 500.00 Dr Particulars End of List Cur Bal: Narration: Unity Quit Y: Data Z: Exchange A Accept Q Search FinCom • ke Co O: Import E: Export List of Led er Accounts Cash Share Bank M: E-mail p: pnnt x Create Fl: Help Q: Date Company Ed: Contra Payment F-6: Receipt Journal Sales o Obd58 to ru 47b3- 0937- acep afec— Purchase 0937- Fl O: OåuVooctgs E: Autofill Change Mode More Details O: Related ¯ Repons Optional post -Dated J: Stat acep .337. 3—ecb ening 'db3e4 ing j _id" : 3-011' ' , "or...
[shot] tds-028-R1-after3 (1024x768)
[08:01:24] [tds] screen tds-028-R1-after3 : x TallyPrime MANAGE EDU K: Company Accounting Voucher Creation 58 Recei t No. 2 • Account Cash Current balance: 500.00 Dr Particulars End of List Cur Bal: Narration: Unity Quit Y: Data Z: Exchange A Accept Q Search FinCom • ke Co O: Import E: Export List of Led er Accounts Cash Share Bank M: E-mail p: pnnt x Create Fl: Help Q: Date Company Ed: Contra Payment F-6: Receipt Journal Sales o Obd58 to ru 47b3- 0937- acep afec— Purchase 0937- Fl O: OåuVooctgs E: Autofill Change Mode More Details O: Related ¯ Repons Optional post -Dated J: Stat acep .337. 3—ecb ening 'db3e4 ing j _id" : 3-011' ' , "or...
[shot] tds-029-gw0 (1024x768)
[08:01:25] [tds] screen tds-029-gw0 : x TallyPrime MANAGE EDU K: Company Accounting Voucher Creation 58 Recei t No. 2 • Account Cash Current balance: 500.00 Dr Particulars End of List Cur Bal: Narration: Unity Quit Y: Data Z: Exchange A Accept Q Search FinCom • ke Co O: Import E: Export List of Led er Accounts Cash Share Bank M: E-mail p: pnnt x Create Fl: Help Q: Date Company Ed: Contra Payment F-6: Receipt Journal Sales o Obd58 to ru 47b3- 0937- acep afec— Purchase 0937- Fl O: OåuVooctgs E: Autofill Change Mode More Details O: Related ¯ Repons Optional post -Dated J: Stat acep .337. 3—ecb ening 'db3e4 ing j _id" : 3-011' ' , "or...
[keys] '{ESC}' -> Tally 'TallyPrime:9000'
[shot] tds-030-gw1 (1024x768)
[08:01:29] [tds] screen tds-030-gw1 : x TallyPrime MANAGE EDU K: Company Accounting Voucher Creation 58 Recei t No. 2 • Account Current balance: 500.00 Dr Particulars End of List Cur Bal: Narration: Unity Quit Y: Data Z: Exchange A Accept Q Search FinCom • ke Co O: Import E: Export List of Led er Accounts Cash Share Bank M: E-mail p: pnnt x Create Fl: Help Q: Date Company Ed: Contra Payment F-6: Receipt Journal Sales o Obd58 to ru 47b3- 0937- acep afec— Purchase 0937- Fl O: OåuVooctgs E: Autofill Change Mode More Details O: Related ¯ Repons Optional post -Dated J: Stat acep .337. 3—ecb ening 'db3e4 ing j _id" : 3-011' ' , "orc fec...
[keys] '{ESC}' -> Tally 'TallyPrime:9000'
[shot] tds-031-gw2 (1024x768)
[08:01:32] [tds] screen tds-031-gw2 : TallyPrime MANAGE EDU K: Company Accounting Voucher Creation 58 Recei t No. 2 • Account Current balance: 500.00 Dr Particulars End of List Cur Bal: Narration: Unity Q: Quit Y: Data Z: Exchange FinCom A: Accept Q Search O: Import E: Export M: E-mail p: print x 2-Oct-26 Friday Amount Quit o Yes or No x Fl: Help F-2: Date F-3: Company F-4: Contra F-5: Payment F-6: Receipt F-7: Journal F-9: Purchase PIO: E: Autofill H: Change = Mode I: More - Details O: Related ¯ Repons L: Optional T: post = -Dated J: Stat ¯ Adjustment o Obd58 to ru 47b3- 0937- acep afec— 0937- acep .337. 3—ecb ening 'db3e4 ing j ...
[keys] 'y' -> Tally 'TallyPrime:9000'
[shot] tds-032-gw3 (1024x768)
[08:01:36] [tds] screen tds-032-gw3 : TallyPrime MANAGE EDU K: Company Gatewa of Tall CURRENT PERIOD I-Apr-26 to 31-Mar-27 NAME OF COMPANY FinCom Spike Co Y: Data Z: Exchange O: Import E: Export M: E-mail p: pnnt x Fl: Help Date Company o Obd58 to ru 47b3- 0937- acep afec— 0937- acep .337. 3—ecb ening 'db3e4 ing j _id" : 3-011' ' , "orc fec—c Mode Q CURRENT OATE Friday, 2-Oct-2026 2-Oct-26 Search Gateway of Tally MASTERS Create Alter CHart of Accounts TRANSACTIONS Vouchers Day 800K UTILITIES BaNking REPORTS Balance Sheet Profit & Loss A/c Stock Summary Ratio Analysis Display More Reports Quit Unity Windows Server 2025 Datacenter B...
  voucher mid=1 aid=1 Journal/1/20260401 guid=54bedff5-92fe-437d-85c8-74d1712959f4-00000001 cancelled=False
  voucher mid=2 aid=2 Journal/2/20261001 guid=54bedff5-92fe-437d-85c8-74d1712959f4-00000002 cancelled=False
  voucher mid=3 aid=3 Journal/3/20261001 guid=54bedff5-92fe-437d-85c8-74d1712959f4-00000003 cancelled=False
  voucher mid=4 aid=4 Journal/4/20261001 guid=54bedff5-92fe-437d-85c8-74d1712959f4-00000004 cancelled=False
  voucher mid=5 aid=5 Journal/5/20261001 guid=54bedff5-92fe-437d-85c8-74d1712959f4-00000005 cancelled=False
  voucher mid=6 aid=6 Payroll/1/20261001 guid=54bedff5-92fe-437d-85c8-74d1712959f4-00000006 cancelled=False
  voucher mid=7 aid=7 Sales/1/20261002 guid=54bedff5-92fe-437d-85c8-74d1712959f4-00000007 cancelled=False
  voucher mid=8 aid=8 Receipt/1/20261002 guid=54bedff5-92fe-437d-85c8-74d1712959f4-00000008 cancelled=False
  INFO share receipt-agst (receipt from a party against its bill (Agst Ref SB-1)): Tally Receipt 1 mid 8; stored party 'Share Party' bills [Agst Ref]; the line party '' bills [Agst Ref]; lines voucher_accept_post x1, voucher_full x1
######## ANSWERED hang3 step 2 receipt-agst: after receipt-agst: 2.3.4 object answered (11 ms, the entry in it); 2.3.3 by master answered (29 ms, the entry in it); Tally answers after: True; started again: ; 2.3.3 after the restart: 
[08:01:39] ---- share receipt-plain: receipt with no party (Cash / Spike Income)
  voucher mid=1 aid=1 Journal/1/20260401 guid=54bedff5-92fe-437d-85c8-74d1712959f4-00000001 cancelled=False
  voucher mid=2 aid=2 Journal/2/20261001 guid=54bedff5-92fe-437d-85c8-74d1712959f4-00000002 cancelled=False
  voucher mid=3 aid=3 Journal/3/20261001 guid=54bedff5-92fe-437d-85c8-74d1712959f4-00000003 cancelled=False
  voucher mid=4 aid=4 Journal/4/20261001 guid=54bedff5-92fe-437d-85c8-74d1712959f4-00000004 cancelled=False
  voucher mid=5 aid=5 Journal/5/20261001 guid=54bedff5-92fe-437d-85c8-74d1712959f4-00000005 cancelled=False
  voucher mid=6 aid=6 Payroll/1/20261001 guid=54bedff5-92fe-437d-85c8-74d1712959f4-00000006 cancelled=False
  voucher mid=7 aid=7 Sales/1/20261002 guid=54bedff5-92fe-437d-85c8-74d1712959f4-00000007 cancelled=False
  voucher mid=8 aid=8 Receipt/1/20261002 guid=54bedff5-92fe-437d-85c8-74d1712959f4-00000008 cancelled=False
[shot] tds-033-gw0 (1024x768)
[08:01:40] [tds] screen tds-033-gw0 : TallyPrime MANAGE EDU K: Company Gatewa of Tall CURRENT PERIOD I-Apr-26 to 31-Mar-27 NAME OF COMPANY FinCom Spike Co Y: Data Z: Exchange O: Import E: Export M: E-mail p: pnnt x Fl: Help Date Company o Obd58 to ru 47b3- 0937- acep afec— 0937- acep .337. 3—ecb ening 'db3e4 ing j _id" : 3-011' ' , "orc fec—c Mode Q CURRENT OATE Friday, 2-Oct-2026 2-Oct-26 Search Gateway of Tally MASTERS Create Alter CHart of Accounts TRANSACTIONS Vouchers Day 800K UTILITIES BaNking REPORTS Balance Sheet Profit & Loss A/c Stock Summary Ratio Analysis Display More Reports Quit Unity Windows Server 2025 Datacenter B...
[shot] tds-034-R2-start (1024x768)
[08:01:41] [tds] screen tds-034-R2-start : TallyPrime MANAGE EDU K: Company Gatewa of Tall CURRENT PERIOD I-Apr-26 to 31-Mar-27 NAME OF COMPANY FinCom Spike Co Y: Data Z: Exchange O: Import E: Export M: E-mail p: pnnt x Fl: Help Date Company o Obd58 to ru 47b3- 0937- acep afec— 0937- acep .337. 3—ecb ening 'db3e4 ing j _id" : 3-011' ' , "orc fec—c Mode Q CURRENT OATE Friday, 2-Oct-2026 2-Oct-26 Search Gateway of Tally MASTERS Create Alter CHart of Accounts TRANSACTIONS Vouchers Day 800K UTILITIES BaNking REPORTS Balance Sheet Profit & Loss A/c Stock Summary Ratio Analysis Display More Reports Quit Unity Windows Server 2025 Datacenter B...
[keys] 'v' -> Tally 'TallyPrime:9000'
[shot] tds-035-R2-vouchers (1024x768)
[08:01:45] [tds] screen tds-035-R2-vouchers : x TallyPrime MANAGE EDU K: Company Y: Data Z: Exchange A Accept Q Search O: Import E: Export M: E-mail Accounting Voucher Creation 58 Recei t No. 2 • Account Current balance: Particulars Narration: Unity Quit FinCom • ke Co p: print x 2-Oct-26 Friday Amount Fl: Help Q: Date Company Ed: Contra Payment F-6: Receipt Journal Sales o Obd58 to ru 47b3- 0937- acep afec— Purchase 0937- Fl O: OåuVooctgs E: Autofill Change Mode More Details O: Related ¯ Repons Optional post -Dated J: Stat acep .337. 3—ecb ening 'db3e4 ing j _id" : 3-011' ' , "orc fec—c D: Delete x: Cancel Vch Adjustment El 2: Configure ...
[keys] '{F6}' -> Tally 'TallyPrime:9000'
[shot] tds-036-R2-type (1024x768)
[08:01:49] [tds] screen tds-036-R2-type : x TallyPrime MANAGE EDU K: Company Y: Data Z: Exchange A Accept Q Search O: Import E: Export M: E-mail Accounting Voucher Creation 58 Recei t No. 2 • Account Current balance: Particulars Narration: Unity Quit FinCom • ke Co p: print x 2-Oct-26 Friday Amount Fl: Help Q: Date Company Ed: Contra Payment F-6: Receipt Journal Sales o Obd58 to ru 47b3- 0937- acep afec— Purchase 0937- Fl O: OåuVooctgs E: Autofill Change Mode More Details O: Related ¯ Repons Optional post -Dated J: Stat acep .337. 3—ecb ening 'db3e4 ing j _id" : 3-011' ' , "orc fec—c D: Delete x: Cancel Vch Adjustment El 2: Configure ...
[keys] '{F2}' -> Tally 'TallyPrime:9000'
[shot] tds-037-R2-date-box (1024x768)
[08:01:52] [tds] screen tds-037-R2-date-box : TallyPrime MANAGE EDU K: Company Change Voucher Date Unity Quit Y: Data Z: Exchange A Accept Q Search O: Import E: Export M: E-mail p: pnnt x Fl: Help FinCom Spike Co Voucher Date 3-10-2026 o Obd58 to ru 47b3- 0937- acep afec— 0937- acep .337. 3—ecb ening 'db3e4 ing j _id" : 3-011' ' , "orc fec—c Mode Windows Server 2025 Datacenter Build 26100.ge_release240331-1435 8:01 AM 10/8/2026
[keys] '2-10-2026{ENTER}' -> Tally 'TallyPrime:9000'
[shot] tds-038-R2-date (1024x768)
[08:01:56] [tds] screen tds-038-R2-date : x TallyPrime MANAGE EDU K: Company Y: Data Z: Exchange A Accept Q Search O: Import E: Export M: E-mail Accounting Voucher Creation 58 Recei t No. 2 • Account Current balance: Particulars Narration: Unity Quit FinCom • ke Co p: print x 2-Oct-26 Friday Amount Fl: Help Q: Date Company Ed: Contra Payment F-6: Receipt Journal Sales o Obd58 to ru 47b3- 0937- acep afec— Purchase 0937- Fl O: OåuVooctgs E: Autofill Change Mode More Details O: Related ¯ Repons Optional post -Dated J: Stat acep .337. 3—ecb ening 'db3e4 ing j _id" : 3-011' ' , "orc fec—c D: Delete x: Cancel Vch Adjustment El 2: Configure ...
[keys] 'Cash{ENTER}' -> Tally 'TallyPrime:9000'
[shot] tds-039-R2-account (1024x768)
[08:02:00] [tds] screen tds-039-R2-account : x TallyPrime MANAGE EDU K: Company Y: Data Z: Exchange A Accept Q Search O: Import E: Export M: E-mail Accounting Voucher Creation 58 Recei t No. 2 • Account Cash Current balance: 500.00 Dr Particulars Narration: Unity Quit FinCom • ke Co p: print x 2-Oct-26 Friday Amount Fl: Help Q: Date Company Ed: Contra Payment F-6: Receipt Journal Sales o Obd58 to ru 47b3- 0937- acep afec— Purchase 0937- Fl O: OåuVooctgs E: Autofill Change Mode More Details O: Related ¯ Repons Optional post -Dated J: Stat acep .337. 3—ecb ening 'db3e4 ing j _id" : 3-011' ' , "orc fec—c D: Delete x: Cancel Vch Adjustment E...
[shot] tds-040-R2-acc-sub1 (1024x768)
[08:02:01] [tds] screen tds-040-R2-acc-sub1 : x TallyPrime MANAGE EDU K: Company Y: Data Z: Exchange A Accept Q Search O: Import E: Export M: E-mail Accounting Voucher Creation 58 Recei t No. 2 • Account Cash Current balance: 500.00 Dr Particulars Narration: Unity Quit FinCom • ke Co p: print x 2-Oct-26 Friday Amount Fl: Help Q: Date Company Ed: Contra Payment F-6: Receipt Journal Sales o Obd58 to ru 47b3- 0937- acep afec— Purchase 0937- Fl O: OåuVooctgs E: Autofill Change Mode More Details O: Related ¯ Repons Optional post -Dated J: Stat acep .337. 3—ecb ening 'db3e4 ing j _id" : 3-011' ' , "orc fec—c D: Delete x: Cancel Vch Adjustment E...
[keys] 'Spike Income{ENTER}' -> Tally 'TallyPrime:9000'
[shot] tds-041-R2-row1 (1024x768)
[08:02:05] [tds] screen tds-041-R2-row1 : x TallyPrime MANAGE EDU K: Company Accounting Voucher Creation 58 Recei t No. 2 • Account Cash Current balance: 500.00 Dr Particulars Spike Income Y: Data Z: Exchange A Accept Q Search O: Import E: Export M: E-mail FinCom • ke Co p: print x 2-Oct-26 Friday Amount Fl: Help Q: Date Company Ed: Contra Payment F-6: Receipt Journal Sales o Obd58 to ru 47b3- 0937- acep afec— CurBal: 5,000.00 Cr Narration: Quit Purchase 0937- Fl O: OåuVooctgs E: Autofill Change Mode More Details O: Related ¯ Repons Optional post -Dated J: Stat acep .337. 3—ecb ening 'db3e4 ing j _id" : 3-011' ' , "orc fec—c Unity D: ...
[shot] tds-042-R2-row1-a-sub1 (1024x768)
[08:02:06] [tds] screen tds-042-R2-row1-a-sub1 : x TallyPrime MANAGE EDU K: Company Accounting Voucher Creation 58 Recei t No. 2 • Account Cash Current balance: 500.00 Dr Particulars Spike Income Y: Data Z: Exchange A Accept Q Search O: Import E: Export M: E-mail FinCom • ke Co p: print x 2-Oct-26 Friday Amount Fl: Help Q: Date Company Ed: Contra Payment F-6: Receipt Journal Sales o Obd58 to ru 47b3- 0937- acep afec— CurBal: 5,000.00 Cr Narration: Quit Purchase 0937- Fl O: OåuVooctgs E: Autofill Change Mode More Details O: Related ¯ Repons Optional post -Dated J: Stat acep .337. 3—ecb ening 'db3e4 ing j _id" : 3-011' ' , "orc fec—c Unity D: ...
[keys] '700{ENTER}' -> Tally 'TallyPrime:9000'
[shot] tds-043-R2-row1-amt (1024x768)
[08:02:09] [tds] screen tds-043-R2-row1-amt : TallyPrime MANAGE EDU K: Company Cost Centre Allocations Unity Quit Y: Data Z: Exchange O: Import E: Export M: E-mail p: pnnt x Fl: Help FinCom Spike Co Cost Allocations for : Spike Income Up to: 700.00 cr Name of Cost Centre A Accept Q Search Amount o Obd58 to ru 47b3- 0937- acep afec— 0937- acep .337. 3—ecb ening 'db3e4 ing j _id" : 3-011' ' , "orc fec—c Mode Windows Server 2025 Datacenter Build 26100.ge_release240331-1435 8:02 AM 10/8/2026
[shot] tds-044-R2-row1-bills1 (1024x768)
[08:02:10] [tds] screen tds-044-R2-row1-bills1 : TallyPrime MANAGE EDU K: Company Cost Centre Allocations Unity Quit Y: Data Z: Exchange O: Import E: Export M: E-mail p: pnnt x Fl: Help FinCom Spike Co Cost Allocations for : Spike Income Up to: 700.00 cr Name of Cost Centre A Accept Q Search Amount o Obd58 to ru 47b3- 0937- acep afec— 0937- acep .337. 3—ecb ening 'db3e4 ing j _id" : 3-011' ' , "orc fec—c Mode Windows Server 2025 Datacenter Build 26100.ge_release240331-1435 8:02 AM 10/8/2026
[shot] tds-045-R2-row1-b-sub1 (1024x768)
[08:02:11] [tds] screen tds-045-R2-row1-b-sub1 : TallyPrime MANAGE EDU K: Company Cost Centre Allocations Unity Quit Y: Data Z: Exchange O: Import E: Export M: E-mail p: pnnt x Fl: Help FinCom Spike Co Cost Allocations for : Spike Income Up to: 700.00 cr Name of Cost Centre A Accept Q Search Amount o Obd58 to ru 47b3- 0937- acep afec— 0937- acep .337. 3—ecb ening 'db3e4 ing j _id" : 3-011' ' , "orc fec—c Mode Windows Server 2025 Datacenter Build 26100.ge_release240331-1435 8:02 AM 10/8/2026
[keys] '^a' -> Tally 'TallyPrime:9000'
[shot] tds-046-R2-row1-b-sub-accept (1024x768)
[08:02:14] [tds] screen tds-046-R2-row1-b-sub-accept : x TallyPrime MANAGE EDU K: Company Accounting Voucher Creation 58 Recei t No. 2 • Account Cash Y: Data Z: Exchange 700.00 Cr A Accept Q Search O: Import E: Export M: E-mail FinCom • ke Co p: print x 2-Oct-26 Friday Amount 700.00 700.00 Fl: Help Q: Date Company Ed: Contra Payment F-6: Receipt : Journal Sales o Obd58 to ru 47b3- 0937- acep afec— Current balance: 1,200.00 Dr Particulars Spike Income CurBal: 5,700.00 Cr Share Emp 1 Narration: Quit Purchase 0937- Fl O: OåuVooctgs E: Autofill Change Mode More Details O: Related ¯ Repons Optional post -Dated J: Stat acep .337. 3—ecb ening 'db3e4 ing ...
[shot] tds-047-R2-row1-b-sub2 (1024x768)
[08:02:15] [tds] screen tds-047-R2-row1-b-sub2 : x TallyPrime MANAGE EDU K: Company Accounting Voucher Creation 58 Recei t No. 2 • Account Cash Y: Data Z: Exchange 700.00 Cr A Accept Q Search O: Import E: Export M: E-mail FinCom • ke Co p: print x 2-Oct-26 Friday Amount 700.00 700.00 Fl: Help Q: Date Company Ed: Contra Payment F-6: Receipt : Journal Sales o Obd58 to ru 47b3- 0937- acep afec— Current balance: 1,200.00 Dr Particulars Spike Income CurBal: 5,700.00 Cr Share Emp 1 Narration: Quit Purchase 0937- Fl O: OåuVooctgs E: Autofill Change Mode More Details O: Related ¯ Repons Optional post -Dated J: Stat acep .337. 3—ecb ening 'db3e4 ing ...
[keys] '{ENTER}' -> Tally 'TallyPrime:9000'
[shot] tds-048-R2-rows-done (1024x768)
[08:02:19] [tds] screen tds-048-R2-rows-done : x TallyPrime MANAGE EDU K: Company Accounting Voucher Creation 58 Recei t No. 2 • Account Cash Y: Data Z: Exchange 700.00 Cr Accept Q Search O: Import E: Export M: E-mail FinCom • ke Co p: print x 2-Oct-26 Friday Amount 700.00 700.00 Fl: Help Q: Date Company Ed: Contra Payment F-6: Receipt : Journal Sales o Obd58 to ru 47b3- 0937- acep afec— Current balance: 1,200.00 Dr Particulars Spike Income CurBal: 5,700.00 Cr Share Emp 1 Narration: Quit Purchase 0937- Fl O: OåuVooctgs E: Autofill Change Mode More Details O: Related ¯ Repons Optional post -Dated J: Stat acep .337. 3—ecb ening 'db3e4 ing j ...
[shot] tds-049-R2-done-sub1 (1024x768)
[08:02:20] [tds] screen tds-049-R2-done-sub1 : x TallyPrime MANAGE EDU K: Company Accounting Voucher Creation 58 Recei t No. 2 • Account Cash Y: Data Z: Exchange 700.00 Cr Accept Q Search O: Import E: Export M: E-mail FinCom • ke Co p: print x 2-Oct-26 Friday Amount 700.00 700.00 Fl: Help Q: Date Company Ed: Contra Payment F-6: Receipt : Journal Sales o Obd58 to ru 47b3- 0937- acep afec— Current balance: 1,200.00 Dr Particulars Spike Income CurBal: 5,700.00 Cr Share Emp 1 Narration: Quit Purchase 0937- Fl O: OåuVooctgs E: Autofill Change Mode More Details O: Related ¯ Repons Optional post -Dated J: Stat acep .337. 3—ecb ening 'db3e4 ing j ...
[keys] 'share receipt plain{ENTER}' -> Tally 'TallyPrime:9000'
[shot] tds-050-R2-narr (1024x768)
[08:02:24] [tds] screen tds-050-R2-narr : TallyPrime MANAGE EDU K: Company Accounting Voucher Creation 58 Recei t No. 2 • Account Cash Y: Data Z: Exchange 700.00 Cr A: Accept Q Search O: Import E: Export M: E-mail FinCom Current balance: 1,200.00 Dr Particulars Spike Income CurBal: 5,700.00 Cr Share Emp 1 Narration: share receipt plain Q: Quit p: print x 2-Oct-26 Friday Amount 700.00 700.00 Accept Q Yes or No x Fl: Help F-2: Date F-3: Company F-4: Contra F-5: Payment F-6: Receipt F-7: Journal F-9: Purchase PIO: E: Autofill H: Change = Mode I: More - Details O: Related ¯ Repons L: Optional T: post = -Dated J: Stat o Obd58 to ru 47b3- 0...
[keys] '^a' -> Tally 'TallyPrime:9000'
[shot] tds-051-R2-accept1 (1024x768)
[08:02:29] [tds] screen tds-051-R2-accept1 : x TallyPrime MANAGE EDU K: Company Y: Data Z: Exchange A Accept Q Search O: Import E: Export M: E-mail Accounting Voucher Creation 58 Recei t • Account Current balance: Particulars Narration: Unity Quit FinCom • ke Co p: print x 2-Oct-26 Friday Amount Fl: Help Q: Date Company Ed: Contra Payment F-6: Receipt Journal Sales o Obd58 to ru 47b3- 0937- acep afec— Purchase 0937- Fl O: OåuVooctgs E: Autofill Change Mode More Details O: Related ¯ Repons Optional post -Dated J: Stat acep .337. 3—ecb ening 'db3e4 ing j _id" : 3-011' ' , "orc fec—c D: Delete x: Cancel Vch Adjustment El 2: Configure Mode W...
[shot] tds-052-R2-after1 (1024x768)
[08:02:29] [tds] screen tds-052-R2-after1 : x TallyPrime MANAGE EDU K: Company Y: Data Z: Exchange A Accept Q Search O: Import E: Export M: E-mail Accounting Voucher Creation 58 Recei t • Account Current balance: Particulars Narration: Unity Quit FinCom • ke Co p: print x 2-Oct-26 Friday Amount Fl: Help Q: Date Company Ed: Contra Payment F-6: Receipt Journal Sales o Obd58 to ru 47b3- 0937- acep afec— Purchase 0937- Fl O: OåuVooctgs E: Autofill Change Mode More Details O: Related ¯ Repons Optional post -Dated J: Stat acep .337. 3—ecb ening 'db3e4 ing j _id" : 3-011' ' , "orc fec—c D: Delete x: Cancel Vch Adjustment El 2: Configure Mode W...
[keys] '^a' -> Tally 'TallyPrime:9000'
[shot] tds-053-R2-accept2 (1024x768)
[08:02:34] [tds] screen tds-053-R2-accept2 : x TallyPrime MANAGE EDU K: Company Accounting Voucher Creation Q: Quit Y: Data Z: Exchange A: Accept Q Search O: Import E: Export M: E-mail FinCom Spike Co p: print x Error Oops! No Entries in Voucher! Fl: Help F-2: Date F-3: Company F-4: Contra F-5: Payment F-6: Receipt F-7: Journal F-9: Purchase PIO: E: Autofill H: Change = Mode I: More - Details O: Related ¯ Repons L: Optional T: post = -Dated J: Stat o Obd58 to ru 47b3- 0937- acep afec— 0937- acep .337. 3—ecb ening 'db3e4 ing j _id" : 3-011' ' , "orc fec—c Unity p: Delete , cancel vch ¯ Adjustment F-12: Configure Mode Windows Server 2025 D...
[shot] tds-054-R2-after2 (1024x768)
[08:02:35] [tds] screen tds-054-R2-after2 : x TallyPrime MANAGE EDU K: Company Accounting Voucher Creation Q: Quit Y: Data Z: Exchange A: Accept Q Search O: Import E: Export M: E-mail FinCom Spike Co p: print x Error Oops! No Entries in Voucher! Fl: Help F-2: Date F-3: Company F-4: Contra F-5: Payment F-6: Receipt F-7: Journal F-9: Purchase PIO: E: Autofill H: Change = Mode I: More - Details O: Related ¯ Repons L: Optional T: post = -Dated J: Stat o Obd58 to ru 47b3- 0937- acep afec— 0937- acep .337. 3—ecb ening 'db3e4 ing j _id" : 3-011' ' , "orc fec—c Unity p: Delete , cancel vch ¯ Adjustment F-12: Configure Mode Windows Server 2025 D...
[keys] '^a' -> Tally 'TallyPrime:9000'
[shot] tds-055-R2-accept3 (1024x768)
[08:02:40] [tds] screen tds-055-R2-accept3 : x TallyPrime MANAGE EDU K: Company Accounting Voucher Creation 58 Recei t • Account Cash Y: Data Z: Exchange A Accept Q Search FinCom • ke Co O: Import E: Export List of Led er Accounts Cash Share Bank M: E-mail p: pnnt x Create Fl: Help Q: Date Company Ed: Contra Payment F-6: Receipt Journal Sales o Obd58 to ru 47b3- 0937- acep afec— Current balance: 1,200.00 Dr Particulars End of List Cur Bal: Narration: Quit Purchase 0937- Fl O: OåuVooctgs E: Autofill Change Mode More Details O: Related ¯ Repons Optional post -Dated J: Stat acep .337. 3—ecb ening 'db3e4 ing j _id" : 3-011' ' , "orc fec—c Un...
[shot] tds-056-R2-after3 (1024x768)
[08:02:40] [tds] screen tds-056-R2-after3 : x TallyPrime MANAGE EDU K: Company Accounting Voucher Creation 58 Recei t • Account Cash Y: Data Z: Exchange A Accept Q Search FinCom • ke Co O: Import E: Export List of Led er Accounts Cash Share Bank M: E-mail p: pnnt x Create Fl: Help Q: Date Company Ed: Contra Payment F-6: Receipt Journal Sales o Obd58 to ru 47b3- 0937- acep afec— Current balance: 1,200.00 Dr Particulars End of List Cur Bal: Narration: Quit Purchase 0937- Fl O: OåuVooctgs E: Autofill Change Mode More Details O: Related ¯ Repons Optional post -Dated J: Stat acep .337. 3—ecb ening 'db3e4 ing j _id" : 3-011' ' , "orc fec—c Un...
[shot] tds-057-gw0 (1024x768)
[08:02:41] [tds] screen tds-057-gw0 : x TallyPrime MANAGE EDU K: Company Accounting Voucher Creation 58 Recei t • Account Cash Y: Data Z: Exchange A Accept Q Search FinCom • ke Co O: Import E: Export List of Led er Accounts Cash Share Bank M: E-mail p: pnnt x Create Fl: Help Q: Date Company Ed: Contra Payment F-6: Receipt Journal Sales o Obd58 to ru 47b3- 0937- acep afec— Current balance: 1,200.00 Dr Particulars End of List Cur Bal: Narration: Quit Purchase 0937- Fl O: OåuVooctgs E: Autofill Change Mode More Details O: Related ¯ Repons Optional post -Dated J: Stat acep .337. 3—ecb ening 'db3e4 ing j _id" : 3-011' ' , "orc fec—c Un...
[keys] '{ESC}' -> Tally 'TallyPrime:9000'
[shot] tds-058-gw1 (1024x768)
[08:02:45] [tds] screen tds-058-gw1 : x TallyPrime MANAGE EDU K: Company Accounting Voucher Creation 58 Recei t • Account Y: Data Z: Exchange A Accept Q Search FinCom • ke Co O: Import E: Export List of Led er Accounts Cash Share Bank M: E-mail p: pnnt x Create Fl: Help Q: Date Company Ed: Contra Payment F-6: Receipt Journal Sales o Obd58 to ru 47b3- 0937- acep afec— Current balance: 1,200.00 Dr Particulars End of List Cur Bal: Narration: Quit Purchase 0937- Fl O: OåuVooctgs E: Autofill Change Mode More Details O: Related ¯ Repons Optional post -Dated J: Stat acep .337. 3—ecb ening 'db3e4 ing j _id" : 3-011' ' , "orc fec—c Unity D...
[keys] '{ESC}' -> Tally 'TallyPrime:9000'
[shot] tds-059-gw2 (1024x768)
[08:02:49] [tds] screen tds-059-gw2 : TallyPrime MANAGE EDU K: Company Accounting Voucher Creation 58 Recei t • Account Y: Data Z: Exchange FinCom A: Accept Q Search O: Import E: Export M: E-mail Current balance: 1,200.00 Dr Particulars End of List Cur Bal: Narration: Q: Quit p: print x 2-Oct-26 Friday Amount Quit o Yes or No x Fl: Help F-2: Date F-3: Company F-4: Contra F-5: Payment F-6: Receipt F-7: Journal F-9: Purchase PIO: E: Autofill H: Change = Mode I: More - Details O: Related ¯ Repons L: Optional T: post = -Dated J: Stat ¯ Adjustment o Obd58 to ru 47b3- 0937- acep afec— 0937- acep .337. 3—ecb ening 'db3e4 ing j _id" : 3-0...
[keys] 'y' -> Tally 'TallyPrime:9000'
[shot] tds-060-gw3 (1024x768)
[08:02:52] [tds] screen tds-060-gw3 : TallyPrime MANAGE EDU K: Company Gatewa of Tall CURRENT PERIOD I-Apr-26 to 31-Mar-27 NAME OF COMPANY FinCom Spike Co Y: Data Z: Exchange O: Import E: Export M: E-mail p: pnnt x Fl: Help Date Company o Obd58 to ru 47b3- 0937- acep afec— 0937- acep .337. 3—ecb ening 'db3e4 ing j _id" : 3-011' ' , "orc fec—c Mode Q CURRENT OATE Friday, 2-Oct-2026 2-Oct-26 Search Gateway of Tally MASTERS Create Alter CHart of Accounts TRANSACTIONS Vouchers Day 800K UTILITIES BaNking REPORTS Balance Sheet Profit & Loss A/c Stock Summary Ratio Analysis Display More Reports Quit Unity Windows Server 2025 Datacenter B...
  voucher mid=1 aid=1 Journal/1/20260401 guid=54bedff5-92fe-437d-85c8-74d1712959f4-00000001 cancelled=False
  voucher mid=2 aid=2 Journal/2/20261001 guid=54bedff5-92fe-437d-85c8-74d1712959f4-00000002 cancelled=False
  voucher mid=3 aid=3 Journal/3/20261001 guid=54bedff5-92fe-437d-85c8-74d1712959f4-00000003 cancelled=False
  voucher mid=4 aid=4 Journal/4/20261001 guid=54bedff5-92fe-437d-85c8-74d1712959f4-00000004 cancelled=False
  voucher mid=5 aid=5 Journal/5/20261001 guid=54bedff5-92fe-437d-85c8-74d1712959f4-00000005 cancelled=False
  voucher mid=6 aid=6 Payroll/1/20261001 guid=54bedff5-92fe-437d-85c8-74d1712959f4-00000006 cancelled=False
  voucher mid=7 aid=7 Sales/1/20261002 guid=54bedff5-92fe-437d-85c8-74d1712959f4-00000007 cancelled=False
  voucher mid=8 aid=8 Receipt/1/20261002 guid=54bedff5-92fe-437d-85c8-74d1712959f4-00000008 cancelled=False
  voucher mid=9 aid=9 Receipt/2/20261002 guid=54bedff5-92fe-437d-85c8-74d1712959f4-00000009 cancelled=False
  INFO share receipt-plain (receipt with no party (Cash / Spike Income)): Tally Receipt 2 mid 9; stored party 'Cash' bills []; the line party '' bills []; lines voucher_accept_post x1, voucher_full x1
######## ANSWERED hang3 step 3 receipt-plain: after receipt-plain: 2.3.4 object answered (10 ms, the entry in it); 2.3.3 by master answered (28 ms, the entry in it); Tally answers after: True; started again: ; 2.3.3 after the restart: 
[08:02:55] ---- share payment-agst: payment to a supplier against its bill (Agst Ref PB-1)
  voucher mid=1 aid=1 Journal/1/20260401 guid=54bedff5-92fe-437d-85c8-74d1712959f4-00000001 cancelled=False
  voucher mid=2 aid=2 Journal/2/20261001 guid=54bedff5-92fe-437d-85c8-74d1712959f4-00000002 cancelled=False
  voucher mid=3 aid=3 Journal/3/20261001 guid=54bedff5-92fe-437d-85c8-74d1712959f4-00000003 cancelled=False
  voucher mid=4 aid=4 Journal/4/20261001 guid=54bedff5-92fe-437d-85c8-74d1712959f4-00000004 cancelled=False
  voucher mid=5 aid=5 Journal/5/20261001 guid=54bedff5-92fe-437d-85c8-74d1712959f4-00000005 cancelled=False
  voucher mid=6 aid=6 Payroll/1/20261001 guid=54bedff5-92fe-437d-85c8-74d1712959f4-00000006 cancelled=False
  voucher mid=7 aid=7 Sales/1/20261002 guid=54bedff5-92fe-437d-85c8-74d1712959f4-00000007 cancelled=False
  voucher mid=8 aid=8 Receipt/1/20261002 guid=54bedff5-92fe-437d-85c8-74d1712959f4-00000008 cancelled=False
  voucher mid=9 aid=9 Receipt/2/20261002 guid=54bedff5-92fe-437d-85c8-74d1712959f4-00000009 cancelled=False
[shot] tds-061-gw0 (1024x768)
[08:02:56] [tds] screen tds-061-gw0 : TallyPrime MANAGE EDU K: Company Gatewa of Tall CURRENT PERIOD I-Apr-26 to 31-Mar-27 NAME OF COMPANY FinCom Spike Co Y: Data Z: Exchange O: Import E: Export M: E-mail p: pnnt x Fl: Help Date Company o Obd58 to ru 47b3- 0937- acep afec— 0937- acep .337. 3—ecb ening 'db3e4 ing j _id" : 3-011' ' , "orc fec—c Mode Q CURRENT OATE Friday, 2-Oct-2026 2-Oct-26 Search Gateway of Tally MASTERS Create Alter CHart of Accounts TRANSACTIONS Vouchers Day 800K UTILITIES BaNking REPORTS Balance Sheet Profit & Loss A/c Stock Summary Ratio Analysis Display More Reports Quit Unity Windows Server 2025 Datacenter B...
[shot] tds-062-P1-start (1024x768)
[08:02:57] [tds] screen tds-062-P1-start : TallyPrime MANAGE EDU K: Company Gatewa of Tall CURRENT PERIOD I-Apr-26 to 31-Mar-27 NAME OF COMPANY FinCom Spike Co Y: Data Z: Exchange O: Import E: Export M: E-mail p: pnnt x Fl: Help Date Company o Obd58 to ru 47b3- 0937- acep afec— 0937- acep .337. 3—ecb ening 'db3e4 ing j _id" : 3-011' ' , "orc fec—c Mode Q CURRENT OATE Friday, 2-Oct-2026 2-Oct-26 Search Gateway of Tally MASTERS Create Alter CHart of Accounts TRANSACTIONS Vouchers Day 800K UTILITIES BaNking REPORTS Balance Sheet Profit & Loss A/c Stock Summary Ratio Analysis Display More Reports Quit Unity Windows Server 2025 Datacenter B...
[keys] 'v' -> Tally 'TallyPrime:9000'
[shot] tds-063-P1-vouchers (1024x768)
[08:03:01] [tds] screen tds-063-P1-vouchers : x TallyPrime MANAGE EDU K: Company Y: Data Z: Exchange A Accept Q Search O: Import E: Export M: E-mail Accounting Voucher Creation 58 Recei t • Account Current balance: Particulars Narration: Unity Quit FinCom • ke Co p: print x 2-Oct-26 Friday Amount Fl: Help Q: Date Company Ed: Contra Payment F-6: Receipt Journal Sales o Obd58 to ru 47b3- 0937- acep afec— Purchase 0937- Fl O: OåuVooctgs E: Autofill Change Mode More Details O: Related ¯ Repons Optional post -Dated J: Stat acep .337. 3—ecb ening 'db3e4 ing j _id" : 3-011' ' , "orc fec—c D: Delete x: Cancel Vch Adjustment El 2: Configure Mode W...
[keys] '{F5}' -> Tally 'TallyPrime:9000'
[shot] tds-064-P1-type (1024x768)
[08:03:05] [tds] screen tds-064-P1-type : x TallyPrime MANAGE EDU K: Company Y: Data Z: Exchange A Accept Q Search O: Import E: Export M: E-mail Accounting Voucher Creation 58 Pa ment No. 1 • Account Current balance: Particulars Narration: Unity Quit FinCom • ke Co p: print 20ct-26 Friday Amount Fl: Help Q: Date Company Ed: Contra F-5: Payment Receipt Journal Sales o Obd58 to ru 47b3- 0937- acep afec— Purchase 0937- Fl O: OåuVooctgs E: Autofill Change Mode More Details O: Related ¯ Repons Optional post -Dated J: Stat Adjustment acep .337. 3—ecb ening 'db3e4 ing j _id" : 3-011' ' , "orc fec—c D: Delete x: Cancel Vch El 2: Configure Mod...
[keys] '{F2}' -> Tally 'TallyPrime:9000'
[shot] tds-065-P1-date-box (1024x768)
[08:03:08] [tds] screen tds-065-P1-date-box : TallyPrime MANAGE EDU K: Company Change Voucher Date Unity Quit Y: Data Z: Exchange A Accept Q Search O: Import E: Export M: E-mail p: pnnt x Fl: Help FinCom Spike Co Voucher Date 3-10-2026 o Obd58 to ru 47b3- 0937- acep afec— 0937- acep .337. 3—ecb ening 'db3e4 ing j _id" : 3-011' ' , "orc fec—c Mode Windows Server 2025 Datacenter Build 26100.ge_release240331-1435 8:03 AM 10/8/2026
[keys] '2-10-2026{ENTER}' -> Tally 'TallyPrime:9000'
[shot] tds-066-P1-date (1024x768)
[08:03:12] [tds] screen tds-066-P1-date : x TallyPrime MANAGE EDU K: Company Y: Data Z: Exchange A Accept Q Search O: Import E: Export M: E-mail Accounting Voucher Creation 58 Pa ment No. 1 • Account Current balance: Particulars Narration: Unity Quit FinCom • ke Co p: print 20ct-26 Friday Amount Fl: Help Q: Date Company Ed: Contra F-5: Payment Receipt Journal Sales o Obd58 to ru 47b3- 0937- acep afec— Purchase 0937- Fl O: OåuVooctgs E: Autofill Change Mode More Details O: Related ¯ Repons Optional post -Dated J: Stat Adjustment acep .337. 3—ecb ening 'db3e4 ing j _id" : 3-011' ' , "orc fec—c D: Delete x: Cancel Vch El 2: Configure Mod...
[keys] 'Cash{ENTER}' -> Tally 'TallyPrime:9000'
[shot] tds-067-P1-account (1024x768)
[08:03:16] [tds] screen tds-067-P1-account : x TallyPrime MANAGE EDU K: Company Accounting Voucher Creation 58 Pa ment No. 1 • Account Cash Y: Data Z: Exchange A Accept Q Search O: Import E: Export M: E-mail FinCom • ke Co p: print 20ct-26 Friday Amount Fl: Help Q: Date Company Ed: Contra F-5: Payment Receipt Journal Sales o Obd58 to ru 47b3- 0937- acep afec— Current balance: 1,200.00 Dr Particulars Narration: Quit Purchase 0937- Fl O: OåuVooctgs E: Autofill Change Mode More Details O: Related ¯ Repons Optional post -Dated J: Stat Adjustment acep .337. 3—ecb ening 'db3e4 ing j _id" : 3-011' ' , "orc fec—c Unity D: Delete x: Cancel Vch El...
[shot] tds-068-P1-acc-sub1 (1024x768)
[08:03:17] [tds] screen tds-068-P1-acc-sub1 : x TallyPrime MANAGE EDU K: Company Accounting Voucher Creation 58 Pa ment No. 1 • Account Cash Y: Data Z: Exchange A Accept Q Search O: Import E: Export M: E-mail FinCom • ke Co p: print 20ct-26 Friday Amount Fl: Help Q: Date Company Ed: Contra F-5: Payment Receipt Journal Sales o Obd58 to ru 47b3- 0937- acep afec— Current balance: 1,200.00 Dr Particulars Narration: Quit Purchase 0937- Fl O: OåuVooctgs E: Autofill Change Mode More Details O: Related ¯ Repons Optional post -Dated J: Stat Adjustment acep .337. 3—ecb ening 'db3e4 ing j _id" : 3-011' ' , "orc fec—c Unity D: Delete x: Cancel Vch El...
[keys] 'Share Supplier{ENTER}' -> Tally 'TallyPrime:9000'
[shot] tds-069-P1-row1 (1024x768)
[08:03:21] [tds] screen tds-069-P1-row1 : x TallyPrime MANAGE EDU K: Company Accounting Voucher Creation 58 Pa ment No. 1 • Account Cash Y: Data Z: Exchange A Accept Q Search O: Import E: Export M: E-mail FinCom • ke Co p: print 20ct-26 Friday Amount Fl: Help Q: Date Company Ed: Contra F-5: Payment Receipt Journal Sales o Obd58 to ru 47b3- 0937- acep afec— Current balance: 1,200.00 Dr Particulars Share Supplier CurBal: 3,000.00 Cr Narration: Quit Purchase 0937- Fl O: OåuVooctgs E: Autofill Change Mode More Details O: Related ¯ Repons Optional post -Dated J: Stat acep .337. 3—ecb ening 'db3e4 ing j _id" : 3-011' ' , "orc fec—c Unity D:...
[shot] tds-070-P1-row1-a-sub1 (1024x768)
[08:03:22] [tds] screen tds-070-P1-row1-a-sub1 : x TallyPrime MANAGE EDU K: Company Accounting Voucher Creation 58 Pa ment No. 1 • Account Cash Y: Data Z: Exchange A Accept Q Search O: Import E: Export M: E-mail FinCom • ke Co p: print 20ct-26 Friday Amount Fl: Help Q: Date Company Ed: Contra F-5: Payment Receipt Journal Sales o Obd58 to ru 47b3- 0937- acep afec— Current balance: 1,200.00 Dr Particulars Share Supplier CurBal: 3,000.00 Cr Narration: Quit Purchase 0937- Fl O: OåuVooctgs E: Autofill Change Mode More Details O: Related ¯ Repons Optional post -Dated J: Stat acep .337. 3—ecb ening 'db3e4 ing j _id" : 3-011' ' , "orc fec—c Unity D:...
[keys] '400{ENTER}' -> Tally 'TallyPrime:9000'
[shot] tds-071-P1-row1-amt (1024x768)
[08:03:25] [tds] screen tds-071-P1-row1-amt : x TallyPrime MANAGE EDU K: Company Bill-wise Details Quit Y: Data Type of Ref St Ref Z: Exchange FinCom Spike Co Bill-wise Details for : Share Supplier Up to: 400.00 Dr O: Import Amount E: Export M: E-mail p: pnnt Fl: Help x Name Method of Ad Advance Agst Ref New Ref On Account Accept Q Search Due Date, or Credit Days 20ct-26) Unity o Obd58 to ru 47b3- 0937- acep afec— 0937- acep .337. 3—ecb ening 'db3e4 ing j _id" : 3-011' ' , "orc fec—c Mode Windows Server 2025 Datacenter Build 26100.ge_release240331-1435 8:03 AM 10/8/2026
[shot] tds-072-P1-row1-bills1 (1024x768)
[08:03:26] [tds] screen tds-072-P1-row1-bills1 : x TallyPrime MANAGE EDU K: Company Bill-wise Details Quit Y: Data Type of Ref St Ref Z: Exchange FinCom Spike Co Bill-wise Details for : Share Supplier Up to: 400.00 Dr O: Import Amount E: Export M: E-mail p: pnnt Fl: Help x Name Method of Ad Advance Agst Ref New Ref On Account Accept Q Search Due Date, or Credit Days 20ct-26) Unity o Obd58 to ru 47b3- 0937- acep afec— 0937- acep .337. 3—ecb ening 'db3e4 ing j _id" : 3-011' ' , "orc fec—c Mode Windows Server 2025 Datacenter Build 26100.ge_release240331-1435 8:03 AM 10/8/2026
[keys] 'Agst Ref{ENTER}' -> Tally 'TallyPrime:9000'
[shot] tds-073-P1-row1-reftype (1024x768)
[08:03:30] [tds] screen tds-073-P1-row1-reftype : x TallyPrime MANAGE EDU K: Company Bill-wise Details Quit Y: Data Type of Ref Agst Ref Z: Exchange FinCom Spike Co Bill-wise Details for : Share Supplier Up to: 400.00 Dr O: Import Amount Date I-Oct-26 I-Oct-26 E: Export M: E-mail p: pnnt Fl: Help x Name Due Date, or Pendin Bills Name PB-I Balance 1,000.00 Dr 4,000.00 Cr Final Balance 1,000.00 Dr 4,000.00 Cr Unity o Obd58 to ru 47b3- 0937- acep afec— 0937- acep .337. 3—ecb ening 'db3e4 ing j _id" : 3-011' ' , "orc fec—c Mode Accept Q Search Windows Server 2025 Datacenter Build 26100.ge_release240331-1435 8:03 AM 10/8/2026
[keys] 'PB-1{ENTER}' -> Tally 'TallyPrime:9000'
[shot] tds-074-P1-row1-refname (1024x768)
[08:03:34] [tds] screen tds-074-P1-row1-refname : x TallyPrime MANAGE EDU K: Company Bill-wise Details Quit Y: Data Type of Ref Agst Ref Z: Exchange O: Import E: Export M: E-mail p: pnnt Fl: Help x FinCom Spike Co Bill-wise Details for : Share Supplier Up to: 400.00 Dr Name PB_I Accept Q Search Due Date, or Credit Days (wef 20ct-26) Amount $0.00 Dr 400.00 Dr Unity o Obd58 to ru 47b3- 0937- acep afec— 0937- acep .337. 3—ecb ening 'db3e4 ing j _id" : 3-011' ' , "orc fec—c Mode Windows Server 2025 Datacenter Build 26100.ge_release240331-1435 8:03 AM 10/8/2026
[keys] '{ENTER}' -> Tally 'TallyPrime:9000'
[shot] tds-075-P1-row1-refamount (1024x768)
[08:03:37] [tds] screen tds-075-P1-row1-refamount : x TallyPrime MANAGE EDU K: Company Bill-wise Details Quit Y: Data Type of Ref Agst Ref Z: Exchange O: Import E: Export M: E-mail p: pnnt Fl: Help x FinCom Spike Co Bill-wise Details for : Share Supplier Up to: 400.00 Dr Name PB_I Accept Q Search Due Date, or Credit Days (wef 20ct-26) Amount 400.00 400.00 Dr Unity o Obd58 to ru 47b3- 0937- acep afec— 0937- acep .337. 3—ecb ening 'db3e4 ing j _id" : 3-011' ' , "orc fec—c Mode Windows Server 2025 Datacenter Build 26100.ge_release240331-1435 8:03 AM 10/8/2026
[shot] tds-076-P1-row1-bills2 (1024x768)
[08:03:38] [tds] screen tds-076-P1-row1-bills2 : x TallyPrime MANAGE EDU K: Company Bill-wise Details Quit Y: Data Type of Ref Agst Ref Z: Exchange O: Import E: Export M: E-mail p: pnnt Fl: Help x FinCom Spike Co Bill-wise Details for : Share Supplier Up to: 400.00 Dr Name PB_I Accept Q Search Due Date, or Credit Days (wef 20ct-26) Amount 400.00 Dr 400.00 Dr Unity o Obd58 to ru 47b3- 0937- acep afec— 0937- acep .337. 3—ecb ening 'db3e4 ing j _id" : 3-011' ' , "orc fec—c Mode Windows Server 2025 Datacenter Build 26100.ge_release240331-1435 8:03 AM 10/8/2026
[keys] '^a' -> Tally 'TallyPrime:9000'
[shot] tds-077-P1-row1-bills-accept (1024x768)
[08:03:42] [tds] screen tds-077-P1-row1-bills-accept : x TallyPrime MANAGE EDU K: Company Accounting Voucher Creation 58 Pa ment No. 1 • Account Cash Current balance: 800.00 Dr Particulars Share Supplier Y: Data Z: Exchange 400.00 Dr A Accept Q Search O: Import E: Export M: E-mail FinCom • ke Co p: print 20ct-26 Friday Amount 400.00 400.00 Fl: Help Q: Date Company Ed: Contra F-5: Payment Receipt : Journal Sales o Obd58 to ru 47b3- 0937- acep afec— CurBal: 2,600.00 Cr Agst Ref PB-I Narration: Quit Purchase 0937- Fl O: OåuVooctgs E: Autofill Change Mode More Details O: Related ¯ Repons Optional post -Dated J: Stat acep .337. 3—ecb ening 'db3e4 ing j...
[shot] tds-078-P1-row1-bills3 (1024x768)
[08:03:43] [tds] screen tds-078-P1-row1-bills3 : x TallyPrime MANAGE EDU K: Company Accounting Voucher Creation 58 Pa ment No. 1 • Account Cash Current balance: 800.00 Dr Particulars Share Supplier Y: Data Z: Exchange 400.00 Dr A Accept Q Search O: Import E: Export M: E-mail FinCom • ke Co p: print 20ct-26 Friday Amount 400.00 400.00 Fl: Help Q: Date Company Ed: Contra F-5: Payment Receipt : Journal Sales o Obd58 to ru 47b3- 0937- acep afec— CurBal: 2,600.00 Cr Agst Ref PB-I Narration: Quit Purchase 0937- Fl O: OåuVooctgs E: Autofill Change Mode More Details O: Related ¯ Repons Optional post -Dated J: Stat acep .337. 3—ecb ening 'db3e4 ing j...
[shot] tds-079-P1-row1-b-sub1 (1024x768)
[08:03:43] [tds] screen tds-079-P1-row1-b-sub1 : x TallyPrime MANAGE EDU K: Company Accounting Voucher Creation 58 Pa ment No. 1 • Account Cash Current balance: 800.00 Dr Particulars Share Supplier Y: Data Z: Exchange 400.00 Dr A Accept Q Search O: Import E: Export M: E-mail FinCom • ke Co p: print 20ct-26 Friday Amount 400.00 400.00 Fl: Help Q: Date Company Ed: Contra F-5: Payment Receipt : Journal Sales o Obd58 to ru 47b3- 0937- acep afec— CurBal: 2,600.00 Cr Agst Ref PB-I Narration: Quit Purchase 0937- Fl O: OåuVooctgs E: Autofill Change Mode More Details O: Related ¯ Repons Optional post -Dated J: Stat acep .337. 3—ecb ening 'db3e4 ing j...
[keys] '{ENTER}' -> Tally 'TallyPrime:9000'
[shot] tds-080-P1-rows-done (1024x768)
[08:03:47] [tds] screen tds-080-P1-rows-done : x TallyPrime MANAGE EDU K: Company Accounting Voucher Creation 58 Pa ment No. 1 • Account Cash Current balance: 800.00 Dr Particulars Share Supplier Y: Data Z: Exchange 400.00 Dr Accept Q Search O: Import E: Export M: E-mail FinCom • ke Co p: print 20ct-26 Friday Amount 400.00 400.00 Fl: Help Q: Date Company Ed: Contra F-5: Payment Receipt : Journal Sales o Obd58 to ru 47b3- 0937- acep afec— CurBal: 2,600.00 Cr Agst Ref PB-I Narration: Quit Purchase 0937- Fl O: OåuVooctgs E: Autofill Change Mode More Details O: Related ¯ Repons Optional post -Dated J: Stat acep .337. 3—ecb ening 'db3e4 ing j _...
[shot] tds-081-P1-done-sub1 (1024x768)
[08:03:48] [tds] screen tds-081-P1-done-sub1 : x TallyPrime MANAGE EDU K: Company Accounting Voucher Creation 58 Pa ment No. 1 • Account Cash Current balance: 800.00 Dr Particulars Share Supplier Y: Data Z: Exchange 400.00 Dr Accept Q Search O: Import E: Export M: E-mail FinCom • ke Co p: print 20ct-26 Friday Amount 400.00 400.00 Fl: Help Q: Date Company Ed: Contra F-5: Payment Receipt : Journal Sales o Obd58 to ru 47b3- 0937- acep afec— CurBal: 2,600.00 Cr Agst Ref PB-I Narration: Quit Purchase 0937- Fl O: OåuVooctgs E: Autofill Change Mode More Details O: Related ¯ Repons Optional post -Dated J: Stat acep .337. 3—ecb ening 'db3e4 ing j _...
[keys] 'share payment agst{ENTER}' -> Tally 'TallyPrime:9000'
[shot] tds-082-P1-narr (1024x768)
[08:03:52] [tds] screen tds-082-P1-narr : TallyPrime MANAGE EDU K: Company Accounting Voucher Creation 58 Pa ment No. 1 • Account Cash Current balance: 800.00 Dr Particulars Share Supplier Y: Data Z: Exchange 400.00 Dr A: Accept Q Search O: Import E: Export M: E-mail FinCom CurBal: 2,600.00 Cr Agst Ref PB-I Narration: share payment agst Q: Quit p: print 20ct-26 Friday Amount 400.00 400.00 Accept Q Yes or No x Fl: Help F-2: Date F-3: Company F-4: Contra F-5: Payment F-6: Receipt F-7: Journal F-9: Purchase PIO: E: Autofill H: Change = Mode I: More - Details O: Related ¯ Repons L: Optional T: post = -Dated J: Stat o Obd58 to ru 47b3- 093...
[keys] '^a' -> Tally 'TallyPrime:9000'
[shot] tds-083-P1-accept1 (1024x768)
[08:03:56] [tds] screen tds-083-P1-accept1 : x TallyPrime MANAGE EDU K: Company Y: Data Z: Exchange A Accept Q Search O: Import E: Export M: E-mail Accounting Voucher Creation 58 Pa ment No. 2 • Account Current balance: Particulars Narration: Unity Quit FinCom • ke Co p: print 20ct-26 Friday Amount Fl: Help Q: Date Company Ed: Contra F-5: Payment Receipt Journal Sales o Obd58 to ru 47b3- 0937- acep afec— Purchase 0937- Fl O: OåuVooctgs E: Autofill Change Mode More Details O: Related ¯ Repons Optional post -Dated J: Stat Adjustment acep .337. 3—ecb ening 'db3e4 ing j _id" : 3-011' ' , "orc fec—c D: Delete x: Cancel Vch El 2: Configure Mod...
[shot] tds-084-P1-after1 (1024x768)
[08:03:57] [tds] screen tds-084-P1-after1 : x TallyPrime MANAGE EDU K: Company Y: Data Z: Exchange A Accept Q Search O: Import E: Export M: E-mail Accounting Voucher Creation 58 Pa ment No. 2 • Account Current balance: Particulars Narration: Unity Quit FinCom • ke Co p: print 20ct-26 Friday Amount Fl: Help Q: Date Company Ed: Contra F-5: Payment Receipt Journal Sales o Obd58 to ru 47b3- 0937- acep afec— Purchase 0937- Fl O: OåuVooctgs E: Autofill Change Mode More Details O: Related ¯ Repons Optional post -Dated J: Stat Adjustment acep .337. 3—ecb ening 'db3e4 ing j _id" : 3-011' ' , "orc fec—c D: Delete x: Cancel Vch El 2: Configure Mod...
[keys] '^a' -> Tally 'TallyPrime:9000'
[shot] tds-085-P1-accept2 (1024x768)
[08:04:02] [tds] screen tds-085-P1-accept2 : x TallyPrime MANAGE EDU K: Company Accounting Voucher Creation Q: Quit Y: Data Z: Exchange A: Accept Q Search O: Import E: Export M: E-mail FinCom Spike Co p: print x Error Oops! No Entries in Voucher! Fl: Help F-2: Date F-3: Company F-4: Contra F-5: Payment F-6: Receipt F-7: Journal F-9: Purchase PIO: E: Autofill H: Change = Mode I: More - Details O: Related ¯ Repons L: Optional T: post = -Dated J: Stat o Obd58 to ru 47b3- 0937- acep afec— 0937- acep .337. 3—ecb ening 'db3e4 ing j _id" : 3-011' ' , "orc fec—c Unity p: Delete , cancel vch ¯ Adjustment F-12: Configure Mode Windows Server 2025 D...
[shot] tds-086-P1-after2 (1024x768)
[08:04:03] [tds] screen tds-086-P1-after2 : x TallyPrime MANAGE EDU K: Company Accounting Voucher Creation Q: Quit Y: Data Z: Exchange A: Accept Q Search O: Import E: Export M: E-mail FinCom Spike Co p: print x Error Oops! No Entries in Voucher! Fl: Help F-2: Date F-3: Company F-4: Contra F-5: Payment F-6: Receipt F-7: Journal F-9: Purchase PIO: E: Autofill H: Change = Mode I: More - Details O: Related ¯ Repons L: Optional T: post = -Dated J: Stat o Obd58 to ru 47b3- 0937- acep afec— 0937- acep .337. 3—ecb ening 'db3e4 ing j _id" : 3-011' ' , "orc fec—c Unity p: Delete , cancel vch ¯ Adjustment F-12: Configure Mode Windows Server 2025 D...
[keys] '^a' -> Tally 'TallyPrime:9000'
[shot] tds-087-P1-accept3 (1024x768)
[08:04:07] [tds] screen tds-087-P1-accept3 : x TallyPrime MANAGE EDU K: Company Accounting Voucher Creation 58 Pa ment No. 2 Cash • Account Current balance: 800.00 Dr Particulars End of List Cur Bal: Narration: Unity Quit Y: Data Z: Exchange A Accept Q Search FinCom • ke Co O: Import E: Export List of Led er Accounts Cash Share Bank M: E-mail p: pnnt x Create Fl: Help Q: Date Company Ed: Contra F-5: Payment Receipt Journal Sales o Obd58 to ru 47b3- 0937- acep afec— Purchase 0937- Fl O: OåuVooctgs E: Autofill Change Mode More Details O: Related ¯ Repons Optional post -Dated J: Stat acep .337. 3—ecb ening 'db3e4 ing j _id" : 3-011' ' , "or...
[shot] tds-088-P1-after3 (1024x768)
[08:04:08] [tds] screen tds-088-P1-after3 : x TallyPrime MANAGE EDU K: Company Accounting Voucher Creation 58 Pa ment No. 2 • Account Cash Current balance: 800.00 Dr Particulars End of List Cur Bal: Narration: Unity Quit Y: Data Z: Exchange A Accept Q Search FinCom • ke Co O: Import E: Export List of Led er Accounts Cash Share Bank M: E-mail p: pnnt x Create Fl: Help Q: Date Company Ed: Contra F-5: Payment Receipt Journal Sales o Obd58 to ru 47b3- 0937- acep afec— Purchase 0937- Fl O: OåuVooctgs E: Autofill Change Mode More Details O: Related ¯ Repons Optional post -Dated J: Stat acep .337. 3—ecb ening 'db3e4 ing j _id" : 3-011' ' , "or...
[shot] tds-089-gw0 (1024x768)
[08:04:09] [tds] screen tds-089-gw0 : x TallyPrime MANAGE EDU K: Company Accounting Voucher Creation 58 Pa ment No. 2 • Account Cash Current balance: 800.00 Dr Particulars End of List Cur Bal: Narration: Unity Quit Y: Data Z: Exchange A Accept Q Search FinCom • ke Co O: Import E: Export List of Led er Accounts Cash Share Bank M: E-mail p: pnnt x Create Fl: Help Q: Date Company Ed: Contra F-5: Payment Receipt Journal Sales o Obd58 to ru 47b3- 0937- acep afec— Purchase 0937- Fl O: OåuVooctgs E: Autofill Change Mode More Details O: Related ¯ Repons Optional post -Dated J: Stat acep .337. 3—ecb ening 'db3e4 ing j _id" : 3-011' ' , "or...
[keys] '{ESC}' -> Tally 'TallyPrime:9000'
[shot] tds-090-gw1 (1024x768)
[08:04:13] [tds] screen tds-090-gw1 : x TallyPrime MANAGE EDU K: Company Accounting Voucher Creation 58 Pa ment No. 2 • Account Current balance: 800.00 Dr Particulars End of List Cur Bal: Narration: Unity Quit Y: Data Z: Exchange A Accept Q Search FinCom • ke Co O: Import E: Export List of Led er Accounts Cash Share Bank M: E-mail p: pnnt x Create Fl: Help Q: Date Company Ed: Contra F-5: Payment Receipt Journal Sales o Obd58 to ru 47b3- 0937- acep afec— Purchase 0937- Fl O: OåuVooctgs E: Autofill Change Mode More Details O: Related ¯ Repons Optional post -Dated J: Stat acep .337. 3—ecb ening 'db3e4 ing j _id" : 3-011' ' , "orc fec...
[keys] '{ESC}' -> Tally 'TallyPrime:9000'
[shot] tds-091-gw2 (1024x768)
[08:04:16] [tds] screen tds-091-gw2 : TallyPrime MANAGE EDU K: Company Accounting Voucher Creation 58 Pa ment No. 2 • Account Current balance: 800.00 Dr Particulars End of List Cur Bal: Narration: Unity Q: Quit Y: Data Z: Exchange A: Accept Q Search O: Import E: Export M: E-mail FinCom p: print 20ct-26 Friday Amount Quit o Yes or No x Fl: Help F-2: Date F-3: Company F-4: Contra F-5: Payment F-6: Receipt F-7: Journal F-9: Purchase PIO: E: Autofill H: Change = Mode I: More - Details O: Related ¯ Repons L: Optional T: post = -Dated J: Stat ¯ Adjustment o Obd58 to ru 47b3- 0937- acep afec— 0937- acep .337. 3—ecb ening 'db3e4 ing j _id...
[keys] 'y' -> Tally 'TallyPrime:9000'
[shot] tds-092-gw3 (1024x768)
[08:04:20] [tds] screen tds-092-gw3 : TallyPrime MANAGE EDU K: Company Gatewa of Tall CURRENT PERIOD I-Apr-26 to 31-Mar-27 NAME OF COMPANY FinCom Spike Co Y: Data Z: Exchange O: Import E: Export M: E-mail p: pnnt x Fl: Help Date Company o Obd58 to ru 47b3- 0937- acep afec— 0937- acep .337. 3—ecb ening 'db3e4 ing j _id" : 3-011' ' , "orc fec—c Mode Q CURRENT OATE Friday, 2-Oct-2026 2-Oct-26 Search Gateway of Tally MASTERS Create Alter CHart of Accounts TRANSACTIONS Vouchers Day 800K UTILITIES BaNking REPORTS Balance Sheet Profit & Loss A/c Stock Summary Ratio Analysis Display More Reports Quit Unity Windows Server 2025 Datacenter B...
  voucher mid=1 aid=1 Journal/1/20260401 guid=54bedff5-92fe-437d-85c8-74d1712959f4-00000001 cancelled=False
  voucher mid=2 aid=2 Journal/2/20261001 guid=54bedff5-92fe-437d-85c8-74d1712959f4-00000002 cancelled=False
  voucher mid=3 aid=3 Journal/3/20261001 guid=54bedff5-92fe-437d-85c8-74d1712959f4-00000003 cancelled=False
  voucher mid=4 aid=4 Journal/4/20261001 guid=54bedff5-92fe-437d-85c8-74d1712959f4-00000004 cancelled=False
  voucher mid=5 aid=5 Journal/5/20261001 guid=54bedff5-92fe-437d-85c8-74d1712959f4-00000005 cancelled=False
  voucher mid=6 aid=6 Payroll/1/20261001 guid=54bedff5-92fe-437d-85c8-74d1712959f4-00000006 cancelled=False
  voucher mid=7 aid=7 Sales/1/20261002 guid=54bedff5-92fe-437d-85c8-74d1712959f4-00000007 cancelled=False
  voucher mid=8 aid=8 Receipt/1/20261002 guid=54bedff5-92fe-437d-85c8-74d1712959f4-00000008 cancelled=False
  voucher mid=9 aid=9 Receipt/2/20261002 guid=54bedff5-92fe-437d-85c8-74d1712959f4-00000009 cancelled=False
  voucher mid=10 aid=10 Payment/1/20261002 guid=54bedff5-92fe-437d-85c8-74d1712959f4-0000000a cancelled=False
  INFO share payment-agst (payment to a supplier against its bill (Agst Ref PB-1)): Tally Payment 1 mid 10; stored party 'Share Supplier' bills [Agst Ref]; the line party '' bills [Agst Ref]; lines voucher_accept_post x1, voucher_full x1
######## ANSWERED hang3 step 4 payment-agst: after payment-agst: 2.3.4 object answered (10 ms, the entry in it); 2.3.3 by master answered (29 ms, the entry in it); Tally answers after: True; started again: ; 2.3.3 after the restart: 
[08:04:23] ---- share payment-expense: payment of an expense (no party)
  voucher mid=1 aid=1 Journal/1/20260401 guid=54bedff5-92fe-437d-85c8-74d1712959f4-00000001 cancelled=False
  voucher mid=2 aid=2 Journal/2/20261001 guid=54bedff5-92fe-437d-85c8-74d1712959f4-00000002 cancelled=False
  voucher mid=3 aid=3 Journal/3/20261001 guid=54bedff5-92fe-437d-85c8-74d1712959f4-00000003 cancelled=False
  voucher mid=4 aid=4 Journal/4/20261001 guid=54bedff5-92fe-437d-85c8-74d1712959f4-00000004 cancelled=False
  voucher mid=5 aid=5 Journal/5/20261001 guid=54bedff5-92fe-437d-85c8-74d1712959f4-00000005 cancelled=False
  voucher mid=6 aid=6 Payroll/1/20261001 guid=54bedff5-92fe-437d-85c8-74d1712959f4-00000006 cancelled=False
  voucher mid=7 aid=7 Sales/1/20261002 guid=54bedff5-92fe-437d-85c8-74d1712959f4-00000007 cancelled=False
  voucher mid=8 aid=8 Receipt/1/20261002 guid=54bedff5-92fe-437d-85c8-74d1712959f4-00000008 cancelled=False
  voucher mid=9 aid=9 Receipt/2/20261002 guid=54bedff5-92fe-437d-85c8-74d1712959f4-00000009 cancelled=False
  voucher mid=10 aid=10 Payment/1/20261002 guid=54bedff5-92fe-437d-85c8-74d1712959f4-0000000a cancelled=False
[shot] tds-093-gw0 (1024x768)
[08:04:24] [tds] screen tds-093-gw0 : TallyPrime MANAGE EDU K: Company Gatewa of Tall CURRENT PERIOD I-Apr-26 to 31-Mar-27 NAME OF COMPANY FinCom Spike Co Y: Data Z: Exchange O: Import E: Export M: E-mail p: pnnt x Fl: Help Date Company o Obd58 to ru 47b3- 0937- acep afec— 0937- acep .337. 3—ecb ening 'db3e4 ing j _id" : 3-011' ' , "orc fec—c Mode Q CURRENT OATE Friday, 2-Oct-2026 2-Oct-26 Search Gateway of Tally MASTERS Create Alter CHart of Accounts TRANSACTIONS Vouchers Day 800K UTILITIES BaNking REPORTS Balance Sheet Profit & Loss A/c Stock Summary Ratio Analysis Display More Reports Quit Unity Windows Server 2025 Datacenter B...
[shot] tds-094-P2-start (1024x768)
[08:04:25] [tds] screen tds-094-P2-start : TallyPrime MANAGE EDU K: Company Gatewa of Tall CURRENT PERIOD I-Apr-26 to 31-Mar-27 NAME OF COMPANY FinCom Spike Co Y: Data Z: Exchange O: Import E: Export M: E-mail p: pnnt x Fl: Help Date Company o Obd58 to ru 47b3- 0937- acep afec— 0937- acep .337. 3—ecb ening 'db3e4 ing j _id" : 3-011' ' , "orc fec—c Mode Q CURRENT OATE Friday, 2-Oct-2026 2-Oct-26 Search Gateway of Tally MASTERS Create Alter CHart of Accounts TRANSACTIONS Vouchers Day 800K UTILITIES BaNking REPORTS Balance Sheet Profit & Loss A/c Stock Summary Ratio Analysis Display More Reports Quit Unity Windows Server 2025 Datacenter B...
[keys] 'v' -> Tally 'TallyPrime:9000'
[shot] tds-095-P2-vouchers (1024x768)
[08:04:29] [tds] screen tds-095-P2-vouchers : x TallyPrime MANAGE EDU K: Company Y: Data Z: Exchange A Accept Q Search O: Import E: Export M: E-mail Accounting Voucher Creation 58 Pa ment No. 2 • Account Current balance: Particulars Narration: Unity Quit FinCom • ke Co p: print 20ct-26 Friday Amount Fl: Help Q: Date Company Ed: Contra F-5: Payment Receipt Journal Sales o Obd58 to ru 47b3- 0937- acep afec— Purchase 0937- Fl O: OåuVooctgs E: Autofill Change Mode More Details O: Related ¯ Repons Optional post -Dated J: Stat Adjustment acep .337. 3—ecb ening 'db3e4 ing j _id" : 3-011' ' , "orc fec—c D: Delete x: Cancel Vch El 2: Configure Mod...
[keys] '{F5}' -> Tally 'TallyPrime:9000'
[shot] tds-096-P2-type (1024x768)
[08:04:33] [tds] screen tds-096-P2-type : x TallyPrime MANAGE EDU K: Company Y: Data Z: Exchange A Accept Q Search O: Import E: Export M: E-mail Accounting Voucher Creation 58 Pa ment No. 2 • Account Current balance: Particulars Narration: Unity Quit FinCom • ke Co p: print 20ct-26 Friday Amount Fl: Help Q: Date Company Ed: Contra F-5: Payment Receipt Journal Sales o Obd58 to ru 47b3- 0937- acep afec— Purchase 0937- Fl O: OåuVooctgs E: Autofill Change Mode More Details O: Related ¯ Repons Optional post -Dated J: Stat Adjustment acep .337. 3—ecb ening 'db3e4 ing j _id" : 3-011' ' , "orc fec—c D: Delete x: Cancel Vch El 2: Configure Mod...
[keys] '{F2}' -> Tally 'TallyPrime:9000'
[shot] tds-097-P2-date-box (1024x768)
[08:04:36] [tds] screen tds-097-P2-date-box : TallyPrime MANAGE EDU K: Company Change Voucher Date Unity Quit Y: Data Z: Exchange A Accept Q Search O: Import E: Export M: E-mail p: pnnt x Fl: Help FinCom Spike Co Voucher Date 3-10-2026 o Obd58 to ru 47b3- 0937- acep afec— 0937- acep .337. 3—ecb ening 'db3e4 ing j _id" : 3-011' ' , "orc fec—c Mode Windows Server 2025 Datacenter Build 26100.ge_release240331-1435 8:04 AM 10/8/2026
[keys] '2-10-2026{ENTER}' -> Tally 'TallyPrime:9000'
[shot] tds-098-P2-date (1024x768)
[08:04:40] [tds] screen tds-098-P2-date : x TallyPrime MANAGE EDU K: Company Y: Data Z: Exchange A Accept Q Search O: Import E: Export M: E-mail Accounting Voucher Creation 58 Pa ment No. 2 • Account Current balance: Particulars Narration: Unity Quit FinCom • ke Co p: print 20ct-26 Friday Amount Fl: Help Q: Date Company Ed: Contra F-5: Payment Receipt Journal Sales o Obd58 to ru 47b3- 0937- acep afec— Purchase 0937- Fl O: OåuVooctgs E: Autofill Change Mode More Details O: Related ¯ Repons Optional post -Dated J: Stat Adjustment acep .337. 3—ecb ening 'db3e4 ing j _id" : 3-011' ' , "orc fec—c D: Delete x: Cancel Vch El 2: Configure Mod...
[keys] 'Cash{ENTER}' -> Tally 'TallyPrime:9000'
[shot] tds-099-P2-account (1024x768)
[08:04:44] [tds] screen tds-099-P2-account : x TallyPrime MANAGE EDU K: Company Y: Data Z: Exchange A Accept Q Search O: Import E: Export M: E-mail Accounting Voucher Creation 58 Pa ment No. 2 • Account Cash Current balance: 800.00 Dr Particulars Narration: Unity Quit FinCom • ke Co p: print 20ct-26 Friday Amount Fl: Help Q: Date Company Ed: Contra F-5: Payment Receipt Journal Sales o Obd58 to ru 47b3- 0937- acep afec— Purchase 0937- Fl O: OåuVooctgs E: Autofill Change Mode More Details O: Related ¯ Repons Optional post -Dated J: Stat Adjustment acep .337. 3—ecb ening 'db3e4 ing j _id" : 3-011' ' , "orc fec—c D: Delete x: Cancel Vch El 2...
[shot] tds-100-P2-acc-sub1 (1024x768)
[08:04:45] [tds] screen tds-100-P2-acc-sub1 : x TallyPrime MANAGE EDU K: Company Y: Data Z: Exchange A Accept Q Search O: Import E: Export M: E-mail Accounting Voucher Creation 58 Pa ment No. 2 • Account Cash Current balance: 800.00 Dr Particulars Narration: Unity Quit FinCom • ke Co p: print 20ct-26 Friday Amount Fl: Help Q: Date Company Ed: Contra F-5: Payment Receipt Journal Sales o Obd58 to ru 47b3- 0937- acep afec— Purchase 0937- Fl O: OåuVooctgs E: Autofill Change Mode More Details O: Related ¯ Repons Optional post -Dated J: Stat Adjustment acep .337. 3—ecb ening 'db3e4 ing j _id" : 3-011' ' , "orc fec—c D: Delete x: Cancel Vch El 2...
[keys] 'Share Expense{ENTER}' -> Tally 'TallyPrime:9000'
[shot] tds-101-P2-row1 (1024x768)
[08:04:48] [tds] screen tds-101-P2-row1 : x TallyPrime MANAGE EDU K: Company Accounting Voucher Creation 58 Pa ment No. 2 • Account Cash Current balance: 800.00 Dr Particulars Share Expense Y: Data Z: Exchange A Accept Q Search O: Import E: Export M: E-mail FinCom • ke Co p: print 20ct-26 Friday Amount Fl: Help Q: Date Company Ed: Contra F-5: Payment Receipt Journal Sales o Obd58 to ru 47b3- 0937- acep afec— CurBal: 4,000.00 Dr Narration: Quit Purchase 0937- Fl O: OåuVooctgs E: Autofill Change Mode More Details O: Related ¯ Repons Optional post -Dated J: Stat acep .337. 3—ecb ening 'db3e4 ing j _id" : 3-011' ' , "orc fec—c Unity D: De...
[shot] tds-102-P2-row1-a-sub1 (1024x768)
[08:04:49] [tds] screen tds-102-P2-row1-a-sub1 : x TallyPrime MANAGE EDU K: Company Accounting Voucher Creation 58 Pa ment No. 2 • Account Cash Current balance: 800.00 Dr Particulars Share Expense Y: Data Z: Exchange A Accept Q Search O: Import E: Export M: E-mail FinCom • ke Co p: print 20ct-26 Friday Amount Fl: Help Q: Date Company Ed: Contra F-5: Payment Receipt Journal Sales o Obd58 to ru 47b3- 0937- acep afec— CurBal: 4,000.00 Dr Narration: Quit Purchase 0937- Fl O: OåuVooctgs E: Autofill Change Mode More Details O: Related ¯ Repons Optional post -Dated J: Stat acep .337. 3—ecb ening 'db3e4 ing j _id" : 3-011' ' , "orc fec—c Unity D: De...
[keys] '300{ENTER}' -> Tally 'TallyPrime:9000'
[shot] tds-103-P2-row1-amt (1024x768)
[08:04:53] [tds] screen tds-103-P2-row1-amt : TallyPrime MANAGE EDU K: Company Cost Centre Allocations Unity Quit Y: Data Z: Exchange O: Import E: Export M: E-mail p: pnnt x Fl: Help FinCom Spike Co Cost Allocations for : Share Expense Up to: 300.00 Dr Name of Cost Centre A Accept Q Search Amount o Obd58 to ru 47b3- 0937- acep afec— 0937- acep .337. 3—ecb ening 'db3e4 ing j _id" : 3-011' ' , "orc fec—c Mode Windows Server 2025 Datacenter Build 26100.ge_release240331-1435 8:04 AM 10/8/2026
[shot] tds-104-P2-row1-bills1 (1024x768)
[08:04:54] [tds] screen tds-104-P2-row1-bills1 : TallyPrime MANAGE EDU K: Company Cost Centre Allocations Unity Quit Y: Data Z: Exchange O: Import E: Export M: E-mail p: pnnt x Fl: Help FinCom Spike Co Cost Allocations for : Share Expense Up to: 300.00 Dr Name of Cost Centre A Accept Q Search Amount o Obd58 to ru 47b3- 0937- acep afec— 0937- acep .337. 3—ecb ening 'db3e4 ing j _id" : 3-011' ' , "orc fec—c Mode Windows Server 2025 Datacenter Build 26100.ge_release240331-1435 8:04 AM 10/8/2026
[shot] tds-105-P2-row1-b-sub1 (1024x768)
[08:04:55] [tds] screen tds-105-P2-row1-b-sub1 : TallyPrime MANAGE EDU K: Company Cost Centre Allocations Unity Quit Y: Data Z: Exchange O: Import E: Export M: E-mail p: pnnt x Fl: Help FinCom Spike Co Cost Allocations for : Share Expense Up to: 300.00 Dr Name of Cost Centre A Accept Q Search Amount o Obd58 to ru 47b3- 0937- acep afec— 0937- acep .337. 3—ecb ening 'db3e4 ing j _id" : 3-011' ' , "orc fec—c Mode Windows Server 2025 Datacenter Build 26100.ge_release240331-1435 8:04 AM 10/8/2026
[keys] '^a' -> Tally 'TallyPrime:9000'
[shot] tds-106-P2-row1-b-sub-accept (1024x768)
[08:04:58] [tds] screen tds-106-P2-row1-b-sub-accept : x TallyPrime MANAGE EDU K: Company Accounting Voucher Creation 58 Pa ment No. 2 • Account Cash Current balance: 500.00 Dr Particulars Share Expense Y: Data Z: Exchange 300.00 Dr A Accept Q Search O: Import E: Export M: E-mail FinCom • ke Co p: print 20ct-26 Friday Amount 300.00 300.00 Fl: Help Q: Date Company Ed: Contra F-5: Payment Receipt : Journal Sales o Obd58 to ru 47b3- 0937- acep afec— CurBal: 4,300.00 Dr Share Emp 1 Narration: Quit Purchase 0937- Fl O: OåuVooctgs E: Autofill Change Mode More Details O: Related ¯ Repons Optional post -Dated J: Stat acep .337. 3—ecb ening 'db3e4 ing j _i...
[shot] tds-107-P2-row1-b-sub2 (1024x768)
[08:04:59] [tds] screen tds-107-P2-row1-b-sub2 : x TallyPrime MANAGE EDU K: Company Accounting Voucher Creation 58 Pa ment No. 2 • Account Cash Current balance: 500.00 Dr Particulars Share Expense Y: Data Z: Exchange 300.00 Dr A Accept Q Search O: Import E: Export M: E-mail FinCom • ke Co p: print 20ct-26 Friday Amount 300.00 300.00 Fl: Help Q: Date Company Ed: Contra F-5: Payment Receipt : Journal Sales o Obd58 to ru 47b3- 0937- acep afec— CurBal: 4,300.00 Dr Share Emp 1 Narration: Quit Purchase 0937- Fl O: OåuVooctgs E: Autofill Change Mode More Details O: Related ¯ Repons Optional post -Dated J: Stat acep .337. 3—ecb ening 'db3e4 ing j _i...
[keys] '{ENTER}' -> Tally 'TallyPrime:9000'
[shot] tds-108-P2-rows-done (1024x768)
[08:05:03] [tds] screen tds-108-P2-rows-done : x TallyPrime MANAGE EDU K: Company Accounting Voucher Creation 58 Pa ment No. 2 • Account Cash Current balance: 500.00 Dr Particulars Share Expense Y: Data Z: Exchange 300.00 Dr Accept Q Search O: Import E: Export M: E-mail FinCom • ke Co p: print 20ct-26 Friday Amount 300.00 300.00 Fl: Help Q: Date Company Ed: Contra F-5: Payment Receipt : Journal Sales o Obd58 to ru 47b3- 0937- acep afec— CurBal: 4,300.00 Dr Share Emp 1 Narration: Quit Purchase 0937- Fl O: OåuVooctgs E: Autofill Change Mode More Details O: Related ¯ Repons Optional post -Dated J: Stat acep .337. 3—ecb ening 'db3e4 ing j _id"...
[shot] tds-109-P2-done-sub1 (1024x768)
[08:05:04] [tds] screen tds-109-P2-done-sub1 : x TallyPrime MANAGE EDU K: Company Accounting Voucher Creation 58 Pa ment No. 2 • Account Cash Current balance: 500.00 Dr Particulars Share Expense Y: Data Z: Exchange 300.00 Dr Accept Q Search O: Import E: Export M: E-mail FinCom • ke Co p: print 20ct-26 Friday Amount 300.00 300.00 Fl: Help Q: Date Company Ed: Contra F-5: Payment Receipt : Journal Sales o Obd58 to ru 47b3- 0937- acep afec— CurBal: 4,300.00 Dr Share Emp 1 Narration: Quit Purchase 0937- Fl O: OåuVooctgs E: Autofill Change Mode More Details O: Related ¯ Repons Optional post -Dated J: Stat acep .337. 3—ecb ening 'db3e4 ing j _id"...
[keys] 'share payment expense{ENTER}' -> Tally 'TallyPrime:9000'
[shot] tds-110-P2-narr (1024x768)
[08:05:08] [tds] screen tds-110-P2-narr : TallyPrime MANAGE EDU K: Company Accounting Voucher Creation 58 Pa ment No. 2 • Account Cash Current balance: 500.00 Dr Particulars Share Expense Y: Data Z: Exchange 300.00 Dr A: Accept Q Search O: Import E: Export M: E-mail FinCom CurBal: 4,300.00 Dr Share Emp 1 Narration: share payment expense Q: Quit p: print 20ct-26 Friday Amount 300.00 300.00 Accept Q Yes or No x Fl: Help F-2: Date F-3: Company F-4: Contra F-5: Payment F-6: Receipt F-7: Journal F-9: Purchase PIO: E: Autofill H: Change = Mode I: More - Details O: Related ¯ Repons L: Optional T: post = -Dated J: Stat o Obd58 to ru 47b3- 093...
[keys] '^a' -> Tally 'TallyPrime:9000'
[shot] tds-111-P2-accept1 (1024x768)
[08:05:12] [tds] screen tds-111-P2-accept1 : x TallyPrime MANAGE EDU K: Company Y: Data Z: Exchange A Accept Q Search O: Import E: Export M: E-mail Accounting Voucher Creation 58 Pa ment • Account Current balance: Particulars Narration: Unity Quit FinCom • ke Co p: print 20ct-26 Friday Amount Fl: Help Q: Date Company Ed: Contra F-5: Payment Receipt Journal Sales o Obd58 to ru 47b3- 0937- acep afec— Purchase 0937- Fl O: OåuVooctgs E: Autofill Change Mode More Details O: Related ¯ Repons Optional post -Dated J: Stat Adjustment acep .337. 3—ecb ening 'db3e4 ing j _id" : 3-011' ' , "orc fec—c D: Delete x: Cancel Vch El 2: Configure Mode Wind...
[shot] tds-112-P2-after1 (1024x768)
[08:05:13] [tds] screen tds-112-P2-after1 : x TallyPrime MANAGE EDU K: Company Y: Data Z: Exchange A Accept Q Search O: Import E: Export M: E-mail Accounting Voucher Creation 58 Pa ment • Account Current balance: Particulars Narration: Unity Quit FinCom • ke Co p: print 20ct-26 Friday Amount Fl: Help Q: Date Company Ed: Contra F-5: Payment Receipt Journal Sales o Obd58 to ru 47b3- 0937- acep afec— Purchase 0937- Fl O: OåuVooctgs E: Autofill Change Mode More Details O: Related ¯ Repons Optional post -Dated J: Stat Adjustment acep .337. 3—ecb ening 'db3e4 ing j _id" : 3-011' ' , "orc fec—c D: Delete x: Cancel Vch El 2: Configure Mode Wind...
[keys] '^a' -> Tally 'TallyPrime:9000'
[shot] tds-113-P2-accept2 (1024x768)
[08:05:18] [tds] screen tds-113-P2-accept2 : x TallyPrime MANAGE EDU K: Company Accounting Voucher Creation Q: Quit Y: Data Z: Exchange A: Accept Q Search O: Import E: Export M: E-mail FinCom Spike Co p: print x Error Oops! No Entries in Voucher! Fl: Help F-2: Date F-3: Company F-4: Contra F-5: Payment F-6: Receipt F-7: Journal F-9: Purchase PIO: E: Autofill H: Change = Mode I: More - Details O: Related ¯ Repons L: Optional T: post = -Dated J: Stat o Obd58 to ru 47b3- 0937- acep afec— 0937- acep .337. 3—ecb ening 'db3e4 ing j _id" : 3-011' ' , "orc fec—c Unity p: Delete , cancel vch ¯ Adjustment F-12: Configure Mode Windows Server 2025 D...
[shot] tds-114-P2-after2 (1024x768)
[08:05:19] [tds] screen tds-114-P2-after2 : x TallyPrime MANAGE EDU K: Company Accounting Voucher Creation Q: Quit Y: Data Z: Exchange A: Accept Q Search O: Import E: Export M: E-mail FinCom Spike Co p: print x Error Oops! No Entries in Voucher! Fl: Help F-2: Date F-3: Company F-4: Contra F-5: Payment F-6: Receipt F-7: Journal F-9: Purchase PIO: E: Autofill H: Change = Mode I: More - Details O: Related ¯ Repons L: Optional T: post = -Dated J: Stat o Obd58 to ru 47b3- 0937- acep afec— 0937- acep .337. 3—ecb ening 'db3e4 ing j _id" : 3-011' ' , "orc fec—c Unity p: Delete , cancel vch ¯ Adjustment F-12: Configure Mode Windows Server 2025 D...
[keys] '^a' -> Tally 'TallyPrime:9000'
[shot] tds-115-P2-accept3 (1024x768)
[08:05:23] [tds] screen tds-115-P2-accept3 : x TallyPrime MANAGE EDU K: Company Accounting Voucher Creation 58 Pa ment • Account Cash Current balance: 500.00 Dr Particulars End of List Cur Bal: Narration: Unity Quit Y: Data Z: Exchange A Accept Q Search FinCom • ke Co O: Import E: Export List of Led er Accounts Cash Share Bank M: E-mail p: pnnt x Create Fl: Help Q: Date Company Ed: Contra F-5: Payment Receipt Journal Sales o Obd58 to ru 47b3- 0937- acep afec— Purchase 0937- Fl O: OåuVooctgs E: Autofill Change Mode More Details O: Related ¯ Repons Optional post -Dated J: Stat acep .337. 3—ecb ening 'db3e4 ing j _id" : 3-011' ' , "orc fec—...
[shot] tds-116-P2-after3 (1024x768)
[08:05:24] [tds] screen tds-116-P2-after3 : x TallyPrime MANAGE EDU K: Company Accounting Voucher Creation 58 Pa ment • Account Cash Current balance: 500.00 Dr Particulars End of List Cur Bal: Narration: Unity Quit Y: Data Z: Exchange A Accept Q Search FinCom • ke Co O: Import E: Export List of Led er Accounts Cash Share Bank M: E-mail p: pnnt x Create Fl: Help Q: Date Company Ed: Contra F-5: Payment Receipt Journal Sales o Obd58 to ru 47b3- 0937- acep afec— Purchase 0937- Fl O: OåuVooctgs E: Autofill Change Mode More Details O: Related ¯ Repons Optional post -Dated J: Stat acep .337. 3—ecb ening 'db3e4 ing j _id" : 3-011' ' , "orc fec—...
[shot] tds-117-gw0 (1024x768)
[08:05:25] [tds] screen tds-117-gw0 : x TallyPrime MANAGE EDU K: Company Accounting Voucher Creation 58 Pa ment Cash • Account Current balance: 500.00 Dr Particulars End of List Cur Bal: Narration: Unity Quit Y: Data Z: Exchange A Accept Q Search FinCom • ke Co O: Import E: Export List of Led er Accounts Cash Share Bank M: E-mail p: pnnt x Create Fl: Help Q: Date Company Ed: Contra F-5: Payment Receipt Journal Sales o Obd58 to ru 47b3- 0937- acep afec— Purchase 0937- Fl O: OåuVooctgs E: Autofill Change Mode More Details O: Related ¯ Repons Optional post -Dated J: Stat acep .337. 3—ecb ening 'db3e4 ing j _id" : 3-011' ' , "orc fec—...
[keys] '{ESC}' -> Tally 'TallyPrime:9000'
[shot] tds-118-gw1 (1024x768)
[08:05:29] [tds] screen tds-118-gw1 : x TallyPrime MANAGE EDU K: Company Accounting Voucher Creation 58 Pa ment • Account Current balance: 500.00 Dr Particulars End of List Cur Bal: Narration: Unity Quit Y: Data Z: Exchange A Accept Q Search FinCom • ke Co O: Import E: Export List of Led er Accounts Cash Share Bank M: E-mail p: pnnt x Create Fl: Help Q: Date Company Ed: Contra F-5: Payment Receipt Journal Sales o Obd58 to ru 47b3- 0937- acep afec— Purchase 0937- Fl O: OåuVooctgs E: Autofill Change Mode More Details O: Related ¯ Repons Optional post -Dated J: Stat acep .337. 3—ecb ening 'db3e4 ing j _id" : 3-011' ' , "orc fec—c D: ...
[keys] '{ESC}' -> Tally 'TallyPrime:9000'
[shot] tds-119-gw2 (1024x768)
[08:05:32] [tds] screen tds-119-gw2 : TallyPrime MANAGE EDU K: Company Accounting Voucher Creation 58 Pa ment • Account Current balance: 500.00 Dr Particulars End of List Cur Bal: Narration: Unity Q: Quit Y: Data Z: Exchange A: Accept Q Search O: Import E: Export M: E-mail FinCom p: print 20ct-26 Friday Amount Quit o Yes or No x Fl: Help F-2: Date F-3: Company F-4: Contra F-5: Payment F-6: Receipt F-7: Journal F-9: Purchase PIO: E: Autofill H: Change = Mode I: More - Details O: Related ¯ Repons L: Optional T: post = -Dated J: Stat ¯ Adjustment o Obd58 to ru 47b3- 0937- acep afec— 0937- acep .337. 3—ecb ening 'db3e4 ing j _id" : 3-...
[keys] 'y' -> Tally 'TallyPrime:9000'
[shot] tds-120-gw3 (1024x768)
[08:05:36] [tds] screen tds-120-gw3 : TallyPrime MANAGE EDU K: Company Gatewa of Tall CURRENT PERIOD I-Apr-26 to 31-Mar-27 NAME OF COMPANY FinCom Spike Co Y: Data Z: Exchange O: Import E: Export M: E-mail p: pnnt x Fl: Help Date Company o Obd58 to ru 47b3- 0937- acep afec— 0937- acep .337. 3—ecb ening 'db3e4 ing j _id" : 3-011' ' , "orc fec—c Mode Q CURRENT OATE Friday, 2-Oct-2026 2-Oct-26 Search Gateway of Tally MASTERS Create Alter CHart of Accounts TRANSACTIONS Vouchers Day 800K UTILITIES BaNking REPORTS Balance Sheet Profit & Loss A/c Stock Summary Ratio Analysis Display More Reports Quit Unity Windows Server 2025 Datacenter B...
  voucher mid=1 aid=1 Journal/1/20260401 guid=54bedff5-92fe-437d-85c8-74d1712959f4-00000001 cancelled=False
  voucher mid=2 aid=2 Journal/2/20261001 guid=54bedff5-92fe-437d-85c8-74d1712959f4-00000002 cancelled=False
  voucher mid=3 aid=3 Journal/3/20261001 guid=54bedff5-92fe-437d-85c8-74d1712959f4-00000003 cancelled=False
  voucher mid=4 aid=4 Journal/4/20261001 guid=54bedff5-92fe-437d-85c8-74d1712959f4-00000004 cancelled=False
  voucher mid=5 aid=5 Journal/5/20261001 guid=54bedff5-92fe-437d-85c8-74d1712959f4-00000005 cancelled=False
  voucher mid=6 aid=6 Payroll/1/20261001 guid=54bedff5-92fe-437d-85c8-74d1712959f4-00000006 cancelled=False
  voucher mid=7 aid=7 Sales/1/20261002 guid=54bedff5-92fe-437d-85c8-74d1712959f4-00000007 cancelled=False
  voucher mid=8 aid=8 Receipt/1/20261002 guid=54bedff5-92fe-437d-85c8-74d1712959f4-00000008 cancelled=False
  voucher mid=9 aid=9 Receipt/2/20261002 guid=54bedff5-92fe-437d-85c8-74d1712959f4-00000009 cancelled=False
  voucher mid=10 aid=10 Payment/1/20261002 guid=54bedff5-92fe-437d-85c8-74d1712959f4-0000000a cancelled=False
  voucher mid=11 aid=11 Payment/2/20261002 guid=54bedff5-92fe-437d-85c8-74d1712959f4-0000000b cancelled=False
  INFO share payment-expense (payment of an expense (no party)): Tally Payment 2 mid 11; stored party 'Cash' bills []; the line party '' bills []; lines voucher_accept_post x1, voucher_full x1
######## ANSWERED hang3 step 5 payment-expense: after payment-expense: 2.3.4 object answered (10 ms, the entry in it); 2.3.3 by master answered (28 ms, the entry in it); Tally answers after: True; started again: ; 2.3.3 after the restart: 
[08:05:39] ---- share contra: contra: cash into the bank
  voucher mid=1 aid=1 Journal/1/20260401 guid=54bedff5-92fe-437d-85c8-74d1712959f4-00000001 cancelled=False
  voucher mid=2 aid=2 Journal/2/20261001 guid=54bedff5-92fe-437d-85c8-74d1712959f4-00000002 cancelled=False
  voucher mid=3 aid=3 Journal/3/20261001 guid=54bedff5-92fe-437d-85c8-74d1712959f4-00000003 cancelled=False
  voucher mid=4 aid=4 Journal/4/20261001 guid=54bedff5-92fe-437d-85c8-74d1712959f4-00000004 cancelled=False
  voucher mid=5 aid=5 Journal/5/20261001 guid=54bedff5-92fe-437d-85c8-74d1712959f4-00000005 cancelled=False
  voucher mid=6 aid=6 Payroll/1/20261001 guid=54bedff5-92fe-437d-85c8-74d1712959f4-00000006 cancelled=False
  voucher mid=7 aid=7 Sales/1/20261002 guid=54bedff5-92fe-437d-85c8-74d1712959f4-00000007 cancelled=False
  voucher mid=8 aid=8 Receipt/1/20261002 guid=54bedff5-92fe-437d-85c8-74d1712959f4-00000008 cancelled=False
  voucher mid=9 aid=9 Receipt/2/20261002 guid=54bedff5-92fe-437d-85c8-74d1712959f4-00000009 cancelled=False
  voucher mid=10 aid=10 Payment/1/20261002 guid=54bedff5-92fe-437d-85c8-74d1712959f4-0000000a cancelled=False
  voucher mid=11 aid=11 Payment/2/20261002 guid=54bedff5-92fe-437d-85c8-74d1712959f4-0000000b cancelled=False
[shot] tds-121-gw0 (1024x768)
[08:05:40] [tds] screen tds-121-gw0 : TallyPrime MANAGE EDU K: Company Gatewa of Tall CURRENT PERIOD I-Apr-26 to 31-Mar-27 NAME OF COMPANY FinCom Spike Co Y: Data Z: Exchange O: Import E: Export M: E-mail p: pnnt x Fl: Help Date Company o Obd58 to ru 47b3- 0937- acep afec— 0937- acep .337. 3—ecb ening 'db3e4 ing j _id" : 3-011' ' , "orc fec—c Mode Q CURRENT OATE Friday, 2-Oct-2026 2-Oct-26 Search Gateway of Tally MASTERS Create Alter CHart of Accounts TRANSACTIONS Vouchers Day 800K UTILITIES BaNking REPORTS Balance Sheet Profit & Loss A/c Stock Summary Ratio Analysis Display More Reports Quit Unity Windows Server 2025 Datacenter B...
[shot] tds-122-C1-start (1024x768)
[08:05:41] [tds] screen tds-122-C1-start : TallyPrime MANAGE EDU K: Company Gatewa of Tall CURRENT PERIOD I-Apr-26 to 31-Mar-27 NAME OF COMPANY FinCom Spike Co Y: Data Z: Exchange O: Import E: Export M: E-mail p: pnnt x Fl: Help Date Company o Obd58 to ru 47b3- 0937- acep afec— 0937- acep .337. 3—ecb ening 'db3e4 ing j _id" : 3-011' ' , "orc fec—c Mode Q CURRENT OATE Friday, 2-Oct-2026 2-Oct-26 Search Gateway of Tally MASTERS Create Alter CHart of Accounts TRANSACTIONS Vouchers Day 800K UTILITIES BaNking REPORTS Balance Sheet Profit & Loss A/c Stock Summary Ratio Analysis Display More Reports Quit Unity Windows Server 2025 Datacenter B...
[keys] 'v' -> Tally 'TallyPrime:9000'
[shot] tds-123-C1-vouchers (1024x768)
[08:05:45] [tds] screen tds-123-C1-vouchers : x TallyPrime MANAGE EDU K: Company Y: Data Z: Exchange A Accept Q Search O: Import E: Export M: E-mail Accounting Voucher Creation 58 Pa ment • Account Current balance: Particulars Narration: Unity Quit FinCom • ke Co p: print 20ct-26 Friday Amount Fl: Help Q: Date Company Ed: Contra F-5: Payment Receipt Journal Sales o Obd58 to ru 47b3- 0937- acep afec— Purchase 0937- Fl O: OåuVooctgs E: Autofill Change Mode More Details O: Related ¯ Repons Optional post -Dated J: Stat Adjustment acep .337. 3—ecb ening 'db3e4 ing j _id" : 3-011' ' , "orc fec—c D: Delete x: Cancel Vch El 2: Configure Mode Wind...
[keys] '{F4}' -> Tally 'TallyPrime:9000'
[shot] tds-124-C1-type (1024x768)
[08:05:49] [tds] screen tds-124-C1-type : x Y: Data 58 TallyPrime MANAGE EDU K: Company Accounting Voucher Creation Contra Z: Exchange A Accept Q Search O: Import E: Export M: E-mail FinCom • ke Co p: print x 2-Oct-26 Friday Amount Fl: Help Date o Obd58 Company to ru • Account Current balance: Particulars Narration: Unity Quit F4: Contra F5: Payment Receipt Journal Sales Purchase Fl 0: 0åHVouctg•s F: Autofill Change Mode More Details O: Related Reports L: Optional post -Dated 47b3- 0937- acep afec— 0937- acep .337. 3—ecb ening 'db3e4 ing j _id" : 3-011' ' , "orc fec—c D: Delete x: Cancel Vch F12: Configure Mode Windows Server 2025 Dat...
[keys] '{F2}' -> Tally 'TallyPrime:9000'
[shot] tds-125-C1-date-box (1024x768)
[08:05:52] [tds] screen tds-125-C1-date-box : TallyPrime MANAGE EDU K: Company Change Voucher Date Unity Quit Y: Data Z: Exchange A Accept Q Search O: Import E: Export M: E-mail p: pnnt x Fl: Help FinCom Spike Co Voucher Date 3-10-2026 o Obd58 to ru 47b3- 0937- acep afec— 0937- acep .337. 3—ecb ening 'db3e4 ing j _id" : 3-011' ' , "orc fec—c Mode Windows Server 2025 Datacenter Build 26100.ge_release240331-1435 8:05 AM 10/8/2026
[keys] '2-10-2026{ENTER}' -> Tally 'TallyPrime:9000'
[shot] tds-126-C1-date (1024x768)
[08:05:56] [tds] screen tds-126-C1-date : x Y: Data 58 TallyPrime MANAGE EDU K: Company Accounting Voucher Creation Contra Z: Exchange A Accept Q Search O: Import E: Export M: E-mail FinCom • ke Co p: print x 2-Oct-26 Friday Amount Fl: Help Date o Obd58 Company to ru • Account Current balance: Particulars Narration: Unity Quit F4: Contra F5: Payment Receipt Journal Sales Purchase Fl 0: 0åHVouctg•s F: Autofill Change Mode More Details O: Related Reports L: Optional post -Dated 47b3- 0937- acep afec— 0937- acep .337. 3—ecb ening 'db3e4 ing j _id" : 3-011' ' , "orc fec—c D: Delete x: Cancel Vch F12: Configure Mode Windows Server 2025 Dat...
[keys] 'Share Bank{ENTER}' -> Tally 'TallyPrime:9000'
[shot] tds-127-C1-account (1024x768)
[08:06:00] [tds] screen tds-127-C1-account : x Y: Data 58 TallyPrime MANAGE EDU K: Company Accounting Voucher Creation Contra Z: Exchange A Accept Q Search O: Import E: Export M: E-mail FinCom • ke Co p: print x 2-Oct-26 Friday Amount Fl: Help Date o Obd58 Company to ru • Account Share Bank Current balance: Particulars Narration: Unity Quit F4: Contra F5: Payment Receipt Journal Sales Purchase Fl 0: 0åHVouctg•s F: Autofill Change Mode More Details O: Related Reports L: Optional post -Dated 47b3- 0937- acep afec— 0937- acep .337. 3—ecb ening 'db3e4 ing j _id" : 3-011' ' , "orc fec—c D: Delete x: Cancel Vch F12: Configure Mode Windows Serv...
[shot] tds-128-C1-acc-sub1 (1024x768)
[08:06:00] [tds] screen tds-128-C1-acc-sub1 : x Y: Data 58 TallyPrime MANAGE EDU K: Company Accounting Voucher Creation Contra Z: Exchange A Accept Q Search O: Import E: Export M: E-mail FinCom • ke Co p: print x 2-Oct-26 Friday Amount Fl: Help Date o Obd58 Company to ru • Account Share Bank Current balance: Particulars Narration: Unity Quit F4: Contra F5: Payment Receipt Journal Sales Purchase Fl 0: 0åHVouctg•s F: Autofill Change Mode More Details O: Related Reports L: Optional post -Dated 47b3- 0937- acep afec— 0937- acep .337. 3—ecb ening 'db3e4 ing j _id" : 3-011' ' , "orc fec—c D: Delete x: Cancel Vch F12: Configure Mode Windows Serv...
[keys] 'Cash{ENTER}' -> Tally 'TallyPrime:9000'
[shot] tds-129-C1-row1 (1024x768)
[08:06:04] [tds] screen tds-129-C1-row1 : x Y: Data 58 TallyPrime MANAGE EDU K: Company Accounting Voucher Creation Contra Z: Exchange A Accept Q Search O: Import E: Export M: E-mail FinCom • ke Co p: print x 2-Oct-26 Friday Amount Fl: Help Date o Obd58 Company to ru • Account Share Bank Current balance: Particulars Cash CurBal: 500.00 Dr Narration: Unity Quit F4: Contra F5: Payment Receipt Journal Sales Purchase Fl 0: 0åHVouctg•s F: Autofill Change Mode More Details O: Related Reports L: Optional post -Dated 47b3- 0937- acep afec— 0937- acep .337. 3—ecb ening 'db3e4 ing j _id" : 3-011' ' , "orc fec—c D: Delete x: Cancel Vch F12: Conf...
[shot] tds-130-C1-row1-a-sub1 (1024x768)
[08:06:05] [tds] screen tds-130-C1-row1-a-sub1 : x Y: Data 58 TallyPrime MANAGE EDU K: Company Accounting Voucher Creation Contra Z: Exchange A Accept Q Search O: Import E: Export M: E-mail FinCom • ke Co p: print x 2-Oct-26 Friday Amount Fl: Help Date o Obd58 Company to ru • Account Share Bank Current balance: Particulars Cash CurBal: 500.00 Dr Narration: Unity Quit F4: Contra F5: Payment Receipt Journal Sales Purchase Fl 0: 0åHVouctg•s F: Autofill Change Mode More Details O: Related Reports L: Optional post -Dated 47b3- 0937- acep afec— 0937- acep .337. 3—ecb ening 'db3e4 ing j _id" : 3-011' ' , "orc fec—c D: Delete x: Cancel Vch F12: Conf...
[keys] '200{ENTER}' -> Tally 'TallyPrime:9000'
[shot] tds-131-C1-row1-amt (1024x768)
[08:06:09] [tds] screen tds-131-C1-row1-amt : x Y: Data 58 TallyPrime MANAGE EDU K: Company Accounting Voucher Creation Contra Z: Exchange A Accept Q Search O: Import E: Export M: E-mail FinCom • ke Co p: print x 2-Oct-26 Friday Amount 200.00 200.00 Fl: Help Date o Obd58 Company to ru • Account Share Bank Current balance: 200.00 Dr Particulars Cash CurBa1: 300.00 Dr Narration: Unity Quit F4: Contra F5: Payment Receipt Journal Sales Purchase Fl 0: 0åHVouctg•s F: Autofill Change Mode More Details O: Related Reports Optional post -Dated 47b3- 0937- acep afec— 0937- acep .337. 3—ecb ening 'db3e4 ing j _id" : 3-011' ' , "orc fec—c D: Delete x:...
[shot] tds-132-C1-row1-bills1 (1024x768)
[08:06:09] [tds] screen tds-132-C1-row1-bills1 : x Y: Data 58 TallyPrime MANAGE EDU K: Company Accounting Voucher Creation Contra Z: Exchange A Accept Q Search O: Import E: Export M: E-mail FinCom • ke Co p: print x 2-Oct-26 Friday Amount 200.00 200.00 Fl: Help Date o Obd58 Company to ru • Account Share Bank Current balance: 200.00 Dr Particulars Cash CurBa1: 300.00 Dr Narration: Unity Quit F4: Contra F5: Payment Receipt Journal Sales Purchase Fl 0: 0åHVouctg•s F: Autofill Change Mode More Details O: Related Reports Optional post -Dated 47b3- 0937- acep afec— 0937- acep .337. 3—ecb ening 'db3e4 ing j _id" : 3-011' ' , "orc fec—c D: Delete x:...
[shot] tds-133-C1-row1-b-sub1 (1024x768)
[08:06:10] [tds] screen tds-133-C1-row1-b-sub1 : x Y: Data 58 TallyPrime MANAGE EDU K: Company Accounting Voucher Creation Contra Z: Exchange A Accept Q Search O: Import E: Export M: E-mail FinCom • ke Co p: print x 2-Oct-26 Friday Amount 200.00 200.00 Fl: Help Date o Obd58 Company to ru • Account Share Bank Current balance: 200.00 Dr Particulars Cash CurBa1: 300.00 Dr Narration: Unity Quit F4: Contra F5: Payment Receipt Journal Sales Purchase Fl 0: 0åHVouctg•s F: Autofill Change Mode More Details O: Related Reports Optional post -Dated 47b3- 0937- acep afec— 0937- acep .337. 3—ecb ening 'db3e4 ing j _id" : 3-011' ' , "orc fec—c D: Delete x:...
[keys] '{ENTER}' -> Tally 'TallyPrime:9000'
[shot] tds-134-C1-rows-done (1024x768)
[08:06:14] [tds] screen tds-134-C1-rows-done : x Y: Data 58 TallyPrime MANAGE EDU K: Company Accounting Voucher Creation Contra Z: Exchange A Accept Q Search O: Import E: Export M: E-mail FinCom • ke Co p: print x 2-Oct-26 Friday Amount 200.00 200.00 Fl: Help Date o Obd58 Company to ru • Account Share Bank Current balance: 200.00 Dr Particulars Cash CurBal: 300.00 Dr Narration: Unity Quit F4: Contra F5: Payment Receipt Journal Sales Purchase Fl 0: 0åHVouctg•s F: Autofill Change Mode More Details O: Related Reports Optional post -Dated 47b3- 0937- acep afec— 0937- acep .337. 3—ecb ening 'db3e4 ing j _id" : 3-011' ' , "orc fec—c D: Delete x:...
[shot] tds-135-C1-done-sub1 (1024x768)
[08:06:15] [tds] screen tds-135-C1-done-sub1 : x Y: Data 58 TallyPrime MANAGE EDU K: Company Accounting Voucher Creation Contra Z: Exchange A Accept Q Search O: Import E: Export M: E-mail FinCom • ke Co p: print x 2-Oct-26 Friday Amount 200.00 200.00 Fl: Help Date o Obd58 Company to ru • Account Share Bank Current balance: 200.00 Dr Particulars Cash CurBal: 300.00 Dr Narration: Unity Quit F4: Contra F5: Payment Receipt Journal Sales Purchase Fl 0: 0åHVouctg•s F: Autofill Change Mode More Details O: Related Reports Optional post -Dated 47b3- 0937- acep afec— 0937- acep .337. 3—ecb ening 'db3e4 ing j _id" : 3-011' ' , "orc fec—c D: Delete x:...
[keys] 'share contra{ENTER}' -> Tally 'TallyPrime:9000'
[shot] tds-136-C1-narr (1024x768)
[08:06:19] [tds] screen tds-136-C1-narr : x TallyPrime MANAGE EDU K: Company Bank Allocations Quit Y: Data Z: Exchange O: Import E: Export M: E-mail p: pnnt Fl: Help x FinCom Spike Co Bank Allocations for: Share Bank For: 200.00 Inst Date Transacion Type Cash Inst No. Bank Name: Accept Amount 200.00 2-OctQ6 o Obd58 to ru 47b3- 0937- acep afec— 0937- acep .337. 3—ecb ening 'db3e4 ing j _id" : 3-011' ' , "orc fec—c Unity Q Search Configure Mode Windows Server 2025 Datacenter Build 26100.ge_release240331-1435 8:06 AM 10/8/2026
[keys] '^a' -> Tally 'TallyPrime:9000'
[shot] tds-137-C1-accept1 (1024x768)
[08:06:23] [tds] screen tds-137-C1-accept1 : x Y: Data 58 TallyPrime MANAGE EDU K: Company Accounting Voucher Creation Contra Z: Exchange Accept Q Search O: Import E: Export M: E-mail FinCom • ke Co p: print x 2-Oct-26 Friday Amount 200.00 200.00 Fl: Help Date o Obd58 Company to ru • Account Share Bank Current balance: 200.00 Dr Particulars Cash CurBal: 300.00 Dr Narration: Unity Quit F4: Contra F5: Payment Receipt Journal Sales Purchase Fl 0: 0åHVouctg•s F: Autofill Change Mode More Details O: Related Reports Optional post -Dated 47b3- 0937- acep afec— 0937- acep .337. 3—ecb ening 'db3e4 ing j _id" : 3-011' ' , "orc fec—c D: Delete x: C...
[shot] tds-138-C1-after1 (1024x768)
[08:06:24] [tds] screen tds-138-C1-after1 : x Y: Data 58 TallyPrime MANAGE EDU K: Company Accounting Voucher Creation Contra Z: Exchange Accept Q Search O: Import E: Export M: E-mail FinCom • ke Co p: print x 2-Oct-26 Friday Amount 200.00 200.00 Fl: Help Date o Obd58 Company to ru • Account Share Bank Current balance: 200.00 Dr Particulars Cash CurBal: 300.00 Dr Narration: Unity Quit F4: Contra F5: Payment Receipt Journal Sales Purchase Fl 0: 0åHVouctg•s F: Autofill Change Mode More Details O: Related Reports Optional post -Dated 47b3- 0937- acep afec— 0937- acep .337. 3—ecb ening 'db3e4 ing j _id" : 3-011' ' , "orc fec—c D: Delete x: C...
[keys] '^a' -> Tally 'TallyPrime:9000'
[shot] tds-139-C1-accept2 (1024x768)
[08:06:29] [tds] screen tds-139-C1-accept2 : x Y: Data 58 TallyPrime MANAGE EDU K: Company Accounting Voucher Creation Contra No. 2 Z: Exchange A Accept Q Search O: Import E: Export M: E-mail FinCom • ke Co p: print x 2-Oct-26 Friday Amount Fl: Help Date o Obd58 Company to ru • Account Current balance: Particulars Narration: Unity Quit F4: Contra F5: Payment Receipt Journal Sales Purchase Fl 0: 0åHVouctg•s F: Autofill Change Mode More Details O: Related Reports L: Optional post -Dated 47b3- 0937- acep afec— 0937- acep .337. 3—ecb ening 'db3e4 ing j _id" : 3-011' ' , "orc fec—c D: Delete x: Cancel Vch F12: Configure Mode Windows Server 20...
[shot] tds-140-C1-after2 (1024x768)
[08:06:30] [tds] screen tds-140-C1-after2 : x Y: Data 58 TallyPrime MANAGE EDU K: Company Accounting Voucher Creation Contra No. 2 Z: Exchange A Accept Q Search O: Import E: Export M: E-mail FinCom • ke Co p: print x 2-Oct-26 Friday Amount Fl: Help Date o Obd58 Company to ru • Account Current balance: Particulars Narration: Unity Quit F4: Contra F5: Payment Receipt Journal Sales Purchase Fl 0: 0åHVouctg•s F: Autofill Change Mode More Details O: Related Reports L: Optional post -Dated 47b3- 0937- acep afec— 0937- acep .337. 3—ecb ening 'db3e4 ing j _id" : 3-011' ' , "orc fec—c D: Delete x: Cancel Vch F12: Configure Mode Windows Server 20...
[keys] '^a' -> Tally 'TallyPrime:9000'
[shot] tds-141-C1-accept3 (1024x768)
[08:06:34] [tds] screen tds-141-C1-accept3 : Unity TallyPrime MANAGE EDU K: Company Accounting Voucher Creation Q: Quit Y: Data Z: Exchange A: Accept Q Search O: Import E: Export M: E-mail FinCom Spike Co p: print x Error Oops! No Entries in Voucher! p: Delete , cancel vch x Fl: Help F2: Date F3: Company F4: Contra F5: Payment F6: Receipt F7: Journal F8: Sales F9: Purchase F: Autofill H: Change Mode l: More Details O: Related Reports k: Optional T: post -Dated F 12: Configure o Obd58 to ru 47b3- 0937- acep afec— 0937- acep .337. 3—ecb ening 'db3e4 ing j _id" : 3-011' ' , "orc fec—c Mode Windows Server 2025 Datacenter Build 26100.ge_relea...
[shot] tds-142-C1-after3 (1024x768)
[08:06:35] [tds] screen tds-142-C1-after3 : Unity TallyPrime MANAGE EDU K: Company Accounting Voucher Creation Q: Quit Y: Data Z: Exchange A: Accept Q Search O: Import E: Export M: E-mail FinCom Spike Co p: print x Error Oops! No Entries in Voucher! p: Delete , cancel vch x Fl: Help F2: Date F3: Company F4: Contra F5: Payment F6: Receipt F7: Journal F8: Sales F9: Purchase F: Autofill H: Change Mode l: More Details O: Related Reports k: Optional T: post -Dated F 12: Configure o Obd58 to ru 47b3- 0937- acep afec— 0937- acep .337. 3—ecb ening 'db3e4 ing j _id" : 3-011' ' , "orc fec—c Mode Windows Server 2025 Datacenter Build 26100.ge_relea...
[shot] tds-143-gw0 (1024x768)
[08:06:36] [tds] screen tds-143-gw0 : Unity TallyPrime MANAGE EDU K: Company Accounting Voucher Creation Q: Quit Y: Data Z: Exchange A: Accept Q Search O: Import E: Export M: E-mail FinCom Spike Co p: print x Error Oops! No Entries in Voucher! p: Delete , cancel vch x Fl: Help F2: Date F3: Company F4: Contra F5: Payment F6: Receipt F7: Journal F8: Sales F9: Purchase F: Autofill H: Change Mode l: More Details O: Related Reports k: Optional T: post -Dated F 12: Configure o Obd58 to ru 47b3- 0937- acep afec— 0937- acep .337. 3—ecb ening 'db3e4 ing j _id" : 3-011' ' , "orc fec—c Mode Windows Server 2025 Datacenter Build 26100.ge_relea...
[keys] '{ESC}' -> Tally 'TallyPrime:9000'
[shot] tds-144-gw1 (1024x768)
[08:06:39] [tds] screen tds-144-gw1 : x Y: Data 58 TallyPrime MANAGE EDU K: Company Accounting Voucher Creation Contra No. 2 Z: Exchange A Accept Q Search FinCom • ke Co O: Import E: Export List of Led er Accounts Cash Share Bank M: E-mail p: pnnt x Create Fl: Help Date o Obd58 Company to ru Cash • Account Current balance: 300.00 Dr Particulars End of List Cur Bal: Narration: Unity Quit F4: Contra F5: Payment Receipt Journal Sales Purchase Fl 0: 0åHVouctg•s F: Autofill Change Mode More Details O: Related Reports L: Optional post -Dated 47b3- 0937- acep afec— 0937- acep .337. 3—ecb ening 'db3e4 ing j _id" : 3-011' ' , "orc fec—c D:...
[keys] '{ESC}' -> Tally 'TallyPrime:9000'
[shot] tds-145-gw2 (1024x768)
[08:06:43] [tds] screen tds-145-gw2 : x Y: Data 58 TallyPrime MANAGE EDU K: Company Accounting Voucher Creation Contra No. 2 Z: Exchange A Accept Q Search FinCom • ke Co O: Import E: Export List of Led er Accounts Cash Share Bank M: E-mail p: pnnt x Create Fl: Help Date o Obd58 Company to ru • Account Current balance: 300.00 Dr Particulars End of List Cur Bal: Narration: Unity Quit F4: Contra F5: Payment Receipt Journal Sales Purchase Fl 0: 0åHVouctg•s F: Autofill Change Mode More Details O: Related Reports L: Optional post -Dated 47b3- 0937- acep afec— 0937- acep .337. 3—ecb ening 'db3e4 ing j _id" : 3-011' ' , "orc fec—c D: Dele...
[keys] '{ESC}' -> Tally 'TallyPrime:9000'
[shot] tds-146-gw3 (1024x768)
[08:06:47] [tds] screen tds-146-gw3 : Y: Data 58 TallyPrime MANAGE EDU K: Company Accounting Voucher Creation Contra No. 2 Z: Exchange A: Accept Q Search O: Import E: Export M: E-mail FinCom • Account Current balance: 300.00 Dr Particulars End of List Cur Bal: Narration: Unity Q: Quit p: print x 2-Oct-26 Friday Amount Quit o Yes or No D: Delete X: Cancel Vch x Fl: Help F2: Date F3: Company F4: Contra F5: Payment F6: Receipt F7: Journal F8: Sales F9: Purchase F: Autofill H: Change Mode l: More Details O: Related Reports k: Optional T: post -Dated Fl 2: Configure o Obd58 to ru 47b3- 0937- acep afec— 0937- acep .337. 3—ecb ening 'db3...
[keys] 'y' -> Tally 'TallyPrime:9000'
[shot] tds-147-gw4 (1024x768)
[08:06:50] [tds] screen tds-147-gw4 : TallyPrime MANAGE EDU K: Company Gatewa of Tall CURRENT PERIOD I-Apr-26 to 31-Mar-27 NAME OF COMPANY FinCom Spike Co Y: Data Z: Exchange O: Import E: Export M: E-mail p: pnnt x Fl: Help Date Company o Obd58 to ru 47b3- 0937- acep afec— 0937- acep .337. 3—ecb ening 'db3e4 ing j _id" : 3-011' ' , "orc fec—c Mode Q CURRENT OATE Friday, 2-Oct-2026 2-Oct-26 Search Gateway of Tally MASTERS Create Alter CHart of Accounts TRANSACTIONS Vouchers Day 800K UTILITIES BaNking REPORTS Balance Sheet Profit & Loss A/c Stock Summary Ratio Analysis Display More Reports Quit Unity Windows Server 2025 Datacenter B...
  voucher mid=1 aid=1 Journal/1/20260401 guid=54bedff5-92fe-437d-85c8-74d1712959f4-00000001 cancelled=False
  voucher mid=2 aid=2 Journal/2/20261001 guid=54bedff5-92fe-437d-85c8-74d1712959f4-00000002 cancelled=False
  voucher mid=3 aid=3 Journal/3/20261001 guid=54bedff5-92fe-437d-85c8-74d1712959f4-00000003 cancelled=False
  voucher mid=4 aid=4 Journal/4/20261001 guid=54bedff5-92fe-437d-85c8-74d1712959f4-00000004 cancelled=False
  voucher mid=5 aid=5 Journal/5/20261001 guid=54bedff5-92fe-437d-85c8-74d1712959f4-00000005 cancelled=False
  voucher mid=6 aid=6 Payroll/1/20261001 guid=54bedff5-92fe-437d-85c8-74d1712959f4-00000006 cancelled=False
  voucher mid=7 aid=7 Sales/1/20261002 guid=54bedff5-92fe-437d-85c8-74d1712959f4-00000007 cancelled=False
  voucher mid=8 aid=8 Receipt/1/20261002 guid=54bedff5-92fe-437d-85c8-74d1712959f4-00000008 cancelled=False
  voucher mid=9 aid=9 Receipt/2/20261002 guid=54bedff5-92fe-437d-85c8-74d1712959f4-00000009 cancelled=False
  voucher mid=10 aid=10 Payment/1/20261002 guid=54bedff5-92fe-437d-85c8-74d1712959f4-0000000a cancelled=False
  voucher mid=11 aid=11 Payment/2/20261002 guid=54bedff5-92fe-437d-85c8-74d1712959f4-0000000b cancelled=False
  voucher mid=12 aid=12 Contra/1/20261002 guid=54bedff5-92fe-437d-85c8-74d1712959f4-0000000c cancelled=False
  INFO share contra (contra: cash into the bank): Tally Contra 1 mid 12; stored party 'Cash' bills []; the line party '' bills []; lines voucher_accept_post x1, voucher_full x1
######## ANSWERED hang3 step 6 contra: after contra: 2.3.4 object answered (9 ms, the entry in it); 2.3.3 by master answered (28 ms, the entry in it); Tally answers after: True; started again: ; 2.3.3 after the restart: 
[08:06:53] ---- share journal-party: journal with a party (Share Expense Dr / Share Supplier Cr, New Ref JN-1)
  voucher mid=1 aid=1 Journal/1/20260401 guid=54bedff5-92fe-437d-85c8-74d1712959f4-00000001 cancelled=False
  voucher mid=2 aid=2 Journal/2/20261001 guid=54bedff5-92fe-437d-85c8-74d1712959f4-00000002 cancelled=False
  voucher mid=3 aid=3 Journal/3/20261001 guid=54bedff5-92fe-437d-85c8-74d1712959f4-00000003 cancelled=False
  voucher mid=4 aid=4 Journal/4/20261001 guid=54bedff5-92fe-437d-85c8-74d1712959f4-00000004 cancelled=False
  voucher mid=5 aid=5 Journal/5/20261001 guid=54bedff5-92fe-437d-85c8-74d1712959f4-00000005 cancelled=False
  voucher mid=6 aid=6 Payroll/1/20261001 guid=54bedff5-92fe-437d-85c8-74d1712959f4-00000006 cancelled=False
  voucher mid=7 aid=7 Sales/1/20261002 guid=54bedff5-92fe-437d-85c8-74d1712959f4-00000007 cancelled=False
  voucher mid=8 aid=8 Receipt/1/20261002 guid=54bedff5-92fe-437d-85c8-74d1712959f4-00000008 cancelled=False
  voucher mid=9 aid=9 Receipt/2/20261002 guid=54bedff5-92fe-437d-85c8-74d1712959f4-00000009 cancelled=False
  voucher mid=10 aid=10 Payment/1/20261002 guid=54bedff5-92fe-437d-85c8-74d1712959f4-0000000a cancelled=False
  voucher mid=11 aid=11 Payment/2/20261002 guid=54bedff5-92fe-437d-85c8-74d1712959f4-0000000b cancelled=False
  voucher mid=12 aid=12 Contra/1/20261002 guid=54bedff5-92fe-437d-85c8-74d1712959f4-0000000c cancelled=False
[shot] tds-148-gw0 (1024x768)
[08:06:54] [tds] screen tds-148-gw0 : TallyPrime MANAGE EDU K: Company Gatewa of Tall CURRENT PERIOD I-Apr-26 to 31-Mar-27 NAME OF COMPANY FinCom Spike Co Y: Data Z: Exchange O: Import E: Export M: E-mail p: pnnt x Fl: Help Date Company o Obd58 to ru 47b3- 0937- acep afec— 0937- acep .337. 3—ecb ening 'db3e4 ing j _id" : 3-011' ' , "orc fec—c Mode Q CURRENT OATE Friday, 2-Oct-2026 2-Oct-26 Search Gateway of Tally MASTERS Create Alter CHart of Accounts TRANSACTIONS Vouchers Day 800K UTILITIES BaNking REPORTS Balance Sheet Profit & Loss A/c Stock Summary Ratio Analysis Display More Reports Quit Unity Windows Server 2025 Datacenter B...
[shot] tds-149-J1-start (1024x768)
[08:06:55] [tds] screen tds-149-J1-start : TallyPrime MANAGE EDU K: Company Gatewa of Tall CURRENT PERIOD I-Apr-26 to 31-Mar-27 NAME OF COMPANY FinCom Spike Co Y: Data Z: Exchange O: Import E: Export M: E-mail p: pnnt x Fl: Help Date Company o Obd58 to ru 47b3- 0937- acep afec— 0937- acep .337. 3—ecb ening 'db3e4 ing j _id" : 3-011' ' , "orc fec—c Mode Q CURRENT OATE Friday, 2-Oct-2026 2-Oct-26 Search Gateway of Tally MASTERS Create Alter CHart of Accounts TRANSACTIONS Vouchers Day 800K UTILITIES BaNking REPORTS Balance Sheet Profit & Loss A/c Stock Summary Ratio Analysis Display More Reports Quit Unity Windows Server 2025 Datacenter B...
[keys] 'v' -> Tally 'TallyPrime:9000'
[shot] tds-150-J1-vouchers (1024x768)
[08:06:59] [tds] screen tds-150-J1-vouchers : x Y: Data 58 TallyPrime MANAGE EDU K: Company Accounting Voucher Creation Contra No. 2 Z: Exchange A Accept Q Search O: Import E: Export M: E-mail FinCom • ke Co p: print x 2-Oct-26 Friday Amount Fl: Help Date o Obd58 Company to ru • Account Current balance: Particulars Narration: Unity Quit F4: Contra F5: Payment Receipt Journal Sales Purchase Fl 0: 0åHVouctg•s F: Autofill Change Mode More Details O: Related Reports L: Optional post -Dated 47b3- 0937- acep afec— 0937- acep .337. 3—ecb ening 'db3e4 ing j _id" : 3-011' ' , "orc fec—c D: Delete x: Cancel Vch F12: Configure Mode Windows Server 20...
[keys] '{F7}' -> Tally 'TallyPrime:9000'
[shot] tds-151-J1-type (1024x768)
[08:07:03] [tds] screen tds-151-J1-type : x Y: Data 58 Unity TallyPrime MANAGE EDU K: Company Accounting Voucher Creation Journal Particulars By Narration: Quit Z: Exchange A Accept Q Search FinCom • ke Co O: Import E: Export List of Led er Accounts Profit & Loss Alc Share Basic Share Expense Share HRA Share Party Share Purchase Share Salary Payable Share Sales Share Supplier Spike Income Spike Party Spike Party 2 Ul Party M: E-mail p: pnnt x Create Show More Fl: Help Q: Date Company Ed: Contra Payment Receipt F-7: Journal Sales o Obd58 to ru 47b3- 0937- acep afec— Purchase 0937- Fl O: OåuVooctgs E: Autofill H: Change = Mode More Deta...
[keys] '{F2}' -> Tally 'TallyPrime:9000'
[shot] tds-152-J1-date-box (1024x768)
[08:07:06] [tds] screen tds-152-J1-date-box : TallyPrime MANAGE EDU K: Company Change Voucher Date Unity Quit Y: Data Z: Exchange A Accept Q Search O: Import E: Export M: E-mail p: pnnt x Fl: Help FinCom Spike Co Voucher Date 3-10-2026 o Obd58 to ru 47b3- 0937- acep afec— 0937- acep .337. 3—ecb ening 'db3e4 ing j _id" : 3-011' ' , "orc fec—c Mode Windows Server 2025 Datacenter Build 26100.ge_release240331-1435 8•.07 AM 10/8/2026
[keys] '2-10-2026{ENTER}' -> Tally 'TallyPrime:9000'
[shot] tds-153-J1-date (1024x768)
[08:07:10] [tds] screen tds-153-J1-date : x Y: Data 58 Unity TallyPrime MANAGE EDU K: Company Accounting Voucher Creation Journal Particulars By Narration: Quit Z: Exchange A Accept Q Search FinCom • ke Co O: Import E: Export List of Led er Accounts Profit & Loss Alc Share Basic Share Expense Share HRA Share Party Share Purchase Share Salary Payable Share Sales Share Supplier Spike Income Spike Party Spike Party 2 Ul Party M: E-mail p: pnnt x Create Show More Fl: Help Q: Date Company Ed: Contra Payment Receipt F-7: Journal Sales o Obd58 to ru 47b3- 0937- acep afec— Purchase 0937- Fl O: OåuVooctgs E: Autofill H: Change = Mode More Deta...
[keys] 'Share Expense{ENTER}' -> Tally 'TallyPrime:9000'
[shot] tds-154-J1-row1 (1024x768)
[08:07:14] [tds] screen tds-154-J1-row1 : x Y: Data 58 TallyPrime MANAGE EDU K: Company Accounting Voucher Creation Journal Z: Exchange A Accept Q Search O: Import E: Export FinCom • ke Co M: E-mail Debit p: print x 2-Oct-26 Friday Credit • By By Particulars Share Expense CurBal: 4,300.00 Dr Fl: Help Q: Date Company Ed: Contra Payment Receipt F-7: Journal Sales o Obd58 to ru 47b3- 0937- acep afec— Purchase 0937- Fl O: OåuVooctgs E: Autofill H: Change = Mode More Details O: Related ¯ Repons Optional post -Dated J: Stat acep .337. 3—ecb ening 'db3e4 ing j _id" : 3-011' ' , "orc fec—c Unity Narration: Quit D: Delete x: Cancel Vch Adjustm...
[shot] tds-155-J1-row1-a-sub1 (1024x768)
[08:07:15] [tds] screen tds-155-J1-row1-a-sub1 : x Y: Data 58 TallyPrime MANAGE EDU K: Company Accounting Voucher Creation Journal Z: Exchange A Accept Q Search O: Import E: Export FinCom • ke Co M: E-mail Debit p: print x 2-Oct-26 Friday Credit • By By Particulars Share Expense CurBal: 4,300.00 Dr Fl: Help Q: Date Company Ed: Contra Payment Receipt F-7: Journal Sales o Obd58 to ru 47b3- 0937- acep afec— Purchase 0937- Fl O: OåuVooctgs E: Autofill H: Change = Mode More Details O: Related ¯ Repons Optional post -Dated J: Stat acep .337. 3—ecb ening 'db3e4 ing j _id" : 3-011' ' , "orc fec—c Unity Narration: Quit D: Delete x: Cancel Vch Adjustm...
[keys] '600{ENTER}' -> Tally 'TallyPrime:9000'
[shot] tds-156-J1-row1-amt (1024x768)
[08:07:19] [tds] screen tds-156-J1-row1-amt : TallyPrime MANAGE EDU K: Company Cost Centre Allocations Unity Quit Y: Data Z: Exchange O: Import E: Export M: E-mail p: pnnt x Fl: Help FinCom Spike Co Cost Allocations for : Share Expense Up to: 600.00 Dr Name of Cost Centre Ehare Em 1 A Accept Q Search Amount 600.00 600.00 o Obd58 to ru 47b3- 0937- acep afec— 0937- acep .337. 3—ecb ening 'db3e4 ing j _id" : 3-011' ' , "orc fec—c Mode Windows Server 2025 Datacenter Build 26100.ge_release240331-1435 8•.07 AM 10/8/2026
[shot] tds-157-J1-row1-bills1 (1024x768)
[08:07:19] [tds] screen tds-157-J1-row1-bills1 : TallyPrime MANAGE EDU K: Company Cost Centre Allocations Unity Quit Y: Data Z: Exchange O: Import E: Export M: E-mail p: pnnt x Fl: Help FinCom Spike Co Cost Allocations for : Share Expense Up to: 600.00 Dr Name of Cost Centre Ehare Em 1 A Accept Q Search Amount 600.00 600.00 o Obd58 to ru 47b3- 0937- acep afec— 0937- acep .337. 3—ecb ening 'db3e4 ing j _id" : 3-011' ' , "orc fec—c Mode Windows Server 2025 Datacenter Build 26100.ge_release240331-1435 8•.07 AM 10/8/2026
[shot] tds-158-J1-row1-b-sub1 (1024x768)
[08:07:20] [tds] screen tds-158-J1-row1-b-sub1 : TallyPrime MANAGE EDU K: Company Cost Centre Allocations Unity Quit Y: Data Z: Exchange O: Import E: Export M: E-mail p: pnnt x Fl: Help FinCom Spike Co Cost Allocations for : Share Expense Up to: 600.00 Dr Name of Cost Centre Share Em 1 A Accept Q Search Amount 600.00 600.00 o Obd58 to ru 47b3- 0937- acep afec— 0937- acep .337. 3—ecb ening 'db3e4 ing j _id" : 3-011' ' , "orc fec—c Mode Windows Server 2025 Datacenter Build 26100.ge_release240331-1435 8•.07 AM 10/8/2026
[keys] '^a' -> Tally 'TallyPrime:9000'
[shot] tds-159-J1-row1-b-sub-accept (1024x768)
[08:07:24] [tds] screen tds-159-J1-row1-b-sub-accept : x Y: Data 58 TallyPrime MANAGE EDU K: Company Accounting Voucher Creation Journal Z: Exchange 600.00 Dr A Accept Q Search O: Import E: Export M: E-mail FinCom • ke Co p: print x 2-Oct-26 Friday Credit • By Particulars Share Expense CurBal: 4,900.00 Dr Share Emp 1 Debit 600.00 600.00 Fl: Help Q: Date Company Ed: Contra Payment Receipt F-7: Journal Sales o Obd58 to ru 47b3- 0937- acep afec— Purchase 0937- Fl O: OåuVooctgs E: Autofill H: Change = Mode More Details O: Related ¯ Repons Optional post -Dated J: Stat acep .337. 3—ecb ening 'db3e4 ing j _id" : 3-011' ' , "orc fec—c Unity Narration: Qui...
[shot] tds-160-J1-row1-b-sub2 (1024x768)
[08:07:25] [tds] screen tds-160-J1-row1-b-sub2 : x Y: Data 58 TallyPrime MANAGE EDU K: Company Accounting Voucher Creation Journal • By Z: Exchange 600.00 Dr A Accept Q Search O: Import E: Export M: E-mail FinCom • ke Co p: print x 2-Oct-26 Friday Credit Particulars Share Expense CurBal: 4,900.00 Dr Share Emp 1 Debit 600.00 600.00 Fl: Help Q: Date Company Ed: Contra Payment Receipt F-7: Journal Sales o Obd58 to ru 47b3- 0937- acep afec— Purchase 0937- Fl O: OåuVooctgs E: Autofill H: Change = Mode More Details O: Related ¯ Repons Optional post -Dated J: Stat acep .337. 3—ecb ening 'db3e4 ing j _id" : 3-011' ' , "orc fec—c Unity Narration: Qui...
[keys] 'To{ENTER}' -> Tally 'TallyPrime:9000'
[shot] tds-161-J1-row2-to (1024x768)
[08:07:28] [tds] screen tds-161-J1-row2-to : x Y: Data 58 TallyPrime MANAGE EDU K: Company Accounting Voucher Creation Journal • By Z: Exchange 600.00 Dr A Accept Q Search FinCom • ke Co O: Import E: Export List of Led er Accounts Profit & Loss Alc Share Basic Share Expense Share HRA Share Party Share Purchase Share Salary Payable Share Sales Share Supplier Spike Income Spike Party Spike Party 2 Ul Party M: E-mail p: pnnt x Create Show More Particulars Share Expense CurBal: 4,900.00 Dr Share Emp 1 Fl: Help Q: Date Company Ed: Contra Payment Receipt F-7: Journal Sales o Obd58 to ru 47b3- 0937- acep afec— Purchase 0937- Fl O: OåuVooctgs E:...
[keys] 'Share Supplier{ENTER}' -> Tally 'TallyPrime:9000'
[shot] tds-162-J1-row2 (1024x768)
[08:07:32] [tds] screen tds-162-J1-row2 : x Y: Data 58 TallyPrime MANAGE EDU K: Company Accounting Voucher Creation Journal • By To Z: Exchange 600.00 Dr A Accept Q Search O: Import E: Export M: E-mail FinCom • ke Co Particulars Share Expense CurBal: 4,900.00 Dr Share Emp 1 Share Supplier CurBal: 3,200.00 Cr Debit 600.00 600.00 p: print x 2-Oct-26 Friday Credit 300.00 600.00 Fl: Help Q: Date Company Ed: Contra Payment Receipt F-7: Journal Sales o Obd58 to ru 47b3- 0937- acep afec— Purchase 0937- Fl O: OåuVooctgs E: Autofill H: Change = Mode More Details O: Related ¯ Repons Optional post -Dated J: Stat acep .337. 3—ecb ening 'db3e4 ing...
[shot] tds-163-J1-row2-a-sub1 (1024x768)
[08:07:33] [tds] screen tds-163-J1-row2-a-sub1 : x Y: Data 58 TallyPrime MANAGE EDU K: Company Accounting Voucher Creation Journal • By To Z: Exchange 600.00 Dr A Accept Q Search O: Import E: Export M: E-mail FinCom • ke Co Particulars Share Expense CurBal: 4,900.00 Dr Share Emp 1 Share Supplier CurBal: 3,200.00 Cr Debit 600.00 600.00 p: print x 2-Oct-26 Friday Credit 300.00 600.00 Fl: Help Q: Date Company Ed: Contra Payment Receipt F-7: Journal Sales o Obd58 to ru 47b3- 0937- acep afec— Purchase 0937- Fl O: OåuVooctgs E: Autofill H: Change = Mode More Details O: Related ¯ Repons Optional post -Dated J: Stat acep .337. 3—ecb ening 'db3e4 ing...
[keys] '{ENTER}' -> Tally 'TallyPrime:9000'
[shot] tds-164-J1-row2-amt (1024x768)
[08:07:36] [tds] screen tds-164-J1-row2-amt : x TallyPrime MANAGE EDU K: Company Bill-wise Details II Quit Y: Data Type of Ref St Ref Z: Exchange FinCom Spike Co Bill-wise Details for : Share Supplier Up to: 600.00 cr O: Import Amount E: Export M: E-mail p: pnnt Fl: Help x Name Method of Ad Advance Agst Ref New Ref On Account Accept Q Search Due Date, or Credit Days 20ct-26) Unity o Obd58 to ru 47b3- 0937- acep afec— 0937- acep .337. 3—ecb ening 'db3e4 ing j _id" : 3-011' ' , "orc fec—c Mode Windows Server 2025 Datacenter Build 26100.ge_release240331-1435 8•.07 AM 10/8/2026
[shot] tds-165-J1-row2-bills1 (1024x768)
[08:07:37] [tds] screen tds-165-J1-row2-bills1 : x TallyPrime MANAGE EDU K: Company Bill-wise Details II Quit Y: Data Type of Ref St Ref Z: Exchange FinCom Spike Co Bill-wise Details for : Share Supplier Up to: 600.00 cr O: Import Amount E: Export M: E-mail p: pnnt Fl: Help x Name Method of Ad Advance Agst Ref New Ref On Account Accept Q Search Due Date, or Credit Days 20ct-26) Unity o Obd58 to ru 47b3- 0937- acep afec— 0937- acep .337. 3—ecb ening 'db3e4 ing j _id" : 3-011' ' , "orc fec—c Mode Windows Server 2025 Datacenter Build 26100.ge_release240331-1435 8•.07 AM 10/8/2026
[keys] 'New Ref{ENTER}' -> Tally 'TallyPrime:9000'
[shot] tds-166-J1-row2-reftype (1024x768)
[08:07:41] [tds] screen tds-166-J1-row2-reftype : TallyPrime MANAGE EDU K: Company Bill-wise Details Unity Quit Y: Data Type of Ref New Ref Z: Exchange FinCom Spike Co Bill-wise Details for : Share Supplier Up to: 600.00 cr O: Import E: Export Amount 600.00 cr 600.00 cr M: E-mail p: pnnt x Fl: Help Name A Accept Q Search Due Date, or Credit Days (wef 20ct-26) o Obd58 to ru 47b3- 0937- acep afec— 0937- acep .337. 3—ecb ening 'db3e4 ing j _id" : 3-011' ' , "orc fec—c Mode Windows Server 2025 Datacenter Build 26100.ge_release240331-1435 8•.07 AM 10/8/2026
[keys] 'JN-1{ENTER}' -> Tally 'TallyPrime:9000'
[shot] tds-167-J1-row2-refname (1024x768)
[08:07:45] [tds] screen tds-167-J1-row2-refname : TallyPrime MANAGE EDU K: Company Bill-wise Details Unity Quit Y: Data Type of Ref New Ref Z: Exchange FinCom Spike Co Bill-wise Details for : Share Supplier Up to: 600.00 cr O: Import E: Export Amount 600.00 cr 600.00 cr M: E-mail p: pnnt x Fl: Help Name JN_I A Accept Q Search Due Date, or Credit Days (wef 20ct-26) o Obd58 to ru 47b3- 0937- acep afec— 0937- acep .337. 3—ecb ening 'db3e4 ing j _id" : 3-011' ' , "orc fec—c Mode Windows Server 2025 Datacenter Build 26100.ge_release240331-1435 8•.07 AM 10/8/2026
[keys] '{ENTER}' -> Tally 'TallyPrime:9000'
[shot] tds-168-J1-row2-due (1024x768)
[08:07:48] [tds] screen tds-168-J1-row2-due : TallyPrime MANAGE EDU K: Company Bill-wise Details Unity Quit Y: Data Type of Ref New Ref Z: Exchange FinCom Spike Co Bill-wise Details for : Share Supplier Up to: 600.00 cr O: Import E: Export Amount 600.00 cr 600.00 cr M: E-mail p: pnnt x Fl: Help Name JN_I A Accept Q Search Due Date, or Credit Days (wef 20ct-26) o Obd58 to ru 47b3- 0937- acep afec— 0937- acep .337. 3—ecb ening 'db3e4 ing j _id" : 3-011' ' , "orc fec—c Mode Windows Server 2025 Datacenter Build 26100.ge_release240331-1435 8•.07 AM 10/8/2026
[keys] '{ENTER}' -> Tally 'TallyPrime:9000'
[shot] tds-169-J1-row2-refamount (1024x768)
[08:07:51] [tds] screen tds-169-J1-row2-refamount : TallyPrime MANAGE EDU K: Company Bill-wise Details Unity Quit Y: Data Type of Ref New Ref Z: Exchange FinCom Spike Co Bill-wise Details for : Share Supplier Up to: 600.00 cr O: Import E: Export Amount 600.00 er 600.00 cr M: E-mail p: pnnt x Fl: Help Name JN_I A Accept Q Search Due Date, or Credit Days (wef 20ct-26) o Obd58 to ru 47b3- 0937- acep afec— 0937- acep .337. 3—ecb ening 'db3e4 ing j _id" : 3-011' ' , "orc fec—c Mode Windows Server 2025 Datacenter Build 26100.ge_release240331-1435 8•.07 AM 10/8/2026
[shot] tds-170-J1-row2-bills2 (1024x768)
[08:07:52] [tds] screen tds-170-J1-row2-bills2 : TallyPrime MANAGE EDU K: Company Bill-wise Details Unity Quit Y: Data Type of Ref New Ref Z: Exchange FinCom Spike Co Bill-wise Details for : Share Supplier Up to: 600.00 cr O: Import E: Export Amount 600.00 er 600.00 cr M: E-mail p: pnnt x Fl: Help Name JN_I A Accept Q Search Due Date, or Credit Days (wef 20ct-26) o Obd58 to ru 47b3- 0937- acep afec— 0937- acep .337. 3—ecb ening 'db3e4 ing j _id" : 3-011' ' , "orc fec—c Mode Windows Server 2025 Datacenter Build 26100.ge_release240331-1435 8•.07 AM 10/8/2026
[keys] '^a' -> Tally 'TallyPrime:9000'
[shot] tds-171-J1-row2-bills-accept (1024x768)
[08:07:56] [tds] screen tds-171-J1-row2-bills-accept : x Y: Data 58 TallyPrime MANAGE EDU K: Company Accounting Voucher Creation Journal • By To Z: Exchange 600.00 Dr 600.00 Cr Accept Q Search O: Import E: Export M: E-mail FinCom • ke Co Particulars Share Expense CurBal: 4,900.00 Dr Share Emp 1 Share Supplier CurBal: 3,200.00 Cr New Ref JN-I Debit 600.00 600.00 p: print x 2-Oct-26 Friday Credit 600.00 600.00 Fl: Help Q: Date Company Ed: Contra Payment Receipt F-7: Journal Sales o Obd58 to ru 47b3- 0937- acep afec— Purchase 0937- Fl O: OåuVooctgs E: Autofill H: Change = Mode More Details O: Related ¯ Repons Optional post -Dated J: Stat acep .337. 3...
[shot] tds-172-J1-row2-bills3 (1024x768)
[08:07:57] [tds] screen tds-172-J1-row2-bills3 : x Y: Data 58 TallyPrime MANAGE EDU K: Company Accounting Voucher Creation Journal • By To Z: Exchange 600.00 Dr 600.00 Cr Accept Q Search O: Import E: Export M: E-mail FinCom • ke Co Particulars Share Expense CurBal: 4,900.00 Dr Share Emp 1 Share Supplier CurBal: 3,200.00 Cr New Ref JN-I Debit 600.00 600.00 p: print x 2-Oct-26 Friday Credit 600.00 600.00 Fl: Help Q: Date Company Ed: Contra Payment Receipt F-7: Journal Sales o Obd58 to ru 47b3- 0937- acep afec— Purchase 0937- Fl O: OåuVooctgs E: Autofill H: Change = Mode More Details O: Related ¯ Repons Optional post -Dated J: Stat acep .337. 3...
[shot] tds-173-J1-row2-b-sub1 (1024x768)
[08:07:58] [tds] screen tds-173-J1-row2-b-sub1 : x Y: Data 58 TallyPrime MANAGE EDU K: Company Accounting Voucher Creation Journal • By To Z: Exchange 600.00 Dr 600.00 Cr Accept Q Search O: Import E: Export M: E-mail FinCom • ke Co Particulars Share Expense CurBal: 4,900.00 Dr Share Emp 1 Share Supplier CurBal: 3,200.00 Cr New Ref JN-I Debit 600.00 600.00 p: print x 2-Oct-26 Friday Credit 600.00 600.00 Fl: Help Q: Date Company Ed: Contra Payment Receipt F-7: Journal Sales o Obd58 to ru 47b3- 0937- acep afec— Purchase 0937- Fl O: OåuVooctgs E: Autofill H: Change = Mode More Details O: Related ¯ Repons Optional post -Dated J: Stat acep .337. 3...
[shot] tds-174-J1-last-row (1024x768)
[08:07:58] [tds] screen tds-174-J1-last-row : x Y: Data 58 TallyPrime MANAGE EDU K: Company Accounting Voucher Creation Journal • By To Z: Exchange 600.00 Dr 600.00 Cr Accept Q Search O: Import E: Export M: E-mail FinCom • ke Co Particulars Share Expense CurBal: 4,900.00 Dr Share Emp 1 Share Supplier CurBal: 3,200.00 Cr New Ref JN-I Debit 600.00 600.00 p: print x 2-Oct-26 Friday Credit 600.00 600.00 Fl: Help Q: Date Company Ed: Contra Payment Receipt F-7: Journal Sales o Obd58 to ru 47b3- 0937- acep afec— Purchase 0937- Fl O: OåuVooctgs E: Autofill H: Change = Mode More Details O: Related ¯ Repons Optional post -Dated J: Stat acep .337. 3...
[keys] '^a' -> Tally 'TallyPrime:9000'
[shot] tds-175-J1-accept1 (1024x768)
[08:08:03] [tds] screen tds-175-J1-accept1 : x Y: Data 58 Unity TallyPrime MANAGE EDU K: Company Accounting Voucher Creation Journal No. 7 Particulars Narration: Quit Z: Exchange A Accept Q Search FinCom • ke Co O: Import E: Export List of Led er Accounts Profit & Loss Alc Share Basic Share Expense Share HRA Share Party Share Purchase Share Salary Payable Share Sales Share Supplier Spike Income Spike Party Spike Party 2 Ul Party M: E-mail p: pnnt x Create Show More Fl: Help Q: Date Company Ed: Contra Payment Receipt F-7: Journal Sales o Obd58 to ru 47b3- 0937- acep afec— Purchase 0937- Fl O: OåuVooctgs E: Autofill H: Change = Mode More D...
[shot] tds-176-J1-after1 (1024x768)
[08:08:04] [tds] screen tds-176-J1-after1 : x Y: Data 58 Unity TallyPrime MANAGE EDU K: Company Accounting Voucher Creation Journal No. 7 Particulars Narration: Quit Z: Exchange A Accept Q Search FinCom • ke Co O: Import E: Export List of Led er Accounts Profit & Loss Alc Share Basic Share Expense Share HRA Share Party Share Purchase Share Salary Payable Share Sales Share Supplier Spike Income Spike Party Spike Party 2 Ul Party M: E-mail p: pnnt x Create Show More Fl: Help Q: Date Company Ed: Contra Payment Receipt F-7: Journal Sales o Obd58 to ru 47b3- 0937- acep afec— Purchase 0937- Fl O: OåuVooctgs E: Autofill H: Change = Mode More D...
[keys] '^a' -> Tally 'TallyPrime:9000'
[shot] tds-177-J1-accept2 (1024x768)
[08:08:09] [tds] screen tds-177-J1-accept2 : x Y: Data 58 TallyPrime MANAGE EDU K: Company Accounting Voucher Creation Journal No. 7 Z: Exchange A Accept Q Search O: Import E: Export FinCom • ke Co M: E-mail Debit p: print x 2-Oct-26 Friday Credit • By Particulars Profit & Loss Alc CurBal: 6,550.00 Dr Fl: Help Q: Date Company Ed: Contra Payment Receipt F-7: Journal Sales o Obd58 to ru 47b3- 0937- acep afec— Purchase 0937- Fl O: OåuVooctgs E: Autofill H: Change = Mode More Details O: Related ¯ Repons Optional post -Dated J: Stat acep .337. 3—ecb ening 'db3e4 ing j _id" : 3-011' ' , "orc fec—c Unity Narration: Quit D: Delete x: Cancel Vch ...
[shot] tds-178-J1-after2 (1024x768)
[08:08:10] [tds] screen tds-178-J1-after2 : x Y: Data 58 TallyPrime MANAGE EDU K: Company Accounting Voucher Creation Journal No. 7 Z: Exchange A Accept Q Search O: Import E: Export FinCom • ke Co M: E-mail Debit p: print x 2-Oct-26 Friday Credit • By Particulars Profit & Loss Alc CurBal: 6,550.00 Dr Fl: Help Q: Date Company Ed: Contra Payment Receipt F-7: Journal Sales o Obd58 to ru 47b3- 0937- acep afec— Purchase 0937- Fl O: OåuVooctgs E: Autofill H: Change = Mode More Details O: Related ¯ Repons Optional post -Dated J: Stat acep .337. 3—ecb ening 'db3e4 ing j _id" : 3-011' ' , "orc fec—c Unity Narration: Quit D: Delete x: Cancel Vch ...
[keys] '^a' -> Tally 'TallyPrime:9000'
[shot] tds-179-J1-accept3 (1024x768)
[08:08:14] [tds] screen tds-179-J1-accept3 : x Y: Data 58 TallyPrime MANAGE EDU K: Company Accounting Voucher Creation Journal No. 7 Z: Exchange A Accept Q Search O: Import E: Export FinCom • ke Co M: E-mail Debit p: print x 2-Oct-26 Friday Credit • By Particulars Profit & Loss Alc CurBal: 6,550.00 Dr Fl: Help Q: Date Company Ed: Contra Payment Receipt F-7: Journal Sales o Obd58 to ru 47b3- 0937- acep afec— Purchase 0937- Fl O: OåuVooctgs E: Autofill H: Change = Mode More Details O: Related ¯ Repons Optional post -Dated J: Stat acep .337. 3—ecb ening 'db3e4 ing j _id" : 3-011' ' , "orc fec—c Unity Narration: Quit D: Delete x: Cancel Vch ...
[shot] tds-180-J1-after3 (1024x768)
[08:08:15] [tds] screen tds-180-J1-after3 : x Y: Data 58 TallyPrime MANAGE EDU K: Company Accounting Voucher Creation Journal No. 7 Z: Exchange A Accept Q Search O: Import E: Export FinCom • ke Co M: E-mail Debit p: print x 2-Oct-26 Friday Credit • By Particulars Profit & Loss Alc CurBal: 6,550.00 Dr Fl: Help Q: Date Company Ed: Contra Payment Receipt F-7: Journal Sales o Obd58 to ru 47b3- 0937- acep afec— Purchase 0937- Fl O: OåuVooctgs E: Autofill H: Change = Mode More Details O: Related ¯ Repons Optional post -Dated J: Stat acep .337. 3—ecb ening 'db3e4 ing j _id" : 3-011' ' , "orc fec—c Unity Narration: Quit D: Delete x: Cancel Vch ...
[shot] tds-181-gw0 (1024x768)
[08:08:16] [tds] screen tds-181-gw0 : x Y: Data 58 TallyPrime MANAGE EDU K: Company Accounting Voucher Creation Journal No. 7 Z: Exchange A Accept Q Search O: Import E: Export FinCom • ke Co M: E-mail Debit p: print x 2-Oct-26 Friday Credit • By Particulars Profit & Loss Alc CurBal: 6,550.00 Dr Fl: Help Q: Date Company Ed: Contra Payment Receipt F-7: Journal Sales o Obd58 to ru 47b3- 0937- acep afec— Purchase 0937- Fl O: OåuVooctgs E: Autofill H: Change = Mode More Details O: Related ¯ Repons Optional post -Dated J: Stat acep .337. 3—ecb ening 'db3e4 ing j _id" : 3-011' ' , "orc fec—c Unity Narration: Quit D: Delete x: Cancel Vch ...
[keys] '{ESC}' -> Tally 'TallyPrime:9000'
[shot] tds-182-gw1 (1024x768)
[08:08:19] [tds] screen tds-182-gw1 : x Y: Data 58 TallyPrime MANAGE EDU K: Company Accounting Voucher Creation Journal No. 7 Z: Exchange FinCom A: Accept Q Search O: Import E: Export M: E-mail Debit • By Particulars Profit & Loss Alc CurBal: 6,550.00 Dr p: print x 2-Oct-26 Friday Credit Quit o Yes or No Fl: Help F-2: Date F-3: Company F-4: Contra F-5: Payment F-6: Receipt F-7: Journal F-9: Purchase PIO: E: Autofill H: Change = Mode I: More - Details O: Related ¯ Repons L: Optional T: post = -Dated J: Stat o Obd58 to ru 47b3- 0937- acep afec— 0937- acep .337. 3—ecb ening 'db3e4 ing j _id" : 3-011' ' , "orc fec—c Unity Narration: Q...
[keys] 'y' -> Tally 'TallyPrime:9000'
[shot] tds-183-gw2 (1024x768)
[08:08:23] [tds] screen tds-183-gw2 : TallyPrime MANAGE EDU K: Company Gatewa of Tall CURRENT PERIOD I-Apr-26 to 31-Mar-27 NAME OF COMPANY FinCom Spike Co Y: Data Z: Exchange O: Import E: Export M: E-mail p: pnnt x Fl: Help Date Company o Obd58 to ru 47b3- 0937- acep afec— 0937- acep .337. 3—ecb ening 'db3e4 ing j _id" : 3-011' ' , "orc fec—c Mode Q CURRENT OATE Friday, 2-Oct-2026 2-Oct-26 Search Gateway of Tally MASTERS Create Alter CHart of Accounts TRANSACTIONS Vouchers Day 800K UTILITIES BaNking REPORTS Balance Sheet Profit & Loss A/c Stock Summary Ratio Analysis Display More Reports Quit Unity Windows Server 2025 Datacenter B...
  voucher mid=1 aid=1 Journal/1/20260401 guid=54bedff5-92fe-437d-85c8-74d1712959f4-00000001 cancelled=False
  voucher mid=2 aid=2 Journal/2/20261001 guid=54bedff5-92fe-437d-85c8-74d1712959f4-00000002 cancelled=False
  voucher mid=3 aid=3 Journal/3/20261001 guid=54bedff5-92fe-437d-85c8-74d1712959f4-00000003 cancelled=False
  voucher mid=4 aid=4 Journal/4/20261001 guid=54bedff5-92fe-437d-85c8-74d1712959f4-00000004 cancelled=False
  voucher mid=5 aid=5 Journal/5/20261001 guid=54bedff5-92fe-437d-85c8-74d1712959f4-00000005 cancelled=False
  voucher mid=6 aid=6 Payroll/1/20261001 guid=54bedff5-92fe-437d-85c8-74d1712959f4-00000006 cancelled=False
  voucher mid=7 aid=7 Sales/1/20261002 guid=54bedff5-92fe-437d-85c8-74d1712959f4-00000007 cancelled=False
  voucher mid=8 aid=8 Receipt/1/20261002 guid=54bedff5-92fe-437d-85c8-74d1712959f4-00000008 cancelled=False
  voucher mid=9 aid=9 Receipt/2/20261002 guid=54bedff5-92fe-437d-85c8-74d1712959f4-00000009 cancelled=False
  voucher mid=10 aid=10 Payment/1/20261002 guid=54bedff5-92fe-437d-85c8-74d1712959f4-0000000a cancelled=False
  voucher mid=11 aid=11 Payment/2/20261002 guid=54bedff5-92fe-437d-85c8-74d1712959f4-0000000b cancelled=False
  voucher mid=12 aid=12 Contra/1/20261002 guid=54bedff5-92fe-437d-85c8-74d1712959f4-0000000c cancelled=False
  voucher mid=13 aid=13 Journal/6/20261002 guid=54bedff5-92fe-437d-85c8-74d1712959f4-0000000d cancelled=False
  INFO share journal-party (journal with a party (Share Expense Dr / Share Supplier Cr, New Ref JN-1)): Tally Journal 6 mid 13; stored party 'Share Supplier' bills [New Ref]; the line party '' bills [New Ref]; lines voucher_accept_post x1, voucher_full x1
######## ANSWERED hang3 step 7 journal-party: after journal-party: 2.3.4 object answered (11 ms, the entry in it); 2.3.3 by master answered (30 ms, the entry in it); Tally answers after: True; started again: ; 2.3.3 after the restart: 
[08:08:26] ---- share journal-plain: journal with no party (Share Expense Dr / Spike Income Cr)
  voucher mid=1 aid=1 Journal/1/20260401 guid=54bedff5-92fe-437d-85c8-74d1712959f4-00000001 cancelled=False
  voucher mid=2 aid=2 Journal/2/20261001 guid=54bedff5-92fe-437d-85c8-74d1712959f4-00000002 cancelled=False
  voucher mid=3 aid=3 Journal/3/20261001 guid=54bedff5-92fe-437d-85c8-74d1712959f4-00000003 cancelled=False
  voucher mid=4 aid=4 Journal/4/20261001 guid=54bedff5-92fe-437d-85c8-74d1712959f4-00000004 cancelled=False
  voucher mid=5 aid=5 Journal/5/20261001 guid=54bedff5-92fe-437d-85c8-74d1712959f4-00000005 cancelled=False
  voucher mid=6 aid=6 Payroll/1/20261001 guid=54bedff5-92fe-437d-85c8-74d1712959f4-00000006 cancelled=False
  voucher mid=7 aid=7 Sales/1/20261002 guid=54bedff5-92fe-437d-85c8-74d1712959f4-00000007 cancelled=False
  voucher mid=8 aid=8 Receipt/1/20261002 guid=54bedff5-92fe-437d-85c8-74d1712959f4-00000008 cancelled=False
  voucher mid=9 aid=9 Receipt/2/20261002 guid=54bedff5-92fe-437d-85c8-74d1712959f4-00000009 cancelled=False
  voucher mid=10 aid=10 Payment/1/20261002 guid=54bedff5-92fe-437d-85c8-74d1712959f4-0000000a cancelled=False
  voucher mid=11 aid=11 Payment/2/20261002 guid=54bedff5-92fe-437d-85c8-74d1712959f4-0000000b cancelled=False
  voucher mid=12 aid=12 Contra/1/20261002 guid=54bedff5-92fe-437d-85c8-74d1712959f4-0000000c cancelled=False
  voucher mid=13 aid=13 Journal/6/20261002 guid=54bedff5-92fe-437d-85c8-74d1712959f4-0000000d cancelled=False
[shot] tds-184-gw0 (1024x768)
[08:08:27] [tds] screen tds-184-gw0 : TallyPrime MANAGE EDU K: Company Gatewa of Tall CURRENT PERIOD I-Apr-26 to 31-Mar-27 NAME OF COMPANY FinCom Spike Co Y: Data Z: Exchange O: Import E: Export M: E-mail p: pnnt x Fl: Help Date Company o Obd58 to ru 47b3- 0937- acep afec— 0937- acep .337. 3—ecb ening 'db3e4 ing j _id" : 3-011' ' , "orc fec—c Mode Q CURRENT OATE Friday, 2-Oct-2026 2-Oct-26 Search Gateway of Tally MASTERS Create Alter CHart of Accounts TRANSACTIONS Vouchers Day 800K UTILITIES BaNking REPORTS Balance Sheet Profit & Loss A/c Stock Summary Ratio Analysis Display More Reports Quit Unity Windows Server 2025 Datacenter B...
[shot] tds-185-J2-start (1024x768)
[08:08:28] [tds] screen tds-185-J2-start : TallyPrime MANAGE EDU K: Company Gatewa of Tall CURRENT PERIOD I-Apr-26 to 31-Mar-27 NAME OF COMPANY FinCom Spike Co Y: Data Z: Exchange O: Import E: Export M: E-mail p: pnnt x Fl: Help Date Company o Obd58 to ru 47b3- 0937- acep afec— 0937- acep .337. 3—ecb ening 'db3e4 ing j _id" : 3-011' ' , "orc fec—c Mode Q CURRENT OATE Friday, 2-Oct-2026 2-Oct-26 Search Gateway of Tally MASTERS Create Alter CHart of Accounts TRANSACTIONS Vouchers Day 800K UTILITIES BaNking REPORTS Balance Sheet Profit & Loss A/c Stock Summary Ratio Analysis Display More Reports Quit Unity Windows Server 2025 Datacenter B...
[keys] 'v' -> Tally 'TallyPrime:9000'
[shot] tds-186-J2-vouchers (1024x768)
[08:08:32] [tds] screen tds-186-J2-vouchers : x Y: Data 58 Unity TallyPrime MANAGE EDU K: Company Accounting Voucher Creation Journal No. 7 Particulars Narration: Quit Z: Exchange A Accept Q Search FinCom • ke Co O: Import E: Export List of Led er Accounts Profit & Loss Alc Share Basic Share Expense Share HRA Share Party Share Purchase Share Salary Payable Share Sales Share Supplier Spike Income Spike Party Spike Party 2 Ul Party M: E-mail p: pnnt x Create Show More Fl: Help Q: Date Company Ed: Contra Payment Receipt F-7: Journal Sales o Obd58 to ru 47b3- 0937- acep afec— Purchase 0937- Fl O: OåuVooctgs E: Autofill H: Change = Mode More D...
[keys] '{F7}' -> Tally 'TallyPrime:9000'
[shot] tds-187-J2-type (1024x768)
[08:08:36] [tds] screen tds-187-J2-type : x Y: Data 58 Unity TallyPrime MANAGE EDU K: Company Accounting Voucher Creation Journal No. 7 Particulars Narration: Quit Z: Exchange A Accept Q Search FinCom • ke Co O: Import E: Export List of Led er Accounts Profit & Loss Alc Share Basic Share Expense Share HRA Share Party Share Purchase Share Salary Payable Share Sales Share Supplier Spike Income Spike Party Spike Party 2 Ul Party M: E-mail p: pnnt x Create Show More Fl: Help Q: Date Company Ed: Contra Payment Receipt F-7: Journal Sales o Obd58 to ru 47b3- 0937- acep afec— Purchase 0937- Fl O: OåuVooctgs E: Autofill H: Change = Mode More D...
[keys] '{F2}' -> Tally 'TallyPrime:9000'
[shot] tds-188-J2-date-box (1024x768)
[08:08:39] [tds] screen tds-188-J2-date-box : TallyPrime MANAGE EDU K: Company Change Voucher Date Unity Quit Y: Data Z: Exchange A Accept Q Search O: Import E: Export M: E-mail p: pnnt x Fl: Help FinCom Spike Co Voucher Date 3-10-2026 o Obd58 to ru 47b3- 0937- acep afec— 0937- acep .337. 3—ecb ening 'db3e4 ing j _id" : 3-011' ' , "orc fec—c Mode Windows Server 2025 Datacenter Build 26100.ge_release240331-1435 8:08 AM 10/8/2026
[keys] '2-10-2026{ENTER}' -> Tally 'TallyPrime:9000'
[shot] tds-189-J2-date (1024x768)
[08:08:43] [tds] screen tds-189-J2-date : x Y: Data 58 Unity TallyPrime MANAGE EDU K: Company Accounting Voucher Creation Journal No. 7 Particulars Narration: Quit Z: Exchange A Accept Q Search FinCom • ke Co O: Import E: Export List of Led er Accounts Profit & Loss Alc Share Basic Share Expense Share HRA Share Party Share Purchase Share Salary Payable Share Sales Share Supplier Spike Income Spike Party Spike Party 2 Ul Party M: E-mail p: pnnt x Create Show More Fl: Help Q: Date Company Ed: Contra Payment Receipt F-7: Journal Sales o Obd58 to ru 47b3- 0937- acep afec— Purchase 0937- Fl O: OåuVooctgs E: Autofill H: Change = Mode More D...
[keys] 'Share Expense{ENTER}' -> Tally 'TallyPrime:9000'
[shot] tds-190-J2-row1 (1024x768)
[08:08:47] [tds] screen tds-190-J2-row1 : x Y: Data 58 TallyPrime MANAGE EDU K: Company Accounting Voucher Creation Journal No. 7 Z: Exchange A Accept Q Search O: Import E: Export FinCom • ke Co M: E-mail Debit p: print x 2-Oct-26 Friday Credit • By Particulars Share Expense CurBal: 4,900.00 Dr Fl: Help Q: Date Company Ed: Contra Payment Receipt F-7: Journal Sales o Obd58 to ru 47b3- 0937- acep afec— Purchase 0937- Fl O: OåuVooctgs E: Autofill H: Change = Mode More Details O: Related ¯ Repons Optional post -Dated J: Stat acep .337. 3—ecb ening 'db3e4 ing j _id" : 3-011' ' , "orc fec—c Unity Narration: Quit D: Delete x: Cancel Vch Adju...
[shot] tds-191-J2-row1-a-sub1 (1024x768)
[08:08:48] [tds] screen tds-191-J2-row1-a-sub1 : x Y: Data 58 TallyPrime MANAGE EDU K: Company Accounting Voucher Creation Journal No. 7 Z: Exchange A Accept Q Search O: Import E: Export FinCom • ke Co M: E-mail Debit p: print x 2-Oct-26 Friday Credit • By Particulars Share Expense CurBal: 4,900.00 Dr Fl: Help Q: Date Company Ed: Contra Payment Receipt F-7: Journal Sales o Obd58 to ru 47b3- 0937- acep afec— Purchase 0937- Fl O: OåuVooctgs E: Autofill H: Change = Mode More Details O: Related ¯ Repons Optional post -Dated J: Stat acep .337. 3—ecb ening 'db3e4 ing j _id" : 3-011' ' , "orc fec—c Unity Narration: Quit D: Delete x: Cancel Vch Adju...
[keys] '250{ENTER}' -> Tally 'TallyPrime:9000'
[shot] tds-192-J2-row1-amt (1024x768)
[08:08:52] [tds] screen tds-192-J2-row1-amt : TallyPrime MANAGE EDU K: Company Cost Centre Allocations Unity Quit Y: Data Z: Exchange O: Import E: Export M: E-mail p: pnnt x Fl: Help FinCom Spike Co Cost Allocations for : Share Expense Up to: 250.00 Dr Name of Cost Centre Ehare Em 1 A Accept Q Search Amount 250.00 250.00 o Obd58 to ru 47b3- 0937- acep afec— 0937- acep .337. 3—ecb ening 'db3e4 ing j _id" : 3-011' ' , "orc fec—c Mode Windows Server 2025 Datacenter Build 26100.ge_release240331-1435 8:08 AM 10/8/2026
[shot] tds-193-J2-row1-bills1 (1024x768)
[08:08:52] [tds] screen tds-193-J2-row1-bills1 : TallyPrime MANAGE EDU K: Company Cost Centre Allocations Unity Quit Y: Data Z: Exchange O: Import E: Export M: E-mail p: pnnt x Fl: Help FinCom Spike Co Cost Allocations for : Share Expense Up to: 250.00 Dr Name of Cost Centre Ehare Em 1 A Accept Q Search Amount 250.00 250.00 o Obd58 to ru 47b3- 0937- acep afec— 0937- acep .337. 3—ecb ening 'db3e4 ing j _id" : 3-011' ' , "orc fec—c Mode Windows Server 2025 Datacenter Build 26100.ge_release240331-1435 8:08 AM 10/8/2026
[shot] tds-194-J2-row1-b-sub1 (1024x768)
[08:08:53] [tds] screen tds-194-J2-row1-b-sub1 : TallyPrime MANAGE EDU K: Company Cost Centre Allocations Unity Quit Y: Data Z: Exchange O: Import E: Export M: E-mail p: pnnt x Fl: Help FinCom Spike Co Cost Allocations for : Share Expense Up to: 250.00 Dr Name of Cost Centre Ehare Em 1 A Accept Q Search Amount 250.00 250.00 o Obd58 to ru 47b3- 0937- acep afec— 0937- acep .337. 3—ecb ening 'db3e4 ing j _id" : 3-011' ' , "orc fec—c Mode Windows Server 2025 Datacenter Build 26100.ge_release240331-1435 8:08 AM 10/8/2026
[keys] '^a' -> Tally 'TallyPrime:9000'
[shot] tds-195-J2-row1-b-sub-accept (1024x768)
[08:08:57] [tds] screen tds-195-J2-row1-b-sub-accept : x Y: Data 58 TallyPrime MANAGE EDU K: Company Accounting Voucher Creation Journal No. 7 • By Z: Exchange 250.00 Dr A Accept Q Search O: Import E: Export M: E-mail FinCom • ke Co Particulars Share Expense CurBal: 5,150.00 Dr Share Emp 1 Share Supplier CurBal: 3,450.00 Cr Debit 250.00 250.00 p: print x 2-Oct-26 Friday Credit 250.00 250.00 Fl: Help Q: Date Company Ed: Contra Payment Receipt F-7: Journal Sales o Obd58 to ru 47b3- 0937- acep afec— Purchase 0937- Fl O: OåuVooctgs E: Autofill H: Change = Mode More Details O: Related ¯ Repons Optional post -Dated J: Stat acep .337. 3—ecb ening 'db3e4 ...
[shot] tds-196-J2-row1-b-sub2 (1024x768)
[08:08:58] [tds] screen tds-196-J2-row1-b-sub2 : x Y: Data 58 TallyPrime MANAGE EDU K: Company Accounting Voucher Creation Journal No. 7 • By Z: Exchange 250.00 Dr A Accept Q Search O: Import E: Export M: E-mail FinCom • ke Co Particulars Share Expense CurBal: 5,150.00 Dr Share Emp 1 Share Supplier CurBal: 3,450.00 Cr Debit 250.00 250.00 p: print x 2-Oct-26 Friday Credit 250.00 250.00 Fl: Help Q: Date Company Ed: Contra Payment Receipt F-7: Journal Sales o Obd58 to ru 47b3- 0937- acep afec— Purchase 0937- Fl O: OåuVooctgs E: Autofill H: Change = Mode More Details O: Related ¯ Repons Optional post -Dated J: Stat acep .337. 3—ecb ening 'db3e4 ...
[keys] 'To{ENTER}' -> Tally 'TallyPrime:9000'
[shot] tds-197-J2-row2-to (1024x768)
[08:09:01] [tds] screen tds-197-J2-row2-to : x Y: Data 58 TallyPrime MANAGE EDU K: Company Accounting Voucher Creation Journal No. 7 • By To Z: Exchange 250.00 Dr A Accept Q Search FinCom • ke Co O: Import E: Export List of Led er Accounts Profit & Loss A/c Share Basic Share Expense Share HRA Share Party Share Purchase Share Salary Payable Share Sales Share Supplier Spike Income Spike Party Spike Party 2 Ul Party M: E-mail p: pnnt x Create Show More Particulars Share Expense CurBal: 5,150.00 Dr Share Emp 1 Share Su lier CurBal: 3,450.00 Cr Fl: Help Q: Date Company Ed: Contra Payment Receipt F-7: Journal Sales o Obd58 to ru 47b3- 0937- ac...
[keys] 'Spike Income{ENTER}' -> Tally 'TallyPrime:9000'
[shot] tds-198-J2-row2 (1024x768)
[08:09:05] [tds] screen tds-198-J2-row2 : x Y: Data 58 TallyPrime MANAGE EDU K: Company Accounting Voucher Creation Journal No. 7 • By To Z: Exchange 250.00 Dr A Accept Q Search O: Import E: Export M: E-mail FinCom • ke Co Particulars Share Expense CurBal: 5,150.00 Dr Share Emp 1 Spike Income CurBal: 5,950.00 Cr Debit 250.00 250.00 p: print x 2-Oct-26 Friday Credit 250.00 250.00 Fl: Help Q: Date Company Ed: Contra Payment Receipt F-7: Journal Sales o Obd58 to ru 47b3- 0937- acep afec— Purchase 0937- Fl O: OåuVooctgs E: Autofill H: Change = Mode More Details O: Related ¯ Repons Optional post -Dated J: Stat acep .337. 3—ecb ening 'db3e4...
[shot] tds-199-J2-row2-a-sub1 (1024x768)
[08:09:06] [tds] screen tds-199-J2-row2-a-sub1 : x Y: Data 58 TallyPrime MANAGE EDU K: Company Accounting Voucher Creation Journal No. 7 • By To Z: Exchange 250.00 Dr A Accept Q Search O: Import E: Export M: E-mail FinCom • ke Co Particulars Share Expense CurBal: 5,150.00 Dr Share Emp 1 Spike Income CurBal: 5,950.00 Cr Debit 250.00 250.00 p: print x 2-Oct-26 Friday Credit 250.00 250.00 Fl: Help Q: Date Company Ed: Contra Payment Receipt F-7: Journal Sales o Obd58 to ru 47b3- 0937- acep afec— Purchase 0937- Fl O: OåuVooctgs E: Autofill H: Change = Mode More Details O: Related ¯ Repons Optional post -Dated J: Stat acep .337. 3—ecb ening 'db3e4...
[keys] '{ENTER}' -> Tally 'TallyPrime:9000'
[shot] tds-200-J2-row2-amt (1024x768)
[08:09:10] [tds] screen tds-200-J2-row2-amt : TallyPrime MANAGE EDU K: Company Cost Centre Allocations Unity Quit Y: Data Z: Exchange O: Import E: Export M: E-mail p: pnnt x Fl: Help FinCom Spike Co Cost Allocations for : Spike Income Up to: 250.00 cr Name of Cost Centre Ehare Em 1 A Accept Q Search Amount 250.00 250.00 o Obd58 to ru 47b3- 0937- acep afec— 0937- acep .337. 3—ecb ening 'db3e4 ing j _id" : 3-011' ' , "orc fec—c Mode Windows Server 2025 Datacenter Build 26100.ge_release240331-1435 8:09 AM 10/8/2026
[shot] tds-201-J2-row2-bills1 (1024x768)
[08:09:10] [tds] screen tds-201-J2-row2-bills1 : TallyPrime MANAGE EDU K: Company Cost Centre Allocations Unity Quit Y: Data Z: Exchange O: Import E: Export M: E-mail p: pnnt x Fl: Help FinCom Spike Co Cost Allocations for : Spike Income Up to: 250.00 cr Name of Cost Centre Share Em 1 A Accept Q Search Amount 250.00 250.00 o Obd58 to ru 47b3- 0937- acep afec— 0937- acep .337. 3—ecb ening 'db3e4 ing j _id" : 3-011' ' , "orc fec—c Mode Windows Server 2025 Datacenter Build 26100.ge_release240331-1435 8:09 AM 10/8/2026
[shot] tds-202-J2-row2-b-sub1 (1024x768)
[08:09:11] [tds] screen tds-202-J2-row2-b-sub1 : TallyPrime MANAGE EDU K: Company Cost Centre Allocations Unity Quit Y: Data Z: Exchange O: Import E: Export M: E-mail p: pnnt x Fl: Help FinCom Spike Co Cost Allocations for : Spike Income Up to: 250.00 cr Name of Cost Centre Share Em 1 A Accept Q Search Amount 250.00 250.00 o Obd58 to ru 47b3- 0937- acep afec— 0937- acep .337. 3—ecb ening 'db3e4 ing j _id" : 3-011' ' , "orc fec—c Mode Windows Server 2025 Datacenter Build 26100.ge_release240331-1435 8:09 AM 10/8/2026
[keys] '^a' -> Tally 'TallyPrime:9000'
[shot] tds-203-J2-row2-b-sub-accept (1024x768)
[08:09:15] [tds] screen tds-203-J2-row2-b-sub-accept : x Y: Data 58 TallyPrime MANAGE EDU K: Company Accounting Voucher Creation Journal No. 7 • By To Z: Exchange 250.00 Dr 250.00 Cr Accept Q Search O: Import E: Export M: E-mail FinCom • ke Co Particulars Share Expense CurBal: 5,150.00 Dr Share Emp 1 Spike Income CurBal: 5,950.00 Cr Share Emp 1 Debit 250.00 250.00 p: print x 2-Oct-26 Friday Credit 250.00 250.00 Fl: Help Q: Date Company Ed: Contra Payment Receipt F-7: Journal Sales o Obd58 to ru 47b3- 0937- acep afec— Purchase 0937- Fl O: OåuVooctgs E: Autofill H: Change = Mode More Details O: Related ¯ Repons Optional post -Dated J: Stat acep .337...
[shot] tds-204-J2-row2-b-sub2 (1024x768)
[08:09:16] [tds] screen tds-204-J2-row2-b-sub2 : x Y: Data 58 TallyPrime MANAGE EDU K: Company Accounting Voucher Creation Journal No. 7 • By To Z: Exchange 250.00 Dr 250.00 Cr Accept Q Search O: Import E: Export M: E-mail FinCom • ke Co Particulars Share Expense CurBal: 5,150.00 Dr Share Emp 1 Spike Income CurBal: 5,950.00 Cr Share Emp 1 Debit 250.00 250.00 p: print x 2-Oct-26 Friday Credit 250.00 250.00 Fl: Help Q: Date Company Ed: Contra Payment Receipt F-7: Journal Sales o Obd58 to ru 47b3- 0937- acep afec— Purchase 0937- Fl O: OåuVooctgs E: Autofill H: Change = Mode More Details O: Related ¯ Repons Optional post -Dated J: Stat acep .337...
[shot] tds-205-J2-last-row (1024x768)
[08:09:17] [tds] screen tds-205-J2-last-row : x Y: Data 58 TallyPrime MANAGE EDU K: Company Accounting Voucher Creation Journal No. 7 • By To Z: Exchange 250.00 Dr 250.00 Cr Accept Q Search O: Import E: Export M: E-mail FinCom • ke Co Particulars Share Expense CurBal: 5,150.00 Dr Share Emp 1 Spike Income CurBal: 5,950.00 Cr Share Emp 1 Debit 250.00 250.00 p: print x 2-Oct-26 Friday Credit 250.00 250.00 Fl: Help Q: Date Company Ed: Contra Payment Receipt F-7: Journal Sales o Obd58 to ru 47b3- 0937- acep afec— Purchase 0937- Fl O: OåuVooctgs E: Autofill H: Change = Mode More Details O: Related ¯ Repons Optional post -Dated J: Stat acep .337...
[keys] '^a' -> Tally 'TallyPrime:9000'
[shot] tds-206-J2-accept1 (1024x768)
[08:09:21] [tds] screen tds-206-J2-accept1 : x Y: Data 58 Unity TallyPrime MANAGE EDU K: Company Accounting Voucher Creation Journal Particulars Narration: Quit Z: Exchange A Accept Q Search FinCom • ke Co O: Import E: Export List of Led er Accounts Profit & Loss Alc Share Basic Share Expense Share HRA Share Party Share Purchase Share Salary Payable Share Sales Share Supplier Spike Income Spike Party Spike Party 2 Ul Party M: E-mail p: pnnt x Create Show More Fl: Help Q: Date Company Ed: Contra Payment Receipt F-7: Journal Sales o Obd58 to ru 47b3- 0937- acep afec— Purchase 0937- Fl O: OåuVooctgs E: Autofill H: Change = Mode More Details...
[shot] tds-207-J2-after1 (1024x768)
[08:09:22] [tds] screen tds-207-J2-after1 : x Y: Data 58 Unity TallyPrime MANAGE EDU K: Company Accounting Voucher Creation Journal Particulars Narration: Quit Z: Exchange A Accept Q Search FinCom • ke Co O: Import E: Export List of Led er Accounts Profit & Loss Alc Share Basic Share Expense Share HRA Share Party Share Purchase Share Salary Payable Share Sales Share Supplier Spike Income Spike Party Spike Party 2 Ul Party M: E-mail p: pnnt x Create Show More Fl: Help Q: Date Company Ed: Contra Payment Receipt F-7: Journal Sales o Obd58 to ru 47b3- 0937- acep afec— Purchase 0937- Fl O: OåuVooctgs E: Autofill H: Change = Mode More Details...
[keys] '^a' -> Tally 'TallyPrime:9000'
[shot] tds-208-J2-accept2 (1024x768)
[08:09:27] [tds] screen tds-208-J2-accept2 : x Y: Data 58 TallyPrime MANAGE EDU K: Company Accounting Voucher Creation Journal Z: Exchange A Accept Q Search O: Import E: Export FinCom • ke Co M: E-mail Debit p: print x 2-Oct-26 Friday Credit • By Particulars Profit & Loss Alc CurBal: 6,550.00 Dr Fl: Help Q: Date Company Ed: Contra Payment Receipt F-7: Journal Sales o Obd58 to ru 47b3- 0937- acep afec— Purchase 0937- Fl O: OåuVooctgs E: Autofill H: Change = Mode More Details O: Related ¯ Repons Optional post -Dated J: Stat acep .337. 3—ecb ening 'db3e4 ing j _id" : 3-011' ' , "orc fec—c Unity Narration: Quit D: Delete x: Cancel Vch Adjust...
[shot] tds-209-J2-after2 (1024x768)
[08:09:28] [tds] screen tds-209-J2-after2 : x Y: Data 58 TallyPrime MANAGE EDU K: Company Accounting Voucher Creation Journal Z: Exchange A Accept Q Search O: Import E: Export FinCom • ke Co M: E-mail Debit p: print x 2-Oct-26 Friday Credit • By Particulars Profit & Loss Alc CurBal: 6,550.00 Dr Fl: Help Q: Date Company Ed: Contra Payment Receipt F-7: Journal Sales o Obd58 to ru 47b3- 0937- acep afec— Purchase 0937- Fl O: OåuVooctgs E: Autofill H: Change = Mode More Details O: Related ¯ Repons Optional post -Dated J: Stat acep .337. 3—ecb ening 'db3e4 ing j _id" : 3-011' ' , "orc fec—c Unity Narration: Quit D: Delete x: Cancel Vch Adjust...
[keys] '^a' -> Tally 'TallyPrime:9000'
[shot] tds-210-J2-accept3 (1024x768)
[08:09:33] [tds] screen tds-210-J2-accept3 : x Y: Data 58 TallyPrime MANAGE EDU K: Company Accounting Voucher Creation Journal Z: Exchange A Accept Q Search O: Import E: Export FinCom • ke Co M: E-mail Debit p: print x 2-Oct-26 Friday Credit • By Particulars Profit & Loss Alc CurBal: 6,550.00 Dr Fl: Help Q: Date Company Ed: Contra Payment Receipt F-7: Journal Sales o Obd58 to ru 47b3- 0937- acep afec— Purchase 0937- Fl O: OåuVooctgs E: Autofill H: Change = Mode More Details O: Related ¯ Repons Optional post -Dated J: Stat acep .337. 3—ecb ening 'db3e4 ing j _id" : 3-011' ' , "orc fec—c Unity Narration: Quit D: Delete x: Cancel Vch Adjust...
[shot] tds-211-J2-after3 (1024x768)
[08:09:34] [tds] screen tds-211-J2-after3 : x Y: Data 58 TallyPrime MANAGE EDU K: Company Accounting Voucher Creation Journal Z: Exchange A Accept Q Search O: Import E: Export FinCom • ke Co M: E-mail Debit p: print x 2-Oct-26 Friday Credit • By Particulars Profit & Loss Alc CurBal: 6,550.00 Dr Fl: Help Q: Date Company Ed: Contra Payment Receipt F-7: Journal Sales o Obd58 to ru 47b3- 0937- acep afec— Purchase 0937- Fl O: OåuVooctgs E: Autofill H: Change = Mode More Details O: Related ¯ Repons Optional post -Dated J: Stat acep .337. 3—ecb ening 'db3e4 ing j _id" : 3-011' ' , "orc fec—c Unity Narration: Quit D: Delete x: Cancel Vch Adjust...
[shot] tds-212-gw0 (1024x768)
[08:09:34] [tds] screen tds-212-gw0 : x Y: Data 58 TallyPrime MANAGE EDU K: Company Accounting Voucher Creation Journal Z: Exchange A Accept Q Search O: Import E: Export FinCom • ke Co M: E-mail Debit p: print x 2-Oct-26 Friday Credit • By Particulars Profit & Loss Alc CurBal: 6,550.00 Dr Fl: Help Q: Date Company Ed: Contra Payment Receipt F-7: Journal Sales o Obd58 to ru 47b3- 0937- acep afec— Purchase 0937- Fl O: OåuVooctgs E: Autofill H: Change = Mode More Details O: Related ¯ Repons Optional post -Dated J: Stat acep .337. 3—ecb ening 'db3e4 ing j _id" : 3-011' ' , "orc fec—c Unity Narration: Quit D: Delete x: Cancel Vch Adjust...
[keys] '{ESC}' -> Tally 'TallyPrime:9000'
[shot] tds-213-gw1 (1024x768)
[08:09:38] [tds] screen tds-213-gw1 : x Y: Data 58 TallyPrime MANAGE EDU K: Company Accounting Voucher Creation Journal Z: Exchange FinCom A: Accept Q Search O: Import E: Export M: E-mail Debit • By Particulars Profit & Loss Alc CurBal: 6,550.00 Dr p: print x 2-Oct-26 Friday Credit Quit o Yes or No Fl: Help F-2: Date F-3: Company F-4: Contra F-5: Payment F-6: Receipt F-7: Journal F-9: Purchase PIO: E: Autofill H: Change = Mode I: More - Details O: Related ¯ Repons L: Optional T: post = -Dated J: Stat o Obd58 to ru 47b3- 0937- acep afec— 0937- acep .337. 3—ecb ening 'db3e4 ing j _id" : 3-011' ' , "orc fec—c Unity Narration: Q: Quit...
[keys] 'y' -> Tally 'TallyPrime:9000'
[shot] tds-214-gw2 (1024x768)
[08:09:42] [tds] screen tds-214-gw2 : TallyPrime MANAGE EDU K: Company Gatewa of Tall CURRENT PERIOD I-Apr-26 to 31-Mar-27 NAME OF COMPANY FinCom Spike Co Y: Data Z: Exchange O: Import E: Export M: E-mail p: pnnt x Fl: Help Date Company o Obd58 to ru 47b3- 0937- acep afec— 0937- acep .337. 3—ecb ening 'db3e4 ing j _id" : 3-011' ' , "orc fec—c Mode Q CURRENT OATE Friday, 2-Oct-2026 2-Oct-26 Search Gateway of Tally MASTERS Create Alter CHart of Accounts TRANSACTIONS Vouchers Day 800K UTILITIES BaNking REPORTS Balance Sheet Profit & Loss A/c Stock Summary Ratio Analysis Display More Reports Quit Unity Windows Server 2025 Datacenter B...
  voucher mid=1 aid=1 Journal/1/20260401 guid=54bedff5-92fe-437d-85c8-74d1712959f4-00000001 cancelled=False
  voucher mid=2 aid=2 Journal/2/20261001 guid=54bedff5-92fe-437d-85c8-74d1712959f4-00000002 cancelled=False
  voucher mid=3 aid=3 Journal/3/20261001 guid=54bedff5-92fe-437d-85c8-74d1712959f4-00000003 cancelled=False
  voucher mid=4 aid=4 Journal/4/20261001 guid=54bedff5-92fe-437d-85c8-74d1712959f4-00000004 cancelled=False
  voucher mid=5 aid=5 Journal/5/20261001 guid=54bedff5-92fe-437d-85c8-74d1712959f4-00000005 cancelled=False
  voucher mid=6 aid=6 Payroll/1/20261001 guid=54bedff5-92fe-437d-85c8-74d1712959f4-00000006 cancelled=False
  voucher mid=7 aid=7 Sales/1/20261002 guid=54bedff5-92fe-437d-85c8-74d1712959f4-00000007 cancelled=False
  voucher mid=8 aid=8 Receipt/1/20261002 guid=54bedff5-92fe-437d-85c8-74d1712959f4-00000008 cancelled=False
  voucher mid=9 aid=9 Receipt/2/20261002 guid=54bedff5-92fe-437d-85c8-74d1712959f4-00000009 cancelled=False
  voucher mid=10 aid=10 Payment/1/20261002 guid=54bedff5-92fe-437d-85c8-74d1712959f4-0000000a cancelled=False
  voucher mid=11 aid=11 Payment/2/20261002 guid=54bedff5-92fe-437d-85c8-74d1712959f4-0000000b cancelled=False
  voucher mid=12 aid=12 Contra/1/20261002 guid=54bedff5-92fe-437d-85c8-74d1712959f4-0000000c cancelled=False
  voucher mid=13 aid=13 Journal/6/20261002 guid=54bedff5-92fe-437d-85c8-74d1712959f4-0000000d cancelled=False
  voucher mid=14 aid=14 Journal/7/20261002 guid=54bedff5-92fe-437d-85c8-74d1712959f4-0000000e cancelled=False
  INFO share journal-plain (journal with no party (Share Expense Dr / Spike Income Cr)): Tally Journal 7 mid 14; stored party '' bills []; the line party '' bills []; lines voucher_accept_post x1, voucher_full x1
######## ANSWERED hang3 step 8 journal-plain: after journal-plain: 2.3.4 object answered (10 ms, the entry in it); 2.3.3 by master answered (29 ms, the entry in it); Tally answers after: True; started again: ; 2.3.3 after the restart: 
[08:09:45] ---- share sales-new: sales item invoice, New Ref bill (SI-1)
  voucher mid=1 aid=1 Journal/1/20260401 guid=54bedff5-92fe-437d-85c8-74d1712959f4-00000001 cancelled=False
  voucher mid=2 aid=2 Journal/2/20261001 guid=54bedff5-92fe-437d-85c8-74d1712959f4-00000002 cancelled=False
  voucher mid=3 aid=3 Journal/3/20261001 guid=54bedff5-92fe-437d-85c8-74d1712959f4-00000003 cancelled=False
  voucher mid=4 aid=4 Journal/4/20261001 guid=54bedff5-92fe-437d-85c8-74d1712959f4-00000004 cancelled=False
  voucher mid=5 aid=5 Journal/5/20261001 guid=54bedff5-92fe-437d-85c8-74d1712959f4-00000005 cancelled=False
  voucher mid=6 aid=6 Payroll/1/20261001 guid=54bedff5-92fe-437d-85c8-74d1712959f4-00000006 cancelled=False
  voucher mid=7 aid=7 Sales/1/20261002 guid=54bedff5-92fe-437d-85c8-74d1712959f4-00000007 cancelled=False
  voucher mid=8 aid=8 Receipt/1/20261002 guid=54bedff5-92fe-437d-85c8-74d1712959f4-00000008 cancelled=False
  voucher mid=9 aid=9 Receipt/2/20261002 guid=54bedff5-92fe-437d-85c8-74d1712959f4-00000009 cancelled=False
  voucher mid=10 aid=10 Payment/1/20261002 guid=54bedff5-92fe-437d-85c8-74d1712959f4-0000000a cancelled=False
  voucher mid=11 aid=11 Payment/2/20261002 guid=54bedff5-92fe-437d-85c8-74d1712959f4-0000000b cancelled=False
  voucher mid=12 aid=12 Contra/1/20261002 guid=54bedff5-92fe-437d-85c8-74d1712959f4-0000000c cancelled=False
  voucher mid=13 aid=13 Journal/6/20261002 guid=54bedff5-92fe-437d-85c8-74d1712959f4-0000000d cancelled=False
  voucher mid=14 aid=14 Journal/7/20261002 guid=54bedff5-92fe-437d-85c8-74d1712959f4-0000000e cancelled=False
[shot] tds-215-gw0 (1024x768)
[08:09:46] [tds] screen tds-215-gw0 : TallyPrime MANAGE EDU K: Company Gatewa of Tall CURRENT PERIOD I-Apr-26 to 31-Mar-27 NAME OF COMPANY FinCom Spike Co Y: Data Z: Exchange O: Import E: Export M: E-mail p: pnnt x Fl: Help Date Company o Obd58 to ru 47b3- 0937- acep afec— 0937- acep .337. 3—ecb ening 'db3e4 ing j _id" : 3-011' ' , "orc fec—c Mode Q CURRENT OATE Friday, 2-Oct-2026 2-Oct-26 Search Gateway of Tally MASTERS Create Alter CHart of Accounts TRANSACTIONS Vouchers Day 800K UTILITIES BaNking REPORTS Balance Sheet Profit & Loss A/c Stock Summary Ratio Analysis Display More Reports Quit Unity Windows Server 2025 Datacenter B...
[shot] tds-216-S1-start (1024x768)
[08:09:47] [tds] screen tds-216-S1-start : TallyPrime MANAGE EDU K: Company Gatewa of Tall CURRENT PERIOD I-Apr-26 to 31-Mar-27 NAME OF COMPANY FinCom Spike Co Y: Data Z: Exchange O: Import E: Export M: E-mail p: pnnt x Fl: Help Date Company o Obd58 to ru 47b3- 0937- acep afec— 0937- acep .337. 3—ecb ening 'db3e4 ing j _id" : 3-011' ' , "orc fec—c Mode Q CURRENT OATE Friday, 2-Oct-2026 2-Oct-26 Search Gateway of Tally MASTERS Create Alter CHart of Accounts TRANSACTIONS Vouchers Day 800K UTILITIES BaNking REPORTS Balance Sheet Profit & Loss A/c Stock Summary Ratio Analysis Display More Reports Quit Unity Windows Server 2025 Datacenter B...
[keys] 'v' -> Tally 'TallyPrime:9000'
[shot] tds-217-S1-vouchers (1024x768)
[08:09:51] [tds] screen tds-217-S1-vouchers : x Y: Data 58 Unity TallyPrime MANAGE EDU K: Company Accounting Voucher Creation Journal Particulars Narration: Quit Z: Exchange A Accept Q Search FinCom • ke Co O: Import E: Export List of Led er Accounts Profit & Loss Alc Share Basic Share Expense Share HRA Share Party Share Purchase Share Salary Payable Share Sales Share Supplier Spike Income Spike Party Spike Party 2 Ul Party M: E-mail p: pnnt x Create Show More Fl: Help Q: Date Company Ed: Contra Payment Receipt F-7: Journal Sales o Obd58 to ru 47b3- 0937- acep afec— Purchase 0937- Fl O: OåuVooctgs E: Autofill H: Change = Mode More Details...
[keys] '{F8}' -> Tally 'TallyPrime:9000'
[shot] tds-218-S1-type (1024x768)
[08:09:55] [tds] screen tds-218-S1-type : x TallyPrime MANAGE EDU K: Company Accounting Voucher Creation 58 Sales No. 2 Party Alc narne. Current balance: Sales ledger: • Current balance: Name of Item Narration: Unity Quit Y: Data Z: Exchange A Accept Q Search FinCom • ke Co O: Import E: Export List of Led er Accounts Cash Share Bank Share Party Share Supplier Spike Party Spike Party 2 Ul Party M: E-mail p: pnnt x Create Fl: Help Date o Obd58 Company to ru F4: Contra F5: Payment Receipt Journal F8: Sales Purchase Fl 0: 0åHVouctg•s F: Autofill Change Mode More Details o: L: Related Reports Optional post -Dated 47b3- 0937- acep afec— 093...
[keys] '^h' -> Tally 'TallyPrime:9000'
[shot] tds-219-S1-mode (1024x768)
[08:09:59] [tds] screen tds-219-S1-mode : TallyPrime MANAGE EDU K: Company Change Mode Unity Quit Y: Data Z: Exchange O: Import E: Export M: E-mail p: pnnt x Fl: Help FinCom • ke Co Change Voucher Mode Item Invoice List of Modes/Usa es Item Invoice Accounting Invoice As Voucher A Accept Q Search o Obd58 to ru 47b3- 0937- acep afec— 0937- acep .337. 3—ecb ening 'db3e4 ing j _id" : 3-011' ' , "orc fec—c Mode Windows Server 2025 Datacenter Build 26100.ge_release240331-1435 8:09 AM 10/8/2026
[keys] 'Item Invoice{ENTER}' -> Tally 'TallyPrime:9000'
[shot] tds-220-S1-item-mode (1024x768)
[08:10:02] [tds] screen tds-220-S1-item-mode : x TallyPrime MANAGE EDU K: Company Accounting Voucher Creation 58 Sales No. 2 Party Alc narne. Current balance: Sales ledger: • Current balance: Name of Item Narration: Unity Quit Y: Data Z: Exchange A Accept Q Search FinCom • ke Co O: Import E: Export List of Led er Accounts Cash Share Bank Share Party Share Supplier Spike Party Spike Party 2 Ul Party M: E-mail p: pnnt x Create Fl: Help Date o Obd58 Company to ru F4: Contra F5: Payment Receipt Journal F8: Sales Purchase Fl 0: 0åHVouctg•s F: Autofill Change Mode More Details o: L: Related Reports Optional post -Dated 47b3- 0937- acep afec— 093...
[keys] '{F2}' -> Tally 'TallyPrime:9000'
[shot] tds-221-S1-date-box (1024x768)
[08:10:06] [tds] screen tds-221-S1-date-box : TallyPrime MANAGE EDU K: Company Change Voucher Date Unity Quit Y: Data Z: Exchange A Accept Q Search O: Import E: Export M: E-mail p: pnnt x Fl: Help FinCom Spike Co Voucher Date 3-10-2026 o Obd58 to ru 47b3- 0937- acep afec— 0937- acep .337. 3—ecb ening 'db3e4 ing j _id" : 3-011' ' , "orc fec—c Mode Windows Server 2025 Datacenter Build 26100.ge_release240331-1435 8:10 AM 10/8/2026
[keys] '2-10-2026{ENTER}' -> Tally 'TallyPrime:9000'
[shot] tds-222-S1-date (1024x768)
[08:10:09] [tds] screen tds-222-S1-date : x TallyPrime MANAGE EDU K: Company Accounting Voucher Creation 58 Sales No. 2 Party Alc narne. Current balance: Sales ledger: • Current balance: Name of Item Narration: Unity Quit Y: Data Z: Exchange A Accept Q Search FinCom • ke Co O: Import E: Export List of Led er Accounts Cash Share Bank Share Party Share Supplier Spike Party Spike Party 2 Ul Party M: E-mail p: pnnt x Create Fl: Help Date o Obd58 Company to ru F4: Contra F5: Payment Receipt Journal F8: Sales Purchase Fl 0: 0åHVouctg•s F: Autofill Change Mode More Details o: L: Related Reports Optional post -Dated 47b3- 0937- acep afec— 093...
[keys] 'Share Party{ENTER}' -> Tally 'TallyPrime:9000'
[shot] tds-223-S1-party (1024x768)
[08:10:14] [tds] screen tds-223-S1-party : x R CEDU Details TallyPrime MANAGE K: Company Y: Data Z: Exchange Accept Q Search O: Import E: Export M: E-mail p: pnnt Fl: Help x Delivery Note No(s) FinCom Spike Co Dispatch Details Dispatch Doc No. Dispatched through Destination Carrier Name/Agent Bill of No. Motor Vehicle No. Date: Unity Quit o Obd58 to ru 47b3- 0937- acep afec— 0937- acep .337. 3—ecb ening 'db3e4 ing j _id" : 3-011' ' , "orc fec—c Mode Windows Server 2025 Datacenter Build 26100.ge_release240331-1435 8:10 AM 10/8/2026
[shot] tds-224-S1-party-sub1 (1024x768)
[08:10:15] [tds] screen tds-224-S1-party-sub1 : x R CEDU Details TallyPrime MANAGE K: Company Y: Data Z: Exchange Accept Q Search O: Import E: Export M: E-mail p: pnnt Fl: Help x Delivery Note No(s) FinCom Spike Co Dispatch Details Dispatch Doc No. Dispatched through Destination Carrier Name/Agent Bill of No. Motor Vehicle No. Date: Unity Quit o Obd58 to ru 47b3- 0937- acep afec— 0937- acep .337. 3—ecb ening 'db3e4 ing j _id" : 3-011' ' , "orc fec—c Mode Windows Server 2025 Datacenter Build 26100.ge_release240331-1435 8:10 AM 10/8/2026
[keys] '^a' -> Tally 'TallyPrime:9000'
[shot] tds-225-S1-party-sub-accept (1024x768)
[08:10:18] [tds] screen tds-225-S1-party-sub-accept : x R CEDU TallyPrime MANAGE K: Company Y: Data Z: Exchange FinCom Spike Co Party Details Share Pa List of Led er Accounts Share Party Share Supplier Spike Party Spike Party 2 Ul Party O: Import Create New Party E: Export M: E-mail p: pnnt Fl: Help x Details Quit Buyer (Bill to) Mailing Name Address State Country GST Registration type GSTIN/UIN Place of Supply Accept Q Search o Obd58 to ru 47b3- 0937- acep afec— 0937- acep .337. 3—ecb ening 'db3e4 ing j _id" : 3-011' ' , "orc fec—c Unity Configure Mode Windows Server 2025 Datacenter Build 26100.ge_release240331-1435 8:10 AM 10/8/2026
[shot] tds-226-S1-party-sub2 (1024x768)
[08:10:19] [tds] screen tds-226-S1-party-sub2 : x R CEDU TallyPrime MANAGE K: Company Y: Data Z: Exchange FinCom Spike Co Party Details Share Pa List of Led er Accounts Share Party Share Supplier Spike Party Spike Party 2 Ul Party O: Import Create New Party E: Export M: E-mail p: pnnt Fl: Help x Details Quit Buyer (Bill to) Mailing Name Address State Country GST Registration type GSTIN/UIN Place of Supply Accept Q Search o Obd58 to ru 47b3- 0937- acep afec— 0937- acep .337. 3—ecb ening 'db3e4 ing j _id" : 3-011' ' , "orc fec—c Unity Configure Mode Windows Server 2025 Datacenter Build 26100.ge_release240331-1435 8:10 AM 10/8/2026
[keys] '^a' -> Tally 'TallyPrime:9000'
[shot] tds-227-S1-party-sub-accept (1024x768)
[08:10:23] [tds] screen tds-227-S1-party-sub-accept : x Y: Data 58 TallyPrime MANAGE EDU K: Company Accounting Voucher Creation Sales No. 2 Z: Exchange A Accept Q Search FinCom • ke Co O: Import E: Export List of Led er Accounts Share Sales M: E-mail p: pnnt x Create Show More Fl: Help Date o Obd58 Company to ru Party A/c narne: Share Party Currentbalance: 3,650.00 Dr Sales ledger: • Current balance: Name of Item Narration: Quit F4: Contra F5: Payment Receipt Journal F8: Sales Purchase Fl 0: 0åHVouctg•s F: Autofill Change Mode More Details o: L: Related Reports Optional post -Dated 47b3- 0937- acep afec— 0937- acep .337. 3—ecb ening 'db3e4 ing j ...
[shot] tds-228-S1-party-sub3 (1024x768)
[08:10:24] [tds] screen tds-228-S1-party-sub3 : x Y: Data 58 TallyPrime MANAGE EDU K: Company Accounting Voucher Creation Sales No. 2 Z: Exchange A Accept Q Search FinCom • ke Co O: Import E: Export List of Led er Accounts Share Sales M: E-mail p: pnnt x Create Show More Fl: Help Date o Obd58 Company to ru Party A/c narne: Share Party Currentbalance: 3,650.00 Dr Sales ledger: • Current balance: Name of Item Narration: Quit F4: Contra F5: Payment Receipt Journal F8: Sales Purchase Fl 0: 0åHVouctg•s F: Autofill Change Mode More Details o: L: Related Reports Optional post -Dated 47b3- 0937- acep afec— 0937- acep .337. 3—ecb ening 'db3e4 ing j ...
[keys] 'Share Sales{ENTER}' -> Tally 'TallyPrime:9000'
[shot] tds-229-S1-ledger (1024x768)
[08:10:28] [tds] screen tds-229-S1-ledger : x TallyPrime MANAGE EDU K: Company Accounting Voucher Creation Sales No. 2 Y: Data 58 Ch Z: Exchange A Accept Q Search FinCom • ke Co O: Import Quantity E: Export Rate M: E-mail per p: print 2-Oct-26 Friday Amount Fl: Help Date o Obd58 Company to ru Party A/c narne: Share Party Currentbalance: 3,650.00 Dr Sales ledger: Share Sales • Current balance: 150.00 Cr Name of Item Narration: Quit F4: Contra F5: Payment Receipt Journal F8: Sales Purchase Fl 0: 0åHVouctg•s F: Autofill Change Mode More Details o: L: Related Reports Optional post -Dated 47b3- 0937- acep afec— 0937- acep .337. 3—ecb ening '...
[keys] 'Share Item{ENTER}' -> Tally 'TallyPrime:9000'
[shot] tds-230-S1-item (1024x768)
[08:10:31] [tds] screen tds-230-S1-item : x Y: Data 58 TallyPrime MANAGE EDU K: Company Accounting Voucher Creation Sales No. 2 Z: Exchange A Accept Q Search FinCom • ke Co O: Import Quantity E: Export Rate M: E-mail per p: print 2-Oct-26 Friday Amount Fl: Help Date o Obd58 Company to ru Party A/c narne: Share Party Currentbalance: 3,650.00 Dr Sales ledger: Share Sales • Current balance: 150.00 Cr Name of Item Share Item Narration: Quit F4: Contra F5: Payment Receipt Journal F8: Sales Purchase Fl 0: 0åHVouctg•s F: Autofill Change Mode More Details o: L: Related Reports Optional post -Dated 47b3- 0937- acep afec— 0937- acep .337. 3—ecb...
[shot] tds-231-S1-item-sub1 (1024x768)
[08:10:32] [tds] screen tds-231-S1-item-sub1 : x Y: Data 58 TallyPrime MANAGE EDU K: Company Accounting Voucher Creation Sales No. 2 Z: Exchange A Accept Q Search FinCom • ke Co O: Import Quantity E: Export Rate M: E-mail per p: print 2-Oct-26 Friday Amount Fl: Help Date o Obd58 Company to ru Party A/c narne: Share Party Currentbalance: 3,650.00 Dr Sales ledger: Share Sales • Current balance: 150.00 Cr Name of Item Share Item Narration: Quit F4: Contra F5: Payment Receipt Journal F8: Sales Purchase Fl 0: 0åHVouctg•s F: Autofill Change Mode More Details o: L: Related Reports Optional post -Dated 47b3- 0937- acep afec— 0937- acep .337. 3—ecb...
[keys] '2{ENTER}' -> Tally 'TallyPrime:9000'
[shot] tds-232-S1-qty (1024x768)
[08:10:35] [tds] screen tds-232-S1-qty : x Y: Data 58 TallyPrime MANAGE EDU K: Company Accounting Voucher Creation Sales No. 2 Z: Exchange A Accept Q Search FinCom • ke Co O: Import Quantity 2 Nos 2 Nos E: Export Rate M: E-mail per p: print 2-Oct-26 Friday Amount Fl: Help Date o Obd58 Company to ru Party A/c narne: Share Party Currentbalance: 3,650.00 Dr Sales ledger: Share Sales • Current balance: 150.00 Cr Name of Item Share Item Narration: Quit F4: Contra F5: Payment Receipt Journal F8: Sales Purchase Fl 0: 0åHVouctg•s F: Autofill Change Mode More Details o: L: Related Reports Optional post -Dated 47b3- 0937- acep afec— 0937- acep...
[keys] '100{ENTER}' -> Tally 'TallyPrime:9000'
[shot] tds-233-S1-rate (1024x768)
[08:10:39] [tds] screen tds-233-S1-rate : x Y: Data 58 TallyPrime MANAGE EDU K: Company Accounting Voucher Creation Sales No. 2 Z: Exchange A Accept Q Search FinCom • ke Co O: Import Quantity 2 Nos 2 Nos E: Export Rate 100.00 M: E-mail per Nos p: print 2-Oct-26 Friday Amount 200.00 Fl: Help Date o Obd58 Company to ru Party A/c narne: Share Party Currentbalance: 3,650.00 Dr Sales ledger: Share Sales • Current balance: 150.00 Cr Name of Item Share Item Narration: Quit F4: Contra F5: Payment Receipt Journal F8: Sales Purchase Fl 0: 0åHVouctg•s F: Autofill Change Mode More Details o: L: 200.00 Related Reports Optional post -Dated 47b3- 09...
[keys] '{ENTER}' -> Tally 'TallyPrime:9000'
[shot] tds-234-S1-amount (1024x768)
[08:10:42] [tds] screen tds-234-S1-amount : x Y: Data 58 TallyPrime MANAGE EDU K: Company Accounting Voucher Creation Sales No. 2 Z: Exchange A Accept Q Search FinCom • ke Co O: Import Quantity 2 Nos 2 Nos E: Export Rate 100.00 M: E-mail per Nos p: print 2-Oct-26 Friday Amount 200.00 Fl: Help Date o Obd58 Company to ru Party A/c narne: Share Party Currentbalance: 3,650.00 Dr Sales ledger: Share Sales • Current balance: 150.00 Cr Name of Item Share Item Narration: Quit F4: Contra F5: Payment Receipt Journal F8: Sales Purchase Fl 0: 0åHVouctg•s F: Autofill Change Mode More Details o: L: 200.00 Related Reports Optional post -Dated 47b3- 09...
[shot] tds-235-S1-item-b-sub1 (1024x768)
[08:10:43] [tds] screen tds-235-S1-item-b-sub1 : x Y: Data 58 TallyPrime MANAGE EDU K: Company Accounting Voucher Creation Sales No. 2 Z: Exchange A Accept Q Search FinCom • ke Co O: Import Quantity 2 Nos 2 Nos E: Export Rate 100.00 M: E-mail per Nos p: print 2-Oct-26 Friday Amount 200.00 Fl: Help Date o Obd58 Company to ru Party A/c narne: Share Party Currentbalance: 3,650.00 Dr Sales ledger: Share Sales • Current balance: 150.00 Cr Name of Item Share Item Narration: Quit F4: Contra F5: Payment Receipt Journal F8: Sales Purchase Fl 0: 0åHVouctg•s F: Autofill Change Mode More Details o: L: 200.00 Related Reports Optional post -Dated 47b3- 09...
[keys] '{ENTER}' -> Tally 'TallyPrime:9000'
[shot] tds-236-S1-items-done (1024x768)
[08:10:46] [tds] screen tds-236-S1-items-done : x Y: Data 58 TallyPrime MANAGE EDU K: Company Accounting Voucher Creation Sales No. 2 Z: Exchange A Accept Q Search FinCom • ke Co O: Import Quantity 2 Nos 2 Nos E: Export Rate 100.00 M: E-mail per Nos p: print 2-Oct-26 Friday Amount 200.00 200.00 Fl: Help Date o Obd58 Company to ru Party A/c narne: Share Party Currentbalance: 3,650.00 Dr Sales ledger: Share Sales • Current balance: 150.00 Cr Name of Item Share Item Narration: Quit F4: Contra F5: Payment Receipt Journal F8: Sales Purchase Fl 0: 0åHVouctg•s F: Autofill Change Mode More Details o: L: 200.00 Related Reports Optional post -Dated 4...
[keys] '^a' -> Tally 'TallyPrime:9000'
[shot] tds-237-S1-accept1 (1024x768)
[08:10:50] [tds] screen tds-237-S1-accept1 : x TallyPrime MANAGE EDU K: Company Accounting Voucher Creation 58 Sales No. 3 Party Alc narne. Current balance: Sales ledger: • Current balance: Name of Item Narration: Unity Quit Y: Data Z: Exchange A Accept Q Search FinCom • ke Co O: Import E: Export List of Led er Accounts Cash Share Bank Share Party Share Supplier Spike Party Spike Party 2 Ul Party M: E-mail p: pnnt x Create Fl: Help Date o Obd58 Company to ru F4: Contra F5: Payment Receipt Journal F8: Sales Purchase Fl 0: 0åHVouctg•s F: Autofill Change Mode More Details o: L: Related Reports Optional post -Dated 47b3- 0937- acep afec— 093...
[shot] tds-238-S1-after1 (1024x768)
[08:10:51] [tds] screen tds-238-S1-after1 : x TallyPrime MANAGE EDU K: Company Accounting Voucher Creation 58 Sales No. 3 Party Alc narne. Current balance: Sales ledger: • Current balance: Name of Item Narration: Unity Quit Y: Data Z: Exchange A Accept Q Search FinCom • ke Co O: Import E: Export List of Led er Accounts Cash Share Bank Share Party Share Supplier Spike Party Spike Party 2 Ul Party M: E-mail p: pnnt x Create Fl: Help Date o Obd58 Company to ru F4: Contra F5: Payment Receipt Journal F8: Sales Purchase Fl 0: 0åHVouctg•s F: Autofill Change Mode More Details o: L: Related Reports Optional post -Dated 47b3- 0937- acep afec— 093...
[keys] '^a' -> Tally 'TallyPrime:9000'
[shot] tds-239-S1-accept2 (1024x768)
[08:10:56] [tds] screen tds-239-S1-accept2 : x TallyPrime MANAGE EDU K: Company Accounting Voucher Creation Q: Quit Y: Data Z: Exchange A: Accept Q Search O: Import E: Export M: E-mail FinCom Spike Co p: print Fl: Help x F2: Date F3: Company F4: Contra F5: Payment t F6: Receipt F7: Journal F8: Sales F9: Purchase F: Autofill H: Change Mode l: More Details Error Oops! No Entries in Voucher! Unity p: Delete , cancel vch O: Related Reports k: Optional T: post -Dated Fl 2: Configure o Obd58 to ru 47b3- 0937- acep afec— 0937- acep .337. 3—ecb ening 'db3e4 ing j _id" : 3-011' ' , "orc fec—c Mode Windows Server 2025 Datacenter Build 26100.ge_rel...
[shot] tds-240-S1-after2 (1024x768)
[08:10:57] [tds] screen tds-240-S1-after2 : x TallyPrime MANAGE EDU K: Company Accounting Voucher Creation Q: Quit Y: Data Z: Exchange A: Accept Q Search O: Import E: Export M: E-mail FinCom Spike Co p: print Fl: Help x F2: Date F3: Company F4: Contra F5: Payment t F6: Receipt F7: Journal F8: Sales F9: Purchase F: Autofill H: Change Mode l: More Details Error Oops! No Entries in Voucher! Unity p: Delete , cancel vch O: Related Reports k: Optional T: post -Dated Fl 2: Configure o Obd58 to ru 47b3- 0937- acep afec— 0937- acep .337. 3—ecb ening 'db3e4 ing j _id" : 3-011' ' , "orc fec—c Mode Windows Server 2025 Datacenter Build 26100.ge_rel...
[keys] '^a' -> Tally 'TallyPrime:9000'
[shot] tds-241-S1-accept3 (1024x768)
[08:11:02] [tds] screen tds-241-S1-accept3 : x TallyPrime MANAGE EDU K: Company Accounting Voucher Creation Y: Data 58 Sales Party Alc narne. Current balance: Sales ledger: • Current balance: Z: Exchange A Accept Q Search FinCom • ke Co O: Import E: Export List of Led er Accounts Cash Share Bank Share Party Share Supplier Spike Party Spike Party 2 Ul Party M: E-mail p: pnnt x Create Fl: Help Date o Obd58 No. 3 Cash 300.00 Dr Share Sales 350.00 Cr Company to ru Name of Item End of List • • End of List Narration: Unity Quit F4: Contra F5: Payment Receipt Journal F8: Sales Purchase Fl 0: 0åHVouctg•s F: Autofill Change Mode More Details o: L...
[shot] tds-242-S1-after3 (1024x768)
[08:11:02] [tds] screen tds-242-S1-after3 : x TallyPrime MANAGE EDU K: Company Accounting Voucher Creation Y: Data 58 Sales Party Alc narne. Current balance: Sales ledger: • Current balance: Z: Exchange A Accept Q Search FinCom • ke Co O: Import E: Export List of Led er Accounts Cash Share Bank Share Party Share Supplier Spike Party Spike Party 2 Ul Party M: E-mail p: pnnt x Create Fl: Help Date o Obd58 No. 3 Cash 300.00 Dr Share Sales 350.00 Cr Company to ru Name of Item End of List • • End of List Narration: Unity Quit F4: Contra F5: Payment Receipt Journal F8: Sales Purchase Fl 0: 0åHVouctg•s F: Autofill Change Mode More Details o: L...
[shot] tds-243-gw0 (1024x768)
[08:11:03] [tds] screen tds-243-gw0 : x TallyPrime MANAGE EDU K: Company Accounting Voucher Creation Y: Data 58 Sales Party Alc narne. Current balance: Sales ledger: • Current balance: Z: Exchange A Accept Q Search FinCom • ke Co O: Import E: Export List of Led er Accounts Cash Share Bank Share Party Share Supplier Spike Party Spike Party 2 Ul Party M: E-mail p: pnnt x Create Fl: Help Date o Obd58 No. 3 Cash 300.00 Dr Share Sales 350.00 Cr Company to ru Name of Item End of List • • End of List Narration: Unity Quit F4: Contra F5: Payment Receipt Journal F8: Sales Purchase Fl 0: 0åHVouctg•s F: Autofill Change Mode More Details o: L...
[keys] '{ESC}' -> Tally 'TallyPrime:9000'
[shot] tds-244-gw1 (1024x768)
[08:11:07] [tds] screen tds-244-gw1 : x TallyPrime MANAGE EDU K: Company Accounting Voucher Creation Y: Data 58 Sales Party Alc narne. Current balance: Sales ledger: • Current balance: Z: Exchange A Accept Q Search FinCom • ke Co O: Import E: Export List of Led er Accounts Cash Share Bank Share Party Share Supplier Spike Party Spike Party 2 Ul Party M: E-mail p: pnnt x Create Fl: Help Date o Obd58 No. 3 300.00 Dr Share Sales 350.00 Cr Company to ru Name of Item End of List • • End of List Narration: Unity Quit F4: Contra F5: Payment Receipt Journal F8: Sales Purchase Fl 0: 0åHVouctg•s F: Autofill Change Mode More Details o: L: Rel...
[keys] '{ESC}' -> Tally 'TallyPrime:9000'
[shot] tds-245-gw2 (1024x768)
[08:11:11] [tds] screen tds-245-gw2 : TallyPrime MANAGE EDU K: Company Accounting Voucher Creation Y: Data 58 Sales Party Alc narne. Current balance: Sales ledger: • Current balance: Z: Exchange A: Accept Q Search FinCom No. 3 300.00 Dr Share Sales 350.00 Cr O: Import Quantity E: Export Rate M: E-mail per Name of Item End of List • • End of List Narration: Unity Q: Quit p: print 2-Oct-26 Friday Amount Quit o Yes or No D: Delete X: Cancel Vch x Fl: Help F2: Date F3: Company F4: Contra F5: Payment F6: Receipt F7: Journal F8: Sales F9: Purchase F: Autofill H: Change Mode l: More Details O: Related Reports k: Optional T: post -Dated F...
[keys] 'y' -> Tally 'TallyPrime:9000'
[shot] tds-246-gw3 (1024x768)
[08:11:14] [tds] screen tds-246-gw3 : TallyPrime MANAGE EDU K: Company Gatewa of Tall CURRENT PERIOD I-Apr-26 to 31-Mar-27 NAME OF COMPANY FinCom Spike Co Y: Data Z: Exchange O: Import E: Export M: E-mail p: pnnt x Fl: Help Date Company o Obd58 to ru 47b3- 0937- acep afec— 0937- acep .337. 3—ecb ening 'db3e4 ing j _id" : 3-011' ' , "orc fec—c Mode Q CURRENT OATE Friday, 2-Oct-2026 2-Oct-26 Search Gateway of Tally MASTERS Create Alter CHart of Accounts TRANSACTIONS Vouchers Day 800K UTILITIES BaNking REPORTS Balance Sheet Profit & Loss A/c Stock Summary Ratio Analysis Display More Reports Quit Unity Windows Server 2025 Datacenter B...
  voucher mid=1 aid=1 Journal/1/20260401 guid=54bedff5-92fe-437d-85c8-74d1712959f4-00000001 cancelled=False
  voucher mid=2 aid=2 Journal/2/20261001 guid=54bedff5-92fe-437d-85c8-74d1712959f4-00000002 cancelled=False
  voucher mid=3 aid=3 Journal/3/20261001 guid=54bedff5-92fe-437d-85c8-74d1712959f4-00000003 cancelled=False
  voucher mid=4 aid=4 Journal/4/20261001 guid=54bedff5-92fe-437d-85c8-74d1712959f4-00000004 cancelled=False
  voucher mid=5 aid=5 Journal/5/20261001 guid=54bedff5-92fe-437d-85c8-74d1712959f4-00000005 cancelled=False
  voucher mid=6 aid=6 Payroll/1/20261001 guid=54bedff5-92fe-437d-85c8-74d1712959f4-00000006 cancelled=False
  voucher mid=7 aid=7 Sales/1/20261002 guid=54bedff5-92fe-437d-85c8-74d1712959f4-00000007 cancelled=False
  voucher mid=8 aid=8 Receipt/1/20261002 guid=54bedff5-92fe-437d-85c8-74d1712959f4-00000008 cancelled=False
  voucher mid=9 aid=9 Receipt/2/20261002 guid=54bedff5-92fe-437d-85c8-74d1712959f4-00000009 cancelled=False
  voucher mid=10 aid=10 Payment/1/20261002 guid=54bedff5-92fe-437d-85c8-74d1712959f4-0000000a cancelled=False
  voucher mid=11 aid=11 Payment/2/20261002 guid=54bedff5-92fe-437d-85c8-74d1712959f4-0000000b cancelled=False
  voucher mid=12 aid=12 Contra/1/20261002 guid=54bedff5-92fe-437d-85c8-74d1712959f4-0000000c cancelled=False
  voucher mid=13 aid=13 Journal/6/20261002 guid=54bedff5-92fe-437d-85c8-74d1712959f4-0000000d cancelled=False
  voucher mid=14 aid=14 Journal/7/20261002 guid=54bedff5-92fe-437d-85c8-74d1712959f4-0000000e cancelled=False
  voucher mid=15 aid=15 Sales/2/20261002 guid=54bedff5-92fe-437d-85c8-74d1712959f4-0000000f cancelled=False
  INFO share sales-new (sales item invoice, New Ref bill (SI-1)): Tally Sales 2 mid 15; stored party 'Share Party' bills [New Ref,New Ref]; the line party 'Share Party' bills []; lines voucher_accept_post x1, voucher_full x1
######## ANSWERED hang3 step 9 sales-new: after sales-new: 2.3.4 object answered (10 ms, the entry in it); 2.3.3 by master answered (29 ms, the entry in it); Tally answers after: True; started again: ; 2.3.3 after the restart: 
[08:11:17] ---- share copy-sales-new: Alt+2 copy of the New Ref sales invoice (its bill as the copy carries it)
  voucher mid=1 aid=1 Journal/1/20260401 guid=54bedff5-92fe-437d-85c8-74d1712959f4-00000001 cancelled=False
  voucher mid=2 aid=2 Journal/2/20261001 guid=54bedff5-92fe-437d-85c8-74d1712959f4-00000002 cancelled=False
  voucher mid=3 aid=3 Journal/3/20261001 guid=54bedff5-92fe-437d-85c8-74d1712959f4-00000003 cancelled=False
  voucher mid=4 aid=4 Journal/4/20261001 guid=54bedff5-92fe-437d-85c8-74d1712959f4-00000004 cancelled=False
  voucher mid=5 aid=5 Journal/5/20261001 guid=54bedff5-92fe-437d-85c8-74d1712959f4-00000005 cancelled=False
  voucher mid=6 aid=6 Payroll/1/20261001 guid=54bedff5-92fe-437d-85c8-74d1712959f4-00000006 cancelled=False
  voucher mid=7 aid=7 Sales/1/20261002 guid=54bedff5-92fe-437d-85c8-74d1712959f4-00000007 cancelled=False
  voucher mid=8 aid=8 Receipt/1/20261002 guid=54bedff5-92fe-437d-85c8-74d1712959f4-00000008 cancelled=False
  voucher mid=9 aid=9 Receipt/2/20261002 guid=54bedff5-92fe-437d-85c8-74d1712959f4-00000009 cancelled=False
  voucher mid=10 aid=10 Payment/1/20261002 guid=54bedff5-92fe-437d-85c8-74d1712959f4-0000000a cancelled=False
  voucher mid=11 aid=11 Payment/2/20261002 guid=54bedff5-92fe-437d-85c8-74d1712959f4-0000000b cancelled=False
  voucher mid=12 aid=12 Contra/1/20261002 guid=54bedff5-92fe-437d-85c8-74d1712959f4-0000000c cancelled=False
  voucher mid=13 aid=13 Journal/6/20261002 guid=54bedff5-92fe-437d-85c8-74d1712959f4-0000000d cancelled=False
  voucher mid=14 aid=14 Journal/7/20261002 guid=54bedff5-92fe-437d-85c8-74d1712959f4-0000000e cancelled=False
  voucher mid=15 aid=15 Sales/2/20261002 guid=54bedff5-92fe-437d-85c8-74d1712959f4-0000000f cancelled=False
[shot] tds-247-gw0 (1024x768)
[08:11:18] [tds] screen tds-247-gw0 : TallyPrime MANAGE EDU K: Company Gatewa of Tall CURRENT PERIOD I-Apr-26 to 31-Mar-27 NAME OF COMPANY FinCom Spike Co Y: Data Z: Exchange O: Import E: Export M: E-mail p: pnnt x Fl: Help Date Company o Obd58 to ru 47b3- 0937- acep afec— 0937- acep .337. 3—ecb ening 'db3e4 ing j _id" : 3-011' ' , "orc fec—c Mode Q CURRENT OATE Friday, 2-Oct-2026 2-Oct-26 Search Gateway of Tally MASTERS Create Alter CHart of Accounts TRANSACTIONS Vouchers Day 800K UTILITIES BaNking REPORTS Balance Sheet Profit & Loss A/c Stock Summary Ratio Analysis Display More Reports Quit Unity Windows Server 2025 Datacenter B...
[keys] '%g' -> Tally 'TallyPrime:9000'
[shot] tds-248-D1-goto (1024x768)
[08:11:22] [tds] screen tds-248-D1-goto : x R CEDU Unity Quit TallyPrime MANAGE K: Company Y: Data List of Re Z: Exchange FinCom Spike Co O: Import E: Export M: E-mail p: pnnt Fl: Help x Its Create Voucher Create Master Alter Master Expand All Show More Saved Views Common Reports Balance Sheet Profit & Loss A/c Cash/Bank Book Day Book Ledger Vouchers Stock Summary Trial Balance Bills Receivable Bills Payable Master and Voucher Statistics Stock Query Chart of Accounts Final Accounts Reports Receivables & Payables Reports Banking Utilities Ledger Reports Group Reports Voucher Reports Registers Cost Centre Reports o Obd58 to ru 47b3- 093...
[keys] 'Day Book' -> Tally 'TallyPrime:9000'
[keys] '{ENTER}' -> Tally 'TallyPrime:9000'
[shot] tds-249-D1-daybook (1024x768)
[08:11:29] [tds] screen tds-249-D1-daybook : x TallyPrime MANAGE EDU K: Company Da Book Day Book Y: Data Space: Sekd Z: Exchange A Add Vch Q Search FinCom • ke Co Vch Type Contra Payment Payment Receipt Receipt Journal Journal Sales Sales O: Import Vch No. 1 1 2 1 2 6 7 1 2 E: Export M: E-mail P: Print For 2-Oct-26 Fl: Help F2: Date o Obd58 Company to ru Voucher Date 2-Oct-26 2-Oct-26 2-Oct-26 2-Oct-26 2-Oct-26 2-Oct-26 2-Oct-26 2-Oct-26 2-Oct-26 Quit Particulars Cash Share Supplier Share Expense Share Party Spike Income Share Expense Share Expense Share Party Share Party Enter: Alter Debit Amount Credit Amount Inwards Qty_ Outwards Qt 4...
[keys] '{F2}' -> Tally 'TallyPrime:9000'
[shot] tds-250-D1-db-date (1024x768)
[08:11:32] [tds] screen tds-250-D1-db-date : TallyPrime MANAGE EDU K: Company Change Date Unity Quit Y: Data Z: Exchange A Accept Q Search O: Import E: Export M: E-mail p: pnnt x Fl: Help FinCom Spike Co Change Date 2-10-2026 o Obd58 to ru 47b3- 0937- acep afec— 0937- acep .337. 3—ecb ening 'db3e4 ing j _id" : 3-011' ' , "orc fec—c Mode Windows Server 2025 Datacenter Build 26100.ge_release240331-1435 8:11 AM 10/8/2026
[keys] '2-10-2026{ENTER}' -> Tally 'TallyPrime:9000'
[shot] tds-251-D1-db-dated (1024x768)
[08:11:37] [tds] screen tds-251-D1-db-dated : x TallyPrime MANAGE EDU K: Company Da Book Day Book Y: Data Space: Sekd Z: Exchange A Add Vch Q Search FinCom • ke Co Vch Type Contra Payment Payment Receipt Receipt Journal Journal Sales Sales O: Import Vch No. 1 1 2 1 2 6 7 1 2 E: Export M: E-mail P: Print For 2-Oct-26 Fl: Help F2: Date o Obd58 Company to ru Voucher Date 2-Oct-26 2-Oct-26 2-Oct-26 2-Oct-26 2-Oct-26 2-Oct-26 2-Oct-26 2-Oct-26 2-Oct-26 Quit Particulars Cash Share Supplier Share Expense Share Party Spike Income Share Expense Share Expense Share Party Share Party Enter: Alter Debit Amount Credit Amount Inwards Qty_ Outwards Qt 4...
[keys] '{F4}' -> Tally 'TallyPrime:9000'
[shot] tds-252-D1-db-type (1024x768)
[08:11:40] [tds] screen tds-252-D1-db-type : x Y: Data 5 Unity TallyPrime MANAGE EDU K: Company Change Voucher Type Quit Z: Exchange O: Import E: Export M: E-mail p: pnnt Fl: Help x FinCom • ke Co Name of VoucherType Voucher T • All Items Contra Credit Note Debit Note Journal Memorandum Payment s Create Physical Stock Purchase Receipt Reversing Journal Sales Stock Journal Accept Q Search o Obd58 to ru 47b3- 0937- acep afec— 0937- acep .337. 3—ecb ening 'db3e4 ing j _id" : 3-011' ' , "orc fec—c Mode Windows Server 2025 Datacenter Build 26100.ge_release240331-1435 8:11 AM 10/8/2026
[keys] 'Sales{ENTER}' -> Tally 'TallyPrime:9000'
[shot] tds-253-D1-db-typed (1024x768)
[08:11:45] [tds] screen tds-253-D1-db-typed : x TallyPrime MANAGE EDU K: Company Da Book List of Sales Vouchers Y: Data Space: Sekd Z: Exchange A Add Vch Q Search FinCom • ke Co Vch Type Sales Sales O: Import Vch No. 1 2 Total: E: Export M: E-mail P: Print For 2-Oct-26 Fl: Help F2: Date o Obd58 Date 2-Oct-26 2-Oct-26 Unity Quit Particulars Share Party Share Party Debit Amount 150.00 200.00 350.00 Credit Amount U: Restore Line Company to ru Voucher 47b3- Type 0937- acep Enter: Alter DuÅicate Vch I Insert Vch Delete x: Cancel Vch F7: Show profit Columnar FIO B: Basis of = Values Change ¯ View Exception J: Reports Save View L: Apply F: — Fil...
[keys] '{END}' -> Tally 'TallyPrime:9000'
[shot] tds-254-D1-db-last (1024x768)
[08:11:48] [tds] screen tds-254-D1-db-last : x TallyPrime MANAGE EDU K: Company Da Book List of Sales Vouchers Y: Data Space: Sekd Z: Exchange A Add Vch Q Search FinCom • ke Co Vch Type Sales Sales O: Import Vch No. 1 2 Total: E: Export M: E-mail P: Print For 2-Oct-26 Fl: Help F2: Date o Obd58 Date 2-Oct-26 2-Oct-26 Unity Quit Particulars Share Party Share Party Debit Amount 150.00 200.00 350.00 Credit Amount U: Restore Line Company to ru Voucher 47b3- Type 0937- acep Enter: Alter DuÅicate Vch I Insert Vch Delete x: Cancel Vch F7: Show profit Columnar FIO B: Basis of = Values Change ¯ View Exception J: Reports Save View L: Apply F: — Fil...
[keys] '%2' -> Tally 'TallyPrime:9000'
[shot] tds-255-D1-copy (1024x768)
[08:11:53] [tds] screen tds-255-D1-copy : x TallyPrime MANAGE EDU K: Company Y: Data Accounting Voucher Creation (Duplication 58 Sales No. 3 PartyA/c narne: Share Pa Current balance: 3,850.00 Dr Sales ledger: Share Sales • Current balance: 350.00 Cr Name of Item Share Item Narration: Unity Quit Z: Exchange A Accept Q Search FinCom • ke Co O: Import Quantity 2 Nos 2 Nos E: Export Rate 100.00 M: E-mail per Nos p: print 2-Oct-26 Friday Amount 200.00 Fl: Help Date o Obd58 Company to ru F4: Contra F5: Payment Receipt Journal F8: Sales Purchase Fl 0: 0åHVouctg•s F: Autofill Change Mode More Details o: L: 200.00 Related Reports Optional post...
[keys] '^a' -> Tally 'TallyPrime:9000'
[shot] tds-256-D1-accept1 (1024x768)
[08:11:58] [tds] screen tds-256-D1-accept1 : x TallyPrime MANAGE EDU K: Company Da Book List of Sales Vouchers Y: Data Space: Sekd Z: Exchange A Add Vch Q Search FinCom • ke Co Vch Type Sales Sales Sales O: Import Vch No. 1 2 3 Total: E: Export M: E-mail P: Print For 2-Oct-26 Fl: Help F2: Date o Obd58 Date 2-Oct-26 2-Oct-26 2-Oct-26 Unity Quit Particulars Share Party Share Party Share Party Debit Amount 150.00 200.00 200.00 550.00 Credit Amount U: Restore Line Company to ru Voucher 47b3- Type 0937- acep Enter: Alter DuÅicate Vch I Insert Vch Delete x: Cancel Vch F7: Show profit Columnar FIO B: Basis of = Values Change ¯ View Exception J:...
[shot] tds-257-D1-after1 (1024x768)
[08:11:59] [tds] screen tds-257-D1-after1 : x TallyPrime MANAGE EDU K: Company Da Book List of Sales Vouchers Y: Data Space: Sekd Z: Exchange A Add Vch Q Search FinCom • ke Co Vch Type Sales Sales Sales O: Import Vch No. 1 2 3 Total: E: Export M: E-mail P: Print For 2-Oct-26 Fl: Help F2: Date o Obd58 Date 2-Oct-26 2-Oct-26 2-Oct-26 Unity Quit Particulars Share Party Share Party Share Party Debit Amount 150.00 200.00 200.00 550.00 Credit Amount U: Restore Line Company to ru Voucher 47b3- Type 0937- acep Enter: Alter DuÅicate Vch I Insert Vch Delete x: Cancel Vch F7: Show profit Columnar FIO B: Basis of = Values Change ¯ View Exception J:...
[shot] tds-258-gw0 (1024x768)
[08:11:59] [tds] screen tds-258-gw0 : x TallyPrime MANAGE EDU K: Company Da Book List of Sales Vouchers Y: Data Space: Sekd Z: Exchange A Add Vch Q Search FinCom • ke Co Vch Type Sales Sales Sales O: Import Vch No. 1 2 3 Total: E: Export M: E-mail P: Print For 2-Oct-26 Fl: Help F2: Date o Obd58 Date 2-Oct-26 2-Oct-26 2-Oct-26 Unity Quit Particulars Share Party Share Party Share Party Debit Amount 150.00 200.00 200.00 550.00 Credit Amount U: Restore Line Company to ru Voucher 47b3- Type 0937- acep Enter: Alter DuÅicate Vch I Insert Vch Delete x: Cancel Vch F7: Show profit Columnar FIO B: Basis of = Values Change ¯ View Exception J:...
[keys] '{ESC}' -> Tally 'TallyPrime:9000'
[shot] tds-259-gw1 (1024x768)
[08:12:03] [tds] screen tds-259-gw1 : TallyPrime MANAGE EDU K: Company Gatewa of Tall CURRENT PERIOD I-Apr-26 to 31-Mar-27 NAME OF COMPANY FinCom Spike Co Y: Data Z: Exchange O: Import E: Export M: E-mail p: pnnt x Fl: Help Date Company o Obd58 to ru 47b3- 0937- acep afec— 0937- acep .337. 3—ecb ening 'db3e4 ing j _id" : 3-011' ' , "orc fec—c Mode Q CURRENT OATE Friday, 2-Oct-2026 2-Oct-26 Search Gateway of Tally MASTERS Create Alter CHart of Accounts TRANSACTIONS Vouchers Day 800K UTILITIES BaNking REPORTS Balance Sheet Profit & Loss A/c Stock Summary Ratio Analysis Display More Reports Quit Unity Windows Server 2025 Datacenter B...
  voucher mid=1 aid=1 Journal/1/20260401 guid=54bedff5-92fe-437d-85c8-74d1712959f4-00000001 cancelled=False
  voucher mid=2 aid=2 Journal/2/20261001 guid=54bedff5-92fe-437d-85c8-74d1712959f4-00000002 cancelled=False
  voucher mid=3 aid=3 Journal/3/20261001 guid=54bedff5-92fe-437d-85c8-74d1712959f4-00000003 cancelled=False
  voucher mid=4 aid=4 Journal/4/20261001 guid=54bedff5-92fe-437d-85c8-74d1712959f4-00000004 cancelled=False
  voucher mid=5 aid=5 Journal/5/20261001 guid=54bedff5-92fe-437d-85c8-74d1712959f4-00000005 cancelled=False
  voucher mid=6 aid=6 Payroll/1/20261001 guid=54bedff5-92fe-437d-85c8-74d1712959f4-00000006 cancelled=False
  voucher mid=7 aid=7 Sales/1/20261002 guid=54bedff5-92fe-437d-85c8-74d1712959f4-00000007 cancelled=False
  voucher mid=8 aid=8 Receipt/1/20261002 guid=54bedff5-92fe-437d-85c8-74d1712959f4-00000008 cancelled=False
  voucher mid=9 aid=9 Receipt/2/20261002 guid=54bedff5-92fe-437d-85c8-74d1712959f4-00000009 cancelled=False
  voucher mid=10 aid=10 Payment/1/20261002 guid=54bedff5-92fe-437d-85c8-74d1712959f4-0000000a cancelled=False
  voucher mid=11 aid=11 Payment/2/20261002 guid=54bedff5-92fe-437d-85c8-74d1712959f4-0000000b cancelled=False
  voucher mid=12 aid=12 Contra/1/20261002 guid=54bedff5-92fe-437d-85c8-74d1712959f4-0000000c cancelled=False
  voucher mid=13 aid=13 Journal/6/20261002 guid=54bedff5-92fe-437d-85c8-74d1712959f4-0000000d cancelled=False
  voucher mid=14 aid=14 Journal/7/20261002 guid=54bedff5-92fe-437d-85c8-74d1712959f4-0000000e cancelled=False
  voucher mid=15 aid=15 Sales/2/20261002 guid=54bedff5-92fe-437d-85c8-74d1712959f4-0000000f cancelled=False
  voucher mid=16 aid=16 Sales/3/20261002 guid=54bedff5-92fe-437d-85c8-74d1712959f4-00000010 cancelled=False
  INFO share copy-sales-new (Alt+2 copy of the New Ref sales invoice (its bill as the copy carries it)): Tally Sales 3 mid 16; stored party 'Share Party' bills [Agst Ref,Agst Ref]; the line party 'Share Party' bills [New Ref]; lines voucher_accept_post x1, voucher_full x1
######## ANSWERED hang3 step 10 copy-sales-new: after copy-sales-new: 2.3.4 object answered (10 ms, the entry in it); 2.3.3 by master answered (28 ms, the entry in it); Tally answers after: True; started again: ; 2.3.3 after the restart: 
[08:12:06] ---- share sales-new2: sales item invoice, a second one (Tally allocates its bill at the save: no bill-wise screen in item invoice mode, run 37719717293)
  voucher mid=1 aid=1 Journal/1/20260401 guid=54bedff5-92fe-437d-85c8-74d1712959f4-00000001 cancelled=False
  voucher mid=2 aid=2 Journal/2/20261001 guid=54bedff5-92fe-437d-85c8-74d1712959f4-00000002 cancelled=False
  voucher mid=3 aid=3 Journal/3/20261001 guid=54bedff5-92fe-437d-85c8-74d1712959f4-00000003 cancelled=False
  voucher mid=4 aid=4 Journal/4/20261001 guid=54bedff5-92fe-437d-85c8-74d1712959f4-00000004 cancelled=False
  voucher mid=5 aid=5 Journal/5/20261001 guid=54bedff5-92fe-437d-85c8-74d1712959f4-00000005 cancelled=False
  voucher mid=6 aid=6 Payroll/1/20261001 guid=54bedff5-92fe-437d-85c8-74d1712959f4-00000006 cancelled=False
  voucher mid=7 aid=7 Sales/1/20261002 guid=54bedff5-92fe-437d-85c8-74d1712959f4-00000007 cancelled=False
  voucher mid=8 aid=8 Receipt/1/20261002 guid=54bedff5-92fe-437d-85c8-74d1712959f4-00000008 cancelled=False
  voucher mid=9 aid=9 Receipt/2/20261002 guid=54bedff5-92fe-437d-85c8-74d1712959f4-00000009 cancelled=False
  voucher mid=10 aid=10 Payment/1/20261002 guid=54bedff5-92fe-437d-85c8-74d1712959f4-0000000a cancelled=False
  voucher mid=11 aid=11 Payment/2/20261002 guid=54bedff5-92fe-437d-85c8-74d1712959f4-0000000b cancelled=False
  voucher mid=12 aid=12 Contra/1/20261002 guid=54bedff5-92fe-437d-85c8-74d1712959f4-0000000c cancelled=False
  voucher mid=13 aid=13 Journal/6/20261002 guid=54bedff5-92fe-437d-85c8-74d1712959f4-0000000d cancelled=False
  voucher mid=14 aid=14 Journal/7/20261002 guid=54bedff5-92fe-437d-85c8-74d1712959f4-0000000e cancelled=False
  voucher mid=15 aid=15 Sales/2/20261002 guid=54bedff5-92fe-437d-85c8-74d1712959f4-0000000f cancelled=False
  voucher mid=16 aid=16 Sales/3/20261002 guid=54bedff5-92fe-437d-85c8-74d1712959f4-00000010 cancelled=False
[shot] tds-260-gw0 (1024x768)
[08:12:07] [tds] screen tds-260-gw0 : TallyPrime MANAGE EDU K: Company Gatewa of Tall CURRENT PERIOD I-Apr-26 to 31-Mar-27 NAME OF COMPANY FinCom Spike Co Y: Data Z: Exchange O: Import E: Export M: E-mail p: pnnt x Fl: Help Date Company o Obd58 to ru 47b3- 0937- acep afec— 0937- acep .337. 3—ecb ening 'db3e4 ing j _id" : 3-011' ' , "orc fec—c Mode Q CURRENT OATE Friday, 2-Oct-2026 2-Oct-26 Search Gateway of Tally MASTERS Create Alter CHart of Accounts TRANSACTIONS Vouchers Day 800K UTILITIES BaNking REPORTS Balance Sheet Profit & Loss A/c Stock Summary Ratio Analysis Display More Reports Quit Unity Windows Server 2025 Datacenter B...
[shot] tds-261-S2-start (1024x768)
[08:12:08] [tds] screen tds-261-S2-start : TallyPrime MANAGE EDU K: Company Gatewa of Tall CURRENT PERIOD I-Apr-26 to 31-Mar-27 NAME OF COMPANY FinCom Spike Co Y: Data Z: Exchange O: Import E: Export M: E-mail p: pnnt x Fl: Help Date Company o Obd58 to ru 47b3- 0937- acep afec— 0937- acep .337. 3—ecb ening 'db3e4 ing j _id" : 3-011' ' , "orc fec—c Mode Q CURRENT OATE Friday, 2-Oct-2026 2-Oct-26 Search Gateway of Tally MASTERS Create Alter CHart of Accounts TRANSACTIONS Vouchers Day 800K UTILITIES BaNking REPORTS Balance Sheet Profit & Loss A/c Stock Summary Ratio Analysis Display More Reports Quit Unity Windows Server 2025 Datacenter B...
[keys] 'v' -> Tally 'TallyPrime:9000'
[shot] tds-262-S2-vouchers (1024x768)
[08:12:12] [tds] screen tds-262-S2-vouchers : x TallyPrime MANAGE EDU K: Company Accounting Voucher Creation 58 Sales No. 4 Party Alc narne. Current balance: Sales ledger: • Current balance: Name of Item Narration: Unity Quit Y: Data Z: Exchange A Accept Q Search FinCom • ke Co O: Import E: Export List of Led er Accounts Cash Share Bank Share Party Share Supplier Spike Party Spike Party 2 Ul Party M: E-mail p: pnnt x Create Fl: Help Date o Obd58 Company to ru F4: Contra F5: Payment Receipt Journal F8: Sales Purchase Fl 0: 0åHVouctg•s F: Autofill Change Mode More Details o: L: Related Reports Optional post -Dated 47b3- 0937- acep afec— 093...
[keys] '{F8}' -> Tally 'TallyPrime:9000'
[shot] tds-263-S2-type (1024x768)
[08:12:16] [tds] screen tds-263-S2-type : x TallyPrime MANAGE EDU K: Company Accounting Voucher Creation 58 Sales No. 4 Party Alc narne. Current balance: Sales ledger: • Current balance: Name of Item Narration: Unity Quit Y: Data Z: Exchange A Accept Q Search FinCom • ke Co O: Import E: Export List of Led er Accounts Cash Share Bank Share Party Share Supplier Spike Party Spike Party 2 Ul Party M: E-mail p: pnnt x Create Fl: Help Date o Obd58 Company to ru F4: Contra F5: Payment Receipt Journal F8: Sales Purchase Fl 0: 0åHVouctg•s F: Autofill Change Mode More Details o: L: Related Reports Optional post -Dated 47b3- 0937- acep afec— 093...
[keys] '^h' -> Tally 'TallyPrime:9000'
[shot] tds-264-S2-mode (1024x768)
[08:12:20] [tds] screen tds-264-S2-mode : TallyPrime MANAGE EDU K: Company Change Mode Unity Quit Y: Data Z: Exchange O: Import E: Export M: E-mail p: pnnt x Fl: Help FinCom • ke Co Change Voucher Mode Item Invoice List of Modes/Usa es Item Invoice Accounting Invoice As Voucher A Accept Q Search o Obd58 to ru 47b3- 0937- acep afec— 0937- acep .337. 3—ecb ening 'db3e4 ing j _id" : 3-011' ' , "orc fec—c Mode Windows Server 2025 Datacenter Build 26100.ge_release240331-1435 8:12 AM 10/8/2026
[keys] 'Item Invoice{ENTER}' -> Tally 'TallyPrime:9000'
[shot] tds-265-S2-item-mode (1024x768)
[08:12:24] [tds] screen tds-265-S2-item-mode : x TallyPrime MANAGE EDU K: Company Accounting Voucher Creation 58 Sales No. 4 Party Alc narne. Current balance: Sales ledger: • Current balance: Name of Item Narration: Unity Quit Y: Data Z: Exchange A Accept Q Search FinCom • ke Co O: Import E: Export List of Led er Accounts Cash Share Bank Share Party Share Supplier Spike Party Spike Party 2 Ul Party M: E-mail p: pnnt x Create Fl: Help Date o Obd58 Company to ru F4: Contra F5: Payment Receipt Journal F8: Sales Purchase Fl 0: 0åHVouctg•s F: Autofill Change Mode More Details o: L: Related Reports Optional post -Dated 47b3- 0937- acep afec— 093...
[keys] '{F2}' -> Tally 'TallyPrime:9000'
[shot] tds-266-S2-date-box (1024x768)
[08:12:27] [tds] screen tds-266-S2-date-box : TallyPrime MANAGE EDU K: Company Change Voucher Date Unity Quit Y: Data Z: Exchange A Accept Q Search O: Import E: Export M: E-mail p: pnnt x Fl: Help FinCom Spike Co Voucher Date 3-10-2026 o Obd58 to ru 47b3- 0937- acep afec— 0937- acep .337. 3—ecb ening 'db3e4 ing j _id" : 3-011' ' , "orc fec—c Mode Windows Server 2025 Datacenter Build 26100.ge_release240331-1435 8:12 AM 10/8/2026
[keys] '2-10-2026{ENTER}' -> Tally 'TallyPrime:9000'
[shot] tds-267-S2-date (1024x768)
[08:12:31] [tds] screen tds-267-S2-date : x TallyPrime MANAGE EDU K: Company Accounting Voucher Creation 58 Sales No. 4 Party Alc narne. Current balance: Sales ledger: • Current balance: Name of Item Narration: Unity Quit Y: Data Z: Exchange A Accept Q Search FinCom • ke Co O: Import E: Export List of Led er Accounts Cash Share Bank Share Party Share Supplier Spike Party Spike Party 2 Ul Party M: E-mail p: pnnt x Create Fl: Help Date o Obd58 Company to ru F4: Contra F5: Payment Receipt Journal F8: Sales Purchase Fl 0: 0åHVouctg•s F: Autofill Change Mode More Details o: L: Related Reports Optional post -Dated 47b3- 0937- acep afec— 093...
[keys] 'Share Party{ENTER}' -> Tally 'TallyPrime:9000'
[shot] tds-268-S2-party (1024x768)
[08:12:35] [tds] screen tds-268-S2-party : x R CEDU Details TallyPrime MANAGE K: Company Y: Data Z: Exchange Accept Q Search O: Import E: Export M: E-mail p: pnnt Fl: Help x Delivery Note No(s) FinCom Spike Co Dispatch Details Dispatch Doc No. Dispatched through Destination Carrier Name/Agent Bill of No. Motor Vehicle No. Date: Unity Quit o Obd58 to ru 47b3- 0937- acep afec— 0937- acep .337. 3—ecb ening 'db3e4 ing j _id" : 3-011' ' , "orc fec—c Mode Windows Server 2025 Datacenter Build 26100.ge_release240331-1435 8:12 AM 10/8/2026
[shot] tds-269-S2-party-sub1 (1024x768)
[08:12:36] [tds] screen tds-269-S2-party-sub1 : x R CEDU Details TallyPrime MANAGE K: Company Y: Data Z: Exchange Accept Q Search O: Import E: Export M: E-mail p: pnnt Fl: Help x Delivery Note No(s) FinCom Spike Co Dispatch Details Dispatch Doc No. Dispatched through Destination Carrier Name/Agent Bill of No. Motor Vehicle No. Date: Unity Quit o Obd58 to ru 47b3- 0937- acep afec— 0937- acep .337. 3—ecb ening 'db3e4 ing j _id" : 3-011' ' , "orc fec—c Mode Windows Server 2025 Datacenter Build 26100.ge_release240331-1435 8:12 AM 10/8/2026
[keys] '^a' -> Tally 'TallyPrime:9000'
[shot] tds-270-S2-party-sub-accept (1024x768)
[08:12:40] [tds] screen tds-270-S2-party-sub-accept : x R CEDU TallyPrime MANAGE K: Company Y: Data Z: Exchange FinCom Spike Co Party Details Share Pa List of Led er Accounts Share Party Share Supplier Spike Party Spike Party 2 Ul Party O: Import Create New Party E: Export M: E-mail p: pnnt Fl: Help x Details Quit Buyer (Bill to) Mailing Name Address State Country GST Registration type GSTIN/UIN Place of Supply Accept Q Search o Obd58 to ru 47b3- 0937- acep afec— 0937- acep .337. 3—ecb ening 'db3e4 ing j _id" : 3-011' ' , "orc fec—c Unity Configure Mode Windows Server 2025 Datacenter Build 26100.ge_release240331-1435 8:12 AM 10/8/2026
[shot] tds-271-S2-party-sub2 (1024x768)
[08:12:41] [tds] screen tds-271-S2-party-sub2 : x R CEDU TallyPrime MANAGE K: Company Y: Data Z: Exchange FinCom Spike Co Party Details Share Pa List of Led er Accounts Share Party Share Supplier Spike Party Spike Party 2 Ul Party O: Import Create New Party E: Export M: E-mail p: pnnt Fl: Help x Details Quit Buyer (Bill to) Mailing Name Address State Country GST Registration type GSTIN/UIN Place of Supply Accept Q Search o Obd58 to ru 47b3- 0937- acep afec— 0937- acep .337. 3—ecb ening 'db3e4 ing j _id" : 3-011' ' , "orc fec—c Unity Configure Mode Windows Server 2025 Datacenter Build 26100.ge_release240331-1435 8:12 AM 10/8/2026
[keys] '^a' -> Tally 'TallyPrime:9000'
[shot] tds-272-S2-party-sub-accept (1024x768)
[08:12:44] [tds] screen tds-272-S2-party-sub-accept : x Y: Data 58 TallyPrime MANAGE EDU K: Company Accounting Voucher Creation Sales No. 4 Z: Exchange A Accept Q Search FinCom • ke Co O: Import E: Export List of Led er Accounts Share Sales M: E-mail p: pnnt x Create Show More Fl: Help Date o Obd58 Company to ru Party A/c narne: Share Party Current balance: 4,050.00 Dr Sales ledger: • Current balance: Name of Item Narration: Quit F4: Contra F5: Payment Receipt Journal F8: Sales Purchase Fl 0: 0åHVouctg•s F: Autofill Change Mode More Details o: L: Related Reports Optional post -Dated 47b3- 0937- acep afec— 0937- acep .337. 3—ecb ening 'db3e4 ing j...
[shot] tds-273-S2-party-sub3 (1024x768)
[08:12:45] [tds] screen tds-273-S2-party-sub3 : x Y: Data 58 TallyPrime MANAGE EDU K: Company Accounting Voucher Creation Sales No. 4 Z: Exchange A Accept Q Search FinCom • ke Co O: Import E: Export List of Led er Accounts Share Sales M: E-mail p: pnnt x Create Show More Fl: Help Date o Obd58 Company to ru Party A/c narne: Share Party Current balance: 4,050.00 Dr Sales ledger: • Current balance: Name of Item Narration: Quit F4: Contra F5: Payment Receipt Journal F8: Sales Purchase Fl 0: 0åHVouctg•s F: Autofill Change Mode More Details o: L: Related Reports Optional post -Dated 47b3- 0937- acep afec— 0937- acep .337. 3—ecb ening 'db3e4 ing j...
[keys] 'Share Sales{ENTER}' -> Tally 'TallyPrime:9000'
[shot] tds-274-S2-ledger (1024x768)
[08:12:49] [tds] screen tds-274-S2-ledger : x TallyPrime MANAGE EDU K: Company Accounting Voucher Creation Sales No. 4 Y: Data 58 Ch Z: Exchange A Accept Q Search FinCom • ke Co O: Import Quantity E: Export Rate M: E-mail per p: print 2-Oct-26 Friday Amount Fl: Help Date o Obd58 Company to ru Party A/c narne: Share Party Current balance: 4,050.00 Dr Sales ledger: Share Sales • Current balance: 550.00 Cr Name of Item Narration: Quit F4: Contra F5: Payment Receipt Journal F8: Sales Purchase Fl 0: 0åHVouctg•s F: Autofill Change Mode More Details o: L: Related Reports Optional post -Dated 47b3- 0937- acep afec— 0937- acep .337. 3—ecb ening ...
[keys] 'Share Item{ENTER}' -> Tally 'TallyPrime:9000'
[shot] tds-275-S2-item (1024x768)
[08:12:53] [tds] screen tds-275-S2-item : x Y: Data 58 TallyPrime MANAGE EDU K: Company Accounting Voucher Creation Sales No. 4 Z: Exchange A Accept Q Search FinCom • ke Co O: Import Quantity E: Export Rate M: E-mail per p: print 2-Oct-26 Friday Amount Fl: Help Date o Obd58 Company to ru Party A/c narne: Share Party Current balance: 4,050.00 Dr Sales ledger: Share Sales • Current balance: 550.00 Cr Name of Item Share Item Narration: Quit F4: Contra F5: Payment Receipt Journal F8: Sales Purchase Fl 0: 0åHVouctg•s F: Autofill Change Mode More Details o: L: Related Reports Optional post -Dated 47b3- 0937- acep afec— 0937- acep .337. 3—ec...
[shot] tds-276-S2-item-sub1 (1024x768)
[08:12:54] [tds] screen tds-276-S2-item-sub1 : x Y: Data 58 TallyPrime MANAGE EDU K: Company Accounting Voucher Creation Sales No. 4 Z: Exchange A Accept Q Search FinCom • ke Co O: Import Quantity E: Export Rate M: E-mail per p: print 2-Oct-26 Friday Amount Fl: Help Date o Obd58 Company to ru Party A/c narne: Share Party Current balance: 4,050.00 Dr Sales ledger: Share Sales • Current balance: 550.00 Cr Name of Item Share Item Narration: Quit F4: Contra F5: Payment Receipt Journal F8: Sales Purchase Fl 0: 0åHVouctg•s F: Autofill Change Mode More Details o: L: Related Reports Optional post -Dated 47b3- 0937- acep afec— 0937- acep .337. 3—ec...
[keys] '3{ENTER}' -> Tally 'TallyPrime:9000'
[shot] tds-277-S2-qty (1024x768)
[08:12:57] [tds] screen tds-277-S2-qty : x Y: Data 58 TallyPrime MANAGE EDU K: Company Accounting Voucher Creation Sales No. 4 Z: Exchange A Accept Q Search FinCom • ke Co O: Import Quantity 3 Nos 3 Nos E: Export Rate 100.00 M: E-mail per Nos p: print 2-Oct-26 Friday Amount 300.00 Fl: Help Date o Obd58 Company to ru Party A/c narne: Share Party Current balance: 4,050.00 Dr Sales ledger: Share Sales • Current balance: 550.00 Cr Name of Item Share Item Narration: Quit F4: Contra F5: Payment Receipt Journal F8: Sales Purchase Fl 0: 0åHVouctg•s F: Autofill Change Mode More Details o: L: 300.00 Related Reports Optional post -Dated 47b3- 0...
[keys] '100{ENTER}' -> Tally 'TallyPrime:9000'
[shot] tds-278-S2-rate (1024x768)
[08:13:00] [tds] screen tds-278-S2-rate : x Y: Data 58 TallyPrime MANAGE EDU K: Company Accounting Voucher Creation Sales No. 4 Z: Exchange A Accept Q Search FinCom • ke Co O: Import Quantity 3 Nos 3 Nos E: Export Rate 100.00 M: E-mail per Nos p: print 2-Oct-26 Friday Amount 300.00 Fl: Help Date o Obd58 Company to ru Party A/c narne: Share Party Current balance: 4,050.00 Dr Sales ledger: Share Sales • Current balance: 550.00 Cr Name of Item Share Item Narration: Quit F4: Contra F5: Payment Receipt Journal F8: Sales Purchase Fl 0: 0åHVouctg•s F: Autofill Change Mode More Details o: L: 300.00 Related Reports Optional post -Dated 47b3- 0...
[keys] '{ENTER}' -> Tally 'TallyPrime:9000'
[shot] tds-279-S2-amount (1024x768)
[08:13:03] [tds] screen tds-279-S2-amount : x Y: Data 58 TallyPrime MANAGE EDU K: Company Accounting Voucher Creation Sales No. 4 Z: Exchange A Accept Q Search FinCom • ke Co O: Import Quantity 3 Nos 3 Nos E: Export Rate 100.00 M: E-mail per Nos p: print 2-Oct-26 Friday Amount 300.00 Fl: Help Date o Obd58 Company to ru Party A/c narne: Share Party Current balance: 4,050.00 Dr Sales ledger: Share Sales • Current balance: 550.00 Cr Name of Item Share Item Narration: Quit F4: Contra F5: Payment Receipt Journal F8: Sales Purchase Fl 0: 0åHVouctg•s F: Autofill Change Mode More Details o: L: 300.00 Related Reports Optional post -Dated 47b3- 0...
[shot] tds-280-S2-item-b-sub1 (1024x768)
[08:13:04] [tds] screen tds-280-S2-item-b-sub1 : x Y: Data 58 TallyPrime MANAGE EDU K: Company Accounting Voucher Creation Sales No. 4 Z: Exchange A Accept Q Search FinCom • ke Co O: Import Quantity 3 Nos 3 Nos E: Export Rate 100.00 M: E-mail per Nos p: print 2-Oct-26 Friday Amount 200.00 Fl: Help Date o Obd58 Company to ru Party A/c narne: Share Party Current balance: 4,050.00 Dr Sales ledger: Share Sales • Current balance: 550.00 Cr Name of Item Share Item Narration: Quit F4: Contra F5: Payment Receipt Journal F8: Sales Purchase Fl 0: 0åHVouctg•s F: Autofill Change Mode More Details o: L: 300.00 Related Reports Optional post -Dated 47b3- 0...
[keys] '{ENTER}' -> Tally 'TallyPrime:9000'
[shot] tds-281-S2-items-done (1024x768)
[08:13:07] [tds] screen tds-281-S2-items-done : x Y: Data 58 TallyPrime MANAGE EDU K: Company Accounting Voucher Creation Sales No. 4 Z: Exchange A Accept Q Search FinCom • ke Co O: Import Quantity 3 Nos 3 Nos E: Export Rate 100.00 M: E-mail per Nos p: print 2-Oct-26 Friday Amount 300.00 300.00 Fl: Help Date o Obd58 Company to ru Party A/c narne: Share Party Current balance: 4,050.00 Dr Sales ledger: Share Sales • Current balance: 550.00 Cr Name of Item Share Item Narration: Quit F4: Contra F5: Payment Receipt Journal F8: Sales Purchase Fl 0: 0åHVouctg•s F: Autofill Change Mode More Details o: L: 300.00 Related Reports Optional post -Dated ...
[keys] '^a' -> Tally 'TallyPrime:9000'
[shot] tds-282-S2-accept1 (1024x768)
[08:13:12] [tds] screen tds-282-S2-accept1 : x TallyPrime MANAGE EDU K: Company Accounting Voucher Creation 58 Sales Party Alc narne. Current balance: Sales ledger: • Current balance: Name of Item Narration: Unity Quit Y: Data Z: Exchange A Accept Q Search FinCom • ke Co O: Import E: Export List of Led er Accounts Cash Share Bank Share Party Share Supplier Spike Party Spike Party 2 Ul Party M: E-mail p: pnnt x Create Fl: Help Date o Obd58 Company to ru F4: Contra F5: Payment Receipt Journal F8: Sales Purchase Fl 0: 0åHVouctg•s F: Autofill Change Mode More Details o: L: Related Reports Optional post -Dated 47b3- 0937- acep afec— 0937- ace...
[shot] tds-283-S2-after1 (1024x768)
[08:13:13] [tds] screen tds-283-S2-after1 : x TallyPrime MANAGE EDU K: Company Accounting Voucher Creation 58 Sales Party Alc narne. Current balance: Sales ledger: • Current balance: Name of Item Narration: Unity Quit Y: Data Z: Exchange A Accept Q Search FinCom • ke Co O: Import E: Export List of Led er Accounts Cash Share Bank Share Party Share Supplier Spike Party Spike Party 2 Ul Party M: E-mail p: pnnt x Create Fl: Help Date o Obd58 Company to ru F4: Contra F5: Payment Receipt Journal F8: Sales Purchase Fl 0: 0åHVouctg•s F: Autofill Change Mode More Details o: L: Related Reports Optional post -Dated 47b3- 0937- acep afec— 0937- ace...
[keys] '^a' -> Tally 'TallyPrime:9000'
[shot] tds-284-S2-accept2 (1024x768)
[08:13:18] [tds] screen tds-284-S2-accept2 : x TallyPrime MANAGE EDU K: Company Accounting Voucher Creation Q: Quit Y: Data Z: Exchange A: Accept Q Search O: Import E: Export M: E-mail FinCom Spike Co p: print Fl: Help x F2: Date F3: Company F4: Contra F5: Payment t F6: Receipt F7: Journal F8: Sales F9: Purchase F: Autofill H: Change Mode l: More Details Error Oops! No Entries in Voucher! Unity p: Delete , cancel vch O: Related Reports k: Optional T: post -Dated Fl 2: Configure o Obd58 to ru 47b3- 0937- acep afec— 0937- acep .337. 3—ecb ening 'db3e4 ing j _id" : 3-011' ' , "orc fec—c Mode Windows Server 2025 Datacenter Build 26100.ge_rel...
[shot] tds-285-S2-after2 (1024x768)
[08:13:19] [tds] screen tds-285-S2-after2 : x TallyPrime MANAGE EDU K: Company Accounting Voucher Creation Q: Quit Y: Data Z: Exchange A: Accept Q Search O: Import E: Export M: E-mail FinCom Spike Co p: print Fl: Help x F2: Date F3: Company F4: Contra F5: Payment t F6: Receipt F7: Journal F8: Sales F9: Purchase F: Autofill H: Change Mode l: More Details Error Oops! No Entries in Voucher! Unity p: Delete , cancel vch O: Related Reports k: Optional T: post -Dated Fl 2: Configure o Obd58 to ru 47b3- 0937- acep afec— 0937- acep .337. 3—ecb ening 'db3e4 ing j _id" : 3-011' ' , "orc fec—c Mode Windows Server 2025 Datacenter Build 26100.ge_rel...
[keys] '^a' -> Tally 'TallyPrime:9000'
[shot] tds-286-S2-accept3 (1024x768)
[08:13:23] [tds] screen tds-286-S2-accept3 : x TallyPrime MANAGE EDU K: Company Accounting Voucher Creation Y: Data 58 Sales Party Alc narne. Current balance: Sales ledger: • Current balance: Z: Exchange A Accept Q Search FinCom • ke Co O: Import E: Export List of Led er Accounts Cash Share Bank Share Party Share Supplier Spike Party Spike Party 2 Ul Party M: E-mail p: pnnt x Create Fl: Help Date o Obd58 Company to ru Cash 300.00 Dr Share Sales 850.00 Cr Name of Item End of List • • End of List Narration: Unity Quit F4: Contra F5: Payment Receipt Journal F8: Sales Purchase Fl 0: 0åHVouctg•s F: Autofill Change Mode More Details o: L: Rela...
[shot] tds-287-S2-after3 (1024x768)
[08:13:24] [tds] screen tds-287-S2-after3 : x TallyPrime MANAGE EDU K: Company Accounting Voucher Creation Y: Data 58 Sales Party Alc narne. Current balance: Sales ledger: • Current balance: Z: Exchange A Accept Q Search FinCom • ke Co O: Import E: Export List of Led er Accounts Cash Share Bank Share Party Share Supplier Spike Party Spike Party 2 Ul Party M: E-mail p: pnnt x Create Fl: Help Date o Obd58 Company to ru Cash 300.00 Dr Share Sales 850.00 Cr Name of Item End of List • • End of List Narration: Unity Quit F4: Contra F5: Payment Receipt Journal F8: Sales Purchase Fl 0: 0åHVouctg•s F: Autofill Change Mode More Details o: L: Rela...
[shot] tds-288-gw0 (1024x768)
[08:13:25] [tds] screen tds-288-gw0 : x TallyPrime MANAGE EDU K: Company Accounting Voucher Creation Y: Data 58 Sales Party Alc narne. Current balance: Sales ledger: • Current balance: Z: Exchange A Accept Q Search FinCom • ke Co O: Import E: Export List of Led er Accounts Cash Share Bank Share Party Share Supplier Spike Party Spike Party 2 Ul Party M: E-mail p: pnnt x Create Fl: Help Date o Obd58 Company to ru Cash 300.00 Dr Share Sales 850.00 Cr Name of Item End of List • • End of List Narration: Unity Quit F4: Contra F5: Payment Receipt Journal F8: Sales Purchase Fl 0: 0åHVouctg•s F: Autofill Change Mode More Details o: L: Rela...
[keys] '{ESC}' -> Tally 'TallyPrime:9000'
[shot] tds-289-gw1 (1024x768)
[08:13:29] [tds] screen tds-289-gw1 : x TallyPrime MANAGE EDU K: Company Accounting Voucher Creation Y: Data 58 Sales Party Alc narne. Current balance: Sales ledger: • Current balance: Z: Exchange A Accept Q Search FinCom • ke Co O: Import E: Export List of Led er Accounts Cash Share Bank Share Party Share Supplier Spike Party Spike Party 2 Ul Party M: E-mail p: pnnt x Create Fl: Help Date o Obd58 Company to ru 300.00 Dr Share Sales 850.00 Cr Name of Item End of List • • End of List Narration: Unity Quit F4: Contra F5: Payment Receipt Journal F8: Sales Purchase Fl 0: 0åHVouctg•s F: Autofill Change Mode More Details o: L: Related R...
[keys] '{ESC}' -> Tally 'TallyPrime:9000'
[shot] tds-290-gw2 (1024x768)
[08:13:32] [tds] screen tds-290-gw2 : TallyPrime MANAGE EDU K: Company Accounting Voucher Creation Y: Data 58 Sales Party Alc narne. Current balance: Sales ledger: • Current balance: Z: Exchange A: Accept Q Search FinCom 300.00 Dr Share Sales 850.00 Cr O: Import Quantity E: Export Rate M: E-mail per Name of Item End of List • • End of List Narration: Unity Q: Quit p: print 2-Oct-26 Friday Amount Quit o Yes or No D: Delete X: Cancel Vch x Fl: Help F2: Date F3: Company F4: Contra F5: Payment F6: Receipt F7: Journal F8: Sales F9: Purchase F: Autofill H: Change Mode l: More Details O: Related Reports k: Optional T: post -Dated Fl 2: C...
[keys] 'y' -> Tally 'TallyPrime:9000'
[shot] tds-291-gw3 (1024x768)
[08:13:36] [tds] screen tds-291-gw3 : TallyPrime MANAGE EDU K: Company Gatewa of Tall CURRENT PERIOD I-Apr-26 to 31-Mar-27 NAME OF COMPANY FinCom Spike Co Y: Data Z: Exchange O: Import E: Export M: E-mail p: pnnt x Fl: Help Date Company o Obd58 to ru 47b3- 0937- acep afec— 0937- acep .337. 3—ecb ening 'db3e4 ing j _id" : 3-011' ' , "orc fec—c Mode Q CURRENT OATE Friday, 2-Oct-2026 2-Oct-26 Search Gateway of Tally MASTERS Create Alter CHart of Accounts TRANSACTIONS Vouchers Day 800K UTILITIES BaNking REPORTS Balance Sheet Profit & Loss A/c Stock Summary Ratio Analysis Display More Reports Quit Unity Windows Server 2025 Datacenter B...
  voucher mid=1 aid=1 Journal/1/20260401 guid=54bedff5-92fe-437d-85c8-74d1712959f4-00000001 cancelled=False
  voucher mid=2 aid=2 Journal/2/20261001 guid=54bedff5-92fe-437d-85c8-74d1712959f4-00000002 cancelled=False
  voucher mid=3 aid=3 Journal/3/20261001 guid=54bedff5-92fe-437d-85c8-74d1712959f4-00000003 cancelled=False
  voucher mid=4 aid=4 Journal/4/20261001 guid=54bedff5-92fe-437d-85c8-74d1712959f4-00000004 cancelled=False
  voucher mid=5 aid=5 Journal/5/20261001 guid=54bedff5-92fe-437d-85c8-74d1712959f4-00000005 cancelled=False
  voucher mid=6 aid=6 Payroll/1/20261001 guid=54bedff5-92fe-437d-85c8-74d1712959f4-00000006 cancelled=False
  voucher mid=7 aid=7 Sales/1/20261002 guid=54bedff5-92fe-437d-85c8-74d1712959f4-00000007 cancelled=False
  voucher mid=8 aid=8 Receipt/1/20261002 guid=54bedff5-92fe-437d-85c8-74d1712959f4-00000008 cancelled=False
  voucher mid=9 aid=9 Receipt/2/20261002 guid=54bedff5-92fe-437d-85c8-74d1712959f4-00000009 cancelled=False
  voucher mid=10 aid=10 Payment/1/20261002 guid=54bedff5-92fe-437d-85c8-74d1712959f4-0000000a cancelled=False
  voucher mid=11 aid=11 Payment/2/20261002 guid=54bedff5-92fe-437d-85c8-74d1712959f4-0000000b cancelled=False
  voucher mid=12 aid=12 Contra/1/20261002 guid=54bedff5-92fe-437d-85c8-74d1712959f4-0000000c cancelled=False
  voucher mid=13 aid=13 Journal/6/20261002 guid=54bedff5-92fe-437d-85c8-74d1712959f4-0000000d cancelled=False
  voucher mid=14 aid=14 Journal/7/20261002 guid=54bedff5-92fe-437d-85c8-74d1712959f4-0000000e cancelled=False
  voucher mid=15 aid=15 Sales/2/20261002 guid=54bedff5-92fe-437d-85c8-74d1712959f4-0000000f cancelled=False
  voucher mid=16 aid=16 Sales/3/20261002 guid=54bedff5-92fe-437d-85c8-74d1712959f4-00000010 cancelled=False
  voucher mid=17 aid=17 Sales/4/20261002 guid=54bedff5-92fe-437d-85c8-74d1712959f4-00000011 cancelled=False
  INFO share sales-new2 (sales item invoice, a second one (Tally allocates its bill at the save: no bill-wise screen in item invoice mode, run 37719717293)): Tally Sales 4 mid 17; stored party 'Share Party' bills [New Ref,New Ref]; the line party 'Share Party' bills []; lines voucher_accept_post x1, voucher_full x1
######## ANSWERED hang3 step 11 sales-new2: after sales-new2: 2.3.4 object answered (11 ms, the entry in it); 2.3.3 by master answered (29 ms, the entry in it); Tally answers after: True; started again: ; 2.3.3 after the restart: 
[08:13:39] ---- share purchase-new: purchase item invoice, New Ref bill (PI-1)
  voucher mid=1 aid=1 Journal/1/20260401 guid=54bedff5-92fe-437d-85c8-74d1712959f4-00000001 cancelled=False
  voucher mid=2 aid=2 Journal/2/20261001 guid=54bedff5-92fe-437d-85c8-74d1712959f4-00000002 cancelled=False
  voucher mid=3 aid=3 Journal/3/20261001 guid=54bedff5-92fe-437d-85c8-74d1712959f4-00000003 cancelled=False
  voucher mid=4 aid=4 Journal/4/20261001 guid=54bedff5-92fe-437d-85c8-74d1712959f4-00000004 cancelled=False
  voucher mid=5 aid=5 Journal/5/20261001 guid=54bedff5-92fe-437d-85c8-74d1712959f4-00000005 cancelled=False
  voucher mid=6 aid=6 Payroll/1/20261001 guid=54bedff5-92fe-437d-85c8-74d1712959f4-00000006 cancelled=False
  voucher mid=7 aid=7 Sales/1/20261002 guid=54bedff5-92fe-437d-85c8-74d1712959f4-00000007 cancelled=False
  voucher mid=8 aid=8 Receipt/1/20261002 guid=54bedff5-92fe-437d-85c8-74d1712959f4-00000008 cancelled=False
  voucher mid=9 aid=9 Receipt/2/20261002 guid=54bedff5-92fe-437d-85c8-74d1712959f4-00000009 cancelled=False
  voucher mid=10 aid=10 Payment/1/20261002 guid=54bedff5-92fe-437d-85c8-74d1712959f4-0000000a cancelled=False
  voucher mid=11 aid=11 Payment/2/20261002 guid=54bedff5-92fe-437d-85c8-74d1712959f4-0000000b cancelled=False
  voucher mid=12 aid=12 Contra/1/20261002 guid=54bedff5-92fe-437d-85c8-74d1712959f4-0000000c cancelled=False
  voucher mid=13 aid=13 Journal/6/20261002 guid=54bedff5-92fe-437d-85c8-74d1712959f4-0000000d cancelled=False
  voucher mid=14 aid=14 Journal/7/20261002 guid=54bedff5-92fe-437d-85c8-74d1712959f4-0000000e cancelled=False
  voucher mid=15 aid=15 Sales/2/20261002 guid=54bedff5-92fe-437d-85c8-74d1712959f4-0000000f cancelled=False
  voucher mid=16 aid=16 Sales/3/20261002 guid=54bedff5-92fe-437d-85c8-74d1712959f4-00000010 cancelled=False
  voucher mid=17 aid=17 Sales/4/20261002 guid=54bedff5-92fe-437d-85c8-74d1712959f4-00000011 cancelled=False
[shot] tds-292-gw0 (1024x768)
[08:13:40] [tds] screen tds-292-gw0 : TallyPrime MANAGE EDU K: Company Gatewa of Tall CURRENT PERIOD I-Apr-26 to 31-Mar-27 NAME OF COMPANY FinCom Spike Co Y: Data Z: Exchange O: Import E: Export M: E-mail p: pnnt x Fl: Help Date Company o Obd58 to ru 47b3- 0937- acep afec— 0937- acep .337. 3—ecb ening 'db3e4 ing j _id" : 3-011' ' , "orc fec—c Mode Q CURRENT OATE Friday, 2-Oct-2026 2-Oct-26 Search Gateway of Tally MASTERS Create Alter CHart of Accounts TRANSACTIONS Vouchers Day 800K UTILITIES BaNking REPORTS Balance Sheet Profit & Loss A/c Stock Summary Ratio Analysis Display More Reports Quit Unity Windows Server 2025 Datacenter B...
[shot] tds-293-U1-start (1024x768)
[08:13:41] [tds] screen tds-293-U1-start : TallyPrime MANAGE EDU K: Company Gatewa of Tall CURRENT PERIOD I-Apr-26 to 31-Mar-27 NAME OF COMPANY FinCom Spike Co Y: Data Z: Exchange O: Import E: Export M: E-mail p: pnnt x Fl: Help Date Company o Obd58 to ru 47b3- 0937- acep afec— 0937- acep .337. 3—ecb ening 'db3e4 ing j _id" : 3-011' ' , "orc fec—c Mode Q CURRENT OATE Friday, 2-Oct-2026 2-Oct-26 Search Gateway of Tally MASTERS Create Alter CHart of Accounts TRANSACTIONS Vouchers Day 800K UTILITIES BaNking REPORTS Balance Sheet Profit & Loss A/c Stock Summary Ratio Analysis Display More Reports Quit Unity Windows Server 2025 Datacenter B...
[keys] 'v' -> Tally 'TallyPrime:9000'
[shot] tds-294-U1-vouchers (1024x768)
[08:13:45] [tds] screen tds-294-U1-vouchers : x TallyPrime MANAGE EDU K: Company Accounting Voucher Creation 58 Sales Party Alc narne. Current balance: Sales ledger: • Current balance: Name of Item Narration: Unity Quit Y: Data Z: Exchange A Accept Q Search FinCom • ke Co O: Import E: Export List of Led er Accounts Cash Share Bank Share Party Share Supplier Spike Party Spike Party 2 Ul Party M: E-mail p: pnnt x Create Fl: Help Date o Obd58 Company to ru F4: Contra F5: Payment Receipt Journal F8: Sales Purchase Fl 0: 0åHVouctg•s F: Autofill Change Mode More Details o: L: Related Reports Optional post -Dated 47b3- 0937- acep afec— 0937- ace...
[keys] '{F9}' -> Tally 'TallyPrime:9000'
[shot] tds-295-U1-type (1024x768)
[08:13:49] [tds] screen tds-295-U1-type : x TallyPrime MANAGE EDU K: Company Accounting»ucher Creation 58 Purchase No. 1 Su*i« Imoice No. Party Alc narne: Current balance: Purchase ledger: • Current balance: Name of Item Narration: Unity Quit Y: Data Date Z: Exchange A Accept Q Search FinCom Spike Co O: Import Quantity E: Export Rate M: E-mail per p: print x 20ct-26 Friday Amount Fl: Help Date o Obd58 Company to ru F4: Contra F5: Payment Receipt Journal Sales F9: Purchase Fl 0: 0åHVouctg•s F: Autofill Change Mode More Details o: L: Related Reports Optional post -Dated 47b3- 0937- acep afec— 0937- acep .337. 3—ecb ening 'db3e4 ing j _i...
[keys] '^h' -> Tally 'TallyPrime:9000'
[shot] tds-296-U1-mode (1024x768)
[08:13:53] [tds] screen tds-296-U1-mode : TallyPrime MANAGE EDU K: Company Change Mode Unity Quit Y: Data Z: Exchange O: Import E: Export M: E-mail p: pnnt x Fl: Help FinCom • ke Co Change Voucher Mode Item Invoice List of Modes/Usa es Item Invoice Accounting Invoice As Voucher A Accept Q Search o Obd58 to ru 47b3- 0937- acep afec— 0937- acep .337. 3—ecb ening 'db3e4 ing j _id" : 3-011' ' , "orc fec—c Mode Windows Server 2025 Datacenter Build 26100.ge_release240331-1435 8:13 AM 10/8/2026
[keys] 'Item Invoice{ENTER}' -> Tally 'TallyPrime:9000'
[shot] tds-297-U1-item-mode (1024x768)
[08:13:57] [tds] screen tds-297-U1-item-mode : x TallyPrime MANAGE EDU K: Company Accounting»ucher Creation 58 Purchase No. 1 Su*i« Imoice No. Party Alc narne: Current balance: Purchase ledger: • Current balance: Name of Item Narration: Unity Quit Y: Data Date Z: Exchange A Accept Q Search FinCom Spike Co O: Import Quantity E: Export Rate M: E-mail per p: print x 20ct-26 Friday Amount Fl: Help Date o Obd58 Company to ru F4: Contra F5: Payment Receipt Journal Sales F9: Purchase Fl 0: 0åHVouctg•s F: Autofill Change Mode More Details o: L: Related Reports Optional post -Dated 47b3- 0937- acep afec— 0937- acep .337. 3—ecb ening 'db3e4 ing j _i...
[keys] '{F2}' -> Tally 'TallyPrime:9000'
[shot] tds-298-U1-date-box (1024x768)
[08:14:00] [tds] screen tds-298-U1-date-box : TallyPrime MANAGE EDU K: Company Change Voucher Date Unity Quit Y: Data Z: Exchange A Accept Q Search O: Import E: Export M: E-mail p: pnnt x Fl: Help FinCom Spike Co Voucher Date 3-10-2026 o Obd58 to ru 47b3- 0937- acep afec— 0937- acep .337. 3—ecb ening 'db3e4 ing j _id" : 3-011' ' , "orc fec—c Mode Windows Server 2025 Datacenter Build 26100.ge_release240331-1435 8:13 AM 10/8/2026
[keys] '2-10-2026{ENTER}' -> Tally 'TallyPrime:9000'
[shot] tds-299-U1-date (1024x768)
[08:14:04] [tds] screen tds-299-U1-date : x TallyPrime MANAGE EDU K: Company Accounting»ucher Creation 58 Purchase No. 1 Su*i« Imoice No. Party Alc narne: Current balance: Purchase ledger: • Current balance: Name of Item Narration: Unity Quit Y: Data Date Z: Exchange A Accept Q Search FinCom Spike Co O: Import Quantity E: Export Rate M: E-mail per p: print x 20ct-26 Friday Amount Fl: Help Date o Obd58 Company to ru F4: Contra F5: Payment Receipt Journal Sales F9: Purchase Fl 0: 0åHVouctg•s F: Autofill Change Mode More Details o: L: Related Reports Optional post -Dated 47b3- 0937- acep afec— 0937- acep .337. 3—ecb ening 'db3e4 ing j _i...
[keys] 'SUP-1{ENTER}' -> Tally 'TallyPrime:9000'
[shot] tds-300-U1-head (1024x768)
[08:14:07] [tds] screen tds-300-U1-head : x TallyPrime MANAGE EDU K: Company Accounting»ucher Creation 58 Purchase No. 1 Su*lmoice No.: SUP-I Party Alc narne: Current balance: Purchase ledger: • Current balance: Name of Item Narration: Unity Quit Y: Data Date Z: Exchange 2-Oct-26 A Accept Q Search FinCom Spike Co O: Import Quantity E: Export Rate M: E-mail per p: print x 20ct-26 Friday Amount Fl: Help Date o Obd58 Company to ru F4: Contra F5: Payment Receipt Journal Sales F9: Purchase Fl 0: 0åHVouctg•s F: Autofill Change Mode More Details o: L: Related Reports Optional post -Dated 47b3- 0937- acep afec— 0937- acep .337. 3—ecb ening 'd...
[keys] '{ENTER}' -> Tally 'TallyPrime:9000'
[shot] tds-301-U1-head (1024x768)
[08:14:10] [tds] screen tds-301-U1-head : x TallyPrime MANAGE EDU K: Company Accounting»ucher Creation 58 Purchase No. 1 Su*lmoice No.: SUP-I Party Alc narne. Current balance: Purchase ledger: • Current balance: Name of Item Narration: Unity Quit Y: Data Date Z: Exchange 2-Oct-26 A Accept Q Search FinCom Spike Co O: Import E: Export List of Led er Accounts Cash Share Bank Share Party Share Supplier Spike Party Spike Party 2 Ul Party M: E-mail p: pnnt x Create Fl: Help Date o Obd58 Company to ru F4: Contra F5: Payment Receipt Journal Sales F9: Purchase Fl 0: 0åHVouctg•s F: Autofill Change Mode More Details o: L: Related Reports Optiona...
[keys] 'Share Supplier{ENTER}' -> Tally 'TallyPrime:9000'
[shot] tds-302-U1-party (1024x768)
[08:14:15] [tds] screen tds-302-U1-party : x TallyPrime MANAGE EDU K: Company Details Y: Data Z: Exchange Accept Q Search O: Import E: Export M: E-mail p: pnnt Fl: Help x Receipt Note No(s) FinCom Spike Co Receipt Details Receipt Doc No. Dispatched through Destination Carrier Name/Agent Bill of No. Motor Vehicle No. Date: Unity Quit o Obd58 to ru 47b3- 0937- acep afec— 0937- acep .337. 3—ecb ening 'db3e4 ing j _id" : 3-011' ' , "orc fec—c Mode Windows Server 2025 Datacenter Build 26100.ge_release240331-1435 8:14 AM 10/8/2026
[shot] tds-303-U1-party-sub1 (1024x768)
[08:14:15] [tds] screen tds-303-U1-party-sub1 : x TallyPrime MANAGE EDU K: Company Details Y: Data Z: Exchange Accept Q Search O: Import E: Export M: E-mail p: pnnt Fl: Help x Receipt Note No(s) FinCom Spike Co Receipt Details Receipt Doc No. Dispatched through Destination Carrier Name/Agent Bill of No. Motor Vehicle No. Date: Unity Quit o Obd58 to ru 47b3- 0937- acep afec— 0937- acep .337. 3—ecb ening 'db3e4 ing j _id" : 3-011' ' , "orc fec—c Mode Windows Server 2025 Datacenter Build 26100.ge_release240331-1435 8:14 AM 10/8/2026
[keys] '^a' -> Tally 'TallyPrime:9000'
[shot] tds-304-U1-party-sub-accept (1024x768)
[08:14:19] [tds] screen tds-304-U1-party-sub-accept : x TallyPrime MANAGE EDU K: Company Details Quit Y: Data Z: Exchange FinCom Spike Co Party Details List of Led er Accounts Share Party Share Supplier Spike Party Spike Party 2 Ul Party O: Import Create New Party E: Export M: E-mail p: pnnt Fl: Help x Supplier (Bill from) Mailing Name Address State Country GST Registration type GSTIN/UIN Place of Supply Accept Q Search o Obd58 to ru 47b3- 0937- acep afec— 0937- acep .337. 3—ecb ening 'db3e4 ing j _id" : 3-011' ' , "orc fec—c Unity Configure Mode Windows Server 2025 Datacenter Build 26100.ge_release240331-1435 8:14 AM 10/8/2026
[shot] tds-305-U1-party-sub2 (1024x768)
[08:14:20] [tds] screen tds-305-U1-party-sub2 : x TallyPrime MANAGE EDU K: Company Details Quit Y: Data Z: Exchange FinCom Spike Co Party Details List of Led er Accounts Share Party Share Supplier Spike Party Spike Party 2 Ul Party O: Import Create New Party E: Export M: E-mail p: pnnt Fl: Help x Supplier (Bill from) Mailing Name Address State Country GST Registration type GSTIN/UIN Place of Supply Accept Q Search o Obd58 to ru 47b3- 0937- acep afec— 0937- acep .337. 3—ecb ening 'db3e4 ing j _id" : 3-011' ' , "orc fec—c Unity Configure Mode Windows Server 2025 Datacenter Build 26100.ge_release240331-1435 8:14 AM 10/8/2026
[keys] '^a' -> Tally 'TallyPrime:9000'
[shot] tds-306-U1-party-sub-accept (1024x768)
[08:14:24] [tds] screen tds-306-U1-party-sub-accept : x M: E-mail FinCom Spike Co 58 TallyPrime MANAGE EDU K: Company Accounting»ucher Creation Purchase No. 1 Su*lmoice No.: SUP-I Y: Data Date Z: Exchange 2-Oct-26 A Accept Q Search O: Import E: Export List of Led er Accounts Share Purchase p: pnnt x Create Show More Fl: Help Date o Obd58 Company to ru PartyA/c narne: Share Supplier Currentbalance: 3,200.00Cr Purchase ledger: • Current balance: Name of Item Narration: Quit F4: Contra F5: Payment Receipt Journal Sales F9: Purchase Fl 0: 0åHVouctg•s F: Autofill Change Mode More Details o: L: Related Reports Optional post -Dated 47b3- 0937- acep afec...
[shot] tds-307-U1-party-sub3 (1024x768)
[08:14:24] [tds] screen tds-307-U1-party-sub3 : x M: E-mail FinCom Spike Co 58 TallyPrime MANAGE EDU K: Company Accounting»ucher Creation Purchase No. 1 Su*lmoice No.: SUP-I Y: Data Date Z: Exchange 2-Oct-26 A Accept Q Search O: Import E: Export List of Led er Accounts Share Purchase p: pnnt x Create Show More Fl: Help Date o Obd58 Company to ru PartyA/c narne: Share Supplier Currentbalance: 3,200.00Cr Purchase ledger: • Current balance: Name of Item Narration: Quit F4: Contra F5: Payment Receipt Journal Sales F9: Purchase Fl 0: 0åHVouctg•s F: Autofill Change Mode More Details o: L: Related Reports Optional post -Dated 47b3- 0937- acep afec...
[keys] 'Share Purchase{ENTER}' -> Tally 'TallyPrime:9000'
[shot] tds-308-U1-ledger (1024x768)
[08:14:28] [tds] screen tds-308-U1-ledger : x TallyPrime MANAGE EDU K: Company Accounting»ucher Creation Purchase No. 1 Su*lmoice No.: SUP-I 58 Ch Y: Data Date Z: Exchange 2-Oct-26 A Accept Q Search FinCom Spike Co O: Import Quantity E: Export Rate M: E-mail per p: print x 20ct-26 Friday Amount Fl: Help Date o Obd58 Company to ru PartyA/c narne: Share Supplier Currentbalance: 3,200.00 Cr Purchase ledger: Share Purchase • Current balance: Name of Item Narration: Quit F4: Contra F5: Payment Receipt Journal Sales F9: Purchase Fl 0: 0åHVouctg•s F: Autofill Change Mode More Details o: L: Related Reports Optional post -Dated 47b3- 0937- acep ...
[keys] 'Share Item{ENTER}' -> Tally 'TallyPrime:9000'
[shot] tds-309-U1-item (1024x768)
[08:14:32] [tds] screen tds-309-U1-item : x FinCom Spike Co 58 TallyPrime MANAGE EDU K: Company Accounting»ucher Creation Purchase No. 1 Su*lmoice No.: SUP-I Y: Data Date Z: Exchange 2-Oct-26 A Accept Q Search O: Import Quantity E: Export Rate M: E-mail per p: print x 20ct-26 Friday Amount Fl: Help Date o Obd58 Company to ru PartyA/c narne: Share Supplier Currentbalance: 3,200.00 Cr Purchase ledger: Share Purchase • Current balance: Name of Item Share Item Narration: Quit F4: Contra F5: Payment Receipt Journal Sales F9: Purchase Fl 0: 0åHVouctg•s F: Autofill Change Mode More Details o: L: Related Reports Optional post -Dated 47b3- 093...
[shot] tds-310-U1-item-sub1 (1024x768)
[08:14:33] [tds] screen tds-310-U1-item-sub1 : x FinCom Spike Co 58 TallyPrime MANAGE EDU K: Company Accounting»ucher Creation Purchase No. 1 Su*lmoice No.: SUP-I Y: Data Date Z: Exchange 2-Oct-26 A Accept Q Search O: Import Quantity E: Export Rate M: E-mail per p: print x 20ct-26 Friday Amount Fl: Help Date o Obd58 Company to ru PartyA/c narne: Share Supplier Currentbalance: 3,200.00 Cr Purchase ledger: Share Purchase • Current balance: Name of Item Share Item Narration: Quit F4: Contra F5: Payment Receipt Journal Sales F9: Purchase Fl 0: 0åHVouctg•s F: Autofill Change Mode More Details o: L: Related Reports Optional post -Dated 47b3- 093...
[keys] '2{ENTER}' -> Tally 'TallyPrime:9000'
[shot] tds-311-U1-qty (1024x768)
[08:14:36] [tds] screen tds-311-U1-qty : x FinCom Spike Co 58 TallyPrime MANAGE EDU K: Company Accounting»ucher Creation Purchase No. 1 Su*lmoice No.: SUP-I Y: Data Date Z: Exchange 2-Oct-26 A Accept Q Search O: Import Quantity 2 Nos 2 Nos E: Export Rate 50.00 M: E-mail per Nos p: print x 20ct-26 Friday Amount 100.00 Fl: Help Date o Obd58 Company to ru PartyA/c narne: Share Supplier Currentbalance: 3,200.00 Cr Purchase ledger: Share Purchase • Current balance: Name of Item Share Item Narration: Quit F4: Contra F5: Payment Receipt Journal Sales F9: Purchase Fl 0: 0åHVouctg•s F: Autofill Change Mode More Details o: L: 100.00 Related Re...
[keys] '80{ENTER}' -> Tally 'TallyPrime:9000'
[shot] tds-312-U1-rate (1024x768)
[08:14:40] [tds] screen tds-312-U1-rate : x FinCom Spike Co 58 TallyPrime MANAGE EDU K: Company Accounting»ucher Creation Purchase No. 1 Su*lmoice No.: SUP-I Y: Data Date Z: Exchange 2-Oct-26 A Accept Q Search O: Import Quantity 2 Nos 2 Nos E: Export Rate 80.00 M: E-mail per Nos p: print x 20ct-26 Friday Amount 160.00 Fl: Help Date o Obd58 Company to ru PartyA/c narne: Share Supplier Currentbalance: 3,200.00 Cr Purchase ledger: Share Purchase • Current balance: Name of Item Share Item Narration: Quit F4: Contra F5: Payment Receipt Journal Sales F9: Purchase Fl 0: 0åHVouctg•s F: Autofill Change Mode More Details o: L: 160.00 Related Re...
[keys] '{ENTER}' -> Tally 'TallyPrime:9000'
[shot] tds-313-U1-amount (1024x768)
[08:14:43] [tds] screen tds-313-U1-amount : x FinCom Spike Co 58 TallyPrime MANAGE EDU K: Company Accounting»ucher Creation Purchase No. 1 Su*lmoice No.: SUP-I Y: Data Date Z: Exchange 2-Oct-26 A Accept Q Search O: Import Quantity 2 Nos 2 Nos E: Export Rate 80.00 M: E-mail per Nos p: print x 20ct-26 Friday Amount 160.00 Fl: Help Date o Obd58 Company to ru PartyA/c narne: Share Supplier Currentbalance: 3,200.00 Cr Purchase ledger: Share Purchase • Current balance: Name of Item Share Item Narration: Quit F4: Contra F5: Payment Receipt Journal Sales F9: Purchase Fl 0: 0åHVouctg•s F: Autofill Change Mode More Details o: L: 160.00 Related Re...
[shot] tds-314-U1-item-b-sub1 (1024x768)
[08:14:44] [tds] screen tds-314-U1-item-b-sub1 : x FinCom Spike Co 58 TallyPrime MANAGE EDU K: Company Accounting»ucher Creation Purchase No. 1 Su*lmoice No.: SUP-I Y: Data Date Z: Exchange 2-Oct-26 A Accept Q Search O: Import Quantity 2 Nos 2 Nos E: Export Rate 80.00 M: E-mail per Nos p: print x 20ct-26 Friday Amount 160.00 Fl: Help Date o Obd58 Company to ru PartyA/c narne: Share Supplier Currentbalance: 3,200.00 Cr Purchase ledger: Share Purchase • Current balance: Name of Item Share Item Narration: Quit F4: Contra F5: Payment Receipt Journal Sales F9: Purchase Fl 0: 0åHVouctg•s F: Autofill Change Mode More Details o: L: 160.00 Related Re...
[keys] '{ENTER}' -> Tally 'TallyPrime:9000'
[shot] tds-315-U1-items-done (1024x768)
[08:14:47] [tds] screen tds-315-U1-items-done : x FinCom Spike Co 58 TallyPrime MANAGE EDU K: Company Accounting»ucher Creation Purchase No. 1 Su*lmoice No.: SUP-I Y: Data Date Z: Exchange 2-Oct-26 A Accept Q Search O: Import Quantity 2 Nos 2 Nos E: Export Rate 80.00 M: E-mail per Nos p: print x 20ct-26 Friday Amount 160.00 160.00 Fl: Help Date o Obd58 Company to ru PartyA/c narne: Share Supplier Currentbalance: 3,200.00 Cr Purchase ledger: Share Purchase • Current balance: Name of Item Share Item Narration: Quit F4: Contra F5: Payment Receipt Journal Sales F9: Purchase Fl 0: 0åHVouctg•s F: Autofill Change Mode More Details o: L: 160.00 Rel...
[keys] '^a' -> Tally 'TallyPrime:9000'
[shot] tds-316-U1-accept1 (1024x768)
[08:14:51] [tds] screen tds-316-U1-accept1 : x TallyPrime MANAGE EDU K: Company Accounting»ucher Creation 58 Purchase No. 2 Su*i« Imoice No. Party Alc narne: Current balance: Purchase ledger: • Current balance: Name of Item Narration: Unity Quit Y: Data Date Z: Exchange A Accept Q Search FinCom Spike Co O: Import Quantity E: Export Rate M: E-mail per p: print x 20ct-26 Friday Amount Fl: Help Date o Obd58 Company to ru F4: Contra F5: Payment Receipt Journal Sales F9: Purchase Fl 0: 0åHVouctg•s F: Autofill Change Mode More Details o: L: Related Reports Optional post -Dated 47b3- 0937- acep afec— 0937- acep .337. 3—ecb ening 'db3e4 ing j _i...
[shot] tds-317-U1-after1 (1024x768)
[08:14:52] [tds] screen tds-317-U1-after1 : x TallyPrime MANAGE EDU K: Company Accounting»ucher Creation 58 Purchase No. 2 Su*i« Imoice No. Party Alc narne: Current balance: Purchase ledger: • Current balance: Name of Item Narration: Unity Quit Y: Data Date Z: Exchange A Accept Q Search FinCom Spike Co O: Import Quantity E: Export Rate M: E-mail per p: print x 20ct-26 Friday Amount Fl: Help Date o Obd58 Company to ru F4: Contra F5: Payment Receipt Journal Sales F9: Purchase Fl 0: 0åHVouctg•s F: Autofill Change Mode More Details o: L: Related Reports Optional post -Dated 47b3- 0937- acep afec— 0937- acep .337. 3—ecb ening 'db3e4 ing j _i...
[shot] tds-318-gw0 (1024x768)
[08:14:53] [tds] screen tds-318-gw0 : x TallyPrime MANAGE EDU K: Company Accounting»ucher Creation 58 Purchase No. 2 Su*i« Imoice No. Party Alc narne: Current balance: Purchase ledger: • Current balance: Name of Item Narration: Unity Quit Y: Data Date Z: Exchange A Accept Q Search FinCom Spike Co O: Import Quantity E: Export Rate M: E-mail per p: print x 20ct-26 Friday Amount Fl: Help Date o Obd58 Company to ru F4: Contra F5: Payment Receipt Journal Sales F9: Purchase Fl 0: 0åHVouctg•s F: Autofill Change Mode More Details o: L: Related Reports Optional post -Dated 47b3- 0937- acep afec— 0937- acep .337. 3—ecb ening 'db3e4 ing j _i...
[keys] '{ESC}' -> Tally 'TallyPrime:9000'
[shot] tds-319-gw1 (1024x768)
[08:14:57] [tds] screen tds-319-gw1 : TallyPrime MANAGE EDU K: Company Accounting»ucher Creation 58 Purchase No. 2 Su*i« Imoice No. Party Alc narne: Current balance: Purchase ledger: • Current balance: Name of Item Narration: Unity Q: Quit Y: Data Date Z: Exchange A: Accept Q Search FinCom Spike Co O: Import Quantity E: Export Rate M: E-mail per p: print x 20ct-26 Friday Amount Quit o Yes or No D: Delete X: Cancel Vch x Fl: Help F2: Date F3: Company F4: Contra F5: Payment F6: Receipt F7: Journal F8: Sales F9: Purchase F: Autofill H: Change Mode l: More Details O: Related Reports k: Optional T: post -Dated Fl 2: Configure o Obd58 t...
[keys] 'y' -> Tally 'TallyPrime:9000'
[shot] tds-320-gw2 (1024x768)
[08:15:01] [tds] screen tds-320-gw2 : TallyPrime MANAGE EDU K: Company Gatewa of Tall CURRENT PERIOD I-Apr-26 to 31-Mar-27 NAME OF COMPANY FinCom Spike Co Y: Data Z: Exchange O: Import E: Export M: E-mail p: pnnt x Fl: Help Date Company o Obd58 to ru 47b3- 0937- acep afec— 0937- acep .337. 3—ecb ening 'db3e4 ing j _id" : 3-011' ' , "orc fec—c Mode Q CURRENT OATE Friday, 2-Oct-2026 2-Oct-26 Search Gateway of Tally MASTERS Create Alter CHart of Accounts TRANSACTIONS Vouchers Day 800K UTILITIES BaNking REPORTS Balance Sheet Profit & Loss A/c Stock Summary Ratio Analysis Display More Reports Quit Unity Windows Server 2025 Datacenter B...
  voucher mid=1 aid=1 Journal/1/20260401 guid=54bedff5-92fe-437d-85c8-74d1712959f4-00000001 cancelled=False
  voucher mid=2 aid=2 Journal/2/20261001 guid=54bedff5-92fe-437d-85c8-74d1712959f4-00000002 cancelled=False
  voucher mid=3 aid=3 Journal/3/20261001 guid=54bedff5-92fe-437d-85c8-74d1712959f4-00000003 cancelled=False
  voucher mid=4 aid=4 Journal/4/20261001 guid=54bedff5-92fe-437d-85c8-74d1712959f4-00000004 cancelled=False
  voucher mid=5 aid=5 Journal/5/20261001 guid=54bedff5-92fe-437d-85c8-74d1712959f4-00000005 cancelled=False
  voucher mid=6 aid=6 Payroll/1/20261001 guid=54bedff5-92fe-437d-85c8-74d1712959f4-00000006 cancelled=False
  voucher mid=7 aid=7 Sales/1/20261002 guid=54bedff5-92fe-437d-85c8-74d1712959f4-00000007 cancelled=False
  voucher mid=8 aid=8 Receipt/1/20261002 guid=54bedff5-92fe-437d-85c8-74d1712959f4-00000008 cancelled=False
  voucher mid=9 aid=9 Receipt/2/20261002 guid=54bedff5-92fe-437d-85c8-74d1712959f4-00000009 cancelled=False
  voucher mid=10 aid=10 Payment/1/20261002 guid=54bedff5-92fe-437d-85c8-74d1712959f4-0000000a cancelled=False
  voucher mid=11 aid=11 Payment/2/20261002 guid=54bedff5-92fe-437d-85c8-74d1712959f4-0000000b cancelled=False
  voucher mid=12 aid=12 Contra/1/20261002 guid=54bedff5-92fe-437d-85c8-74d1712959f4-0000000c cancelled=False
  voucher mid=13 aid=13 Journal/6/20261002 guid=54bedff5-92fe-437d-85c8-74d1712959f4-0000000d cancelled=False
  voucher mid=14 aid=14 Journal/7/20261002 guid=54bedff5-92fe-437d-85c8-74d1712959f4-0000000e cancelled=False
  voucher mid=15 aid=15 Sales/2/20261002 guid=54bedff5-92fe-437d-85c8-74d1712959f4-0000000f cancelled=False
  voucher mid=16 aid=16 Sales/3/20261002 guid=54bedff5-92fe-437d-85c8-74d1712959f4-00000010 cancelled=False
  voucher mid=17 aid=17 Sales/4/20261002 guid=54bedff5-92fe-437d-85c8-74d1712959f4-00000011 cancelled=False
  voucher mid=18 aid=18 Purchase/1/20261002 guid=54bedff5-92fe-437d-85c8-74d1712959f4-00000012 cancelled=False
  INFO share purchase-new (purchase item invoice, New Ref bill (PI-1)): Tally Purchase 1 mid 18; stored party 'Share Supplier' bills [New Ref,New Ref]; the line party 'Share Supplier' bills []; lines voucher_accept_post x1, voucher_full x1
######## ANSWERED hang3 step 12 purchase-new: after purchase-new: 2.3.4 object answered (10 ms, the entry in it); 2.3.3 by master answered (30 ms, the entry in it); Tally answers after: True; started again: ; 2.3.3 after the restart: 
[08:15:04] ---- share purchase-new2: purchase item invoice, a second one (Tally allocates its bill at the save)
  voucher mid=1 aid=1 Journal/1/20260401 guid=54bedff5-92fe-437d-85c8-74d1712959f4-00000001 cancelled=False
  voucher mid=2 aid=2 Journal/2/20261001 guid=54bedff5-92fe-437d-85c8-74d1712959f4-00000002 cancelled=False
  voucher mid=3 aid=3 Journal/3/20261001 guid=54bedff5-92fe-437d-85c8-74d1712959f4-00000003 cancelled=False
  voucher mid=4 aid=4 Journal/4/20261001 guid=54bedff5-92fe-437d-85c8-74d1712959f4-00000004 cancelled=False
  voucher mid=5 aid=5 Journal/5/20261001 guid=54bedff5-92fe-437d-85c8-74d1712959f4-00000005 cancelled=False
  voucher mid=6 aid=6 Payroll/1/20261001 guid=54bedff5-92fe-437d-85c8-74d1712959f4-00000006 cancelled=False
  voucher mid=7 aid=7 Sales/1/20261002 guid=54bedff5-92fe-437d-85c8-74d1712959f4-00000007 cancelled=False
  voucher mid=8 aid=8 Receipt/1/20261002 guid=54bedff5-92fe-437d-85c8-74d1712959f4-00000008 cancelled=False
  voucher mid=9 aid=9 Receipt/2/20261002 guid=54bedff5-92fe-437d-85c8-74d1712959f4-00000009 cancelled=False
  voucher mid=10 aid=10 Payment/1/20261002 guid=54bedff5-92fe-437d-85c8-74d1712959f4-0000000a cancelled=False
  voucher mid=11 aid=11 Payment/2/20261002 guid=54bedff5-92fe-437d-85c8-74d1712959f4-0000000b cancelled=False
  voucher mid=12 aid=12 Contra/1/20261002 guid=54bedff5-92fe-437d-85c8-74d1712959f4-0000000c cancelled=False
  voucher mid=13 aid=13 Journal/6/20261002 guid=54bedff5-92fe-437d-85c8-74d1712959f4-0000000d cancelled=False
  voucher mid=14 aid=14 Journal/7/20261002 guid=54bedff5-92fe-437d-85c8-74d1712959f4-0000000e cancelled=False
  voucher mid=15 aid=15 Sales/2/20261002 guid=54bedff5-92fe-437d-85c8-74d1712959f4-0000000f cancelled=False
  voucher mid=16 aid=16 Sales/3/20261002 guid=54bedff5-92fe-437d-85c8-74d1712959f4-00000010 cancelled=False
  voucher mid=17 aid=17 Sales/4/20261002 guid=54bedff5-92fe-437d-85c8-74d1712959f4-00000011 cancelled=False
  voucher mid=18 aid=18 Purchase/1/20261002 guid=54bedff5-92fe-437d-85c8-74d1712959f4-00000012 cancelled=False
[shot] tds-321-gw0 (1024x768)
[08:15:05] [tds] screen tds-321-gw0 : TallyPrime MANAGE EDU K: Company Gatewa of Tall CURRENT PERIOD I-Apr-26 to 31-Mar-27 NAME OF COMPANY FinCom Spike Co Y: Data Z: Exchange O: Import E: Export M: E-mail p: pnnt x Fl: Help Date Company o Obd58 to ru 47b3- 0937- acep afec— 0937- acep .337. 3—ecb ening 'db3e4 ing j _id" : 3-011' ' , "orc fec—c Mode Q CURRENT OATE Friday, 2-Oct-2026 2-Oct-26 Search Gateway of Tally MASTERS Create Alter CHart of Accounts TRANSACTIONS Vouchers Day 800K UTILITIES BaNking REPORTS Balance Sheet Profit & Loss A/c Stock Summary Ratio Analysis Display More Reports Quit Unity Windows Server 2025 Datacenter B...
[shot] tds-322-U2-start (1024x768)
[08:15:06] [tds] screen tds-322-U2-start : TallyPrime MANAGE EDU K: Company Gatewa of Tall CURRENT PERIOD I-Apr-26 to 31-Mar-27 NAME OF COMPANY FinCom Spike Co Y: Data Z: Exchange O: Import E: Export M: E-mail p: pnnt x Fl: Help Date Company o Obd58 to ru 47b3- 0937- acep afec— 0937- acep .337. 3—ecb ening 'db3e4 ing j _id" : 3-011' ' , "orc fec—c Mode Q CURRENT OATE Friday, 2-Oct-2026 2-Oct-26 Search Gateway of Tally MASTERS Create Alter CHart of Accounts TRANSACTIONS Vouchers Day 800K UTILITIES BaNking REPORTS Balance Sheet Profit & Loss A/c Stock Summary Ratio Analysis Display More Reports Quit Unity Windows Server 2025 Datacenter B...
[keys] 'v' -> Tally 'TallyPrime:9000'
[shot] tds-323-U2-vouchers (1024x768)
[08:15:10] [tds] screen tds-323-U2-vouchers : x TallyPrime MANAGE EDU K: Company Accounting»ucher Creation 58 Purchase No. 2 Su*i« Imoice No. Party Alc narne: Current balance: Purchase ledger: • Current balance: Name of Item Narration: Unity Quit Y: Data Date Z: Exchange A Accept Q Search FinCom Spike Co O: Import Quantity E: Export Rate M: E-mail per p: print x 20ct-26 Friday Amount Fl: Help Date o Obd58 Company to ru F4: Contra F5: Payment Receipt Journal Sales F9: Purchase Fl 0: 0åHVouctg•s F: Autofill Change Mode More Details o: L: Related Reports Optional post -Dated 47b3- 0937- acep afec— 0937- acep .337. 3—ecb ening 'db3e4 ing j _i...
[keys] '{F9}' -> Tally 'TallyPrime:9000'
[shot] tds-324-U2-type (1024x768)
[08:15:14] [tds] screen tds-324-U2-type : x TallyPrime MANAGE EDU K: Company Accounting»ucher Creation 58 Purchase No. 2 Su*i« Imoice No. Party Alc narne: Current balance: Purchase ledger: • Current balance: Name of Item Narration: Unity Quit Y: Data Date Z: Exchange A Accept Q Search FinCom Spike Co O: Import Quantity E: Export Rate M: E-mail per p: print x 20ct-26 Friday Amount Fl: Help Date o Obd58 Company to ru F4: Contra F5: Payment Receipt Journal Sales F9: Purchase Fl 0: 0åHVouctg•s F: Autofill Change Mode More Details o: L: Related Reports Optional post -Dated 47b3- 0937- acep afec— 0937- acep .337. 3—ecb ening 'db3e4 ing j _i...
[keys] '^h' -> Tally 'TallyPrime:9000'
[shot] tds-325-U2-mode (1024x768)
[08:15:17] [tds] screen tds-325-U2-mode : TallyPrime MANAGE EDU K: Company Change Mode Unity Quit Y: Data Z: Exchange O: Import E: Export M: E-mail p: pnnt x Fl: Help FinCom • ke Co Change Voucher Mode Item Invoice List of Modes/Usa es Item Invoice Accounting Invoice As Voucher A Accept Q Search o Obd58 to ru 47b3- 0937- acep afec— 0937- acep .337. 3—ecb ening 'db3e4 ing j _id" : 3-011' ' , "orc fec—c Mode Windows Server 2025 Datacenter Build 26100.ge_release240331-1435 8:15 AM 10/8/2026
[keys] 'Item Invoice{ENTER}' -> Tally 'TallyPrime:9000'
[shot] tds-326-U2-item-mode (1024x768)
[08:15:21] [tds] screen tds-326-U2-item-mode : x TallyPrime MANAGE EDU K: Company Accounting»ucher Creation 58 Purchase No. 2 Su*i« Imoice No. Party Alc narne: Current balance: Purchase ledger: • Current balance: Name of Item Narration: Unity Quit Y: Data Date Z: Exchange A Accept Q Search FinCom Spike Co O: Import Quantity E: Export Rate M: E-mail per p: print x 20ct-26 Friday Amount Fl: Help Date o Obd58 Company to ru F4: Contra F5: Payment Receipt Journal Sales F9: Purchase Fl 0: 0åHVouctg•s F: Autofill Change Mode More Details o: L: Related Reports Optional post -Dated 47b3- 0937- acep afec— 0937- acep .337. 3—ecb ening 'db3e4 ing j _i...
[keys] '{F2}' -> Tally 'TallyPrime:9000'
[shot] tds-327-U2-date-box (1024x768)
[08:15:24] [tds] screen tds-327-U2-date-box : TallyPrime MANAGE EDU K: Company Change Voucher Date Unity Quit Y: Data Z: Exchange A Accept Q Search O: Import E: Export M: E-mail p: pnnt x Fl: Help FinCom Spike Co Voucher Date 3-10-2026 o Obd58 to ru 47b3- 0937- acep afec— 0937- acep .337. 3—ecb ening 'db3e4 ing j _id" : 3-011' ' , "orc fec—c Mode Windows Server 2025 Datacenter Build 26100.ge_release240331-1435 8:15 AM 10/8/2026
[keys] '2-10-2026{ENTER}' -> Tally 'TallyPrime:9000'
[shot] tds-328-U2-date (1024x768)
[08:15:28] [tds] screen tds-328-U2-date : x TallyPrime MANAGE EDU K: Company Accounting»ucher Creation 58 Purchase No. 2 Su*i« Imoice No. Party Alc narne: Current balance: Purchase ledger: • Current balance: Name of Item Narration: Unity Quit Y: Data Date Z: Exchange A Accept Q Search FinCom Spike Co O: Import Quantity E: Export Rate M: E-mail per p: print x 20ct-26 Friday Amount Fl: Help Date o Obd58 Company to ru F4: Contra F5: Payment Receipt Journal Sales F9: Purchase Fl 0: 0åHVouctg•s F: Autofill Change Mode More Details o: L: Related Reports Optional post -Dated 47b3- 0937- acep afec— 0937- acep .337. 3—ecb ening 'db3e4 ing j _i...
[keys] 'SUP-2{ENTER}' -> Tally 'TallyPrime:9000'
[shot] tds-329-U2-head (1024x768)
[08:15:32] [tds] screen tds-329-U2-head : x TallyPrime MANAGE EDU K: Company Accounting»ucher Creation 58 Purchase No. 2 Su*lmoice No.: SUP-2 Party Alc narne: Current balance: Purchase ledger: • Current balance: Name of Item Narration: Unity Quit Y: Data Date Z: Exchange 2-Oct-26 A Accept Q Search FinCom Spike Co O: Import Quantity E: Export Rate M: E-mail per p: print x 20ct-26 Friday Amount Fl: Help Date o Obd58 Company to ru F4: Contra F5: Payment Receipt Journal Sales F9: Purchase Fl 0: 0åHVouctg•s F: Autofill Change Mode More Details o: L: Related Reports Optional post -Dated 47b3- 0937- acep afec— 0937- acep .337. 3—ecb ening 'd...
[keys] '{ENTER}' -> Tally 'TallyPrime:9000'
[shot] tds-330-U2-head (1024x768)
[08:15:35] [tds] screen tds-330-U2-head : x TallyPrime MANAGE EDU K: Company Accounting»ucher Creation 58 Purchase No. 2 Su*lmoice No.: SUP-2 Party Alc narne. Current balance: Purchase ledger: • Current balance: Name of Item Narration: Unity Quit Y: Data Date Z: Exchange 2-Oct-26 A Accept Q Search FinCom Spike Co O: Import E: Export List of Led er Accounts Cash Share Bank Share Party Share Supplier Spike Party Spike Party 2 Ul Party M: E-mail p: pnnt x Create Fl: Help Date o Obd58 Company to ru F4: Contra F5: Payment Receipt Journal Sales F9: Purchase Fl 0: 0åHVouctg•s F: Autofill Change Mode More Details o: L: Related Reports Optiona...
[keys] 'Share Supplier{ENTER}' -> Tally 'TallyPrime:9000'
[shot] tds-331-U2-party (1024x768)
[08:15:39] [tds] screen tds-331-U2-party : x TallyPrime MANAGE EDU K: Company Details Y: Data Z: Exchange Accept Q Search O: Import E: Export M: E-mail p: pnnt Fl: Help x Receipt Note No(s) FinCom Spike Co Receipt Details Receipt Doc No. Dispatched through Destination Carrier Name/Agent Bill of No. Motor Vehicle No. Date: Unity Quit o Obd58 to ru 47b3- 0937- acep afec— 0937- acep .337. 3—ecb ening 'db3e4 ing j _id" : 3-011' ' , "orc fec—c Mode Windows Server 2025 Datacenter Build 26100.ge_release240331-1435 8:15 AM 10/8/2026
[shot] tds-332-U2-party-sub1 (1024x768)
[08:15:40] [tds] screen tds-332-U2-party-sub1 : x TallyPrime MANAGE EDU K: Company Details Y: Data Z: Exchange Accept Q Search O: Import E: Export M: E-mail p: pnnt Fl: Help x Receipt Note No(s) FinCom Spike Co Receipt Details Receipt Doc No. Dispatched through Destination Carrier Name/Agent Bill of No. Motor Vehicle No. Date: Unity Quit o Obd58 to ru 47b3- 0937- acep afec— 0937- acep .337. 3—ecb ening 'db3e4 ing j _id" : 3-011' ' , "orc fec—c Mode Windows Server 2025 Datacenter Build 26100.ge_release240331-1435 8:15 AM 10/8/2026
[keys] '^a' -> Tally 'TallyPrime:9000'
[shot] tds-333-U2-party-sub-accept (1024x768)
[08:15:44] [tds] screen tds-333-U2-party-sub-accept : x TallyPrime MANAGE EDU K: Company Details Quit Y: Data Z: Exchange FinCom Spike Co Party Details List of Led er Accounts Share Party Share Supplier Spike Party Spike Party 2 Ul Party O: Import Create New Party E: Export M: E-mail p: pnnt Fl: Help x Supplier (Bill from) Mailing Name Address State Country GST Registration type GSTIN/UIN Place of Supply Accept Q Search o Obd58 to ru 47b3- 0937- acep afec— 0937- acep .337. 3—ecb ening 'db3e4 ing j _id" : 3-011' ' , "orc fec—c Unity Configure Mode Windows Server 2025 Datacenter Build 26100.ge_release240331-1435 8:15 AM 10/8/2026
[shot] tds-334-U2-party-sub2 (1024x768)
[08:15:45] [tds] screen tds-334-U2-party-sub2 : x TallyPrime MANAGE EDU K: Company Details Quit Y: Data Z: Exchange FinCom Spike Co Party Details List of Led er Accounts Share Party Share Supplier Spike Party Spike Party 2 Ul Party O: Import Create New Party E: Export M: E-mail p: pnnt Fl: Help x Supplier (Bill from) Mailing Name Address State Country GST Registration type GSTIN/UIN Place of Supply Accept Q Search o Obd58 to ru 47b3- 0937- acep afec— 0937- acep .337. 3—ecb ening 'db3e4 ing j _id" : 3-011' ' , "orc fec—c Unity Configure Mode Windows Server 2025 Datacenter Build 26100.ge_release240331-1435 8:15 AM 10/8/2026
[keys] '^a' -> Tally 'TallyPrime:9000'
[shot] tds-335-U2-party-sub-accept (1024x768)
[08:15:48] [tds] screen tds-335-U2-party-sub-accept : x M: E-mail FinCom Spike Co 58 TallyPrime MANAGE EDU K: Company Accounting»ucher Creation Purchase No. 2 Su*lmoice No.: SUP-2 Y: Data Date Z: Exchange 2-Oct-26 A Accept Q Search O: Import E: Export List of Led er Accounts Share Purchase p: pnnt x Create Show More Fl: Help Date o Obd58 Company to ru PartyA/c narne: Share Supplier Currentbalance: 3,360.00Cr Purchase ledger: • Current balance: Name of Item Narration: Quit F4: Contra F5: Payment Receipt Journal Sales F9: Purchase Fl 0: 0åHVouctg•s F: Autofill Change Mode More Details o: L: Related Reports Optional post -Dated 47b3- 0937- acep afec...
[shot] tds-336-U2-party-sub3 (1024x768)
[08:15:49] [tds] screen tds-336-U2-party-sub3 : x M: E-mail FinCom Spike Co 58 TallyPrime MANAGE EDU K: Company Accounting»ucher Creation Purchase No. 2 Su*lmoice No.: SUP-2 Y: Data Date Z: Exchange 2-Oct-26 A Accept Q Search O: Import E: Export List of Led er Accounts Share Purchase p: pnnt x Create Show More Fl: Help Date o Obd58 Company to ru PartyA/c narne: Share Supplier Currentbalance: 3,360.00Cr Purchase ledger: • Current balance: Name of Item Narration: Quit F4: Contra F5: Payment Receipt Journal Sales F9: Purchase Fl 0: 0åHVouctg•s F: Autofill Change Mode More Details o: L: Related Reports Optional post -Dated 47b3- 0937- acep afec...
[keys] 'Share Purchase{ENTER}' -> Tally 'TallyPrime:9000'
[shot] tds-337-U2-ledger (1024x768)
[08:15:53] [tds] screen tds-337-U2-ledger : x TallyPrime MANAGE EDU K: Company Accounting»ucher Creation Purchase No. 2 Su*lmoice No.: SUP-2 58 Ch Y: Data Date Z: Exchange 2-Oct-26 A Accept Q Search FinCom Spike Co O: Import Quantity E: Export Rate M: E-mail per p: print x 20ct-26 Friday Amount Fl: Help Date o Obd58 Company to ru PartyA/c narne: Share Supplier Currentbalance: 3,360.00 Cr Purchase ledger: Share Purchase • Current balance: 160.00 Dr Name of Item Narration: Quit F4: Contra F5: Payment Receipt Journal Sales F9: Purchase Fl 0: 0åHVouctg•s F: Autofill Change Mode More Details o: L: Related Reports Optional post -Dated 47b3- 0...
[keys] 'Share Item{ENTER}' -> Tally 'TallyPrime:9000'
[shot] tds-338-U2-item (1024x768)
[08:15:57] [tds] screen tds-338-U2-item : x FinCom Spike Co 58 TallyPrime MANAGE EDU K: Company Accounting»ucher Creation Purchase No. 2 Su*lmoice No.: SUP-2 Y: Data Date Z: Exchange 2-Oct-26 A Accept Q Search O: Import Quantity E: Export Rate M: E-mail per p: print x 20ct-26 Friday Amount Fl: Help Date o Obd58 Company to ru PartyA/c narne: Share Supplier Currentbalance: 3,360.00 Cr Purchase ledger: Share Purchase • Current balance: 160.00 Dr Name of Item Share Item Narration: Quit F4: Contra F5: Payment Receipt Journal Sales F9: Purchase Fl 0: 0åHVouctg•s F: Autofill Change Mode More Details o: L: Related Reports Optional post -Dated...
[shot] tds-339-U2-item-sub1 (1024x768)
[08:15:58] [tds] screen tds-339-U2-item-sub1 : x FinCom Spike Co 58 TallyPrime MANAGE EDU K: Company Accounting»ucher Creation Purchase No. 2 Su*lmoice No.: SUP-2 Y: Data Date Z: Exchange 2-Oct-26 A Accept Q Search O: Import Quantity E: Export Rate M: E-mail per p: print x 20ct-26 Friday Amount Fl: Help Date o Obd58 Company to ru PartyA/c narne: Share Supplier Currentbalance: 3,360.00 Cr Purchase ledger: Share Purchase • Current balance: 160.00 Dr Name of Item Share Item Narration: Quit F4: Contra F5: Payment Receipt Journal Sales F9: Purchase Fl 0: 0åHVouctg•s F: Autofill Change Mode More Details o: L: Related Reports Optional post -Dated...
[keys] '3{ENTER}' -> Tally 'TallyPrime:9000'
[shot] tds-340-U2-qty (1024x768)
[08:16:01] [tds] screen tds-340-U2-qty : x FinCom Spike Co 58 TallyPrime MANAGE EDU K: Company Accounting»ucher Creation Purchase No. 2 Su*lmoice No.: SUP-2 Y: Data Date Z: Exchange 2-Oct-26 A Accept Q Search O: Import Quantity 3 Nos 3 Nos E: Export Rate 80.00 M: E-mail per Nos p: print x 20ct-26 Friday Amount 240.00 Fl: Help Date o Obd58 Company to ru PartyA/c narne: Share Supplier Currentbalance: 3,360.00 Cr Purchase ledger: Share Purchase • Current balance: 160.00 Dr Name of Item Share Item Narration: Quit F4: Contra F5: Payment Receipt Journal Sales F9: Purchase Fl 0: 0åHVouctg•s F: Autofill Change Mode More Details o: L: 240.00 ...
[keys] '80{ENTER}' -> Tally 'TallyPrime:9000'
[shot] tds-341-U2-rate (1024x768)
[08:16:04] [tds] screen tds-341-U2-rate : x FinCom Spike Co 58 TallyPrime MANAGE EDU K: Company Accounting»ucher Creation Purchase No. 2 Su*lmoice No.: SUP-2 Y: Data Date Z: Exchange 2-Oct-26 A Accept Q Search O: Import Quantity 3 Nos 3 Nos E: Export Rate 80.00 M: E-mail per Nos p: print x 20ct-26 Friday Amount 240.00 Fl: Help Date o Obd58 Company to ru PartyA/c narne: Share Supplier Currentbalance: 3,360.00 Cr Purchase ledger: Share Purchase • Current balance: 160.00 Dr Name of Item Share Item Narration: Quit F4: Contra F5: Payment Receipt Journal Sales F9: Purchase Fl 0: 0åHVouctg•s F: Autofill Change Mode More Details o: L: 240.00 ...
[keys] '{ENTER}' -> Tally 'TallyPrime:9000'
[shot] tds-342-U2-amount (1024x768)
[08:16:08] [tds] screen tds-342-U2-amount : x FinCom Spike Co 58 TallyPrime MANAGE EDU K: Company Accounting»ucher Creation Purchase No. 2 Su*lmoice No.: SUP-2 Y: Data Date Z: Exchange 2-Oct-26 A Accept Q Search O: Import Quantity 3 Nos 3 Nos E: Export Rate 80.00 M: E-mail per Nos p: print x 20ct-26 Friday Amount 240.00 Fl: Help Date o Obd58 Company to ru PartyA/c narne: Share Supplier Currentbalance: 3,360.00 Cr Purchase ledger: Share Purchase • Current balance: 160.00 Dr Name of Item Share Item Narration: Quit F4: Contra F5: Payment Receipt Journal Sales F9: Purchase Fl 0: 0åHVouctg•s F: Autofill Change Mode More Details o: L: 240.00 ...
[shot] tds-343-U2-item-b-sub1 (1024x768)
[08:16:09] [tds] screen tds-343-U2-item-b-sub1 : x FinCom Spike Co 58 TallyPrime MANAGE EDU K: Company Accounting»ucher Creation Purchase No. 2 Su*lmoice No.: SUP-2 Y: Data Date Z: Exchange 2-Oct-26 A Accept Q Search O: Import Quantity 3 Nos 3 Nos E: Export Rate 80.00 M: E-mail per Nos p: print x 20ct-26 Friday Amount 240.00 Fl: Help Date o Obd58 Company to ru PartyA/c narne: Share Supplier Currentbalance: 3,360.00 Cr Purchase ledger: Share Purchase • Current balance: 160.00 Dr Name of Item Share Item Narration: Quit F4: Contra F5: Payment Receipt Journal Sales F9: Purchase Fl 0: 0åHVouctg•s F: Autofill Change Mode More Details o: L: 240.00 ...
[keys] '{ENTER}' -> Tally 'TallyPrime:9000'
[shot] tds-344-U2-items-done (1024x768)
[08:16:12] [tds] screen tds-344-U2-items-done : x FinCom Spike Co 58 TallyPrime MANAGE EDU K: Company Accounting»ucher Creation Purchase No. 2 Su*lmoice No.: SUP-2 Y: Data Date Z: Exchange 2-Oct-26 A Accept Q Search O: Import Quantity 3 Nos 3 Nos E: Export Rate 80.00 M: E-mail per Nos p: print x 20ct-26 Friday Amount 240.00 240.00 Fl: Help Date o Obd58 Company to ru PartyA/c narne: Share Supplier Currentbalance: 3,360.00 Cr Purchase ledger: Share Purchase • Current balance: 160.00 Dr Name of Item Share Item Narration: Quit F4: Contra F5: Payment Receipt Journal Sales F9: Purchase Fl 0: 0åHVouctg•s F: Autofill Change Mode More Details o: L: ...
[keys] '^a' -> Tally 'TallyPrime:9000'
[shot] tds-345-U2-accept1 (1024x768)
[08:16:16] [tds] screen tds-345-U2-accept1 : x TallyPrime MANAGE EDU K: Company Accounting»ucher Creation 58 Purchase Su*i« Imoice No. Party Alc narne: Current balance: Purchase ledger: • Current balance: Name of Item Narration: Unity Quit Y: Data Date Z: Exchange A Accept Q Search FinCom Spike Co O: Import Quantity E: Export Rate M: E-mail per p: print x 20ct-26 Friday Amount Fl: Help Date o Obd58 Company to ru F4: Contra F5: Payment Receipt Journal Sales F9: Purchase Fl 0: 0åHVouctg•s F: Autofill Change Mode More Details o: L: Related Reports Optional post -Dated 47b3- 0937- acep afec— 0937- acep .337. 3—ecb ening 'db3e4 ing j _id" : 3...
[shot] tds-346-U2-after1 (1024x768)
[08:16:17] [tds] screen tds-346-U2-after1 : x TallyPrime MANAGE EDU K: Company Accounting»ucher Creation 58 Purchase Su*i« Imoice No. Party Alc narne: Current balance: Purchase ledger: • Current balance: Name of Item Narration: Unity Quit Y: Data Date Z: Exchange A Accept Q Search FinCom Spike Co O: Import Quantity E: Export Rate M: E-mail per p: print x 20ct-26 Friday Amount Fl: Help Date o Obd58 Company to ru F4: Contra F5: Payment Receipt Journal Sales F9: Purchase Fl 0: 0åHVouctg•s F: Autofill Change Mode More Details o: L: Related Reports Optional post -Dated 47b3- 0937- acep afec— 0937- acep .337. 3—ecb ening 'db3e4 ing j _id" : 3...
[shot] tds-347-gw0 (1024x768)
[08:16:18] [tds] screen tds-347-gw0 : x TallyPrime MANAGE EDU K: Company Accounting»ucher Creation 58 Purchase Su*i« Imoice No. Party Alc narne: Current balance: Purchase ledger: • Current balance: Name of Item Narration: Unity Quit Y: Data Date Z: Exchange A Accept Q Search FinCom Spike Co O: Import Quantity E: Export Rate M: E-mail per p: print x 20ct-26 Friday Amount Fl: Help Date o Obd58 Company to ru F4: Contra F5: Payment Receipt Journal Sales F9: Purchase Fl 0: 0åHVouctg•s F: Autofill Change Mode More Details o: L: Related Reports Optional post -Dated 47b3- 0937- acep afec— 0937- acep .337. 3—ecb ening 'db3e4 ing j _id" : 3...
[keys] '{ESC}' -> Tally 'TallyPrime:9000'
[shot] tds-348-gw1 (1024x768)
[08:16:22] [tds] screen tds-348-gw1 : TallyPrime MANAGE EDU K: Company Accounting»ucher Creation 58 Purchase Su*i« Imoice No. Party Alc narne: Current balance: Purchase ledger: • Current balance: Name of Item Narration: Unity Q: Quit Y: Data Date Z: Exchange A: Accept Q Search FinCom Spike Co O: Import Quantity E: Export Rate M: E-mail per p: print x 20ct-26 Friday Amount Quit o Yes or No D: Delete X: Cancel Vch x Fl: Help F2: Date F3: Company F4: Contra F5: Payment F6: Receipt F7: Journal F8: Sales F9: Purchase F: Autofill H: Change Mode l: More Details O: Related Reports k: Optional T: post -Dated Fl 2: Configure o Obd58 to ru 4...
[keys] 'y' -> Tally 'TallyPrime:9000'
[shot] tds-349-gw2 (1024x768)
[08:16:25] [tds] screen tds-349-gw2 : TallyPrime MANAGE EDU K: Company Gatewa of Tall CURRENT PERIOD I-Apr-26 to 31-Mar-27 NAME OF COMPANY FinCom Spike Co Y: Data Z: Exchange O: Import E: Export M: E-mail p: pnnt x Fl: Help Date Company o Obd58 to ru 47b3- 0937- acep afec— 0937- acep .337. 3—ecb ening 'db3e4 ing j _id" : 3-011' ' , "orc fec—c Mode Q CURRENT OATE Friday, 2-Oct-2026 2-Oct-26 Search Gateway of Tally MASTERS Create Alter CHart of Accounts TRANSACTIONS Vouchers Day 800K UTILITIES BaNking REPORTS Balance Sheet Profit & Loss A/c Stock Summary Ratio Analysis Display More Reports Quit Unity Windows Server 2025 Datacenter B...
  voucher mid=1 aid=1 Journal/1/20260401 guid=54bedff5-92fe-437d-85c8-74d1712959f4-00000001 cancelled=False
  voucher mid=2 aid=2 Journal/2/20261001 guid=54bedff5-92fe-437d-85c8-74d1712959f4-00000002 cancelled=False
  voucher mid=3 aid=3 Journal/3/20261001 guid=54bedff5-92fe-437d-85c8-74d1712959f4-00000003 cancelled=False
  voucher mid=4 aid=4 Journal/4/20261001 guid=54bedff5-92fe-437d-85c8-74d1712959f4-00000004 cancelled=False
  voucher mid=5 aid=5 Journal/5/20261001 guid=54bedff5-92fe-437d-85c8-74d1712959f4-00000005 cancelled=False
  voucher mid=6 aid=6 Payroll/1/20261001 guid=54bedff5-92fe-437d-85c8-74d1712959f4-00000006 cancelled=False
  voucher mid=7 aid=7 Sales/1/20261002 guid=54bedff5-92fe-437d-85c8-74d1712959f4-00000007 cancelled=False
  voucher mid=8 aid=8 Receipt/1/20261002 guid=54bedff5-92fe-437d-85c8-74d1712959f4-00000008 cancelled=False
  voucher mid=9 aid=9 Receipt/2/20261002 guid=54bedff5-92fe-437d-85c8-74d1712959f4-00000009 cancelled=False
  voucher mid=10 aid=10 Payment/1/20261002 guid=54bedff5-92fe-437d-85c8-74d1712959f4-0000000a cancelled=False
  voucher mid=11 aid=11 Payment/2/20261002 guid=54bedff5-92fe-437d-85c8-74d1712959f4-0000000b cancelled=False
  voucher mid=12 aid=12 Contra/1/20261002 guid=54bedff5-92fe-437d-85c8-74d1712959f4-0000000c cancelled=False
  voucher mid=13 aid=13 Journal/6/20261002 guid=54bedff5-92fe-437d-85c8-74d1712959f4-0000000d cancelled=False
  voucher mid=14 aid=14 Journal/7/20261002 guid=54bedff5-92fe-437d-85c8-74d1712959f4-0000000e cancelled=False
  voucher mid=15 aid=15 Sales/2/20261002 guid=54bedff5-92fe-437d-85c8-74d1712959f4-0000000f cancelled=False
  voucher mid=16 aid=16 Sales/3/20261002 guid=54bedff5-92fe-437d-85c8-74d1712959f4-00000010 cancelled=False
  voucher mid=17 aid=17 Sales/4/20261002 guid=54bedff5-92fe-437d-85c8-74d1712959f4-00000011 cancelled=False
  voucher mid=18 aid=18 Purchase/1/20261002 guid=54bedff5-92fe-437d-85c8-74d1712959f4-00000012 cancelled=False
  voucher mid=19 aid=19 Purchase/2/20261002 guid=54bedff5-92fe-437d-85c8-74d1712959f4-00000013 cancelled=False
  INFO share purchase-new2 (purchase item invoice, a second one (Tally allocates its bill at the save)): Tally Purchase 2 mid 19; stored party 'Share Supplier' bills [New Ref,New Ref]; the line party 'Share Supplier' bills []; lines voucher_accept_post x1, voucher_full x1
######## ANSWERED hang3 step 13 purchase-new2: after purchase-new2: 2.3.4 object answered (13 ms, the entry in it); 2.3.3 by master answered (33 ms, the entry in it); Tally answers after: True; started again: ; 2.3.3 after the restart: 
[08:16:29] ---- share sales-agst: sales in As Voucher mode, the party Dr with an Agst Ref bill (the advance ADVS-1)
  voucher mid=1 aid=1 Journal/1/20260401 guid=54bedff5-92fe-437d-85c8-74d1712959f4-00000001 cancelled=False
  voucher mid=2 aid=2 Journal/2/20261001 guid=54bedff5-92fe-437d-85c8-74d1712959f4-00000002 cancelled=False
  voucher mid=3 aid=3 Journal/3/20261001 guid=54bedff5-92fe-437d-85c8-74d1712959f4-00000003 cancelled=False
  voucher mid=4 aid=4 Journal/4/20261001 guid=54bedff5-92fe-437d-85c8-74d1712959f4-00000004 cancelled=False
  voucher mid=5 aid=5 Journal/5/20261001 guid=54bedff5-92fe-437d-85c8-74d1712959f4-00000005 cancelled=False
  voucher mid=6 aid=6 Payroll/1/20261001 guid=54bedff5-92fe-437d-85c8-74d1712959f4-00000006 cancelled=False
  voucher mid=7 aid=7 Sales/1/20261002 guid=54bedff5-92fe-437d-85c8-74d1712959f4-00000007 cancelled=False
  voucher mid=8 aid=8 Receipt/1/20261002 guid=54bedff5-92fe-437d-85c8-74d1712959f4-00000008 cancelled=False
  voucher mid=9 aid=9 Receipt/2/20261002 guid=54bedff5-92fe-437d-85c8-74d1712959f4-00000009 cancelled=False
  voucher mid=10 aid=10 Payment/1/20261002 guid=54bedff5-92fe-437d-85c8-74d1712959f4-0000000a cancelled=False
  voucher mid=11 aid=11 Payment/2/20261002 guid=54bedff5-92fe-437d-85c8-74d1712959f4-0000000b cancelled=False
  voucher mid=12 aid=12 Contra/1/20261002 guid=54bedff5-92fe-437d-85c8-74d1712959f4-0000000c cancelled=False
  voucher mid=13 aid=13 Journal/6/20261002 guid=54bedff5-92fe-437d-85c8-74d1712959f4-0000000d cancelled=False
  voucher mid=14 aid=14 Journal/7/20261002 guid=54bedff5-92fe-437d-85c8-74d1712959f4-0000000e cancelled=False
  voucher mid=15 aid=15 Sales/2/20261002 guid=54bedff5-92fe-437d-85c8-74d1712959f4-0000000f cancelled=False
  voucher mid=16 aid=16 Sales/3/20261002 guid=54bedff5-92fe-437d-85c8-74d1712959f4-00000010 cancelled=False
  voucher mid=17 aid=17 Sales/4/20261002 guid=54bedff5-92fe-437d-85c8-74d1712959f4-00000011 cancelled=False
  voucher mid=18 aid=18 Purchase/1/20261002 guid=54bedff5-92fe-437d-85c8-74d1712959f4-00000012 cancelled=False
  voucher mid=19 aid=19 Purchase/2/20261002 guid=54bedff5-92fe-437d-85c8-74d1712959f4-00000013 cancelled=False
[shot] tds-350-gw0 (1024x768)
[08:16:30] [tds] screen tds-350-gw0 : TallyPrime MANAGE EDU K: Company Gatewa of Tall CURRENT PERIOD I-Apr-26 to 31-Mar-27 NAME OF COMPANY FinCom Spike Co Y: Data Z: Exchange O: Import E: Export M: E-mail p: pnnt x Fl: Help Date Company o Obd58 to ru 47b3- 0937- acep afec— 0937- acep .337. 3—ecb ening 'db3e4 ing j _id" : 3-011' ' , "orc fec—c Mode Q CURRENT OATE Friday, 2-Oct-2026 2-Oct-26 Search Gateway of Tally MASTERS Create Alter CHart of Accounts TRANSACTIONS Vouchers Day 800K UTILITIES BaNking REPORTS Balance Sheet Profit & Loss A/c Stock Summary Ratio Analysis Display More Reports Quit Unity Windows Server 2025 Datacenter B...
[shot] tds-351-S3-start (1024x768)
[08:16:31] [tds] screen tds-351-S3-start : TallyPrime MANAGE EDU K: Company Gatewa of Tall CURRENT PERIOD I-Apr-26 to 31-Mar-27 NAME OF COMPANY FinCom Spike Co Y: Data Z: Exchange O: Import E: Export M: E-mail p: pnnt x Fl: Help Date Company o Obd58 to ru 47b3- 0937- acep afec— 0937- acep .337. 3—ecb ening 'db3e4 ing j _id" : 3-011' ' , "orc fec—c Mode Q CURRENT OATE Friday, 2-Oct-2026 2-Oct-26 Search Gateway of Tally MASTERS Create Alter CHart of Accounts TRANSACTIONS Vouchers Day 800K UTILITIES BaNking REPORTS Balance Sheet Profit & Loss A/c Stock Summary Ratio Analysis Display More Reports Quit Unity Windows Server 2025 Datacenter B...
[keys] 'v' -> Tally 'TallyPrime:9000'
[shot] tds-352-S3-vouchers (1024x768)
[08:16:35] [tds] screen tds-352-S3-vouchers : x TallyPrime MANAGE EDU K: Company Accounting»ucher Creation 58 Purchase Su*i« Imoice No. Party Alc narne: Current balance: Purchase ledger: • Current balance: Name of Item Narration: Unity Quit Y: Data Date Z: Exchange A Accept Q Search FinCom Spike Co O: Import Quantity E: Export Rate M: E-mail per p: print x 20ct-26 Friday Amount Fl: Help Date o Obd58 Company to ru F4: Contra F5: Payment Receipt Journal Sales F9: Purchase Fl 0: 0åHVouctg•s F: Autofill Change Mode More Details o: L: Related Reports Optional post -Dated 47b3- 0937- acep afec— 0937- acep .337. 3—ecb ening 'db3e4 ing j _id" : 3...
[keys] '{F8}' -> Tally 'TallyPrime:9000'
[shot] tds-353-S3-type (1024x768)
[08:16:39] [tds] screen tds-353-S3-type : x TallyPrime MANAGE EDU K: Company Accounting Voucher Creation 58 Sales Party Alc narne. Current balance: Sales ledger: • Current balance: Name of Item Narration: Unity Quit Y: Data Z: Exchange A Accept Q Search FinCom • ke Co O: Import E: Export List of Led er Accounts Cash Share Bank Share Party Share Supplier Spike Party Spike Party 2 Ul Party M: E-mail p: pnnt x Create Fl: Help Date o Obd58 Company to ru F4: Contra F5: Payment Receipt Journal F8: Sales Purchase Fl 0: 0åHVouctg•s F: Autofill Change Mode More Details o: L: Related Reports Optional post -Dated 47b3- 0937- acep afec— 0937- ace...
[keys] '^h' -> Tally 'TallyPrime:9000'
[shot] tds-354-S3-type (1024x768)
[08:16:43] [tds] screen tds-354-S3-type : TallyPrime MANAGE EDU K: Company Change Mode Unity Quit Y: Data Z: Exchange O: Import E: Export M: E-mail p: pnnt x Fl: Help FinCom • ke Co Change Voucher Mode Item Invoice List of Modes/Usa es Item Invoice Accounting Invoice As Voucher A Accept Q Search o Obd58 to ru 47b3- 0937- acep afec— 0937- acep .337. 3—ecb ening 'db3e4 ing j _id" : 3-011' ' , "orc fec—c Mode Windows Server 2025 Datacenter Build 26100.ge_release240331-1435 8:16 AM 10/8/2026
[keys] 'As Voucher{ENTER}' -> Tally 'TallyPrime:9000'
[shot] tds-355-S3-type (1024x768)
[08:16:47] [tds] screen tds-355-S3-type : x Y: Data 58 Unity TallyPrime MANAGE EDU K: Company Accounting Voucher Creation Sales Particulars Narration: Quit Z: Exchange A Accept Q Search FinCom • ke Co O: Import E: Export List of Led er Accounts Cash Share Bank Share Party Share Supplier Spike Party Spike Party 2 Ul Party M: E-mail p: pnnt x Create Fl: Help Date o Obd58 Company to ru F4: Contra F5: Payment Receipt Journal F8: Sales Purchase Fl 0: 0åHVouctg•s F: Autofill Change Mode More Details o: L: Related Reports Optional post -Dated 47b3- 0937- acep afec— 0937- acep .337. 3—ecb ening 'db3e4 ing j _id" : 3-011' ' , "orc fec—c D: Del...
[keys] '{F2}' -> Tally 'TallyPrime:9000'
[shot] tds-356-S3-date-box (1024x768)
[08:16:50] [tds] screen tds-356-S3-date-box : TallyPrime MANAGE EDU K: Company Change Voucher Date Unity Quit Y: Data Z: Exchange A Accept Q Search O: Import E: Export M: E-mail p: pnnt x Fl: Help FinCom Spike Co Voucher Date 3-10-2026 o Obd58 to ru 47b3- 0937- acep afec— 0937- acep .337. 3—ecb ening 'db3e4 ing j _id" : 3-011' ' , "orc fec—c Mode Windows Server 2025 Datacenter Build 26100.ge_release240331-1435 8:16 AM 10/8/2026
[keys] '2-10-2026{ENTER}' -> Tally 'TallyPrime:9000'
[shot] tds-357-S3-date (1024x768)
[08:16:54] [tds] screen tds-357-S3-date : x Y: Data 58 Unity TallyPrime MANAGE EDU K: Company Accounting Voucher Creation Sales Particulars Narration: Quit Z: Exchange A Accept Q Search FinCom • ke Co O: Import E: Export List of Led er Accounts Cash Share Bank Share Party Share Supplier Spike Party Spike Party 2 Ul Party M: E-mail p: pnnt x Create Fl: Help Date o Obd58 Company to ru F4: Contra F5: Payment Receipt Journal F8: Sales Purchase Fl 0: 0åHVouctg•s F: Autofill Change Mode More Details o: L: Related Reports Optional post -Dated 47b3- 0937- acep afec— 0937- acep .337. 3—ecb ening 'db3e4 ing j _id" : 3-011' ' , "orc fec—c D: Del...
[keys] 'Share Party{ENTER}' -> Tally 'TallyPrime:9000'
[shot] tds-358-S3-row1 (1024x768)
[08:16:58] [tds] screen tds-358-S3-row1 : TallyPrime MANAGE EDU K: Company Details Y: Data Z: Exchange A Accept Q Search O: Import E: Export M: E-mail p: pnnt x Fl: Help FinCom Spike Co Dispatch Details Dispatch Doc No. Dispatched through Destination Carrier Name/Agent Bill of No. Motor Vehicle No. Delivery Note No(s) Unity Quit Date: o Obd58 to ru 47b3- 0937- acep afec— 0937- acep .337. 3—ecb ening 'db3e4 ing j _id" : 3-011' ' , "orc fec—c Mode Windows Server 2025 Datacenter Build 26100.ge_release240331-1435 8:16 AM 10/8/2026
[shot] tds-359-S3-row1-a-sub1 (1024x768)
[08:16:59] [tds] screen tds-359-S3-row1-a-sub1 : TallyPrime MANAGE EDU K: Company Details Y: Data Z: Exchange A Accept Q Search O: Import E: Export M: E-mail p: pnnt x Fl: Help FinCom Spike Co Dispatch Details Dispatch Doc No. Dispatched through Destination Carrier Name/Agent Bill of No. Motor Vehicle No. Delivery Note No(s) Unity Quit Date: o Obd58 to ru 47b3- 0937- acep afec— 0937- acep .337. 3—ecb ening 'db3e4 ing j _id" : 3-011' ' , "orc fec—c Mode Windows Server 2025 Datacenter Build 26100.ge_release240331-1435 8:16 AM 10/8/2026
[keys] '^a' -> Tally 'TallyPrime:9000'
[shot] tds-360-S3-row1-a-sub-accept (1024x768)
[08:17:03] [tds] screen tds-360-S3-row1-a-sub-accept : x R CEDU Details TallyPrime MANAGE K: Company Y: Data Z: Exchange FinCom Spike Co Party Details Share Pa List of Led er Accounts Share Party Share Supplier Spike Party Spike Party 2 Ul Party O: Import Create New Party E: Export M: E-mail p: pnnt Fl: Help x o Obd58 to ru 47b3- 0937- acep afec— 0937- acep .337. 3—ecb ening 'db3e4 ing j _id" : 3-011' ' , "orc fec—c Unity Quit Buyer (Bill to) Mailing Name Address State Country GST Registration type GSTIN/UIN Place of Supply Accept Q Search Configure Mode Windows Server 2025 Datacenter Build 26100.ge_release240331-1435 8:17 AM 10/8/2026
[shot] tds-361-S3-row1-a-sub2 (1024x768)
[08:17:04] [tds] screen tds-361-S3-row1-a-sub2 : x R CEDU Details TallyPrime MANAGE K: Company Y: Data Z: Exchange FinCom Spike Co Party Details Share Pa List of Led er Accounts Share Party Share Supplier Spike Party Spike Party 2 Ul Party O: Import Create New Party E: Export M: E-mail p: pnnt Fl: Help x o Obd58 to ru 47b3- 0937- acep afec— 0937- acep .337. 3—ecb ening 'db3e4 ing j _id" : 3-011' ' , "orc fec—c Unity Quit Buyer (Bill to) Mailing Name Address State Country GST Registration type GSTIN/UIN Place of Supply Accept Q Search Configure Mode Windows Server 2025 Datacenter Build 26100.ge_release240331-1435 8:17 AM 10/8/2026
[keys] '^a' -> Tally 'TallyPrime:9000'
[shot] tds-362-S3-row1-a-sub-accept (1024x768)
[08:17:07] [tds] screen tds-362-S3-row1-a-sub-accept : x TallyPrime MANAGE EDU K: Company Accounting Voucher Creation Y: Data 58 Unity Z: Exchange A Accept Q Search O: Import E: Export FinCom • ke Co M: E-mail Debit p: print 2-Oct-26 Friday Credit Fl: Help Date o Obd58 By Sales Particulars Share Party CurBal: 4,350.00 Dr Company to ru F4: Contra F5: Payment Receipt Journal F8: Sales Purchase Fl 0: 0åHVouctg•s F: Autofill Change Mode More Details o: L: Related Reports Optional post -Dated 47b3- 0937- acep afec— 0937- acep .337. 3—ecb ening 'db3e4 ing j _id" : 3-011' ' , "orc fec—c Narration: Quit D: Delete x: Cancel Vch F12: Configure Mode Windows ...
[shot] tds-363-S3-row1-a-sub3 (1024x768)
[08:17:08] [tds] screen tds-363-S3-row1-a-sub3 : x TallyPrime MANAGE EDU K: Company Accounting Voucher Creation Y: Data 58 Unity Z: Exchange A Accept Q Search O: Import E: Export FinCom • ke Co M: E-mail Debit p: print 2-Oct-26 Friday Credit Fl: Help Date o Obd58 By Sales Particulars Share Party CurBal: 4,350.00 Dr Company to ru F4: Contra F5: Payment Receipt Journal F8: Sales Purchase Fl 0: 0åHVouctg•s F: Autofill Change Mode More Details o: L: Related Reports Optional post -Dated 47b3- 0937- acep afec— 0937- acep .337. 3—ecb ening 'db3e4 ing j _id" : 3-011' ' , "orc fec—c Narration: Quit D: Delete x: Cancel Vch F12: Configure Mode Windows ...
[keys] '300{ENTER}' -> Tally 'TallyPrime:9000'
[shot] tds-364-S3-row1-amt (1024x768)
[08:17:12] [tds] screen tds-364-S3-row1-amt : x TallyPrime MANAGE EDU K: Company Bill-wise Details Quit Y: Data Type of Ref Jew Ref Z: Exchange FinCom Spike Co Bill-wise Details for : Share Party Up to: 300.00 Dr O: Import Amount E: Export M: E-mail p: pnnt Fl: Help x Name Method of Ad Advance Agst Ref New Ref On Account Accept Q Search Due Date, or Credit Days 20ct-26) 300.00 Dr 300.00 Dr Unity o Obd58 to ru 47b3- 0937- acep afec— 0937- acep .337. 3—ecb ening 'db3e4 ing j _id" : 3-011' ' , "orc fec—c Mode Windows Server 2025 Datacenter Build 26100.ge_release240331-1435 8:17 AM 10/8/2026
[shot] tds-365-S3-row1-bills1 (1024x768)
[08:17:13] [tds] screen tds-365-S3-row1-bills1 : x TallyPrime MANAGE EDU K: Company Bill-wise Details Quit Y: Data Type of Ref Jew Ref Z: Exchange FinCom Spike Co Bill-wise Details for : Share Party Up to: 300.00 Dr O: Import Amount E: Export M: E-mail p: pnnt Fl: Help x Name Method of Ad Advance Agst Ref New Ref On Account Accept Q Search Due Date, or Credit Days 20ct-26) 300.00 Dr 300.00 Dr Unity o Obd58 to ru 47b3- 0937- acep afec— 0937- acep .337. 3—ecb ening 'db3e4 ing j _id" : 3-011' ' , "orc fec—c Mode Windows Server 2025 Datacenter Build 26100.ge_release240331-1435 8:17 AM 10/8/2026
[keys] 'Agst Ref{ENTER}' -> Tally 'TallyPrime:9000'
[shot] tds-366-S3-row1-reftype (1024x768)
[08:17:16] [tds] screen tds-366-S3-row1-reftype : x TallyPrime MANAGE EDU K: Company Bill-wise Details Quit Y: Data Type of Ref Agst Ref Z: Exchange O: Import E: Export M: E-mail p: pnnt Fl: Help x FinCom Spike Co Bill-wise Details for : Share Party Up to: 300.00 Dr Name Due Date, or Pendin Bills Name 2 4 5 ADVS-I Sd-I SH-EI Amount Date 2-Oct-26 2-Oct-26 I-Oct-26 I-Oct-26 2-Oct-26 300.00 Dr Balance 400.00 Dr 300. OO Dr 1,000.00 cr 4,500.00 Dr 150.00 Dr Final Balance 400.00 Dr 300. OO Dr 1,000.00 cr 4,500.00 Dr 150.00 Dr Unity o Obd58 to ru 47b3- 0937- acep afec— 0937- acep .337. 3—ecb ening 'db3e4 ing j _id" : 3-011' ' , "orc fec—c Mode Accep...
[keys] 'ADVS-1{ENTER}' -> Tally 'TallyPrime:9000'
[shot] tds-367-S3-row1-refname (1024x768)
[08:17:20] [tds] screen tds-367-S3-row1-refname : x TallyPrime MANAGE EDU K: Company Bill-wise Details Quit Y: Data Type of Ref Agst Ref Z: Exchange FinCom Spike Co Bill-wise Details for : Share Party Up to: 300.00 Dr O: Import E: Export Amount Goo.oo Dr 300.00 Dr M: E-mail p: pnnt Fl: Help x Name ADVS-I Accept Q Search Due Date, or Credit Days (wef 20ct-26) Unity o Obd58 to ru 47b3- 0937- acep afec— 0937- acep .337. 3—ecb ening 'db3e4 ing j _id" : 3-011' ' , "orc fec—c Mode Windows Server 2025 Datacenter Build 26100.ge_release240331-1435 8:17 AM 10/8/2026
[keys] '{ENTER}' -> Tally 'TallyPrime:9000'
[shot] tds-368-S3-row1-refamount (1024x768)
[08:17:24] [tds] screen tds-368-S3-row1-refamount : x TallyPrime MANAGE EDU K: Company Bill-wise Details Quit Y: Data Type of Ref Agst Ref Z: Exchange FinCom Spike Co Bill-wise Details for : Share Party Up to: 300.00 Dr O: Import E: Export Amount 300.00 300.00 Dr M: E-mail p: pnnt Fl: Help x Name ADVS-I Accept Q Search Due Date, or Credit Days (wef 20ct-26) Unity o Obd58 to ru 47b3- 0937- acep afec— 0937- acep .337. 3—ecb ening 'db3e4 ing j _id" : 3-011' ' , "orc fec—c Mode Windows Server 2025 Datacenter Build 26100.ge_release240331-1435 8:17 AM 10/8/2026
[shot] tds-369-S3-row1-bills2 (1024x768)
[08:17:25] [tds] screen tds-369-S3-row1-bills2 : x TallyPrime MANAGE EDU K: Company Bill-wise Details Quit Y: Data Type of Ref Agst Ref Z: Exchange FinCom Spike Co Bill-wise Details for : Share Party Up to: 300.00 Dr O: Import E: Export Amount 300.00 300.00 Dr M: E-mail p: pnnt Fl: Help x Name ADVS-I Accept Q Search Due Date, or Credit Days (wef 20ct-26) Unity o Obd58 to ru 47b3- 0937- acep afec— 0937- acep .337. 3—ecb ening 'db3e4 ing j _id" : 3-011' ' , "orc fec—c Mode Windows Server 2025 Datacenter Build 26100.ge_release240331-1435 8:17 AM 10/8/2026
[keys] '^a' -> Tally 'TallyPrime:9000'
[shot] tds-370-S3-row1-bills-accept (1024x768)
[08:17:29] [tds] screen tds-370-S3-row1-bills-accept : x TallyPrime MANAGE EDU K: Company Accounting Voucher Creation Y: Data 58 Z: Exchange 300.00 Dr A Accept Q Search FinCom • ke Co O: Import E: Export List of Led er Accounts Share Sales M: E-mail p: pnnt x Create Show More Fl: Help Date o Obd58 By TO Sales Particulars Share Party CurBal: 4,650.00 Dr Agst Ref ADVS-I Share Sales CurBal: 1,150.00 Cr Company to ru F4: Contra F5: Payment Receipt Journal F8: Sales Purchase Fl 0: 0åHVouctg•s F: Autofill Change Mode More Details o: L: Related Reports Optional post -Dated 47b3- 0937- acep afec— 0937- acep .337. 3—ecb ening 'db3e4 ing j _id" : 3-011' ' ,...
[shot] tds-371-S3-row1-bills3 (1024x768)
[08:17:29] [tds] screen tds-371-S3-row1-bills3 : x TallyPrime MANAGE EDU K: Company Accounting Voucher Creation Y: Data 58 Z: Exchange 300.00 Dr A Accept Q Search FinCom • ke Co O: Import E: Export List of Led er Accounts Share Sales M: E-mail p: pnnt x Create Show More Fl: Help Date o Obd58 By TO Sales Particulars Share Party CurBal: 4,650.00 Dr Agst Ref ADVS-I Share Sales CurBal: 1,150.00 Cr Company to ru F4: Contra F5: Payment Receipt Journal F8: Sales Purchase Fl 0: 0åHVouctg•s F: Autofill Change Mode More Details o: L: Related Reports Optional post -Dated 47b3- 0937- acep afec— 0937- acep .337. 3—ecb ening 'db3e4 ing j _id" : 3-011' ' ,...
[shot] tds-372-S3-row1-b-sub1 (1024x768)
[08:17:30] [tds] screen tds-372-S3-row1-b-sub1 : x TallyPrime MANAGE EDU K: Company Accounting Voucher Creation Y: Data 58 Z: Exchange 300.00 Dr A Accept Q Search FinCom • ke Co O: Import E: Export List of Led er Accounts Share Sales M: E-mail p: pnnt x Create Show More Fl: Help Date o Obd58 By To Sales Particulars Share Party CurBal: 4,650.00 Dr Agst Ref ADVS-I Share Sales CurBal: 1,150.00 Cr Company to ru F4: Contra F5: Payment Receipt Journal F8: Sales Purchase Fl 0: 0åHVouctg•s F: Autofill Change Mode More Details o: L: Related Reports Optional post -Dated 47b3- 0937- acep afec— 0937- acep .337. 3—ecb ening 'db3e4 ing j _id" : 3-011' ' ,...
[keys] 'To{ENTER}' -> Tally 'TallyPrime:9000'
[shot] tds-373-S3-row2-to (1024x768)
[08:17:33] [tds] screen tds-373-S3-row2-to : x TallyPrime MANAGE EDU K: Company Accounting Voucher Creation Y: Data Z: Exchange 300.00 Dr A Accept Q Search FinCom • ke Co O: Import E: Export List of Led er Accounts M: E-mail p: pnnt x Create Show More Fl: Help Date o Obd58 58 By Sales Particulars Share Party CurBal: 4,650.00 Dr Agst Ref ADVS-I CurBal: 1,150.00 Cr Company to ru F4: Contra F5: Payment Receipt Journal F8: Sales Purchase Fl 0: 0åHVouctg•s F: Autofill Change Mode More Details o: L: Related Reports Optional post -Dated 47b3- 0937- acep afec— 0937- acep .337. 3—ecb ening 'db3e4 ing j _id" : 3-011' ' , "orc fec—c Narration: Unit...
[keys] 'Share Sales{ENTER}' -> Tally 'TallyPrime:9000'
[shot] tds-374-S3-row2 (1024x768)
[08:17:37] [tds] screen tds-374-S3-row2 : x TallyPrime MANAGE EDU K: Company Accounting Voucher Creation Y: Data Z: Exchange 300.00 Dr A Accept Q Search FinCom • ke Co O: Import E: Export List of Led er Accounts M: E-mail p: pnnt x Create Show More Fl: Help Date o Obd58 58 By Sales Particulars Share Party CurBal: 4,650.00 Dr Agst Ref ADVS-I CurBal: 1,150.00 Cr Company to ru F4: Contra F5: Payment Receipt Journal F8: Sales Purchase Fl 0: 0åHVouctg•s F: Autofill Change Mode More Details o: L: Related Reports Optional post -Dated 47b3- 0937- acep afec— 0937- acep .337. 3—ecb ening 'db3e4 ing j _id" : 3-011' ' , "orc fec—c Narration: Unit...
[shot] tds-375-S3-row2-a-sub1 (1024x768)
[08:17:38] [tds] screen tds-375-S3-row2-a-sub1 : x TallyPrime MANAGE EDU K: Company Accounting Voucher Creation Y: Data Z: Exchange 300.00 Dr A Accept Q Search FinCom • ke Co O: Import E: Export List of Led er Accounts M: E-mail p: pnnt x Create Show More Fl: Help Date o Obd58 58 By Sales Particulars Share Party CurBal: 4,650.00 Dr Agst Ref ADVS-I CurBal: 1,150.00 Cr Company to ru F4: Contra F5: Payment Receipt Journal F8: Sales Purchase Fl 0: 0åHVouctg•s F: Autofill Change Mode More Details o: L: Related Reports Optional post -Dated 47b3- 0937- acep afec— 0937- acep .337. 3—ecb ening 'db3e4 ing j _id" : 3-011' ' , "orc fec—c Narration: Unit...
[keys] '{ENTER}' -> Tally 'TallyPrime:9000'
[shot] tds-376-S3-row2-amt (1024x768)
[08:17:42] [tds] screen tds-376-S3-row2-amt : Unity TallyPrime MANAGE EDU K: Company Ledger Creation (Secondary) Name (alias) Under Quit Y: Data Z: Exchange Capital Account Accept Q Search O: Import E: Export M: E-mail p: pnnt x FinCom • ke Co Malling Details Name Address State Country Pincode Banklng Details Provide bank details Tax Registration Details pAN/IT No. Registration type GSTIN/UIN Set)Aker additional GST details: p: Delete x Fl: Help F2: period Company • Not Applicable India No Regular No FIO: Other Masters More Details B: Get HSN - ISAC Info L Get GSTIN Info Configure o Obd58 to ru 47b3- 0937- acep afec— 0937- acep .337. 3—ec...
[shot] tds-377-S3-row2-bills1 (1024x768)
[08:17:43] [tds] screen tds-377-S3-row2-bills1 : Unity TallyPrime MANAGE EDU K: Company Ledger Creation (Secondary) Name (alias) Under Quit Y: Data Z: Exchange Capital Account Accept Q Search O: Import E: Export M: E-mail p: pnnt x FinCom • ke Co Malling Details Name Address State Country Pincode Banklng Details Provide bank details Tax Registration Details pAN/IT No. Registration type GSTIN/UIN Set)Aker additional GST details: p: Delete x Fl: Help F2: period Company • Not Applicable India No Regular No FIO: Other Masters More Details B: Get HSN - ISAC Info L Get GSTIN Info Configure o Obd58 to ru 47b3- 0937- acep afec— 0937- acep .337. 3—ec...
[shot] tds-378-S3-row2-b-sub1 (1024x768)
[08:17:44] [tds] screen tds-378-S3-row2-b-sub1 : Unity TallyPrime MANAGE EDU K: Company Ledger Creation (Secondary) Name (alias) Under Quit Y: Data Z: Exchange Capital Account Accept Q Search O: Import E: Export M: E-mail p: pnnt x FinCom • ke Co Malling Details Name Address State Country Pincode Banklng Details Provide bank details Tax Registration Details pAN/IT No. Registration type GSTIN/UIN Set)Aker additional GST details: p: Delete x Fl: Help F2: period Company • Not Applicable India No Regular No FIO: Other Masters More Details B: Get HSN - ISAC Info L Get GSTIN Info Configure o Obd58 to ru 47b3- 0937- acep afec— 0937- acep .337. 3—ec...
[keys] '^a' -> Tally 'TallyPrime:9000'
[shot] tds-379-S3-row2-b-sub-accept (1024x768)
[08:17:47] [tds] screen tds-379-S3-row2-b-sub-accept : Unity TallyPrime MANAGE EDU K: Company Ledger Creation (Secondary) Name (alias) Under Quit Y: Data Z: Exchange Capital Account Accept Q Search O: Import E: Export M: E-mail p: pnnt x FinCom • ke Co Malling Details Name Address State Country Pincode Banklng Details Provide bank details Tax Registration Details pAN/IT No. Registration type GSTIN/UIN Set)Aker additional GST details: p: Delete x Fl: Help F2: period Company • Not Applicable India No Regular No FIO: Other Masters More Details B: Get HSN - ISAC Info L Get GSTIN Info Configure o Obd58 to ru 47b3- 0937- acep afec— 0937- acep .337. 3—ec...
[shot] tds-380-S3-row2-b-sub2 (1024x768)
[08:17:48] [tds] screen tds-380-S3-row2-b-sub2 : Unity TallyPrime MANAGE EDU K: Company Ledger Creation (Secondary) Name (alias) Under Quit Y: Data Z: Exchange Capital Account Accept Q Search O: Import E: Export M: E-mail p: pnnt x FinCom • ke Co Malling Details Name Address State Country Pincode Banklng Details Provide bank details Tax Registration Details pAN/IT No. Registration type GSTIN/UIN Set)Aker additional GST details: p: Delete x Fl: Help F2: period Company • Not Applicable India No Regular No FIO: Other Masters More Details B: Get HSN - ISAC Info L Get GSTIN Info Configure o Obd58 to ru 47b3- 0937- acep afec— 0937- acep .337. 3—ec...
[keys] '^a' -> Tally 'TallyPrime:9000'
[shot] tds-381-S3-row2-b-sub-accept (1024x768)
[08:17:52] [tds] screen tds-381-S3-row2-b-sub-accept : Unity TallyPrime MANAGE EDU K: Company Ledger Creation (Secondary) Name (alias) Under Quit Y: Data Z: Exchange Capital Account Accept Q Search O: Import E: Export M: E-mail p: pnnt x FinCom • ke Co Malling Details Name Address State Country Pincode Banklng Details Provide bank details Tax Registration Details pAN/IT No. Registration type GSTIN/UIN Set)Aker additional GST details: p: Delete x Fl: Help F2: period Company • Not Applicable India No Regular No FIO: Other Masters More Details B: Get HSN - ISAC Info L Get GSTIN Info Configure o Obd58 to ru 47b3- 0937- acep afec— 0937- acep .337. 3—ec...
[shot] tds-382-S3-row2-b-sub3 (1024x768)
[08:17:53] [tds] screen tds-382-S3-row2-b-sub3 : Unity TallyPrime MANAGE EDU K: Company Ledger Creation (Secondary) Name (alias) Under Quit Y: Data Z: Exchange Capital Account Accept Q Search O: Import E: Export M: E-mail p: pnnt x FinCom • ke Co Malling Details Name Address State Country Pincode Banklng Details Provide bank details Tax Registration Details pAN/IT No. Registration type GSTIN/UIN Set)Aker additional GST details: p: Delete x Fl: Help F2: period Company • Not Applicable India No Regular No FIO: Other Masters More Details B: Get HSN - ISAC Info L Get GSTIN Info Configure o Obd58 to ru 47b3- 0937- acep afec— 0937- acep .337. 3—ec...
[keys] '^a' -> Tally 'TallyPrime:9000'
[shot] tds-383-S3-row2-b-sub-accept (1024x768)
[08:17:56] [tds] screen tds-383-S3-row2-b-sub-accept : Unity TallyPrime MANAGE EDU K: Company Ledger Creation (Secondary) Name (alias) Under Quit Y: Data Z: Exchange Capital Account Accept Q Search O: Import E: Export M: E-mail p: pnnt x FinCom • ke Co Malling Details Name Address State Country Pincode Banklng Details Provide bank details Tax Registration Details pAN/IT No. Registration type GSTIN/UIN Set)Aker additional GST details: p: Delete x Fl: Help F2: period Company • Not Applicable India No Regular No FIO: Other Masters More Details B: Get HSN - ISAC Info L Get GSTIN Info Configure o Obd58 to ru 47b3- 0937- acep afec— 0937- acep .337. 3—ec...
[shot] tds-384-S3-row2-b-sub4 (1024x768)
[08:17:57] [tds] screen tds-384-S3-row2-b-sub4 : Unity TallyPrime MANAGE EDU K: Company Ledger Creation (Secondary) Name (alias) Under Quit Y: Data Z: Exchange Capital Account Accept Q Search O: Import E: Export M: E-mail p: pnnt x FinCom • ke Co Malling Details Name Address State Country Pincode Banklng Details Provide bank details Tax Registration Details pAN/IT No. Registration type GSTIN/UIN Set)Aker additional GST details: p: Delete x Fl: Help F2: period Company • Not Applicable India No Regular No FIO: Other Masters More Details B: Get HSN - ISAC Info L Get GSTIN Info Configure o Obd58 to ru 47b3- 0937- acep afec— 0937- acep .337. 3—ec...
[keys] '^a' -> Tally 'TallyPrime:9000'
[shot] tds-385-S3-row2-b-sub-accept (1024x768)
[08:18:01] [tds] screen tds-385-S3-row2-b-sub-accept : Unity TallyPrime MANAGE EDU K: Company Ledger Creation (Secondary) Name (alias) Under Quit Y: Data Z: Exchange Capital Account Accept Q Search O: Import E: Export M: E-mail p: pnnt x FinCom • ke Co Malling Details Name Address State Country Pincode Banklng Details Provide bank details Tax Registration Details pAN/IT No. Registration type GSTIN/UIN Set)Aker additional GST details: p: Delete x Fl: Help F2: period Company • Not Applicable India No Regular No FIO: Other Masters More Details B: Get HSN - ISAC Info L Get GSTIN Info Configure o Obd58 to ru 47b3- 0937- acep afec— 0937- acep .337. 3—ec...
[shot] tds-386-S3-last-row (1024x768)
[08:18:02] [tds] screen tds-386-S3-last-row : Unity TallyPrime MANAGE EDU K: Company Ledger Creation (Secondary) Name (alias) Under Quit Y: Data Z: Exchange Capital Account Accept Q Search O: Import E: Export M: E-mail p: pnnt x FinCom • ke Co Malling Details Name Address State Country Pincode Banklng Details Provide bank details Tax Registration Details pAN/IT No. Registration type GSTIN/UIN Set)Aker additional GST details: p: Delete x Fl: Help F2: period Company • Not Applicable India No Regular No FIO: Other Masters More Details B: Get HSN - ISAC Info L Get GSTIN Info Configure o Obd58 to ru 47b3- 0937- acep afec— 0937- acep .337. 3—ec...
[keys] '^a' -> Tally 'TallyPrime:9000'
[shot] tds-387-S3-accept1 (1024x768)
[08:18:06] [tds] screen tds-387-S3-accept1 : Unity TallyPrime MANAGE EDU K: Company Ledger Creation (Secondary) Name (alias) Under Quit Y: Data Z: Exchange Capital Account Accept Q Search O: Import E: Export M: E-mail p: pnnt x FinCom • ke Co Malling Details Name Address State Country Pincode Banklng Details Provide bank details Tax Registration Details pAN/IT No. Registration type GSTIN/UIN Set)Aker additional GST details: p: Delete x Fl: Help F2: period Company • Not Applicable India No Regular No FIO: Other Masters More Details B: Get HSN - ISAC Info L Get GSTIN Info Configure o Obd58 to ru 47b3- 0937- acep afec— 0937- acep .337. 3—ec...
[shot] tds-388-S3-after1 (1024x768)
[08:18:07] [tds] screen tds-388-S3-after1 : Unity TallyPrime MANAGE EDU K: Company Ledger Creation (Secondary) Name (alias) Under Quit Y: Data Z: Exchange Capital Account Accept Q Search O: Import E: Export M: E-mail p: pnnt x FinCom • ke Co Malling Details Name Address State Country Pincode Banklng Details Provide bank details Tax Registration Details pAN/IT No. Registration type GSTIN/UIN Set)Aker additional GST details: p: Delete x Fl: Help F2: period Company • Not Applicable India No Regular No FIO: Other Masters More Details B: Get HSN - ISAC Info L Get GSTIN Info Configure o Obd58 to ru 47b3- 0937- acep afec— 0937- acep .337. 3—ec...
[shot] tds-389-gw0 (1024x768)
[08:18:08] [tds] screen tds-389-gw0 : Unity TallyPrime MANAGE EDU K: Company Ledger Creation (Secondary) Name (alias) Under Quit Y: Data Z: Exchange Capital Account Accept Q Search O: Import E: Export M: E-mail p: pnnt x FinCom • ke Co Malling Details Name Address State Country Pincode Banklng Details Provide bank details Tax Registration Details pAN/IT No. Registration type GSTIN/UIN Set)Aker additional GST details: p: Delete x Fl: Help F2: period Company • Not Applicable India No Regular No FIO: Other Masters More Details B: Get HSN - ISAC Info L Get GSTIN Info Configure o Obd58 to ru 47b3- 0937- acep afec— 0937- acep .337. 3—ec...
[keys] '{ESC}' -> Tally 'TallyPrime:9000'
[shot] tds-390-gw1 (1024x768)
[08:18:12] [tds] screen tds-390-gw1 : Unity TallyPrime MANAGE EDU K: Company Ledger Creation (Secondary) Name (alias) Under Q: Quit Y: Data Z: Exchange Capital Account A: Accept Q Search O: Import E: Export M: E-mail FinCom Malling Details Name Address State Country Pincode Banklng Details Provide bank details Tax Registration Details pAN/IT No. Registration type GSTIN/UIN Set)Aker additional GST details: p: Delete p: print x Quit o x Fl: Help F2: period F3: Company • Not Applicable India No Regular No FIO : Other Masters Yes or No — l: More Details B: Get HSN ISAC Info L: Get GSTIN - [UIN Info o Obd58 to ru 47b3- 0937- acep afec—...
[keys] 'y' -> Tally 'TallyPrime:9000'
[shot] tds-391-gw2 (1024x768)
[08:18:16] [tds] screen tds-391-gw2 : x TallyPrime MANAGE EDU K: Company Accounting Voucher Creation Y: Data 58 Z: Exchange 300.00 Dr A Accept Q Search FinCom • ke Co O: Import E: Export List of Led er Accounts Share Sales M: E-mail p: pnnt x Create Show More Fl: Help Date o Obd58 By Sales Particulars Share Party CurBal: 4,650.00 Dr Agst Ref ADVS-I CurBal: 1,150.00 Cr Company to ru F4: Contra F5: Payment Receipt Journal F8: Sales Purchase Fl 0: 0åHVouctg•s F: Autofill Change Mode More Details o: L: Related Reports Optional post -Dated 47b3- 0937- acep afec— 0937- acep .337. 3—ecb ening 'db3e4 ing j _id" : 3-011' ' , "orc fec—c Nar...
[keys] '{ESC}' -> Tally 'TallyPrime:9000'
[shot] tds-392-gw3 (1024x768)
[08:18:19] [tds] screen tds-392-gw3 : TallyPrime MANAGE EDU K: Company Accounting Voucher Creation Y: Data 58 Z: Exchange 300.00 Dr A: Accept Q Search O: Import E: Export M: E-mail FinCom By Sales Particulars Share Party CurBal: 4,650.00 Dr Agst Ref ADVS-I CurBal: 1,150.00 Cr Debit 300.00 300.00 Narration: Unity Q: Quit p: print 2-Oct-26 Friday Credit 300.00 300.00 Quit o Yes or No D: Delete X: Cancel Vch x Fl: Help F2: Date F3: Company F4: Contra F5: Payment F6: Receipt F7: Journal F8: Sales F9: Purchase F: Autofill H: Change Mode l: More Details O: Related Reports k: Optional T: post -Dated Fl 2: Configure o Obd58 to ru 47b3- 09...
[keys] 'y' -> Tally 'TallyPrime:9000'
[shot] tds-393-gw4 (1024x768)
[08:18:23] [tds] screen tds-393-gw4 : TallyPrime MANAGE EDU K: Company Gatewa of Tall CURRENT PERIOD I-Apr-26 to 31-Mar-27 NAME OF COMPANY FinCom Spike Co Y: Data Z: Exchange O: Import E: Export M: E-mail p: pnnt x Fl: Help Date Company o Obd58 to ru 47b3- 0937- acep afec— 0937- acep .337. 3—ecb ening 'db3e4 ing j _id" : 3-011' ' , "orc fec—c Mode Q CURRENT OATE Friday, 2-Oct-2026 2-Oct-26 Search Gateway of Tally MASTERS Create Alter CHart of Accounts TRANSACTIONS Vouchers Day 800K UTILITIES BaNking REPORTS Balance Sheet Profit & Loss A/c Stock Summary Ratio Analysis Display More Reports Quit Unity Windows Server 2025 Datacenter B...
  voucher mid=1 aid=1 Journal/1/20260401 guid=54bedff5-92fe-437d-85c8-74d1712959f4-00000001 cancelled=False
  voucher mid=2 aid=2 Journal/2/20261001 guid=54bedff5-92fe-437d-85c8-74d1712959f4-00000002 cancelled=False
  voucher mid=3 aid=3 Journal/3/20261001 guid=54bedff5-92fe-437d-85c8-74d1712959f4-00000003 cancelled=False
  voucher mid=4 aid=4 Journal/4/20261001 guid=54bedff5-92fe-437d-85c8-74d1712959f4-00000004 cancelled=False
  voucher mid=5 aid=5 Journal/5/20261001 guid=54bedff5-92fe-437d-85c8-74d1712959f4-00000005 cancelled=False
  voucher mid=6 aid=6 Payroll/1/20261001 guid=54bedff5-92fe-437d-85c8-74d1712959f4-00000006 cancelled=False
  voucher mid=7 aid=7 Sales/1/20261002 guid=54bedff5-92fe-437d-85c8-74d1712959f4-00000007 cancelled=False
  voucher mid=8 aid=8 Receipt/1/20261002 guid=54bedff5-92fe-437d-85c8-74d1712959f4-00000008 cancelled=False
  voucher mid=9 aid=9 Receipt/2/20261002 guid=54bedff5-92fe-437d-85c8-74d1712959f4-00000009 cancelled=False
  voucher mid=10 aid=10 Payment/1/20261002 guid=54bedff5-92fe-437d-85c8-74d1712959f4-0000000a cancelled=False
  voucher mid=11 aid=11 Payment/2/20261002 guid=54bedff5-92fe-437d-85c8-74d1712959f4-0000000b cancelled=False
  voucher mid=12 aid=12 Contra/1/20261002 guid=54bedff5-92fe-437d-85c8-74d1712959f4-0000000c cancelled=False
  voucher mid=13 aid=13 Journal/6/20261002 guid=54bedff5-92fe-437d-85c8-74d1712959f4-0000000d cancelled=False
  voucher mid=14 aid=14 Journal/7/20261002 guid=54bedff5-92fe-437d-85c8-74d1712959f4-0000000e cancelled=False
  voucher mid=15 aid=15 Sales/2/20261002 guid=54bedff5-92fe-437d-85c8-74d1712959f4-0000000f cancelled=False
  voucher mid=16 aid=16 Sales/3/20261002 guid=54bedff5-92fe-437d-85c8-74d1712959f4-00000010 cancelled=False
  voucher mid=17 aid=17 Sales/4/20261002 guid=54bedff5-92fe-437d-85c8-74d1712959f4-00000011 cancelled=False
  voucher mid=18 aid=18 Purchase/1/20261002 guid=54bedff5-92fe-437d-85c8-74d1712959f4-00000012 cancelled=False
  voucher mid=19 aid=19 Purchase/2/20261002 guid=54bedff5-92fe-437d-85c8-74d1712959f4-00000013 cancelled=False
######## ANSWERED hang3 step 14 sales-agst: after sales-agst: 2.3.4 object answered (12 ms, the entry in it); 2.3.3 by master answered (31 ms, the entry in it); Tally answers after: True; started again: ; 2.3.3 after the restart: 
[08:18:26] ---- share purchase-agst: purchase in As Voucher mode, the supplier Cr with an Agst Ref bill (the advance ADVP-1)
  voucher mid=1 aid=1 Journal/1/20260401 guid=54bedff5-92fe-437d-85c8-74d1712959f4-00000001 cancelled=False
  voucher mid=2 aid=2 Journal/2/20261001 guid=54bedff5-92fe-437d-85c8-74d1712959f4-00000002 cancelled=False
  voucher mid=3 aid=3 Journal/3/20261001 guid=54bedff5-92fe-437d-85c8-74d1712959f4-00000003 cancelled=False
  voucher mid=4 aid=4 Journal/4/20261001 guid=54bedff5-92fe-437d-85c8-74d1712959f4-00000004 cancelled=False
  voucher mid=5 aid=5 Journal/5/20261001 guid=54bedff5-92fe-437d-85c8-74d1712959f4-00000005 cancelled=False
  voucher mid=6 aid=6 Payroll/1/20261001 guid=54bedff5-92fe-437d-85c8-74d1712959f4-00000006 cancelled=False
  voucher mid=7 aid=7 Sales/1/20261002 guid=54bedff5-92fe-437d-85c8-74d1712959f4-00000007 cancelled=False
  voucher mid=8 aid=8 Receipt/1/20261002 guid=54bedff5-92fe-437d-85c8-74d1712959f4-00000008 cancelled=False
  voucher mid=9 aid=9 Receipt/2/20261002 guid=54bedff5-92fe-437d-85c8-74d1712959f4-00000009 cancelled=False
  voucher mid=10 aid=10 Payment/1/20261002 guid=54bedff5-92fe-437d-85c8-74d1712959f4-0000000a cancelled=False
  voucher mid=11 aid=11 Payment/2/20261002 guid=54bedff5-92fe-437d-85c8-74d1712959f4-0000000b cancelled=False
  voucher mid=12 aid=12 Contra/1/20261002 guid=54bedff5-92fe-437d-85c8-74d1712959f4-0000000c cancelled=False
  voucher mid=13 aid=13 Journal/6/20261002 guid=54bedff5-92fe-437d-85c8-74d1712959f4-0000000d cancelled=False
  voucher mid=14 aid=14 Journal/7/20261002 guid=54bedff5-92fe-437d-85c8-74d1712959f4-0000000e cancelled=False
  voucher mid=15 aid=15 Sales/2/20261002 guid=54bedff5-92fe-437d-85c8-74d1712959f4-0000000f cancelled=False
  voucher mid=16 aid=16 Sales/3/20261002 guid=54bedff5-92fe-437d-85c8-74d1712959f4-00000010 cancelled=False
  voucher mid=17 aid=17 Sales/4/20261002 guid=54bedff5-92fe-437d-85c8-74d1712959f4-00000011 cancelled=False
  voucher mid=18 aid=18 Purchase/1/20261002 guid=54bedff5-92fe-437d-85c8-74d1712959f4-00000012 cancelled=False
  voucher mid=19 aid=19 Purchase/2/20261002 guid=54bedff5-92fe-437d-85c8-74d1712959f4-00000013 cancelled=False
[shot] tds-394-gw0 (1024x768)
[08:18:27] [tds] screen tds-394-gw0 : TallyPrime MANAGE EDU K: Company Gatewa of Tall CURRENT PERIOD I-Apr-26 to 31-Mar-27 NAME OF COMPANY FinCom Spike Co Y: Data Z: Exchange O: Import E: Export M: E-mail p: pnnt x Fl: Help Date Company o Obd58 to ru 47b3- 0937- acep afec— 0937- acep .337. 3—ecb ening 'db3e4 ing j _id" : 3-011' ' , "orc fec—c Mode Q CURRENT OATE Friday, 2-Oct-2026 2-Oct-26 Search Gateway of Tally MASTERS Create Alter CHart of Accounts TRANSACTIONS Vouchers Day 800K UTILITIES BaNking REPORTS Balance Sheet Profit & Loss A/c Stock Summary Ratio Analysis Display More Reports Quit Unity Windows Server 2025 Datacenter B...
[shot] tds-395-U3-start (1024x768)
[08:18:28] [tds] screen tds-395-U3-start : TallyPrime MANAGE EDU K: Company Gatewa of Tall CURRENT PERIOD I-Apr-26 to 31-Mar-27 NAME OF COMPANY FinCom Spike Co Y: Data Z: Exchange O: Import E: Export M: E-mail p: pnnt x Fl: Help Date Company o Obd58 to ru 47b3- 0937- acep afec— 0937- acep .337. 3—ecb ening 'db3e4 ing j _id" : 3-011' ' , "orc fec—c Mode Q CURRENT OATE Friday, 2-Oct-2026 2-Oct-26 Search Gateway of Tally MASTERS Create Alter CHart of Accounts TRANSACTIONS Vouchers Day 800K UTILITIES BaNking REPORTS Balance Sheet Profit & Loss A/c Stock Summary Ratio Analysis Display More Reports Quit Unity Windows Server 2025 Datacenter B...
[keys] 'v' -> Tally 'TallyPrime:9000'
[shot] tds-396-U3-vouchers (1024x768)
[08:18:32] [tds] screen tds-396-U3-vouchers : x Y: Data 58 Unity TallyPrime MANAGE EDU K: Company Accounting Voucher Creation Sales Particulars Narration: Quit Z: Exchange A Accept Q Search FinCom • ke Co O: Import E: Export List of Led er Accounts Cash Share Bank Share Party Share Supplier Spike Party Spike Party 2 Ul Party M: E-mail p: pnnt x Create Fl: Help Date o Obd58 Company to ru F4: Contra F5: Payment Receipt Journal F8: Sales Purchase Fl 0: 0åHVouctg•s F: Autofill Change Mode More Details o: L: Related Reports Optional post -Dated 47b3- 0937- acep afec— 0937- acep .337. 3—ecb ening 'db3e4 ing j _id" : 3-011' ' , "orc fec—c D: Del...
[keys] '{F9}' -> Tally 'TallyPrime:9000'
[shot] tds-397-U3-type (1024x768)
[08:18:36] [tds] screen tds-397-U3-type : x TallyPrime MANAGE EDU K: Company Accounting»ucher Creation 58 Purchase Su*i« Imoice No. Party Alc narne: Current balance: Purchase ledger: • Current balance: Name of Item Narration: Unity Quit Y: Data Date Z: Exchange A Accept Q Search FinCom Spike Co O: Import Quantity E: Export Rate M: E-mail per p: print x 20ct-26 Friday Amount Fl: Help Date o Obd58 Company to ru F4: Contra F5: Payment Receipt Journal Sales F9: Purchase Fl 0: 0åHVouctg•s F: Autofill Change Mode More Details o: L: Related Reports Optional post -Dated 47b3- 0937- acep afec— 0937- acep .337. 3—ecb ening 'db3e4 ing j _id" : 3...
[keys] '^h' -> Tally 'TallyPrime:9000'
[shot] tds-398-U3-type (1024x768)
[08:18:40] [tds] screen tds-398-U3-type : TallyPrime MANAGE EDU K: Company Change Mode Unity Quit Y: Data Z: Exchange O: Import E: Export M: E-mail p: pnnt x Fl: Help FinCom • ke Co Change Voucher Mode Item Invoice List of Modes/Usa es Item Invoice Accounting Invoice As Voucher A Accept Q Search o Obd58 to ru 47b3- 0937- acep afec— 0937- acep .337. 3—ecb ening 'db3e4 ing j _id" : 3-011' ' , "orc fec—c Mode Windows Server 2025 Datacenter Build 26100.ge_release240331-1435 8:18 AM 10/8/2026
[keys] 'As Voucher{ENTER}' -> Tally 'TallyPrime:9000'
[shot] tds-399-U3-type (1024x768)
[08:18:44] [tds] screen tds-399-U3-type : x O: Import FinCom Spike Co 58 TallyPrime MANAGE EDU K: Company Accounting»ucher Creation Purchase Su*i« Imoice No. Particulars Narration: Y: Data Date Z: Exchange A Accept Q Search E: Export M: E-mail Debit p: print x 20ct-26 Friday Credit Fl: Help Date o Obd58 Company to ru F4: Contra F5: Payment Receipt Journal Sales F9: Purchase Fl 0: 0åHVouctg•s F: Autofill Change Mode More Details o: L: Related Reports Optional post -Dated 47b3- 0937- acep afec— 0937- acep .337. 3—ecb ening 'db3e4 ing j _id" : 3-011' ' , "orc fec—c Unity Quit D: Delete x: Cancel Vch F12: Configure Mode Windows Server 202...
[keys] '{F2}' -> Tally 'TallyPrime:9000'
[shot] tds-400-U3-date-box (1024x768)
[08:18:48] [tds] screen tds-400-U3-date-box : TallyPrime MANAGE EDU K: Company Change Voucher Date Unity Quit Y: Data Z: Exchange A Accept Q Search O: Import E: Export M: E-mail p: pnnt x Fl: Help FinCom Spike Co Voucher Date 3-10-2026 o Obd58 to ru 47b3- 0937- acep afec— 0937- acep .337. 3—ecb ening 'db3e4 ing j _id" : 3-011' ' , "orc fec—c Mode Windows Server 2025 Datacenter Build 26100.ge_release240331-1435 8:18 AM 10/8/2026
[keys] '2-10-2026{ENTER}' -> Tally 'TallyPrime:9000'
[shot] tds-401-U3-date (1024x768)
[08:18:51] [tds] screen tds-401-U3-date : x O: Import FinCom Spike Co 58 TallyPrime MANAGE EDU K: Company Accounting»ucher Creation Purchase Su*i« Imoice No. Particulars Narration: Y: Data Date Z: Exchange A Accept Q Search E: Export M: E-mail Debit p: print x 20ct-26 Friday Credit Fl: Help Date o Obd58 Company to ru F4: Contra F5: Payment Receipt Journal Sales F9: Purchase Fl 0: 0åHVouctg•s F: Autofill Change Mode More Details o: L: Related Reports Optional post -Dated 47b3- 0937- acep afec— 0937- acep .337. 3—ecb ening 'db3e4 ing j _id" : 3-011' ' , "orc fec—c Unity Quit D: Delete x: Cancel Vch F12: Configure Mode Windows Server 202...
[keys] 'Share Purchase{ENTER}' -> Tally 'TallyPrime:9000'
[shot] tds-402-U3-row1 (1024x768)
[08:18:55] [tds] screen tds-402-U3-row1 : x O: Import FinCom Spike Co 58 TallyPrime MANAGE EDU K: Company Accounting»ucher Creation Purchase Su*lmoice No.: Share Purchase Particulars Narration: Y: Data Date Z: Exchange a-Oct-26 A Accept Q Search E: Export M: E-mail Debit p: print x 20ct-26 Friday Credit Fl: Help Date o Obd58 Company to ru F4: Contra F5: Payment Receipt Journal Sales F9: Purchase Fl 0: 0åHVouctg•s F: Autofill Change Mode More Details o: L: Related Reports Optional post -Dated 47b3- 0937- acep afec— 0937- acep .337. 3—ecb ening 'db3e4 ing j _id" : 3-011' ' , "orc fec—c Unity Quit D: Delete x: Cancel Vch F12: Configure M...
[shot] tds-403-U3-row1-a-sub1 (1024x768)
[08:18:56] [tds] screen tds-403-U3-row1-a-sub1 : x O: Import FinCom Spike Co 58 TallyPrime MANAGE EDU K: Company Accounting»ucher Creation Purchase Su*lmoice No.: Share Purchase Particulars Narration: Y: Data Date Z: Exchange 2-Oct-26 A Accept Q Search E: Export M: E-mail Debit p: print x 20ct-26 Friday Credit Fl: Help Date o Obd58 Company to ru F4: Contra F5: Payment Receipt Journal Sales F9: Purchase Fl 0: 0åHVouctg•s F: Autofill Change Mode More Details o: L: Related Reports Optional post -Dated 47b3- 0937- acep afec— 0937- acep .337. 3—ecb ening 'db3e4 ing j _id" : 3-011' ' , "orc fec—c Unity Quit D: Delete x: Cancel Vch F12: Configure M...
[keys] '240{ENTER}' -> Tally 'TallyPrime:9000'
[shot] tds-404-U3-row1-amt (1024x768)
[08:19:00] [tds] screen tds-404-U3-row1-amt : x O: Import FinCom Spike Co 58 TallyPrime MANAGE EDU K: Company Accounting»ucher Creation Purchase Su*lmoice No.: Share Purchase Particulars Narration: Y: Data Date Z: Exchange 240 A Accept Q Search E: Export M: E-mail Debit p: print x 20ct-26 Friday Credit Fl: Help Date o Obd58 Company to ru F4: Contra F5: Payment Receipt Journal Sales F9: Purchase Fl 0: 0åHVouctg•s F: Autofill Change Mode More Details o: L: Related Reports Optional post -Dated 47b3- 0937- acep afec— 0937- acep .337. 3—ecb ening 'db3e4 ing j _id" : 3-011' ' , "orc fec—c Unity Quit D: Delete x: Cancel Vch F12: Configure Mode W...
[shot] tds-405-U3-row1-bills1 (1024x768)
[08:19:01] [tds] screen tds-405-U3-row1-bills1 : x O: Import FinCom Spike Co 58 TallyPrime MANAGE EDU K: Company Accounting»ucher Creation Purchase Su*lmoice No.: Share Purchase Particulars Narration: Y: Data Date Z: Exchange 240 A Accept Q Search E: Export M: E-mail Debit p: print x 20ct-26 Friday Credit Fl: Help Date o Obd58 Company to ru F4: Contra F5: Payment Receipt Journal Sales F9: Purchase Fl 0: 0åHVouctg•s F: Autofill Change Mode More Details o: L: Related Reports Optional post -Dated 47b3- 0937- acep afec— 0937- acep .337. 3—ecb ening 'db3e4 ing j _id" : 3-011' ' , "orc fec—c Unity Quit D: Delete x: Cancel Vch F12: Configure Mode W...
[shot] tds-406-U3-row1-b-sub1 (1024x768)
[08:19:02] [tds] screen tds-406-U3-row1-b-sub1 : x O: Import FinCom Spike Co 58 TallyPrime MANAGE EDU K: Company Accounting»ucher Creation Purchase Su*lmoice No.: Share Purchase Particulars Narration: Y: Data Date Z: Exchange 240 A Accept Q Search E: Export M: E-mail Debit p: print x 20ct-26 Friday Credit Fl: Help Date o Obd58 Company to ru F4: Contra F5: Payment Receipt Journal Sales F9: Purchase Fl 0: 0åHVouctg•s F: Autofill Change Mode More Details o: L: Related Reports Optional post -Dated 47b3- 0937- acep afec— 0937- acep .337. 3—ecb ening 'db3e4 ing j _id" : 3-011' ' , "orc fec—c Unity Quit D: Delete x: Cancel Vch F12: Configure Mode W...
[keys] 'To{ENTER}' -> Tally 'TallyPrime:9000'
[shot] tds-407-U3-row2-to (1024x768)
[08:19:05] [tds] screen tds-407-U3-row2-to : x O: Import FinCom Spike Co 58 TallyPrime MANAGE EDU K: Company Accounting»ucher Creation Purchase Su*lmoice No.: Share Purchase Particulars Narration: Y: Data Date Z: Exchange 8-Oct-26 A Accept Q Search E: Export M: E-mail Debit p: print x 20ct-26 Friday Credit Fl: Help Date o Obd58 Company to ru F4: Contra F5: Payment Receipt Journal Sales F9: Purchase Fl 0: 0åHVouctg•s F: Autofill Change Mode More Details o: L: Related Reports Optional post -Dated 47b3- 0937- acep afec— 0937- acep .337. 3—ecb ening 'db3e4 ing j _id" : 3-011' ' , "orc fec—c Unity Quit D: Delete x: Cancel Vch F12: Configure M...
[keys] 'Share Supplier{ENTER}' -> Tally 'TallyPrime:9000'
[shot] tds-408-U3-row2 (1024x768)
[08:19:09] [tds] screen tds-408-U3-row2 : x O: Import FinCom Spike Co 58 TallyPrime MANAGE EDU K: Company Y: Data Accounting»ucher Creation Purchase Su*lmoiceNo.: Share Purchase Date Particulars Narration: Z: Exchange A Accept Q Search E: Export M: E-mail Debit p: print x 20ct-26 Friday Credit Fl: Help Date o Obd58 Company to ru F4: Contra F5: Payment Receipt Journal Sales F9: Purchase Fl 0: 0åHVouctg•s F: Autofill Change Mode More Details o: L: Related Reports Optional post -Dated 47b3- 0937- acep afec— 0937- acep .337. 3—ecb ening 'db3e4 ing j _id" : 3-011' ' , "orc fec—c Unity Quit D: Delete x: Cancel Vch F12: Configure Mode Window...
[shot] tds-409-U3-row2-a-sub1 (1024x768)
[08:19:10] [tds] screen tds-409-U3-row2-a-sub1 : x O: Import FinCom Spike Co 58 TallyPrime MANAGE EDU K: Company Y: Data Accounting»ucher Creation Purchase Su*lmoiceNo.: Share Purchase Date Particulars Narration: Z: Exchange A Accept Q Search E: Export M: E-mail Debit p: print x 20ct-26 Friday Credit Fl: Help Date o Obd58 Company to ru F4: Contra F5: Payment Receipt Journal Sales F9: Purchase Fl 0: 0åHVouctg•s F: Autofill Change Mode More Details o: L: Related Reports Optional post -Dated 47b3- 0937- acep afec— 0937- acep .337. 3—ecb ening 'db3e4 ing j _id" : 3-011' ' , "orc fec—c Unity Quit D: Delete x: Cancel Vch F12: Configure Mode Window...
[keys] '{ENTER}' -> Tally 'TallyPrime:9000'
[shot] tds-410-U3-row2-amt (1024x768)
[08:19:13] [tds] screen tds-410-U3-row2-amt : x O: Import FinCom Spike Co 58 TallyPrime MANAGE EDU K: Company Y: Data Accounting»ucher Creation Purchase Su*lmoiceNo.: Share Purchase Date Particulars Narration: Z: Exchange A Accept Q Search E: Export M: E-mail Debit p: print x 20ct-26 Friday Credit Fl: Help Date o Obd58 Company to ru F4: Contra F5: Payment Receipt Journal Sales F9: Purchase Fl 0: 0åHVouctg•s F: Autofill Change Mode More Details o: L: Related Reports Optional post -Dated 47b3- 0937- acep afec— 0937- acep .337. 3—ecb ening 'db3e4 ing j _id" : 3-011' ' , "orc fec—c Unity Quit D: Delete x: Cancel Vch F12: Configure Mode Window...
[shot] tds-411-U3-row2-bills1 (1024x768)
[08:19:14] [tds] screen tds-411-U3-row2-bills1 : x O: Import FinCom Spike Co 58 TallyPrime MANAGE EDU K: Company Y: Data Accounting»ucher Creation Purchase Su*lmoiceNo.: Share Purchase Date Particulars Narration: Z: Exchange A Accept Q Search E: Export M: E-mail Debit p: print x 20ct-26 Friday Credit Fl: Help Date o Obd58 Company to ru F4: Contra F5: Payment Receipt Journal Sales F9: Purchase Fl 0: 0åHVouctg•s F: Autofill Change Mode More Details o: L: Related Reports Optional post -Dated 47b3- 0937- acep afec— 0937- acep .337. 3—ecb ening 'db3e4 ing j _id" : 3-011' ' , "orc fec—c Unity Quit D: Delete x: Cancel Vch F12: Configure Mode Window...
[shot] tds-412-U3-row2-b-sub1 (1024x768)
[08:19:15] [tds] screen tds-412-U3-row2-b-sub1 : x O: Import FinCom Spike Co 58 TallyPrime MANAGE EDU K: Company Y: Data Accounting»ucher Creation Purchase Su*lmoiceNo.: Share Purchase Date Particulars Narration: Z: Exchange A Accept Q Search E: Export M: E-mail Debit p: print x 20ct-26 Friday Credit Fl: Help Date o Obd58 Company to ru F4: Contra F5: Payment Receipt Journal Sales F9: Purchase Fl 0: 0åHVouctg•s F: Autofill Change Mode More Details o: L: Related Reports Optional post -Dated 47b3- 0937- acep afec— 0937- acep .337. 3—ecb ening 'db3e4 ing j _id" : 3-011' ' , "orc fec—c Unity Quit D: Delete x: Cancel Vch F12: Configure Mode Window...
[shot] tds-413-U3-last-row (1024x768)
[08:19:16] [tds] screen tds-413-U3-last-row : x O: Import FinCom Spike Co 58 TallyPrime MANAGE EDU K: Company Y: Data Accounting»ucher Creation Purchase Su*lmoiceNo.: Share Purchase Date Particulars Narration: Z: Exchange A Accept Q Search E: Export M: E-mail Debit p: print x 20ct-26 Friday Credit Fl: Help Date o Obd58 Company to ru F4: Contra F5: Payment Receipt Journal Sales F9: Purchase Fl 0: 0åHVouctg•s F: Autofill Change Mode More Details o: L: Related Reports Optional post -Dated 47b3- 0937- acep afec— 0937- acep .337. 3—ecb ening 'db3e4 ing j _id" : 3-011' ' , "orc fec—c Unity Quit D: Delete x: Cancel Vch F12: Configure Mode Window...
[keys] '^a' -> Tally 'TallyPrime:9000'
[shot] tds-414-U3-accept1 (1024x768)
[08:19:21] [tds] screen tds-414-U3-accept1 : x O: Import FinCom Spike Co 58 TallyPrime MANAGE EDU K: Company Y: Data Accounting»ucher Creation Purchase Su*lmoiceNo.: Share Purchase Date Particulars Narration: Z: Exchange A Accept Q Search E: Export M: E-mail Debit p: print x 20ct-26 Friday Credit Fl: Help Date o Obd58 Company to ru F4: Contra F5: Payment Receipt Journal Sales F9: Purchase Fl 0: 0åHVouctg•s F: Autofill Change Mode More Details o: L: Related Reports Optional post -Dated 47b3- 0937- acep afec— 0937- acep .337. 3—ecb ening 'db3e4 ing j _id" : 3-011' ' , "orc fec—c Unity Quit D: Delete x: Cancel Vch F12: Configure Mode Window...
[shot] tds-415-U3-after1 (1024x768)
[08:19:22] [tds] screen tds-415-U3-after1 : x O: Import FinCom Spike Co 58 TallyPrime MANAGE EDU K: Company Y: Data Accounting»ucher Creation Purchase Su*lmoiceNo.: Share Purchase Date Particulars Narration: Z: Exchange A Accept Q Search E: Export M: E-mail Debit p: print x 20ct-26 Friday Credit Fl: Help Date o Obd58 Company to ru F4: Contra F5: Payment Receipt Journal Sales F9: Purchase Fl 0: 0åHVouctg•s F: Autofill Change Mode More Details o: L: Related Reports Optional post -Dated 47b3- 0937- acep afec— 0937- acep .337. 3—ecb ening 'db3e4 ing j _id" : 3-011' ' , "orc fec—c Unity Quit D: Delete x: Cancel Vch F12: Configure Mode Window...
[shot] tds-416-gw0 (1024x768)
[08:19:23] [tds] screen tds-416-gw0 : x O: Import FinCom Spike Co 58 TallyPrime MANAGE EDU K: Company Y: Data Accounting»ucher Creation Purchase Su*lmoiceNo.: Share Purchase Date Particulars Narration: Z: Exchange A Accept Q Search E: Export M: E-mail Debit p: print x 20ct-26 Friday Credit Fl: Help Date o Obd58 Company to ru F4: Contra F5: Payment Receipt Journal Sales F9: Purchase Fl 0: 0åHVouctg•s F: Autofill Change Mode More Details o: L: Related Reports Optional post -Dated 47b3- 0937- acep afec— 0937- acep .337. 3—ecb ening 'db3e4 ing j _id" : 3-011' ' , "orc fec—c Unity Quit D: Delete x: Cancel Vch F12: Configure Mode Window...
[keys] '{ESC}' -> Tally 'TallyPrime:9000'
[shot] tds-417-gw1 (1024x768)
[08:19:26] [tds] screen tds-417-gw1 : x O: Import FinCom Spike Co 58 TallyPrime MANAGE EDU K: Company Accounting»ucher Creation Purchase Su*lmoice No.: Share Purchase Particulars Narration: Y: Data Date Z: Exchange A Accept Q Search E: Export M: E-mail Debit p: print x 20ct-26 Friday Credit Fl: Help Date o Obd58 Company to ru F4: Contra F5: Payment Receipt Journal Sales F9: Purchase Fl 0: 0åHVouctg•s F: Autofill Change Mode More Details o: L: Related Reports Optional post -Dated 47b3- 0937- acep afec— 0937- acep .337. 3—ecb ening 'db3e4 ing j _id" : 3-011' ' , "orc fec—c Unity Quit D: Delete x: Cancel Vch F12: Configure Mode Windo...
[keys] '{ESC}' -> Tally 'TallyPrime:9000'
[shot] tds-418-gw2 (1024x768)
[08:19:30] [tds] screen tds-418-gw2 : O: Import FinCom Spike Co 58 TallyPrime MANAGE EDU K: Company Accounting»ucher Creation Purchase Su*lmoice No.: Share Purchase Particulars Narration: Y: Data Date Z: Exchange A: Accept Q Search E: Export M: E-mail Debit p: print x 20ct-26 Friday Credit Quit o Yes or No Unity Q: Quit D: Delete X: Cancel Vch x Fl: Help F2: Date F3: Company F4: Contra F5: Payment F6: Receipt F7: Journal F8: Sales F9: Purchase F: Autofill H: Change Mode l: More Details O: Related Reports k: Optional T: post -Dated Fl 2: Configure o Obd58 to ru 47b3- 0937- acep afec— 0937- acep .337. 3—ecb ening 'db3e4 ing j _id" :...
[keys] 'y' -> Tally 'TallyPrime:9000'
[shot] tds-419-gw3 (1024x768)
[08:19:33] [tds] screen tds-419-gw3 : TallyPrime MANAGE EDU K: Company Gatewa of Tall CURRENT PERIOD I-Apr-26 to 31-Mar-27 NAME OF COMPANY FinCom Spike Co Y: Data Z: Exchange O: Import E: Export M: E-mail p: pnnt x Fl: Help Date Company o Obd58 to ru 47b3- 0937- acep afec— 0937- acep .337. 3—ecb ening 'db3e4 ing j _id" : 3-011' ' , "orc fec—c Mode Q CURRENT OATE Friday, 2-Oct-2026 2-Oct-26 Search Gateway of Tally MASTERS Create Alter CHart of Accounts TRANSACTIONS Vouchers Day 800K UTILITIES BaNking REPORTS Balance Sheet Profit & Loss A/c Stock Summary Ratio Analysis Display More Reports Quit Unity Windows Server 2025 Datacenter B...
  voucher mid=1 aid=1 Journal/1/20260401 guid=54bedff5-92fe-437d-85c8-74d1712959f4-00000001 cancelled=False
  voucher mid=2 aid=2 Journal/2/20261001 guid=54bedff5-92fe-437d-85c8-74d1712959f4-00000002 cancelled=False
  voucher mid=3 aid=3 Journal/3/20261001 guid=54bedff5-92fe-437d-85c8-74d1712959f4-00000003 cancelled=False
  voucher mid=4 aid=4 Journal/4/20261001 guid=54bedff5-92fe-437d-85c8-74d1712959f4-00000004 cancelled=False
  voucher mid=5 aid=5 Journal/5/20261001 guid=54bedff5-92fe-437d-85c8-74d1712959f4-00000005 cancelled=False
  voucher mid=6 aid=6 Payroll/1/20261001 guid=54bedff5-92fe-437d-85c8-74d1712959f4-00000006 cancelled=False
  voucher mid=7 aid=7 Sales/1/20261002 guid=54bedff5-92fe-437d-85c8-74d1712959f4-00000007 cancelled=False
  voucher mid=8 aid=8 Receipt/1/20261002 guid=54bedff5-92fe-437d-85c8-74d1712959f4-00000008 cancelled=False
  voucher mid=9 aid=9 Receipt/2/20261002 guid=54bedff5-92fe-437d-85c8-74d1712959f4-00000009 cancelled=False
  voucher mid=10 aid=10 Payment/1/20261002 guid=54bedff5-92fe-437d-85c8-74d1712959f4-0000000a cancelled=False
  voucher mid=11 aid=11 Payment/2/20261002 guid=54bedff5-92fe-437d-85c8-74d1712959f4-0000000b cancelled=False
  voucher mid=12 aid=12 Contra/1/20261002 guid=54bedff5-92fe-437d-85c8-74d1712959f4-0000000c cancelled=False
  voucher mid=13 aid=13 Journal/6/20261002 guid=54bedff5-92fe-437d-85c8-74d1712959f4-0000000d cancelled=False
  voucher mid=14 aid=14 Journal/7/20261002 guid=54bedff5-92fe-437d-85c8-74d1712959f4-0000000e cancelled=False
  voucher mid=15 aid=15 Sales/2/20261002 guid=54bedff5-92fe-437d-85c8-74d1712959f4-0000000f cancelled=False
  voucher mid=16 aid=16 Sales/3/20261002 guid=54bedff5-92fe-437d-85c8-74d1712959f4-00000010 cancelled=False
  voucher mid=17 aid=17 Sales/4/20261002 guid=54bedff5-92fe-437d-85c8-74d1712959f4-00000011 cancelled=False
  voucher mid=18 aid=18 Purchase/1/20261002 guid=54bedff5-92fe-437d-85c8-74d1712959f4-00000012 cancelled=False
  voucher mid=19 aid=19 Purchase/2/20261002 guid=54bedff5-92fe-437d-85c8-74d1712959f4-00000013 cancelled=False
######## ANSWERED hang3 step 15 purchase-agst: after purchase-agst: 2.3.4 object answered (12 ms, the entry in it); 2.3.3 by master answered (30 ms, the entry in it); Tally answers after: True; started again: ; 2.3.3 after the restart: 
[08:19:36] ---- share credit-note: credit note, item invoice, Agst Ref the sales bill SB-1
  voucher mid=1 aid=1 Journal/1/20260401 guid=54bedff5-92fe-437d-85c8-74d1712959f4-00000001 cancelled=False
  voucher mid=2 aid=2 Journal/2/20261001 guid=54bedff5-92fe-437d-85c8-74d1712959f4-00000002 cancelled=False
  voucher mid=3 aid=3 Journal/3/20261001 guid=54bedff5-92fe-437d-85c8-74d1712959f4-00000003 cancelled=False
  voucher mid=4 aid=4 Journal/4/20261001 guid=54bedff5-92fe-437d-85c8-74d1712959f4-00000004 cancelled=False
  voucher mid=5 aid=5 Journal/5/20261001 guid=54bedff5-92fe-437d-85c8-74d1712959f4-00000005 cancelled=False
  voucher mid=6 aid=6 Payroll/1/20261001 guid=54bedff5-92fe-437d-85c8-74d1712959f4-00000006 cancelled=False
  voucher mid=7 aid=7 Sales/1/20261002 guid=54bedff5-92fe-437d-85c8-74d1712959f4-00000007 cancelled=False
  voucher mid=8 aid=8 Receipt/1/20261002 guid=54bedff5-92fe-437d-85c8-74d1712959f4-00000008 cancelled=False
  voucher mid=9 aid=9 Receipt/2/20261002 guid=54bedff5-92fe-437d-85c8-74d1712959f4-00000009 cancelled=False
  voucher mid=10 aid=10 Payment/1/20261002 guid=54bedff5-92fe-437d-85c8-74d1712959f4-0000000a cancelled=False
  voucher mid=11 aid=11 Payment/2/20261002 guid=54bedff5-92fe-437d-85c8-74d1712959f4-0000000b cancelled=False
  voucher mid=12 aid=12 Contra/1/20261002 guid=54bedff5-92fe-437d-85c8-74d1712959f4-0000000c cancelled=False
  voucher mid=13 aid=13 Journal/6/20261002 guid=54bedff5-92fe-437d-85c8-74d1712959f4-0000000d cancelled=False
  voucher mid=14 aid=14 Journal/7/20261002 guid=54bedff5-92fe-437d-85c8-74d1712959f4-0000000e cancelled=False
  voucher mid=15 aid=15 Sales/2/20261002 guid=54bedff5-92fe-437d-85c8-74d1712959f4-0000000f cancelled=False
  voucher mid=16 aid=16 Sales/3/20261002 guid=54bedff5-92fe-437d-85c8-74d1712959f4-00000010 cancelled=False
  voucher mid=17 aid=17 Sales/4/20261002 guid=54bedff5-92fe-437d-85c8-74d1712959f4-00000011 cancelled=False
  voucher mid=18 aid=18 Purchase/1/20261002 guid=54bedff5-92fe-437d-85c8-74d1712959f4-00000012 cancelled=False
  voucher mid=19 aid=19 Purchase/2/20261002 guid=54bedff5-92fe-437d-85c8-74d1712959f4-00000013 cancelled=False
[shot] tds-420-gw0 (1024x768)
[08:19:37] [tds] screen tds-420-gw0 : TallyPrime MANAGE EDU K: Company Gatewa of Tall CURRENT PERIOD I-Apr-26 to 31-Mar-27 NAME OF COMPANY FinCom Spike Co Y: Data Z: Exchange O: Import E: Export M: E-mail p: pnnt x Fl: Help Date Company o Obd58 to ru 47b3- 0937- acep afec— 0937- acep .337. 3—ecb ening 'db3e4 ing j _id" : 3-011' ' , "orc fec—c Mode Q CURRENT OATE Friday, 2-Oct-2026 2-Oct-26 Search Gateway of Tally MASTERS Create Alter CHart of Accounts TRANSACTIONS Vouchers Day 800K UTILITIES BaNking REPORTS Balance Sheet Profit & Loss A/c Stock Summary Ratio Analysis Display More Reports Quit Unity Windows Server 2025 Datacenter B...
[shot] tds-421-N1-start (1024x768)
[08:19:38] [tds] screen tds-421-N1-start : TallyPrime MANAGE EDU K: Company Gatewa of Tall CURRENT PERIOD I-Apr-26 to 31-Mar-27 NAME OF COMPANY FinCom Spike Co Y: Data Z: Exchange O: Import E: Export M: E-mail p: pnnt x Fl: Help Date Company o Obd58 to ru 47b3- 0937- acep afec— 0937- acep .337. 3—ecb ening 'db3e4 ing j _id" : 3-011' ' , "orc fec—c Mode Q CURRENT OATE Friday, 2-Oct-2026 2-Oct-26 Search Gateway of Tally MASTERS Create Alter CHart of Accounts TRANSACTIONS Vouchers Day 800K UTILITIES BaNking REPORTS Balance Sheet Profit & Loss A/c Stock Summary Ratio Analysis Display More Reports Quit Unity Windows Server 2025 Datacenter B...
[keys] 'v' -> Tally 'TallyPrime:9000'
[shot] tds-422-N1-vouchers (1024x768)
[08:19:42] [tds] screen tds-422-N1-vouchers : x O: Import FinCom Spike Co 58 TallyPrime MANAGE EDU K: Company Accounting»ucher Creation Purchase Su*i« Imoice No. Particulars Narration: Y: Data Date Z: Exchange A Accept Q Search E: Export M: E-mail Debit p: print x 20ct-26 Friday Credit Fl: Help Date o Obd58 Company to ru F4: Contra F5: Payment Receipt Journal Sales F9: Purchase Fl 0: 0åHVouctg•s F: Autofill Change Mode More Details o: L: Related Reports Optional post -Dated 47b3- 0937- acep afec— 0937- acep .337. 3—ecb ening 'db3e4 ing j _id" : 3-011' ' , "orc fec—c Unity Quit D: Delete x: Cancel Vch F12: Configure Mode Windows Server 202...
[keys] '{F10}' -> Tally 'TallyPrime:9000'
[shot] tds-423-N1-type (1024x768)
[08:19:47] [tds] screen tds-423-N1-type : x R CEDU Unity Quit TallyPrime MANAGE K: Company Y: Data Z: Exchange FinCom • ke Co Change Voucher Type O: Import Create Show Inactive F4 A lt+F6 Ctd+F7 Alt+F7 E: Export M: E-mail Purchase List of Voucher T S p: pnnt Fl: Help x : It Accounting Vouchers Contra Credit Note Debit Note Journal Payment Purchase Receipt Sales Inventory Vouchers Physical Stock Stock Journal o Obd58 to ru 47b3- 0937- acep afec— 0937- acep .337. 3—ecb ening 'db3e4 ing j _id" : 3-011' ' , "orc fec—c Mode Q Search Windows Server 2025 Datacenter Build 26100.ge_release240331-1435 8:19 AM 10/8/2026
[keys] 'Credit Note{ENTER}' -> Tally 'TallyPrime:9000'
[shot] tds-424-N1-type (1024x768)
[08:19:51] [tds] screen tds-424-N1-type : x TallyPrime MANAGE EDU K: Company Accounting Yeucher Creation 58 Credit Note Party Alc narne. Current balance: Ledger account: • Current balance: Name of Item Narration: Unity Quit Y: Data Z: Exchange A Accept Q Search FinCom Spike Co O: Import E: Export List of Led er Accounts Cash Share Bank Share Party Share Supplier Spike Party Spike Party 2 Ul Party M: E-mail p: pnnt x Create Fl: Help Date o Obd58 Company to ru F4: Contra F5: Payment Receipt Journal Sales Purchase Fl 0: 0åHVouctg•s F: Autofill Change Mode More Details o: L: Related Reports Optional post -Dated 47b3- 0937- acep afec— 0937...
[keys] '^h' -> Tally 'TallyPrime:9000'
[shot] tds-425-N1-mode (1024x768)
[08:19:55] [tds] screen tds-425-N1-mode : TallyPrime MANAGE EDU K: Company Change Mode Unity Quit Y: Data Z: Exchange O: Import E: Export M: E-mail p: pnnt x Fl: Help FinCom • ke Co Change Voucher Mode Item Invoice List of Modes/Usa es Item Invoice Accounting Invoice As Voucher Use for Interest Accounting A Accept Q Search o Obd58 to ru 47b3- 0937- acep afec— 0937- acep .337. 3—ecb ening 'db3e4 ing j _id" : 3-011' ' , "orc fec—c Mode Windows Server 2025 Datacenter Build 26100.ge_release240331-1435 8:19 AM 10/8/2026
[keys] 'Item Invoice{ENTER}' -> Tally 'TallyPrime:9000'
[shot] tds-426-N1-item-mode (1024x768)
[08:19:59] [tds] screen tds-426-N1-item-mode : x TallyPrime MANAGE EDU K: Company Accounting Yeucher Creation 58 Credit Note Party Alc narne. Current balance: Ledger account: • Current balance: Name of Item Narration: Unity Quit Y: Data Z: Exchange A Accept Q Search FinCom Spike Co O: Import E: Export List of Led er Accounts Cash Share Bank Share Party Share Supplier Spike Party Spike Party 2 Ul Party M: E-mail p: pnnt x Create Fl: Help Date o Obd58 Company to ru F4: Contra F5: Payment Receipt Journal Sales Purchase Fl 0: 0åHVouctg•s F: Autofill Change Mode More Details o: L: Related Reports Optional post -Dated 47b3- 0937- acep afec— 0937...
[keys] '{F2}' -> Tally 'TallyPrime:9000'
[shot] tds-427-N1-date-box (1024x768)
[08:20:02] [tds] screen tds-427-N1-date-box : TallyPrime MANAGE EDU K: Company Change Voucher Date Unity Quit Y: Data Z: Exchange A Accept Q Search O: Import E: Export M: E-mail p: pnnt x Fl: Help FinCom Spike Co Voucher Date 3-10-2026 o Obd58 to ru 47b3- 0937- acep afec— 0937- acep .337. 3—ecb ening 'db3e4 ing j _id" : 3-011' ' , "orc fec—c Mode Windows Server 2025 Datacenter Build 26100.ge_release240331-1435 8:20 AM 10/8/2026
[keys] '2-10-2026{ENTER}' -> Tally 'TallyPrime:9000'
[shot] tds-428-N1-date (1024x768)
[08:20:06] [tds] screen tds-428-N1-date : x TallyPrime MANAGE EDU K: Company Accounting Yeucher Creation 58 Credit Note Party Alc narne. Current balance: Ledger account: • Current balance: Name of Item Narration: Unity Quit Y: Data Z: Exchange A Accept Q Search FinCom Spike Co O: Import E: Export List of Led er Accounts Cash Share Bank Share Party Share Supplier Spike Party Spike Party 2 Ul Party M: E-mail p: pnnt x Create Fl: Help Date o Obd58 Company to ru F4: Contra F5: Payment Receipt Journal Sales Purchase Fl 0: 0åHVouctg•s F: Autofill Change Mode More Details o: L: Related Reports Optional post -Dated 47b3- 0937- acep afec— 0937...
[keys] 'Share Party{ENTER}' -> Tally 'TallyPrime:9000'
[shot] tds-429-N1-party (1024x768)
[08:20:10] [tds] screen tds-429-N1-party : x TallyPrime MANAGE EDU K: Company Details Y: Data Z: Exchange Accept Q Search O: Import E: Export M: E-mail p: pnnt Fl: Help x Tracking No(s) Original Invoice No. FinCom Spike Co Receipt Details Dispatch Doc No. Dispatched through Destination Carrier Name/Agent Bill of No. Motor Vehicle No. Original Invoice Details Date Date: Unity Quit o Obd58 to ru 47b3- 0937- acep afec— 0937- acep .337. 3—ecb ening 'db3e4 ing j _id" : 3-011' ' , "orc fec—c Mode Windows Server 2025 Datacenter Build 26100.ge_release240331-1435 8:20 AM 10/8/2026
[shot] tds-430-N1-party-sub1 (1024x768)
[08:20:11] [tds] screen tds-430-N1-party-sub1 : x TallyPrime MANAGE EDU K: Company Details Y: Data Z: Exchange Accept Q Search O: Import E: Export M: E-mail p: pnnt Fl: Help x Tracking No(s) Original Invoice No. FinCom Spike Co Receipt Details Dispatch Doc No. Dispatched through Destination Carrier Name/Agent Bill of No. Motor Vehicle No. Original Invoice Details Date Date: Unity Quit o Obd58 to ru 47b3- 0937- acep afec— 0937- acep .337. 3—ecb ening 'db3e4 ing j _id" : 3-011' ' , "orc fec—c Mode Windows Server 2025 Datacenter Build 26100.ge_release240331-1435 8:20 AM 10/8/2026
[keys] '^a' -> Tally 'TallyPrime:9000'
[shot] tds-431-N1-party-sub-accept (1024x768)
[08:20:15] [tds] screen tds-431-N1-party-sub-accept : x TallyPrime MANAGE EDU K: Company Details Quit Y: Data Z: Exchange FinCom Spike Co Party Details Share Pa List of Led er Accounts Share Party Share Supplier Spike Party Spike Party 2 Ul Party O: Import Create New Party E: Export M: E-mail p: pnnt Fl: Help x Buyer (Bill to) Mailing Name Address State Country GST Registration type GSTIN/UIN Place of Supply Accept Q Search o Obd58 to ru 47b3- 0937- acep afec— 0937- acep .337. 3—ecb ening 'db3e4 ing j _id" : 3-011' ' , "orc fec—c Unity Configure Mode Windows Server 2025 Datacenter Build 26100.ge_release240331-1435 8:20 AM 10/8/2026
[shot] tds-432-N1-party-sub2 (1024x768)
[08:20:15] [tds] screen tds-432-N1-party-sub2 : x TallyPrime MANAGE EDU K: Company Details Quit Y: Data Z: Exchange FinCom Spike Co Party Details Share Pa List of Led er Accounts Share Party Share Supplier Spike Party Spike Party 2 Ul Party O: Import Create New Party E: Export M: E-mail p: pnnt Fl: Help x Buyer (Bill to) Mailing Name Address State Country GST Registration type GSTIN/UIN Place of Supply Accept Q Search o Obd58 to ru 47b3- 0937- acep afec— 0937- acep .337. 3—ecb ening 'db3e4 ing j _id" : 3-011' ' , "orc fec—c Unity Configure Mode Windows Server 2025 Datacenter Build 26100.ge_release240331-1435 8:20 AM 10/8/2026
[keys] '^a' -> Tally 'TallyPrime:9000'
[shot] tds-433-N1-party-sub-accept (1024x768)
[08:20:19] [tds] screen tds-433-N1-party-sub-accept : x TallyPrime MANAGE EDU K: Company Accounting Yeucher Creation 58 Credit Note Party A/c narne: Share Party Current balance: 4,350.00 Dr Ledger account: • Current balance: Name of Item Narration: Unity Quit Y: Data Z: Exchange A Accept Q Search FinCom Spike Co O: Import E: Export List of Led er Accounts Share Sales M: E-mail p: pnnt x Create Show More Fl: Help Date o Obd58 Company to ru F4: Contra F5: Payment Receipt Journal Sales Purchase Fl 0: 0åHVouctg•s F: Autofill Change Mode More Details o: L: Related Reports Optional post -Dated 47b3- 0937- acep afec— 0937- acep .337. 3—ecb ening 'db3e4 ...
[shot] tds-434-N1-party-sub3 (1024x768)
[08:20:20] [tds] screen tds-434-N1-party-sub3 : x TallyPrime MANAGE EDU K: Company Accounting Yeucher Creation 58 Credit Note Party A/c narne: Share Party Current balance: 4,350.00 Dr Ledger account: • Current balance: Name of Item Narration: Unity Quit Y: Data Z: Exchange A Accept Q Search FinCom Spike Co O: Import E: Export List of Led er Accounts Share Sales M: E-mail p: pnnt x Create Show More Fl: Help Date o Obd58 Company to ru F4: Contra F5: Payment Receipt Journal Sales Purchase Fl 0: 0åHVouctg•s F: Autofill Change Mode More Details o: L: Related Reports Optional post -Dated 47b3- 0937- acep afec— 0937- acep .337. 3—ecb ening 'db3e4 ...
[keys] 'Share Sales{ENTER}' -> Tally 'TallyPrime:9000'
[shot] tds-435-N1-ledger (1024x768)
[08:20:24] [tds] screen tds-435-N1-ledger : x TallyPrime MANAGE EDU K: Company Accounting Yeucher Creation 58 Credit Note Party A/c narne: Share Party Current balance: 4,350.00 Dr Ledger account: Share Sales • Current balance: 850.00 Cr Name of Item Ch Narration: Unity Quit Y: Data Z: Exchange A Accept Q Search FinCom Spike Co O: Import Quantity E: Export Rate M: E-mail per p: print x 20ct-26 Friday Amount Fl: Help Date o Obd58 Company to ru F4: Contra F5: Payment Receipt Journal Sales Purchase Fl 0: 0åHVouctg•s F: Autofill Change Mode More Details o: L: Related Reports Optional post -Dated 47b3- 0937- acep afec— 0937- acep .337. 3—ecb ...
[keys] 'Share Item{ENTER}' -> Tally 'TallyPrime:9000'
[shot] tds-436-N1-item (1024x768)
[08:20:28] [tds] screen tds-436-N1-item : x TallyPrime MANAGE EDU K: Company Accounting Yeucher Creation 58 Credit Note Party A/c narne: Share Party Current balance: 4,350.00 Dr Ledger account: Share Sales • Current balance: 850.00 Cr Name of Item Share Item Narration: Unity Quit Y: Data Z: Exchange A Accept Q Search FinCom Spike Co O: Import Quantity E: Export Rate M: E-mail per p: print x 20ct-26 Friday Amount Fl: Help Date o Obd58 Company to ru F4: Contra F5: Payment Receipt Journal Sales Purchase Fl 0: 0åHVouctg•s F: Autofill Change Mode More Details o: L: Related Reports Optional post -Dated 47b3- 0937- acep afec— 0937- acep .337...
[shot] tds-437-N1-item-sub1 (1024x768)
[08:20:29] [tds] screen tds-437-N1-item-sub1 : x TallyPrime MANAGE EDU K: Company Accounting Yeucher Creation 58 Credit Note Party A/c narne: Share Party Current balance: 4,350.00 Dr Ledger account: Share Sales • Current balance: 850.00 Cr Name of Item Share Item Narration: Unity Quit Y: Data Z: Exchange A Accept Q Search FinCom Spike Co O: Import Quantity E: Export Rate M: E-mail per p: print x 20ct-26 Friday Amount Fl: Help Date o Obd58 Company to ru F4: Contra F5: Payment Receipt Journal Sales Purchase Fl 0: 0åHVouctg•s F: Autofill Change Mode More Details o: L: Related Reports Optional post -Dated 47b3- 0937- acep afec— 0937- acep .337...
[keys] '1{ENTER}' -> Tally 'TallyPrime:9000'
[shot] tds-438-N1-qty (1024x768)
[08:20:32] [tds] screen tds-438-N1-qty : x TallyPrime MANAGE EDU K: Company Accounting Yeucher Creation 58 Credit Note Party A/c narne: Share Party Current balance: 4,350.00 Dr Ledger account: Share Sales • Current balance: 850.00 Cr Name of Item Share Item Narration: Unity Quit Y: Data Z: Exchange A Accept Q Search FinCom Spike Co O: Import Quantity 1 Nos 1 Nos E: Export Rate 100.00 M: E-mail per Nos p: print x 20ct-26 Friday Amount 100.00 Fl: Help Date o Obd58 Company to ru F4: Contra F5: Payment Receipt Journal Sales Purchase Fl 0: 0åHVouctg•s F: Autofill Change Mode More Details o: L: 100.00 Related Reports Optional post -Dated 4...
[keys] '100{ENTER}' -> Tally 'TallyPrime:9000'
[shot] tds-439-N1-rate (1024x768)
[08:20:35] [tds] screen tds-439-N1-rate : x TallyPrime MANAGE EDU K: Company Accounting Yeucher Creation 58 Credit Note Party A/c narne: Share Party Current balance: 4,350.00 Dr Ledger account: Share Sales • Current balance: 850.00 Cr Name of Item Share Item Narration: Unity Quit Y: Data Z: Exchange A Accept Q Search FinCom Spike Co O: Import Quantity 1 Nos 1 Nos E: Export Rate 100.00 M: E-mail per Nos p: print x 20ct-26 Friday Amount 100.00 Fl: Help Date o Obd58 Company to ru F4: Contra F5: Payment Receipt Journal Sales Purchase Fl 0: 0åHVouctg•s F: Autofill Change Mode More Details o: L: 100.00 Related Reports Optional post -Dated 4...
[keys] '{ENTER}' -> Tally 'TallyPrime:9000'
[shot] tds-440-N1-amount (1024x768)
[08:20:38] [tds] screen tds-440-N1-amount : x TallyPrime MANAGE EDU K: Company Accounting Yeucher Creation 58 Credit Note Party A/c narne: Share Party Current balance: 4,350.00 Dr Ledger account: Share Sales • Current balance: 850.00 Cr Name of Item Share Item Narration: Unity Quit Y: Data Z: Exchange A Accept Q Search FinCom Spike Co O: Import Quantity 1 Nos 1 Nos E: Export Rate 100.00 M: E-mail per Nos p: print x 20ct-26 Friday Amount 100.00 Fl: Help Date o Obd58 Company to ru F4: Contra F5: Payment Receipt Journal Sales Purchase Fl 0: 0åHVouctg•s F: Autofill Change Mode More Details o: L: 100.00 Related Reports Optional post -Dated 4...
[shot] tds-441-N1-item-b-sub1 (1024x768)
[08:20:39] [tds] screen tds-441-N1-item-b-sub1 : x TallyPrime MANAGE EDU K: Company Accounting Yeucher Creation 58 Credit Note Party A/c narne: Share Party Current balance: 4,350.00 Dr Ledger account: Share Sales • Current balance: 850.00 Cr Name of Item Share Item Narration: Unity Quit Y: Data Z: Exchange A Accept Q Search FinCom Spike Co O: Import Quantity 1 Nos 1 Nos E: Export Rate 100.00 M: E-mail per Nos p: print x 20ct-26 Friday Amount 100.00 Fl: Help Date o Obd58 Company to ru F4: Contra F5: Payment Receipt Journal Sales Purchase Fl 0: 0åHVouctg•s F: Autofill Change Mode More Details o: L: 100.00 Related Reports Optional post -Dated 4...
[keys] '{ENTER}' -> Tally 'TallyPrime:9000'
[shot] tds-442-N1-items-done (1024x768)
[08:20:43] [tds] screen tds-442-N1-items-done : x TallyPrime MANAGE EDU K: Company Accounting Yeucher Creation 58 Credit Note Party A/c narne: Share Party Current balance: 4,350.00 Dr Ledger account: Share Sales • Current balance: 850.00 Cr Name of Item Share Item Narration: Unity Quit Y: Data Z: Exchange A Accept Q Search FinCom Spike Co O: Import Quantity 1 Nos 1 Nos E: Export Rate 100.00 M: E-mail per Nos p: print x 20ct-26 Friday Amount 100.00 100.00 Fl: Help Date o Obd58 Company to ru F4: Contra F5: Payment Receipt Journal Sales Purchase Fl 0: 0åHVouctg•s F: Autofill Change Mode More Details o: L: 100.00 Related Reports Optional post -...
[keys] '^a' -> Tally 'TallyPrime:9000'
[shot] tds-443-N1-accept1 (1024x768)
[08:20:47] [tds] screen tds-443-N1-accept1 : x TallyPrime MANAGE EDU K: Company Bill-wise Details Quit Y: Data Type of Ref St Ref Z: Exchange FinCom Spike Co Bill-wise Details for : Share Party Up to: 100.00 cr O: Import Amount E: Export M: E-mail p: pnnt Fl: Help x Name Method of Ad Advance Agst Ref New Ref On Account Accept Q Search Due Date, or Credit Days 20ct-26) Unity o Obd58 to ru 47b3- 0937- acep afec— 0937- acep .337. 3—ecb ening 'db3e4 ing j _id" : 3-011' ' , "orc fec—c Mode Windows Server 2025 Datacenter Build 26100.ge_release240331-1435 8:20 AM 10/8/2026
[shot] tds-444-N1-after1 (1024x768)
[08:20:48] [tds] screen tds-444-N1-after1 : x TallyPrime MANAGE EDU K: Company Bill-wise Details Quit Y: Data Type of Ref St Ref Z: Exchange FinCom Spike Co Bill-wise Details for : Share Party Up to: 100.00 cr O: Import Amount E: Export M: E-mail p: pnnt Fl: Help x Name Method of Ad Advance Agst Ref New Ref On Account Accept Q Search Due Date, or Credit Days 20ct-26) Unity o Obd58 to ru 47b3- 0937- acep afec— 0937- acep .337. 3—ecb ening 'db3e4 ing j _id" : 3-011' ' , "orc fec—c Mode Windows Server 2025 Datacenter Build 26100.ge_release240331-1435 8:20 AM 10/8/2026
[shot] tds-445-N1-at1-bills1 (1024x768)
[08:20:49] [tds] screen tds-445-N1-at1-bills1 : x TallyPrime MANAGE EDU K: Company Bill-wise Details Quit Y: Data Type of Ref A Ref Z: Exchange FinCom Spike Co Bill-wise Details for : Share Party Up to: 100.00 cr O: Import Amount E: Export M: E-mail p: pnnt Fl: Help x Name Method of Ad Advance Agst Ref New Ref On Account Accept Q Search Due Date, or Credit Days 20ct-26) Unity o Obd58 to ru 47b3- 0937- acep afec— 0937- acep .337. 3—ecb ening 'db3e4 ing j _id" : 3-011' ' , "orc fec—c Mode Windows Server 2025 Datacenter Build 26100.ge_release240331-1435 8:20 AM 10/8/2026
[keys] 'Agst Ref{ENTER}' -> Tally 'TallyPrime:9000'
[shot] tds-446-N1-at1-reftype (1024x768)
[08:20:53] [tds] screen tds-446-N1-at1-reftype : x TallyPrime MANAGE EDU K: Company Bill-wise Details Quit Y: Data Type of Ref Agst Ref Z: Exchange FinCom Spike Co Bill-wise Details for : Share Party Up to: 100.00 cr O: Import Amount Date 2-Oct-26 2-Oct-26 I-Oct-26 I-Oct-26 2-Oct-26 E: Export M: E-mail p: pnnt Fl: Help x Name Due Date, or Pendin Bills Name 2 4 ADVS-I Sd-I SH-EI Balance 400.00 Dr 300.00 Dr 1,000.00 cr 4,500.00 Dr 150.00 Dr Final Balance 400.00 Dr 300.00 Dr 1,000.00 cr 4,500.00 Dr 150.00 Dr Unity o Obd58 to ru 47b3- 0937- acep afec— 0937- acep .337. 3—ecb ening 'db3e4 ing j _id" : 3-011' ' , "orc fec—c Mode Accept Q Search Win...
[keys] 'SB-1{ENTER}' -> Tally 'TallyPrime:9000'
[shot] tds-447-N1-at1-refname (1024x768)
[08:20:57] [tds] screen tds-447-N1-at1-refname : x TallyPrime MANAGE EDU K: Company Bill-wise Details Quit Y: Data Type of Ref Agst Ref Z: Exchange O: Import E: Export M: E-mail p: pnnt Fl: Help x FinCom Spike Co Bill-wise Details for : Share Party Up to: 100.00 cr Name SB_I Accept Q Search Due Date, or Credit Days (wef 20ct-26) Amount 000.00 cr 100.00 cr Unity o Obd58 to ru 47b3- 0937- acep afec— 0937- acep .337. 3—ecb ening 'db3e4 ing j _id" : 3-011' ' , "orc fec—c Mode Windows Server 2025 Datacenter Build 26100.ge_release240331-1435 8:20 AM 10/8/2026
[keys] '{ENTER}' -> Tally 'TallyPrime:9000'
[shot] tds-448-N1-at1-refamount (1024x768)
[08:21:00] [tds] screen tds-448-N1-at1-refamount : x TallyPrime MANAGE EDU K: Company Bill-wise Details Quit Y: Data Type of Ref Agst Ref Z: Exchange O: Import E: Export M: E-mail p: pnnt Fl: Help x FinCom Spike Co Bill-wise Details for : Share Party Up to: 100.00 cr Name SB_I Accept Q Search Due Date, or Credit Days (wef 20ct-26) Amount 100.00 100.00 cr Unity o Obd58 to ru 47b3- 0937- acep afec— 0937- acep .337. 3—ecb ening 'db3e4 ing j _id" : 3-011' ' , "orc fec—c Mode Windows Server 2025 Datacenter Build 26100.ge_release240331-1435 8:20 AM 10/8/2026
[shot] tds-449-N1-at1-bills2 (1024x768)
[08:21:01] [tds] screen tds-449-N1-at1-bills2 : x TallyPrime MANAGE EDU K: Company Bill-wise Details Quit Y: Data Type of Ref Agst Ref Z: Exchange O: Import E: Export M: E-mail p: pnnt Fl: Help x FinCom Spike Co Bill-wise Details for : Share Party Up to: 100.00 cr Name SB_I Accept Q Search Due Date, or Credit Days (wef 20ct-26) Amount 100.00 100.00 cr Unity o Obd58 to ru 47b3- 0937- acep afec— 0937- acep .337. 3—ecb ening 'db3e4 ing j _id" : 3-011' ' , "orc fec—c Mode Windows Server 2025 Datacenter Build 26100.ge_release240331-1435 8:21 AM 10/8/2026
[keys] '^a' -> Tally 'TallyPrime:9000'
[shot] tds-450-N1-at1-bills-accept (1024x768)
[08:21:05] [tds] screen tds-450-N1-at1-bills-accept : x TallyPrime MANAGE EDU K: Company Accounting Yeucher Creation 58 Credit Note Party A/c narne: Share Party Current balance: 4,350.00 Dr Ledger account: Share Sales • Current balance: 850.00 Cr Name of Item Share Item . • End of List Narration: Unity Quit Y: Data Z: Exchange Accept Q Search FinCom Spike Co O: Import Quantity 1 Nos 1 Nos E: Export Rate 100.00 M: E-mail per Nos p: print x 20ct-26 Friday Amount 100.00 Fl: Help Date o Obd58 Company to ru F4: Contra F5: Payment Receipt Journal Sales Purchase Fl 0: 0åHVouctg•s F: Autofill Change Mode More Details o: L: 100.00 Related Reports Optional...
[shot] tds-451-N1-at1-bills3 (1024x768)
[08:21:06] [tds] screen tds-451-N1-at1-bills3 : x TallyPrime MANAGE EDU K: Company Accounting Yeucher Creation 58 Credit Note Party A/c narne: Share Party Current balance: 4,350.00 Dr Ledger account: Share Sales • Current balance: 850.00 Cr Name of Item Share Item . • End of List Narration: Unity Quit Y: Data Z: Exchange Accept Q Search FinCom Spike Co O: Import Quantity 1 Nos 1 Nos E: Export Rate 100.00 M: E-mail per Nos p: print x 20ct-26 Friday Amount 100.00 Fl: Help Date o Obd58 Company to ru F4: Contra F5: Payment Receipt Journal Sales Purchase Fl 0: 0åHVouctg•s F: Autofill Change Mode More Details o: L: 100.00 Related Reports Optional...
[keys] '^a' -> Tally 'TallyPrime:9000'
[shot] tds-452-N1-accept2 (1024x768)
[08:21:10] [tds] screen tds-452-N1-accept2 : x TallyPrime MANAGE EDU K: Company Accounting Yeucher Creation 58 Credit Note Party Alc narne. Current balance: Ledger account: • Current balance: Name of Item Narration: Unity Quit Y: Data Z: Exchange A Accept Q Search FinCom Spike Co O: Import E: Export List of Led er Accounts Cash Share Bank Share Party Share Supplier Spike Party Spike Party 2 Ul Party M: E-mail p: pnnt x Create Fl: Help Date o Obd58 Company to ru F4: Contra F5: Payment Receipt Journal Sales Purchase Fl 0: 0åHVouctg•s F: Autofill Change Mode More Details o: L: Related Reports Optional post -Dated 47b3- 0937- acep afec— 0937...
[shot] tds-453-N1-after2 (1024x768)
[08:21:11] [tds] screen tds-453-N1-after2 : x TallyPrime MANAGE EDU K: Company Accounting Yeucher Creation 58 Credit Note Party Alc narne. Current balance: Ledger account: • Current balance: Name of Item Narration: Unity Quit Y: Data Z: Exchange A Accept Q Search FinCom Spike Co O: Import E: Export List of Led er Accounts Cash Share Bank Share Party Share Supplier Spike Party Spike Party 2 Ul Party M: E-mail p: pnnt x Create Fl: Help Date o Obd58 Company to ru F4: Contra F5: Payment Receipt Journal Sales Purchase Fl 0: 0åHVouctg•s F: Autofill Change Mode More Details o: L: Related Reports Optional post -Dated 47b3- 0937- acep afec— 0937...
[shot] tds-454-gw0 (1024x768)
[08:21:12] [tds] screen tds-454-gw0 : x TallyPrime MANAGE EDU K: Company Accounting Yeucher Creation 58 Credit Note Party Alc narne. Current balance: Ledger account: • Current balance: Name of Item Narration: Unity Quit Y: Data Z: Exchange A Accept Q Search FinCom Spike Co O: Import E: Export List of Led er Accounts Cash Share Bank Share Party Share Supplier Spike Party Spike Party 2 Ul Party M: E-mail p: pnnt x Create Fl: Help Date o Obd58 Company to ru F4: Contra F5: Payment Receipt Journal Sales Purchase Fl 0: 0åHVouctg•s F: Autofill Change Mode More Details o: L: Related Reports Optional post -Dated 47b3- 0937- acep afec— 0937...
[keys] '{ESC}' -> Tally 'TallyPrime:9000'
[shot] tds-455-gw1 (1024x768)
[08:21:16] [tds] screen tds-455-gw1 : TallyPrime MANAGE EDU K: Company Accounting Yeucher Creation 58 Credit Note Party Alc narne. Current balance: Ledger account: • Current balance: Name of Item Narration: Unity Q: Quit Y: Data Z: Exchange A: Accept Q Search FinCom Spike Co O: Import Quantity E: Export Rate M: E-mail per p: print x 20ct-26 Friday Amount Quit o Yes or No D: Delete X: Cancel Vch x Fl: Help F2: Date F3: Company F4: Contra F5: Payment F6: Receipt F7: Journal F8: Sales F9: Purchase F: Autofill H: Change Mode l: More Details O: Related Reports k: Optional T: post -Dated Fl 2: Configure o Obd58 to ru 47b3- 0937- acep af...
[keys] 'y' -> Tally 'TallyPrime:9000'
[shot] tds-456-gw2 (1024x768)
[08:21:19] [tds] screen tds-456-gw2 : TallyPrime MANAGE EDU K: Company Gatewa of Tall CURRENT PERIOD I-Apr-26 to 31-Mar-27 NAME OF COMPANY FinCom Spike Co Y: Data Z: Exchange O: Import E: Export M: E-mail p: pnnt x Fl: Help Date Company o Obd58 to ru 47b3- 0937- acep afec— 0937- acep .337. 3—ecb ening 'db3e4 ing j _id" : 3-011' ' , "orc fec—c Mode Q CURRENT OATE Friday, 2-Oct-2026 2-Oct-26 Search Gateway of Tally MASTERS Create Alter CHart of Accounts TRANSACTIONS Vouchers Day 800K UTILITIES BaNking REPORTS Balance Sheet Profit & Loss A/c Stock Summary Ratio Analysis Display More Reports Quit Unity Windows Server 2025 Datacenter B...
  voucher mid=1 aid=1 Journal/1/20260401 guid=54bedff5-92fe-437d-85c8-74d1712959f4-00000001 cancelled=False
  voucher mid=2 aid=2 Journal/2/20261001 guid=54bedff5-92fe-437d-85c8-74d1712959f4-00000002 cancelled=False
  voucher mid=3 aid=3 Journal/3/20261001 guid=54bedff5-92fe-437d-85c8-74d1712959f4-00000003 cancelled=False
  voucher mid=4 aid=4 Journal/4/20261001 guid=54bedff5-92fe-437d-85c8-74d1712959f4-00000004 cancelled=False
  voucher mid=5 aid=5 Journal/5/20261001 guid=54bedff5-92fe-437d-85c8-74d1712959f4-00000005 cancelled=False
  voucher mid=6 aid=6 Payroll/1/20261001 guid=54bedff5-92fe-437d-85c8-74d1712959f4-00000006 cancelled=False
  voucher mid=7 aid=7 Sales/1/20261002 guid=54bedff5-92fe-437d-85c8-74d1712959f4-00000007 cancelled=False
  voucher mid=8 aid=8 Receipt/1/20261002 guid=54bedff5-92fe-437d-85c8-74d1712959f4-00000008 cancelled=False
  voucher mid=9 aid=9 Receipt/2/20261002 guid=54bedff5-92fe-437d-85c8-74d1712959f4-00000009 cancelled=False
  voucher mid=10 aid=10 Payment/1/20261002 guid=54bedff5-92fe-437d-85c8-74d1712959f4-0000000a cancelled=False
  voucher mid=11 aid=11 Payment/2/20261002 guid=54bedff5-92fe-437d-85c8-74d1712959f4-0000000b cancelled=False
  voucher mid=12 aid=12 Contra/1/20261002 guid=54bedff5-92fe-437d-85c8-74d1712959f4-0000000c cancelled=False
  voucher mid=13 aid=13 Journal/6/20261002 guid=54bedff5-92fe-437d-85c8-74d1712959f4-0000000d cancelled=False
  voucher mid=14 aid=14 Journal/7/20261002 guid=54bedff5-92fe-437d-85c8-74d1712959f4-0000000e cancelled=False
  voucher mid=15 aid=15 Sales/2/20261002 guid=54bedff5-92fe-437d-85c8-74d1712959f4-0000000f cancelled=False
  voucher mid=16 aid=16 Sales/3/20261002 guid=54bedff5-92fe-437d-85c8-74d1712959f4-00000010 cancelled=False
  voucher mid=17 aid=17 Sales/4/20261002 guid=54bedff5-92fe-437d-85c8-74d1712959f4-00000011 cancelled=False
  voucher mid=18 aid=18 Purchase/1/20261002 guid=54bedff5-92fe-437d-85c8-74d1712959f4-00000012 cancelled=False
  voucher mid=19 aid=19 Purchase/2/20261002 guid=54bedff5-92fe-437d-85c8-74d1712959f4-00000013 cancelled=False
  voucher mid=20 aid=20 Credit Note/1/20261002 guid=54bedff5-92fe-437d-85c8-74d1712959f4-00000014 cancelled=False
  INFO share credit-note (credit note, item invoice, Agst Ref the sales bill SB-1): Tally Credit Note 1 mid 20; stored party 'Share Party' bills [Agst Ref,Agst Ref]; the line party 'Share Party' bills []; lines voucher_accept_post x1, voucher_full x1
######## ANSWERED hang3 step 16 credit-note: after credit-note: 2.3.4 object answered (12 ms, the entry in it); 2.3.3 by master answered (30 ms, the entry in it); Tally answers after: True; started again: ; 2.3.3 after the restart: 
[08:21:23] ---- share copy-journal-party: Alt+2 copy of the journal with a party (its New Ref JN-1 as the copy carries it)
  voucher mid=1 aid=1 Journal/1/20260401 guid=54bedff5-92fe-437d-85c8-74d1712959f4-00000001 cancelled=False
  voucher mid=2 aid=2 Journal/2/20261001 guid=54bedff5-92fe-437d-85c8-74d1712959f4-00000002 cancelled=False
  voucher mid=3 aid=3 Journal/3/20261001 guid=54bedff5-92fe-437d-85c8-74d1712959f4-00000003 cancelled=False
  voucher mid=4 aid=4 Journal/4/20261001 guid=54bedff5-92fe-437d-85c8-74d1712959f4-00000004 cancelled=False
  voucher mid=5 aid=5 Journal/5/20261001 guid=54bedff5-92fe-437d-85c8-74d1712959f4-00000005 cancelled=False
  voucher mid=6 aid=6 Payroll/1/20261001 guid=54bedff5-92fe-437d-85c8-74d1712959f4-00000006 cancelled=False
  voucher mid=7 aid=7 Sales/1/20261002 guid=54bedff5-92fe-437d-85c8-74d1712959f4-00000007 cancelled=False
  voucher mid=8 aid=8 Receipt/1/20261002 guid=54bedff5-92fe-437d-85c8-74d1712959f4-00000008 cancelled=False
  voucher mid=9 aid=9 Receipt/2/20261002 guid=54bedff5-92fe-437d-85c8-74d1712959f4-00000009 cancelled=False
  voucher mid=10 aid=10 Payment/1/20261002 guid=54bedff5-92fe-437d-85c8-74d1712959f4-0000000a cancelled=False
  voucher mid=11 aid=11 Payment/2/20261002 guid=54bedff5-92fe-437d-85c8-74d1712959f4-0000000b cancelled=False
  voucher mid=12 aid=12 Contra/1/20261002 guid=54bedff5-92fe-437d-85c8-74d1712959f4-0000000c cancelled=False
  voucher mid=13 aid=13 Journal/6/20261002 guid=54bedff5-92fe-437d-85c8-74d1712959f4-0000000d cancelled=False
  voucher mid=14 aid=14 Journal/7/20261002 guid=54bedff5-92fe-437d-85c8-74d1712959f4-0000000e cancelled=False
  voucher mid=15 aid=15 Sales/2/20261002 guid=54bedff5-92fe-437d-85c8-74d1712959f4-0000000f cancelled=False
  voucher mid=16 aid=16 Sales/3/20261002 guid=54bedff5-92fe-437d-85c8-74d1712959f4-00000010 cancelled=False
  voucher mid=17 aid=17 Sales/4/20261002 guid=54bedff5-92fe-437d-85c8-74d1712959f4-00000011 cancelled=False
  voucher mid=18 aid=18 Purchase/1/20261002 guid=54bedff5-92fe-437d-85c8-74d1712959f4-00000012 cancelled=False
  voucher mid=19 aid=19 Purchase/2/20261002 guid=54bedff5-92fe-437d-85c8-74d1712959f4-00000013 cancelled=False
  voucher mid=20 aid=20 Credit Note/1/20261002 guid=54bedff5-92fe-437d-85c8-74d1712959f4-00000014 cancelled=False
[shot] tds-457-gw0 (1024x768)
[08:21:23] [tds] screen tds-457-gw0 : TallyPrime MANAGE EDU K: Company Gatewa of Tall CURRENT PERIOD I-Apr-26 to 31-Mar-27 NAME OF COMPANY FinCom Spike Co Y: Data Z: Exchange O: Import E: Export M: E-mail p: pnnt x Fl: Help Date Company o Obd58 to ru 47b3- 0937- acep afec— 0937- acep .337. 3—ecb ening 'db3e4 ing j _id" : 3-011' ' , "orc fec—c Mode Q CURRENT OATE Friday, 2-Oct-2026 2-Oct-26 Search Gateway of Tally MASTERS Create Alter CHart of Accounts TRANSACTIONS Vouchers Day 800K UTILITIES BaNking REPORTS Balance Sheet Profit & Loss A/c Stock Summary Ratio Analysis Display More Reports Quit Unity Windows Server 2025 Datacenter B...
[keys] '%g' -> Tally 'TallyPrime:9000'
[shot] tds-458-D2-goto (1024x768)
[08:21:27] [tds] screen tds-458-D2-goto : x R CEDU Unity Quit TallyPrime MANAGE K: Company Y: Data List of Re Z: Exchange FinCom Spike Co O: Import E: Export M: E-mail p: pnnt Fl: Help x Its Create Voucher Create Master Alter Master Expand All Show More Saved Views Common Reports Balance Sheet Profit & Loss A/c Cash/Bank Book Day Book Ledger Vouchers Stock Summary Trial Balance Bills Receivable Bills Payable Master and Voucher Statistics Stock Query Chart of Accounts Final Accounts Reports Receivables & Payables Reports Banking Utilities Ledger Reports Group Reports Voucher Reports Registers Cost Centre Reports o Obd58 to ru 47b3- 093...
[keys] 'Day Book' -> Tally 'TallyPrime:9000'
[keys] '{ENTER}' -> Tally 'TallyPrime:9000'
[shot] tds-459-D2-daybook (1024x768)
[08:21:34] [tds] screen tds-459-D2-daybook : x TallyPrime MANAGE EDU K: Company Da Book Day Book Y: Data Space: Sekd Z: Exchange A Add Vch Q Search FinCom • ke Co Vch Type Contra Payment Payment Receipt Receipt Journal Journal Credit Note Sales Sales Sales Sales Purchase Purchase O: Import Vch No. 1 1 2 1 2 6 7 1 1 2 3 4 1 2 E: Export M: E-mail P: Print For 2-Oct-26 Fl: Help F2: Date o Obd58 Company to ru Voucher Date 2-Oct-26 2-Oct-26 2-Oct-26 2-Oct-26 2-Oct-26 2-Oct-26 2-Oct-26 2-Oct-26 2-Oct-26 2-Oct-26 2-Oct-26 2-Oct-26 2-Oct-26 2-Oct-26 Unity Quit Particulars Cash Share Supplier Share Expense Share Party Spike Income Share Expense S...
[keys] '{F2}' -> Tally 'TallyPrime:9000'
[shot] tds-460-D2-db-date (1024x768)
[08:21:37] [tds] screen tds-460-D2-db-date : TallyPrime MANAGE EDU K: Company Change Date Unity Quit Y: Data Z: Exchange A Accept Q Search O: Import E: Export M: E-mail p: pnnt x Fl: Help FinCom Spike Co Change Date 2-10-2026 o Obd58 to ru 47b3- 0937- acep afec— 0937- acep .337. 3—ecb ening 'db3e4 ing j _id" : 3-011' ' , "orc fec—c Mode Windows Server 2025 Datacenter Build 26100.ge_release240331-1435 8:21 AM 10/8/2026
[keys] '2-10-2026{ENTER}' -> Tally 'TallyPrime:9000'
[shot] tds-461-D2-db-dated (1024x768)
[08:21:42] [tds] screen tds-461-D2-db-dated : x TallyPrime MANAGE EDU K: Company Da Book Day Book Y: Data Space: Sekd Z: Exchange A Add Vch Q Search FinCom • ke Co Vch Type Contra Payment Payment Receipt Receipt Journal Journal Credit Note Sales Sales Sales Sales Purchase Purchase O: Import Vch No. 1 1 2 1 2 6 7 1 1 2 3 4 1 2 E: Export M: E-mail P: Print For 2-Oct-26 Fl: Help F2: Date o Obd58 Company to ru Voucher Date 2-Oct-26 2-Oct-26 2-Oct-26 2-Oct-26 2-Oct-26 2-Oct-26 2-Oct-26 2-Oct-26 2-Oct-26 2-Oct-26 2-Oct-26 2-Oct-26 2-Oct-26 2-Oct-26 Unity Quit Particulars Cash Share Supplier Share Expense Share Party Spike Income Share Expense S...
[keys] '{F4}' -> Tally 'TallyPrime:9000'
[shot] tds-462-D2-db-type (1024x768)
[08:21:46] [tds] screen tds-462-D2-db-type : TallyPrime MANAGE EDU K: Company Change Voucher Type Unity Quit Y: Data Z: Exchange O: Import E: Export M: E-mail p: pnnt x Fl: Help FinCom • ke Co Name of VoucherType Voucher T • All Items Contra Credit Note Debit Note Journal s Create Memorandum Payment Physical Stock Purchase Receipt Reversing Journal Sales Stock Journal A Accept Q Search o Obd58 to ru 47b3- 0937- acep afec— 0937- acep .337. 3—ecb ening 'db3e4 ing j _id" : 3-011' ' , "orc fec—c Mode Windows Server 2025 Datacenter Build 26100.ge_release240331-1435 8:21 AM 10/8/2026
[keys] 'Journal{ENTER}' -> Tally 'TallyPrime:9000'
[shot] tds-463-D2-db-typed (1024x768)
[08:21:51] [tds] screen tds-463-D2-db-typed : x TallyPrime MANAGE EDU K: Company Da Book List of Journal Vouchers Y: Data Space: Sekd Z: Exchange A Add Vch Q Search FinCom • ke Co Vch Type Journal Journal O: Import Vch No. 6 7 Total: E: Export M: E-mail P: Print For 2-Oct-26 Fl: Help F2: Date o Obd58 Date 2-Oct-26 2-Oct-26 Unity Quit Particulars Share Expense Share Expense Enter: Alter Debit Amount 600.00 250.00 850.00 Credit Amount U: Restore Line Company to ru Voucher 47b3- Type 0937- acep DuÅicate Vch I Insert Vch Delete x: Cancel Vch F 7: Show profit Columnar FIO B: Basis of = Values Change ¯ View Exception J: Reports Save View L: App...
[keys] '{END}' -> Tally 'TallyPrime:9000'
[shot] tds-464-D2-db-last (1024x768)
[08:21:54] [tds] screen tds-464-D2-db-last : x TallyPrime MANAGE EDU K: Company Da Book List of Journal Vouchers Y: Data Space: Sekd Z: Exchange A Add Vch Q Search FinCom • ke Co Vch Type Journal Journal O: Import Vch No. 6 Total: E: Export M: E-mail P: Print For 2-Oct-26 Fl: Help F2: Date o Obd58 Date 2-Oct-26 2-Oct-26 Unity Quit Particulars Share Expense Share Expense Debit Amount 600.00 250.00 850.00 Credit Amount U: Restore Line Company to ru Voucher 47b3- Type 0937- acep Enter: Alter DuÅicate Vch I Insert Vch Delete x: Cancel Vch F 7: Show profit Columnar FIO B: Basis of = Values Change ¯ View Exception J: Reports Save View L: Apply...
[keys] '%2' -> Tally 'TallyPrime:9000'
[shot] tds-465-D2-copy (1024x768)
[08:21:58] [tds] screen tds-465-D2-copy : x M: E-mail FinCom • ke Co 58 TallyPrime MANAGE EDU K: Company Y: Data Accounting Voucher Creation (Duplication Journal Particulars CurBal: 5,150.00 Dr Share Emp 1 To Spike Income CurBal: 5,950.00 Cr Share Emp 1 Narration: Z: Exchange 250.00 Dr 250.00 Cr A Accept Q Search O: Import E: Export List of Led er Accounts Profit & Loss A/c Share Basic Share Expense Share HRA Share Party Share Purchase Share Salary Payable Share Sales Share Supplier Spike Income Spike Party Spike Party 2 Ul Party p: pnnt x Create Show More Fl: Help Q: Date Company Ed: Contra Payment Receipt F-7: Journal Sales o Obd58 ...
[keys] '^a' -> Tally 'TallyPrime:9000'
[shot] tds-466-D2-accept1 (1024x768)
[08:22:03] [tds] screen tds-466-D2-accept1 : x TallyPrime MANAGE EDU K: Company Da Book List of Journal Vouchers Y: Data Space: Sekd Z: Exchange A Add Vch Q Search FinCom • ke Co Vch Type Journal Journal Journal O: Import Vch No. 6 7 8 Total: E: Export M: E-mail P: Print For 2-Oct-26 Fl: Help F2: Date o Obd58 Date 2-Oct-26 2-Oct-26 2-Oct-26 Unity Quit Particulars Share Expense Share Expense Share Expense Enter: Alter Debit Amount 600.00 250.00 250.00 1,100 00 Credit Amount U: Restore Line Company to ru Voucher 47b3- Type 0937- acep DuÅicate Vch I Insert Vch Delete x: Cancel Vch F 7: Show profit Columnar FIO B: Basis of = Values Change ¯ ...
[shot] tds-467-D2-after1 (1024x768)
[08:22:04] [tds] screen tds-467-D2-after1 : x TallyPrime MANAGE EDU K: Company Da Book List of Journal Vouchers Y: Data Space: Sekd Z: Exchange A Add Vch Q Search FinCom • ke Co Vch Type Journal Journal Journal O: Import Vch No. 6 7 8 Total: E: Export M: E-mail P: Print For 2-Oct-26 Fl: Help F2: Date o Obd58 Date 2-Oct-26 2-Oct-26 2-Oct-26 Unity Quit Particulars Share Expense Share Expense Share Expense Enter: Alter Debit Amount 600.00 250.00 250.00 1,100 00 Credit Amount U: Restore Line Company to ru Voucher 47b3- Type 0937- acep DuÅicate Vch I Insert Vch Delete x: Cancel Vch F 7: Show profit Columnar FIO B: Basis of = Values Change ¯ ...
[shot] tds-468-gw0 (1024x768)
[08:22:05] [tds] screen tds-468-gw0 : x TallyPrime MANAGE EDU K: Company Da Book List of Journal Vouchers Y: Data Space: Sekd Z: Exchange A Add Vch Q Search FinCom • ke Co Vch Type Journal Journal Journal O: Import Vch No. 6 7 8 Total: E: Export M: E-mail P: Print For 2-Oct-26 Fl: Help F2: Date o Obd58 Date 2-Oct-26 2-Oct-26 2-Oct-26 Unity Quit Particulars Share Expense Share Expense Share Expense Enter: Alter Debit Amount 600.00 250.00 250.00 1,100 00 Credit Amount U: Restore Line Company to ru Voucher 47b3- Type 0937- acep DuÅicate Vch I Insert Vch Delete x: Cancel Vch F 7: Show profit Columnar FIO B: Basis of = Values Change ¯ ...
[keys] '{ESC}' -> Tally 'TallyPrime:9000'
[shot] tds-469-gw1 (1024x768)
[08:22:09] [tds] screen tds-469-gw1 : TallyPrime MANAGE EDU K: Company Gatewa of Tall CURRENT PERIOD I-Apr-26 to 31-Mar-27 NAME OF COMPANY FinCom Spike Co Y: Data Z: Exchange O: Import E: Export M: E-mail p: pnnt x Fl: Help Date Company o Obd58 to ru 47b3- 0937- acep afec— 0937- acep .337. 3—ecb ening 'db3e4 ing j _id" : 3-011' ' , "orc fec—c Mode Q CURRENT OATE Friday, 2-Oct-2026 2-Oct-26 Search Gateway of Tally MASTERS Create Alter CHart of Accounts TRANSACTIONS Vouchers Day 800K UTILITIES BaNking REPORTS Balance Sheet Profit & Loss A/c Stock Summary Ratio Analysis Display More Reports Quit Unity Windows Server 2025 Datacenter B...
  voucher mid=1 aid=1 Journal/1/20260401 guid=54bedff5-92fe-437d-85c8-74d1712959f4-00000001 cancelled=False
  voucher mid=2 aid=2 Journal/2/20261001 guid=54bedff5-92fe-437d-85c8-74d1712959f4-00000002 cancelled=False
  voucher mid=3 aid=3 Journal/3/20261001 guid=54bedff5-92fe-437d-85c8-74d1712959f4-00000003 cancelled=False
  voucher mid=4 aid=4 Journal/4/20261001 guid=54bedff5-92fe-437d-85c8-74d1712959f4-00000004 cancelled=False
  voucher mid=5 aid=5 Journal/5/20261001 guid=54bedff5-92fe-437d-85c8-74d1712959f4-00000005 cancelled=False
  voucher mid=6 aid=6 Payroll/1/20261001 guid=54bedff5-92fe-437d-85c8-74d1712959f4-00000006 cancelled=False
  voucher mid=7 aid=7 Sales/1/20261002 guid=54bedff5-92fe-437d-85c8-74d1712959f4-00000007 cancelled=False
  voucher mid=8 aid=8 Receipt/1/20261002 guid=54bedff5-92fe-437d-85c8-74d1712959f4-00000008 cancelled=False
  voucher mid=9 aid=9 Receipt/2/20261002 guid=54bedff5-92fe-437d-85c8-74d1712959f4-00000009 cancelled=False
  voucher mid=10 aid=10 Payment/1/20261002 guid=54bedff5-92fe-437d-85c8-74d1712959f4-0000000a cancelled=False
  voucher mid=11 aid=11 Payment/2/20261002 guid=54bedff5-92fe-437d-85c8-74d1712959f4-0000000b cancelled=False
  voucher mid=12 aid=12 Contra/1/20261002 guid=54bedff5-92fe-437d-85c8-74d1712959f4-0000000c cancelled=False
  voucher mid=13 aid=13 Journal/6/20261002 guid=54bedff5-92fe-437d-85c8-74d1712959f4-0000000d cancelled=False
  voucher mid=14 aid=14 Journal/7/20261002 guid=54bedff5-92fe-437d-85c8-74d1712959f4-0000000e cancelled=False
  voucher mid=15 aid=15 Sales/2/20261002 guid=54bedff5-92fe-437d-85c8-74d1712959f4-0000000f cancelled=False
  voucher mid=16 aid=16 Sales/3/20261002 guid=54bedff5-92fe-437d-85c8-74d1712959f4-00000010 cancelled=False
  voucher mid=17 aid=17 Sales/4/20261002 guid=54bedff5-92fe-437d-85c8-74d1712959f4-00000011 cancelled=False
  voucher mid=18 aid=18 Purchase/1/20261002 guid=54bedff5-92fe-437d-85c8-74d1712959f4-00000012 cancelled=False
  voucher mid=19 aid=19 Purchase/2/20261002 guid=54bedff5-92fe-437d-85c8-74d1712959f4-00000013 cancelled=False
  voucher mid=20 aid=20 Credit Note/1/20261002 guid=54bedff5-92fe-437d-85c8-74d1712959f4-00000014 cancelled=False
  voucher mid=21 aid=21 Journal/8/20261002 guid=54bedff5-92fe-437d-85c8-74d1712959f4-00000015 cancelled=False
  INFO share copy-journal-party (Alt+2 copy of the journal with a party (its New Ref JN-1 as the copy carries it)): Tally Journal 8 mid 21; stored party '' bills []; the line party '' bills []; lines voucher_accept_post x1, voucher_full x1
######## ANSWERED hang3 step 17 copy-journal-party: after copy-journal-party: 2.3.4 object answered (10 ms, the entry in it); 2.3.3 by master answered (31 ms, the entry in it); Tally answers after: True; started again: ; 2.3.3 after the restart: 
[08:22:12] ---- share copy-receipt-plain: Alt+2 copy of the receipt with no party
  voucher mid=1 aid=1 Journal/1/20260401 guid=54bedff5-92fe-437d-85c8-74d1712959f4-00000001 cancelled=False
  voucher mid=2 aid=2 Journal/2/20261001 guid=54bedff5-92fe-437d-85c8-74d1712959f4-00000002 cancelled=False
  voucher mid=3 aid=3 Journal/3/20261001 guid=54bedff5-92fe-437d-85c8-74d1712959f4-00000003 cancelled=False
  voucher mid=4 aid=4 Journal/4/20261001 guid=54bedff5-92fe-437d-85c8-74d1712959f4-00000004 cancelled=False
  voucher mid=5 aid=5 Journal/5/20261001 guid=54bedff5-92fe-437d-85c8-74d1712959f4-00000005 cancelled=False
  voucher mid=6 aid=6 Payroll/1/20261001 guid=54bedff5-92fe-437d-85c8-74d1712959f4-00000006 cancelled=False
  voucher mid=7 aid=7 Sales/1/20261002 guid=54bedff5-92fe-437d-85c8-74d1712959f4-00000007 cancelled=False
  voucher mid=8 aid=8 Receipt/1/20261002 guid=54bedff5-92fe-437d-85c8-74d1712959f4-00000008 cancelled=False
  voucher mid=9 aid=9 Receipt/2/20261002 guid=54bedff5-92fe-437d-85c8-74d1712959f4-00000009 cancelled=False
  voucher mid=10 aid=10 Payment/1/20261002 guid=54bedff5-92fe-437d-85c8-74d1712959f4-0000000a cancelled=False
  voucher mid=11 aid=11 Payment/2/20261002 guid=54bedff5-92fe-437d-85c8-74d1712959f4-0000000b cancelled=False
  voucher mid=12 aid=12 Contra/1/20261002 guid=54bedff5-92fe-437d-85c8-74d1712959f4-0000000c cancelled=False
  voucher mid=13 aid=13 Journal/6/20261002 guid=54bedff5-92fe-437d-85c8-74d1712959f4-0000000d cancelled=False
  voucher mid=14 aid=14 Journal/7/20261002 guid=54bedff5-92fe-437d-85c8-74d1712959f4-0000000e cancelled=False
  voucher mid=15 aid=15 Sales/2/20261002 guid=54bedff5-92fe-437d-85c8-74d1712959f4-0000000f cancelled=False
  voucher mid=16 aid=16 Sales/3/20261002 guid=54bedff5-92fe-437d-85c8-74d1712959f4-00000010 cancelled=False
  voucher mid=17 aid=17 Sales/4/20261002 guid=54bedff5-92fe-437d-85c8-74d1712959f4-00000011 cancelled=False
  voucher mid=18 aid=18 Purchase/1/20261002 guid=54bedff5-92fe-437d-85c8-74d1712959f4-00000012 cancelled=False
  voucher mid=19 aid=19 Purchase/2/20261002 guid=54bedff5-92fe-437d-85c8-74d1712959f4-00000013 cancelled=False
  voucher mid=20 aid=20 Credit Note/1/20261002 guid=54bedff5-92fe-437d-85c8-74d1712959f4-00000014 cancelled=False
  voucher mid=21 aid=21 Journal/8/20261002 guid=54bedff5-92fe-437d-85c8-74d1712959f4-00000015 cancelled=False
[shot] tds-470-gw0 (1024x768)
[08:22:13] [tds] screen tds-470-gw0 : TallyPrime MANAGE EDU K: Company Gatewa of Tall CURRENT PERIOD I-Apr-26 to 31-Mar-27 NAME OF COMPANY FinCom Spike Co Y: Data Z: Exchange O: Import E: Export M: E-mail p: pnnt x Fl: Help Date Company o Obd58 to ru 47b3- 0937- acep afec— 0937- acep .337. 3—ecb ening 'db3e4 ing j _id" : 3-011' ' , "orc fec—c Mode Q CURRENT OATE Friday, 2-Oct-2026 2-Oct-26 Search Gateway of Tally MASTERS Create Alter CHart of Accounts TRANSACTIONS Vouchers Day 800K UTILITIES BaNking REPORTS Balance Sheet Profit & Loss A/c Stock Summary Ratio Analysis Display More Reports Quit Unity Windows Server 2025 Datacenter B...
[keys] '%g' -> Tally 'TallyPrime:9000'
[shot] tds-471-D3-goto (1024x768)
[08:22:17] [tds] screen tds-471-D3-goto : x R CEDU Unity Quit TallyPrime MANAGE K: Company Y: Data List of Re Z: Exchange FinCom Spike Co O: Import E: Export M: E-mail p: pnnt Fl: Help x Its Create Voucher Create Master Alter Master Expand All Show More Saved Views Common Reports Balance Sheet Profit & Loss A/c Cash/Bank Book Day Book Ledger Vouchers Stock Summary Trial Balance Bills Receivable Bills Payable Master and Voucher Statistics Stock Query Chart of Accounts Final Accounts Reports Receivables & Payables Reports Banking Utilities Ledger Reports Group Reports Voucher Reports Registers Cost Centre Reports o Obd58 to ru 47b3- 093...
[keys] 'Day Book' -> Tally 'TallyPrime:9000'
[keys] '{ENTER}' -> Tally 'TallyPrime:9000'
[shot] tds-472-D3-daybook (1024x768)
[08:22:24] [tds] screen tds-472-D3-daybook : x TallyPrime MANAGE EDU K: Company Da Book Day Book Y: Data Space: Sekd Z: Exchange A Add Vch Q Search FinCom • ke Co Vch Type Contra Payment Payment Receipt Receipt Journal Journal Journal Credit Note Sales Sales Sales Sales Purchase Purchase O: Import Vch No. 1 1 2 1 2 6 7 8 1 1 2 3 4 1 2 E: Export M: E-mail P: Print For 2-Oct-26 Fl: Help F2: Date o Obd58 Company to ru Voucher Date 2-Oct-26 2-Oct-26 2-Oct-26 2-Oct-26 2-Oct-26 2-Oct-26 2-Oct-26 2-Oct-26 2-Oct-26 2-Oct-26 2-Oct-26 2-Oct-26 2-Oct-26 2-Oct-26 2-Oct-26 Unity Quit Particulars Cash Share Supplier Share Expense Share Party Spike Inc...
[keys] '{F2}' -> Tally 'TallyPrime:9000'
[shot] tds-473-D3-db-date (1024x768)
[08:22:27] [tds] screen tds-473-D3-db-date : TallyPrime MANAGE EDU K: Company Change Date Unity Quit Y: Data Z: Exchange A Accept Q Search O: Import E: Export M: E-mail p: pnnt x Fl: Help FinCom Spike Co Change Date 2-10-2026 o Obd58 to ru 47b3- 0937- acep afec— 0937- acep .337. 3—ecb ening 'db3e4 ing j _id" : 3-011' ' , "orc fec—c Mode Windows Server 2025 Datacenter Build 26100.ge_release240331-1435 8•.22 AM 10/8/2026
[keys] '2-10-2026{ENTER}' -> Tally 'TallyPrime:9000'
[shot] tds-474-D3-db-dated (1024x768)
[08:22:32] [tds] screen tds-474-D3-db-dated : x TallyPrime MANAGE EDU K: Company Da Book Day Book Y: Data Space: Sekd Z: Exchange A Add Vch Q Search FinCom • ke Co Vch Type Contra Payment Payment Receipt Receipt Journal Journal Journal Credit Note Sales Sales Sales Sales Purchase Purchase O: Import Vch No. 1 1 2 1 2 6 7 8 1 1 2 3 4 1 2 E: Export M: E-mail P: Print For 2-Oct-26 Fl: Help F2: Date o Obd58 Company to ru Voucher Date 2-Oct-26 2-Oct-26 2-Oct-26 2-Oct-26 2-Oct-26 2-Oct-26 2-Oct-26 2-Oct-26 2-Oct-26 2-Oct-26 2-Oct-26 2-Oct-26 2-Oct-26 2-Oct-26 2-Oct-26 Unity Quit Particulars Cash Share Supplier Share Expense Share Party Spike Inc...
[keys] '{F4}' -> Tally 'TallyPrime:9000'
[shot] tds-475-D3-db-type (1024x768)
[08:22:35] [tds] screen tds-475-D3-db-type : TallyPrime MANAGE EDU K: Company Change Voucher Type Unity Quit Y: Data Z: Exchange O: Import E: Export M: E-mail p: pnnt x Fl: Help FinCom • ke Co Name of VoucherType Voucher T • All Items Contra Credit Note Debit Note Journal s Create Memorandum Payment Physical Stock Purchase Receipt Reversing Journal Sales Stock Journal A Accept Q Search o Obd58 to ru 47b3- 0937- acep afec— 0937- acep .337. 3—ecb ening 'db3e4 ing j _id" : 3-011' ' , "orc fec—c Mode Windows Server 2025 Datacenter Build 26100.ge_release240331-1435 8•.22 AM 10/8/2026
[keys] 'Receipt{ENTER}' -> Tally 'TallyPrime:9000'
[shot] tds-476-D3-db-typed (1024x768)
[08:22:40] [tds] screen tds-476-D3-db-typed : x TallyPrime MANAGE EDU K: Company Da Book List of Receipt Vouchers Y: Data Space: Sekd Z: Exchange A Add Vch Q Search FinCom • ke Co Vch Type Receipt Receipt O: Import Vch No. 1 2 Total: E: Export M: E-mail P: Print For 2-Oct-26 Fl: Help F2: Date o Obd58 Date 2-Oct-26 2-Oct-26 Unity Quit Particulars Share Party Spike Income Enter: Alter Debit Amount Credit Amount 500.00 700.00 1,200.00 U: Restore Line Company to ru Voucher 47b3- Type 0937- acep DuÅicate Vch I Insert Vch Delete x: Cancel Vch F 7: Show profit Columnar FIO B: Basis of = Values Change ¯ View Exception J: Reports Save View L: Appl...
[keys] '{END}' -> Tally 'TallyPrime:9000'
[shot] tds-477-D3-db-last (1024x768)
[08:22:43] [tds] screen tds-477-D3-db-last : x TallyPrime MANAGE EDU K: Company Da Book List of Receipt Vouchers Y: Data Space: Sekd Z: Exchange A Add Vch Q Search FinCom • ke Co Vch Type Receipt Receipt O: Import Vch No. 1 2 Total: E: Export M: E-mail P: Print For 2-Oct-26 Fl: Help F2: Date o Obd58 Date 2-Oct-26 2-Oct-26 Unity Quit Particulars Share Party Spike Income Enter: Alter Debit Amount Credit Amount 500.00 700.00 1,200.00 U: Restore Line Company to ru Voucher 47b3- Type 0937- acep DuÅicate Vch I Insert Vch Delete x: Cancel Vch F 7: Show profit Columnar FIO B: Basis of = Values Change ¯ View Exception J: Reports Save View L: Appl...
[keys] '%2' -> Tally 'TallyPrime:9000'
[shot] tds-478-D3-copy (1024x768)
[08:22:48] [tds] screen tds-478-D3-copy : x TallyPrime MANAGE EDU K: Company Y: Data Accounting Voucher Creation (Duplication 58 Recei t • Account Cash Current balance: 300.00 Dr Particulars Spike Income CurBal: 6,200.00 Cr Share Emp 1 Z: Exchange 700.00 Cr A Accept Q Search O: Import E: Export M: E-mail FinCom • ke Co p: print x 2-Oct-26 Friday Amount 700.00 700.00 Fl: Help Q: Date Company Ed: Contra Payment F-6: Receipt : Journal Sales o Obd58 to ru 47b3- 0937- acep afec— Purchase 0937- Fl O: OåuVooctgs Narration: share receipt plain Quit E: Autofill Change Mode More Details O: Related ¯ Repons Optional post -Dated J: Stat acep .337...
[keys] '^a' -> Tally 'TallyPrime:9000'
[shot] tds-479-D3-accept1 (1024x768)
[08:22:52] [tds] screen tds-479-D3-accept1 : x TallyPrime MANAGE EDU K: Company Da Book List of Receipt Vouchers Y: Data Space: Sekd Z: Exchange A Add Vch Q Search FinCom • ke Co Vch Type Receipt Receipt Receipt O: Import Vch No. 1 2 3 Total: E: Export M: E-mail P: Print For 2-Oct-26 Fl: Help F2: Date o Obd58 Date 2-Oct-26 2-Oct-26 2-Oct-26 Unity Quit Particulars Share Party Spike Income Spike Income Enter: Alter Debit Amount Credit Amount 500.00 700.00 700.00 1,900.00 U: Restore Line Company to ru Voucher 47b3- Type 0937- acep DuÅicate Vch I Insert Vch Delete x: Cancel Vch F 7: Show profit Columnar FIO B: Basis of = Values Change ¯ View...
[shot] tds-480-D3-after1 (1024x768)
[08:22:53] [tds] screen tds-480-D3-after1 : x TallyPrime MANAGE EDU K: Company Da Book List of Receipt Vouchers Y: Data Space: Sekd Z: Exchange A Add Vch Q Search FinCom • ke Co Vch Type Receipt Receipt Receipt O: Import Vch No. 1 2 3 Total: E: Export M: E-mail P: Print For 2-Oct-26 Fl: Help F2: Date o Obd58 Date 2-Oct-26 2-Oct-26 2-Oct-26 Unity Quit Particulars Share Party Spike Income Spike Income Enter: Alter Debit Amount Credit Amount 500.00 700.00 700.00 1,900.00 U: Restore Line Company to ru Voucher 47b3- Type 0937- acep DuÅicate Vch I Insert Vch Delete x: Cancel Vch F 7: Show profit Columnar FIO B: Basis of = Values Change ¯ View...
[shot] tds-481-gw0 (1024x768)
[08:22:54] [tds] screen tds-481-gw0 : x TallyPrime MANAGE EDU K: Company Da Book List of Receipt Vouchers Y: Data Space: Sekd Z: Exchange A Add Vch Q Search FinCom • ke Co Vch Type Receipt Receipt Receipt O: Import Vch No. 1 2 3 Total: E: Export M: E-mail P: Print For 2-Oct-26 Fl: Help F2: Date o Obd58 Date 2-Oct-26 2-Oct-26 2-Oct-26 Unity Quit Particulars Share Party Spike Income Spike Income Enter: Alter Debit Amount Credit Amount 500.00 700.00 700.00 1,900.00 U: Restore Line Company to ru Voucher 47b3- Type 0937- acep DuÅicate Vch I Insert Vch Delete x: Cancel Vch F 7: Show profit Columnar FIO B: Basis of = Values Change ¯ View...
[keys] '{ESC}' -> Tally 'TallyPrime:9000'
[shot] tds-482-gw1 (1024x768)
[08:22:58] [tds] screen tds-482-gw1 : TallyPrime MANAGE EDU K: Company Gatewa of Tall CURRENT PERIOD I-Apr-26 to 31-Mar-27 NAME OF COMPANY FinCom Spike Co Y: Data Z: Exchange O: Import E: Export M: E-mail p: pnnt x Fl: Help Date Company o Obd58 to ru 47b3- 0937- acep afec— 0937- acep .337. 3—ecb ening 'db3e4 ing j _id" : 3-011' ' , "orc fec—c Mode Q CURRENT OATE Friday, 2-Oct-2026 2-Oct-26 Search Gateway of Tally MASTERS Create Alter CHart of Accounts TRANSACTIONS Vouchers Day 800K UTILITIES BaNking REPORTS Balance Sheet Profit & Loss A/c Stock Summary Ratio Analysis Display More Reports Quit Unity Windows Server 2025 Datacenter B...
  voucher mid=1 aid=1 Journal/1/20260401 guid=54bedff5-92fe-437d-85c8-74d1712959f4-00000001 cancelled=False
  voucher mid=2 aid=2 Journal/2/20261001 guid=54bedff5-92fe-437d-85c8-74d1712959f4-00000002 cancelled=False
  voucher mid=3 aid=3 Journal/3/20261001 guid=54bedff5-92fe-437d-85c8-74d1712959f4-00000003 cancelled=False
  voucher mid=4 aid=4 Journal/4/20261001 guid=54bedff5-92fe-437d-85c8-74d1712959f4-00000004 cancelled=False
  voucher mid=5 aid=5 Journal/5/20261001 guid=54bedff5-92fe-437d-85c8-74d1712959f4-00000005 cancelled=False
  voucher mid=6 aid=6 Payroll/1/20261001 guid=54bedff5-92fe-437d-85c8-74d1712959f4-00000006 cancelled=False
  voucher mid=7 aid=7 Sales/1/20261002 guid=54bedff5-92fe-437d-85c8-74d1712959f4-00000007 cancelled=False
  voucher mid=8 aid=8 Receipt/1/20261002 guid=54bedff5-92fe-437d-85c8-74d1712959f4-00000008 cancelled=False
  voucher mid=9 aid=9 Receipt/2/20261002 guid=54bedff5-92fe-437d-85c8-74d1712959f4-00000009 cancelled=False
  voucher mid=10 aid=10 Payment/1/20261002 guid=54bedff5-92fe-437d-85c8-74d1712959f4-0000000a cancelled=False
  voucher mid=11 aid=11 Payment/2/20261002 guid=54bedff5-92fe-437d-85c8-74d1712959f4-0000000b cancelled=False
  voucher mid=12 aid=12 Contra/1/20261002 guid=54bedff5-92fe-437d-85c8-74d1712959f4-0000000c cancelled=False
  voucher mid=13 aid=13 Journal/6/20261002 guid=54bedff5-92fe-437d-85c8-74d1712959f4-0000000d cancelled=False
  voucher mid=14 aid=14 Journal/7/20261002 guid=54bedff5-92fe-437d-85c8-74d1712959f4-0000000e cancelled=False
  voucher mid=15 aid=15 Sales/2/20261002 guid=54bedff5-92fe-437d-85c8-74d1712959f4-0000000f cancelled=False
  voucher mid=16 aid=16 Sales/3/20261002 guid=54bedff5-92fe-437d-85c8-74d1712959f4-00000010 cancelled=False
  voucher mid=17 aid=17 Sales/4/20261002 guid=54bedff5-92fe-437d-85c8-74d1712959f4-00000011 cancelled=False
  voucher mid=18 aid=18 Purchase/1/20261002 guid=54bedff5-92fe-437d-85c8-74d1712959f4-00000012 cancelled=False
  voucher mid=19 aid=19 Purchase/2/20261002 guid=54bedff5-92fe-437d-85c8-74d1712959f4-00000013 cancelled=False
  voucher mid=20 aid=20 Credit Note/1/20261002 guid=54bedff5-92fe-437d-85c8-74d1712959f4-00000014 cancelled=False
  voucher mid=21 aid=21 Journal/8/20261002 guid=54bedff5-92fe-437d-85c8-74d1712959f4-00000015 cancelled=False
  voucher mid=22 aid=22 Receipt/3/20261002 guid=54bedff5-92fe-437d-85c8-74d1712959f4-00000016 cancelled=False
  INFO share copy-receipt-plain (Alt+2 copy of the receipt with no party): Tally Receipt 3 mid 22; stored party 'Cash' bills []; the line party 'Cash' bills []; lines voucher_accept_post x1, voucher_full x1
######## ANSWERED hang3 step 18 copy-receipt-plain: after copy-receipt-plain: 2.3.4 object answered (12 ms, the entry in it); 2.3.3 by master answered (32 ms, the entry in it); Tally answers after: True; started again: ; 2.3.3 after the restart: 
[08:23:01] ---- share alter-receipt-plain: alteration: the receipt with no party, its amount 700 -> 800
  voucher mid=1 aid=1 Journal/1/20260401 guid=54bedff5-92fe-437d-85c8-74d1712959f4-00000001 cancelled=False
  voucher mid=2 aid=2 Journal/2/20261001 guid=54bedff5-92fe-437d-85c8-74d1712959f4-00000002 cancelled=False
  voucher mid=3 aid=3 Journal/3/20261001 guid=54bedff5-92fe-437d-85c8-74d1712959f4-00000003 cancelled=False
  voucher mid=4 aid=4 Journal/4/20261001 guid=54bedff5-92fe-437d-85c8-74d1712959f4-00000004 cancelled=False
  voucher mid=5 aid=5 Journal/5/20261001 guid=54bedff5-92fe-437d-85c8-74d1712959f4-00000005 cancelled=False
  voucher mid=6 aid=6 Payroll/1/20261001 guid=54bedff5-92fe-437d-85c8-74d1712959f4-00000006 cancelled=False
  voucher mid=7 aid=7 Sales/1/20261002 guid=54bedff5-92fe-437d-85c8-74d1712959f4-00000007 cancelled=False
  voucher mid=8 aid=8 Receipt/1/20261002 guid=54bedff5-92fe-437d-85c8-74d1712959f4-00000008 cancelled=False
  voucher mid=9 aid=9 Receipt/2/20261002 guid=54bedff5-92fe-437d-85c8-74d1712959f4-00000009 cancelled=False
  voucher mid=10 aid=10 Payment/1/20261002 guid=54bedff5-92fe-437d-85c8-74d1712959f4-0000000a cancelled=False
  voucher mid=11 aid=11 Payment/2/20261002 guid=54bedff5-92fe-437d-85c8-74d1712959f4-0000000b cancelled=False
  voucher mid=12 aid=12 Contra/1/20261002 guid=54bedff5-92fe-437d-85c8-74d1712959f4-0000000c cancelled=False
  voucher mid=13 aid=13 Journal/6/20261002 guid=54bedff5-92fe-437d-85c8-74d1712959f4-0000000d cancelled=False
  voucher mid=14 aid=14 Journal/7/20261002 guid=54bedff5-92fe-437d-85c8-74d1712959f4-0000000e cancelled=False
  voucher mid=15 aid=15 Sales/2/20261002 guid=54bedff5-92fe-437d-85c8-74d1712959f4-0000000f cancelled=False
  voucher mid=16 aid=16 Sales/3/20261002 guid=54bedff5-92fe-437d-85c8-74d1712959f4-00000010 cancelled=False
  voucher mid=17 aid=17 Sales/4/20261002 guid=54bedff5-92fe-437d-85c8-74d1712959f4-00000011 cancelled=False
  voucher mid=18 aid=18 Purchase/1/20261002 guid=54bedff5-92fe-437d-85c8-74d1712959f4-00000012 cancelled=False
  voucher mid=19 aid=19 Purchase/2/20261002 guid=54bedff5-92fe-437d-85c8-74d1712959f4-00000013 cancelled=False
  voucher mid=20 aid=20 Credit Note/1/20261002 guid=54bedff5-92fe-437d-85c8-74d1712959f4-00000014 cancelled=False
  voucher mid=21 aid=21 Journal/8/20261002 guid=54bedff5-92fe-437d-85c8-74d1712959f4-00000015 cancelled=False
  voucher mid=22 aid=22 Receipt/3/20261002 guid=54bedff5-92fe-437d-85c8-74d1712959f4-00000016 cancelled=False
[shot] tds-483-gw0 (1024x768)
[08:23:02] [tds] screen tds-483-gw0 : TallyPrime MANAGE EDU K: Company Gatewa of Tall CURRENT PERIOD I-Apr-26 to 31-Mar-27 NAME OF COMPANY FinCom Spike Co Y: Data Z: Exchange O: Import E: Export M: E-mail p: pnnt x Fl: Help Date Company o Obd58 to ru 47b3- 0937- acep afec— 0937- acep .337. 3—ecb ening 'db3e4 ing j _id" : 3-011' ' , "orc fec—c Mode Q CURRENT OATE Friday, 2-Oct-2026 2-Oct-26 Search Gateway of Tally MASTERS Create Alter CHart of Accounts TRANSACTIONS Vouchers Day 800K UTILITIES BaNking REPORTS Balance Sheet Profit & Loss A/c Stock Summary Ratio Analysis Display More Reports Quit Unity Windows Server 2025 Datacenter B...
[keys] '%g' -> Tally 'TallyPrime:9000'
[shot] tds-484-A1-goto (1024x768)
[08:23:06] [tds] screen tds-484-A1-goto : x R CEDU Unity Quit TallyPrime MANAGE K: Company Y: Data List of Re Z: Exchange FinCom Spike Co O: Import E: Export M: E-mail p: pnnt Fl: Help x Its Create Voucher Create Master Alter Master Expand All Show More Saved Views Common Reports Balance Sheet Profit & Loss A/c Cash/Bank Book Day Book Ledger Vouchers Stock Summary Trial Balance Bills Receivable Bills Payable Master and Voucher Statistics Stock Query Chart of Accounts Final Accounts Reports Receivables & Payables Reports Banking Utilities Ledger Reports Group Reports Voucher Reports Registers Cost Centre Reports o Obd58 to ru 47b3- 093...
[keys] 'Day Book' -> Tally 'TallyPrime:9000'
[keys] '{ENTER}' -> Tally 'TallyPrime:9000'
[shot] tds-485-A1-daybook (1024x768)
[08:23:13] [tds] screen tds-485-A1-daybook : x TallyPrime MANAGE EDU K: Company Da Book Day Book Y: Data Space: Sekd Z: Exchange A Add Vch Q Search FinCom • ke Co Vch Type Contra Payment Payment Receipt Receipt Receipt Journal Journal Journal Credit Note Sales Sales Sales Sales Purchase Purchase O: Import Vch No. 1 1 2 1 2 3 6 7 8 1 1 2 3 4 1 2 E: Export M: E-mail P: Print For 2-Oct-26 Fl: Help F2: Date o Obd58 Company to ru Voucher Date 2-Oct-26 2-Oct-26 2-Oct-26 2-Oct-26 2-Oct-26 2-Oct-26 2-Oct-26 2-Oct-26 2-Oct-26 2-Oct-26 2-Oct-26 2-Oct-26 2-Oct-26 2-Oct-26 2-Oct-26 2-Oct-26 Unity Quit Particulars Cash Share Supplier Share Expense Sh...
[keys] '{F2}' -> Tally 'TallyPrime:9000'
[shot] tds-486-A1-db-date (1024x768)
[08:23:16] [tds] screen tds-486-A1-db-date : TallyPrime MANAGE EDU K: Company Change Date Unity Quit Y: Data Z: Exchange A Accept Q Search O: Import E: Export M: E-mail p: pnnt x Fl: Help FinCom Spike Co Change Date 2-10-2026 o Obd58 to ru 47b3- 0937- acep afec— 0937- acep .337. 3—ecb ening 'db3e4 ing j _id" : 3-011' ' , "orc fec—c Mode Windows Server 2025 Datacenter Build 26100.ge_release240331-1435 8:23 AM 10/8/2026
[keys] '2-10-2026{ENTER}' -> Tally 'TallyPrime:9000'
[shot] tds-487-A1-db-dated (1024x768)
[08:23:21] [tds] screen tds-487-A1-db-dated : x TallyPrime MANAGE EDU K: Company Da Book Day Book Y: Data Space: Sekd Z: Exchange A Add Vch Q Search FinCom • ke Co Vch Type Contra Payment Payment Receipt Receipt Receipt Journal Journal Journal Credit Note Sales Sales Sales Sales Purchase Purchase O: Import Vch No. 1 1 2 1 2 3 6 7 8 1 1 2 3 4 1 2 E: Export M: E-mail P: Print For 2-Oct-26 Fl: Help F2: Date o Obd58 Company to ru Voucher Date 2-Oct-26 2-Oct-26 2-Oct-26 2-Oct-26 2-Oct-26 2-Oct-26 2-Oct-26 2-Oct-26 2-Oct-26 2-Oct-26 2-Oct-26 2-Oct-26 2-Oct-26 2-Oct-26 2-Oct-26 2-Oct-26 Unity Quit Particulars Cash Share Supplier Share Expense Sh...
[keys] '{F4}' -> Tally 'TallyPrime:9000'
[shot] tds-488-A1-db-type (1024x768)
[08:23:24] [tds] screen tds-488-A1-db-type : TallyPrime MANAGE EDU K: Company Change Voucher Type Unity Quit Y: Data Z: Exchange O: Import E: Export M: E-mail p: pnnt x Fl: Help FinCom • ke Co Name of VoucherType Voucher T • All Items Contra Credit Note Debit Note Journal s Create Memorandum Payment Physical Stock Purchase Receipt Reversing Journal Sales Stock Journal A Accept Q Search o Obd58 to ru 47b3- 0937- acep afec— 0937- acep .337. 3—ecb ening 'db3e4 ing j _id" : 3-011' ' , "orc fec—c Mode Windows Server 2025 Datacenter Build 26100.ge_release240331-1435 8:23 AM 10/8/2026
[keys] 'Receipt{ENTER}' -> Tally 'TallyPrime:9000'
[shot] tds-489-A1-db-typed (1024x768)
[08:23:29] [tds] screen tds-489-A1-db-typed : x TallyPrime MANAGE EDU K: Company Da Book List of Receipt Vouchers Y: Data Space: Sekd Z: Exchange A Add Vch Q Search FinCom • ke Co Vch Type Receipt Receipt Receipt O: Import Vch No. 1 2 3 Total: E: Export M: E-mail P: Print For 2-Oct-26 Fl: Help F2: Date o Obd58 Date 2-Oct-26 2-Oct-26 2-Oct-26 Unity Quit Particulars Share Party Spike Income Spike Income Enter: Alter Debit Amount Credit Amount 500.00 700.00 700.00 1,900.00 U: Restore Line Company to ru Voucher 47b3- Type 0937- acep DuÅicate Vch I Insert Vch Delete x: Cancel Vch F 7: Show profit Columnar FIO B: Basis of = Values Change ¯ View...
[keys] '{END}' -> Tally 'TallyPrime:9000'
[shot] tds-490-A1-db-last (1024x768)
[08:23:32] [tds] screen tds-490-A1-db-last : x TallyPrime MANAGE EDU K: Company Da Book List of Receipt Vouchers Y: Data Space: Sekd Z: Exchange A Add Vch Q Search FinCom • ke Co Vch Type Receipt Receipt Receipt O: Import Vch No. 1 2 3 Total: E: Export M: E-mail P: Print For 2-Oct-26 Fl: Help F2: Date o Obd58 Date 2-Oct-26 2-Oct-26 2-Oct-26 Unity Quit Particulars Share Party Spike Income Spike Income Enter: Alter Debit Amount Credit Amount 500.00 700.00 700.00 1,900.00 U: Restore Line Company to ru Voucher 47b3- Type 0937- acep DuÅicate Vch I Insert Vch Delete x: Cancel Vch F 7: Show profit Columnar FIO B: Basis of = Values Change ¯ View...
[keys] '{UP}' -> Tally 'TallyPrime:9000'
[shot] tds-491-A1-up (1024x768)
[08:23:35] [tds] screen tds-491-A1-up : x TallyPrime MANAGE EDU K: Company Da Book List of Receipt Vouchers Y: Data Space: Sekd Z: Exchange A Add Vch Q Search FinCom • ke Co Vch Type Receipt Receipt Receipt O: Import Vch No. 1 2 3 Total: E: Export M: E-mail P: Print For 2-Oct-26 Fl: Help F2: Date o Obd58 Date 2-Oct-26 2-Oct-26 2-Oct-26 Unity Quit Particulars Share Party Spike Income Spike Income Enter: Alter Debit Amount Credit Amount 500.00 700.00 700.00 1,900.00 U: Restore Line Company to ru Voucher 47b3- Type 0937- acep DuÅicate Vch I Insert Vch Delete x: Cancel Vch F 7: Show profit Columnar FIO B: Basis of = Values Change ¯ View...
[keys] '{ENTER}' -> Tally 'TallyPrime:9000'
[shot] tds-492-A1-open (1024x768)
[08:23:40] [tds] screen tds-492-A1-open : x TallyPrime MANAGE EDU K: Company Y: Data Accounting Voucher Alteration (Secondary 58 Recei t No. 2 • Account Cash Current balance: 1,000.00 Dr Particulars Spike Income CurBal: 6,900.00 Cr Share Emp 1 Z: Exchange 700.00 Cr A Accept Q Search O: Import E: Export M: E-mail FinCom • ke Co p: print x a-Oct-26 Friday Amount 700.00 700.00 Fl: Help Q: Date Company Ed: Contra Payment F-6: Receipt : Journal Sales o Obd58 to ru 47b3- 0937- acep afec— Purchase 0937- Fl O: OåuVooctgs Narration: share receipt plain Quit E: Autofill Change Mode More Details O: Related ¯ Repons Optional post -Dated J: Stat a...
[keys] '{ENTER}' -> Tally 'TallyPrime:9000'
[keys] '{ENTER}' -> Tally 'TallyPrime:9000'
[keys] '{ENTER}' -> Tally 'TallyPrime:9000'
[shot] tds-493-A1-at-amount (1024x768)
[08:23:48] [tds] screen tds-493-A1-at-amount : x TallyPrime MANAGE EDU K: Company Y: Data Accounting Voucher Alteration (Secondary 58 Recei t No. 2 • Account Cash Current balance: 1,000.00 Dr Particulars Spike Income CurBal: 6,900.00 Cr Share Emp 1 Z: Exchange 700.00 Cr A Accept Q Search O: Import E: Export M: E-mail FinCom • ke Co p: print x 2-Oct-26 Friday Amount 700.00 700.00 Fl: Help Q: Date Company Ed: Contra Payment F-6: Receipt : Journal Sales o Obd58 to ru 47b3- 0937- acep afec— Purchase 0937- Fl O: OåuVooctgs Narration: share receipt plain Quit E: Autofill Change Mode More Details O: Related ¯ Repons Optional post -Dated J: Stat a...
[keys] '800{ENTER}' -> Tally 'TallyPrime:9000'
[shot] tds-494-A1-amount (1024x768)
[08:23:51] [tds] screen tds-494-A1-amount : x TallyPrime MANAGE EDU K: Company Y: Data Accounting Voucher Alteration (Secondary 58 Z: Exchange 800.00 Cr A Accept Q Search O: Import E: Export M: E-mail FinCom • ke Co Recei t No. 2 • Account Cash Current balance: 1, 100.00 Dr Particulars Spike Income CurBa1: 7,000.00 Cr Share Em 1 Narration: share receipt plain Quit p: print x 2-Oct-26 Friday Amount 800.00 800.00 Fl: Help Q: Date Company Ed: Contra Payment F-6: Receipt : Journal Sales o Obd58 to ru 47b3- 0937- acep afec— Purchase 0937- Fl O: OåuVooctgs E: Autofill Change Mode More Details O: Related ¯ Repons Optional post -Dated J: Stat a...
[keys] '^a' -> Tally 'TallyPrime:9000'
[shot] tds-495-A1-accept1 (1024x768)
[08:23:56] [tds] screen tds-495-A1-accept1 : x TallyPrime MANAGE EDU K: Company Da Book List of Receipt Vouchers Y: Data Space: Sekd Z: Exchange A Add Vch Q Search FinCom • ke Co Vch Type Receipt Receipt Receipt O: Import Vch No. 1 2 3 Total: E: Export M: E-mail P: Print For 2-Oct-26 Fl: Help F2: Date o Obd58 Date 2-Oct-26 2-Oct-26 2-Oct-26 Unity Quit Particulars Share Party Spike Income Spike Income Enter: Alter Debit Amount Credit Amount 500.00 800.00 700.00 2,000.00 U: Restore Line Company to ru Voucher 47b3- Type 0937- acep DuÅicate Vch I Insert Vch Delete x: Cancel Vch F 7: Show profit Columnar FIO B: Basis of = Values Change ¯ View...
[shot] tds-496-A1-after1 (1024x768)
[08:23:57] [tds] screen tds-496-A1-after1 : x TallyPrime MANAGE EDU K: Company Da Book List of Receipt Vouchers Y: Data Space: Sekd Z: Exchange A Add Vch Q Search FinCom • ke Co Vch Type Receipt Receipt Receipt O: Import Vch No. 1 2 3 Total: E: Export M: E-mail P: Print For 2-Oct-26 Fl: Help F2: Date o Obd58 Date 2-Oct-26 2-Oct-26 2-Oct-26 Unity Quit Particulars Share Party Spike Income Spike Income Enter: Alter Debit Amount Credit Amount 500.00 800.00 700.00 2,000.00 U: Restore Line Company to ru Voucher 47b3- Type 0937- acep DuÅicate Vch I Insert Vch Delete x: Cancel Vch F 7: Show profit Columnar FIO B: Basis of = Values Change ¯ View...
[shot] tds-497-gw0 (1024x768)
[08:23:58] [tds] screen tds-497-gw0 : x TallyPrime MANAGE EDU K: Company Da Book List of Receipt Vouchers Y: Data Space: Sekd Z: Exchange A Add Vch Q Search FinCom • ke Co Vch Type Receipt Receipt Receipt O: Import Vch No. 1 2 3 Total: E: Export M: E-mail P: Print For 2-Oct-26 Fl: Help F2: Date o Obd58 Date 2-Oct-26 2-Oct-26 2-Oct-26 Unity Quit Particulars Share Party Spike Income Spike Income Enter: Alter Debit Amount Credit Amount 500.00 800.00 700.00 2,000.00 U: Restore Line Company to ru Voucher 47b3- Type 0937- acep DuÅicate Vch I Insert Vch Delete x: Cancel Vch F 7: Show profit Columnar FIO B: Basis of = Values Change ¯ View...
[keys] '{ESC}' -> Tally 'TallyPrime:9000'
[shot] tds-498-gw1 (1024x768)
[08:24:02] [tds] screen tds-498-gw1 : TallyPrime MANAGE EDU K: Company Gatewa of Tall CURRENT PERIOD I-Apr-26 to 31-Mar-27 NAME OF COMPANY FinCom Spike Co Y: Data Z: Exchange O: Import E: Export M: E-mail p: pnnt x Fl: Help Date Company o Obd58 to ru 47b3- 0937- acep afec— 0937- acep .337. 3—ecb ening 'db3e4 ing j _id" : 3-011' ' , "orc fec—c Mode Q CURRENT OATE Friday, 2-Oct-2026 2-Oct-26 Search Gateway of Tally MASTERS Create Alter CHart of Accounts TRANSACTIONS Vouchers Day 800K UTILITIES BaNking REPORTS Balance Sheet Profit & Loss A/c Stock Summary Ratio Analysis Display More Reports Quit Unity Windows Server 2025 Datacenter B...
  voucher mid=1 aid=1 Journal/1/20260401 guid=54bedff5-92fe-437d-85c8-74d1712959f4-00000001 cancelled=False
  voucher mid=2 aid=2 Journal/2/20261001 guid=54bedff5-92fe-437d-85c8-74d1712959f4-00000002 cancelled=False
  voucher mid=3 aid=3 Journal/3/20261001 guid=54bedff5-92fe-437d-85c8-74d1712959f4-00000003 cancelled=False
  voucher mid=4 aid=4 Journal/4/20261001 guid=54bedff5-92fe-437d-85c8-74d1712959f4-00000004 cancelled=False
  voucher mid=5 aid=5 Journal/5/20261001 guid=54bedff5-92fe-437d-85c8-74d1712959f4-00000005 cancelled=False
  voucher mid=6 aid=6 Payroll/1/20261001 guid=54bedff5-92fe-437d-85c8-74d1712959f4-00000006 cancelled=False
  voucher mid=7 aid=7 Sales/1/20261002 guid=54bedff5-92fe-437d-85c8-74d1712959f4-00000007 cancelled=False
  voucher mid=8 aid=8 Receipt/1/20261002 guid=54bedff5-92fe-437d-85c8-74d1712959f4-00000008 cancelled=False
  voucher mid=9 aid=23 Receipt/2/20261002 guid=54bedff5-92fe-437d-85c8-74d1712959f4-00000009 cancelled=False
  voucher mid=10 aid=10 Payment/1/20261002 guid=54bedff5-92fe-437d-85c8-74d1712959f4-0000000a cancelled=False
  voucher mid=11 aid=11 Payment/2/20261002 guid=54bedff5-92fe-437d-85c8-74d1712959f4-0000000b cancelled=False
  voucher mid=12 aid=12 Contra/1/20261002 guid=54bedff5-92fe-437d-85c8-74d1712959f4-0000000c cancelled=False
  voucher mid=13 aid=13 Journal/6/20261002 guid=54bedff5-92fe-437d-85c8-74d1712959f4-0000000d cancelled=False
  voucher mid=14 aid=14 Journal/7/20261002 guid=54bedff5-92fe-437d-85c8-74d1712959f4-0000000e cancelled=False
  voucher mid=15 aid=15 Sales/2/20261002 guid=54bedff5-92fe-437d-85c8-74d1712959f4-0000000f cancelled=False
  voucher mid=16 aid=16 Sales/3/20261002 guid=54bedff5-92fe-437d-85c8-74d1712959f4-00000010 cancelled=False
  voucher mid=17 aid=17 Sales/4/20261002 guid=54bedff5-92fe-437d-85c8-74d1712959f4-00000011 cancelled=False
  voucher mid=18 aid=18 Purchase/1/20261002 guid=54bedff5-92fe-437d-85c8-74d1712959f4-00000012 cancelled=False
  voucher mid=19 aid=19 Purchase/2/20261002 guid=54bedff5-92fe-437d-85c8-74d1712959f4-00000013 cancelled=False
  voucher mid=20 aid=20 Credit Note/1/20261002 guid=54bedff5-92fe-437d-85c8-74d1712959f4-00000014 cancelled=False
  voucher mid=21 aid=21 Journal/8/20261002 guid=54bedff5-92fe-437d-85c8-74d1712959f4-00000015 cancelled=False
  voucher mid=22 aid=22 Receipt/3/20261002 guid=54bedff5-92fe-437d-85c8-74d1712959f4-00000016 cancelled=False
  INFO share alter-receipt-plain (alteration: the receipt with no party, its amount 700 -> 800): Tally Receipt 2 mid 9; stored party 'Cash' bills []; the line party 'Cash' bills []; lines voucher_accept_post x1, voucher_accept_pre x1, voucher_full x1
######## ANSWERED hang3 step 19 alter-receipt-plain: after alter-receipt-plain: 2.3.4 object answered (10 ms, the entry in it); 2.3.3 by master answered (31 ms, the entry in it); Tally answers after: True; started again: ; 2.3.3 after the restart: 
[08:24:05] ---- share alter-sales-new: alteration: the New Ref sales invoice saved again unchanged (opened, Ctrl+A)
  voucher mid=1 aid=1 Journal/1/20260401 guid=54bedff5-92fe-437d-85c8-74d1712959f4-00000001 cancelled=False
  voucher mid=2 aid=2 Journal/2/20261001 guid=54bedff5-92fe-437d-85c8-74d1712959f4-00000002 cancelled=False
  voucher mid=3 aid=3 Journal/3/20261001 guid=54bedff5-92fe-437d-85c8-74d1712959f4-00000003 cancelled=False
  voucher mid=4 aid=4 Journal/4/20261001 guid=54bedff5-92fe-437d-85c8-74d1712959f4-00000004 cancelled=False
  voucher mid=5 aid=5 Journal/5/20261001 guid=54bedff5-92fe-437d-85c8-74d1712959f4-00000005 cancelled=False
  voucher mid=6 aid=6 Payroll/1/20261001 guid=54bedff5-92fe-437d-85c8-74d1712959f4-00000006 cancelled=False
  voucher mid=7 aid=7 Sales/1/20261002 guid=54bedff5-92fe-437d-85c8-74d1712959f4-00000007 cancelled=False
  voucher mid=8 aid=8 Receipt/1/20261002 guid=54bedff5-92fe-437d-85c8-74d1712959f4-00000008 cancelled=False
  voucher mid=9 aid=23 Receipt/2/20261002 guid=54bedff5-92fe-437d-85c8-74d1712959f4-00000009 cancelled=False
  voucher mid=10 aid=10 Payment/1/20261002 guid=54bedff5-92fe-437d-85c8-74d1712959f4-0000000a cancelled=False
  voucher mid=11 aid=11 Payment/2/20261002 guid=54bedff5-92fe-437d-85c8-74d1712959f4-0000000b cancelled=False
  voucher mid=12 aid=12 Contra/1/20261002 guid=54bedff5-92fe-437d-85c8-74d1712959f4-0000000c cancelled=False
  voucher mid=13 aid=13 Journal/6/20261002 guid=54bedff5-92fe-437d-85c8-74d1712959f4-0000000d cancelled=False
  voucher mid=14 aid=14 Journal/7/20261002 guid=54bedff5-92fe-437d-85c8-74d1712959f4-0000000e cancelled=False
  voucher mid=15 aid=15 Sales/2/20261002 guid=54bedff5-92fe-437d-85c8-74d1712959f4-0000000f cancelled=False
  voucher mid=16 aid=16 Sales/3/20261002 guid=54bedff5-92fe-437d-85c8-74d1712959f4-00000010 cancelled=False
  voucher mid=17 aid=17 Sales/4/20261002 guid=54bedff5-92fe-437d-85c8-74d1712959f4-00000011 cancelled=False
  voucher mid=18 aid=18 Purchase/1/20261002 guid=54bedff5-92fe-437d-85c8-74d1712959f4-00000012 cancelled=False
  voucher mid=19 aid=19 Purchase/2/20261002 guid=54bedff5-92fe-437d-85c8-74d1712959f4-00000013 cancelled=False
  voucher mid=20 aid=20 Credit Note/1/20261002 guid=54bedff5-92fe-437d-85c8-74d1712959f4-00000014 cancelled=False
  voucher mid=21 aid=21 Journal/8/20261002 guid=54bedff5-92fe-437d-85c8-74d1712959f4-00000015 cancelled=False
  voucher mid=22 aid=22 Receipt/3/20261002 guid=54bedff5-92fe-437d-85c8-74d1712959f4-00000016 cancelled=False
[shot] tds-499-gw0 (1024x768)
[08:24:06] [tds] screen tds-499-gw0 : TallyPrime MANAGE EDU K: Company Gatewa of Tall CURRENT PERIOD I-Apr-26 to 31-Mar-27 NAME OF COMPANY FinCom Spike Co Y: Data Z: Exchange O: Import E: Export M: E-mail p: pnnt x Fl: Help Date Company o Obd58 to ru 47b3- 0937- acep afec— 0937- acep .337. 3—ecb ening 'db3e4 ing j _id" : 3-011' ' , "orc fec—c Mode Q CURRENT OATE Friday, 2-Oct-2026 2-Oct-26 Search Gateway of Tally MASTERS Create Alter CHart of Accounts TRANSACTIONS Vouchers Day 800K UTILITIES BaNking REPORTS Balance Sheet Profit & Loss A/c Stock Summary Ratio Analysis Display More Reports Quit Unity Windows Server 2025 Datacenter B...
[keys] '%g' -> Tally 'TallyPrime:9000'
[shot] tds-500-A3-goto (1024x768)
[08:24:09] [tds] screen tds-500-A3-goto : x R CEDU Unity Quit TallyPrime MANAGE K: Company Y: Data List of Re Z: Exchange FinCom Spike Co O: Import E: Export M: E-mail p: pnnt Fl: Help x Its Create Voucher Create Master Alter Master Expand All Show More Saved Views Common Reports Balance Sheet Profit & Loss A/c Cash/Bank Book Day Book Ledger Vouchers Stock Summary Trial Balance Bills Receivable Bills Payable Master and Voucher Statistics Stock Query Chart of Accounts Final Accounts Reports Receivables & Payables Reports Banking Utilities Ledger Reports Group Reports Voucher Reports Registers Cost Centre Reports o Obd58 to ru 47b3- 093...
[keys] 'Day Book' -> Tally 'TallyPrime:9000'
[keys] '{ENTER}' -> Tally 'TallyPrime:9000'
[shot] tds-501-A3-daybook (1024x768)
[08:24:17] [tds] screen tds-501-A3-daybook : x TallyPrime MANAGE EDU K: Company Da Book Day Book Y: Data Space: Sekd Z: Exchange A Add Vch Q Search FinCom • ke Co Vch Type Contra Payment Payment Receipt Receipt Receipt Journal Journal Journal Credit Note Sales Sales Sales Sales Purchase Purchase O: Import Vch No. 1 1 2 1 2 3 6 7 8 1 1 2 3 4 1 2 E: Export M: E-mail P: Print For 2-Oct-26 Fl: Help F2: Date o Obd58 Company to ru Voucher Date 2-Oct-26 2-Oct-26 2-Oct-26 2-Oct-26 2-Oct-26 2-Oct-26 2-Oct-26 2-Oct-26 2-Oct-26 2-Oct-26 2-Oct-26 2-Oct-26 2-Oct-26 2-Oct-26 2-Oct-26 2-Oct-26 Unity Quit Particulars Cash Share Supplier Share Expense Sh...
[keys] '{F2}' -> Tally 'TallyPrime:9000'
[shot] tds-502-A3-db-date (1024x768)
[08:24:20] [tds] screen tds-502-A3-db-date : TallyPrime MANAGE EDU K: Company Change Date Unity Quit Y: Data Z: Exchange A Accept Q Search O: Import E: Export M: E-mail p: pnnt x Fl: Help FinCom Spike Co Change Date 2-10-2026 o Obd58 to ru 47b3- 0937- acep afec— 0937- acep .337. 3—ecb ening 'db3e4 ing j _id" : 3-011' ' , "orc fec—c Mode Windows Server 2025 Datacenter Build 26100.ge_release240331-1435 8:24 AM 10/8/2026
[keys] '2-10-2026{ENTER}' -> Tally 'TallyPrime:9000'
[shot] tds-503-A3-db-dated (1024x768)
[08:24:25] [tds] screen tds-503-A3-db-dated : x TallyPrime MANAGE EDU K: Company Da Book Day Book Y: Data Space: Sekd Z: Exchange A Add Vch Q Search FinCom • ke Co Vch Type Contra Payment Payment Receipt Receipt Receipt Journal Journal Journal Credit Note Sales Sales Sales Sales Purchase Purchase O: Import Vch No. 1 1 2 1 2 3 6 7 8 1 1 2 3 4 1 2 E: Export M: E-mail P: Print For 2-Oct-26 Fl: Help F2: Date o Obd58 Company to ru Voucher Date 2-Oct-26 2-Oct-26 2-Oct-26 2-Oct-26 2-Oct-26 2-Oct-26 2-Oct-26 2-Oct-26 2-Oct-26 2-Oct-26 2-Oct-26 2-Oct-26 2-Oct-26 2-Oct-26 2-Oct-26 2-Oct-26 Unity Quit Particulars Cash Share Supplier Share Expense Sh...
[keys] '{F4}' -> Tally 'TallyPrime:9000'
[shot] tds-504-A3-db-type (1024x768)
[08:24:28] [tds] screen tds-504-A3-db-type : TallyPrime MANAGE EDU K: Company Change Voucher Type Unity Quit Y: Data Z: Exchange O: Import E: Export M: E-mail p: pnnt x Fl: Help FinCom • ke Co Name of VoucherType Voucher T • All Items Contra Credit Note Debit Note Journal s Create Memorandum Payment Physical Stock Purchase Receipt Reversing Journal Sales Stock Journal A Accept Q Search o Obd58 to ru 47b3- 0937- acep afec— 0937- acep .337. 3—ecb ening 'db3e4 ing j _id" : 3-011' ' , "orc fec—c Mode Windows Server 2025 Datacenter Build 26100.ge_release240331-1435 8:24 AM 10/8/2026
[keys] 'Sales{ENTER}' -> Tally 'TallyPrime:9000'
[shot] tds-505-A3-db-typed (1024x768)
[08:24:33] [tds] screen tds-505-A3-db-typed : x TallyPrime MANAGE EDU K: Company Da Book List of Sales Vouchers Y: Data Space: Sekd Z: Exchange A Add Vch Q Search FinCom • ke Co Vch Type Sales Sales Sales Sales O: Import Vch No. 1 2 3 4 Total: E: Export M: E-mail P: Print For 2-Oct-26 Fl: Help F2: Date o Obd58 Date 2-Oct-26 2-Oct-26 2-Oct-26 2-Oct-26 Unity Quit Particulars Share Party Share Party Share Party Share Party Enter: Alter Debit Amount 150.00 200.00 200.00 300.00 850.00 Credit Amount U: Restore Line Company to ru Voucher 47b3- Type 0937- acep DuÅicate Vch I Insert Vch Delete x: Cancel Vch F7: Show profit Columnar FIO B: Basis of...
[keys] '{END}' -> Tally 'TallyPrime:9000'
[shot] tds-506-A3-db-last (1024x768)
[08:24:36] [tds] screen tds-506-A3-db-last : x TallyPrime MANAGE EDU K: Company Da Book List of Sales Vouchers Y: Data Space: Sekd Z: Exchange A Add Vch Q Search FinCom • ke Co Vch Type Sales Sales Sales Sales O: Import Vch No. 1 2 3 4 Total: E: Export M: E-mail P: Print For 2-Oct-26 Fl: Help F2: Date o Obd58 Date 2-Oct-26 2-Oct-26 2-Oct-26 2-Oct-26 Unity Quit Particulars Share Party Share Party Share Party Share Party Enter: Alter Debit Amount 150.00 200.00 200.00 300.00 850.00 Credit Amount U: Restore Line Company to ru Voucher 47b3- Type 0937- acep DuÅicate Vch I Insert Vch Delete x: Cancel Vch F7: Show profit Columnar FIO B: Basis of...
[keys] '{HOME}' -> Tally 'TallyPrime:9000'
[shot] tds-507-A3-first (1024x768)
[08:24:39] [tds] screen tds-507-A3-first : x TallyPrime MANAGE EDU K: Company Da Book List of Sales Vouchers Y: Data Space: Sekd Z: Exchange A Add Vch Q Search FinCom • ke Co Vch Type Sales Sales Sales Sales O: Import Vch No. 1 2 3 4 Total: E: Export M: E-mail P: Print For 2-Oct-26 Fl: Help F2: Date o Obd58 Date 2-Oct-26 2-Oct-26 2-Oct-26 2-Oct-26 Unity Quit Particulars Share Party Share Party Share Party Share Party Enter: Alter Debit Amount 150.00 200.00 200.00 300.00 850.00 Credit Amount U: Restore Line Company to ru Voucher 47b3- Type 0937- acep DuÅicate Vch I Insert Vch Delete x: Cancel Vch F7: Show profit Columnar FIO B: Basis of...
[keys] '{ENTER}' -> Tally 'TallyPrime:9000'
[shot] tds-508-A3-open (1024x768)
[08:24:44] [tds] screen tds-508-A3-open : x TallyPrime MANAGE EDU K: Company Y: Data Accounting Voucher Alteration (Secondary 58 Z: Exchange 150.00 Dr A Accept Q Search O: Import E: Export M: E-mail FinCom • ke Co p: print a-Oct-26 Friday Credit 150.00 150.00 Fl: Help Date o Obd58 By To Sales Particulars Share Party CurBal: 4,250.00 Dr New Ref SH-EI Share Sales CurBa1: 750.00 Cr Company to ru Debit 150.00 150.00 F4: Contra F5: Payment Receipt Journal F8: Sales Purchase Fl 0: 0åHVouctg•s F: Autofill Change Mode More Details o: Related Reports Optional post -Dated 47b3- 0937- acep afec— 0937- acep .337. 3—ecb ening 'db3e4 ing j _id" : 3...
[keys] '^a' -> Tally 'TallyPrime:9000'
[shot] tds-509-A3-accept1 (1024x768)
[08:24:49] [tds] screen tds-509-A3-accept1 : x TallyPrime MANAGE EDU K: Company Da Book List of Sales Vouchers Y: Data Space: Sekd Z: Exchange A Add Vch Q Search FinCom • ke Co Vch Type Sales Sales Sales Sales O: Import Vch No. 1 2 3 4 Total: E: Export M: E-mail P: Print For 2-Oct-26 Fl: Help F2: Date o Obd58 Date 2-Oct-26 2-Oct-26 2-Oct-26 2-Oct-26 Unity Quit Particulars Share Party Share Party Share Party Share Party Enter: Alter Debit Amount 150.00 200.00 200.00 300.00 850.00 Credit Amount U: Restore Line Company to ru Voucher 47b3- Type 0937- acep DuÅicate Vch I Insert Vch Delete x: Cancel Vch F7: Show profit Columnar FIO B: Basis of...
[shot] tds-510-A3-after1 (1024x768)
[08:24:50] [tds] screen tds-510-A3-after1 : x TallyPrime MANAGE EDU K: Company Da Book List of Sales Vouchers Y: Data Space: Sekd Z: Exchange A Add Vch Q Search FinCom • ke Co Vch Type Sales Sales Sales Sales O: Import Vch No. 1 2 3 4 Total: E: Export M: E-mail P: Print For 2-Oct-26 Fl: Help F2: Date o Obd58 Date 2-Oct-26 2-Oct-26 2-Oct-26 2-Oct-26 Unity Quit Particulars Share Party Share Party Share Party Share Party Enter: Alter Debit Amount 150.00 200.00 200.00 300.00 850.00 Credit Amount U: Restore Line Company to ru Voucher 47b3- Type 0937- acep DuÅicate Vch I Insert Vch Delete x: Cancel Vch F7: Show profit Columnar FIO B: Basis of...
[shot] tds-511-gw0 (1024x768)
[08:24:51] [tds] screen tds-511-gw0 : x TallyPrime MANAGE EDU K: Company Da Book List of Sales Vouchers Y: Data Space: Sekd Z: Exchange A Add Vch Q Search FinCom • ke Co Vch Type Sales Sales Sales Sales O: Import Vch No. 1 2 3 4 Total: E: Export M: E-mail P: Print For 2-Oct-26 Fl: Help F2: Date o Obd58 Date 2-Oct-26 2-Oct-26 2-Oct-26 2-Oct-26 Unity Quit Particulars Share Party Share Party Share Party Share Party Enter: Alter Debit Amount 150.00 200.00 200.00 300.00 850.00 Credit Amount U: Restore Line Company to ru Voucher 47b3- Type 0937- acep DuÅicate Vch I Insert Vch Delete x: Cancel Vch F7: Show profit Columnar FIO B: Basis of...
[keys] '{ESC}' -> Tally 'TallyPrime:9000'
[shot] tds-512-gw1 (1024x768)
[08:24:54] [tds] screen tds-512-gw1 : TallyPrime MANAGE EDU K: Company Gatewa of Tall CURRENT PERIOD I-Apr-26 to 31-Mar-27 NAME OF COMPANY FinCom Spike Co Y: Data Z: Exchange O: Import E: Export M: E-mail p: pnnt x Fl: Help Date Company o Obd58 to ru 47b3- 0937- acep afec— 0937- acep .337. 3—ecb ening 'db3e4 ing j _id" : 3-011' ' , "orc fec—c Mode Q CURRENT OATE Friday, 2-Oct-2026 2-Oct-26 Search Gateway of Tally MASTERS Create Alter CHart of Accounts TRANSACTIONS Vouchers Day 800K UTILITIES BaNking REPORTS Balance Sheet Profit & Loss A/c Stock Summary Ratio Analysis Display More Reports Quit Unity Windows Server 2025 Datacenter B...
  voucher mid=1 aid=1 Journal/1/20260401 guid=54bedff5-92fe-437d-85c8-74d1712959f4-00000001 cancelled=False
  voucher mid=2 aid=2 Journal/2/20261001 guid=54bedff5-92fe-437d-85c8-74d1712959f4-00000002 cancelled=False
  voucher mid=3 aid=3 Journal/3/20261001 guid=54bedff5-92fe-437d-85c8-74d1712959f4-00000003 cancelled=False
  voucher mid=4 aid=4 Journal/4/20261001 guid=54bedff5-92fe-437d-85c8-74d1712959f4-00000004 cancelled=False
  voucher mid=5 aid=5 Journal/5/20261001 guid=54bedff5-92fe-437d-85c8-74d1712959f4-00000005 cancelled=False
  voucher mid=6 aid=6 Payroll/1/20261001 guid=54bedff5-92fe-437d-85c8-74d1712959f4-00000006 cancelled=False
  voucher mid=7 aid=24 Sales/1/20261002 guid=54bedff5-92fe-437d-85c8-74d1712959f4-00000007 cancelled=False
  voucher mid=8 aid=8 Receipt/1/20261002 guid=54bedff5-92fe-437d-85c8-74d1712959f4-00000008 cancelled=False
  voucher mid=9 aid=23 Receipt/2/20261002 guid=54bedff5-92fe-437d-85c8-74d1712959f4-00000009 cancelled=False
  voucher mid=10 aid=10 Payment/1/20261002 guid=54bedff5-92fe-437d-85c8-74d1712959f4-0000000a cancelled=False
  voucher mid=11 aid=11 Payment/2/20261002 guid=54bedff5-92fe-437d-85c8-74d1712959f4-0000000b cancelled=False
  voucher mid=12 aid=12 Contra/1/20261002 guid=54bedff5-92fe-437d-85c8-74d1712959f4-0000000c cancelled=False
  voucher mid=13 aid=13 Journal/6/20261002 guid=54bedff5-92fe-437d-85c8-74d1712959f4-0000000d cancelled=False
  voucher mid=14 aid=14 Journal/7/20261002 guid=54bedff5-92fe-437d-85c8-74d1712959f4-0000000e cancelled=False
  voucher mid=15 aid=15 Sales/2/20261002 guid=54bedff5-92fe-437d-85c8-74d1712959f4-0000000f cancelled=False
  voucher mid=16 aid=16 Sales/3/20261002 guid=54bedff5-92fe-437d-85c8-74d1712959f4-00000010 cancelled=False
  voucher mid=17 aid=17 Sales/4/20261002 guid=54bedff5-92fe-437d-85c8-74d1712959f4-00000011 cancelled=False
  voucher mid=18 aid=18 Purchase/1/20261002 guid=54bedff5-92fe-437d-85c8-74d1712959f4-00000012 cancelled=False
  voucher mid=19 aid=19 Purchase/2/20261002 guid=54bedff5-92fe-437d-85c8-74d1712959f4-00000013 cancelled=False
  voucher mid=20 aid=20 Credit Note/1/20261002 guid=54bedff5-92fe-437d-85c8-74d1712959f4-00000014 cancelled=False
  voucher mid=21 aid=21 Journal/8/20261002 guid=54bedff5-92fe-437d-85c8-74d1712959f4-00000015 cancelled=False
  voucher mid=22 aid=22 Receipt/3/20261002 guid=54bedff5-92fe-437d-85c8-74d1712959f4-00000016 cancelled=False
######## ANSWERED hang3 step 20 alter-sales-new: after alter-sales-new: 2.3.4 object answered (11 ms, the entry in it); 2.3.3 by master answered (30 ms, the entry in it); Tally answers after: True; started again: ; 2.3.3 after the restart: 
[08:24:57] ---- share alter-receipt-agst: alteration: the receipt against SB-1 saved again unchanged (opened, Ctrl+A)
  voucher mid=1 aid=1 Journal/1/20260401 guid=54bedff5-92fe-437d-85c8-74d1712959f4-00000001 cancelled=False
  voucher mid=2 aid=2 Journal/2/20261001 guid=54bedff5-92fe-437d-85c8-74d1712959f4-00000002 cancelled=False
  voucher mid=3 aid=3 Journal/3/20261001 guid=54bedff5-92fe-437d-85c8-74d1712959f4-00000003 cancelled=False
  voucher mid=4 aid=4 Journal/4/20261001 guid=54bedff5-92fe-437d-85c8-74d1712959f4-00000004 cancelled=False
  voucher mid=5 aid=5 Journal/5/20261001 guid=54bedff5-92fe-437d-85c8-74d1712959f4-00000005 cancelled=False
  voucher mid=6 aid=6 Payroll/1/20261001 guid=54bedff5-92fe-437d-85c8-74d1712959f4-00000006 cancelled=False
  voucher mid=7 aid=24 Sales/1/20261002 guid=54bedff5-92fe-437d-85c8-74d1712959f4-00000007 cancelled=False
  voucher mid=8 aid=8 Receipt/1/20261002 guid=54bedff5-92fe-437d-85c8-74d1712959f4-00000008 cancelled=False
  voucher mid=9 aid=23 Receipt/2/20261002 guid=54bedff5-92fe-437d-85c8-74d1712959f4-00000009 cancelled=False
  voucher mid=10 aid=10 Payment/1/20261002 guid=54bedff5-92fe-437d-85c8-74d1712959f4-0000000a cancelled=False
  voucher mid=11 aid=11 Payment/2/20261002 guid=54bedff5-92fe-437d-85c8-74d1712959f4-0000000b cancelled=False
  voucher mid=12 aid=12 Contra/1/20261002 guid=54bedff5-92fe-437d-85c8-74d1712959f4-0000000c cancelled=False
  voucher mid=13 aid=13 Journal/6/20261002 guid=54bedff5-92fe-437d-85c8-74d1712959f4-0000000d cancelled=False
  voucher mid=14 aid=14 Journal/7/20261002 guid=54bedff5-92fe-437d-85c8-74d1712959f4-0000000e cancelled=False
  voucher mid=15 aid=15 Sales/2/20261002 guid=54bedff5-92fe-437d-85c8-74d1712959f4-0000000f cancelled=False
  voucher mid=16 aid=16 Sales/3/20261002 guid=54bedff5-92fe-437d-85c8-74d1712959f4-00000010 cancelled=False
  voucher mid=17 aid=17 Sales/4/20261002 guid=54bedff5-92fe-437d-85c8-74d1712959f4-00000011 cancelled=False
  voucher mid=18 aid=18 Purchase/1/20261002 guid=54bedff5-92fe-437d-85c8-74d1712959f4-00000012 cancelled=False
  voucher mid=19 aid=19 Purchase/2/20261002 guid=54bedff5-92fe-437d-85c8-74d1712959f4-00000013 cancelled=False
  voucher mid=20 aid=20 Credit Note/1/20261002 guid=54bedff5-92fe-437d-85c8-74d1712959f4-00000014 cancelled=False
  voucher mid=21 aid=21 Journal/8/20261002 guid=54bedff5-92fe-437d-85c8-74d1712959f4-00000015 cancelled=False
  voucher mid=22 aid=22 Receipt/3/20261002 guid=54bedff5-92fe-437d-85c8-74d1712959f4-00000016 cancelled=False
[shot] tds-513-gw0 (1024x768)
[08:24:58] [tds] screen tds-513-gw0 : TallyPrime MANAGE EDU K: Company Gatewa of Tall CURRENT PERIOD I-Apr-26 to 31-Mar-27 NAME OF COMPANY FinCom Spike Co Y: Data Z: Exchange O: Import E: Export M: E-mail p: pnnt x Fl: Help Date Company o Obd58 to ru 47b3- 0937- acep afec— 0937- acep .337. 3—ecb ening 'db3e4 ing j _id" : 3-011' ' , "orc fec—c Mode Q CURRENT OATE Friday, 2-Oct-2026 2-Oct-26 Search Gateway of Tally MASTERS Create Alter CHart of Accounts TRANSACTIONS Vouchers Day 800K UTILITIES BaNking REPORTS Balance Sheet Profit & Loss A/c Stock Summary Ratio Analysis Display More Reports Quit Unity Windows Server 2025 Datacenter B...
[keys] '%g' -> Tally 'TallyPrime:9000'
[shot] tds-514-A2-goto (1024x768)
[08:25:02] [tds] screen tds-514-A2-goto : x R CEDU Unity Quit TallyPrime MANAGE K: Company Y: Data List of Re Z: Exchange FinCom Spike Co O: Import E: Export M: E-mail p: pnnt Fl: Help x Its Create Voucher Create Master Alter Master Expand All Show More Saved Views Common Reports Balance Sheet Profit & Loss A/c Cash/Bank Book Day Book Ledger Vouchers Stock Summary Trial Balance Bills Receivable Bills Payable Master and Voucher Statistics Stock Query Chart of Accounts Final Accounts Reports Receivables & Payables Reports Banking Utilities Ledger Reports Group Reports Voucher Reports Registers Cost Centre Reports o Obd58 to ru 47b3- 093...
[keys] 'Day Book' -> Tally 'TallyPrime:9000'
[keys] '{ENTER}' -> Tally 'TallyPrime:9000'
[shot] tds-515-A2-daybook (1024x768)
[08:25:09] [tds] screen tds-515-A2-daybook : x TallyPrime MANAGE EDU K: Company Da Book Day Book Y: Data Space: Sekd Z: Exchange A Add Vch Q Search FinCom • ke Co Vch Type Contra Payment Payment Receipt Receipt Receipt Journal Journal Journal Credit Note Sales Sales Sales Sales Purchase Purchase O: Import Vch No. 1 1 2 1 2 3 6 7 8 1 1 2 3 4 1 2 E: Export M: E-mail P: Print For 2-Oct-26 Fl: Help F2: Date o Obd58 Company to ru Voucher Date 2-Oct-26 2-Oct-26 2-Oct-26 2-Oct-26 2-Oct-26 2-Oct-26 2-Oct-26 2-Oct-26 2-Oct-26 2-Oct-26 2-Oct-26 2-Oct-26 2-Oct-26 2-Oct-26 2-Oct-26 2-Oct-26 Unity Quit Particulars Cash Share Supplier Share Expense Sh...
[keys] '{F2}' -> Tally 'TallyPrime:9000'
[shot] tds-516-A2-db-date (1024x768)
[08:25:12] [tds] screen tds-516-A2-db-date : TallyPrime MANAGE EDU K: Company Change Date Unity Quit Y: Data Z: Exchange A Accept Q Search O: Import E: Export M: E-mail p: pnnt x Fl: Help FinCom Spike Co Change Date 2-10-2026 o Obd58 to ru 47b3- 0937- acep afec— 0937- acep .337. 3—ecb ening 'db3e4 ing j _id" : 3-011' ' , "orc fec—c Mode Windows Server 2025 Datacenter Build 26100.ge_release240331-1435 8:25 AM 10/8/2026
[keys] '2-10-2026{ENTER}' -> Tally 'TallyPrime:9000'
[shot] tds-517-A2-db-dated (1024x768)
[08:25:17] [tds] screen tds-517-A2-db-dated : x TallyPrime MANAGE EDU K: Company Da Book Day Book Y: Data Space: Sekd Z: Exchange A Add Vch Q Search FinCom • ke Co Vch Type Contra Payment Payment Receipt Receipt Receipt Journal Journal Journal Credit Note Sales Sales Sales Sales Purchase Purchase O: Import Vch No. 1 1 2 1 2 3 6 7 8 1 1 2 3 4 1 2 E: Export M: E-mail P: Print For 2-Oct-26 Fl: Help F2: Date o Obd58 Company to ru Voucher Date 2-Oct-26 2-Oct-26 2-Oct-26 2-Oct-26 2-Oct-26 2-Oct-26 2-Oct-26 2-Oct-26 2-Oct-26 2-Oct-26 2-Oct-26 2-Oct-26 2-Oct-26 2-Oct-26 2-Oct-26 2-Oct-26 Unity Quit Particulars Cash Share Supplier Share Expense Sh...
[keys] '{F4}' -> Tally 'TallyPrime:9000'
[shot] tds-518-A2-db-type (1024x768)
[08:25:20] [tds] screen tds-518-A2-db-type : TallyPrime MANAGE EDU K: Company Change Voucher Type Unity Quit Y: Data Z: Exchange O: Import E: Export M: E-mail p: pnnt x Fl: Help FinCom • ke Co Name of VoucherType Voucher T • All Items Contra Credit Note Debit Note Journal s Create Memorandum Payment Physical Stock Purchase Receipt Reversing Journal Sales Stock Journal A Accept Q Search o Obd58 to ru 47b3- 0937- acep afec— 0937- acep .337. 3—ecb ening 'db3e4 ing j _id" : 3-011' ' , "orc fec—c Mode Windows Server 2025 Datacenter Build 26100.ge_release240331-1435 8:25 AM 10/8/2026
[keys] 'Receipt{ENTER}' -> Tally 'TallyPrime:9000'
[shot] tds-519-A2-db-typed (1024x768)
[08:25:25] [tds] screen tds-519-A2-db-typed : x TallyPrime MANAGE EDU K: Company Da Book List of Receipt Vouchers Y: Data Space: Sekd Z: Exchange A Add Vch Q Search FinCom • ke Co Vch Type Receipt Receipt Receipt O: Import Vch No. 1 2 3 Total: E: Export M: E-mail P: Print For 2-Oct-26 Fl: Help F2: Date o Obd58 Date 2-Oct-26 2-Oct-26 2-Oct-26 Unity Quit Particulars Share Party Spike Income Spike Income Enter: Alter Debit Amount Credit Amount 500.00 800.00 700.00 2,000.00 U: Restore Line Company to ru Voucher 47b3- Type 0937- acep DuÅicate Vch I Insert Vch Delete x: Cancel Vch F 7: Show profit Columnar FIO B: Basis of = Values Change ¯ View...
[keys] '{END}' -> Tally 'TallyPrime:9000'
[shot] tds-520-A2-db-last (1024x768)
[08:25:28] [tds] screen tds-520-A2-db-last : x TallyPrime MANAGE EDU K: Company Da Book List of Receipt Vouchers Y: Data Space: Sekd Z: Exchange A Add Vch Q Search FinCom • ke Co Vch Type Receipt Receipt Receipt O: Import Vch No. 1 2 3 Total: E: Export M: E-mail P: Print For 2-Oct-26 Fl: Help F2: Date o Obd58 Date 2-Oct-26 2-Oct-26 2-Oct-26 Unity Quit Particulars Share Party Spike Income Spike Income Enter: Alter Debit Amount Credit Amount 500.00 800.00 700.00 2,000.00 U: Restore Line Company to ru Voucher 47b3- Type 0937- acep DuÅicate Vch I Insert Vch Delete x: Cancel Vch F 7: Show profit Columnar FIO B: Basis of = Values Change ¯ View...
[keys] '{HOME}' -> Tally 'TallyPrime:9000'
[shot] tds-521-A2-first (1024x768)
[08:25:32] [tds] screen tds-521-A2-first : x TallyPrime MANAGE EDU K: Company Da Book List of Receipt Vouchers Y: Data Space: Sekd Z: Exchange A Add Vch Q Search FinCom • ke Co Vch Type Receipt Receipt Receipt O: Import Vch No. 1 2 3 Total: E: Export M: E-mail P: Print For 2-Oct-26 Fl: Help F2: Date o Obd58 Date 2-Oct-26 2-Oct-26 2-Oct-26 Unity Quit Particulars Share Party Spike Income Spike Income Enter: Alter Debit Amount Credit Amount 500.00 800.00 700.00 2,000.00 U: Restore Line Company to ru Voucher 47b3- Type 0937- acep DuÅicate Vch I Insert Vch Delete x: Cancel Vch F 7: Show profit Columnar FIO B: Basis of = Values Change ¯ View...
[keys] '{ENTER}' -> Tally 'TallyPrime:9000'
[shot] tds-522-A2-open (1024x768)
[08:25:36] [tds] screen tds-522-A2-open : x TallyPrime MANAGE EDU K: Company Y: Data Accounting Voucher Alteration (Secondary 58 Recei t • Account Cash Current balance: 1, 100.00 Dr Particulars Share Party CurBal: 4,250.00 Dr Agst Ref SB-I Narration: share receipt agst Unity Quit Z: Exchange 500.00 Cr A Accept Q Search O: Import E: Export M: E-mail FinCom • ke Co p: print x a-Oct-26 Friday Amount 500.00 500.00 Fl: Help Q: Date Company Ed: Contra Payment F-6: Receipt : Journal Sales o Obd58 to ru 47b3- 0937- acep afec— Purchase 0937- Fl O: OåuVooctgs E: Autofill Change Mode More Details O: Related ¯ Repons Optional post -Dated J: Stat ...
[keys] '^a' -> Tally 'TallyPrime:9000'
[shot] tds-523-A2-accept1 (1024x768)
[08:25:41] [tds] screen tds-523-A2-accept1 : x TallyPrime MANAGE EDU K: Company Da Book List of Receipt Vouchers Y: Data Space: Sekd Z: Exchange A Add Vch Q Search FinCom • ke Co Vch Type Receipt Receipt Receipt O: Import Vch No. 1 2 3 Total: E: Export M: E-mail P: Print For 2-Oct-26 Fl: Help F2: Date o Obd58 Date 2-Oct-26 2-Oct-26 2-Oct-26 Unity Quit Particulars Share Party Spike Income Spike Income Enter: Alter Debit Amount Credit Amount 500.00 800.00 700.00 2,000.00 U: Restore Line Company to ru Voucher 47b3- Type 0937- acep DuÅicate Vch I Insert Vch Delete x: Cancel Vch F 7: Show profit Columnar FIO B: Basis of = Values Change ¯ View...
[shot] tds-524-A2-after1 (1024x768)
[08:25:42] [tds] screen tds-524-A2-after1 : x TallyPrime MANAGE EDU K: Company Da Book List of Receipt Vouchers Y: Data Space: Sekd Z: Exchange A Add Vch Q Search FinCom • ke Co Vch Type Receipt Receipt Receipt O: Import Vch No. 1 2 3 Total: E: Export M: E-mail P: Print For 2-Oct-26 Fl: Help F2: Date o Obd58 Date 2-Oct-26 2-Oct-26 2-Oct-26 Unity Quit Particulars Share Party Spike Income Spike Income Enter: Alter Debit Amount Credit Amount 500.00 800.00 700.00 2,000.00 U: Restore Line Company to ru Voucher 47b3- Type 0937- acep DuÅicate Vch I Insert Vch Delete x: Cancel Vch F 7: Show profit Columnar FIO B: Basis of = Values Change ¯ View...
[shot] tds-525-gw0 (1024x768)
[08:25:43] [tds] screen tds-525-gw0 : x TallyPrime MANAGE EDU K: Company Da Book List of Receipt Vouchers Y: Data Space: Sekd Z: Exchange A Add Vch Q Search FinCom • ke Co Vch Type Receipt Receipt Receipt O: Import Vch No. 1 2 3 Total: E: Export M: E-mail P: Print For 2-Oct-26 Fl: Help F2: Date o Obd58 Date 2-Oct-26 2-Oct-26 2-Oct-26 Unity Quit Particulars Share Party Spike Income Spike Income Enter: Alter Debit Amount Credit Amount 500.00 800.00 700.00 2,000.00 U: Restore Line Company to ru Voucher 47b3- Type 0937- acep DuÅicate Vch I Insert Vch Delete x: Cancel Vch F 7: Show profit Columnar FIO B: Basis of = Values Change ¯ View...
[keys] '{ESC}' -> Tally 'TallyPrime:9000'
[shot] tds-526-gw1 (1024x768)
[08:25:46] [tds] screen tds-526-gw1 : TallyPrime MANAGE EDU K: Company Gatewa of Tall CURRENT PERIOD I-Apr-26 to 31-Mar-27 NAME OF COMPANY FinCom Spike Co Y: Data Z: Exchange O: Import E: Export M: E-mail p: pnnt x Fl: Help Date Company o Obd58 to ru 47b3- 0937- acep afec— 0937- acep .337. 3—ecb ening 'db3e4 ing j _id" : 3-011' ' , "orc fec—c Mode Q CURRENT OATE Friday, 2-Oct-2026 2-Oct-26 Search Gateway of Tally MASTERS Create Alter CHart of Accounts TRANSACTIONS Vouchers Day 800K UTILITIES BaNking REPORTS Balance Sheet Profit & Loss A/c Stock Summary Ratio Analysis Display More Reports Quit Unity Windows Server 2025 Datacenter B...
  voucher mid=1 aid=1 Journal/1/20260401 guid=54bedff5-92fe-437d-85c8-74d1712959f4-00000001 cancelled=False
  voucher mid=2 aid=2 Journal/2/20261001 guid=54bedff5-92fe-437d-85c8-74d1712959f4-00000002 cancelled=False
  voucher mid=3 aid=3 Journal/3/20261001 guid=54bedff5-92fe-437d-85c8-74d1712959f4-00000003 cancelled=False
  voucher mid=4 aid=4 Journal/4/20261001 guid=54bedff5-92fe-437d-85c8-74d1712959f4-00000004 cancelled=False
  voucher mid=5 aid=5 Journal/5/20261001 guid=54bedff5-92fe-437d-85c8-74d1712959f4-00000005 cancelled=False
  voucher mid=6 aid=6 Payroll/1/20261001 guid=54bedff5-92fe-437d-85c8-74d1712959f4-00000006 cancelled=False
  voucher mid=7 aid=24 Sales/1/20261002 guid=54bedff5-92fe-437d-85c8-74d1712959f4-00000007 cancelled=False
  voucher mid=8 aid=25 Receipt/1/20261002 guid=54bedff5-92fe-437d-85c8-74d1712959f4-00000008 cancelled=False
  voucher mid=9 aid=23 Receipt/2/20261002 guid=54bedff5-92fe-437d-85c8-74d1712959f4-00000009 cancelled=False
  voucher mid=10 aid=10 Payment/1/20261002 guid=54bedff5-92fe-437d-85c8-74d1712959f4-0000000a cancelled=False
  voucher mid=11 aid=11 Payment/2/20261002 guid=54bedff5-92fe-437d-85c8-74d1712959f4-0000000b cancelled=False
  voucher mid=12 aid=12 Contra/1/20261002 guid=54bedff5-92fe-437d-85c8-74d1712959f4-0000000c cancelled=False
  voucher mid=13 aid=13 Journal/6/20261002 guid=54bedff5-92fe-437d-85c8-74d1712959f4-0000000d cancelled=False
  voucher mid=14 aid=14 Journal/7/20261002 guid=54bedff5-92fe-437d-85c8-74d1712959f4-0000000e cancelled=False
  voucher mid=15 aid=15 Sales/2/20261002 guid=54bedff5-92fe-437d-85c8-74d1712959f4-0000000f cancelled=False
  voucher mid=16 aid=16 Sales/3/20261002 guid=54bedff5-92fe-437d-85c8-74d1712959f4-00000010 cancelled=False
  voucher mid=17 aid=17 Sales/4/20261002 guid=54bedff5-92fe-437d-85c8-74d1712959f4-00000011 cancelled=False
  voucher mid=18 aid=18 Purchase/1/20261002 guid=54bedff5-92fe-437d-85c8-74d1712959f4-00000012 cancelled=False
  voucher mid=19 aid=19 Purchase/2/20261002 guid=54bedff5-92fe-437d-85c8-74d1712959f4-00000013 cancelled=False
  voucher mid=20 aid=20 Credit Note/1/20261002 guid=54bedff5-92fe-437d-85c8-74d1712959f4-00000014 cancelled=False
  voucher mid=21 aid=21 Journal/8/20261002 guid=54bedff5-92fe-437d-85c8-74d1712959f4-00000015 cancelled=False
  voucher mid=22 aid=22 Receipt/3/20261002 guid=54bedff5-92fe-437d-85c8-74d1712959f4-00000016 cancelled=False
  INFO share alter-receipt-agst (alteration: the receipt against SB-1 saved again unchanged (opened, Ctrl+A)): Tally Receipt 1 mid 8; stored party 'Share Party' bills [Agst Ref]; the line party 'Share Party' bills [Agst Ref]; lines voucher_accept_post x1, voucher_accept_pre x1, voucher_full x1
######## ANSWERED hang3 step 21 alter-receipt-agst: after alter-receipt-agst: 2.3.4 object answered (18 ms, the entry in it); 2.3.3 by master answered (42 ms, the entry in it); Tally answers after: True; started again: ; 2.3.3 after the restart: 
  voucher mid=1 aid=1 Journal/1/20260401 guid=54bedff5-92fe-437d-85c8-74d1712959f4-00000001 cancelled=False
  voucher mid=2 aid=2 Journal/2/20261001 guid=54bedff5-92fe-437d-85c8-74d1712959f4-00000002 cancelled=False
  voucher mid=3 aid=3 Journal/3/20261001 guid=54bedff5-92fe-437d-85c8-74d1712959f4-00000003 cancelled=False
  voucher mid=4 aid=4 Journal/4/20261001 guid=54bedff5-92fe-437d-85c8-74d1712959f4-00000004 cancelled=False
  voucher mid=5 aid=5 Journal/5/20261001 guid=54bedff5-92fe-437d-85c8-74d1712959f4-00000005 cancelled=False
  voucher mid=6 aid=6 Payroll/1/20261001 guid=54bedff5-92fe-437d-85c8-74d1712959f4-00000006 cancelled=False
  voucher mid=7 aid=24 Sales/1/20261002 guid=54bedff5-92fe-437d-85c8-74d1712959f4-00000007 cancelled=False
  voucher mid=8 aid=25 Receipt/1/20261002 guid=54bedff5-92fe-437d-85c8-74d1712959f4-00000008 cancelled=False
  voucher mid=9 aid=23 Receipt/2/20261002 guid=54bedff5-92fe-437d-85c8-74d1712959f4-00000009 cancelled=False
  voucher mid=10 aid=10 Payment/1/20261002 guid=54bedff5-92fe-437d-85c8-74d1712959f4-0000000a cancelled=False
  voucher mid=11 aid=11 Payment/2/20261002 guid=54bedff5-92fe-437d-85c8-74d1712959f4-0000000b cancelled=False
  voucher mid=12 aid=12 Contra/1/20261002 guid=54bedff5-92fe-437d-85c8-74d1712959f4-0000000c cancelled=False
  voucher mid=13 aid=13 Journal/6/20261002 guid=54bedff5-92fe-437d-85c8-74d1712959f4-0000000d cancelled=False
  voucher mid=14 aid=14 Journal/7/20261002 guid=54bedff5-92fe-437d-85c8-74d1712959f4-0000000e cancelled=False
  voucher mid=15 aid=15 Sales/2/20261002 guid=54bedff5-92fe-437d-85c8-74d1712959f4-0000000f cancelled=False
  voucher mid=16 aid=16 Sales/3/20261002 guid=54bedff5-92fe-437d-85c8-74d1712959f4-00000010 cancelled=False
  voucher mid=17 aid=17 Sales/4/20261002 guid=54bedff5-92fe-437d-85c8-74d1712959f4-00000011 cancelled=False
  voucher mid=18 aid=18 Purchase/1/20261002 guid=54bedff5-92fe-437d-85c8-74d1712959f4-00000012 cancelled=False
  voucher mid=19 aid=19 Purchase/2/20261002 guid=54bedff5-92fe-437d-85c8-74d1712959f4-00000013 cancelled=False
  voucher mid=20 aid=20 Credit Note/1/20261002 guid=54bedff5-92fe-437d-85c8-74d1712959f4-00000014 cancelled=False
  voucher mid=21 aid=21 Journal/8/20261002 guid=54bedff5-92fe-437d-85c8-74d1712959f4-00000015 cancelled=False
  voucher mid=22 aid=22 Receipt/3/20261002 guid=54bedff5-92fe-437d-85c8-74d1712959f4-00000016 cancelled=False
[08:25:50] ---- share alter-payroll: alteration: the payroll entry saved again unchanged (opened, Ctrl+A)
  voucher mid=1 aid=1 Journal/1/20260401 guid=54bedff5-92fe-437d-85c8-74d1712959f4-00000001 cancelled=False
  voucher mid=2 aid=2 Journal/2/20261001 guid=54bedff5-92fe-437d-85c8-74d1712959f4-00000002 cancelled=False
  voucher mid=3 aid=3 Journal/3/20261001 guid=54bedff5-92fe-437d-85c8-74d1712959f4-00000003 cancelled=False
  voucher mid=4 aid=4 Journal/4/20261001 guid=54bedff5-92fe-437d-85c8-74d1712959f4-00000004 cancelled=False
  voucher mid=5 aid=5 Journal/5/20261001 guid=54bedff5-92fe-437d-85c8-74d1712959f4-00000005 cancelled=False
  voucher mid=6 aid=6 Payroll/1/20261001 guid=54bedff5-92fe-437d-85c8-74d1712959f4-00000006 cancelled=False
  voucher mid=7 aid=24 Sales/1/20261002 guid=54bedff5-92fe-437d-85c8-74d1712959f4-00000007 cancelled=False
  voucher mid=8 aid=25 Receipt/1/20261002 guid=54bedff5-92fe-437d-85c8-74d1712959f4-00000008 cancelled=False
  voucher mid=9 aid=23 Receipt/2/20261002 guid=54bedff5-92fe-437d-85c8-74d1712959f4-00000009 cancelled=False
  voucher mid=10 aid=10 Payment/1/20261002 guid=54bedff5-92fe-437d-85c8-74d1712959f4-0000000a cancelled=False
  voucher mid=11 aid=11 Payment/2/20261002 guid=54bedff5-92fe-437d-85c8-74d1712959f4-0000000b cancelled=False
  voucher mid=12 aid=12 Contra/1/20261002 guid=54bedff5-92fe-437d-85c8-74d1712959f4-0000000c cancelled=False
  voucher mid=13 aid=13 Journal/6/20261002 guid=54bedff5-92fe-437d-85c8-74d1712959f4-0000000d cancelled=False
  voucher mid=14 aid=14 Journal/7/20261002 guid=54bedff5-92fe-437d-85c8-74d1712959f4-0000000e cancelled=False
  voucher mid=15 aid=15 Sales/2/20261002 guid=54bedff5-92fe-437d-85c8-74d1712959f4-0000000f cancelled=False
  voucher mid=16 aid=16 Sales/3/20261002 guid=54bedff5-92fe-437d-85c8-74d1712959f4-00000010 cancelled=False
  voucher mid=17 aid=17 Sales/4/20261002 guid=54bedff5-92fe-437d-85c8-74d1712959f4-00000011 cancelled=False
  voucher mid=18 aid=18 Purchase/1/20261002 guid=54bedff5-92fe-437d-85c8-74d1712959f4-00000012 cancelled=False
  voucher mid=19 aid=19 Purchase/2/20261002 guid=54bedff5-92fe-437d-85c8-74d1712959f4-00000013 cancelled=False
  voucher mid=20 aid=20 Credit Note/1/20261002 guid=54bedff5-92fe-437d-85c8-74d1712959f4-00000014 cancelled=False
  voucher mid=21 aid=21 Journal/8/20261002 guid=54bedff5-92fe-437d-85c8-74d1712959f4-00000015 cancelled=False
  voucher mid=22 aid=22 Receipt/3/20261002 guid=54bedff5-92fe-437d-85c8-74d1712959f4-00000016 cancelled=False
[shot] tds-527-gw0 (1024x768)
[08:25:50] [tds] screen tds-527-gw0 : TallyPrime MANAGE EDU K: Company Gatewa of Tall CURRENT PERIOD I-Apr-26 to 31-Mar-27 NAME OF COMPANY FinCom Spike Co Y: Data Z: Exchange O: Import E: Export M: E-mail p: pnnt x Fl: Help Date Company o Obd58 to ru 47b3- 0937- acep afec— 0937- acep .337. 3—ecb ening 'db3e4 ing j _id" : 3-011' ' , "orc fec—c Mode Q CURRENT OATE Friday, 2-Oct-2026 2-Oct-26 Search Gateway of Tally MASTERS Create Alter CHart of Accounts TRANSACTIONS Vouchers Day 800K UTILITIES BaNking REPORTS Balance Sheet Profit & Loss A/c Stock Summary Ratio Analysis Display More Reports Quit Unity Windows Server 2025 Datacenter B...
[keys] '%g' -> Tally 'TallyPrime:9000'
[shot] tds-528-Y2-goto (1024x768)
[08:25:54] [tds] screen tds-528-Y2-goto : x R CEDU Unity Quit TallyPrime MANAGE K: Company Y: Data List of Re Z: Exchange FinCom Spike Co O: Import E: Export M: E-mail p: pnnt Fl: Help x Its Create Voucher Create Master Alter Master Expand All Show More Saved Views Common Reports Balance Sheet Profit & Loss A/c Cash/Bank Book Day Book Ledger Vouchers Stock Summary Trial Balance Bills Receivable Bills Payable Master and Voucher Statistics Stock Query Chart of Accounts Final Accounts Reports Receivables & Payables Reports Banking Utilities Ledger Reports Group Reports Voucher Reports Registers Cost Centre Reports o Obd58 to ru 47b3- 093...
[keys] 'Day Book' -> Tally 'TallyPrime:9000'
[keys] '{ENTER}' -> Tally 'TallyPrime:9000'
[shot] tds-529-Y2-daybook (1024x768)
[08:26:01] [tds] screen tds-529-Y2-daybook : x TallyPrime MANAGE EDU K: Company Da Book Day Book Y: Data Space: Sekd Z: Exchange A Add Vch Q Search FinCom • ke Co Vch Type Contra Payment Payment Receipt Receipt Receipt Journal Journal Journal Credit Note Sales Sales Sales Sales Purchase Purchase O: Import Vch No. 1 1 2 1 2 3 6 7 8 1 1 2 3 4 1 2 E: Export M: E-mail P: Print For 2-Oct-26 Fl: Help F2: Date o Obd58 Company to ru Voucher Date 2-Oct-26 2-Oct-26 2-Oct-26 2-Oct-26 2-Oct-26 2-Oct-26 2-Oct-26 2-Oct-26 2-Oct-26 2-Oct-26 2-Oct-26 2-Oct-26 2-Oct-26 2-Oct-26 2-Oct-26 2-Oct-26 Unity Quit Particulars Cash Share Supplier Share Expense Sh...
[keys] '{F2}' -> Tally 'TallyPrime:9000'
[shot] tds-530-Y2-db-date (1024x768)
[08:26:04] [tds] screen tds-530-Y2-db-date : TallyPrime MANAGE EDU K: Company Change Date Unity Quit Y: Data Z: Exchange A Accept Q Search O: Import E: Export M: E-mail p: pnnt x Fl: Help FinCom Spike Co Change Date 2-10-2026 o Obd58 to ru 47b3- 0937- acep afec— 0937- acep .337. 3—ecb ening 'db3e4 ing j _id" : 3-011' ' , "orc fec—c Mode Windows Server 2025 Datacenter Build 26100.ge_release240331-1435 8:26 AM 10/8/2026
[keys] '1-10-2026{ENTER}' -> Tally 'TallyPrime:9000'
[shot] tds-531-Y2-db-dated (1024x768)
[08:26:09] [tds] screen tds-531-Y2-db-dated : x TallyPrime MANAGE EDU K: Company Da Book Day Book Y: Data Space: Sekd Z: Exchange A Add Vch Q Search FinCom • ke Co Vch Type Journal Journal Journal Journal Payroll O: Import Vch No. 2 3 4 5 1 E: Export M: E-mail P: Print For 10ct-26 Fl: Help F2: Date o Obd58 Company to ru Voucher Date I-Oct-26 I-Oct-26 I-Oct-26 I-Oct-26 I-Oct-26 Quit Particulars Share Party Share Supplier Share Party Share Supplier Share Basic Enter: Alter Debit Amount Credit Amount Inwards Qty_ Outwards Qt 5,000.00 1,000.00 5,000.00 4,000.00 1,000.00 U: Restore Line Type F 7: Show profit F8: Columnar FIO Basis of B: Values...
[keys] '{END}' -> Tally 'TallyPrime:9000'
[shot] tds-532-Y2-db-last (1024x768)
[08:26:12] [tds] screen tds-532-Y2-db-last : x TallyPrime MANAGE EDU K: Company Da Book Day Book Y: Data Space: Sekd Z: Exchange A Add Vch Q Search FinCom • ke Co Vch Type Journal Journal Journal Journal Payroll O: Import Vch No. 2 3 4 5 E: Export M: E-mail P: Print For 10ct-26 Fl: Help F2: Date o Obd58 Company to ru Voucher Date I-Oct-26 I-Oct-26 I-Oct-26 I-Oct-26 I-Oct-26 Quit Particulars Share Party Share Supplier Share Party Share Supplier Share Basic Enter: Alter Debit Amount Credit Amount Inwards Qty_ Outwards Qt 5,000.00 1,000.00 5,000.00 4,000.00 1,000.00 U: Restore Line Type F 7: Show profit F8: Columnar FIO Basis of B: Values C...
[keys] '{ENTER}' -> Tally 'TallyPrime:9000'
[shot] tds-533-Y2-open (1024x768)
[08:26:17] [tds] screen tds-533-Y2-open : x O: Import FinCom Spike Co 58 TallyPrime MANAGE EDU K: Company Y: Data Payroll Voucher Alteration (Secondary) Pa roll No. 1 Particulars Share Basic CurBal: 5,000.00 Dr By Share HRA CurBal: 2,500.00 Dr Share Salary Payable CurBal: 7,500.00 Cr Z: Exchange A Accept Q Search E: Export M: E-mail p: print x 1-Oct-26 Thursday Credit 7,500.00 7,500.00 Fl: Help Date o Obd58 Company to ru , By To Narration: share payroll template Unity Quit Debit 5,000.00 2,500.00 7,500.00 F4: Contra F5: Payment Receipt Journal Sales Purchase Fl 0: 0åHVouctg•s F: Autofill Change Mode More Details O: Related Reports Opt...
[keys] '^a' -> Tally 'TallyPrime:9000'
[shot] tds-534-Y2-accept1 (1024x768)
[08:26:22] [tds] screen tds-534-Y2-accept1 : M: E-mail FinCom Spike Co 58 TallyPrime MANAGE EDU K: Company Y: Data Payroll Voucher Alteration (Secondary) Pa roll No. 1 Particulars Share Basic CurBal: 5,000.00 Dr By Share HRA CurBal: 2,500.00 Dr Z: Exchange A: Accept Q Search O: Import E: Export List of Payroll Led ers Cash Share Bank Share Basic Share HRA p: print x Create , By Narration: share payroll template Unity Q: Quit Error Oops! Nothing selected D: Delete , cancel vch x Fl: Help F2: Date F3: Company F4: Contra F5: Payment F6: Receipt F7: Journal F8: Sales F9: Purchase F: Autofill H: Change Mode l: More Details O: Related Reports ...
[shot] tds-535-Y2-after1 (1024x768)
[08:26:23] [tds] screen tds-535-Y2-after1 : M: E-mail FinCom Spike Co 58 TallyPrime MANAGE EDU K: Company Y: Data Payroll Voucher Alteration (Secondary) Pa roll No. 1 Particulars Share Basic CurBal: 5,000.00 Dr By Share HRA CurBal: 2,500.00 Dr Z: Exchange A: Accept Q Search O: Import E: Export List of Payroll Led ers Cash Share Bank Share Basic Share HRA p: print x Create , By Narration: share payroll template Unity Q: Quit Error Oops! Nothing selected D: Delete , cancel vch x Fl: Help F2: Date F3: Company F4: Contra F5: Payment F6: Receipt F7: Journal F8: Sales F9: Purchase F: Autofill H: Change Mode l: More Details O: Related Reports ...
[keys] '^a' -> Tally 'TallyPrime:9000'
[shot] tds-536-Y2-accept2 (1024x768)
[08:26:27] [tds] screen tds-536-Y2-accept2 : M: E-mail FinCom Spike Co 58 TallyPrime MANAGE EDU K: Company Y: Data Payroll Voucher Alteration (Secondary) Pa roll No. 1 Particulars Share Basic CurBal: 5,000.00 Dr By Share HRA CurBal: 2,500.00 Dr Z: Exchange A: Accept Q Search O: Import E: Export List of Payroll Led ers Cash Share Bank Share Basic Share HRA p: print x Create , By Narration: share payroll template Unity Q: Quit Error Oops! Nothing selected D: Delete , cancel vch x Fl: Help F2: Date F3: Company F4: Contra F5: Payment F6: Receipt F7: Journal F8: Sales F9: Purchase F: Autofill H: Change Mode l: More Details O: Related Reports ...
[shot] tds-537-Y2-after2 (1024x768)
[08:26:28] [tds] screen tds-537-Y2-after2 : M: E-mail FinCom Spike Co 58 TallyPrime MANAGE EDU K: Company Y: Data Payroll Voucher Alteration (Secondary) Pa roll No. 1 Particulars Share Basic CurBal: 5,000.00 Dr By Share HRA CurBal: 2,500.00 Dr Z: Exchange A: Accept Q Search O: Import E: Export List of Payroll Led ers Cash Share Bank Share Basic Share HRA p: print x Create , By Narration: share payroll template Unity Q: Quit Error Oops! Nothing selected D: Delete , cancel vch x Fl: Help F2: Date F3: Company F4: Contra F5: Payment F6: Receipt F7: Journal F8: Sales F9: Purchase F: Autofill H: Change Mode l: More Details O: Related Reports ...
[keys] '^a' -> Tally 'TallyPrime:9000'
[shot] tds-538-Y2-accept3 (1024x768)
[08:26:33] [tds] screen tds-538-Y2-accept3 : M: E-mail FinCom Spike Co 58 TallyPrime MANAGE EDU K: Company Y: Data Payroll Voucher Alteration (Secondary) Pa roll No. 1 Particulars Share Basic CurBal: 5,000.00 Dr By Share HRA CurBal: 2,500.00 Dr Z: Exchange A: Accept Q Search O: Import E: Export List of Payroll Led ers Cash Share Bank Share Basic Share HRA p: print x Create , By Narration: share payroll template Unity Q: Quit Error Oops! Nothing selected D: Delete , cancel vch x Fl: Help F2: Date F3: Company F4: Contra F5: Payment F6: Receipt F7: Journal F8: Sales F9: Purchase F: Autofill H: Change Mode l: More Details O: Related Reports ...
[shot] tds-539-Y2-after3 (1024x768)
[08:26:34] [tds] screen tds-539-Y2-after3 : M: E-mail FinCom Spike Co 58 TallyPrime MANAGE EDU K: Company Y: Data Payroll Voucher Alteration (Secondary) Pa roll No. 1 Particulars Share Basic CurBal: 5,000.00 Dr By Share HRA CurBal: 2,500.00 Dr Z: Exchange A: Accept Q Search O: Import E: Export List of Payroll Led ers Cash Share Bank Share Basic Share HRA p: print x Create , By Narration: share payroll template Unity Q: Quit Error Oops! Nothing selected D: Delete , cancel vch x Fl: Help F2: Date F3: Company F4: Contra F5: Payment F6: Receipt F7: Journal F8: Sales F9: Purchase F: Autofill H: Change Mode l: More Details O: Related Reports ...
[shot] tds-540-gw0 (1024x768)
[08:26:35] [tds] screen tds-540-gw0 : M: E-mail FinCom Spike Co 58 TallyPrime MANAGE EDU K: Company Y: Data Payroll Voucher Alteration (Secondary) Pa roll No. 1 Particulars Share Basic CurBal: 5,000.00 Dr By Share HRA CurBal: 2,500.00 Dr Z: Exchange A: Accept Q Search O: Import E: Export List of Payroll Led ers Cash Share Bank Share Basic Share HRA p: print x Create , By Narration: share payroll template Unity Q: Quit Error Oops! Nothing selected D: Delete , cancel vch x Fl: Help F2: Date F3: Company F4: Contra F5: Payment F6: Receipt F7: Journal F8: Sales F9: Purchase F: Autofill H: Change Mode l: More Details O: Related Reports ...
[keys] '{ESC}' -> Tally 'TallyPrime:9000'
[shot] tds-541-gw1 (1024x768)
[08:26:38] [tds] screen tds-541-gw1 : x M: E-mail FinCom Spike Co 58 TallyPrime MANAGE EDU K: Company Y: Data Payroll Voucher Alteration (Secondary) Pa roll No. 1 Particulars Share Basic CurBal: 5,000.00 Dr By Share HRA CurBal: 2,500.00 Dr Z: Exchange A Accept Q Search O: Import E: Export List of Payroll Led Cash Share Bank Share Basic Share HRA p: pnnt x Create Fl: Help Date o Obd58 Company to ru , By Narration: share payroll template Unity Quit F4: Contra F5: Payment Receipt Journal Sales Purchase Fl 0: 0åHVouctg•s F: Autofill Change Mode More Details O: Related Reports L: Optional post -Dated 47b3- 0937- acep afec— 0937- acep ....
[keys] '{ESC}' -> Tally 'TallyPrime:9000'
[shot] tds-542-gw2 (1024x768)
[08:26:42] [tds] screen tds-542-gw2 : O: Import FinCom Spike Co 58 TallyPrime MANAGE EDU K: Company Y: Data Payroll Voucher Alteration (Secondary) Pa roll No. 1 Particulars Share Basic CurBal: 5,000.00 Dr By Share HRA CurBal: 2,500.00 Dr Z: Exchange A: Accept Q Search E: Export M: E-mail , By Narration: share payroll template Unity Q: Quit Debit 5,000.00 2,500.00 7,500.00 p: print x 1 Oct-26 Thursday Credit 7,500.00 7,500.00 Quit o Yes or No D: Delete X: Cancel Vch x Fl: Help F2: Date F3: Company F4: Contra F5: Payment F6: Receipt F7: Journal F8: Sales F9: Purchase F: Autofill H: Change Mode l: More Details O: Related Reports k: O...
[keys] 'y' -> Tally 'TallyPrime:9000'
[shot] tds-543-gw3 (1024x768)
[08:26:46] [tds] screen tds-543-gw3 : x TallyPrime MANAGE EDU K: Company Da Book Day Book Y: Data Space: Sekd Z: Exchange A Add Vch Q Search FinCom • ke Co Vch Type Journal Journal Journal Journal Payroll O: Import Vch No. 2 3 4 5 E: Export M: E-mail P: Print For 10ct-26 Fl: Help F2: Date o Obd58 Company to ru Voucher Date I-Oct-26 I-Oct-26 I-Oct-26 I-Oct-26 I-Oct-26 Quit Particulars Share Party Share Supplier Share Party Share Supplier Share Basic Enter: Alter Debit Amount Credit Amount Inwards Qty_ Outwards Qt 5,000.00 1,000.00 5,000.00 4,000.00 1,000.00 U: Restore Line Type F 7: Show profit F8: Columnar FIO Basis of B: Values C...
[keys] '{ESC}' -> Tally 'TallyPrime:9000'
[shot] tds-544-gw4 (1024x768)
[08:26:50] [tds] screen tds-544-gw4 : TallyPrime MANAGE EDU K: Company Gatewa of Tall CURRENT PERIOD I-Apr-26 to 31-Mar-27 NAME OF COMPANY FinCom Spike Co Y: Data Z: Exchange CURRENT OATE Thursday, I-Oct-2026 O: Import E: Export M: E-mail p: pnnt x Fl: Help Date Company Gateway of Tally MASTERS Create Alter CHart of Accounts TRANSACTIONS Vouchers Day 800K UTILITIES BaNking REPORTS Balance Sheet Profit & Loss A/c Stock Summary Ratio Analysis Display More Reports Quit Unity o Obd58 to ru 47b3- 0937- acep afec— 0937- acep .337. 3—ecb ening 'db3e4 ing j _id" : 3-011' ' , "orc fec—c Mode Q 2-Oct-26 Search Windows Server 2025 Datacenter...
  voucher mid=1 aid=1 Journal/1/20260401 guid=54bedff5-92fe-437d-85c8-74d1712959f4-00000001 cancelled=False
  voucher mid=2 aid=2 Journal/2/20261001 guid=54bedff5-92fe-437d-85c8-74d1712959f4-00000002 cancelled=False
  voucher mid=3 aid=3 Journal/3/20261001 guid=54bedff5-92fe-437d-85c8-74d1712959f4-00000003 cancelled=False
  voucher mid=4 aid=4 Journal/4/20261001 guid=54bedff5-92fe-437d-85c8-74d1712959f4-00000004 cancelled=False
  voucher mid=5 aid=5 Journal/5/20261001 guid=54bedff5-92fe-437d-85c8-74d1712959f4-00000005 cancelled=False
  voucher mid=6 aid=6 Payroll/1/20261001 guid=54bedff5-92fe-437d-85c8-74d1712959f4-00000006 cancelled=False
  voucher mid=7 aid=24 Sales/1/20261002 guid=54bedff5-92fe-437d-85c8-74d1712959f4-00000007 cancelled=False
  voucher mid=8 aid=25 Receipt/1/20261002 guid=54bedff5-92fe-437d-85c8-74d1712959f4-00000008 cancelled=False
  voucher mid=9 aid=23 Receipt/2/20261002 guid=54bedff5-92fe-437d-85c8-74d1712959f4-00000009 cancelled=False
  voucher mid=10 aid=10 Payment/1/20261002 guid=54bedff5-92fe-437d-85c8-74d1712959f4-0000000a cancelled=False
  voucher mid=11 aid=11 Payment/2/20261002 guid=54bedff5-92fe-437d-85c8-74d1712959f4-0000000b cancelled=False
  voucher mid=12 aid=12 Contra/1/20261002 guid=54bedff5-92fe-437d-85c8-74d1712959f4-0000000c cancelled=False
  voucher mid=13 aid=13 Journal/6/20261002 guid=54bedff5-92fe-437d-85c8-74d1712959f4-0000000d cancelled=False
  voucher mid=14 aid=14 Journal/7/20261002 guid=54bedff5-92fe-437d-85c8-74d1712959f4-0000000e cancelled=False
  voucher mid=15 aid=15 Sales/2/20261002 guid=54bedff5-92fe-437d-85c8-74d1712959f4-0000000f cancelled=False
  voucher mid=16 aid=16 Sales/3/20261002 guid=54bedff5-92fe-437d-85c8-74d1712959f4-00000010 cancelled=False
  voucher mid=17 aid=17 Sales/4/20261002 guid=54bedff5-92fe-437d-85c8-74d1712959f4-00000011 cancelled=False
  voucher mid=18 aid=18 Purchase/1/20261002 guid=54bedff5-92fe-437d-85c8-74d1712959f4-00000012 cancelled=False
  voucher mid=19 aid=19 Purchase/2/20261002 guid=54bedff5-92fe-437d-85c8-74d1712959f4-00000013 cancelled=False
  voucher mid=20 aid=20 Credit Note/1/20261002 guid=54bedff5-92fe-437d-85c8-74d1712959f4-00000014 cancelled=False
  voucher mid=21 aid=21 Journal/8/20261002 guid=54bedff5-92fe-437d-85c8-74d1712959f4-00000015 cancelled=False
  voucher mid=22 aid=22 Receipt/3/20261002 guid=54bedff5-92fe-437d-85c8-74d1712959f4-00000016 cancelled=False
######## ANSWERED hang3 step 22 alter-payroll: after alter-payroll: 2.3.4 object answered (10 ms, the entry in it); 2.3.3 by master answered (31 ms, the entry in it); Tally answers after: True; started again: ; 2.3.3 after the restart: 
[08:26:53] ---- share copy-payroll: Alt+2 copy of the payroll entry (five employees, two pay heads)
  voucher mid=1 aid=1 Journal/1/20260401 guid=54bedff5-92fe-437d-85c8-74d1712959f4-00000001 cancelled=False
  voucher mid=2 aid=2 Journal/2/20261001 guid=54bedff5-92fe-437d-85c8-74d1712959f4-00000002 cancelled=False
  voucher mid=3 aid=3 Journal/3/20261001 guid=54bedff5-92fe-437d-85c8-74d1712959f4-00000003 cancelled=False
  voucher mid=4 aid=4 Journal/4/20261001 guid=54bedff5-92fe-437d-85c8-74d1712959f4-00000004 cancelled=False
  voucher mid=5 aid=5 Journal/5/20261001 guid=54bedff5-92fe-437d-85c8-74d1712959f4-00000005 cancelled=False
  voucher mid=6 aid=6 Payroll/1/20261001 guid=54bedff5-92fe-437d-85c8-74d1712959f4-00000006 cancelled=False
  voucher mid=7 aid=24 Sales/1/20261002 guid=54bedff5-92fe-437d-85c8-74d1712959f4-00000007 cancelled=False
  voucher mid=8 aid=25 Receipt/1/20261002 guid=54bedff5-92fe-437d-85c8-74d1712959f4-00000008 cancelled=False
  voucher mid=9 aid=23 Receipt/2/20261002 guid=54bedff5-92fe-437d-85c8-74d1712959f4-00000009 cancelled=False
  voucher mid=10 aid=10 Payment/1/20261002 guid=54bedff5-92fe-437d-85c8-74d1712959f4-0000000a cancelled=False
  voucher mid=11 aid=11 Payment/2/20261002 guid=54bedff5-92fe-437d-85c8-74d1712959f4-0000000b cancelled=False
  voucher mid=12 aid=12 Contra/1/20261002 guid=54bedff5-92fe-437d-85c8-74d1712959f4-0000000c cancelled=False
  voucher mid=13 aid=13 Journal/6/20261002 guid=54bedff5-92fe-437d-85c8-74d1712959f4-0000000d cancelled=False
  voucher mid=14 aid=14 Journal/7/20261002 guid=54bedff5-92fe-437d-85c8-74d1712959f4-0000000e cancelled=False
  voucher mid=15 aid=15 Sales/2/20261002 guid=54bedff5-92fe-437d-85c8-74d1712959f4-0000000f cancelled=False
  voucher mid=16 aid=16 Sales/3/20261002 guid=54bedff5-92fe-437d-85c8-74d1712959f4-00000010 cancelled=False
  voucher mid=17 aid=17 Sales/4/20261002 guid=54bedff5-92fe-437d-85c8-74d1712959f4-00000011 cancelled=False
  voucher mid=18 aid=18 Purchase/1/20261002 guid=54bedff5-92fe-437d-85c8-74d1712959f4-00000012 cancelled=False
  voucher mid=19 aid=19 Purchase/2/20261002 guid=54bedff5-92fe-437d-85c8-74d1712959f4-00000013 cancelled=False
  voucher mid=20 aid=20 Credit Note/1/20261002 guid=54bedff5-92fe-437d-85c8-74d1712959f4-00000014 cancelled=False
  voucher mid=21 aid=21 Journal/8/20261002 guid=54bedff5-92fe-437d-85c8-74d1712959f4-00000015 cancelled=False
  voucher mid=22 aid=22 Receipt/3/20261002 guid=54bedff5-92fe-437d-85c8-74d1712959f4-00000016 cancelled=False
[shot] tds-545-gw0 (1024x768)
[08:26:54] [tds] screen tds-545-gw0 : TallyPrime MANAGE EDU K: Company Gatewa of Tall CURRENT PERIOD I-Apr-26 to 31-Mar-27 NAME OF COMPANY FinCom Spike Co Y: Data Z: Exchange CURRENT OATE Thursday, I-Oct-2026 O: Import E: Export M: E-mail p: pnnt x Fl: Help Date Company Gateway of Tally MASTERS Create Alter CHart of Accounts TRANSACTIONS Vouchers Day 800K UTILITIES BaNking REPORTS Balance Sheet Profit & Loss A/c Stock Summary Ratio Analysis Display More Reports Quit Unity o Obd58 to ru 47b3- 0937- acep afec— 0937- acep .337. 3—ecb ening 'db3e4 ing j _id" : 3-011' ' , "orc fec—c Mode Q 2-Oct-26 Search Windows Server 2025 Datacenter...
[keys] '%g' -> Tally 'TallyPrime:9000'
[shot] tds-546-Y1-goto (1024x768)
[08:26:57] [tds] screen tds-546-Y1-goto : x R CEDU Unity Quit TallyPrime MANAGE K: Company Y: Data List of Re Z: Exchange FinCom Spike Co O: Import E: Export M: E-mail p: pnnt Fl: Help x Its Create Voucher Create Master Alter Master Expand All Show More Saved Views Common Reports Balance Sheet Profit & Loss A/c Cash/Bank Book Day Book Ledger Vouchers Stock Summary Trial Balance Bills Receivable Bills Payable Master and Voucher Statistics Stock Query Chart of Accounts Final Accounts Reports Receivables & Payables Reports Banking Utilities Ledger Reports Group Reports Voucher Reports Registers Cost Centre Reports o Obd58 to ru 47b3- 093...
[keys] 'Day Book' -> Tally 'TallyPrime:9000'
[keys] '{ENTER}' -> Tally 'TallyPrime:9000'
[shot] tds-547-Y1-daybook (1024x768)
[08:27:04] [tds] screen tds-547-Y1-daybook : x TallyPrime MANAGE EDU K: Company Da Book Day Book Y: Data Space: Sekd Z: Exchange A Add Vch Q Search FinCom • ke Co Vch Type Journal Journal Journal Journal Payroll O: Import Vch No. 2 3 4 5 1 E: Export M: E-mail P: Print For 10ct-26 Fl: Help F2: Date o Obd58 Company to ru Voucher Date I-Oct-26 I-Oct-26 I-Oct-26 I-Oct-26 I-Oct-26 Quit Particulars Share Party Share Supplier Share Party Share Supplier Share Basic Enter: Alter Debit Amount Credit Amount Inwards Qty_ Outwards Qt 5,000.00 1,000.00 5,000.00 4,000.00 1,000.00 U: Restore Line Type F 7: Show profit F8: Columnar FIO Basis of B: Values...
[keys] '{F2}' -> Tally 'TallyPrime:9000'
[shot] tds-548-Y1-db-date (1024x768)
[08:27:08] [tds] screen tds-548-Y1-db-date : TallyPrime MANAGE EDU K: Company Change Date Unity Quit Y: Data Z: Exchange A Accept Q Search O: Import E: Export M: E-mail p: pnnt x Fl: Help FinCom Spike Co Change Date 1-10-2026 o Obd58 to ru 47b3- 0937- acep afec— 0937- acep .337. 3—ecb ening 'db3e4 ing j _id" : 3-011' ' , "orc fec—c Mode Windows Server 2025 Datacenter Build 26100.ge_release240331-1435 8•.27 AM 10/8/2026
[keys] '1-10-2026{ENTER}' -> Tally 'TallyPrime:9000'
[shot] tds-549-Y1-db-dated (1024x768)
[08:27:12] [tds] screen tds-549-Y1-db-dated : x TallyPrime MANAGE EDU K: Company Da Book Day Book Y: Data Space: Sekd Z: Exchange A Add Vch Q Search FinCom • ke Co Vch Type Journal Journal Journal Journal Payroll O: Import Vch No. 2 3 4 5 1 E: Export M: E-mail P: Print For 10ct-26 Fl: Help F2: Date o Obd58 Company to ru Voucher Date I-Oct-26 I-Oct-26 I-Oct-26 I-Oct-26 I-Oct-26 Quit Particulars Share Party Share Supplier Share Party Share Supplier Share Basic Enter: Alter Debit Amount Credit Amount Inwards Qty_ Outwards Qt 5,000.00 1,000.00 5,000.00 4,000.00 1,000.00 U: Restore Line Type F 7: Show profit F8: Columnar FIO Basis of B: Values...
[keys] '{END}' -> Tally 'TallyPrime:9000'
[shot] tds-550-Y1-db-last (1024x768)
[08:27:15] [tds] screen tds-550-Y1-db-last : x TallyPrime MANAGE EDU K: Company Da Book Day Book Y: Data Space: Sekd Z: Exchange A Add Vch Q Search FinCom • ke Co Vch Type Journal Journal Journal Journal Payroll O: Import Vch No. 2 3 4 5 E: Export M: E-mail P: Print For 10ct-26 Fl: Help F2: Date o Obd58 Company to ru Voucher Date I-Oct-26 I-Oct-26 I-Oct-26 I-Oct-26 I-Oct-26 Quit Particulars Share Party Share Supplier Share Party Share Supplier Share Basic Enter: Alter Debit Amount Credit Amount Inwards Qty_ Outwards Qt 5,000.00 1,000.00 5,000.00 4,000.00 1,000.00 U: Restore Line Type F 7: Show profit F8: Columnar FIO Basis of B: Values C...
[keys] '%2' -> Tally 'TallyPrime:9000'
[shot] tds-551-Y1-copy (1024x768)
[08:27:20] [tds] screen tds-551-Y1-copy : TallyPrime MANAGE EDU K: Company Y: Data Payroll Voucher Creation (Duplication) Unity Q: Quit Z: Exchange FinCom Spike Co You need to enable the Payroll feature for your Company. Enable now? Yes or No Q Search O: Import E: Export M: E-mail p: print x Fl: Help o Obd58 to ru 47b3- 0937- acep afec— 0937- acep .337. 3—ecb ening 'db3e4 ing j _id" : 3-011' ' , "orc fec—c Mode Windows Server 2025 Datacenter Build 26100.ge_release240331-1435 8•.27 AM 10/8/2026
[keys] '^a' -> Tally 'TallyPrime:9000'
[shot] tds-552-Y1-accept1 (1024x768)
[08:27:25] [tds] screen tds-552-Y1-accept1 : x M: E-mail 58 TallyPrime MANAGE EDU K: Company Y: Data Payroll Voucher Creation (Duplication) Pa roll No. 2 Z: Exchange 1,000.00 Dr CurBal: 500.00 Dr CurBal: 1,000.00 Dr CurBal: 500.00 Dr CurBal: 1,000.00 Dr CurBal: 500.00 Dr CurBal: 1,000.00 Dr CurBal: 500.00 Dr CurBal: 1,000.00 Dr CurBal: 500.00 Dr CurBal: A Accept Q Search FinCom Spike Co 1,000.00 Dr 500.00 Dr 1,000.00 Dr 500.00 Dr 1,000.00 Dr 500.00 Dr 1,000.00 Dr 500.00 Dr 1,000.00 Dr 500.00 Dr O: Import E: Export List of Led er Accounts Cash Share Bank p: pnnt x Create Fl: Help Date o Obd58 Company to ru 47b3- • Account CurBal: 7,500.00...
[shot] tds-553-Y1-after1 (1024x768)
[08:27:26] [tds] screen tds-553-Y1-after1 : x M: E-mail 58 TallyPrime MANAGE EDU K: Company Y: Data Payroll Voucher Creation (Duplication) Pa roll No. 2 Z: Exchange 1,000.00 Dr CurBal: 500.00 Dr CurBal: 1,000.00 Dr CurBal: 500.00 Dr CurBal: 1,000.00 Dr CurBal: 500.00 Dr CurBal: 1,000.00 Dr CurBal: 500.00 Dr CurBal: 1,000.00 Dr CurBal: 500.00 Dr CurBal: A Accept Q Search FinCom Spike Co 1,000.00 Dr 500.00 Dr 1,000.00 Dr 500.00 Dr 1,000.00 Dr 500.00 Dr 1,000.00 Dr 500.00 Dr 1,000.00 Dr 500.00 Dr O: Import E: Export List of Led er Accounts Cash Share Bank p: pnnt x Create Fl: Help Date o Obd58 Company to ru 47b3- • Account CurBal: 7,500.00...
[keys] '^a' -> Tally 'TallyPrime:9000'
[shot] tds-554-Y1-accept2 (1024x768)
[08:27:31] [tds] screen tds-554-Y1-accept2 : x TallyPrime MANAGE EDU K: Company Da Book Day Book Y: Data Space: Sekd Z: Exchange A Add Vch Q Search FinCom • ke Co Vch Type Journal Journal Journal Journal Payroll Payroll O: Import Vch No. 2 3 4 5 1 2 E: Export M: E-mail P: Print For 10ct-26 Fl: Help F2: Date o Obd58 Company to ru Voucher Date I-Oct-26 I-Oct-26 I-Oct-26 I-Oct-26 I-Oct-26 I-Oct-26 Quit Particulars Share Party Share Supplier Share Party Share Supplier Share Basic Share Basic Enter: Alter Debit Amount Credit Amount Inwards Qty_ Outwards Qt 5,000.00 1,000.00 5,000.00 5,000.00 4,000.00 1,000.00 U: Restore Line Type F 7: Show pr...
[shot] tds-555-Y1-after2 (1024x768)
[08:27:32] [tds] screen tds-555-Y1-after2 : x TallyPrime MANAGE EDU K: Company Da Book Day Book Y: Data Space: Sekd Z: Exchange A Add Vch Q Search FinCom • ke Co Vch Type Journal Journal Journal Journal Payroll Payroll O: Import Vch No. 2 3 4 5 1 2 E: Export M: E-mail P: Print For 10ct-26 Fl: Help F2: Date o Obd58 Company to ru Voucher Date I-Oct-26 I-Oct-26 I-Oct-26 I-Oct-26 I-Oct-26 I-Oct-26 Quit Particulars Share Party Share Supplier Share Party Share Supplier Share Basic Share Basic Enter: Alter Debit Amount Credit Amount Inwards Qty_ Outwards Qt 5,000.00 1,000.00 5,000.00 5,000.00 4,000.00 1,000.00 U: Restore Line Type F 7: Show pr...
[shot] tds-556-gw0 (1024x768)
[08:27:32] [tds] screen tds-556-gw0 : x TallyPrime MANAGE EDU K: Company Da Book Day Book Y: Data Space: Sekd Z: Exchange A Add Vch Q Search FinCom • ke Co Vch Type Journal Journal Journal Journal Payroll Payroll O: Import Vch No. 2 3 4 5 1 2 E: Export M: E-mail P: Print For 10ct-26 Fl: Help F2: Date o Obd58 Company to ru Voucher Date I-Oct-26 I-Oct-26 I-Oct-26 I-Oct-26 I-Oct-26 I-Oct-26 Quit Particulars Share Party Share Supplier Share Party Share Supplier Share Basic Share Basic Enter: Alter Debit Amount Credit Amount Inwards Qty_ Outwards Qt 5,000.00 1,000.00 5,000.00 5,000.00 4,000.00 1,000.00 U: Restore Line Type F 7: Show pr...
[keys] '{ESC}' -> Tally 'TallyPrime:9000'
[shot] tds-557-gw1 (1024x768)
[08:27:36] [tds] screen tds-557-gw1 : TallyPrime MANAGE EDU K: Company Gatewa of Tall CURRENT PERIOD I-Apr-26 to 31-Mar-27 NAME OF COMPANY FinCom Spike Co Y: Data Z: Exchange CURRENT OATE Thursday, I-Oct-2026 O: Import E: Export M: E-mail p: pnnt x Fl: Help Date Company Gateway of Tally MASTERS Create Alter CHart of Accounts TRANSACTIONS Vouchers Day 800K UTILITIES BaNking REPORTS Balance Sheet Profit & Loss A/c Stock Summary Ratio Analysis Display More Reports Quit Unity o Obd58 to ru 47b3- 0937- acep afec— 0937- acep .337. 3—ecb ening 'db3e4 ing j _id" : 3-011' ' , "orc fec—c Mode Q 2-Oct-26 Search Windows Server 2025 Datacenter...
  voucher mid=1 aid=1 Journal/1/20260401 guid=54bedff5-92fe-437d-85c8-74d1712959f4-00000001 cancelled=False
  voucher mid=2 aid=2 Journal/2/20261001 guid=54bedff5-92fe-437d-85c8-74d1712959f4-00000002 cancelled=False
  voucher mid=3 aid=3 Journal/3/20261001 guid=54bedff5-92fe-437d-85c8-74d1712959f4-00000003 cancelled=False
  voucher mid=4 aid=4 Journal/4/20261001 guid=54bedff5-92fe-437d-85c8-74d1712959f4-00000004 cancelled=False
  voucher mid=5 aid=5 Journal/5/20261001 guid=54bedff5-92fe-437d-85c8-74d1712959f4-00000005 cancelled=False
  voucher mid=6 aid=6 Payroll/1/20261001 guid=54bedff5-92fe-437d-85c8-74d1712959f4-00000006 cancelled=False
  voucher mid=23 aid=26 Payroll/2/20261001 guid=54bedff5-92fe-437d-85c8-74d1712959f4-00000017 cancelled=False
  voucher mid=7 aid=24 Sales/1/20261002 guid=54bedff5-92fe-437d-85c8-74d1712959f4-00000007 cancelled=False
  voucher mid=8 aid=25 Receipt/1/20261002 guid=54bedff5-92fe-437d-85c8-74d1712959f4-00000008 cancelled=False
  voucher mid=9 aid=23 Receipt/2/20261002 guid=54bedff5-92fe-437d-85c8-74d1712959f4-00000009 cancelled=False
  voucher mid=10 aid=10 Payment/1/20261002 guid=54bedff5-92fe-437d-85c8-74d1712959f4-0000000a cancelled=False
  voucher mid=11 aid=11 Payment/2/20261002 guid=54bedff5-92fe-437d-85c8-74d1712959f4-0000000b cancelled=False
  voucher mid=12 aid=12 Contra/1/20261002 guid=54bedff5-92fe-437d-85c8-74d1712959f4-0000000c cancelled=False
  voucher mid=13 aid=13 Journal/6/20261002 guid=54bedff5-92fe-437d-85c8-74d1712959f4-0000000d cancelled=False
  voucher mid=14 aid=14 Journal/7/20261002 guid=54bedff5-92fe-437d-85c8-74d1712959f4-0000000e cancelled=False
  voucher mid=15 aid=15 Sales/2/20261002 guid=54bedff5-92fe-437d-85c8-74d1712959f4-0000000f cancelled=False
  voucher mid=16 aid=16 Sales/3/20261002 guid=54bedff5-92fe-437d-85c8-74d1712959f4-00000010 cancelled=False
  voucher mid=17 aid=17 Sales/4/20261002 guid=54bedff5-92fe-437d-85c8-74d1712959f4-00000011 cancelled=False
  voucher mid=18 aid=18 Purchase/1/20261002 guid=54bedff5-92fe-437d-85c8-74d1712959f4-00000012 cancelled=False
  voucher mid=19 aid=19 Purchase/2/20261002 guid=54bedff5-92fe-437d-85c8-74d1712959f4-00000013 cancelled=False
  voucher mid=20 aid=20 Credit Note/1/20261002 guid=54bedff5-92fe-437d-85c8-74d1712959f4-00000014 cancelled=False
  voucher mid=21 aid=21 Journal/8/20261002 guid=54bedff5-92fe-437d-85c8-74d1712959f4-00000015 cancelled=False
  voucher mid=22 aid=22 Receipt/3/20261002 guid=54bedff5-92fe-437d-85c8-74d1712959f4-00000016 cancelled=False
  INFO share copy-payroll (Alt+2 copy of the payroll entry (five employees, two pay heads)): Tally Payroll 2 mid 23; stored party 'Cash' bills []; the line party 'Cash' bills []; lines voucher_accept_post x1, voucher_full x1
######## ANSWERED hang3 step 23 copy-payroll: after copy-payroll: 2.3.4 object answered (10 ms, the entry in it); 2.3.3 by master answered (30 ms, the entry in it); Tally answers after: True; started again: ; 2.3.3 after the restart: 
[hang3 xml invoice 2] 26 ms: <RESPONSE><CREATED>1</CREATED><ALTERED>0</ALTERED><DELETED>0</DELETED><LASTVCHID>24</LASTVCHID><LASTMID>0</LASTMID><COMBINED>0</COMBINED><IGNORED>0</IGNORED><ERRORS>0</ERRORS><CANCELLED>0</CANCELLED></RESPONSE>
  voucher mid=1 aid=1 Journal/1/20260401 guid=54bedff5-92fe-437d-85c8-74d1712959f4-00000001 cancelled=False
  voucher mid=2 aid=2 Journal/2/20261001 guid=54bedff5-92fe-437d-85c8-74d1712959f4-00000002 cancelled=False
  voucher mid=3 aid=3 Journal/3/20261001 guid=54bedff5-92fe-437d-85c8-74d1712959f4-00000003 cancelled=False
  voucher mid=4 aid=4 Journal/4/20261001 guid=54bedff5-92fe-437d-85c8-74d1712959f4-00000004 cancelled=False
  voucher mid=5 aid=5 Journal/5/20261001 guid=54bedff5-92fe-437d-85c8-74d1712959f4-00000005 cancelled=False
  voucher mid=6 aid=6 Payroll/1/20261001 guid=54bedff5-92fe-437d-85c8-74d1712959f4-00000006 cancelled=False
  voucher mid=23 aid=26 Payroll/2/20261001 guid=54bedff5-92fe-437d-85c8-74d1712959f4-00000017 cancelled=False
  voucher mid=7 aid=24 Sales/1/20261002 guid=54bedff5-92fe-437d-85c8-74d1712959f4-00000007 cancelled=False
  voucher mid=8 aid=25 Receipt/1/20261002 guid=54bedff5-92fe-437d-85c8-74d1712959f4-00000008 cancelled=False
  voucher mid=9 aid=23 Receipt/2/20261002 guid=54bedff5-92fe-437d-85c8-74d1712959f4-00000009 cancelled=False
  voucher mid=10 aid=10 Payment/1/20261002 guid=54bedff5-92fe-437d-85c8-74d1712959f4-0000000a cancelled=False
  voucher mid=11 aid=11 Payment/2/20261002 guid=54bedff5-92fe-437d-85c8-74d1712959f4-0000000b cancelled=False
  voucher mid=12 aid=12 Contra/1/20261002 guid=54bedff5-92fe-437d-85c8-74d1712959f4-0000000c cancelled=False
  voucher mid=13 aid=13 Journal/6/20261002 guid=54bedff5-92fe-437d-85c8-74d1712959f4-0000000d cancelled=False
  voucher mid=14 aid=14 Journal/7/20261002 guid=54bedff5-92fe-437d-85c8-74d1712959f4-0000000e cancelled=False
  voucher mid=15 aid=15 Sales/2/20261002 guid=54bedff5-92fe-437d-85c8-74d1712959f4-0000000f cancelled=False
  voucher mid=16 aid=16 Sales/3/20261002 guid=54bedff5-92fe-437d-85c8-74d1712959f4-00000010 cancelled=False
  voucher mid=17 aid=17 Sales/4/20261002 guid=54bedff5-92fe-437d-85c8-74d1712959f4-00000011 cancelled=False
  voucher mid=18 aid=18 Purchase/1/20261002 guid=54bedff5-92fe-437d-85c8-74d1712959f4-00000012 cancelled=False
  voucher mid=19 aid=19 Purchase/2/20261002 guid=54bedff5-92fe-437d-85c8-74d1712959f4-00000013 cancelled=False
  voucher mid=20 aid=20 Credit Note/1/20261002 guid=54bedff5-92fe-437d-85c8-74d1712959f4-00000014 cancelled=False
  voucher mid=21 aid=21 Journal/8/20261002 guid=54bedff5-92fe-437d-85c8-74d1712959f4-00000015 cancelled=False
  voucher mid=22 aid=22 Receipt/3/20261002 guid=54bedff5-92fe-437d-85c8-74d1712959f4-00000016 cancelled=False
  voucher mid=24 aid=27 Sales/5/20261002 guid=54bedff5-92fe-437d-85c8-74d1712959f4-00000018 cancelled=False
######## ANSWERED hang3 run-37729166801 order: a second XML invoice (MasterID 24) imported after the cases, Tally's list, then the 2.3.3 bytes: answered (32 ms); the hanging collection: answered (31 ms); Tally answers after: True
  INFO hang3: the first step after which a request got no answer: none
[08:27:43] done (hang3)
