[20:44:43] ---- c1 install and open the company (TallyPrime 4.1)
  INFO installed: C:\Program Files\TallyPrime\tally.exe; tally.exe 15413896 bytes, 2026-10-08, FileVersion 1.1.4.1, ProductVersion 1.1.4.1, ProductName TallyPrime
  INFO company folder made by flow.ps1: D:\a\_temp\TallyData\100000
[keys] 'a' -> Tally 'TallyPrime:9000'
[keys] 't' -> Tally 'TallyPrime:9000'
[shot] v-00-started (1024x768)
[companies] 6 ms: <ENVELOPE><HEADER><VERSION>1</VERSION><STATUS>1</STATUS></HEADER><BODY><DESC><CMPINFO><COMPANY>0</COMPANY><GROUP>0</GROUP><LEDGER>0</LEDGER><COSTCATEGORY>0</COSTCATEGORY><COSTCENTRE>0</COSTCENTRE><GODOWN>0</GODOWN><STOCKGROUP>0</STOCKGROUP><STOCKCATEGORY>0</STOCKCATEGORY><STOCKITEM>0</STOCKITEM><VOUCHERTYPE>0</VOUCHERTYPE><CURRENCY>0</CURRENCY><UNIT>0</UNIT><BUDGET>0</BUDGET><CLIENTRULE>0</CLIENTRULE><SERVERRULE>0</SERVERRULE><STATE>0</STATE><TDSRATE>0</TDSRATE><TAXCLASSIFICATION>0</TAXCLASSIFICATION><STCATEGORY>0</STCATEGORY><DEDUCTEETYPE>0</DEDUCTEETYPE><ATTENDANCETYPE>0</ATTENDANCETYPE><FBT...
[header] 5 ms: <ENVELOPE><HEADER><VERSION>1</VERSION><STATUS>1</STATUS><PRODMAJORVER>1</PRODMAJORVER><PRODMINORVER>1</PRODMINORVER><PRODMAJORREL>4</PRODMAJORREL><PRODMINORREL>1</PRODMINORREL><PRODTYPE>5</PRODTYPE></HEADER><BODY><DESC><CMPINFO><COMPANY>0</COMPANY><GROUP>0</GROUP><LEDGER>0</LEDGER><COSTCATEGORY>0</COSTCATEGORY><COSTCENTRE>0</COSTCENTRE><GODOWN>0</GODOWN><STOCKGROUP>0</STOCKGROUP><STOCKCATEGORY>0</STOCKCATEGORY><STOCKITEM>0</STOCKITEM><VOUCHERTYPE>0</VOUCHERTYPE><CURRENCY>0</CURRENCY><UNIT>0</UNIT><BUDGET>0</BUDGET><CLIENTRULE>0</CLIENTRULE><SERVERRULE>0</SERVERRULE><STATE>0</STATE><TDSRATE>0</...
  INFO Tally's own release in its answer header: PRODMAJORREL 4 PRODMINORREL 1 (PRODMAJORVER 1 PRODMINORVER 1 PRODTYPE 5)
######## PASS c1 install and open the company: installed tally.exe 15413896 bytes, 2026-10-08, FileVersion 1.1.4.1, ProductVersion 1.1.4.1, ProductName TallyPrime; company folder 100000 loaded at start: True; window 'TallyPrime:9000'
######## PASS c2 port and company list: port 9000 answered 10.1 s after start, GET 14 ms ('<RESPONSE>TallyPrime Server is Running</RESPONSE>'); company list 6 ms, 'FinCom Spike Co' in it: True
[20:45:16] ---- mhook: the master hooks (Pay Head, Stock Item, Godown) on the screen, add-on on and off
  INFO mh company features after the XML alter: ISPAYROLLON=Yes, ISBATCHWISEON=Yes, PREVISMULTIGODOWNON=Yes, ISCOSTCENTRESON=Yes, ISGSTON=Yes, ISINVENTORYON=Yes
[mh] master Nos: <CREATED>1</CREATED> <ALTERED>0</ALTERED> <DELETED>0</DELETED> <LASTVCHID>0</LASTVCHID> <LASTMID>0</LASTMID> <COMBINED>0</COMBINED> <IGNORED>0</IGNORED> <ERRORS>0</ERRORS>
[mh] master Kgs: <CREATED>1</CREATED> <ALTERED>0</ALTERED> <DELETED>0</DELETED> <LASTVCHID>0</LASTVCHID> <LASTMID>0</LASTMID> <COMBINED>0</COMBINED> <IGNORED>0</IGNORED> <ERRORS>0</ERRORS>
[mh] master MH Main: <CREATED>1</CREATED> <ALTERED>0</ALTERED> <DELETED>0</DELETED> <LASTVCHID>0</LASTVCHID> <LASTMID>0</LASTMID> <COMBINED>0</COMBINED> <IGNORED>0</IGNORED> <ERRORS>0</ERRORS>
[mh] master MH Sales: <CREATED>1</CREATED> <ALTERED>0</ALTERED> <DELETED>0</DELETED> <LASTVCHID>0</LASTVCHID> <LASTMID>0</LASTMID> <COMBINED>0</COMBINED> <IGNORED>0</IGNORED> <ERRORS>0</ERRORS>
[mh] master MH Wage: <CREATED>1</CREATED> <ALTERED>0</ALTERED> <DELETED>0</DELETED> <LASTVCHID>0</LASTVCHID> <LASTMID>0</LASTMID> <COMBINED>0</COMBINED> <IGNORED>0</IGNORED> <ERRORS>0</ERRORS>
  INFO mh attendance type MH Present made by XML (ATTENDANCEPRODUCTIONTYPE)
  INFO mh production type MH Pieces made by XML (ATTENDANCEPRODUCTIONTYPE)
  INFO mh attendance/production types made by XML: attendance True, production True
  INFO mh the add-on loaded in phase A (C:\fcspike\FinComRecorder.tdl, SHA-256 F45FB164FBFB225B...) hooks: Voucher, Ledger, Pay Head, Stock Item, Godown
  INFO tally.ini TDL lines: FinComRecorder.tdl
  INFO Tally started afresh (phase A: the add-on from the ref)
[keys] 'a' -> Tally 'TallyPrime:9000'
[keys] 't' -> Tally 'TallyPrime:9000'
[shot] tds-001-mh-start-0 (1024x768)
[20:45:51] [tds] screen tds-001-mh-start-0 : TallyPrime MANAGE Recyc EDU K: Company Gatewa of Tall Y: Data Z: Exchange CURRENT OATE Wednesday, I-Apr-2026 O: Import E: Export M: Share p: print Fl: Help Date Company Firefo Googl Chro Micros 46 IypÅ Unity CURRENT PERIOD I-Apr-26 to 31-Mar-27 NAME OF COMPANY FinCom Spike Co Gateway of Tally MASTERS Create Alter CHart of Accounts TRANSACTIONS Vouchers Day 800K UTILITIES BaNking REPORTS Balance Sheet Profit & Loss A/c Stock Summary Ratio Analysis Display More Reports DashbOard Quit 161 nt to •elati c2524 9b89b -c082 Hub" , " : "6b 9b89b -c082 tion_ 24978 isten corre 2fcfc nning ' , "sou Oad7- ...
[shot] tds-002-mgw0 (1024x768)
[20:45:52] [tds] screen tds-002-mgw0 : TallyPrime MANAGE Recyc EDU K: Company Gatewa of Tall Y: Data Z: Exchange CURRENT OATE Wednesday, I-Apr-2026 O: Import E: Export M: Share p: print Fl: Help Date Company Firefo Googl Chro Micros 46 IypÅ Unity CURRENT PERIOD I-Apr-26 to 31-Mar-27 NAME OF COMPANY FinCom Spike Co Gateway of Tally MASTERS Create Alter CHart of Accounts TRANSACTIONS Vouchers Day 800K UTILITIES BaNking REPORTS Balance Sheet Profit & Loss A/c Stock Summary Ratio Analysis Display More Reports DashbOard Quit 161 nt to •elati c2524 9b89b -c082 Hub" , " : "6b 9b89b -c082 tion_ 24978 isten corre 2fcfc nning ' , "sou Oad7- ...
[20:45:52] ---- mh A G1-create (Godown 'MA Godown 1')
[shot] tds-003-mgw0 (1024x768)
[20:45:53] [tds] screen tds-003-mgw0 : TallyPrime MANAGE Recyc EDU K: Company Gatewa of Tall Y: Data Z: Exchange CURRENT OATE Wednesday, I-Apr-2026 O: Import E: Export M: Share p: print Fl: Help Date Company Firefo Googl Chro Micros 46 IypÅ Unity CURRENT PERIOD I-Apr-26 to 31-Mar-27 NAME OF COMPANY FinCom Spike Co Gateway of Tally MASTERS Create Alter CHart of Accounts TRANSACTIONS Vouchers Day 800K UTILITIES BaNking REPORTS Balance Sheet Profit & Loss A/c Stock Summary Ratio Analysis Display More Reports DashbOard Quit 161 nt to •elati c2524 9b89b -c082 Hub" , " : "6b 9b89b -c082 tion_ 24978 isten corre 2fcfc nning ' , "sou Oad7- ...
[keys] 'c' -> Tally 'TallyPrime:9000'
[keys] '{BACKSPACE}{BACKSPACE}{BACKSPACE}{BACKSPACE}{BACKSPACE}{BACKSPACE}{BACKSPACE}{BACKSPACE}{BACKSPACE}{BACKSPACE}{BACKSPACE}{BACKSPACE}{BACKSPACE}{BACKSPACE}{BACKSPACE}{BACKSPACE}{BACKSPACE}{BACKSPACE}{BACKSPACE}{BACKSPACE}' -> Tally 'TallyPrime:9000'
[keys] 'Location' -> Tally 'TallyPrime:9000'
[keys] '{ENTER}' -> Tally 'TallyPrime:9000'
[shot] mh-0001-G1-form (1024x768)
[mh] mh-0001-G1-form: field 143,117,245x16 left 'Name' heads 'K: Company / Y: Data / Z: Exchange' value '' (boxes: 143,117,245x16[Name|K: Company/Y: Data/Z: Exchange]) | Recyc TallyPrime MANAGE EDU K: Company Location Creation Name (alias) Y: Data Z: Exchange A Accept Q Search O: Import E: Export M: Share p: print FinCom Spike Co x Fl: Help F2: period Company Firefo Under Googl Chron Micros lyp Unity Quit • Primary FIO: Other Masters nt to •elati c2524 9b89b -c082 Hub" , " : "6b 9b89b -c082 . '2.3 tion_ 24978 isten corre 2fcfc nning ' , "sou Oad7- age" , " : "6b p: Delete More Details Configure Windows Server 2025 Datacenter Build 26100.ge_release240331-1435 8:46 PM 10/8/2026
[shot] mh-0002-G1-w1 (1024x768)
[mh] mh-0002-G1-w1: field 143,117,245x16 left 'Name' heads 'K: Company / Y: Data / Z: Exchange' value '' (boxes: 143,117,245x16[Name|K: Company/Y: Data/Z: Exchange]) | Recyc TallyPrime MANAGE EDU K: Company Location Creation Name (alias) Y: Data Z: Exchange A Accept Q Search O: Import E: Export M: Share p: print FinCom Spike Co x Fl: Help F2: period Company Firefo Under Googl Chron Micros lyp Unity Quit • Primary FIO: Other Masters nt to •elati c2524 9b89b -c082 Hub" , " : "6b 9b89b -c082 . '2.3 tion_ 24978 isten corre 2fcfc nning ' , "sou Oad7- age" , " : "6b p: Delete More Details Configure Windows Server 2025 Datacenter Build 26100.ge_release240331-1435 8:46 PM 10/8/2026
[mh] G1 rule 0 ((^|\W)Name$) on 'Name|K: Company': keys 'MA Godown 1{ENTER}'
[keys] 'MA Godown 1' -> Tally 'TallyPrime:9000'
[keys] '{ENTER}' -> Tally 'TallyPrime:9000'
[shot] mh-0003-G1-w2 (1024x768)
[mh] mh-0003-G1-w2: field 143,135,245x16 left '' heads 'MA Godown 1 / K: Company Y: Data / Z: Exchange' value '' (boxes: 143,135,245x16[|MA Godown 1/K: Company Y: Data/Z: Exchange]) | Recyc TallyPrime MANAGE EDU K: Company Y: Data Location Creation Z: Exchange A Accept Q Search O: Import E: Export M: Share p: print FinCom Spike Co x Fl: Help F2: period Company Name Firefo Under Googl Chron Micros lyp Unity Quit MA Godown 1 • Primary FIO: Other Masters nt to •elati c2524 9b89b -c082 Hub" , " : "6b 9b89b -c082 . '2.3 tion_ 24978 isten corre 2fcfc nning ' , "sou Oad7- age" , " : "6b p: Delete More Details Configure Windows Server 2025 Datacenter Build 26100.ge_release240331-1435 8:46 PM 10/8/2026
[mh] G1 rule 1 (alias^MA\s*Godown\s*[1lIi|]$) on '|MA Godown 1': keys 'MA G1{ENTER}'
[keys] 'MA G1' -> Tally 'TallyPrime:9000'
[keys] '{ENTER}' -> Tally 'TallyPrime:9000'
[shot] mh-0004-G1-w3 (1024x768)
[mh] mh-0004-G1-w3: field 143,153,245x16 left 'Firefo' heads 'MA GI / MA Godown 1 / K: Company Y: Data' value '' (boxes: 143,153,245x16[Firefo|MA GI/MA Godown 1/K: Company Y: Data]) | Recyc TallyPrime MANAGE EDU K: Company Y: Data Location Creation Z: Exchange A Accept Q Search O: Import E: Export M: Share p: print FinCom Spike Co x Fl: Help F2: period Company Name (alias) Firefo Under Googl Chron Micros lyp Unity Quit MA Godown 1 MA GI • Primary FIO: Other Masters nt to •elati c2524 9b89b -c082 Hub" , " : "6b 9b89b -c082 . '2.3 tion_ 24978 isten corre 2fcfc nning ' , "sou Oad7- age" , " : "6b p: Delete More Details Configure Windows Server 2025 Datacenter Build 26100.ge_release240331-1435 8:46 PM 10/8/2026
[keys] '{ENTER}' -> Tally 'TallyPrime:9000'
[shot] mh-0005-G1-w4 (1024x768)
[mh] mh-0005-G1-w4: field 143,197,189x16 left 'Under' heads 'MAGI / MA Godown 1 / K: Company Y: Data' value 'Prima' (boxes: 143,197,189x16[Under|MAGI/MA Godown 1/K: Company Y: Data]) | Recyc Firefo TallyPrime MANAGE EDU K: Company Y: Data Location Creation Z: Exchange A Accept Q Search FinCom Spike Co O: Import E: Export List of Locations • Primary Main Location MH Main p: Delete M: Share Name (alias) p: print Create x Fl: Help F2: period Company MA Godown 1 MAGI Prima Under Googl Chron Micros lyp Unity Quit FIO: Other Masters More Details Configure nt to •elati c2524 9b89b -c082 Hub" , " : "6b 9b89b -c082 . '2.3 tion_ 24978 isten corre 2fcfc nning ' , "sou Oad7- age" , " : "6b Windows Server 2025 Datacenter Build 26100.ge_release240331-1435 8:46 PM 10/8/2026
[mh] G1 rule 2 ((^|\W)Under$) on 'Under|MAGI': keys 'Primary{ENTER}'
[keys] 'Primary' -> Tally 'TallyPrime:9000'
[keys] '{ENTER}' -> Tally 'TallyPrime:9000'
[shot] mh-0006-G1-before-save (1024x768)
[mh] mh-0006-G1-before-save: field none left '' heads '' value '' (boxes: ) | Recyc TallyPrime MANAGE EDU K: Company Y: Data Location Creation Z: Exchange Accept Q Yes or No O: Import E: Export M: Share p: print FinCom Spike Co x Fl: Help F2: period F3: Company Name (alias) Firefo Under Googl Chron Micros lyp Unity Q: Quit MA Godown 1 MAGI • Primary IA FIO : Other Masters nt to •elati c2524 9b89b -c082 Hub" , " : "6b 9b89b -c082 . '2.3 tion_ 24978 isten corre 2fcfc nning ' , "sou Oad7- age" , " : "6b _ : Accept p: Delete l: More Details F 12: Configure Q Search Windows Server 2025 Datacenter Build 26100.ge_release240331-1435 8:46 PM 10/8/2026
[keys] '' -> Tally 'TallyPrime:9000'
[shot] mh-0007-G1-saved1 (1024x768)
[mh] mh-0007-G1-saved1: field 143,117,245x16 left 'Name' heads 'K: Company / Y: Data / Z: Exchange' value '' (boxes: 143,117,245x16[Name|K: Company/Y: Data/Z: Exchange]) | Recyc TallyPrime MANAGE EDU K: Company Location Creation Name (alias) Y: Data Z: Exchange A Accept Q Search O: Import E: Export M: Share p: print FinCom Spike Co x Fl: Help F2: period Company Firefo Under Googl Chron Micros lyp Unity Quit • Primary FIO: Other Masters nt to •elati c2524 9b89b -c082 Hub" , " : "6b 9b89b -c082 . '2.3 tion_ 24978 isten corre 2fcfc nning ' , "sou Oad7- age" , " : "6b p: Delete More Details Configure Windows Server 2025 Datacenter Build 26100.ge_release240331-1435 8:46 PM 10/8/2026
[shot] tds-004-mgw0 (1024x768)
[20:46:22] [tds] screen tds-004-mgw0 : Recyc TallyPrime MANAGE EDU K: Company Location Creation Name (alias) Y: Data Z: Exchange A Accept Q Search O: Import E: Export M: Share p: print FinCom Spike Co x Fl: Help F2: period Company Firefo Under Googl Chron Micros lyp Unity Quit • Primary FIO: Other Masters nt to •elati c2524 9b89b -c082 Hub" , " : "6b 9b89b -c082 . '2.3 tion_ 24978 isten corre 2fcfc nning ' , "sou Oad7- age" , " : "6b p: Delete More Details Configure Windows Server 2025 Datacenter Build 26100.ge_release240331-1435 8:46 PM 10/8/2026
[keys] '{ESC}' -> Tally 'TallyPrime:9000'
[shot] tds-005-mgw1 (1024x768)
[20:46:25] [tds] screen tds-005-mgw1 : Recyc TallyPrime MANAGE EDU K: Company Location Creation Name (alias) Y: Data Z: Exchange Quit o Yes or No O: Import E: Export M: Share p: print FinCom Spike Co x Fl: Help F2: period F3: Company Firefo Under Googl Chron Micros lyp Unity Q: Quit • Primary FIO : Other Masters nt to •elati c2524 9b89b -c082 Hub" , " : "6b 9b89b -c082 . '2.3 tion_ 24978 isten corre 2fcfc nning ' , "sou Oad7- age" , " : "6b IA _ : Accept Q Search p: Delete l: More Details F 12: Configure Windows Server 2025 Datacenter Build 26100.ge_release240331-1435 8:46 PM 10/8/2026
[keys] 'n' -> Tally 'TallyPrime:9000'
[shot] tds-006-mgw2 (1024x768)
[20:46:28] [tds] screen tds-006-mgw2 : Recyc TallyPrime MANAGE EDU K: Company Location Creation Name (alias) Y: Data Z: Exchange A Accept Q Search O: Import E: Export M: Share p: print FinCom Spike Co x Fl: Help F2: period Company Firefo Under Googl Chron Micros lyp Unity Quit • Primary FIO: Other Masters nt to •elati c2524 9b89b -c082 Hub" , " : "6b 9b89b -c082 . '2.3 tion_ 24978 isten corre 2fcfc nning ' , "sou Oad7- age" , " : "6b p: Delete More Details Configure Windows Server 2025 Datacenter Build 26100.ge_release240331-1435 8:46 PM 10/8/2026
[keys] '{ESC}' -> Tally 'TallyPrime:9000'
[shot] tds-007-mgw3 (1024x768)
[20:46:31] [tds] screen tds-007-mgw3 : Recyc TallyPrime MANAGE EDU K: Company Location Creation Name (alias) Y: Data Z: Exchange Quit o Yes or No O: Import E: Export M: Share p: print FinCom Spike Co x Fl: Help F2: period F3: Company Firefo Under Googl Chron Micros lyp Unity Q: Quit • Primary FIO : Other Masters nt to •elati c2524 9b89b -c082 Hub" , " : "6b 9b89b -c082 . '2.3 tion_ 24978 isten corre 2fcfc nning ' , "sou Oad7- age" , " : "6b IA _ : Accept Q Search p: Delete l: More Details F 12: Configure Windows Server 2025 Datacenter Build 26100.ge_release240331-1435 8:46 PM 10/8/2026
[keys] 'n' -> Tally 'TallyPrime:9000'
[shot] tds-008-mgw4 (1024x768)
[20:46:35] [tds] screen tds-008-mgw4 : Recyc TallyPrime MANAGE EDU K: Company Location Creation Name (alias) Y: Data Z: Exchange A Accept Q Search O: Import E: Export M: Share p: print FinCom Spike Co x Fl: Help F2: period Company Firefo Under Googl Chron Micros lyp Unity Quit • Primary FIO: Other Masters nt to •elati c2524 9b89b -c082 Hub" , " : "6b 9b89b -c082 . '2.3 tion_ 24978 isten corre 2fcfc nning ' , "sou Oad7- age" , " : "6b p: Delete More Details Configure Windows Server 2025 Datacenter Build 26100.ge_release240331-1435 8:46 PM 10/8/2026
[keys] '{ESC}' -> Tally 'TallyPrime:9000'
[shot] tds-009-mgw5 (1024x768)
[20:46:37] [tds] screen tds-009-mgw5 : Recyc TallyPrime MANAGE EDU K: Company Location Creation Name (alias) Y: Data Z: Exchange Quit o Yes or No O: Import E: Export M: Share p: print FinCom Spike Co x Fl: Help F2: period F3: Company Firefo Under Googl Chron Micros lyp Unity Q: Quit • Primary FIO : Other Masters nt to •elati c2524 9b89b -c082 Hub" , " : "6b 9b89b -c082 . '2.3 tion_ 24978 isten corre 2fcfc nning ' , "sou Oad7- age" , " : "6b IA _ : Accept Q Search p: Delete l: More Details F 12: Configure Windows Server 2025 Datacenter Build 26100.ge_release240331-1435 8:46 PM 10/8/2026
[keys] 'n' -> Tally 'TallyPrime:9000'
[shot] tds-010-mgw6 (1024x768)
[20:46:41] [tds] screen tds-010-mgw6 : Recyc TallyPrime MANAGE EDU K: Company Location Creation Name (alias) Y: Data Z: Exchange A Accept Q Search O: Import E: Export M: Share p: print FinCom Spike Co x Fl: Help F2: period Company Firefo Under Googl Chron Micros lyp Unity Quit • Primary FIO: Other Masters nt to •elati c2524 9b89b -c082 Hub" , " : "6b 9b89b -c082 . '2.3 tion_ 24978 isten corre 2fcfc nning ' , "sou Oad7- age" , " : "6b p: Delete More Details Configure Windows Server 2025 Datacenter Build 26100.ge_release240331-1435 8:46 PM 10/8/2026
[keys] '{ESC}' -> Tally 'TallyPrime:9000'
[shot] tds-011-mgw7 (1024x768)
[20:46:43] [tds] screen tds-011-mgw7 : Recyc TallyPrime MANAGE EDU K: Company Location Creation Name (alias) Y: Data Z: Exchange Quit o Yes or No O: Import E: Export M: Share p: print FinCom Spike Co x Fl: Help F2: period F3: Company Firefo Under Googl Chron Micros lyp Unity Q: Quit • Primary FIO : Other Masters nt to •elati c2524 9b89b -c082 Hub" , " : "6b 9b89b -c082 . '2.3 tion_ 24978 isten corre 2fcfc nning ' , "sou Oad7- age" , " : "6b IA _ : Accept Q Search p: Delete l: More Details F 12: Configure Windows Server 2025 Datacenter Build 26100.ge_release240331-1435 8:46 PM 10/8/2026
[keys] 'n' -> Tally 'TallyPrime:9000'
[20:46:46] [tds] the Gateway not reached (after G1-create): Tally started again
[keys] 'a' -> Tally 'TallyPrime:9000'
[keys] 't' -> Tally 'TallyPrime:9000'
[shot] tds-012-mh-start-0 (1024x768)
[20:47:20] [tds] screen tds-012-mh-start-0 : TallyPrime MANAGE Recyc EDU K: Company Gatewa of Tall Y: Data Z: Exchange CURRENT OATE Wednesday, I-Apr-2026 O: Import E: Export M: Share p: print Fl: Help Date Company Firefo Googl Chro Micros 46 IypÅ Unity CURRENT PERIOD I-Apr-26 to 31-Mar-27 NAME OF COMPANY FinCom Spike Co Gateway of Tally MASTERS Create Alter CHart of Accounts TRANSACTIONS Vouchers Day 800K UTILITIES BaNking REPORTS Balance Sheet Profit & Loss A/c Stock Summary Ratio Analysis Display More Reports DashbOard Quit 161 nt to •elati c2524 9b89b -c082 Hub" , " : "6b 9b89b -c082 tion_ 24978 isten corre 2fcfc nning ' , "sou Oad7- ...
  INFO mh A G1-create: stored as typed True; error ''; Ctrl+A 81.4 ms; add-on lines: godown_accept_pre(MA Godown 1) godown_accept_post(MA Godown 1)
[20:47:21] ---- mh A G2-alter-alias (Godown 'MA Godown 1')
[shot] tds-013-mgw0 (1024x768)
[20:47:22] [tds] screen tds-013-mgw0 : TallyPrime MANAGE Recyc EDU K: Company Gatewa of Tall Y: Data Z: Exchange CURRENT OATE Wednesday, I-Apr-2026 O: Import E: Export M: Share p: print Fl: Help Date Company Firefo Googl Chro Micros 46 IypÅ Unity CURRENT PERIOD I-Apr-26 to 31-Mar-27 NAME OF COMPANY FinCom Spike Co Gateway of Tally MASTERS Create Alter CHart of Accounts TRANSACTIONS Vouchers Day 800K UTILITIES BaNking REPORTS Balance Sheet Profit & Loss A/c Stock Summary Ratio Analysis Display More Reports DashbOard Quit 161 nt to •elati c2524 9b89b -c082 Hub" , " : "6b 9b89b -c082 tion_ 24978 isten corre 2fcfc nning ' , "sou Oad7- ...
[keys] 'a' -> Tally 'TallyPrime:9000'
[keys] '{BACKSPACE}{BACKSPACE}{BACKSPACE}{BACKSPACE}{BACKSPACE}{BACKSPACE}{BACKSPACE}{BACKSPACE}{BACKSPACE}{BACKSPACE}{BACKSPACE}{BACKSPACE}{BACKSPACE}{BACKSPACE}{BACKSPACE}{BACKSPACE}{BACKSPACE}{BACKSPACE}{BACKSPACE}{BACKSPACE}' -> Tally 'TallyPrime:9000'
[keys] 'Location' -> Tally 'TallyPrime:9000'
[keys] '{ENTER}' -> Tally 'TallyPrime:9000'
[keys] 'MA Godown 1' -> Tally 'TallyPrime:9000'
[keys] '{ENTER}' -> Tally 'TallyPrime:9000'
[shot] mh-0008-G2-form (1024x768)
[mh] mh-0008-G2-form: field 143,117,245x16 left 'Name' heads 'Location Alteration / K: Company Y: Data / Z: Exchange' value 'IA Godown 1' (boxes: 143,117,245x16[Name|Location Alteration/K: Company Y: Data/Z: Exchange]) | Recyc TallyPrime MANAGE EDU K: Company Y: Data Location Alteration Z: Exchange A Accept Q Search FinCom Spike Co O: Import Delete E: Export M: Share p: print x Fl: Help F2: period Company Name (alias) Firefo Under Googl Chron Micros lyp Unity Quit IA Godown 1 MAGI • Primary FIO: Other Masters More Details Configure nt to •elati c2524 9b89b -c082 Hub" , " : "6b 9b89b -c082 . '2.3 tion_ 24978 isten corre 2fcfc nning ' , "sou Oad7- age" , " : "6b Windows Server 2025 Datacenter Build 26100.ge_release240331-1435 8:47 PM 10/8/2026
[mh] G2 the alteration form open is 'IA Godown 1', not 'MA Godown 1': left
[shot] tds-014-mgw0 (1024x768)
[20:47:39] [tds] screen tds-014-mgw0 : Recyc TallyPrime MANAGE EDU K: Company Y: Data Location Alteration Z: Exchange A Accept Q Search FinCom Spike Co O: Import Delete E: Export M: Share p: print x Fl: Help F2: period Company Name (alias) Firefo Under Googl Chron Micros lyp Unity Quit IA Godown 1 MAGI • Primary FIO: Other Masters More Details Configure nt to •elati c2524 9b89b -c082 Hub" , " : "6b 9b89b -c082 . '2.3 tion_ 24978 isten corre 2fcfc nning ' , "sou Oad7- age" , " : "6b Windows Server 2025 Datacenter Build 26100.ge_release240331-1435 8:47 PM 10/8/2026
[keys] '{ESC}' -> Tally 'TallyPrime:9000'
[shot] tds-015-mgw1 (1024x768)
[20:47:41] [tds] screen tds-015-mgw1 : Recyc TallyPrime MANAGE EDU K: Company Location Alteration Y: Data Z: Exchange A Accept Q Search E: Export FinCom Spike Co O: Import Delete M: Share p: print x Fl: Help F2: period Company Name (alias) Firefo Under Googl Chron Micros lyp Unity Quit MAGI • Primary FIO: Other Masters More Details Configure nt to •elati c2524 9b89b -c082 Hub" , " : "6b 9b89b -c082 . '2.3 tion_ 24978 isten corre 2fcfc nning ' , "sou Oad7- age" , " : "6b Windows Server 2025 Datacenter Build 26100.ge_release240331-1435 8:47 PM 10/8/2026
[keys] '{ESC}' -> Tally 'TallyPrime:9000'
[shot] tds-016-mgw2 (1024x768)
[20:47:44] [tds] screen tds-016-mgw2 : Recyc TallyPrime MANAGE EDU K: Company Location Alteration Y: Data Z: Exchange Quit o Yes or No O: Import E: Export M: Share p: print FinCom Spike Co x Fl: Help F2: period F3: Company Name (alias) Firefo Under Googl Chron Micros lyp Unity Q: Quit MAGI • Primary FIO : Other Masters nt to •elati c2524 9b89b -c082 Hub" , " : "6b 9b89b -c082 . '2.3 tion_ 24978 isten corre 2fcfc nning ' , "sou Oad7- age" , " : "6b IA _ : Accept Q Search p: Delete l: More Details F 12: Configure Windows Server 2025 Datacenter Build 26100.ge_release240331-1435 8:47 PM 10/8/2026
[keys] 'n' -> Tally 'TallyPrime:9000'
[shot] tds-017-mgw3 (1024x768)
[20:47:48] [tds] screen tds-017-mgw3 : Recyc TallyPrime MANAGE EDU K: Company Location Alteration Y: Data Z: Exchange A Accept Q Search E: Export FinCom Spike Co O: Import Delete M: Share p: print x Fl: Help F2: period Company Name (alias) Firefo Under Googl Chron Micros lyp Unity Quit MAGI • Primary FIO: Other Masters More Details Configure nt to •elati c2524 9b89b -c082 Hub" , " : "6b 9b89b -c082 . '2.3 tion_ 24978 isten corre 2fcfc nning ' , "sou Oad7- age" , " : "6b Windows Server 2025 Datacenter Build 26100.ge_release240331-1435 8:47 PM 10/8/2026
[keys] '{ESC}' -> Tally 'TallyPrime:9000'
[shot] tds-018-mgw4 (1024x768)
[20:47:50] [tds] screen tds-018-mgw4 : Recyc TallyPrime MANAGE EDU K: Company Location Alteration Y: Data Z: Exchange Quit o Yes or No O: Import E: Export M: Share p: print FinCom Spike Co x Fl: Help F2: period F3: Company Name (alias) Firefo Under Googl Chron Micros lyp Unity Q: Quit MAGI • Primary FIO : Other Masters nt to •elati c2524 9b89b -c082 Hub" , " : "6b 9b89b -c082 . '2.3 tion_ 24978 isten corre 2fcfc nning ' , "sou Oad7- age" , " : "6b IA _ : Accept Q Search p: Delete l: More Details F 12: Configure Windows Server 2025 Datacenter Build 26100.ge_release240331-1435 8:47 PM 10/8/2026
[keys] 'n' -> Tally 'TallyPrime:9000'
[shot] tds-019-mgw5 (1024x768)
[20:47:54] [tds] screen tds-019-mgw5 : Recyc TallyPrime MANAGE EDU K: Company Location Alteration Y: Data Z: Exchange A Accept Q Search E: Export FinCom Spike Co O: Import Delete M: Share p: print x Fl: Help F2: period Company Name (alias) Firefo Under Googl Chron Micros lyp Unity Quit MAGI • Primary FIO: Other Masters More Details Configure nt to •elati c2524 9b89b -c082 Hub" , " : "6b 9b89b -c082 . '2.3 tion_ 24978 isten corre 2fcfc nning ' , "sou Oad7- age" , " : "6b Windows Server 2025 Datacenter Build 26100.ge_release240331-1435 8:47 PM 10/8/2026
[keys] '{ESC}' -> Tally 'TallyPrime:9000'
[shot] tds-020-mgw6 (1024x768)
[20:47:56] [tds] screen tds-020-mgw6 : Recyc TallyPrime MANAGE EDU K: Company Location Alteration Y: Data Z: Exchange Quit o Yes or No O: Import E: Export M: Share p: print FinCom Spike Co x Fl: Help F2: period F3: Company Name (alias) Firefo Under Googl Chron Micros lyp Unity Q: Quit MAGI • Primary FIO : Other Masters nt to •elati c2524 9b89b -c082 Hub" , " : "6b 9b89b -c082 . '2.3 tion_ 24978 isten corre 2fcfc nning ' , "sou Oad7- age" , " : "6b IA _ : Accept Q Search p: Delete l: More Details F 12: Configure Windows Server 2025 Datacenter Build 26100.ge_release240331-1435 8:47 PM 10/8/2026
[keys] 'n' -> Tally 'TallyPrime:9000'
[shot] tds-021-mgw7 (1024x768)
[20:48:00] [tds] screen tds-021-mgw7 : Recyc TallyPrime MANAGE EDU K: Company Location Alteration Y: Data Z: Exchange A Accept Q Search E: Export FinCom Spike Co O: Import Delete M: Share p: print x Fl: Help F2: period Company Name (alias) Firefo Under Googl Chron Micros lyp Unity Quit MAGI • Primary FIO: Other Masters More Details Configure nt to •elati c2524 9b89b -c082 Hub" , " : "6b 9b89b -c082 . '2.3 tion_ 24978 isten corre 2fcfc nning ' , "sou Oad7- age" , " : "6b Windows Server 2025 Datacenter Build 26100.ge_release240331-1435 8:47 PM 10/8/2026
[keys] '{ESC}' -> Tally 'TallyPrime:9000'
[20:48:02] [tds] the Gateway not reached (after G2-alter-alias): Tally started again
[keys] 'a' -> Tally 'TallyPrime:9000'
[keys] 't' -> Tally 'TallyPrime:9000'
[shot] tds-022-mh-start-0 (1024x768)
[20:48:36] [tds] screen tds-022-mh-start-0 : TallyPrime MANAGE Recyc EDU K: Company Gatewa of Tall Y: Data Z: Exchange CURRENT OATE Wednesday, I-Apr-2026 O: Import E: Export M: Share p: print Fl: Help Date Company Firefo Googl Chro Micros 46 IypÅ Unity CURRENT PERIOD I-Apr-26 to 31-Mar-27 NAME OF COMPANY FinCom Spike Co Gateway of Tally MASTERS Create Alter CHart of Accounts TRANSACTIONS Vouchers Day 800K UTILITIES BaNking REPORTS Balance Sheet Profit & Loss A/c Stock Summary Ratio Analysis Display More Reports DashbOard Quit 161 nt to •elati c2524 9b89b -c082 Hub" , " : "6b 9b89b -c082 tion_ 24978 isten corre 2fcfc nning ' , "sou Oad7- ...
  INFO mh A G2-alter-alias: stored as typed False (missing: NAME=MA\ G1X); error 'no save'; Ctrl+A -1 ms; add-on lines: none
[20:48:37] ---- mh A G3-rename (Godown 'MA Godown 1R')
[shot] tds-023-mgw0 (1024x768)
[20:48:38] [tds] screen tds-023-mgw0 : TallyPrime MANAGE Recyc EDU K: Company Gatewa of Tall Y: Data Z: Exchange CURRENT OATE Wednesday, I-Apr-2026 O: Import E: Export M: Share p: print Fl: Help Date Company Firefo Googl Chro Micros 46 IypÅ Unity CURRENT PERIOD I-Apr-26 to 31-Mar-27 NAME OF COMPANY FinCom Spike Co Gateway of Tally MASTERS Create Alter CHart of Accounts TRANSACTIONS Vouchers Day 800K UTILITIES BaNking REPORTS Balance Sheet Profit & Loss A/c Stock Summary Ratio Analysis Display More Reports DashbOard Quit 161 nt to •elati c2524 9b89b -c082 Hub" , " : "6b 9b89b -c082 tion_ 24978 isten corre 2fcfc nning ' , "sou Oad7- ...
[keys] 'a' -> Tally 'TallyPrime:9000'
[keys] '{BACKSPACE}{BACKSPACE}{BACKSPACE}{BACKSPACE}{BACKSPACE}{BACKSPACE}{BACKSPACE}{BACKSPACE}{BACKSPACE}{BACKSPACE}{BACKSPACE}{BACKSPACE}{BACKSPACE}{BACKSPACE}{BACKSPACE}{BACKSPACE}{BACKSPACE}{BACKSPACE}{BACKSPACE}{BACKSPACE}' -> Tally 'TallyPrime:9000'
[keys] 'Location' -> Tally 'TallyPrime:9000'
[keys] '{ENTER}' -> Tally 'TallyPrime:9000'
[keys] 'MA Godown 1' -> Tally 'TallyPrime:9000'
[keys] '{ENTER}' -> Tally 'TallyPrime:9000'
[shot] mh-0009-G3-form (1024x768)
[mh] mh-0009-G3-form: field 143,117,245x16 left 'Name' heads 'Location Alteration / K: Company Y: Data / Z: Exchange' value 'MA Godown 1' (boxes: 143,117,245x16[Name|Location Alteration/K: Company Y: Data/Z: Exchange]) | Recyc TallyPrime MANAGE EDU K: Company Y: Data Location Alteration Z: Exchange A Accept Q Search FinCom Spike Co O: Import Delete E: Export M: Share p: print x Fl: Help F2: period Company Name (alias) Firefo Under Googl Chron Micros lyp Unity Quit MA Godown 1 MAGI • Primary FIO: Other Masters More Details Configure nt to •elati c2524 9b89b -c082 Hub" , " : "6b 9b89b -c082 . '2.3 tion_ 24978 isten corre 2fcfc nning ' , "sou Oad7- age" , " : "6b Windows Server 2025 Datacenter Build 26100.ge_release240331-1435 8:48 PM 10/8/2026
[shot] mh-0010-G3-w1 (1024x768)
[mh] mh-0010-G3-w1: field 143,117,245x16 left 'Name' heads 'Location Alteration / K: Company Y: Data / Z: Exchange' value 'IA Godown 1' (boxes: 143,117,245x16[Name|Location Alteration/K: Company Y: Data/Z: Exchange]) | Recyc TallyPrime MANAGE EDU K: Company Y: Data Location Alteration Z: Exchange A Accept Q Search FinCom Spike Co O: Import Delete E: Export M: Share p: print x Fl: Help F2: period Company Name (alias) Firefo Under Googl Chron Micros lyp Unity Quit IA Godown 1 MAGI • Primary FIO: Other Masters More Details Configure nt to •elati c2524 9b89b -c082 Hub" , " : "6b 9b89b -c082 . '2.3 tion_ 24978 isten corre 2fcfc nning ' , "sou Oad7- age" , " : "6b Windows Server 2025 Datacenter Build 26100.ge_release240331-1435 8:48 PM 10/8/2026
[mh] G3 rule 0 ((^|\W)Name$) on 'Name|Location Alteration': keys 'MA Godown 1R{ENTER}'
[keys] 'MA Godown 1R' -> Tally 'TallyPrime:9000'
[keys] '{ENTER}' -> Tally 'TallyPrime:9000'
[shot] mh-0011-G3-before-save (1024x768)
[mh] mh-0011-G3-before-save: field 143,135,245x16 left '' heads 'MA Godown IR / Location Alteration / K: Company Y: Data' value 'JAGI' (boxes: 143,135,245x16[|MA Godown IR/Location Alteration/K: Company Y: Data]) | Recyc TallyPrime MANAGE EDU K: Company Y: Data Location Alteration Z: Exchange A Accept Q Search O: Import E: Export M: Share p: print FinCom Spike Co x Fl: Help F2: period Company Name Firefo Under Googl Chron Micros lyp Unity Quit MA Godown IR JAGI • Primary FIO: Other Masters nt to •elati c2524 9b89b -c082 Hub" , " : "6b 9b89b -c082 . '2.3 tion_ 24978 isten corre 2fcfc nning ' , "sou Oad7- age" , " : "6b Delete More Details Configure Windows Server 2025 Datacenter Build 26100.ge_release240331-1435 8:48 PM 10/8/2026
[keys] '' -> Tally 'TallyPrime:9000'
[shot] mh-0012-G3-saved1 (1024x768)
[mh] mh-0012-G3-saved1: field 341,142,245x16 left '' heads 'Master Alteration / FinCom • ke Co / Z: Exchange' value '' (boxes: 341,142,245x16[|Master Alteration/FinCom • ke Co/Z: Exchange]) | Recyc TallyPrime MANAGE EDU K: Company Y: Data Z: Exchange FinCom • ke Co Master Alteration List of Locations MAGI MA Godown IR Main Location MH Main O: Import Create Back E: Export M: Share p: print Firefo Googl Chron Micros lyp Unity Quit x Fl: Help nt to •elati c2524 9b89b -c082 Hub" , " : "6b 9b89b -c082 : '2.3 tion_ 24978 isten corre 2fcfc nning ' , "sou Oad7- age" , " : "6b Q Search Windows Server 2025 Datacenter Build 26100.ge_release240331-1435 8:49 PM 10/8/2026
[shot] tds-024-mgw0 (1024x768)
[20:49:04] [tds] screen tds-024-mgw0 : Recyc TallyPrime MANAGE EDU K: Company Y: Data Z: Exchange FinCom • ke Co Master Alteration List of Locations MAGI MA Godown IR Main Location MH Main O: Import Create Back E: Export M: Share p: print Firefo Googl Chron Micros lyp Unity Quit x Fl: Help nt to •elati c2524 9b89b -c082 Hub" , " : "6b 9b89b -c082 : '2.3 tion_ 24978 isten corre 2fcfc nning ' , "sou Oad7- age" , " : "6b Q Search Windows Server 2025 Datacenter Build 26100.ge_release240331-1435 8:49 PM 10/8/2026
[keys] '{ESC}' -> Tally 'TallyPrime:9000'
[shot] tds-025-mgw1 (1024x768)
[20:49:07] [tds] screen tds-025-mgw1 : TallyPrime MANAGE Recyc EDU Firefo Googl Chron Micros Unity Quit K: Company Y: Data Z: Exchange FinCom • ke Co Master Alteration List of Masters Accounting Masters Group Ledger Cost Centre Currency Voucher Type Inventory Masters Stock Group Stock Category Stock Item Unit Location Payroll Masters Employee Group Employee Units (Work) Attendance/Production Type Pay Heads Payroll Voucher Type Statutory Masters GST Registration GST Classification Statutory Details Company GST Details O: Import Change Company Expand All Show More E: Export M: Share Q Search 161 p: print Fl: Help x nt to •elati c2524...
[keys] '{ESC}' -> Tally 'TallyPrime:9000'
[shot] tds-026-mgw2 (1024x768)
[20:49:10] [tds] screen tds-026-mgw2 : TallyPrime MANAGE Recyc EDU K: Company Gatewa of Tall Y: Data Z: Exchange CURRENT OATE Wednesday, I-Apr-2026 O: Import E: Export M: Share p: print Fl: Help Date Company Firefo Googl Chro Micros 46 IypÅ Unity CURRENT PERIOD I-Apr-26 to 31-Mar-27 NAME OF COMPANY FinCom Spike Co Gateway of Tally MASTERS Create Alter CHart of Accounts TRANSACTIONS Vouchers Day 800K UTILITIES BaNking REPORTS Balance Sheet Profit & Loss A/c Stock Summary Ratio Analysis Display More Reports DashbOard Quit 161 nt to •elati c2524 9b89b -c082 Hub" , " : "6b 9b89b -c082 tion_ 24978 isten corre 2fcfc nning ' , "sou Oad7- ...
  INFO mh A G3-rename: stored as typed True; error ''; Ctrl+A 2188.2 ms; add-on lines: godown_accept_pre(MA Godown 1R) godown_accept_post(MA Godown 1R)
[20:49:11] ---- mh A G4-create-under (Godown 'MA Godown 2')
[shot] tds-027-mgw0 (1024x768)
[20:49:11] [tds] screen tds-027-mgw0 : TallyPrime MANAGE Recyc EDU K: Company Gatewa of Tall Y: Data Z: Exchange CURRENT OATE Wednesday, I-Apr-2026 O: Import E: Export M: Share p: print Fl: Help Date Company Firefo Googl Chro Micros 46 IypÅ Unity CURRENT PERIOD I-Apr-26 to 31-Mar-27 NAME OF COMPANY FinCom Spike Co Gateway of Tally MASTERS Create Alter CHart of Accounts TRANSACTIONS Vouchers Day 800K UTILITIES BaNking REPORTS Balance Sheet Profit & Loss A/c Stock Summary Ratio Analysis Display More Reports DashbOard Quit 161 nt to •elati c2524 9b89b -c082 Hub" , " : "6b 9b89b -c082 tion_ 24978 isten corre 2fcfc nning ' , "sou Oad7- ...
[keys] 'c' -> Tally 'TallyPrime:9000'
[keys] '{BACKSPACE}{BACKSPACE}{BACKSPACE}{BACKSPACE}{BACKSPACE}{BACKSPACE}{BACKSPACE}{BACKSPACE}{BACKSPACE}{BACKSPACE}{BACKSPACE}{BACKSPACE}{BACKSPACE}{BACKSPACE}{BACKSPACE}{BACKSPACE}{BACKSPACE}{BACKSPACE}{BACKSPACE}{BACKSPACE}' -> Tally 'TallyPrime:9000'
[keys] 'Location' -> Tally 'TallyPrime:9000'
[keys] '{ENTER}' -> Tally 'TallyPrime:9000'
[shot] mh-0013-G4-form (1024x768)
[mh] mh-0013-G4-form: field 143,117,245x16 left 'Name' heads 'K: Company / Y: Data / Z: Exchange' value '' (boxes: 143,117,245x16[Name|K: Company/Y: Data/Z: Exchange]) | Recyc TallyPrime MANAGE EDU K: Company Location Creation Name (alias) Y: Data Z: Exchange A Accept Q Search O: Import E: Export M: Share p: print FinCom Spike Co x Fl: Help F2: period Company Firefo Under Googl Chron Micros lyp Unity Quit • Primary FIO: Other Masters nt to •elati c2524 9b89b -c082 Hub" , " : "6b 9b89b -c082 . '2.3 tion_ 24978 isten corre 2fcfc nning ' , "sou Oad7- age" , " : "6b p: Delete More Details Configure Windows Server 2025 Datacenter Build 26100.ge_release240331-1435 8:49 PM 10/8/2026
[shot] mh-0014-G4-w1 (1024x768)
[mh] mh-0014-G4-w1: field 143,117,245x16 left 'Name' heads 'K: Company / Y: Data / Z: Exchange' value '' (boxes: 143,117,245x16[Name|K: Company/Y: Data/Z: Exchange]) | Recyc TallyPrime MANAGE EDU K: Company Location Creation Name (alias) Y: Data Z: Exchange A Accept Q Search O: Import E: Export M: Share p: print FinCom Spike Co x Fl: Help F2: period Company Firefo Under Googl Chron Micros lyp Unity Quit • Primary FIO: Other Masters nt to •elati c2524 9b89b -c082 Hub" , " : "6b 9b89b -c082 . '2.3 tion_ 24978 isten corre 2fcfc nning ' , "sou Oad7- age" , " : "6b p: Delete More Details Configure Windows Server 2025 Datacenter Build 26100.ge_release240331-1435 8:49 PM 10/8/2026
[mh] G4 rule 0 ((^|\W)Name$) on 'Name|K: Company': keys 'MA Godown 2{ENTER}'
[keys] 'MA Godown 2' -> Tally 'TallyPrime:9000'
[keys] '{ENTER}' -> Tally 'TallyPrime:9000'
[shot] mh-0015-G4-w2 (1024x768)
[mh] mh-0015-G4-w2: field 143,135,245x16 left '' heads 'MA Godown 2 / K: Company Y: Data / Z: Exchange' value '' (boxes: 143,135,245x16[|MA Godown 2/K: Company Y: Data/Z: Exchange]) | Recyc TallyPrime MANAGE EDU K: Company Y: Data Location Creation Z: Exchange A Accept Q Search O: Import E: Export M: Share p: print FinCom Spike Co x Fl: Help F2: period Company Name Firefo Under Googl Chron Micros lyp Unity Quit MA Godown 2 • Primary FIO: Other Masters nt to •elati c2524 9b89b -c082 Hub" , " : "6b 9b89b -c082 . '2.3 tion_ 24978 isten corre 2fcfc nning ' , "sou Oad7- age" , " : "6b p: Delete More Details Configure Windows Server 2025 Datacenter Build 26100.ge_release240331-1435 8:49 PM 10/8/2026
[keys] '{ENTER}' -> Tally 'TallyPrime:9000'
[shot] mh-0016-G4-w3 (1024x768)
[mh] mh-0016-G4-w3: field 143,197,189x16 left 'Under' heads 'MA Godown 2 / K: Company Y: Data / Z: Exchange' value 'Prima' (boxes: 143,197,189x16[Under|MA Godown 2/K: Company Y: Data/Z: Exchange]) | TallyPrime MANAGE Recyc EDU K: Company Y: Data Location Creation Z: Exchange Accept Q Search FinCom Spike Co O: Import E: Export List of Locations • Primary MA GI MA Godown IR Main Location MH Main p: Delete M: Share p: print x Create Fl: Help F2: period Company Name (alias) Firefo Under Googl Chron Micros Unity Quit MA Godown 2 Prima FIO: Other Masters More Details Configure 161 nt to •elati c2524 9b89b -c082 Hub" , " : "6b 9b89b -c082 tion_ 24978 isten corre 2fcfc nning ' , "sou Oad7- age" , " : "6b Windows Server 2025 Datacenter Build 26100.ge_release240331-1435 8:49 PM 10/8/2026
[mh] G4 rule 1 ((^|\W)Under$) on 'Under|MA Godown 2': keys 'MA Godown 1R{ENTER}'
[keys] 'MA Godown 1R' -> Tally 'TallyPrime:9000'
[keys] '{ENTER}' -> Tally 'TallyPrime:9000'
[shot] mh-0017-G4-before-save (1024x768)
[mh] mh-0017-G4-before-save: field none left '' heads '' value '' (boxes: ) | Recyc TallyPrime MANAGE EDU K: Company Y: Data Location Creation Z: Exchange Accept Q Yes or No O: Import E: Export M: Share p: print FinCom Spike Co x Fl: Help F2: period F3: Company Name (alias) Firefo Under Googl Chron Micros lyp Unity Q: Quit MA Godown 2 MA Godown IR IA FIO : Other Masters nt to •elati c2524 9b89b -c082 Hub" , " : "6b 9b89b -c082 . '2.3 tion_ 24978 isten corre 2fcfc nning ' , "sou Oad7- age" , " : "6b _ : Accept p: Delete l: More Details F 12: Configure Q Search Windows Server 2025 Datacenter Build 26100.ge_release240331-1435 8:49 PM 10/8/2026
[keys] '' -> Tally 'TallyPrime:9000'
[shot] mh-0018-G4-saved1 (1024x768)
[mh] mh-0018-G4-saved1: field 143,117,245x16 left 'Name' heads 'K: Company / Y: Data / Z: Exchange' value '' (boxes: 143,117,245x16[Name|K: Company/Y: Data/Z: Exchange]) | Recyc TallyPrime MANAGE EDU K: Company Location Creation Name (alias) Y: Data Z: Exchange A Accept Q Search O: Import E: Export M: Share p: print FinCom Spike Co x Fl: Help F2: period Company Firefo Under Googl Chron Micros lyp Unity Quit • Primary FIO: Other Masters nt to •elati c2524 9b89b -c082 Hub" , " : "6b 9b89b -c082 . '2.3 tion_ 24978 isten corre 2fcfc nning ' , "sou Oad7- age" , " : "6b p: Delete More Details Configure Windows Server 2025 Datacenter Build 26100.ge_release240331-1435 8:49 PM 10/8/2026
[shot] tds-028-mgw0 (1024x768)
[20:49:36] [tds] screen tds-028-mgw0 : Recyc TallyPrime MANAGE EDU K: Company Location Creation Name (alias) Y: Data Z: Exchange A Accept Q Search O: Import E: Export M: Share p: print FinCom Spike Co x Fl: Help F2: period Company Firefo Under Googl Chron Micros lyp Unity Quit • Primary FIO: Other Masters nt to •elati c2524 9b89b -c082 Hub" , " : "6b 9b89b -c082 . '2.3 tion_ 24978 isten corre 2fcfc nning ' , "sou Oad7- age" , " : "6b p: Delete More Details Configure Windows Server 2025 Datacenter Build 26100.ge_release240331-1435 8:49 PM 10/8/2026
[keys] '{ESC}' -> Tally 'TallyPrime:9000'
[shot] tds-029-mgw1 (1024x768)
[20:49:39] [tds] screen tds-029-mgw1 : Recyc TallyPrime MANAGE EDU K: Company Location Creation Name (alias) Y: Data Z: Exchange Quit o Yes or No O: Import E: Export M: Share p: print FinCom Spike Co x Fl: Help F2: period F3: Company Firefo Under Googl Chron Micros lyp Unity Q: Quit • Primary FIO : Other Masters nt to •elati c2524 9b89b -c082 Hub" , " : "6b 9b89b -c082 . '2.3 tion_ 24978 isten corre 2fcfc nning ' , "sou Oad7- age" , " : "6b IA _ : Accept Q Search p: Delete l: More Details F 12: Configure Windows Server 2025 Datacenter Build 26100.ge_release240331-1435 8:49 PM 10/8/2026
[keys] 'n' -> Tally 'TallyPrime:9000'
[shot] tds-030-mgw2 (1024x768)
[20:49:43] [tds] screen tds-030-mgw2 : Recyc TallyPrime MANAGE EDU K: Company Location Creation Name (alias) Y: Data Z: Exchange A Accept Q Search O: Import E: Export M: Share p: print FinCom Spike Co x Fl: Help F2: period Company Firefo Under Googl Chron Micros lyp Unity Quit • Primary FIO: Other Masters nt to •elati c2524 9b89b -c082 Hub" , " : "6b 9b89b -c082 . '2.3 tion_ 24978 isten corre 2fcfc nning ' , "sou Oad7- age" , " : "6b p: Delete More Details Configure Windows Server 2025 Datacenter Build 26100.ge_release240331-1435 8:49 PM 10/8/2026
[keys] '{ESC}' -> Tally 'TallyPrime:9000'
[shot] tds-031-mgw3 (1024x768)
[20:49:45] [tds] screen tds-031-mgw3 : Recyc TallyPrime MANAGE EDU K: Company Location Creation Name (alias) Y: Data Z: Exchange Quit o Yes or No O: Import E: Export M: Share p: print FinCom Spike Co x Fl: Help F2: period F3: Company Firefo Under Googl Chron Micros lyp Unity Q: Quit • Primary FIO : Other Masters nt to •elati c2524 9b89b -c082 Hub" , " : "6b 9b89b -c082 . '2.3 tion_ 24978 isten corre 2fcfc nning ' , "sou Oad7- age" , " : "6b IA _ : Accept Q Search p: Delete l: More Details F 12: Configure Windows Server 2025 Datacenter Build 26100.ge_release240331-1435 8:49 PM 10/8/2026
[keys] 'n' -> Tally 'TallyPrime:9000'
[shot] tds-032-mgw4 (1024x768)
[20:49:49] [tds] screen tds-032-mgw4 : Recyc TallyPrime MANAGE EDU K: Company Location Creation Name (alias) Y: Data Z: Exchange A Accept Q Search O: Import E: Export M: Share p: print FinCom Spike Co x Fl: Help F2: period Company Firefo Under Googl Chron Micros lyp Unity Quit • Primary FIO: Other Masters nt to •elati c2524 9b89b -c082 Hub" , " : "6b 9b89b -c082 . '2.3 tion_ 24978 isten corre 2fcfc nning ' , "sou Oad7- age" , " : "6b p: Delete More Details Configure Windows Server 2025 Datacenter Build 26100.ge_release240331-1435 8:49 PM 10/8/2026
[keys] '{ESC}' -> Tally 'TallyPrime:9000'
[shot] tds-033-mgw5 (1024x768)
[20:49:51] [tds] screen tds-033-mgw5 : Recyc TallyPrime MANAGE EDU K: Company Location Creation Name (alias) Y: Data Z: Exchange Quit o Yes or No O: Import E: Export M: Share p: print FinCom Spike Co x Fl: Help F2: period F3: Company Firefo Under Googl Chron Micros lyp Unity Q: Quit • Primary FIO : Other Masters nt to •elati c2524 9b89b -c082 Hub" , " : "6b 9b89b -c082 . '2.3 tion_ 24978 isten corre 2fcfc nning ' , "sou Oad7- age" , " : "6b IA _ : Accept Q Search p: Delete l: More Details F 12: Configure Windows Server 2025 Datacenter Build 26100.ge_release240331-1435 8:49 PM 10/8/2026
[keys] 'n' -> Tally 'TallyPrime:9000'
[shot] tds-034-mgw6 (1024x768)
[20:49:55] [tds] screen tds-034-mgw6 : Recyc TallyPrime MANAGE EDU K: Company Location Creation Name (alias) Y: Data Z: Exchange A Accept Q Search O: Import E: Export M: Share p: print FinCom Spike Co x Fl: Help F2: period Company Firefo Under Googl Chron Micros lyp Unity Quit • Primary FIO: Other Masters nt to •elati c2524 9b89b -c082 Hub" , " : "6b 9b89b -c082 . '2.3 tion_ 24978 isten corre 2fcfc nning ' , "sou Oad7- age" , " : "6b p: Delete More Details Configure Windows Server 2025 Datacenter Build 26100.ge_release240331-1435 8:49 PM 10/8/2026
[keys] '{ESC}' -> Tally 'TallyPrime:9000'
[shot] tds-035-mgw7 (1024x768)
[20:49:57] [tds] screen tds-035-mgw7 : Recyc TallyPrime MANAGE EDU K: Company Location Creation Name (alias) Y: Data Z: Exchange Quit o Yes or No O: Import E: Export M: Share p: print FinCom Spike Co x Fl: Help F2: period F3: Company Firefo Under Googl Chron Micros lyp Unity Q: Quit • Primary FIO : Other Masters nt to •elati c2524 9b89b -c082 Hub" , " : "6b 9b89b -c082 . '2.3 tion_ 24978 isten corre 2fcfc nning ' , "sou Oad7- age" , " : "6b IA _ : Accept Q Search p: Delete l: More Details F 12: Configure Windows Server 2025 Datacenter Build 26100.ge_release240331-1435 8:49 PM 10/8/2026
[keys] 'n' -> Tally 'TallyPrime:9000'
[20:50:00] [tds] the Gateway not reached (after G4-create-under): Tally started again
[keys] 'a' -> Tally 'TallyPrime:9000'
[keys] 't' -> Tally 'TallyPrime:9000'
[shot] tds-036-mh-start-0 (1024x768)
[20:50:34] [tds] screen tds-036-mh-start-0 : TallyPrime MANAGE Recyc EDU K: Company Gatewa of Tall Y: Data Z: Exchange CURRENT OATE Wednesday, I-Apr-2026 O: Import E: Export M: Share p: print Fl: Help Date Company Firefo Googl Chro Micros 46 IypÅ Unity CURRENT PERIOD I-Apr-26 to 31-Mar-27 NAME OF COMPANY FinCom Spike Co Gateway of Tally MASTERS Create Alter CHart of Accounts TRANSACTIONS Vouchers Day 800K UTILITIES BaNking REPORTS Balance Sheet Profit & Loss A/c Stock Summary Ratio Analysis Display More Reports DashbOard Quit 161 nt to •elati c2524 9b89b -c082 Hub" , " : "6b 9b89b -c082 tion_ 24978 isten corre 2fcfc nning ' , "sou Oad7- ...
  INFO mh A G4-create-under: stored as typed True; error ''; Ctrl+A 45.1 ms; add-on lines: godown_accept_pre(MA Godown 2) godown_accept_post(MA Godown 2)
[20:50:35] ---- mh A G5-alter-under (Godown 'MA Godown 2')
[shot] tds-037-mgw0 (1024x768)
[20:50:36] [tds] screen tds-037-mgw0 : TallyPrime MANAGE Recyc EDU K: Company Gatewa of Tall Y: Data Z: Exchange CURRENT OATE Wednesday, I-Apr-2026 O: Import E: Export M: Share p: print Fl: Help Date Company Firefo Googl Chro Micros 46 IypÅ Unity CURRENT PERIOD I-Apr-26 to 31-Mar-27 NAME OF COMPANY FinCom Spike Co Gateway of Tally MASTERS Create Alter CHart of Accounts TRANSACTIONS Vouchers Day 800K UTILITIES BaNking REPORTS Balance Sheet Profit & Loss A/c Stock Summary Ratio Analysis Display More Reports DashbOard Quit 161 nt to •elati c2524 9b89b -c082 Hub" , " : "6b 9b89b -c082 tion_ 24978 isten corre 2fcfc nning ' , "sou Oad7- ...
[keys] 'a' -> Tally 'TallyPrime:9000'
[keys] '{BACKSPACE}{BACKSPACE}{BACKSPACE}{BACKSPACE}{BACKSPACE}{BACKSPACE}{BACKSPACE}{BACKSPACE}{BACKSPACE}{BACKSPACE}{BACKSPACE}{BACKSPACE}{BACKSPACE}{BACKSPACE}{BACKSPACE}{BACKSPACE}{BACKSPACE}{BACKSPACE}{BACKSPACE}{BACKSPACE}' -> Tally 'TallyPrime:9000'
[keys] 'Location' -> Tally 'TallyPrime:9000'
[keys] '{ENTER}' -> Tally 'TallyPrime:9000'
[keys] 'MA Godown 2' -> Tally 'TallyPrime:9000'
[keys] '{ENTER}' -> Tally 'TallyPrime:9000'
[shot] mh-0019-G5-form (1024x768)
[mh] mh-0019-G5-form: field 143,117,245x16 left 'Name' heads 'Location Alteration / K: Company Y: Data / Z: Exchange' value 'MA Godown 2' (boxes: 143,117,245x16[Name|Location Alteration/K: Company Y: Data/Z: Exchange]) | Recyc TallyPrime MANAGE EDU K: Company Y: Data Location Alteration Z: Exchange A Accept Q Search FinCom Spike Co O: Import Delete E: Export M: Share p: print x Fl: Help F2: period Company Name (alias) Firefo Under Googl Chron Micros lyp Unity Quit MA Godown 2 MA Godown IR FIO: Other Masters More Details Configure nt to •elati c2524 9b89b -c082 Hub" , " : "6b 9b89b -c082 . '2.3 tion_ 24978 isten corre 2fcfc nning ' , "sou Oad7- age" , " : "6b Windows Server 2025 Datacenter Build 26100.ge_release240331-1435 8:50 PM 10/8/2026
[shot] mh-0020-G5-w1 (1024x768)
[mh] mh-0020-G5-w1: field 143,117,245x16 left 'Name' heads 'Location Alteration / K: Company Y: Data / Z: Exchange' value 'IA Godown 2' (boxes: 143,117,245x16[Name|Location Alteration/K: Company Y: Data/Z: Exchange]) | Recyc TallyPrime MANAGE EDU K: Company Y: Data Location Alteration Z: Exchange A Accept Q Search FinCom Spike Co O: Import Delete E: Export M: Share p: print x Fl: Help F2: period Company Name (alias) Firefo Under Googl Chron Micros lyp Unity Quit IA Godown 2 MA Godown IR FIO: Other Masters More Details Configure nt to •elati c2524 9b89b -c082 Hub" , " : "6b 9b89b -c082 . '2.3 tion_ 24978 isten corre 2fcfc nning ' , "sou Oad7- age" , " : "6b Windows Server 2025 Datacenter Build 26100.ge_release240331-1435 8:50 PM 10/8/2026
[keys] '{ENTER}' -> Tally 'TallyPrime:9000'
[shot] mh-0021-G5-w2 (1024x768)
[mh] mh-0021-G5-w2: field 143,135,245x16 left '' heads 'MA Godown 2 / Location Alteration / K: Company Y: Data' value '' (boxes: 143,135,245x16[|MA Godown 2/Location Alteration/K: Company Y: Data]) | Recyc TallyPrime MANAGE EDU K: Company Y: Data Location Alteration Z: Exchange A Accept Q Search E: Export FinCom Spike Co O: Import Delete M: Share p: print x Fl: Help F2: period Company Name Firefo Under Googl Chron Micros lyp Unity Quit MA Godown 2 MA Godown IR FIO: Other Masters More Details Configure nt to •elati c2524 9b89b -c082 Hub" , " : "6b 9b89b -c082 . '2.3 tion_ 24978 isten corre 2fcfc nning ' , "sou Oad7- age" , " : "6b Windows Server 2025 Datacenter Build 26100.ge_release240331-1435 8:50 PM 10/8/2026
[keys] '{ENTER}' -> Tally 'TallyPrime:9000'
[shot] mh-0022-G5-w3 (1024x768)
[mh] mh-0022-G5-w3: field 143,197,189x16 left 'Under' heads 'MA Godown 2 / Location Alteration / K: Company Y: Data' value 'IA Godown IR' (boxes: 143,197,189x16[Under|MA Godown 2/Location Alteration/K: Company Y: Data]) | TallyPrime MANAGE Recyc EDU K: Company Y: Data Location Alteration Z: Exchange Accept Q Search FinCom Spike Co O: Import E: Export List of Locations Primary MA GI MA Godown IR Main Location MH Main Ip: Delete M: Share p: print x Create Fl: Help F2: period Company Name (alias) Firefo Under Googl Chron Micros Unity Quit MA Godown 2 IA Godown IR FIO: Other Masters More Details Configure 161 nt to •elati c2524 9b89b -c082 Hub" , " : "6b 9b89b -c082 tion_ 24978 isten corre 2fcfc nning ' , "sou Oad7- age" , " : "6b Windows Server 2025 Datacenter Build 26100.ge_release240331-1435 8:50 PM 10/8/2026
[mh] G5 rule 0 ((^|\W)Under$) on 'Under|MA Godown 2': keys 'Primary{ENTER}'
[keys] 'Primary' -> Tally 'TallyPrime:9000'
[keys] '{ENTER}' -> Tally 'TallyPrime:9000'
[shot] mh-0023-G5-before-save (1024x768)
[mh] mh-0023-G5-before-save: field none left '' heads '' value '' (boxes: ) | Recyc TallyPrime MANAGE EDU K: Company Y: Data Location Alteration Z: Exchange Accept Q Yes or No O: Import E: Export M: Share p: print FinCom Spike Co x Fl: Help F2: period F3: Company Name (alias) Firefo Under Googl Chron Micros lyp Unity Q: Quit MA Godown 2 • Primary IA FIO : Other Masters nt to •elati c2524 9b89b -c082 Hub" , " : "6b 9b89b -c082 . '2.3 tion_ 24978 isten corre 2fcfc nning ' , "sou Oad7- age" , " : "6b _ : Accept p: Delete l: More Details F 12: Configure Q Search Windows Server 2025 Datacenter Build 26100.ge_release240331-1435 8:51 PM 10/8/2026
[keys] '' -> Tally 'TallyPrime:9000'
[shot] mh-0024-G5-saved1 (1024x768)
[mh] mh-0024-G5-saved1: field 341,142,245x16 left '' heads 'Master Alteration / FinCom • ke Co / Z: Exchange' value '' (boxes: 341,142,245x16[|Master Alteration/FinCom • ke Co/Z: Exchange]) | Recyc TallyPrime MANAGE EDU K: Company Y: Data Z: Exchange FinCom • ke Co Master Alteration List of Locations MA GI MA Godown IR MA Godown 2 Main Location MH Main O: Import Create Back E: Export M: Share p: print Firefo Googl Chron Micros lyp Unity Quit x Fl: Help nt to •elati c2524 9b89b -c082 Hub" , " : "6b 9b89b -c082 : '2.3 tion_ 24978 isten corre 2fcfc nning ' , "sou Oad7- age" , " : "6b Q Search Windows Server 2025 Datacenter Build 26100.ge_release240331-1435 8:51 PM 10/8/2026
[shot] tds-038-mgw0 (1024x768)
[20:51:08] [tds] screen tds-038-mgw0 : Recyc TallyPrime MANAGE EDU K: Company Y: Data Z: Exchange FinCom • ke Co Master Alteration List of Locations MA GI MA Godown IR MA Godown 2 Main Location MH Main O: Import Create Back E: Export M: Share p: print Firefo Googl Chron Micros lyp Unity Quit x Fl: Help nt to •elati c2524 9b89b -c082 Hub" , " : "6b 9b89b -c082 : '2.3 tion_ 24978 isten corre 2fcfc nning ' , "sou Oad7- age" , " : "6b Q Search Windows Server 2025 Datacenter Build 26100.ge_release240331-1435 8:51 PM 10/8/2026
[keys] '{ESC}' -> Tally 'TallyPrime:9000'
[shot] tds-039-mgw1 (1024x768)
[20:51:10] [tds] screen tds-039-mgw1 : TallyPrime MANAGE Recyc EDU Firefo Googl Chron Micros Unity Quit K: Company Y: Data Z: Exchange FinCom • ke Co Master Alteration List of Masters Accounting Masters Group Ledger Cost Centre Currency Voucher Type Inventory Masters Stock Group Stock Category Stock Item Unit Location Payroll Masters Employee Group Employee Units (Work) Attendance/Production Type Pay Heads Payroll Voucher Type Statutory Masters GST Registration GST Classification Statutory Details Company GST Details O: Import Change Company Expand All Show More E: Export M: Share Q Search 161 p: print Fl: Help x nt to •elati c2524...
[keys] '{ESC}' -> Tally 'TallyPrime:9000'
[shot] tds-040-mgw2 (1024x768)
[20:51:13] [tds] screen tds-040-mgw2 : TallyPrime MANAGE Recyc EDU K: Company Gatewa of Tall Y: Data Z: Exchange CURRENT OATE Wednesday, I-Apr-2026 O: Import E: Export M: Share p: print Fl: Help Date Company Firefo Googl Chro Micros 46 IypÅ Unity CURRENT PERIOD I-Apr-26 to 31-Mar-27 NAME OF COMPANY FinCom Spike Co Gateway of Tally MASTERS Create Alter CHart of Accounts TRANSACTIONS Vouchers Day 800K UTILITIES BaNking REPORTS Balance Sheet Profit & Loss A/c Stock Summary Ratio Analysis Display More Reports DashbOard Quit 161 nt to •elati c2524 9b89b -c082 Hub" , " : "6b 9b89b -c082 tion_ 24978 isten corre 2fcfc nning ' , "sou Oad7- ...
  INFO mh A G5-alter-under: stored as typed True; error ''; Ctrl+A 3211.4 ms; add-on lines: godown_accept_pre(MA Godown 2) godown_accept_post(MA Godown 2)
[20:51:14] ---- mh A S1-create (Stock Item 'MA Item 1')
[shot] tds-041-mgw0 (1024x768)
[20:51:15] [tds] screen tds-041-mgw0 : TallyPrime MANAGE Recyc EDU K: Company Gatewa of Tall Y: Data Z: Exchange CURRENT OATE Wednesday, I-Apr-2026 O: Import E: Export M: Share p: print Fl: Help Date Company Firefo Googl Chro Micros 46 IypÅ Unity CURRENT PERIOD I-Apr-26 to 31-Mar-27 NAME OF COMPANY FinCom Spike Co Gateway of Tally MASTERS Create Alter CHart of Accounts TRANSACTIONS Vouchers Day 800K UTILITIES BaNking REPORTS Balance Sheet Profit & Loss A/c Stock Summary Ratio Analysis Display More Reports DashbOard Quit 161 nt to •elati c2524 9b89b -c082 Hub" , " : "6b 9b89b -c082 tion_ 24978 isten corre 2fcfc nning ' , "sou Oad7- ...
[keys] 'c' -> Tally 'TallyPrime:9000'
[keys] '{BACKSPACE}{BACKSPACE}{BACKSPACE}{BACKSPACE}{BACKSPACE}{BACKSPACE}{BACKSPACE}{BACKSPACE}{BACKSPACE}{BACKSPACE}{BACKSPACE}{BACKSPACE}{BACKSPACE}{BACKSPACE}{BACKSPACE}{BACKSPACE}{BACKSPACE}{BACKSPACE}{BACKSPACE}{BACKSPACE}' -> Tally 'TallyPrime:9000'
[keys] 'Stock Item' -> Tally 'TallyPrime:9000'
[keys] '{ENTER}' -> Tally 'TallyPrime:9000'
[shot] mh-0025-S1-form (1024x768)
[mh] mh-0025-S1-form: field 137,116,241x15 left 'Name' heads 'Stock Item Creation / K: Company / Y: Data' value '' (boxes: 137,116,241x15[Name|Stock Item Creation/K: Company/Y: Data]) | TallyPrime MANAGE Recyc EDU K: Company Stock Item Creation Name (alias) Firefo Under Googl Units Chro Micros 46 IypÅ Unity Quit Y: Data Z: Exchange primary Not Applicable O: Import E: Export M: Share p: print x FinCom • ke Co Statutory Details GST applicability HSWSAC & Related Details HSN/SAC Details Source of details HSN/SAC Description GST Rate & Related Details GST Rate Details Source of details Taxability Type GST Rate Type of Supply Fl: Help F2: period Company • Applicable As per Company/Stock Group Not Available As per Company/Stock Group Not Available Goods 1 FIO: Other Masters Quantity 161 nt to •elati c2524 9b89b -c082 Hub" , " : "6b 9b89b -c082 tion_ 24978 isten corre 2fcfc nning ' , "sou Oad7- age" , " : "6b Opening Balance Accept Q Search Rate per p: Delete Value More Details B Get HSN 'SAC Info Configure Windows Server 2025 Datacenter Build 26100.ge_release240331-1435 8:51 PM 10/8/2026
[shot] mh-0026-S1-w1 (1024x768)
[mh] mh-0026-S1-w1: field 137,116,241x15 left 'Name' heads 'Stock Item Creation / K: Company / Y: Data' value '' (boxes: 137,116,241x15[Name|Stock Item Creation/K: Company/Y: Data]) | TallyPrime MANAGE Recyc EDU K: Company Stock Item Creation Name (alias) Firefo Under Googl Units Chro Micros 46 IypÅ Unity Quit Y: Data Z: Exchange primary Not Applicable O: Import E: Export M: Share p: print x FinCom • ke Co Statutory Details GST applicability HSWSAC & Related Details HSN/SAC Details Source of details HSN/SAC Description GST Rate & Related Details GST Rate Details Source of details Taxability Type GST Rate Type of Supply Fl: Help F2: period Company • Applicable As per Company/Stock Group Not Available As per Company/Stock Group Not Available Goods 1 FIO: Other Masters Quantity 161 nt to •elati c2524 9b89b -c082 Hub" , " : "6b 9b89b -c082 tion_ 24978 isten corre 2fcfc nning ' , "sou Oad7- age" , " : "6b Opening Balance Accept Q Search Rate per p: Delete Value More Details B Get HSN 'SAC Info Configure Windows Server 2025 Datacenter Build 26100.ge_release240331-1435 8:51 PM 10/8/2026
[mh] S1 rule 0 ((^|\W)Name$) on 'Name|Stock Item Creation': keys 'MA Item 1{ENTER}'
[keys] 'MA Item 1' -> Tally 'TallyPrime:9000'
[keys] '{ENTER}' -> Tally 'TallyPrime:9000'
[shot] mh-0027-S1-w2 (1024x768)
[mh] mh-0027-S1-w2: field 137,133,241x15 left '' heads 'Stock Item Creation / K: Company Y: Data / Z: Exchange' value '' (boxes: 137,133,241x15[|Stock Item Creation/K: Company Y: Data/Z: Exchange]) | TallyPrime MANAGE Recyc EDU K: Company Y: Data Stock Item Creation Z: Exchange primary Not Applicable O: Import E: Export M: Share p: print x FinCom • ke Co Statutory Details GST applicability HSWSAC & Related Details HSN/SAC Details Source of details HSN/SAC Description GST Rate & Related Details GST Rate Details Source of details Taxability Type GST Rate Type of Supply Fl: Help F2: period Company Firefo Under Googl Units Chro Micros 46 IypÅ Unity Quit • Applicable As per Company/Stock Group Not Available As per Company/Stock Group Not Available Goods 1 FIO: Other Masters Quantity 161 nt to •elati c2524 9b89b -c082 Hub" , " : "6b 9b89b -c082 tion_ 24978 isten corre 2fcfc nning ' , "sou Oad7- age" , " : "6b Opening Balance Accept Q Search Rate per p: Delete Value More Details B Get HSN 'SAC Info Configure Windows Server 2025 Datacenter Build 26100.ge_release240331-1435 8:51 PM 10/8/2026
[keys] '{ENTER}' -> Tally 'TallyPrime:9000'
[shot] mh-0028-S1-w3 (1024x768)
[mh] mh-0028-S1-w3: field 280,242,186x15 left 'Under' heads 'FinCom • ke Co / Z: Exchange' value 'Primary' (boxes: 280,242,186x15[Under|FinCom • ke Co/Z: Exchange]) | TallyPrime MANAGE Recyc EDU K: Company Stock Item Creation Y: Data Z: Exchange Primary Not Applicable FinCom • ke Co Statutory Detail GST applicability HSWSAC & Rel HSN/SAC Detail Source of detail HSN/SAC Description GST Rate & Re GST Rate Detail Source of detail Taxability Type GST Rate Type of Supply O: Import List of Grou s • Primary E: Export M: Share Name (alias) Firefo Under Googl Units Chro Micros 46 IypÅ Unity Quit MA Item 1 p: print x Create Fl: Help F2: period Company FIO: Other Masters Quantity 161 nt to •elati c2524 9b89b -c082 Hub" , " : "6b 9b89b -c082 tion_ 24978 isten corre 2fcfc nning ' , "sou Oad7- age" , " : "6b Opening Balance Accept Q Search Rate per p: Delete More Details B Get HSN 'SAC Info Configure Windows Server 2025 Datacenter Build 26100.ge_release240331-1435 8:51 PM 10/8/2026
[mh] S1 rule 2 ((^|\W)Under$) on 'Under|FinCom • ke Co': keys 'Primary{ENTER}'
[keys] 'Primary' -> Tally 'TallyPrime:9000'
[keys] '{ENTER}' -> Tally 'TallyPrime:9000'
[shot] mh-0029-S1-w4 (1024x768)
[mh] mh-0029-S1-w4: field none left '' heads '' value '' (boxes: ) | TallyPrime MANAGE Recyc EDU K: Company Stock Item Creation Y: Data Z: Exchange primary • Not Applicable FinCom • ke Co Units Not Applicable Days Kgs Nos Description O: Import Create ils E: Export M: Share p: print x Name (alias) Firefo Under Googl Units Chro Micros 46 IypÅ Unity Quit MA Item 1 Fl: Help F2: period Company • Applicable As per Company/Stock Group Not Available As per Company/Stock Group Not Available Goods 1 FIO: Other Masters GST Rate & Related Details GST Rate Details Source of details Taxability Type GST Rate Type of Supply Quantity 161 nt to •elati c2524 9b89b -c082 Hub" , " : "6b 9b89b -c082 tion_ 24978 isten corre 2fcfc nning ' , "sou Oad7- age" , " : "6b Opening Balance Accept Q Search Rate per p: Delete Value More Details B Get HSN 'SAC Info Configure Windows Server 2025 Datacenter Build 26100.ge_release240331-1435 8:51 PM 10/8/2026
[keys] '{ENTER}' -> Tally 'TallyPrime:9000'
[shot] mh-0030-S1-w5 (1024x768)
[mh] mh-0030-S1-w5: field 677,266,186x15 left 'GST applicability' heads 'E: Export / M: Share / p: print' value '' (boxes: 677,266,186x15[GST applicability|E: Export/M: Share/p: print]) | TallyPrime MANAGE Recyc EDU K: Company Stock Item Creation Y: Data Z: Exchange primary Not Applicable O: Import E: Export M: Share p: print x Name (alias) Firefo Under Googl Units Chro Micros 46 IypÅ Unity Quit MA Item 1 FinCom • ke Co Statutory Details GST applicability HSWSAC & Related Details HSN/SAC Details Source of details HSN/SAC Description GST Rate & Related Details GST Rate Details Source of details Taxability Type GST Rate Type of Supply Fl: Help F2: period Company As per Company/Stock Group Not Available As per Company/Stock Group Not Available Goods 1 FIO: Other Masters Quantity 161 nt to •elati c2524 9b89b -c082 Hub" , " : "6b 9b89b -c082 tion_ 24978 isten corre 2fcfc nning ' , "sou Oad7- age" , " : "6b Opening Balance Accept Q Search Rate per p: Delete Value More Details B Get HSN 'SAC Info Configure Windows Server 2025 Datacenter Build 26100.ge_release240331-1435 8:51 PM 10/8/2026
[keys] '{ENTER}' -> Tally 'TallyPrime:9000'
[shot] mh-0031-S1-w6 (1024x768)
[mh] mh-0031-S1-w6: field none left '' heads '' value '' (boxes: ) | TallyPrime MANAGE Recyc EDU K: Company Stock Item Creation Y: Data Z: Exchange primary Not Applicable O: Import E: Export M: Share p: print x Name (alias) Firefo Under Googl Units Chro Micros 46 IypÅ Unity Quit MA Item 1 FinCom • ke Co Statutory Details GST applicability HSWSAC & Related Details HSN/SAC Details Source of details HSN/SAC Description GST Rate & Related Detail GST Rate Details Source of details Taxability Type GST Rate Type of Supply Fl: Help F2: period Company • Applicable • as per Company/Stock Group List of Actions Show More As per Company/Stock Group Specify Details Here Use GST Classification Goods 1 FIO: Other Masters Quantity 161 nt to •elati c2524 9b89b -c082 Hub" , " : "6b 9b89b -c082 tion_ 24978 isten corre 2fcfc nning ' , "sou Oad7- age" , " : "6b Opening Balance Accept Q Search Rate per p: Delete Value More Details B Get HSN 'SAC Info Configure Windows Server 2025 Datacenter Build 26100.ge_release240331-1435 8:51 PM 10/8/2026
[keys] '{ENTER}' -> Tally 'TallyPrime:9000'
[shot] mh-0032-S1-w7 (1024x768)
[mh] mh-0032-S1-w7: field none left '' heads '' value '' (boxes: ) | TallyPrime MANAGE Recyc EDU K: Company Stock Item Creation Y: Data Z: Exchange primary Not Applicable O: Import E: Export M: Share p: print x Name (alias) Firefo Under Googl Units Chro Micros 46 IypÅ Unity Quit MA Item 1 FinCom • ke Co Statutory Details GST applicability HSWSAC & Related Details HSN/SAC Details Source of details HSN/SAC Description GST Rate & Related Details GST Rate Details Source of details Taxability Type GST Rate Type of Supply Fl: Help F2: period Company • Applicable As per Company/Stock Group Not Available as per Company/Stock Group List of Actions Show More As per Company/Stock Group Specify Details Here Use GST Classification FIO: Other Masters Quantity 161 nt to •elati c2524 9b89b -c082 Hub" , " : "6b 9b89b -c082 tion_ 24978 isten corre 2fcfc nning ' , "sou Oad7- age" , " : "6b Opening Balance Accept Q Search Rate per p: Delete Value More Details B Get HSN 'SAC Info Configure Windows Server 2025 Datacenter Build 26100.ge_release240331-1435 8:51 PM 10/8/2026
[keys] '{ENTER}' -> Tally 'TallyPrime:9000'
[shot] mh-0033-S1-w8 (1024x768)
[mh] mh-0033-S1-w8: field 677,472,186x16 left 'Type of Supply' heads 'Serices / Goods / Not' value 'S' (boxes: 677,472,186x16[Type of Supply|Serices/Goods/Not]) | TallyPrime MANAGE Recyc EDU K: Company Stock Item Creation Y: Data Z: Exchange primary Not Applicable O: Import E: Export M: Share p: print x Name (alias) Firefo Under Googl Units Chro Micros 46 IypÅ Unity Quit MA Item 1 FinCom • ke Co Statutory Details GST applicability HSWSAC & Related Details HSN/SAC Details Source of details HSN/SAC Description GST Rate & Related Details GST Rate Details Source of details Taxability Type GST Rate Type of Supply Fl: Help F2: period Company • Applicable As per Company/Stock Group Not Available T sof su As Capital Goods Not Goods Serices S FIO: Other Masters up 1 Quantity 161 nt to •elati c2524 9b89b -c082 Hub" , " : "6b 9b89b -c082 tion_ 24978 isten corre 2fcfc nning ' , "sou Oad7- age" , " : "6b Opening Balance Accept Q Search Rate per p: Delete Value More Details B Get HSN 'SAC Info Configure Windows Server 2025 Datacenter Build 26100.ge_release240331-1435 8:51 PM 10/8/2026
[keys] '{ENTER}' -> Tally 'TallyPrime:9000'
[shot] mh-0034-S1-w9 (1024x768)
[mh] mh-0034-S1-w9: field 677,487,68x16 left 'Rate of Duty (eg 5)' heads 'Goods / Not Available / As per Company/Stock Group' value '' (boxes: 677,487,68x16[Rate of Duty (eg 5)|Goods/Not Available/As per Company/Stock Group]) | TallyPrime MANAGE Recyc EDU K: Company Stock Item Creation Y: Data Z: Exchange • Not Applicable O: Import E: Export M: Share p: print x Name (alias) Firefo Units Googl Chro Micros 46 IypÅ Unity Quit MA Item 1 FinCom • ke Co GST applicability HSWSAC & Related Details HSN/SAC Details Source of details HSN/SAC Description GST Rate & Related Details GST Rate Details Source of details Taxability Type GST Rate Type of Supply Rate of Duty (eg 5) Fl: Help F2: period Company • Applicable As per Company/Stock Group Not Available As per Company/Stock Group Not Available Goods FIO: Other Masters Quantity 161 nt to •elati c2524 9b89b -c082 Hub" , " : "6b 9b89b -c082 tion_ 24978 isten corre 2fcfc nning ' , "sou Oad7- age" , " : "6b Opening Balance Accept Q Search Rate per p: Delete Value More Details B Get HSN 'SAC Info Configure Windows Server 2025 Datacenter Build 26100.ge_release240331-1435 8:51 PM 10/8/2026
[keys] '{ENTER}' -> Tally 'TallyPrime:9000'
[shot] mh-0035-S1-w10 (1024x768)
[mh] mh-0035-S1-w10: field 579,553,99x15 left 'Opening Balance' heads 'Value / Rate of Duty (eg 5) / GST Rate Details' value '' (boxes: 579,553,99x15[Opening Balance|Value/Rate of Duty (eg 5)/GST Rate Details]) | TallyPrime MANAGE Recyc EDU K: Company Stock Item Creation Y: Data Z: Exchange • Not Applicable O: Import E: Export M: Share p: print x Name (alias) Firefo Units Googl Chro Micros 46 IypÅ Unity Quit MA Item 1 FinCom • ke Co GST applicability HSWSAC & Related Details HSN/SAC Details Source of details HSN/SAC Description GST Rate & Related Details GST Rate Details Source of details Taxability Type GST Rate Type of Supply Rate of Duty (eg 5) Fl: Help F2: period Company • Applicable As per Company/Stock Group Not Available As per Company/Stock Group Not Available Goods FIO: Other Masters Quantity 161 nt to •elati c2524 9b89b -c082 Hub" , " : "6b 9b89b -c082 tion_ 24978 isten corre 2fcfc nning ' , "sou Oad7- age" , " : "6b Opening Balance Accept Q Search Rate per p: Delete Value More Details B Get HSN 'SAC Info Configure Windows Server 2025 Datacenter Build 26100.ge_release240331-1435 8:51 PM 10/8/2026
[keys] '{ENTER}' -> Tally 'TallyPrime:9000'
[shot] mh-0036-S1-w11 (1024x768)
[mh] mh-0036-S1-w11: field none left '' heads '' value '' (boxes: ) | TallyPrime MANAGE Recyc EDU K: Company Stock Item Creation Y: Data Z: Exchange • Not Applicable O: Import E: Export M: Share FinCom p: print x Name (alias) Firefo Units Googl Chro Micros 46 IypÅ Unity Q: Quit MA Item 1 Fl: Help F2: period F3: Company GST applicability HSWSAC & Related Details HSN/SAC Details Source of details HSN/SAC Description GST Rate & Related Details GST Rate Details Source of details Taxability Type GST Rate Type of Supply Rate of Duty (eg 5) • Applicable As per Company/Stock Group Not Available As per Company/Stock Group Not Available Goods Accept Q Yes or No FIO : Other Masters Quantity Value 161 nt to •elati c2524 9b89b -c082 Hub" , " : "6b 9b89b -c082 tion_ 24978 isten corre 2fcfc nning ' , "sou Oad7- age" , " : "6b Opening Balance IA _ : Accept Q Search Rate per p: Delete l: More Details B: Get HSN - ISAC Info F 12: Configure Windows Server 2025 Datacenter Build 26100.ge_release240331-1435 8:51 PM 10/8/2026
[mh] S1 a question is up: stop
[shot] mh-0037-S1-before-save (1024x768)
[mh] mh-0037-S1-before-save: field none left '' heads '' value '' (boxes: ) | TallyPrime MANAGE Recyc EDU K: Company Stock Item Creation Y: Data Z: Exchange • Not Applicable O: Import E: Export M: Share FinCom p: print x Name (alias) Firefo Units Googl Chro Micros 46 IypÅ Unity Q: Quit MA Item 1 Fl: Help F2: period F3: Company GST applicability HSWSAC & Related Details HSN/SAC Details Source of details HSN/SAC Description GST Rate & Related Details GST Rate Details Source of details Taxability Type GST Rate Type of Supply Rate of Duty (eg 5) • Applicable As per Company/Stock Group Not Available As per Company/Stock Group Not Available Goods Accept Q Yes or No FIO : Other Masters Quantity Value 161 nt to •elati c2524 9b89b -c082 Hub" , " : "6b 9b89b -c082 tion_ 24978 isten corre 2fcfc nning ' , "sou Oad7- age" , " : "6b Opening Balance IA _ : Accept Q Search Rate per p: Delete l: More Details B: Get HSN - ISAC Info F 12: Configure Windows Server 2025 Datacenter Build 26100.ge_release240331-1435 8:51 PM 10/8/2026
[keys] '' -> Tally 'TallyPrime:9000'
[shot] mh-0038-S1-saved1 (1024x768)
[mh] mh-0038-S1-saved1: field 137,116,241x15 left 'Name' heads 'Stock Item Creation / K: Company / Y: Data' value '' (boxes: 137,116,241x15[Name|Stock Item Creation/K: Company/Y: Data]) | TallyPrime MANAGE Recyc EDU K: Company Stock Item Creation Name (alias) Firefo Under Googl Units Chro Micros 46 IypÅ Unity Quit Y: Data Z: Exchange primary Not Applicable O: Import E: Export M: Share p: print x FinCom • ke Co Statutory Details GST applicability HSWSAC & Related Details HSN/SAC Details Source of details HSN/SAC Description GST Rate & Related Details GST Rate Details Source of details Taxability Type GST Rate Type of Supply Fl: Help F2: period Company • Applicable As per Company/Stock Group Not Available As per Company/Stock Group Not Available Goods 1 FIO: Other Masters Quantity 161 nt to •elati c2524 9b89b -c082 Hub" , " : "6b 9b89b -c082 tion_ 24978 isten corre 2fcfc nning ' , "sou Oad7- age" , " : "6b Opening Balance Accept Q Search Rate per p: Delete Value More Details B Get HSN 'SAC Info Configure Windows Server 2025 Datacenter Build 26100.ge_release240331-1435 8:51 PM 10/8/2026
[shot] tds-042-mgw0 (1024x768)
[20:51:58] [tds] screen tds-042-mgw0 : TallyPrime MANAGE Recyc EDU K: Company Stock Item Creation Name (alias) Firefo Under Googl Units Chro Micros 46 IypÅ Unity Quit Y: Data Z: Exchange primary Not Applicable O: Import E: Export M: Share p: print x FinCom • ke Co Statutory Details GST applicability HSWSAC & Related Details HSN/SAC Details Source of details HSN/SAC Description GST Rate & Related Details GST Rate Details Source of details Taxability Type GST Rate Type of Supply Fl: Help F2: period Company • Applicable As per Company/Stock Group Not Available As per Company/Stock Group Not Available Goods 1 FIO: Other Masters Quantit...
[keys] '{ESC}' -> Tally 'TallyPrime:9000'
[shot] tds-043-mgw1 (1024x768)
[20:52:00] [tds] screen tds-043-mgw1 : TallyPrime MANAGE Recyc EDU K: Company Stock Item Creation Name (alias) Firefo Under Googl Units Chro Micros 46 IypÅ Unity Q: Quit Y: Data Z: Exchange primary Not Applicable O: Import E: Export M: Share FinCom p: print x Fl: Help F2: period F3: Company Statutory Details GST applicability HSWSAC & Related Details HSN/SAC Details Source of details HSN/SAC Description GST Rate & Related Details GST Rate Details Source of details Taxability Type GST Rate Type of Supply • Applicable As per Company/Stock Group Not Available As per Company/Stock Group Not Available Goods Quit o Yes or No FIO : Other ...
[keys] 'n' -> Tally 'TallyPrime:9000'
[shot] tds-044-mgw2 (1024x768)
[20:52:04] [tds] screen tds-044-mgw2 : TallyPrime MANAGE Recyc EDU K: Company Stock Item Creation Name (alias) Firefo Under Googl Units Chro Micros 46 IypÅ Unity Quit Y: Data Z: Exchange primary Not Applicable O: Import E: Export M: Share p: print x FinCom • ke Co Statutory Details GST applicability HSWSAC & Related Details HSN/SAC Details Source of details HSN/SAC Description GST Rate & Related Details GST Rate Details Source of details Taxability Type GST Rate Type of Supply Fl: Help F2: period Company • Applicable As per Company/Stock Group Not Available As per Company/Stock Group Not Available Goods 1 FIO: Other Masters Quantit...
[keys] '{ESC}' -> Tally 'TallyPrime:9000'
[shot] tds-045-mgw3 (1024x768)
[20:52:06] [tds] screen tds-045-mgw3 : TallyPrime MANAGE Recyc EDU K: Company Stock Item Creation Name (alias) Firefo Under Googl Units Chro Micros 46 IypÅ Unity Q: Quit Y: Data Z: Exchange primary Not Applicable O: Import E: Export M: Share FinCom p: print x Fl: Help F2: period F3: Company Statutory Details GST applicability HSWSAC & Related Details HSN/SAC Details Source of details HSN/SAC Description GST Rate & Related Details GST Rate Details Source of details Taxability Type GST Rate Type of Supply • Applicable As per Company/Stock Group Not Available As per Company/Stock Group Not Available Goods Quit o Yes or No FIO : Other ...
[keys] 'n' -> Tally 'TallyPrime:9000'
[shot] tds-046-mgw4 (1024x768)
[20:52:10] [tds] screen tds-046-mgw4 : TallyPrime MANAGE Recyc EDU K: Company Stock Item Creation Name (alias) Firefo Under Googl Units Chro Micros 46 IypÅ Unity Quit Y: Data Z: Exchange primary Not Applicable O: Import E: Export M: Share p: print x FinCom • ke Co Statutory Details GST applicability HSWSAC & Related Details HSN/SAC Details Source of details HSN/SAC Description GST Rate & Related Details GST Rate Details Source of details Taxability Type GST Rate Type of Supply Fl: Help F2: period Company • Applicable As per Company/Stock Group Not Available As per Company/Stock Group Not Available Goods 1 FIO: Other Masters Quantit...
[keys] '{ESC}' -> Tally 'TallyPrime:9000'
[shot] tds-047-mgw5 (1024x768)
[20:52:12] [tds] screen tds-047-mgw5 : TallyPrime MANAGE Recyc EDU K: Company Stock Item Creation Name (alias) Firefo Under Googl Units Chro Micros 46 IypÅ Unity Q: Quit Y: Data Z: Exchange primary Not Applicable O: Import E: Export M: Share FinCom p: print x Fl: Help F2: period F3: Company Statutory Details GST applicability HSWSAC & Related Details HSN/SAC Details Source of details HSN/SAC Description GST Rate & Related Details GST Rate Details Source of details Taxability Type GST Rate Type of Supply • Applicable As per Company/Stock Group Not Available As per Company/Stock Group Not Available Goods Quit o Yes or No FIO : Other ...
[keys] 'n' -> Tally 'TallyPrime:9000'
[shot] tds-048-mgw6 (1024x768)
[20:52:16] [tds] screen tds-048-mgw6 : TallyPrime MANAGE Recyc EDU K: Company Stock Item Creation Name (alias) Firefo Under Googl Units Chro Micros 46 IypÅ Unity Quit Y: Data Z: Exchange primary Not Applicable O: Import E: Export M: Share p: print x FinCom • ke Co Statutory Details GST applicability HSWSAC & Related Details HSN/SAC Details Source of details HSN/SAC Description GST Rate & Related Details GST Rate Details Source of details Taxability Type GST Rate Type of Supply Fl: Help F2: period Company • Applicable As per Company/Stock Group Not Available As per Company/Stock Group Not Available Goods 1 FIO: Other Masters Quantit...
[keys] '{ESC}' -> Tally 'TallyPrime:9000'
[shot] tds-049-mgw7 (1024x768)
[20:52:19] [tds] screen tds-049-mgw7 : TallyPrime MANAGE Recyc EDU K: Company Stock Item Creation Name (alias) Firefo Under Googl Units Chro Micros 46 IypÅ Unity Q: Quit Y: Data Z: Exchange primary Not Applicable O: Import E: Export M: Share FinCom p: print x Fl: Help F2: period F3: Company Statutory Details GST applicability HSWSAC & Related Details HSN/SAC Details Source of details HSN/SAC Description GST Rate & Related Details GST Rate Details Source of details Taxability Type GST Rate Type of Supply • Applicable As per Company/Stock Group Not Available As per Company/Stock Group Not Available Goods Quit o Yes or No FIO : Other ...
[keys] 'n' -> Tally 'TallyPrime:9000'
[20:52:21] [tds] the Gateway not reached (after S1-create): Tally started again
[keys] 'a' -> Tally 'TallyPrime:9000'
[keys] 't' -> Tally 'TallyPrime:9000'
[shot] tds-050-mh-start-0 (1024x768)
[20:52:55] [tds] screen tds-050-mh-start-0 : TallyPrime MANAGE Recyc EDU K: Company Gatewa of Tall Y: Data Z: Exchange CURRENT OATE Wednesday, I-Apr-2026 O: Import E: Export M: Share p: print Fl: Help Date Company Firefo Googl Chro Micros 46 IypÅ Unity CURRENT PERIOD I-Apr-26 to 31-Mar-27 NAME OF COMPANY FinCom Spike Co Gateway of Tally MASTERS Create Alter CHart of Accounts TRANSACTIONS Vouchers Day 800K UTILITIES BaNking REPORTS Balance Sheet Profit & Loss A/c Stock Summary Ratio Analysis Display More Reports DashbOard Quit 161 nt to •elati c2524 9b89b -c082 Hub" , " : "6b 9b89b -c082 tion_ 24978 isten corre 2fcfc nning ' , "sou Oad7- ...
  INFO mh A S1-create: stored as typed False (missing: NAME=MA\ I1; BASEUNITS=Nos); error ''; Ctrl+A 46.4 ms; add-on lines: stockitem_accept_pre(MA Item 1) stockitem_accept_post(MA Item 1)
[20:52:56] ---- mh A S2-alter-alias (Stock Item 'MA Item 1')
[shot] tds-051-mgw0 (1024x768)
[20:52:57] [tds] screen tds-051-mgw0 : TallyPrime MANAGE Recyc EDU K: Company Gatewa of Tall Y: Data Z: Exchange CURRENT OATE Wednesday, I-Apr-2026 O: Import E: Export M: Share p: print Fl: Help Date Company Firefo Googl Chro Micros 46 IypÅ Unity CURRENT PERIOD I-Apr-26 to 31-Mar-27 NAME OF COMPANY FinCom Spike Co Gateway of Tally MASTERS Create Alter CHart of Accounts TRANSACTIONS Vouchers Day 800K UTILITIES BaNking REPORTS Balance Sheet Profit & Loss A/c Stock Summary Ratio Analysis Display More Reports DashbOard Quit 161 nt to •elati c2524 9b89b -c082 Hub" , " : "6b 9b89b -c082 tion_ 24978 isten corre 2fcfc nning ' , "sou Oad7- ...
[keys] 'a' -> Tally 'TallyPrime:9000'
[keys] '{BACKSPACE}{BACKSPACE}{BACKSPACE}{BACKSPACE}{BACKSPACE}{BACKSPACE}{BACKSPACE}{BACKSPACE}{BACKSPACE}{BACKSPACE}{BACKSPACE}{BACKSPACE}{BACKSPACE}{BACKSPACE}{BACKSPACE}{BACKSPACE}{BACKSPACE}{BACKSPACE}{BACKSPACE}{BACKSPACE}' -> Tally 'TallyPrime:9000'
[keys] 'Stock Item' -> Tally 'TallyPrime:9000'
[keys] '{ENTER}' -> Tally 'TallyPrime:9000'
[keys] 'MA Item 1' -> Tally 'TallyPrime:9000'
[keys] '{ENTER}' -> Tally 'TallyPrime:9000'
[shot] mh-0039-S2-form (1024x768)
[mh] mh-0039-S2-form: field 137,116,241x15 left 'Name' heads 'Stock Item Alteration / K: Company / Y: Data' value 'MA Item 1' (boxes: 137,116,241x15[Name|Stock Item Alteration/K: Company/Y: Data]) | TallyPrime MANAGE Recyc EDU K: Company Stock Item Alteration Y: Data Z: Exchange primary Not Applicable O: Import E: Export M: Share p: print x Name (alias) Firefo Under Googl Units Chro Micros 46 IypÅ Unity Quit MA Item 1 FinCom • ke Co Statutory Details GST applicability HSWSAC & Related Details HSN/SAC Details Source of details HSN/SAC Description GST Rate & Related Details GST Rate Details Source of details Taxability Type GST Rate Type of Supply Fl: Help F2: period Company • Applicable As per Company/Stock Group Not Available As per Company/Stock Group Not Available Goods 1 FIO: Other Masters Quantity 161 nt to •elati c2524 9b89b -c082 Hub" , " : "6b 9b89b -c082 tion_ 24978 isten corre 2fcfc nning ' , "sou Oad7- age" , " : "6b Opening Balance Accept Q Search Rate per Ip: Delete Value More Details B Get HSN 'SAC Info Configure Windows Server 2025 Datacenter Build 26100.ge_release240331-1435 8:53 PM 10/8/2026
[shot] mh-0040-S2-w1 (1024x768)
[mh] mh-0040-S2-w1: field 137,116,241x15 left 'Name' heads 'Stock Item Alteration / K: Company / Y: Data' value 'Item 1' (boxes: 137,116,241x15[Name|Stock Item Alteration/K: Company/Y: Data]) | TallyPrime MANAGE Recyc EDU K: Company Stock Item Alteration Y: Data Z: Exchange primary Not Applicable O: Import E: Export M: Share p: print x Name (alias) Firefo Under Googl Units Chro Micros 46 IypÅ Unity Quit Item 1 FinCom • ke Co Statutory Details GST applicability HSWSAC & Related Details HSN/SAC Details Source of details HSN/SAC Description GST Rate & Related Details GST Rate Details Source of details Taxability Type GST Rate Type of Supply Fl: Help F2: period Company • Applicable As per Company/Stock Group Not Available As per Company/Stock Group Not Available Goods 1 FIO: Other Masters Quantity 161 nt to •elati c2524 9b89b -c082 Hub" , " : "6b 9b89b -c082 tion_ 24978 isten corre 2fcfc nning ' , "sou Oad7- age" , " : "6b Opening Balance Accept Q Search Rate per Ip: Delete Value More Details B Get HSN 'SAC Info Configure Windows Server 2025 Datacenter Build 26100.ge_release240331-1435 8:53 PM 10/8/2026
[keys] '{ENTER}' -> Tally 'TallyPrime:9000'
[shot] mh-0041-S2-w2 (1024x768)
[mh] mh-0041-S2-w2: field 137,133,241x15 left '' heads 'Stock Item Alteration / K: Company Y: Data / Z: Exchange' value '' (boxes: 137,133,241x15[|Stock Item Alteration/K: Company Y: Data/Z: Exchange]) | TallyPrime MANAGE Recyc EDU K: Company Y: Data Stock Item Alteration Z: Exchange primary Not Applicable O: Import E: Export M: Share p: print x FinCom • ke Co Statutory Details GST applicability HSWSAC & Related Details HSN/SAC Details Source of details HSN/SAC Description GST Rate & Related Details GST Rate Details Source of details Taxability Type GST Rate Type of Supply Fl: Help F2: period Company Firefo Under Googl Units Chro Micros 46 IypÅ Unity Quit • Applicable As per Company/Stock Group Not Available As per Company/Stock Group Not Available Goods 1 FIO: Other Masters Quantity 161 nt to •elati c2524 9b89b -c082 Hub" , " : "6b 9b89b -c082 tion_ 24978 isten corre 2fcfc nning ' , "sou Oad7- age" , " : "6b Opening Balance Accept Q Search Rate per Ip: Delete Value More Details B Get HSN 'SAC Info Configure Windows Server 2025 Datacenter Build 26100.ge_release240331-1435 8:53 PM 10/8/2026
[keys] '{ENTER}' -> Tally 'TallyPrime:9000'
[shot] mh-0042-S2-w3 (1024x768)
[mh] mh-0042-S2-w3: field 280,242,186x15 left 'Under' heads 'FinCom • ke Co / Z: Exchange' value 'Primary' (boxes: 280,242,186x15[Under|FinCom • ke Co/Z: Exchange]) | TallyPrime MANAGE Recyc EDU K: Company Stock Item Alteration Y: Data Z: Exchange Primary Not Applicable FinCom • ke Co Statutory Detail GST applicability HSWSAC & Rel HSN/SAC Detail Source of detail HSN/SAC Description GST Rate & Re GST Rate Detail Source of detail Taxability Type GST Rate Type of Supply O: Import List of Grou s • Primary E: Export M: Share Name (alias) Firefo Under Googl Units Chro Micros 46 IypÅ Unity Quit MA Item 1 p: print x Create Fl: Help F2: period Company FIO: Other Masters Quantity 161 nt to •elati c2524 9b89b -c082 Hub" , " : "6b 9b89b -c082 tion_ 24978 isten corre 2fcfc nning ' , "sou Oad7- age" , " : "6b Opening Balance Accept Q Search Rate per Ip: Delete More Details B Get HSN 'SAC Info Configure Windows Server 2025 Datacenter Build 26100.ge_release240331-1435 8:53 PM 10/8/2026
[keys] '{ENTER}' -> Tally 'TallyPrime:9000'
[shot] mh-0043-S2-w4 (1024x768)
[mh] mh-0043-S2-w4: field none left '' heads '' value '' (boxes: ) | TallyPrime MANAGE Recyc EDU K: Company Stock Item Alteration Y: Data Z: Exchange primary FinCom • ke Co Units Not Applicable Days Kgs Nos Description O: Import Create ils E: Export M: Share p: print x Name (alias) Firefo Under Googl Units Chro Micros 46 IypÅ Unity Quit MA Item 1 Fl: Help F2: period Company • Applicable As per Company/Stock Group Not Available As per Company/Stock Group Not Available Goods 1 FIO: Other Masters GST Rate & Related Details GST Rate Details Source of details Taxability Type GST Rate Type of Supply Quantity 161 nt to •elati c2524 9b89b -c082 Hub" , " : "6b 9b89b -c082 tion_ 24978 isten corre 2fcfc nning ' , "sou Oad7- age" , " : "6b Opening Balance Accept Q Search Rate per Ip: Delete Value More Details B Get HSN 'SAC Info Configure Windows Server 2025 Datacenter Build 26100.ge_release240331-1435 8:53 PM 10/8/2026
[keys] '{ENTER}' -> Tally 'TallyPrime:9000'
[shot] mh-0044-S2-w5 (1024x768)
[mh] mh-0044-S2-w5: field 677,266,186x15 left 'GST applicability' heads 'E: Export / M: Share / p: print' value '' (boxes: 677,266,186x15[GST applicability|E: Export/M: Share/p: print]) | TallyPrime MANAGE Recyc EDU K: Company Stock Item Alteration Y: Data Z: Exchange primary Not Applicable O: Import E: Export M: Share p: print x Name (alias) Firefo Under Googl Units Chro Micros 46 IypÅ Unity Quit MA Item 1 FinCom • ke Co Statutory Details GST applicability HSWSAC & Related Details HSN/SAC Details Source of details HSN/SAC Description GST Rate & Related Details GST Rate Details Source of details Taxability Type GST Rate Type of Supply Fl: Help F2: period Company As per Company/Stock Group Not Available As per Company/Stock Group Not Available Goods 1 FIO: Other Masters Quantity 161 nt to •elati c2524 9b89b -c082 Hub" , " : "6b 9b89b -c082 tion_ 24978 isten corre 2fcfc nning ' , "sou Oad7- age" , " : "6b Opening Balance Accept Q Search Rate per Ip: Delete Value More Details B Get HSN 'SAC Info Configure Windows Server 2025 Datacenter Build 26100.ge_release240331-1435 8:53 PM 10/8/2026
[keys] '{ENTER}' -> Tally 'TallyPrime:9000'
[shot] mh-0045-S2-w6 (1024x768)
[mh] mh-0045-S2-w6: field none left '' heads '' value '' (boxes: ) | TallyPrime MANAGE Recyc EDU K: Company Stock Item Alteration Y: Data Z: Exchange primary Not Applicable O: Import E: Export M: Share p: print x Name (alias) Firefo Under Googl Units Chro Micros 46 IypÅ Unity Quit MA Item 1 FinCom • ke Co Statutory Details GST applicability HSWSAC & Related Details HSN/SAC Details Source of details HSN/SAC Description GST Rate & Related Detail GST Rate Details Source of details Taxability Type GST Rate Type of Supply Fl: Help F2: period Company • Applicable • as per Company/Stock Group List of Actions Show More As per Company/Stock Group Specify Details Here Use GST Classification Goods 1 FIO: Other Masters Quantity 161 nt to •elati c2524 9b89b -c082 Hub" , " : "6b 9b89b -c082 tion_ 24978 isten corre 2fcfc nning ' , "sou Oad7- age" , " : "6b Opening Balance Accept Q Search Rate per Ip: Delete Value More Details B Get HSN 'SAC Info Configure Windows Server 2025 Datacenter Build 26100.ge_release240331-1435 8:53 PM 10/8/2026
[keys] '{ENTER}' -> Tally 'TallyPrime:9000'
[shot] mh-0046-S2-w7 (1024x768)
[mh] mh-0046-S2-w7: field none left '' heads '' value '' (boxes: ) | TallyPrime MANAGE Recyc EDU K: Company Stock Item Alteration Y: Data Z: Exchange primary Not Applicable O: Import E: Export M: Share p: print x Name (alias) Firefo Under Googl Units Chro Micros 46 IypÅ Unity Quit MA Item 1 FinCom • ke Co Statutory Details GST applicability HSWSAC & Related Details HSN/SAC Details Source of details HSN/SAC Description GST Rate & Related Details GST Rate Details Source of details Taxability Type GST Rate Type of Supply Fl: Help F2: period Company • Applicable As per Company/Stock Group Not Available as per Company/Stock Group List of Actions Show More As per Company/Stock Group Specify Details Here Use GST Classification FIO: Other Masters Quantity 161 nt to •elati c2524 9b89b -c082 Hub" , " : "6b 9b89b -c082 tion_ 24978 isten corre 2fcfc nning ' , "sou Oad7- age" , " : "6b Opening Balance Accept Q Search Rate per Ip: Delete Value More Details B Get HSN 'SAC Info Configure Windows Server 2025 Datacenter Build 26100.ge_release240331-1435 8:53 PM 10/8/2026
[keys] '{ENTER}' -> Tally 'TallyPrime:9000'
[shot] mh-0047-S2-w8 (1024x768)
[mh] mh-0047-S2-w8: field 677,472,186x16 left 'Type of Supply' heads 'Serices / Goods / Not' value 'S' (boxes: 677,472,186x16[Type of Supply|Serices/Goods/Not]) | TallyPrime MANAGE Recyc EDU K: Company Stock Item Alteration Y: Data Z: Exchange primary Not Applicable O: Import E: Export M: Share p: print x Name (alias) Firefo Under Googl Units Chro Micros 46 IypÅ Unity Quit MA Item 1 FinCom • ke Co Statutory Details GST applicability HSWSAC & Related Details HSN/SAC Details Source of details HSN/SAC Description GST Rate & Related Details GST Rate Details Source of details Taxability Type GST Rate Type of Supply Fl: Help F2: period Company • Applicable As per Company/Stock Group Not Available T sof su As Capital Goods Not Goods Serices S FIO: Other Masters up 1 Quantity 161 nt to •elati c2524 9b89b -c082 Hub" , " : "6b 9b89b -c082 tion_ 24978 isten corre 2fcfc nning ' , "sou Oad7- age" , " : "6b Opening Balance Accept Q Search Rate per Ip: Delete Value More Details B Get HSN 'SAC Info Configure Windows Server 2025 Datacenter Build 26100.ge_release240331-1435 8:53 PM 10/8/2026
[keys] '{ENTER}' -> Tally 'TallyPrime:9000'
[shot] mh-0048-S2-w9 (1024x768)
[mh] mh-0048-S2-w9: field 677,487,68x16 left 'Rate of Duty (eg 5)' heads 'Goods / Not Available / As per Company/Stock Group' value '' (boxes: 677,487,68x16[Rate of Duty (eg 5)|Goods/Not Available/As per Company/Stock Group]) | TallyPrime MANAGE Recyc EDU K: Company Stock Item Alteration Y: Data Z: Exchange • Not Applicable O: Import E: Export M: Share p: print x Name (alias) Firefo Units Googl Chro Micros 46 IypÅ Unity Quit MA Item 1 FinCom • ke Co GST applicability HSWSAC & Related Details HSN/SAC Details Source of details HSN/SAC Description GST Rate & Related Details GST Rate Details Source of details Taxability Type GST Rate Type of Supply Rate of Duty (eg 5) Fl: Help F2: period Company • Applicable As per Company/Stock Group Not Available As per Company/Stock Group Not Available Goods FIO: Other Masters Quantity 161 nt to •elati c2524 9b89b -c082 Hub" , " : "6b 9b89b -c082 tion_ 24978 isten corre 2fcfc nning ' , "sou Oad7- age" , " : "6b Opening Balance Accept Q Search Rate per Ip: Delete Value More Details B Get HSN 'SAC Info Configure Windows Server 2025 Datacenter Build 26100.ge_release240331-1435 8:53 PM 10/8/2026
[keys] '{ENTER}' -> Tally 'TallyPrime:9000'
[shot] mh-0049-S2-w10 (1024x768)
[mh] mh-0049-S2-w10: field 579,553,99x15 left 'Opening Balance' heads 'Value / Rate of Duty (eg 5) / GST Rate Details' value '' (boxes: 579,553,99x15[Opening Balance|Value/Rate of Duty (eg 5)/GST Rate Details]) | TallyPrime MANAGE Recyc EDU K: Company Stock Item Alteration Y: Data Z: Exchange • Not Applicable O: Import E: Export M: Share p: print x Name (alias) Firefo Units Googl Chro Micros 46 IypÅ Unity Quit MA Item 1 FinCom • ke Co GST applicability HSWSAC & Related Details HSN/SAC Details Source of details HSN/SAC Description GST Rate & Related Details GST Rate Details Source of details Taxability Type GST Rate Type of Supply Rate of Duty (eg 5) Fl: Help F2: period Company • Applicable As per Company/Stock Group Not Available As per Company/Stock Group Not Available Goods FIO: Other Masters Quantity 161 nt to •elati c2524 9b89b -c082 Hub" , " : "6b 9b89b -c082 tion_ 24978 isten corre 2fcfc nning ' , "sou Oad7- age" , " : "6b Opening Balance Accept Q Search Rate per Ip: Delete Value More Details B Get HSN 'SAC Info Configure Windows Server 2025 Datacenter Build 26100.ge_release240331-1435 8:53 PM 10/8/2026
[keys] '{ENTER}' -> Tally 'TallyPrime:9000'
[shot] mh-0050-S2-w11 (1024x768)
[mh] mh-0050-S2-w11: field none left '' heads '' value '' (boxes: ) | TallyPrime MANAGE Recyc EDU K: Company Stock Item Alteration Y: Data Z: Exchange • Not Applicable O: Import E: Export M: Share FinCom p: print x Name (alias) Firefo Units Googl Chro Micros 46 IypÅ Unity Q: Quit MA Item 1 Fl: Help F2: period F3: Company GST applicability HSWSAC & Related Details HSN/SAC Details Source of details HSN/SAC Description GST Rate & Related Details GST Rate Details Source of details Taxability Type GST Rate Type of Supply Rate of Duty (eg 5) • Applicable As per Company/Stock Group Not Available As per Company/Stock Group Not Available Goods Accept Q Yes or No FIO : Other Masters Quantity Value 161 nt to •elati c2524 9b89b -c082 Hub" , " : "6b 9b89b -c082 tion_ 24978 isten corre 2fcfc nning ' , "sou Oad7- age" , " : "6b Opening Balance IA _ : Accept Q Search Rate per p: Delete l: More Details B: Get HSN - ISAC Info F 12: Configure Windows Server 2025 Datacenter Build 26100.ge_release240331-1435 8:53 PM 10/8/2026
[mh] S2 a question is up: stop
[shot] mh-0051-S2-before-save (1024x768)
[mh] mh-0051-S2-before-save: field none left '' heads '' value '' (boxes: ) | TallyPrime MANAGE Recyc EDU K: Company Stock Item Alteration Y: Data Z: Exchange • Not Applicable O: Import E: Export M: Share FinCom p: print x Name (alias) Firefo Units Googl Chro Micros 46 IypÅ Unity Q: Quit MA Item 1 Fl: Help F2: period F3: Company GST applicability HSWSAC & Related Details HSN/SAC Details Source of details HSN/SAC Description GST Rate & Related Details GST Rate Details Source of details Taxability Type GST Rate Type of Supply Rate of Duty (eg 5) • Applicable As per Company/Stock Group Not Available As per Company/Stock Group Not Available Goods Accept Q Yes or No FIO : Other Masters Quantity Value 161 nt to •elati c2524 9b89b -c082 Hub" , " : "6b 9b89b -c082 tion_ 24978 isten corre 2fcfc nning ' , "sou Oad7- age" , " : "6b Opening Balance IA _ : Accept Q Search Rate per p: Delete l: More Details B: Get HSN - ISAC Info F 12: Configure Windows Server 2025 Datacenter Build 26100.ge_release240331-1435 8:53 PM 10/8/2026
[keys] '' -> Tally 'TallyPrime:9000'
[shot] mh-0052-S2-saved1 (1024x768)
[mh] mh-0052-S2-saved1: field 341,142,245x16 left '' heads 'Master Alteration / FinCom • ke Co / Z: Exchange' value '' (boxes: 341,142,245x16[|Master Alteration/FinCom • ke Co/Z: Exchange]) | Recyc TallyPrime MANAGE EDU K: Company Y: Data Z: Exchange FinCom • ke Co Master Alteration List of Stock Items MA Item 1 O: Import Create Back E: Export M: Share p: print Firefo Googl Chron Micros lyp Unity Quit x Fl: Help nt to •elati c2524 9b89b -c082 Hub" , " : "6b 9b89b -c082 : '2.3 tion_ 24978 isten corre 2fcfc nning ' , "sou Oad7- age" , " : "6b Q Search Windows Server 2025 Datacenter Build 26100.ge_release240331-1435 8:53 PM 10/8/2026
[shot] tds-052-mgw0 (1024x768)
[20:53:44] [tds] screen tds-052-mgw0 : Recyc TallyPrime MANAGE EDU K: Company Y: Data Z: Exchange FinCom • ke Co Master Alteration List of Stock Items MA Item 1 O: Import Create Back E: Export M: Share p: print Firefo Googl Chron Micros lyp Unity Quit x Fl: Help nt to •elati c2524 9b89b -c082 Hub" , " : "6b 9b89b -c082 : '2.3 tion_ 24978 isten corre 2fcfc nning ' , "sou Oad7- age" , " : "6b Q Search Windows Server 2025 Datacenter Build 26100.ge_release240331-1435 8:53 PM 10/8/2026
[keys] '{ESC}' -> Tally 'TallyPrime:9000'
[shot] tds-053-mgw1 (1024x768)
[20:53:47] [tds] screen tds-053-mgw1 : TallyPrime MANAGE Recyc EDU Firefo Googl Chron Micros Unity Quit K: Company Y: Data Z: Exchange FinCom • ke Co Master Alteration List of Masters Accounting Masters Group Ledger Cost Centre Currency Voucher Type Inventory Masters Stock Group Stock Category Stock Item Unit Location Payroll Masters Employee Group Employee Units (Work) Attendance/Production Type Pay Heads Payroll Voucher Type Statutory Masters GST Registration GST Classification Statutory Details Company GST Details O: Import Change Company Expand All Show More E: Export M: Share Q Search 161 p: print Fl: Help x nt to •elati c2524...
[keys] '{ESC}' -> Tally 'TallyPrime:9000'
[shot] tds-054-mgw2 (1024x768)
[20:53:49] [tds] screen tds-054-mgw2 : TallyPrime MANAGE Recyc EDU K: Company Gatewa of Tall Y: Data Z: Exchange CURRENT OATE Wednesday, I-Apr-2026 O: Import E: Export M: Share p: print Fl: Help Date Company Firefo Googl Chro Micros 46 IypÅ Unity CURRENT PERIOD I-Apr-26 to 31-Mar-27 NAME OF COMPANY FinCom Spike Co Gateway of Tally MASTERS Create Alter CHart of Accounts TRANSACTIONS Vouchers Day 800K UTILITIES BaNking REPORTS Balance Sheet Profit & Loss A/c Stock Summary Ratio Analysis Display More Reports DashbOard Quit 161 nt to •elati c2524 9b89b -c082 Hub" , " : "6b 9b89b -c082 tion_ 24978 isten corre 2fcfc nning ' , "sou Oad7- ...
  INFO mh A S2-alter-alias: stored as typed False (missing: NAME=MA\ I1X); error ''; Ctrl+A 1659.2 ms; add-on lines: stockitem_accept_pre(MA Item 1) stockitem_accept_post(MA Item 1)
[20:53:51] ---- mh A S3-rename (Stock Item 'MA Item 1R')
[shot] tds-055-mgw0 (1024x768)
[20:53:51] [tds] screen tds-055-mgw0 : TallyPrime MANAGE Recyc EDU K: Company Gatewa of Tall Y: Data Z: Exchange CURRENT OATE Wednesday, I-Apr-2026 O: Import E: Export M: Share p: print Fl: Help Date Company Firefo Googl Chro Micros 46 IypÅ Unity CURRENT PERIOD I-Apr-26 to 31-Mar-27 NAME OF COMPANY FinCom Spike Co Gateway of Tally MASTERS Create Alter CHart of Accounts TRANSACTIONS Vouchers Day 800K UTILITIES BaNking REPORTS Balance Sheet Profit & Loss A/c Stock Summary Ratio Analysis Display More Reports DashbOard Quit 161 nt to •elati c2524 9b89b -c082 Hub" , " : "6b 9b89b -c082 tion_ 24978 isten corre 2fcfc nning ' , "sou Oad7- ...
[keys] 'a' -> Tally 'TallyPrime:9000'
[keys] '{BACKSPACE}{BACKSPACE}{BACKSPACE}{BACKSPACE}{BACKSPACE}{BACKSPACE}{BACKSPACE}{BACKSPACE}{BACKSPACE}{BACKSPACE}{BACKSPACE}{BACKSPACE}{BACKSPACE}{BACKSPACE}{BACKSPACE}{BACKSPACE}{BACKSPACE}{BACKSPACE}{BACKSPACE}{BACKSPACE}' -> Tally 'TallyPrime:9000'
[keys] 'Stock Item' -> Tally 'TallyPrime:9000'
[keys] '{ENTER}' -> Tally 'TallyPrime:9000'
[keys] 'MA Item 1' -> Tally 'TallyPrime:9000'
[keys] '{ENTER}' -> Tally 'TallyPrime:9000'
[shot] mh-0053-S3-form (1024x768)
[mh] mh-0053-S3-form: field 137,116,241x15 left 'Name' heads 'Stock Item Alteration / K: Company / Y: Data' value 'MA Item 1' (boxes: 137,116,241x15[Name|Stock Item Alteration/K: Company/Y: Data]) | TallyPrime MANAGE Recyc EDU K: Company Stock Item Alteration Y: Data Z: Exchange primary Not Applicable O: Import E: Export M: Share p: print x Name (alias) Firefo Under Googl Units Chro Micros 46 IypÅ Unity Quit MA Item 1 FinCom • ke Co Statutory Details GST applicability HSWSAC & Related Details HSN/SAC Details Source of details HSN/SAC Description GST Rate & Related Details GST Rate Details Source of details Taxability Type GST Rate Type of Supply Fl: Help F2: period Company • Applicable As per Company/Stock Group Not Available As per Company/Stock Group Not Available Goods 1 FIO: Other Masters Quantity 161 nt to •elati c2524 9b89b -c082 Hub" , " : "6b 9b89b -c082 tion_ 24978 isten corre 2fcfc nning ' , "sou Oad7- age" , " : "6b Opening Balance Accept Q Search Rate per Ip: Delete Value More Details B Get HSN 'SAC Info Configure Windows Server 2025 Datacenter Build 26100.ge_release240331-1435 8:54 PM 10/8/2026
[shot] mh-0054-S3-w1 (1024x768)
[mh] mh-0054-S3-w1: field 137,116,241x15 left 'Name' heads 'Stock Item Alteration / K: Company / Y: Data' value 'Item 1' (boxes: 137,116,241x15[Name|Stock Item Alteration/K: Company/Y: Data]) | TallyPrime MANAGE Recyc EDU K: Company Stock Item Alteration Y: Data Z: Exchange primary Not Applicable O: Import E: Export M: Share p: print x Name (alias) Firefo Under Googl Units Chro Micros 46 IypÅ Unity Quit Item 1 FinCom • ke Co Statutory Details GST applicability HSWSAC & Related Details HSN/SAC Details Source of details HSN/SAC Description GST Rate & Related Details GST Rate Details Source of details Taxability Type GST Rate Type of Supply Fl: Help F2: period Company • Applicable As per Company/Stock Group Not Available As per Company/Stock Group Not Available Goods 1 FIO: Other Masters Quantity 161 nt to •elati c2524 9b89b -c082 Hub" , " : "6b 9b89b -c082 tion_ 24978 isten corre 2fcfc nning ' , "sou Oad7- age" , " : "6b Opening Balance Accept Q Search Rate per Ip: Delete Value More Details B Get HSN 'SAC Info Configure Windows Server 2025 Datacenter Build 26100.ge_release240331-1435 8:54 PM 10/8/2026
[mh] S3 rule 0 ((^|\W)Name$) on 'Name|Stock Item Alteration': keys 'MA Item 1R{ENTER}'
[keys] 'MA Item 1R' -> Tally 'TallyPrime:9000'
[keys] '{ENTER}' -> Tally 'TallyPrime:9000'
[shot] mh-0055-S3-before-save (1024x768)
[mh] mh-0055-S3-before-save: field 137,133,241x15 left '' heads 'Stock Item Alteration / K: Company Y: Data / Z: Exchange' value '' (boxes: 137,133,241x15[|Stock Item Alteration/K: Company Y: Data/Z: Exchange]) | TallyPrime MANAGE Recyc EDU K: Company Y: Data Stock Item Alteration Z: Exchange primary Not Applicable O: Import E: Export M: Share p: print x FinCom • ke Co Statutory Details GST applicability HSWSAC & Related Details HSN/SAC Details Source of details HSN/SAC Description GST Rate & Related Details GST Rate Details Source of details Taxability Type GST Rate Type of Supply Fl: Help F2: period Company Firefo Under Googl Units Chro Micros 46 IypÅ Unity Quit • Applicable As per Company/Stock Group Not Available As per Company/Stock Group Not Available Goods 1 FIO: Other Masters Quantity 161 nt to •elati c2524 9b89b -c082 Hub" , " : "6b 9b89b -c082 tion_ 24978 isten corre 2fcfc nning ' , "sou Oad7- age" , " : "6b Opening Balance Accept Q Search Rate per Ip: Delete Value More Details B Get HSN 'SAC Info Configure Windows Server 2025 Datacenter Build 26100.ge_release240331-1435 8:54 PM 10/8/2026
[keys] '' -> Tally 'TallyPrime:9000'
[shot] mh-0056-S3-saved1 (1024x768)
[mh] mh-0056-S3-saved1: field 341,142,245x16 left '' heads 'Master Alteration / FinCom • ke Co / Z: Exchange' value '' (boxes: 341,142,245x16[|Master Alteration/FinCom • ke Co/Z: Exchange]) | Recyc TallyPrime MANAGE EDU K: Company Y: Data Z: Exchange FinCom • ke Co Master Alteration List of Stock Items MA Item IR O: Import Create Back E: Export M: Share p: print Firefo Googl Chron Micros lyp Unity Quit x Fl: Help nt to •elati c2524 9b89b -c082 Hub" , " : "6b 9b89b -c082 : '2.3 tion_ 24978 isten corre 2fcfc nning ' , "sou Oad7- age" , " : "6b Q Search Windows Server 2025 Datacenter Build 26100.ge_release240331-1435 8:54 PM 10/8/2026
[shot] tds-056-mgw0 (1024x768)
[20:54:19] [tds] screen tds-056-mgw0 : Recyc TallyPrime MANAGE EDU K: Company Y: Data Z: Exchange FinCom • ke Co Master Alteration List of Stock Items MA Item IR O: Import Create Back E: Export M: Share p: print Firefo Googl Chron Micros lyp Unity Quit x Fl: Help nt to •elati c2524 9b89b -c082 Hub" , " : "6b 9b89b -c082 : '2.3 tion_ 24978 isten corre 2fcfc nning ' , "sou Oad7- age" , " : "6b Q Search Windows Server 2025 Datacenter Build 26100.ge_release240331-1435 8:54 PM 10/8/2026
[keys] '{ESC}' -> Tally 'TallyPrime:9000'
[shot] tds-057-mgw1 (1024x768)
[20:54:22] [tds] screen tds-057-mgw1 : TallyPrime MANAGE Recyc EDU Firefo Googl Chron Micros Unity Quit K: Company Y: Data Z: Exchange FinCom • ke Co Master Alteration List of Masters Accounting Masters Group Ledger Cost Centre Currency Voucher Type Inventory Masters Stock Group Stock Category Stock Item Unit Location Payroll Masters Employee Group Employee Units (Work) Attendance/Production Type Pay Heads Payroll Voucher Type Statutory Masters GST Registration GST Classification Statutory Details Company GST Details O: Import Change Company Expand All Show More E: Export M: Share Q Search 161 p: print Fl: Help x nt to •elati c2524...
[keys] '{ESC}' -> Tally 'TallyPrime:9000'
[shot] tds-058-mgw2 (1024x768)
[20:54:24] [tds] screen tds-058-mgw2 : TallyPrime MANAGE Recyc EDU K: Company Gatewa of Tall Y: Data Z: Exchange CURRENT OATE Wednesday, I-Apr-2026 O: Import E: Export M: Share p: print Fl: Help Date Company Firefo Googl Chro Micros 46 IypÅ Unity CURRENT PERIOD I-Apr-26 to 31-Mar-27 NAME OF COMPANY FinCom Spike Co Gateway of Tally MASTERS Create Alter CHart of Accounts TRANSACTIONS Vouchers Day 800K UTILITIES BaNking REPORTS Balance Sheet Profit & Loss A/c Stock Summary Ratio Analysis Display More Reports DashbOard Quit 161 nt to •elati c2524 9b89b -c082 Hub" , " : "6b 9b89b -c082 tion_ 24978 isten corre 2fcfc nning ' , "sou Oad7- ...
  INFO mh A S3-rename: stored as typed True; error ''; Ctrl+A 3237.8 ms; add-on lines: stockitem_accept_pre(MA Item 1R) stockitem_accept_post(MA Item 1R)
[20:54:25] ---- mh A S4-gst-hsn (Stock Item 'MA Item 1R')
[shot] tds-059-mgw0 (1024x768)
[20:54:26] [tds] screen tds-059-mgw0 : TallyPrime MANAGE Recyc EDU K: Company Gatewa of Tall Y: Data Z: Exchange CURRENT OATE Wednesday, I-Apr-2026 O: Import E: Export M: Share p: print Fl: Help Date Company Firefo Googl Chro Micros 46 IypÅ Unity CURRENT PERIOD I-Apr-26 to 31-Mar-27 NAME OF COMPANY FinCom Spike Co Gateway of Tally MASTERS Create Alter CHart of Accounts TRANSACTIONS Vouchers Day 800K UTILITIES BaNking REPORTS Balance Sheet Profit & Loss A/c Stock Summary Ratio Analysis Display More Reports DashbOard Quit 161 nt to •elati c2524 9b89b -c082 Hub" , " : "6b 9b89b -c082 tion_ 24978 isten corre 2fcfc nning ' , "sou Oad7- ...
[keys] 'a' -> Tally 'TallyPrime:9000'
[keys] '{BACKSPACE}{BACKSPACE}{BACKSPACE}{BACKSPACE}{BACKSPACE}{BACKSPACE}{BACKSPACE}{BACKSPACE}{BACKSPACE}{BACKSPACE}{BACKSPACE}{BACKSPACE}{BACKSPACE}{BACKSPACE}{BACKSPACE}{BACKSPACE}{BACKSPACE}{BACKSPACE}{BACKSPACE}{BACKSPACE}' -> Tally 'TallyPrime:9000'
[keys] 'Stock Item' -> Tally 'TallyPrime:9000'
[keys] '{ENTER}' -> Tally 'TallyPrime:9000'
[keys] 'MA Item 1R' -> Tally 'TallyPrime:9000'
[keys] '{ENTER}' -> Tally 'TallyPrime:9000'
[shot] mh-0057-S4-form (1024x768)
[mh] mh-0057-S4-form: field 137,116,241x15 left 'Name' heads 'Stock Item Alteration / K: Company Y: Data / Z: Exchange' value 'MA Item IR' (boxes: 137,116,241x15[Name|Stock Item Alteration/K: Company Y: Data/Z: Exchange]) | TallyPrime MANAGE Recyc EDU K: Company Y: Data Stock Item Alteration Z: Exchange primary Not Applicable O: Import E: Export M: Share p: print x Name (alias) Firefo Under Googl Units Chro Micros 46 IypÅ Unity Quit MA Item IR FinCom • ke Co Statutory Details GST applicability HSWSAC & Related Details HSN/SAC Details Source of details HSN/SAC Description GST Rate & Related Details GST Rate Details Source of details Taxability Type GST Rate Type of Supply Fl: Help F2: period Company • Applicable As per Company/Stock Group Not Available As per Company/Stock Group Not Available Goods 1 FIO: Other Masters Quantity 161 nt to •elati c2524 9b89b -c082 Hub" , " : "6b 9b89b -c082 tion_ 24978 isten corre 2fcfc nning ' , "sou Oad7- age" , " : "6b Opening Balance Accept Q Search Rate per Ip: Delete Value More Details B Get HSN 'SAC Info Configure Windows Server 2025 Datacenter Build 26100.ge_release240331-1435 8:54 PM 10/8/2026
[shot] mh-0058-S4-w1 (1024x768)
[mh] mh-0058-S4-w1: field 137,116,241x15 left 'Name' heads 'Stock Item Alteration / K: Company Y: Data / Z: Exchange' value 'Item IR' (boxes: 137,116,241x15[Name|Stock Item Alteration/K: Company Y: Data/Z: Exchange]) | TallyPrime MANAGE Recyc EDU K: Company Y: Data Stock Item Alteration Z: Exchange primary Not Applicable O: Import E: Export M: Share p: print x Name (alias) Firefo Under Googl Units Chro Micros 46 IypÅ Unity Quit Item IR FinCom • ke Co Statutory Details GST applicability HSWSAC & Related Details HSN/SAC Details Source of details HSN/SAC Description GST Rate & Related Details GST Rate Details Source of details Taxability Type GST Rate Type of Supply Fl: Help F2: period Company • Applicable As per Company/Stock Group Not Available As per Company/Stock Group Not Available Goods 1 FIO: Other Masters Quantity 161 nt to •elati c2524 9b89b -c082 Hub" , " : "6b 9b89b -c082 tion_ 24978 isten corre 2fcfc nning ' , "sou Oad7- age" , " : "6b Opening Balance Accept Q Search Rate per Ip: Delete Value More Details B Get HSN 'SAC Info Configure Windows Server 2025 Datacenter Build 26100.ge_release240331-1435 8:54 PM 10/8/2026
[keys] '{ENTER}' -> Tally 'TallyPrime:9000'
[shot] mh-0059-S4-w2 (1024x768)
[mh] mh-0059-S4-w2: field 137,133,241x15 left '' heads 'Stock Item Alteration / K: Company Y: Data / Z: Exchange' value '' (boxes: 137,133,241x15[|Stock Item Alteration/K: Company Y: Data/Z: Exchange]) | TallyPrime MANAGE Recyc EDU K: Company Y: Data Stock Item Alteration Z: Exchange primary Not Applicable O: Import E: Export M: Share p: print x FinCom • ke Co Statutory Details GST applicability HSWSAC & Related Details HSN/SAC Details Source of details HSN/SAC Description GST Rate & Related Details GST Rate Details Source of details Taxability Type GST Rate Type of Supply Fl: Help F2: period Company Firefo Under Googl Units Chro Micros 46 IypÅ Unity Quit • Applicable As per Company/Stock Group Not Available As per Company/Stock Group Not Available Goods 1 FIO: Other Masters Quantity 161 nt to •elati c2524 9b89b -c082 Hub" , " : "6b 9b89b -c082 tion_ 24978 isten corre 2fcfc nning ' , "sou Oad7- age" , " : "6b Opening Balance Accept Q Search Rate per Ip: Delete Value More Details B Get HSN 'SAC Info Configure Windows Server 2025 Datacenter Build 26100.ge_release240331-1435 8:54 PM 10/8/2026
[keys] '{ENTER}' -> Tally 'TallyPrime:9000'
[shot] mh-0060-S4-w3 (1024x768)
[mh] mh-0060-S4-w3: field 280,242,186x15 left 'Under' heads 'FinCom • ke Co / Z: Exchange' value 'Primary' (boxes: 280,242,186x15[Under|FinCom • ke Co/Z: Exchange]) | TallyPrime MANAGE Recyc EDU K: Company Y: Data Stock Item Alteration Z: Exchange Primary Not Applicable FinCom • ke Co Statutory Detail GST applicability HSWSAC & Rel HSN/SAC Detail Source of detail HSN/SAC Description GST Rate & Re GST Rate Detail Source of detail Taxability Type GST Rate Type of Supply O: Import List of Grou s • Primary E: Export M: Share Name (alias) Firefo Under Googl Units Chro Micros 46 IypÅ Unity Quit MA Item IR p: print x Create Fl: Help F2: period Company FIO: Other Masters Quantity 161 nt to •elati c2524 9b89b -c082 Hub" , " : "6b 9b89b -c082 tion_ 24978 isten corre 2fcfc nning ' , "sou Oad7- age" , " : "6b Opening Balance Accept Q Search Rate per Ip: Delete More Details B Get HSN 'SAC Info Configure Windows Server 2025 Datacenter Build 26100.ge_release240331-1435 8:54 PM 10/8/2026
[keys] '{ENTER}' -> Tally 'TallyPrime:9000'
[shot] mh-0061-S4-w4 (1024x768)
[mh] mh-0061-S4-w4: field none left '' heads '' value '' (boxes: ) | TallyPrime MANAGE Recyc EDU K: Company Y: Data Stock Item Alteration Z: Exchange primary FinCom • ke Co Units Not Applicable Days Kgs Nos Description O: Import Create ils E: Export M: Share p: print x Name (alias) Firefo Under Googl Units Chro Micros 46 IypÅ Unity Quit MA Item IR Fl: Help F2: period Company • Applicable As per Company/Stock Group Not Available As per Company/Stock Group Not Available Goods 1 FIO: Other Masters GST Rate & Related Details GST Rate Details Source of details Taxability Type GST Rate Type of Supply Quantity 161 nt to •elati c2524 9b89b -c082 Hub" , " : "6b 9b89b -c082 tion_ 24978 isten corre 2fcfc nning ' , "sou Oad7- age" , " : "6b Opening Balance Accept Q Search Rate per Ip: Delete Value More Details B Get HSN 'SAC Info Configure Windows Server 2025 Datacenter Build 26100.ge_release240331-1435 8:54 PM 10/8/2026
[keys] '{ENTER}' -> Tally 'TallyPrime:9000'
[shot] mh-0062-S4-w5 (1024x768)
[mh] mh-0062-S4-w5: field 677,266,186x15 left 'GST applicability' heads 'E: Export / M: Share / p: print' value '' (boxes: 677,266,186x15[GST applicability|E: Export/M: Share/p: print]) | TallyPrime MANAGE Recyc EDU K: Company Y: Data Stock Item Alteration Z: Exchange primary Not Applicable O: Import E: Export M: Share p: print x Name (alias) Firefo Under Googl Units Chro Micros 46 IypÅ Unity Quit MA Item IR FinCom • ke Co Statutory Details GST applicability HSWSAC & Related Details HSN/SAC Details Source of details HSN/SAC Description GST Rate & Related Details GST Rate Details Source of details Taxability Type GST Rate Type of Supply Fl: Help F2: period Company As per Company/Stock Group Not Available As per Company/Stock Group Not Available Goods 1 FIO: Other Masters Quantity 161 nt to •elati c2524 9b89b -c082 Hub" , " : "6b 9b89b -c082 tion_ 24978 isten corre 2fcfc nning ' , "sou Oad7- age" , " : "6b Opening Balance Accept Q Search Rate per Ip: Delete Value More Details B Get HSN 'SAC Info Configure Windows Server 2025 Datacenter Build 26100.ge_release240331-1435 8:54 PM 10/8/2026
[keys] '{ENTER}' -> Tally 'TallyPrime:9000'
[shot] mh-0063-S4-w6 (1024x768)
[mh] mh-0063-S4-w6: field none left '' heads '' value '' (boxes: ) | TallyPrime MANAGE Recyc EDU K: Company Y: Data Stock Item Alteration Z: Exchange primary Not Applicable O: Import E: Export M: Share p: print x Name (alias) Firefo Under Googl Units Chro Micros 46 IypÅ Unity Quit MA Item IR FinCom • ke Co Statutory Details GST applicability HSWSAC & Related Details HSN/SAC Details Source of details HSN/SAC Description GST Rate & Related Detail GST Rate Details Source of details Taxability Type GST Rate Type of Supply Fl: Help F2: period Company • Applicable • as per Company/Stock Group List of Actions Show More As per Company/Stock Group Specify Details Here Use GST Classification Goods 1 FIO: Other Masters Quantity 161 nt to •elati c2524 9b89b -c082 Hub" , " : "6b 9b89b -c082 tion_ 24978 isten corre 2fcfc nning ' , "sou Oad7- age" , " : "6b Opening Balance Accept Q Search Rate per Ip: Delete Value More Details B Get HSN 'SAC Info Configure Windows Server 2025 Datacenter Build 26100.ge_release240331-1435 8:54 PM 10/8/2026
[keys] '{ENTER}' -> Tally 'TallyPrime:9000'
[shot] mh-0064-S4-w7 (1024x768)
[mh] mh-0064-S4-w7: field none left '' heads '' value '' (boxes: ) | TallyPrime MANAGE Recyc EDU K: Company Y: Data Stock Item Alteration Z: Exchange primary Not Applicable O: Import E: Export M: Share p: print x Name (alias) Firefo Under Googl Units Chro Micros 46 IypÅ Unity Quit MA Item IR FinCom • ke Co Statutory Details GST applicability HSWSAC & Related Details HSN/SAC Details Source of details HSN/SAC Description GST Rate & Related Details GST Rate Details Source of details Taxability Type GST Rate Type of Supply Fl: Help F2: period Company • Applicable As per Company/Stock Group Not Available as per Company/Stock Group List of Actions Show More As per Company/Stock Group Specify Details Here Use GST Classification FIO: Other Masters Quantity 161 nt to •elati c2524 9b89b -c082 Hub" , " : "6b 9b89b -c082 tion_ 24978 isten corre 2fcfc nning ' , "sou Oad7- age" , " : "6b Opening Balance Accept Q Search Rate per Ip: Delete Value More Details B Get HSN 'SAC Info Configure Windows Server 2025 Datacenter Build 26100.ge_release240331-1435 8:54 PM 10/8/2026
[keys] '{ENTER}' -> Tally 'TallyPrime:9000'
[shot] mh-0065-S4-w8 (1024x768)
[mh] mh-0065-S4-w8: field 677,472,186x16 left 'Type of Supply' heads 'Serices / Goods / Not' value 'S' (boxes: 677,472,186x16[Type of Supply|Serices/Goods/Not]) | TallyPrime MANAGE Recyc EDU K: Company Y: Data Stock Item Alteration Z: Exchange primary Not Applicable O: Import E: Export M: Share p: print x Name (alias) Firefo Under Googl Units Chro Micros 46 IypÅ Unity Quit MA Item IR FinCom • ke Co Statutory Details GST applicability HSWSAC & Related Details HSN/SAC Details Source of details HSN/SAC Description GST Rate & Related Details GST Rate Details Source of details Taxability Type GST Rate Type of Supply Fl: Help F2: period Company • Applicable As per Company/Stock Group Not Available T sof su As Capital Goods Not Goods Serices S FIO: Other Masters up 1 Quantity 161 nt to •elati c2524 9b89b -c082 Hub" , " : "6b 9b89b -c082 tion_ 24978 isten corre 2fcfc nning ' , "sou Oad7- age" , " : "6b Opening Balance Accept Q Search Rate per Ip: Delete Value More Details B Get HSN 'SAC Info Configure Windows Server 2025 Datacenter Build 26100.ge_release240331-1435 8:54 PM 10/8/2026
[keys] '{ENTER}' -> Tally 'TallyPrime:9000'
[shot] mh-0066-S4-w9 (1024x768)
[mh] mh-0066-S4-w9: field 677,487,68x16 left 'Rate of Duty (eg 5)' heads 'Goods / Not Available / As per Company/Stock Group' value '' (boxes: 677,487,68x16[Rate of Duty (eg 5)|Goods/Not Available/As per Company/Stock Group]) | TallyPrime MANAGE Recyc EDU K: Company Y: Data Stock Item Alteration Z: Exchange • Not Applicable O: Import E: Export M: Share p: print x Name (alias) Firefo Units Googl Chro Micros 46 IypÅ Unity Quit MA Item IR FinCom • ke Co GST applicability HSWSAC & Related Details HSN/SAC Details Source of details HSN/SAC Description GST Rate & Related Details GST Rate Details Source of details Taxability Type GST Rate Type of Supply Rate of Duty (eg 5) Fl: Help F2: period Company • Applicable As per Company/Stock Group Not Available As per Company/Stock Group Not Available Goods FIO: Other Masters Quantity 161 nt to •elati c2524 9b89b -c082 Hub" , " : "6b 9b89b -c082 tion_ 24978 isten corre 2fcfc nning ' , "sou Oad7- age" , " : "6b Opening Balance Accept Q Search Rate per Ip: Delete Value More Details B Get HSN 'SAC Info Configure Windows Server 2025 Datacenter Build 26100.ge_release240331-1435 8:55 PM 10/8/2026
[keys] '{ENTER}' -> Tally 'TallyPrime:9000'
[shot] mh-0067-S4-w10 (1024x768)
[mh] mh-0067-S4-w10: field 579,553,99x15 left 'Opening Balance' heads 'Value / Rate of Duty (eg 5) / GST Rate Details' value '' (boxes: 579,553,99x15[Opening Balance|Value/Rate of Duty (eg 5)/GST Rate Details]) | TallyPrime MANAGE Recyc EDU K: Company Y: Data Stock Item Alteration Z: Exchange • Not Applicable O: Import E: Export M: Share p: print x Name (alias) Firefo Units Googl Chro Micros 46 IypÅ Unity Quit MA Item IR FinCom • ke Co GST applicability HSWSAC & Related Details HSN/SAC Details Source of details HSN/SAC Description GST Rate & Related Details GST Rate Details Source of details Taxability Type GST Rate Type of Supply Rate of Duty (eg 5) Fl: Help F2: period Company • Applicable As per Company/Stock Group Not Available As per Company/Stock Group Not Available Goods FIO: Other Masters Quantity 161 nt to •elati c2524 9b89b -c082 Hub" , " : "6b 9b89b -c082 tion_ 24978 isten corre 2fcfc nning ' , "sou Oad7- age" , " : "6b Opening Balance Accept Q Search Rate per Ip: Delete Value More Details B Get HSN 'SAC Info Configure Windows Server 2025 Datacenter Build 26100.ge_release240331-1435 8:55 PM 10/8/2026
[keys] '{ENTER}' -> Tally 'TallyPrime:9000'
[shot] mh-0068-S4-w11 (1024x768)
[mh] mh-0068-S4-w11: field none left '' heads '' value '' (boxes: ) | TallyPrime MANAGE Recyc EDU K: Company Y: Data Stock Item Alteration Z: Exchange • Not Applicable O: Import E: Export M: Share FinCom p: print x Name (alias) Firefo Units Googl Chro Micros 46 IypÅ Unity Q: Quit MA Item IR Fl: Help F2: period F3: Company GST applicability HSWSAC & Related Details HSN/SAC Details Source of details HSN/SAC Description GST Rate & Related Details GST Rate Details Source of details Taxability Type GST Rate Type of Supply Rate of Duty (eg 5) • Applicable As per Company/Stock Group Not Available As per Company/Stock Group Not Available Goods Accept Q Yes or No FIO : Other Masters Quantity Value 161 nt to •elati c2524 9b89b -c082 Hub" , " : "6b 9b89b -c082 tion_ 24978 isten corre 2fcfc nning ' , "sou Oad7- age" , " : "6b Opening Balance IA _ : Accept Q Search Rate per p: Delete l: More Details B: Get HSN - ISAC Info F 12: Configure Windows Server 2025 Datacenter Build 26100.ge_release240331-1435 8:55 PM 10/8/2026
[mh] S4 a question is up: stop
[shot] mh-0069-S4-before-save (1024x768)
[mh] mh-0069-S4-before-save: field none left '' heads '' value '' (boxes: ) | TallyPrime MANAGE Recyc EDU K: Company Y: Data Stock Item Alteration Z: Exchange • Not Applicable O: Import E: Export M: Share FinCom p: print x Name (alias) Firefo Units Googl Chro Micros 46 IypÅ Unity Q: Quit MA Item IR Fl: Help F2: period F3: Company GST applicability HSWSAC & Related Details HSN/SAC Details Source of details HSN/SAC Description GST Rate & Related Details GST Rate Details Source of details Taxability Type GST Rate Type of Supply Rate of Duty (eg 5) • Applicable As per Company/Stock Group Not Available As per Company/Stock Group Not Available Goods Accept Q Yes or No FIO : Other Masters Quantity Value 161 nt to •elati c2524 9b89b -c082 Hub" , " : "6b 9b89b -c082 tion_ 24978 isten corre 2fcfc nning ' , "sou Oad7- age" , " : "6b Opening Balance IA _ : Accept Q Search Rate per p: Delete l: More Details B: Get HSN - ISAC Info F 12: Configure Windows Server 2025 Datacenter Build 26100.ge_release240331-1435 8:55 PM 10/8/2026
[keys] '' -> Tally 'TallyPrime:9000'
[shot] mh-0070-S4-saved1 (1024x768)
[mh] mh-0070-S4-saved1: field 341,142,245x16 left '' heads 'Master Alteration / FinCom • ke Co / Z: Exchange' value '' (boxes: 341,142,245x16[|Master Alteration/FinCom • ke Co/Z: Exchange]) | Recyc TallyPrime MANAGE EDU K: Company Y: Data Z: Exchange FinCom • ke Co Master Alteration List of Stock Items MA Item IR O: Import Create Back E: Export M: Share p: print Firefo Googl Chron Micros lyp Unity Quit x Fl: Help nt to •elati c2524 9b89b -c082 Hub" , " : "6b 9b89b -c082 : '2.3 tion_ 24978 isten corre 2fcfc nning ' , "sou Oad7- age" , " : "6b Q Search Windows Server 2025 Datacenter Build 26100.ge_release240331-1435 8:55 PM 10/8/2026
[shot] tds-060-mgw0 (1024x768)
[20:55:14] [tds] screen tds-060-mgw0 : Recyc TallyPrime MANAGE EDU K: Company Y: Data Z: Exchange FinCom • ke Co Master Alteration List of Stock Items MA Item IR O: Import Create Back E: Export M: Share p: print Firefo Googl Chron Micros lyp Unity Quit x Fl: Help nt to •elati c2524 9b89b -c082 Hub" , " : "6b 9b89b -c082 : '2.3 tion_ 24978 isten corre 2fcfc nning ' , "sou Oad7- age" , " : "6b Q Search Windows Server 2025 Datacenter Build 26100.ge_release240331-1435 8:55 PM 10/8/2026
[keys] '{ESC}' -> Tally 'TallyPrime:9000'
[shot] tds-061-mgw1 (1024x768)
[20:55:17] [tds] screen tds-061-mgw1 : TallyPrime MANAGE Recyc EDU Firefo Googl Chron Micros Unity Quit K: Company Y: Data Z: Exchange FinCom • ke Co Master Alteration List of Masters Accounting Masters Group Ledger Cost Centre Currency Voucher Type Inventory Masters Stock Group Stock Category Stock Item Unit Location Payroll Masters Employee Group Employee Units (Work) Attendance/Production Type Pay Heads Payroll Voucher Type Statutory Masters GST Registration GST Classification Statutory Details Company GST Details O: Import Change Company Expand All Show More E: Export M: Share Q Search 161 p: print Fl: Help x nt to •elati c2524...
[keys] '{ESC}' -> Tally 'TallyPrime:9000'
[shot] tds-062-mgw2 (1024x768)
[20:55:20] [tds] screen tds-062-mgw2 : TallyPrime MANAGE Recyc EDU K: Company Gatewa of Tall Y: Data Z: Exchange CURRENT OATE Wednesday, I-Apr-2026 O: Import E: Export M: Share p: print Fl: Help Date Company Firefo Googl Chro Micros 46 IypÅ Unity CURRENT PERIOD I-Apr-26 to 31-Mar-27 NAME OF COMPANY FinCom Spike Co Gateway of Tally MASTERS Create Alter CHart of Accounts TRANSACTIONS Vouchers Day 800K UTILITIES BaNking REPORTS Balance Sheet Profit & Loss A/c Stock Summary Ratio Analysis Display More Reports DashbOard Quit 161 nt to •elati c2524 9b89b -c082 Hub" , " : "6b 9b89b -c082 tion_ 24978 isten corre 2fcfc nning ' , "sou Oad7- ...
  INFO mh A S4-gst-hsn: stored as typed False (missing: [A-Z.]*HSN[A-Z.]*=84713010; [A-Z.]*RATE[A-Z.]*=18(\.0+)?( ?%)?); error ''; Ctrl+A 2134.6 ms; add-on lines: stockitem_accept_pre(MA Item 1R) stockitem_accept_post(MA Item 1R)
[20:55:21] ---- mh A S5-unit-change (Stock Item 'MA Item 1R')
[shot] tds-063-mgw0 (1024x768)
[20:55:21] [tds] screen tds-063-mgw0 : TallyPrime MANAGE Recyc EDU K: Company Gatewa of Tall Y: Data Z: Exchange CURRENT OATE Wednesday, I-Apr-2026 O: Import E: Export M: Share p: print Fl: Help Date Company Firefo Googl Chro Micros 46 IypÅ Unity CURRENT PERIOD I-Apr-26 to 31-Mar-27 NAME OF COMPANY FinCom Spike Co Gateway of Tally MASTERS Create Alter CHart of Accounts TRANSACTIONS Vouchers Day 800K UTILITIES BaNking REPORTS Balance Sheet Profit & Loss A/c Stock Summary Ratio Analysis Display More Reports DashbOard Quit 161 nt to •elati c2524 9b89b -c082 Hub" , " : "6b 9b89b -c082 tion_ 24978 isten corre 2fcfc nning ' , "sou Oad7- ...
[keys] 'a' -> Tally 'TallyPrime:9000'
[keys] '{BACKSPACE}{BACKSPACE}{BACKSPACE}{BACKSPACE}{BACKSPACE}{BACKSPACE}{BACKSPACE}{BACKSPACE}{BACKSPACE}{BACKSPACE}{BACKSPACE}{BACKSPACE}{BACKSPACE}{BACKSPACE}{BACKSPACE}{BACKSPACE}{BACKSPACE}{BACKSPACE}{BACKSPACE}{BACKSPACE}' -> Tally 'TallyPrime:9000'
[keys] 'Stock Item' -> Tally 'TallyPrime:9000'
[keys] '{ENTER}' -> Tally 'TallyPrime:9000'
[keys] 'MA Item 1R' -> Tally 'TallyPrime:9000'
[keys] '{ENTER}' -> Tally 'TallyPrime:9000'
[shot] mh-0071-S5-form (1024x768)
[mh] mh-0071-S5-form: field 137,116,241x15 left 'Name' heads 'Stock Item Alteration / K: Company Y: Data / Z: Exchange' value 'MA Item IR' (boxes: 137,116,241x15[Name|Stock Item Alteration/K: Company Y: Data/Z: Exchange]) | TallyPrime MANAGE Recyc EDU K: Company Y: Data Stock Item Alteration Z: Exchange primary Not Applicable O: Import E: Export M: Share p: print x Name (alias) Firefo Under Googl Units Chro Micros 46 IypÅ Unity Quit MA Item IR FinCom • ke Co Statutory Details GST applicability HSWSAC & Related Details HSN/SAC Details Source of details HSN/SAC Description GST Rate & Related Details GST Rate Details Source of details Taxability Type GST Rate Type of Supply Fl: Help F2: period Company • Applicable As per Company/Stock Group Not Available As per Company/Stock Group Not Available Goods 1 FIO: Other Masters Quantity 161 nt to •elati c2524 9b89b -c082 Hub" , " : "6b 9b89b -c082 tion_ 24978 isten corre 2fcfc nning ' , "sou Oad7- age" , " : "6b Opening Balance Accept Q Search Rate per Ip: Delete Value More Details B Get HSN 'SAC Info Configure Windows Server 2025 Datacenter Build 26100.ge_release240331-1435 8:55 PM 10/8/2026
[shot] mh-0072-S5-w1 (1024x768)
[mh] mh-0072-S5-w1: field 137,116,241x15 left 'Name' heads 'Stock Item Alteration / K: Company Y: Data / Z: Exchange' value 'Item IR' (boxes: 137,116,241x15[Name|Stock Item Alteration/K: Company Y: Data/Z: Exchange]) | TallyPrime MANAGE Recyc EDU K: Company Y: Data Stock Item Alteration Z: Exchange primary Not Applicable O: Import E: Export M: Share p: print x Name (alias) Firefo Under Googl Units Chro Micros 46 IypÅ Unity Quit Item IR FinCom • ke Co Statutory Details GST applicability HSWSAC & Related Details HSN/SAC Details Source of details HSN/SAC Description GST Rate & Related Details GST Rate Details Source of details Taxability Type GST Rate Type of Supply Fl: Help F2: period Company • Applicable As per Company/Stock Group Not Available As per Company/Stock Group Not Available Goods 1 FIO: Other Masters Quantity 161 nt to •elati c2524 9b89b -c082 Hub" , " : "6b 9b89b -c082 tion_ 24978 isten corre 2fcfc nning ' , "sou Oad7- age" , " : "6b Opening Balance Accept Q Search Rate per Ip: Delete Value More Details B Get HSN 'SAC Info Configure Windows Server 2025 Datacenter Build 26100.ge_release240331-1435 8:55 PM 10/8/2026
[keys] '{ENTER}' -> Tally 'TallyPrime:9000'
[shot] mh-0073-S5-w2 (1024x768)
[mh] mh-0073-S5-w2: field 137,133,241x15 left '' heads 'Stock Item Alteration / K: Company Y: Data / Z: Exchange' value '' (boxes: 137,133,241x15[|Stock Item Alteration/K: Company Y: Data/Z: Exchange]) | TallyPrime MANAGE Recyc EDU K: Company Y: Data Stock Item Alteration Z: Exchange primary Not Applicable O: Import E: Export M: Share p: print x FinCom • ke Co Statutory Details GST applicability HSWSAC & Related Details HSN/SAC Details Source of details HSN/SAC Description GST Rate & Related Details GST Rate Details Source of details Taxability Type GST Rate Type of Supply Fl: Help F2: period Company Firefo Under Googl Units Chro Micros 46 IypÅ Unity Quit • Applicable As per Company/Stock Group Not Available As per Company/Stock Group Not Available Goods 1 FIO: Other Masters Quantity 161 nt to •elati c2524 9b89b -c082 Hub" , " : "6b 9b89b -c082 tion_ 24978 isten corre 2fcfc nning ' , "sou Oad7- age" , " : "6b Opening Balance Accept Q Search Rate per Ip: Delete Value More Details B Get HSN 'SAC Info Configure Windows Server 2025 Datacenter Build 26100.ge_release240331-1435 8:55 PM 10/8/2026
[keys] '{ENTER}' -> Tally 'TallyPrime:9000'
[shot] mh-0074-S5-w3 (1024x768)
[mh] mh-0074-S5-w3: field 280,242,186x15 left 'Under' heads 'FinCom • ke Co / Z: Exchange' value 'Primary' (boxes: 280,242,186x15[Under|FinCom • ke Co/Z: Exchange]) | TallyPrime MANAGE Recyc EDU K: Company Y: Data Stock Item Alteration Z: Exchange Primary Not Applicable FinCom • ke Co Statutory Detail GST applicability HSWSAC & Rel HSN/SAC Detail Source of detail HSN/SAC Description GST Rate & Re GST Rate Detail Source of detail Taxability Type GST Rate Type of Supply O: Import List of Grou s • Primary E: Export M: Share Name (alias) Firefo Under Googl Units Chro Micros 46 IypÅ Unity Quit MA Item IR p: print x Create Fl: Help F2: period Company FIO: Other Masters Quantity 161 nt to •elati c2524 9b89b -c082 Hub" , " : "6b 9b89b -c082 tion_ 24978 isten corre 2fcfc nning ' , "sou Oad7- age" , " : "6b Opening Balance Accept Q Search Rate per Ip: Delete More Details B Get HSN 'SAC Info Configure Windows Server 2025 Datacenter Build 26100.ge_release240331-1435 8:55 PM 10/8/2026
[keys] '{ENTER}' -> Tally 'TallyPrime:9000'
[shot] mh-0075-S5-w4 (1024x768)
[mh] mh-0075-S5-w4: field none left '' heads '' value '' (boxes: ) | TallyPrime MANAGE Recyc EDU K: Company Y: Data Stock Item Alteration Z: Exchange primary FinCom • ke Co Units Not Applicable Days Kgs Nos Description O: Import Create ils E: Export M: Share p: print x Name (alias) Firefo Under Googl Units Chro Micros 46 IypÅ Unity Quit MA Item IR Fl: Help F2: period Company • Applicable As per Company/Stock Group Not Available As per Company/Stock Group Not Available Goods 1 FIO: Other Masters GST Rate & Related Details GST Rate Details Source of details Taxability Type GST Rate Type of Supply Quantity 161 nt to •elati c2524 9b89b -c082 Hub" , " : "6b 9b89b -c082 tion_ 24978 isten corre 2fcfc nning ' , "sou Oad7- age" , " : "6b Opening Balance Accept Q Search Rate per Ip: Delete Value More Details B Get HSN 'SAC Info Configure Windows Server 2025 Datacenter Build 26100.ge_release240331-1435 8:55 PM 10/8/2026
[keys] '{ENTER}' -> Tally 'TallyPrime:9000'
[shot] mh-0076-S5-w5 (1024x768)
[mh] mh-0076-S5-w5: field 677,266,186x15 left 'GST applicability' heads 'E: Export / M: Share / p: print' value '' (boxes: 677,266,186x15[GST applicability|E: Export/M: Share/p: print]) | TallyPrime MANAGE Recyc EDU K: Company Y: Data Stock Item Alteration Z: Exchange primary Not Applicable O: Import E: Export M: Share p: print x Name (alias) Firefo Under Googl Units Chro Micros 46 IypÅ Unity Quit MA Item IR FinCom • ke Co Statutory Details GST applicability HSWSAC & Related Details HSN/SAC Details Source of details HSN/SAC Description GST Rate & Related Details GST Rate Details Source of details Taxability Type GST Rate Type of Supply Fl: Help F2: period Company As per Company/Stock Group Not Available As per Company/Stock Group Not Available Goods 1 FIO: Other Masters Quantity 161 nt to •elati c2524 9b89b -c082 Hub" , " : "6b 9b89b -c082 tion_ 24978 isten corre 2fcfc nning ' , "sou Oad7- age" , " : "6b Opening Balance Accept Q Search Rate per Ip: Delete Value More Details B Get HSN 'SAC Info Configure Windows Server 2025 Datacenter Build 26100.ge_release240331-1435 8:55 PM 10/8/2026
[keys] '{ENTER}' -> Tally 'TallyPrime:9000'
[shot] mh-0077-S5-w6 (1024x768)
[mh] mh-0077-S5-w6: field none left '' heads '' value '' (boxes: ) | TallyPrime MANAGE Recyc EDU K: Company Y: Data Stock Item Alteration Z: Exchange primary Not Applicable O: Import E: Export M: Share p: print x Name (alias) Firefo Under Googl Units Chro Micros 46 IypÅ Unity Quit MA Item IR FinCom • ke Co Statutory Details GST applicability HSWSAC & Related Details HSN/SAC Details Source of details HSN/SAC Description GST Rate & Related Detail GST Rate Details Source of details Taxability Type GST Rate Type of Supply Fl: Help F2: period Company • Applicable • as per Company/Stock Group List of Actions Show More As per Company/Stock Group Specify Details Here Use GST Classification Goods 1 FIO: Other Masters Quantity 161 nt to •elati c2524 9b89b -c082 Hub" , " : "6b 9b89b -c082 tion_ 24978 isten corre 2fcfc nning ' , "sou Oad7- age" , " : "6b Opening Balance Accept Q Search Rate per Ip: Delete Value More Details B Get HSN 'SAC Info Configure Windows Server 2025 Datacenter Build 26100.ge_release240331-1435 8:55 PM 10/8/2026
[keys] '{ENTER}' -> Tally 'TallyPrime:9000'
[shot] mh-0078-S5-w7 (1024x768)
[mh] mh-0078-S5-w7: field none left '' heads '' value '' (boxes: ) | TallyPrime MANAGE Recyc EDU K: Company Y: Data Stock Item Alteration Z: Exchange primary Not Applicable O: Import E: Export M: Share p: print x Name (alias) Firefo Under Googl Units Chro Micros 46 IypÅ Unity Quit MA Item IR FinCom • ke Co Statutory Details GST applicability HSWSAC & Related Details HSN/SAC Details Source of details HSN/SAC Description GST Rate & Related Details GST Rate Details Source of details Taxability Type GST Rate Type of Supply Fl: Help F2: period Company • Applicable As per Company/Stock Group Not Available as per Company/Stock Group List of Actions Show More As per Company/Stock Group Specify Details Here Use GST Classification FIO: Other Masters Quantity 161 nt to •elati c2524 9b89b -c082 Hub" , " : "6b 9b89b -c082 tion_ 24978 isten corre 2fcfc nning ' , "sou Oad7- age" , " : "6b Opening Balance Accept Q Search Rate per Ip: Delete Value More Details B Get HSN 'SAC Info Configure Windows Server 2025 Datacenter Build 26100.ge_release240331-1435 8:55 PM 10/8/2026
[keys] '{ENTER}' -> Tally 'TallyPrime:9000'
[shot] mh-0079-S5-w8 (1024x768)
[mh] mh-0079-S5-w8: field 677,472,186x16 left 'Type of Supply' heads 'Serices / Goods / Not' value 'S' (boxes: 677,472,186x16[Type of Supply|Serices/Goods/Not]) | TallyPrime MANAGE Recyc EDU K: Company Y: Data Stock Item Alteration Z: Exchange primary Not Applicable O: Import E: Export M: Share p: print x Name (alias) Firefo Under Googl Units Chro Micros 46 IypÅ Unity Quit MA Item IR FinCom • ke Co Statutory Details GST applicability HSWSAC & Related Details HSN/SAC Details Source of details HSN/SAC Description GST Rate & Related Details GST Rate Details Source of details Taxability Type GST Rate Type of Supply Fl: Help F2: period Company • Applicable As per Company/Stock Group Not Available T sof su As Capital Goods Not Goods Serices S FIO: Other Masters up 1 Quantity 161 nt to •elati c2524 9b89b -c082 Hub" , " : "6b 9b89b -c082 tion_ 24978 isten corre 2fcfc nning ' , "sou Oad7- age" , " : "6b Opening Balance Accept Q Search Rate per Ip: Delete Value More Details B Get HSN 'SAC Info Configure Windows Server 2025 Datacenter Build 26100.ge_release240331-1435 8:55 PM 10/8/2026
[keys] '{ENTER}' -> Tally 'TallyPrime:9000'
[shot] mh-0080-S5-w9 (1024x768)
[mh] mh-0080-S5-w9: field 677,487,68x16 left 'Rate of Duty (eg 5)' heads 'Goods / Not Available / As per Company/Stock Group' value '' (boxes: 677,487,68x16[Rate of Duty (eg 5)|Goods/Not Available/As per Company/Stock Group]) | TallyPrime MANAGE Recyc EDU K: Company Y: Data Stock Item Alteration Z: Exchange • Not Applicable O: Import E: Export M: Share p: print x Name (alias) Firefo Units Googl Chro Micros 46 IypÅ Unity Quit MA Item IR FinCom • ke Co GST applicability HSWSAC & Related Details HSN/SAC Details Source of details HSN/SAC Description GST Rate & Related Details GST Rate Details Source of details Taxability Type GST Rate Type of Supply Rate of Duty (eg 5) Fl: Help F2: period Company • Applicable As per Company/Stock Group Not Available As per Company/Stock Group Not Available Goods FIO: Other Masters Quantity 161 nt to •elati c2524 9b89b -c082 Hub" , " : "6b 9b89b -c082 tion_ 24978 isten corre 2fcfc nning ' , "sou Oad7- age" , " : "6b Opening Balance Accept Q Search Rate per Ip: Delete Value More Details B Get HSN 'SAC Info Configure Windows Server 2025 Datacenter Build 26100.ge_release240331-1435 8:55 PM 10/8/2026
[keys] '{ENTER}' -> Tally 'TallyPrime:9000'
[shot] mh-0081-S5-w10 (1024x768)
[mh] mh-0081-S5-w10: field 579,553,99x15 left 'Opening Balance' heads 'Value / Rate of Duty (eg 5) / GST Rate Details' value '' (boxes: 579,553,99x15[Opening Balance|Value/Rate of Duty (eg 5)/GST Rate Details]) | TallyPrime MANAGE Recyc EDU K: Company Y: Data Stock Item Alteration Z: Exchange • Not Applicable O: Import E: Export M: Share p: print x Name (alias) Firefo Units Googl Chro Micros 46 IypÅ Unity Quit MA Item IR FinCom • ke Co GST applicability HSWSAC & Related Details HSN/SAC Details Source of details HSN/SAC Description GST Rate & Related Details GST Rate Details Source of details Taxability Type GST Rate Type of Supply Rate of Duty (eg 5) Fl: Help F2: period Company • Applicable As per Company/Stock Group Not Available As per Company/Stock Group Not Available Goods FIO: Other Masters Quantity 161 nt to •elati c2524 9b89b -c082 Hub" , " : "6b 9b89b -c082 tion_ 24978 isten corre 2fcfc nning ' , "sou Oad7- age" , " : "6b Opening Balance Accept Q Search Rate per Ip: Delete Value More Details B Get HSN 'SAC Info Configure Windows Server 2025 Datacenter Build 26100.ge_release240331-1435 8:55 PM 10/8/2026
[keys] '{ENTER}' -> Tally 'TallyPrime:9000'
[shot] mh-0082-S5-w11 (1024x768)
[mh] mh-0082-S5-w11: field none left '' heads '' value '' (boxes: ) | TallyPrime MANAGE Recyc EDU K: Company Y: Data Stock Item Alteration Z: Exchange • Not Applicable O: Import E: Export M: Share FinCom p: print x Name (alias) Firefo Units Googl Chro Micros 46 IypÅ Unity Q: Quit MA Item IR Fl: Help F2: period F3: Company GST applicability HSWSAC & Related Details HSN/SAC Details Source of details HSN/SAC Description GST Rate & Related Details GST Rate Details Source of details Taxability Type GST Rate Type of Supply Rate of Duty (eg 5) • Applicable As per Company/Stock Group Not Available As per Company/Stock Group Not Available Goods Accept Q Yes or No FIO : Other Masters Quantity Value 161 nt to •elati c2524 9b89b -c082 Hub" , " : "6b 9b89b -c082 tion_ 24978 isten corre 2fcfc nning ' , "sou Oad7- age" , " : "6b Opening Balance IA _ : Accept Q Search Rate per p: Delete l: More Details B: Get HSN - ISAC Info F 12: Configure Windows Server 2025 Datacenter Build 26100.ge_release240331-1435 8:56 PM 10/8/2026
[mh] S5 a question is up: stop
[shot] mh-0083-S5-before-save (1024x768)
[mh] mh-0083-S5-before-save: field none left '' heads '' value '' (boxes: ) | TallyPrime MANAGE Recyc EDU K: Company Y: Data Stock Item Alteration Z: Exchange • Not Applicable O: Import E: Export M: Share FinCom p: print x Name (alias) Firefo Units Googl Chro Micros 46 IypÅ Unity Q: Quit MA Item IR Fl: Help F2: period F3: Company GST applicability HSWSAC & Related Details HSN/SAC Details Source of details HSN/SAC Description GST Rate & Related Details GST Rate Details Source of details Taxability Type GST Rate Type of Supply Rate of Duty (eg 5) • Applicable As per Company/Stock Group Not Available As per Company/Stock Group Not Available Goods Accept Q Yes or No FIO : Other Masters Quantity Value 161 nt to •elati c2524 9b89b -c082 Hub" , " : "6b 9b89b -c082 tion_ 24978 isten corre 2fcfc nning ' , "sou Oad7- age" , " : "6b Opening Balance IA _ : Accept Q Search Rate per p: Delete l: More Details B: Get HSN - ISAC Info F 12: Configure Windows Server 2025 Datacenter Build 26100.ge_release240331-1435 8:56 PM 10/8/2026
[keys] '' -> Tally 'TallyPrime:9000'
[shot] mh-0084-S5-saved1 (1024x768)
[mh] mh-0084-S5-saved1: field 341,142,245x16 left '' heads 'Master Alteration / FinCom • ke Co / Z: Exchange' value '' (boxes: 341,142,245x16[|Master Alteration/FinCom • ke Co/Z: Exchange]) | Recyc TallyPrime MANAGE EDU K: Company Y: Data Z: Exchange FinCom • ke Co Master Alteration List of Stock Items MA Item IR O: Import Create Back E: Export M: Share p: print Firefo Googl Chron Micros lyp Unity Quit x Fl: Help nt to •elati c2524 9b89b -c082 Hub" , " : "6b 9b89b -c082 : '2.3 tion_ 24978 isten corre 2fcfc nning ' , "sou Oad7- age" , " : "6b Q Search Windows Server 2025 Datacenter Build 26100.ge_release240331-1435 8:56 PM 10/8/2026
[shot] tds-064-mgw0 (1024x768)
[20:56:09] [tds] screen tds-064-mgw0 : Recyc TallyPrime MANAGE EDU K: Company Y: Data Z: Exchange FinCom • ke Co Master Alteration List of Stock Items MA Item IR O: Import Create Back E: Export M: Share p: print Firefo Googl Chron Micros lyp Unity Quit x Fl: Help nt to •elati c2524 9b89b -c082 Hub" , " : "6b 9b89b -c082 : '2.3 tion_ 24978 isten corre 2fcfc nning ' , "sou Oad7- age" , " : "6b Q Search Windows Server 2025 Datacenter Build 26100.ge_release240331-1435 8:56 PM 10/8/2026
[keys] '{ESC}' -> Tally 'TallyPrime:9000'
[shot] tds-065-mgw1 (1024x768)
[20:56:12] [tds] screen tds-065-mgw1 : TallyPrime MANAGE Recyc EDU Firefo Googl Chron Micros Unity Quit K: Company Y: Data Z: Exchange FinCom • ke Co Master Alteration List of Masters Accounting Masters Group Ledger Cost Centre Currency Voucher Type Inventory Masters Stock Group Stock Category Stock Item Unit Location Payroll Masters Employee Group Employee Units (Work) Attendance/Production Type Pay Heads Payroll Voucher Type Statutory Masters GST Registration GST Classification Statutory Details Company GST Details O: Import Change Company Expand All Show More E: Export M: Share Q Search 161 p: print Fl: Help x nt to •elati c2524...
[keys] '{ESC}' -> Tally 'TallyPrime:9000'
[shot] tds-066-mgw2 (1024x768)
[20:56:14] [tds] screen tds-066-mgw2 : TallyPrime MANAGE Recyc EDU K: Company Gatewa of Tall Y: Data Z: Exchange CURRENT OATE Wednesday, I-Apr-2026 O: Import E: Export M: Share p: print Fl: Help Date Company Firefo Googl Chro Micros 46 IypÅ Unity CURRENT PERIOD I-Apr-26 to 31-Mar-27 NAME OF COMPANY FinCom Spike Co Gateway of Tally MASTERS Create Alter CHart of Accounts TRANSACTIONS Vouchers Day 800K UTILITIES BaNking REPORTS Balance Sheet Profit & Loss A/c Stock Summary Ratio Analysis Display More Reports DashbOard Quit 161 nt to •elati c2524 9b89b -c082 Hub" , " : "6b 9b89b -c082 tion_ 24978 isten corre 2fcfc nning ' , "sou Oad7- ...
  INFO mh A S5-unit-change: stored as typed False (missing: BASEUNITS=Kgs); error ''; Ctrl+A 2669.4 ms; add-on lines: stockitem_accept_pre(MA Item 1R) stockitem_accept_post(MA Item 1R)
[20:56:15] ---- mh A S6-opening-batches (Stock Item 'MA Item B')
[shot] tds-067-mgw0 (1024x768)
[20:56:16] [tds] screen tds-067-mgw0 : TallyPrime MANAGE Recyc EDU K: Company Gatewa of Tall Y: Data Z: Exchange CURRENT OATE Wednesday, I-Apr-2026 O: Import E: Export M: Share p: print Fl: Help Date Company Firefo Googl Chro Micros 46 IypÅ Unity CURRENT PERIOD I-Apr-26 to 31-Mar-27 NAME OF COMPANY FinCom Spike Co Gateway of Tally MASTERS Create Alter CHart of Accounts TRANSACTIONS Vouchers Day 800K UTILITIES BaNking REPORTS Balance Sheet Profit & Loss A/c Stock Summary Ratio Analysis Display More Reports DashbOard Quit 161 nt to •elati c2524 9b89b -c082 Hub" , " : "6b 9b89b -c082 tion_ 24978 isten corre 2fcfc nning ' , "sou Oad7- ...
[keys] 'c' -> Tally 'TallyPrime:9000'
[keys] '{BACKSPACE}{BACKSPACE}{BACKSPACE}{BACKSPACE}{BACKSPACE}{BACKSPACE}{BACKSPACE}{BACKSPACE}{BACKSPACE}{BACKSPACE}{BACKSPACE}{BACKSPACE}{BACKSPACE}{BACKSPACE}{BACKSPACE}{BACKSPACE}{BACKSPACE}{BACKSPACE}{BACKSPACE}{BACKSPACE}' -> Tally 'TallyPrime:9000'
[keys] 'Stock Item' -> Tally 'TallyPrime:9000'
[keys] '{ENTER}' -> Tally 'TallyPrime:9000'
[shot] mh-0085-S6-form (1024x768)
[mh] mh-0085-S6-form: field 137,116,241x15 left 'Name' heads 'Stock Item Creation / K: Company / Y: Data' value '' (boxes: 137,116,241x15[Name|Stock Item Creation/K: Company/Y: Data]) | TallyPrime MANAGE Recyc EDU K: Company Stock Item Creation Name (alias) Firefo Under Googl Units Chro Micros 46 IypÅ Unity Quit Y: Data Z: Exchange primary Not Applicable O: Import E: Export M: Share p: print x FinCom • ke Co Statutory Details GST applicability HSWSAC & Related Details HSN/SAC Details Source of details HSN/SAC Description GST Rate & Related Details GST Rate Details Source of details Taxability Type GST Rate Type of Supply Fl: Help F2: period Company • Applicable As per Company/Stock Group Not Available As per Company/Stock Group Not Available Goods 1 FIO: Other Masters Quantity 161 nt to •elati c2524 9b89b -c082 Hub" , " : "6b 9b89b -c082 tion_ 24978 isten corre 2fcfc nning ' , "sou Oad7- age" , " : "6b Opening Balance Accept Q Search Rate per p: Delete Value More Details B Get HSN 'SAC Info Configure Windows Server 2025 Datacenter Build 26100.ge_release240331-1435 8:56 PM 10/8/2026
[shot] mh-0086-S6-w1 (1024x768)
[mh] mh-0086-S6-w1: field 137,116,241x15 left 'Name' heads 'Stock Item Creation / K: Company / Y: Data' value '' (boxes: 137,116,241x15[Name|Stock Item Creation/K: Company/Y: Data]) | TallyPrime MANAGE Recyc EDU K: Company Stock Item Creation Name (alias) Firefo Under Googl Units Chro Micros 46 IypÅ Unity Quit Y: Data Z: Exchange primary Not Applicable O: Import E: Export M: Share p: print x FinCom • ke Co Statutory Details GST applicability HSWSAC & Related Details HSN/SAC Details Source of details HSN/SAC Description GST Rate & Related Details GST Rate Details Source of details Taxability Type GST Rate Type of Supply Fl: Help F2: period Company • Applicable As per Company/Stock Group Not Available As per Company/Stock Group Not Available Goods 1 FIO: Other Masters Quantity 161 nt to •elati c2524 9b89b -c082 Hub" , " : "6b 9b89b -c082 tion_ 24978 isten corre 2fcfc nning ' , "sou Oad7- age" , " : "6b Opening Balance Accept Q Search Rate per p: Delete Value More Details B Get HSN 'SAC Info Configure Windows Server 2025 Datacenter Build 26100.ge_release240331-1435 8:56 PM 10/8/2026
[mh] S6 rule 0 ((^|\W)Name$) on 'Name|Stock Item Creation': keys 'MA Item B{ENTER}'
[keys] 'MA Item B' -> Tally 'TallyPrime:9000'
[keys] '{ENTER}' -> Tally 'TallyPrime:9000'
[shot] mh-0087-S6-w2 (1024x768)
[mh] mh-0087-S6-w2: field 137,133,241x15 left '' heads 'Stock Item Creation / K: Company Y: Data / Z: Exchange' value '' (boxes: 137,133,241x15[|Stock Item Creation/K: Company Y: Data/Z: Exchange]) | TallyPrime MANAGE Recyc EDU K: Company Y: Data Stock Item Creation Z: Exchange primary Not Applicable O: Import E: Export M: Share p: print x FinCom • ke Co Statutory Details GST applicability HSWSAC & Related Details HSN/SAC Details Source of details HSN/SAC Description GST Rate & Related Details GST Rate Details Source of details Taxability Type GST Rate Type of Supply Fl: Help F2: period Company Firefo Under Googl Units Chro Micros 46 IypÅ Unity Quit • Applicable As per Company/Stock Group Not Available As per Company/Stock Group Not Available Goods 1 FIO: Other Masters Quantity 161 nt to •elati c2524 9b89b -c082 Hub" , " : "6b 9b89b -c082 tion_ 24978 isten corre 2fcfc nning ' , "sou Oad7- age" , " : "6b Opening Balance Accept Q Search Rate per p: Delete Value More Details B Get HSN 'SAC Info Configure Windows Server 2025 Datacenter Build 26100.ge_release240331-1435 8:56 PM 10/8/2026
[keys] '{ENTER}' -> Tally 'TallyPrime:9000'
[shot] mh-0088-S6-w3 (1024x768)
[mh] mh-0088-S6-w3: field 280,242,186x15 left 'Under' heads 'FinCom • ke Co / Z: Exchange' value 'Primary' (boxes: 280,242,186x15[Under|FinCom • ke Co/Z: Exchange]) | TallyPrime MANAGE Recyc EDU K: Company Stock Item Creation Y: Data Z: Exchange Primary Not Applicable FinCom • ke Co Statutory Detail GST applicability HSWSAC & Rel HSN/SAC Detail Source of detail HSN/SAC Description GST Rate & Re GST Rate Detail Source of detail Taxability Type GST Rate Type of Supply O: Import List of Grou s • Primary E: Export M: Share Name (alias) Firefo Under Googl Units Chro Micros 46 IypÅ Unity Quit MA Item B p: print x Create Fl: Help F2: period Company FIO: Other Masters Quantity 161 nt to •elati c2524 9b89b -c082 Hub" , " : "6b 9b89b -c082 tion_ 24978 isten corre 2fcfc nning ' , "sou Oad7- age" , " : "6b Opening Balance Accept Q Search Rate per p: Delete More Details B Get HSN 'SAC Info Configure Windows Server 2025 Datacenter Build 26100.ge_release240331-1435 8:56 PM 10/8/2026
[keys] '{ENTER}' -> Tally 'TallyPrime:9000'
[shot] mh-0089-S6-w4 (1024x768)
[mh] mh-0089-S6-w4: field none left '' heads '' value '' (boxes: ) | TallyPrime MANAGE Recyc EDU K: Company Stock Item Creation Y: Data Z: Exchange primary FinCom • ke Co Units Not Applicable Days Kgs Nos Description O: Import Create ils E: Export M: Share p: print x Name (alias) Firefo Under Googl Units Chro Micros 46 IypÅ Unity Quit MA Item B Fl: Help F2: period Company • Applicable As per Company/Stock Group Not Available As per Company/Stock Group Not Available Goods 1 FIO: Other Masters GST Rate & Related Details GST Rate Details Source of details Taxability Type GST Rate Type of Supply Quantity 161 nt to •elati c2524 9b89b -c082 Hub" , " : "6b 9b89b -c082 tion_ 24978 isten corre 2fcfc nning ' , "sou Oad7- age" , " : "6b Opening Balance Accept Q Search Rate per p: Delete Value More Details B Get HSN 'SAC Info Configure Windows Server 2025 Datacenter Build 26100.ge_release240331-1435 8:56 PM 10/8/2026
[keys] '{ENTER}' -> Tally 'TallyPrime:9000'
[shot] mh-0090-S6-w5 (1024x768)
[mh] mh-0090-S6-w5: field 677,266,186x15 left 'GST applicability' heads 'E: Export / M: Share / p: print' value '' (boxes: 677,266,186x15[GST applicability|E: Export/M: Share/p: print]) | TallyPrime MANAGE Recyc EDU K: Company Stock Item Creation Y: Data Z: Exchange primary Not Applicable O: Import E: Export M: Share p: print x Name (alias) Firefo Under Googl Units Chro Micros 46 IypÅ Unity Quit MA Item B FinCom • ke Co Statutory Details GST applicability HSWSAC & Related Details HSN/SAC Details Source of details HSN/SAC Description GST Rate & Related Details GST Rate Details Source of details Taxability Type GST Rate Type of Supply Fl: Help F2: period Company As per Company/Stock Group Not Available As per Company/Stock Group Not Available Goods 1 FIO: Other Masters Quantity 161 nt to •elati c2524 9b89b -c082 Hub" , " : "6b 9b89b -c082 tion_ 24978 isten corre 2fcfc nning ' , "sou Oad7- age" , " : "6b Opening Balance Accept Q Search Rate per p: Delete Value More Details B Get HSN 'SAC Info Configure Windows Server 2025 Datacenter Build 26100.ge_release240331-1435 8:56 PM 10/8/2026
[keys] '{ENTER}' -> Tally 'TallyPrime:9000'
[shot] mh-0091-S6-w6 (1024x768)
[mh] mh-0091-S6-w6: field none left '' heads '' value '' (boxes: ) | TallyPrime MANAGE Recyc EDU K: Company Stock Item Creation Y: Data Z: Exchange primary Not Applicable O: Import E: Export M: Share p: print x Name (alias) Firefo Under Googl Units Chro Micros 46 IypÅ Unity Quit MA Item B FinCom • ke Co Statutory Details GST applicability HSWSAC & Related Details HSN/SAC Details Source of details HSN/SAC Description GST Rate & Related Detail GST Rate Details Source of details Taxability Type GST Rate Type of Supply Fl: Help F2: period Company • Applicable As per Company/Stock Group List of Actions Show More As per Company/Stock Group Specify Details Here Use GST Classification Goods 1 FIO: Other Masters Quantity 161 nt to •elati c2524 9b89b -c082 Hub" , " : "6b 9b89b -c082 tion_ 24978 isten corre 2fcfc nning ' , "sou Oad7- age" , " : "6b Opening Balance Accept Q Search Rate per p: Delete Value More Details B Get HSN 'SAC Info Configure Windows Server 2025 Datacenter Build 26100.ge_release240331-1435 8:56 PM 10/8/2026
[keys] '{ENTER}' -> Tally 'TallyPrime:9000'
[shot] mh-0092-S6-w7 (1024x768)
[mh] mh-0092-S6-w7: field none left '' heads '' value '' (boxes: ) | TallyPrime MANAGE Recyc EDU K: Company Stock Item Creation Y: Data Z: Exchange primary Not Applicable O: Import E: Export M: Share p: print x Name (alias) Firefo Under Googl Units Chro Micros 46 IypÅ Unity Quit MA Item B FinCom • ke Co Statutory Details GST applicability HSWSAC & Related Details HSN/SAC Details Source of details HSN/SAC Description GST Rate & Related Details GST Rate Details Source of details Taxability Type GST Rate Type of Supply Fl: Help F2: period Company • Applicable As per Company/Stock Group Not Available as per Company/Stock Group List of Actions Show More As per Company/Stock Group Specify Details Here Use GST Classification FIO: Other Masters Quantity 161 nt to •elati c2524 9b89b -c082 Hub" , " : "6b 9b89b -c082 tion_ 24978 isten corre 2fcfc nning ' , "sou Oad7- age" , " : "6b Opening Balance Accept Q Search Rate per p: Delete Value More Details B Get HSN 'SAC Info Configure Windows Server 2025 Datacenter Build 26100.ge_release240331-1435 8:56 PM 10/8/2026
[keys] '{ENTER}' -> Tally 'TallyPrime:9000'
[shot] mh-0093-S6-w8 (1024x768)
[mh] mh-0093-S6-w8: field 677,472,186x16 left 'Type of Supply' heads 'Serices / Goods / Not' value 'S' (boxes: 677,472,186x16[Type of Supply|Serices/Goods/Not]) | TallyPrime MANAGE Recyc EDU K: Company Stock Item Creation Y: Data Z: Exchange primary Not Applicable O: Import E: Export M: Share p: print x Name (alias) Firefo Under Googl Units Chro Micros 46 IypÅ Unity Quit MA Item B FinCom • ke Co Statutory Details GST applicability HSWSAC & Related Details HSN/SAC Details Source of details HSN/SAC Description GST Rate & Related Details GST Rate Details Source of details Taxability Type GST Rate Type of Supply Fl: Help F2: period Company • Applicable As per Company/Stock Group Not Available T sof su As Capital Goods Not Goods Serices S FIO: Other Masters up 1 Quantity 161 nt to •elati c2524 9b89b -c082 Hub" , " : "6b 9b89b -c082 tion_ 24978 isten corre 2fcfc nning ' , "sou Oad7- age" , " : "6b Opening Balance Accept Q Search Rate per p: Delete Value More Details B Get HSN 'SAC Info Configure Windows Server 2025 Datacenter Build 26100.ge_release240331-1435 8:56 PM 10/8/2026
[keys] '{ENTER}' -> Tally 'TallyPrime:9000'
[shot] mh-0094-S6-w9 (1024x768)
[mh] mh-0094-S6-w9: field 677,487,68x16 left 'Rate of Duty (eg 5)' heads 'Goods / Not Available / As per Company/Stock Group' value '' (boxes: 677,487,68x16[Rate of Duty (eg 5)|Goods/Not Available/As per Company/Stock Group]) | TallyPrime MANAGE Recyc EDU K: Company Stock Item Creation Y: Data Z: Exchange • Not Applicable O: Import E: Export M: Share p: print x Name (alias) Firefo Units Googl Chro Micros 46 IypÅ Unity Quit MA Item B FinCom • ke Co GST applicability HSWSAC & Related Details HSN/SAC Details Source of details HSN/SAC Description GST Rate & Related Details GST Rate Details Source of details Taxability Type GST Rate Type of Supply Rate of Duty (eg 5) Fl: Help F2: period Company • Applicable As per Company/Stock Group Not Available As per Company/Stock Group Not Available Goods FIO: Other Masters Quantity 161 nt to •elati c2524 9b89b -c082 Hub" , " : "6b 9b89b -c082 tion_ 24978 isten corre 2fcfc nning ' , "sou Oad7- age" , " : "6b Opening Balance Accept Q Search Rate per p: Delete Value More Details B Get HSN 'SAC Info Configure Windows Server 2025 Datacenter Build 26100.ge_release240331-1435 8:56 PM 10/8/2026
[keys] '{ENTER}' -> Tally 'TallyPrime:9000'
[shot] mh-0095-S6-w10 (1024x768)
[mh] mh-0095-S6-w10: field 579,553,99x15 left 'Opening Balance' heads 'Value / Rate of Duty (eg 5) / GST Rate Details' value '' (boxes: 579,553,99x15[Opening Balance|Value/Rate of Duty (eg 5)/GST Rate Details]) | TallyPrime MANAGE Recyc EDU K: Company Stock Item Creation Y: Data Z: Exchange • Not Applicable O: Import E: Export M: Share p: print x Name (alias) Firefo Units Googl Chro Micros 46 IypÅ Unity Quit MA Item B FinCom • ke Co GST applicability HSWSAC & Related Details HSN/SAC Details Source of details HSN/SAC Description GST Rate & Related Details GST Rate Details Source of details Taxability Type GST Rate Type of Supply Rate of Duty (eg 5) Fl: Help F2: period Company • Applicable As per Company/Stock Group Not Available As per Company/Stock Group Not Available Goods FIO: Other Masters Quantity 161 nt to •elati c2524 9b89b -c082 Hub" , " : "6b 9b89b -c082 tion_ 24978 isten corre 2fcfc nning ' , "sou Oad7- age" , " : "6b Opening Balance Accept Q Search Rate per p: Delete Value More Details B Get HSN 'SAC Info Configure Windows Server 2025 Datacenter Build 26100.ge_release240331-1435 8:56 PM 10/8/2026
[mh] S6 rule 3 (Opening Balance) on 'Opening Balance|Value': keys '15{ENTER}'
[keys] '15' -> Tally 'TallyPrime:9000'
[keys] '{ENTER}' -> Tally 'TallyPrime:9000'
[shot] mh-0096-S6-w11 (1024x768)
[mh] mh-0096-S6-w11: field 338,234,101x16 left '' heads 'Location / for: 15.00 / Allocations of: MA Item B' value '' (boxes: 338,234,101x16[|Location/for: 15.00/Allocations of: MA Item B]) | x Recyc Firefo TallyPrime MANAGE EDU K: Company Stock Item Allocation Y: Data Z: Exchange FinCom Spike Co Allocations of: MA Item B O: Import E: Export List of Locations MA GI MA Godown IR MA Godown 2 Main Location MH Main M: Share p: print Create Fl: Help Googl Chron Micros lyp Unity Quit for: 15.00 Location A Accept Q Search Amou 15. 15. nt to •elati c2524 9b89b -c082 Hub" , " : "6b 9b89b -c082 : '2.3 tion_ 24978 isten corre 2fcfc nning ' , "sou Oad7- age" , " : "6b Windows Server 2025 Datacenter Build 26100.ge_release240331-1435 8:56 PM 10/8/2026
[mh] S6 rule 4 (Godown|Location) on '|Location': keys 'MH Main{ENTER}'
[keys] 'MH Main' -> Tally 'TallyPrime:9000'
[keys] '{ENTER}' -> Tally 'TallyPrime:9000'
[shot] mh-0097-S6-w12 (1024x768)
[mh] mh-0097-S6-w12: field 512,234,77x16 left 'Main' heads 'Amount / Allocations of: MA Item B' value '15.00' (boxes: 512,234,77x16[Main|Amount/Allocations of: MA Item B]) | x Recyc Firefo TallyPrime MANAGE EDU K: Company Stock Item Allocation Y: Data Z: Exchange O: Import E: Export M: Share p: print Fl: Help FinCom Spike Co Allocations of: MA Item B Googl Chron Micros lyp Unity Quit Location MH Main A Accept Q Search for: 15.00 Amount 15.00 15.00 nt to •elati c2524 9b89b -c082 Hub" , " : "6b 9b89b -c082 : '2.3 tion_ 24978 isten corre 2fcfc nning ' , "sou Oad7- age" , " : "6b Windows Server 2025 Datacenter Build 26100.ge_release240331-1435 8:56 PM 10/8/2026
[mh] S6 rule 8 (Godown|Location) on 'Main|Amount': keys 'MH Main{ENTER}'
[keys] 'MH Main' -> Tally 'TallyPrime:9000'
[keys] '{ENTER}' -> Tally 'TallyPrime:9000'
[shot] mh-0098-S6-w13 (1024x768)
[mh] mh-0098-S6-w13: field 512,234,77x16 left 'Main' heads 'Amount / Allocations of: MA Item B' value 'MH Main' (boxes: 512,234,77x16[Main|Amount/Allocations of: MA Item B]) | x Recyc Firefo TallyPrime MANAGE EDU K: Company Stock Item Allocation Y: Data Z: Exchange O: Import E: Export M: Share p: print Fl: Help FinCom Spike Co Allocations of: MA Item B Googl Chron Micros lyp Unity Quit Location MH Main A Accept Q Search for: 15.00 Amount MH Main 15.00 nt to •elati c2524 9b89b -c082 Hub" , " : "6b 9b89b -c082 : '2.3 tion_ 24978 isten corre 2fcfc nning ' , "sou Oad7- age" , " : "6b Windows Server 2025 Datacenter Build 26100.ge_release240331-1435 8:57 PM 10/8/2026
[mh] S6 rule 12 (Godown|Location) on 'Main|Amount': keys 'End of List{ENTER}'
[keys] 'End of List' -> Tally 'TallyPrime:9000'
[keys] '{ENTER}' -> Tally 'TallyPrime:9000'
[shot] mh-0099-S6-w14 (1024x768)
[mh] mh-0099-S6-w14: field none left '' heads '' value '' (boxes: ) | x Recyc Firefo TallyPrime MANAGE EDU K: Company Stock Item Allocation Y: Data Z: Exchange O: Import E: Export M: Share p: print Fl: Help FinCom Spike Co Allocations of: MA Item B Googl Chron Micros lyp Unity Quit Location MH Main A Accept Q Search for: 15.00 Amount End of Lis 15.00 nt to •elati c2524 9b89b -c082 Hub" , " : "6b 9b89b -c082 : '2.3 tion_ 24978 isten corre 2fcfc nning ' , "sou Oad7- age" , " : "6b Windows Server 2025 Datacenter Build 26100.ge_release240331-1435 8:57 PM 10/8/2026
[keys] '{ENTER}' -> Tally 'TallyPrime:9000'
[shot] mh-0100-S6-w15 (1024x768)
[mh] mh-0100-S6-w15: field none left '' heads '' value '' (boxes: ) | x Recyc Firefo TallyPrime MANAGE EDU K: Company Stock Item Allocation Y: Data Z: Exchange O: Import E: Export M: Share p: print Fl: Help FinCom Spike Co Allocations of: MA Item B Googl Chron Micros lyp Unity Quit Location MH Main A Accept Q Search for: 15.00 Amount End of Lis 15.00 nt to •elati c2524 9b89b -c082 Hub" , " : "6b 9b89b -c082 : '2.3 tion_ 24978 isten corre 2fcfc nning ' , "sou Oad7- age" , " : "6b Windows Server 2025 Datacenter Build 26100.ge_release240331-1435 8:57 PM 10/8/2026
[keys] '{ENTER}' -> Tally 'TallyPrime:9000'
[shot] mh-0101-S6-w16 (1024x768)
[mh] mh-0101-S6-w16: field none left '' heads '' value '' (boxes: ) | x Recyc Firefo TallyPrime MANAGE EDU K: Company Stock Item Allocation Y: Data Z: Exchange O: Import E: Export M: Share p: print Fl: Help FinCom Spike Co Allocations of: MA Item B Googl Chron Micros lyp Unity Quit Location MH Main A Accept Q Search for: 15.00 Amount End of Lis 15.00 nt to •elati c2524 9b89b -c082 Hub" , " : "6b 9b89b -c082 : '2.3 tion_ 24978 isten corre 2fcfc nning ' , "sou Oad7- age" , " : "6b Windows Server 2025 Datacenter Build 26100.ge_release240331-1435 8:57 PM 10/8/2026
[keys] '{ENTER}' -> Tally 'TallyPrime:9000'
[shot] mh-0102-S6-w17 (1024x768)
[mh] mh-0102-S6-w17: field none left '' heads '' value '' (boxes: ) | x Recyc Firefo TallyPrime MANAGE EDU K: Company Stock Item Allocation Y: Data Z: Exchange O: Import E: Export M: Share p: print Fl: Help FinCom Spike Co Allocations of: MA Item B Googl Chron Micros lyp Unity Quit Location MH Main A Accept Q Search for: 15.00 Amount End of List 15.00 nt to •elati c2524 9b89b -c082 Hub" , " : "6b 9b89b -c082 : '2.3 tion_ 24978 isten corre 2fcfc nning ' , "sou Oad7- age" , " : "6b Windows Server 2025 Datacenter Build 26100.ge_release240331-1435 8:57 PM 10/8/2026
[keys] '{ENTER}' -> Tally 'TallyPrime:9000'
[shot] mh-0103-S6-w18 (1024x768)
[mh] mh-0103-S6-w18: field none left '' heads '' value '' (boxes: ) | x Recyc Firefo TallyPrime MANAGE EDU K: Company Stock Item Allocation Y: Data Z: Exchange O: Import E: Export M: Share p: print Fl: Help FinCom Spike Co Allocations of: MA Item B Googl Chron Micros lyp Unity Quit Location MH Main A Accept Q Search for: 15.00 Amount End of Lis 15.00 nt to •elati c2524 9b89b -c082 Hub" , " : "6b 9b89b -c082 : '2.3 tion_ 24978 isten corre 2fcfc nning ' , "sou Oad7- age" , " : "6b Windows Server 2025 Datacenter Build 26100.ge_release240331-1435 8:57 PM 10/8/2026
[keys] '{ENTER}' -> Tally 'TallyPrime:9000'
[shot] mh-0104-S6-w19 (1024x768)
[mh] mh-0104-S6-w19: field none left '' heads '' value '' (boxes: ) | x Recyc Firefo TallyPrime MANAGE EDU K: Company Stock Item Allocation Y: Data Z: Exchange O: Import E: Export M: Share p: print Fl: Help FinCom Spike Co Allocations of: MA Item B Googl Chron Micros lyp Unity Quit Location MH Main A Accept Q Search for: 15.00 Amount End of Lis 15.00 nt to •elati c2524 9b89b -c082 Hub" , " : "6b 9b89b -c082 : '2.3 tion_ 24978 isten corre 2fcfc nning ' , "sou Oad7- age" , " : "6b Windows Server 2025 Datacenter Build 26100.ge_release240331-1435 8:57 PM 10/8/2026
[keys] '{ENTER}' -> Tally 'TallyPrime:9000'
[shot] mh-0105-S6-w20 (1024x768)
[mh] mh-0105-S6-w20: field none left '' heads '' value '' (boxes: ) | x Recyc Firefo TallyPrime MANAGE EDU K: Company Stock Item Allocation Y: Data Z: Exchange O: Import E: Export M: Share p: print Fl: Help FinCom Spike Co Allocations of: MA Item B Googl Chron Micros lyp Unity Quit Location MH Main A Accept Q Search for: 15.00 Amount End of Lis 15.00 nt to •elati c2524 9b89b -c082 Hub" , " : "6b 9b89b -c082 : '2.3 tion_ 24978 isten corre 2fcfc nning ' , "sou Oad7- age" , " : "6b Windows Server 2025 Datacenter Build 26100.ge_release240331-1435 8:57 PM 10/8/2026
[keys] '{ENTER}' -> Tally 'TallyPrime:9000'
[shot] mh-0106-S6-w21 (1024x768)
[mh] mh-0106-S6-w21: field none left '' heads '' value '' (boxes: ) | x Recyc Firefo TallyPrime MANAGE EDU K: Company Stock Item Allocation Y: Data Z: Exchange O: Import E: Export M: Share p: print Fl: Help FinCom Spike Co Allocations of: MA Item B Googl Chron Micros lyp Unity Quit Location MH Main A Accept Q Search for: 15.00 Amount End of Lis 15.00 nt to •elati c2524 9b89b -c082 Hub" , " : "6b 9b89b -c082 : '2.3 tion_ 24978 isten corre 2fcfc nning ' , "sou Oad7- age" , " : "6b Windows Server 2025 Datacenter Build 26100.ge_release240331-1435 8:57 PM 10/8/2026
[keys] '{ENTER}' -> Tally 'TallyPrime:9000'
[shot] mh-0107-S6-w22 (1024x768)
[mh] mh-0107-S6-w22: field none left '' heads '' value '' (boxes: ) | x Recyc Firefo TallyPrime MANAGE EDU K: Company Stock Item Allocation Y: Data Z: Exchange O: Import E: Export M: Share p: print Fl: Help FinCom Spike Co Allocations of: MA Item B Googl Chron Micros lyp Unity Quit Location MH Main A Accept Q Search for: 15.00 Amount End of Lis 15.00 nt to •elati c2524 9b89b -c082 Hub" , " : "6b 9b89b -c082 : '2.3 tion_ 24978 isten corre 2fcfc nning ' , "sou Oad7- age" , " : "6b Windows Server 2025 Datacenter Build 26100.ge_release240331-1435 8:57 PM 10/8/2026
[keys] '{ENTER}' -> Tally 'TallyPrime:9000'
[shot] mh-0108-S6-w23 (1024x768)
[mh] mh-0108-S6-w23: field none left '' heads '' value '' (boxes: ) | x Recyc Firefo TallyPrime MANAGE EDU K: Company Stock Item Allocation Y: Data Z: Exchange O: Import E: Export M: Share p: print Fl: Help FinCom Spike Co Allocations of: MA Item B Googl Chron Micros lyp Unity Quit Location MH Main A Accept Q Search for: 15.00 Amount End of Lis 15.00 nt to •elati c2524 9b89b -c082 Hub" , " : "6b 9b89b -c082 : '2.3 tion_ 24978 isten corre 2fcfc nning ' , "sou Oad7- age" , " : "6b Windows Server 2025 Datacenter Build 26100.ge_release240331-1435 8:57 PM 10/8/2026
[keys] '{ENTER}' -> Tally 'TallyPrime:9000'
[shot] mh-0109-S6-w24 (1024x768)
[mh] mh-0109-S6-w24: field none left '' heads '' value '' (boxes: ) | x Recyc Firefo TallyPrime MANAGE EDU K: Company Stock Item Allocation Y: Data Z: Exchange O: Import E: Export M: Share p: print Fl: Help FinCom Spike Co Allocations of: MA Item B Googl Chron Micros lyp Unity Quit Location MH Main A Accept Q Search for: 15.00 Amount End of Lis 15.00 nt to •elati c2524 9b89b -c082 Hub" , " : "6b 9b89b -c082 : '2.3 tion_ 24978 isten corre 2fcfc nning ' , "sou Oad7- age" , " : "6b Windows Server 2025 Datacenter Build 26100.ge_release240331-1435 8:57 PM 10/8/2026
[keys] '{ENTER}' -> Tally 'TallyPrime:9000'
[shot] mh-0110-S6-w25 (1024x768)
[mh] mh-0110-S6-w25: field none left '' heads '' value '' (boxes: ) | x Recyc Firefo TallyPrime MANAGE EDU K: Company Stock Item Allocation Y: Data Z: Exchange O: Import E: Export M: Share p: print Fl: Help FinCom Spike Co Allocations of: MA Item B Googl Chron Micros lyp Unity Quit Location MH Main A Accept Q Search for: 15.00 Amount End of Lis 15.00 nt to •elati c2524 9b89b -c082 Hub" , " : "6b 9b89b -c082 : '2.3 tion_ 24978 isten corre 2fcfc nning ' , "sou Oad7- age" , " : "6b Windows Server 2025 Datacenter Build 26100.ge_release240331-1435 8:57 PM 10/8/2026
[keys] '{ENTER}' -> Tally 'TallyPrime:9000'
[shot] mh-0111-S6-w26 (1024x768)
[mh] mh-0111-S6-w26: field none left '' heads '' value '' (boxes: ) | x Recyc Firefo TallyPrime MANAGE EDU K: Company Stock Item Allocation Y: Data Z: Exchange O: Import E: Export M: Share p: print Fl: Help FinCom Spike Co Allocations of: MA Item B Googl Chron Micros lyp Unity Quit Location MH Main A Accept Q Search for: 15.00 Amount End of Lis 15.00 nt to •elati c2524 9b89b -c082 Hub" , " : "6b 9b89b -c082 : '2.3 tion_ 24978 isten corre 2fcfc nning ' , "sou Oad7- age" , " : "6b Windows Server 2025 Datacenter Build 26100.ge_release240331-1435 8:57 PM 10/8/2026
[keys] '{ENTER}' -> Tally 'TallyPrime:9000'
[shot] mh-0112-S6-w27 (1024x768)
[mh] mh-0112-S6-w27: field none left '' heads '' value '' (boxes: ) | x Recyc Firefo TallyPrime MANAGE EDU K: Company Stock Item Allocation Y: Data Z: Exchange O: Import E: Export M: Share p: print Fl: Help FinCom Spike Co Allocations of: MA Item B Googl Chron Micros lyp Unity Quit Location MH Main A Accept Q Search for: 15.00 Amount End of Lis 15.00 nt to •elati c2524 9b89b -c082 Hub" , " : "6b 9b89b -c082 : '2.3 tion_ 24978 isten corre 2fcfc nning ' , "sou Oad7- age" , " : "6b Windows Server 2025 Datacenter Build 26100.ge_release240331-1435 8:57 PM 10/8/2026
[keys] '{ENTER}' -> Tally 'TallyPrime:9000'
[shot] mh-0113-S6-w28 (1024x768)
[mh] mh-0113-S6-w28: field none left '' heads '' value '' (boxes: ) | x Recyc Firefo TallyPrime MANAGE EDU K: Company Stock Item Allocation Y: Data Z: Exchange O: Import E: Export M: Share p: print Fl: Help FinCom Spike Co Allocations of: MA Item B Googl Chron Micros lyp Unity Quit Location MH Main A Accept Q Search for: 15.00 Amount End of Lis 15.00 nt to •elati c2524 9b89b -c082 Hub" , " : "6b 9b89b -c082 : '2.3 tion_ 24978 isten corre 2fcfc nning ' , "sou Oad7- age" , " : "6b Windows Server 2025 Datacenter Build 26100.ge_release240331-1435 8:57 PM 10/8/2026
[keys] '{ENTER}' -> Tally 'TallyPrime:9000'
[shot] mh-0114-S6-w29 (1024x768)
[mh] mh-0114-S6-w29: field none left '' heads '' value '' (boxes: ) | x Recyc Firefo TallyPrime MANAGE EDU K: Company Stock Item Allocation Y: Data Z: Exchange O: Import E: Export M: Share p: print Fl: Help FinCom Spike Co Allocations of: MA Item B Googl Chron Micros lyp Unity Quit Location MH Main A Accept Q Search for: 15.00 Amount End of Lis 15.00 nt to •elati c2524 9b89b -c082 Hub" , " : "6b 9b89b -c082 : '2.3 tion_ 24978 isten corre 2fcfc nning ' , "sou Oad7- age" , " : "6b Windows Server 2025 Datacenter Build 26100.ge_release240331-1435 8:57 PM 10/8/2026
[keys] '{ENTER}' -> Tally 'TallyPrime:9000'
[shot] mh-0115-S6-w30 (1024x768)
[mh] mh-0115-S6-w30: field none left '' heads '' value '' (boxes: ) | x Recyc Firefo TallyPrime MANAGE EDU K: Company Stock Item Allocation Y: Data Z: Exchange O: Import E: Export M: Share p: print Fl: Help FinCom Spike Co Allocations of: MA Item B Googl Chron Micros lyp Unity Quit Location MH Main A Accept Q Search for: 15.00 Amount End of Lis 15.00 nt to •elati c2524 9b89b -c082 Hub" , " : "6b 9b89b -c082 : '2.3 tion_ 24978 isten corre 2fcfc nning ' , "sou Oad7- age" , " : "6b Windows Server 2025 Datacenter Build 26100.ge_release240331-1435 8:57 PM 10/8/2026
[keys] '{ENTER}' -> Tally 'TallyPrime:9000'
[shot] mh-0116-S6-w31 (1024x768)
[mh] mh-0116-S6-w31: field none left '' heads '' value '' (boxes: ) | x Recyc Firefo TallyPrime MANAGE EDU K: Company Stock Item Allocation Y: Data Z: Exchange O: Import E: Export M: Share p: print Fl: Help FinCom Spike Co Allocations of: MA Item B Googl Chron Micros lyp Unity Quit Location MH Main A Accept Q Search for: 15.00 Amount End of Lis 15.00 nt to •elati c2524 9b89b -c082 Hub" , " : "6b 9b89b -c082 : '2.3 tion_ 24978 isten corre 2fcfc nning ' , "sou Oad7- age" , " : "6b Windows Server 2025 Datacenter Build 26100.ge_release240331-1435 8:57 PM 10/8/2026
[keys] '{ENTER}' -> Tally 'TallyPrime:9000'
[shot] mh-0117-S6-w32 (1024x768)
[mh] mh-0117-S6-w32: field none left '' heads '' value '' (boxes: ) | x Recyc Firefo TallyPrime MANAGE EDU K: Company Stock Item Allocation Y: Data Z: Exchange O: Import E: Export M: Share p: print Fl: Help FinCom Spike Co Allocations of: MA Item B Googl Chron Micros lyp Unity Quit Location MH Main A Accept Q Search for: 15.00 Amount End of Lis 15.00 nt to •elati c2524 9b89b -c082 Hub" , " : "6b 9b89b -c082 : '2.3 tion_ 24978 isten corre 2fcfc nning ' , "sou Oad7- age" , " : "6b Windows Server 2025 Datacenter Build 26100.ge_release240331-1435 8:57 PM 10/8/2026
[keys] '{ENTER}' -> Tally 'TallyPrime:9000'
[shot] mh-0118-S6-w33 (1024x768)
[mh] mh-0118-S6-w33: field none left '' heads '' value '' (boxes: ) | x Recyc Firefo TallyPrime MANAGE EDU K: Company Stock Item Allocation Y: Data Z: Exchange O: Import E: Export M: Share p: print Fl: Help FinCom Spike Co Allocations of: MA Item B Googl Chron Micros lyp Unity Quit Location MH Main A Accept Q Search for: 15.00 Amount End of Lis 15.00 nt to •elati c2524 9b89b -c082 Hub" , " : "6b 9b89b -c082 : '2.3 tion_ 24978 isten corre 2fcfc nning ' , "sou Oad7- age" , " : "6b Windows Server 2025 Datacenter Build 26100.ge_release240331-1435 8:57 PM 10/8/2026
[keys] '{ENTER}' -> Tally 'TallyPrime:9000'
[shot] mh-0119-S6-w34 (1024x768)
[mh] mh-0119-S6-w34: field none left '' heads '' value '' (boxes: ) | x Recyc Firefo TallyPrime MANAGE EDU K: Company Stock Item Allocation Y: Data Z: Exchange O: Import E: Export M: Share p: print Fl: Help FinCom Spike Co Allocations of: MA Item B Googl Chron Micros lyp Unity Quit Location MH Main A Accept Q Search for: 15.00 Amount End of List 15.00 nt to •elati c2524 9b89b -c082 Hub" , " : "6b 9b89b -c082 : '2.3 tion_ 24978 isten corre 2fcfc nning ' , "sou Oad7- age" , " : "6b Windows Server 2025 Datacenter Build 26100.ge_release240331-1435 8:57 PM 10/8/2026
[keys] '{ENTER}' -> Tally 'TallyPrime:9000'
[shot] mh-0120-S6-w35 (1024x768)
[mh] mh-0120-S6-w35: field none left '' heads '' value '' (boxes: ) | x Recyc Firefo TallyPrime MANAGE EDU K: Company Stock Item Allocation Y: Data Z: Exchange O: Import E: Export M: Share p: print Fl: Help FinCom Spike Co Allocations of: MA Item B Googl Chron Micros lyp Unity Quit Location MH Main A Accept Q Search for: 15.00 Amount End of Lis 15.00 nt to •elati c2524 9b89b -c082 Hub" , " : "6b 9b89b -c082 : '2.3 tion_ 24978 isten corre 2fcfc nning ' , "sou Oad7- age" , " : "6b Windows Server 2025 Datacenter Build 26100.ge_release240331-1435 8:57 PM 10/8/2026
[keys] '{ENTER}' -> Tally 'TallyPrime:9000'
[shot] mh-0121-S6-w36 (1024x768)
[mh] mh-0121-S6-w36: field none left '' heads '' value '' (boxes: ) | x Recyc Firefo TallyPrime MANAGE EDU K: Company Stock Item Allocation Y: Data Z: Exchange O: Import E: Export M: Share p: print Fl: Help FinCom Spike Co Allocations of: MA Item B Googl Chron Micros lyp Unity Quit Location MH Main A Accept Q Search for: 15.00 Amount End of Lis 15.00 nt to •elati c2524 9b89b -c082 Hub" , " : "6b 9b89b -c082 : '2.3 tion_ 24978 isten corre 2fcfc nning ' , "sou Oad7- age" , " : "6b Windows Server 2025 Datacenter Build 26100.ge_release240331-1435 8:57 PM 10/8/2026
[keys] '{ENTER}' -> Tally 'TallyPrime:9000'
[shot] mh-0122-S6-w37 (1024x768)
[mh] mh-0122-S6-w37: field none left '' heads '' value '' (boxes: ) | x Recyc Firefo TallyPrime MANAGE EDU K: Company Stock Item Allocation Y: Data Z: Exchange O: Import E: Export M: Share p: print Fl: Help FinCom Spike Co Allocations of: MA Item B Googl Chron Micros lyp Unity Quit Location MH Main A Accept Q Search for: 15.00 Amount End of Lis 15.00 nt to •elati c2524 9b89b -c082 Hub" , " : "6b 9b89b -c082 : '2.3 tion_ 24978 isten corre 2fcfc nning ' , "sou Oad7- age" , " : "6b Windows Server 2025 Datacenter Build 26100.ge_release240331-1435 8:58 PM 10/8/2026
[keys] '{ENTER}' -> Tally 'TallyPrime:9000'
[shot] mh-0123-S6-w38 (1024x768)
[mh] mh-0123-S6-w38: field none left '' heads '' value '' (boxes: ) | x Recyc Firefo TallyPrime MANAGE EDU K: Company Stock Item Allocation Y: Data Z: Exchange O: Import E: Export M: Share p: print Fl: Help FinCom Spike Co Allocations of: MA Item B Googl Chron Micros lyp Unity Quit Location MH Main A Accept Q Search for: 15.00 Amount End of Lis 15.00 nt to •elati c2524 9b89b -c082 Hub" , " : "6b 9b89b -c082 : '2.3 tion_ 24978 isten corre 2fcfc nning ' , "sou Oad7- age" , " : "6b Windows Server 2025 Datacenter Build 26100.ge_release240331-1435 8:58 PM 10/8/2026
[keys] '{ENTER}' -> Tally 'TallyPrime:9000'
[shot] mh-0124-S6-w39 (1024x768)
[mh] mh-0124-S6-w39: field none left '' heads '' value '' (boxes: ) | x Recyc Firefo TallyPrime MANAGE EDU K: Company Stock Item Allocation Y: Data Z: Exchange O: Import E: Export M: Share p: print Fl: Help FinCom Spike Co Allocations of: MA Item B Googl Chron Micros lyp Unity Quit Location MH Main A Accept Q Search for: 15.00 Amount End of Lis 15.00 nt to •elati c2524 9b89b -c082 Hub" , " : "6b 9b89b -c082 : '2.3 tion_ 24978 isten corre 2fcfc nning ' , "sou Oad7- age" , " : "6b Windows Server 2025 Datacenter Build 26100.ge_release240331-1435 8:58 PM 10/8/2026
[keys] '{ENTER}' -> Tally 'TallyPrime:9000'
[shot] mh-0125-S6-w40 (1024x768)
[mh] mh-0125-S6-w40: field none left '' heads '' value '' (boxes: ) | x Recyc Firefo TallyPrime MANAGE EDU K: Company Stock Item Allocation Y: Data Z: Exchange O: Import E: Export M: Share p: print Fl: Help FinCom Spike Co Allocations of: MA Item B Googl Chron Micros lyp Unity Quit Location MH Main A Accept Q Search for: 15.00 Amount End of Lis 15.00 nt to •elati c2524 9b89b -c082 Hub" , " : "6b 9b89b -c082 : '2.3 tion_ 24978 isten corre 2fcfc nning ' , "sou Oad7- age" , " : "6b Windows Server 2025 Datacenter Build 26100.ge_release240331-1435 8:58 PM 10/8/2026
[keys] '{ENTER}' -> Tally 'TallyPrime:9000'
[shot] mh-0126-S6-w41 (1024x768)
[mh] mh-0126-S6-w41: field none left '' heads '' value '' (boxes: ) | x Recyc Firefo TallyPrime MANAGE EDU K: Company Stock Item Allocation Y: Data Z: Exchange O: Import E: Export M: Share p: print Fl: Help FinCom Spike Co Allocations of: MA Item B Googl Chron Micros lyp Unity Quit Location MH Main A Accept Q Search for: 15.00 Amount End of List 15.00 nt to •elati c2524 9b89b -c082 Hub" , " : "6b 9b89b -c082 : '2.3 tion_ 24978 isten corre 2fcfc nning ' , "sou Oad7- age" , " : "6b Windows Server 2025 Datacenter Build 26100.ge_release240331-1435 8:58 PM 10/8/2026
[keys] '{ENTER}' -> Tally 'TallyPrime:9000'
[shot] mh-0127-S6-w42 (1024x768)
[mh] mh-0127-S6-w42: field none left '' heads '' value '' (boxes: ) | x Recyc Firefo TallyPrime MANAGE EDU K: Company Stock Item Allocation Y: Data Z: Exchange O: Import E: Export M: Share p: print Fl: Help FinCom Spike Co Allocations of: MA Item B Googl Chron Micros lyp Unity Quit Location MH Main A Accept Q Search for: 15.00 Amount End of Lis 15.00 nt to •elati c2524 9b89b -c082 Hub" , " : "6b 9b89b -c082 : '2.3 tion_ 24978 isten corre 2fcfc nning ' , "sou Oad7- age" , " : "6b Windows Server 2025 Datacenter Build 26100.ge_release240331-1435 8:58 PM 10/8/2026
[keys] '{ENTER}' -> Tally 'TallyPrime:9000'
[shot] mh-0128-S6-w43 (1024x768)
[mh] mh-0128-S6-w43: field none left '' heads '' value '' (boxes: ) | x Recyc Firefo TallyPrime MANAGE EDU K: Company Stock Item Allocation Y: Data Z: Exchange O: Import E: Export M: Share p: print Fl: Help FinCom Spike Co Allocations of: MA Item B Googl Chron Micros lyp Unity Quit Location MH Main A Accept Q Search for: 15.00 Amount End of Lis 15.00 nt to •elati c2524 9b89b -c082 Hub" , " : "6b 9b89b -c082 : '2.3 tion_ 24978 isten corre 2fcfc nning ' , "sou Oad7- age" , " : "6b Windows Server 2025 Datacenter Build 26100.ge_release240331-1435 8:58 PM 10/8/2026
[keys] '{ENTER}' -> Tally 'TallyPrime:9000'
[shot] mh-0129-S6-w44 (1024x768)
[mh] mh-0129-S6-w44: field none left '' heads '' value '' (boxes: ) | x Recyc Firefo TallyPrime MANAGE EDU K: Company Stock Item Allocation Y: Data Z: Exchange O: Import E: Export M: Share p: print Fl: Help FinCom Spike Co Allocations of: MA Item B Googl Chron Micros lyp Unity Quit Location MH Main A Accept Q Search for: 15.00 Amount End of Lis 15.00 nt to •elati c2524 9b89b -c082 Hub" , " : "6b 9b89b -c082 : '2.3 tion_ 24978 isten corre 2fcfc nning ' , "sou Oad7- age" , " : "6b Windows Server 2025 Datacenter Build 26100.ge_release240331-1435 8:58 PM 10/8/2026
[keys] '{ENTER}' -> Tally 'TallyPrime:9000'
[shot] mh-0130-S6-w45 (1024x768)
[mh] mh-0130-S6-w45: field none left '' heads '' value '' (boxes: ) | x Recyc Firefo TallyPrime MANAGE EDU K: Company Stock Item Allocation Y: Data Z: Exchange O: Import E: Export M: Share p: print Fl: Help FinCom Spike Co Allocations of: MA Item B Googl Chron Micros lyp Unity Quit Location MH Main A Accept Q Search for: 15.00 Amount End of Lis 15.00 nt to •elati c2524 9b89b -c082 Hub" , " : "6b 9b89b -c082 : '2.3 tion_ 24978 isten corre 2fcfc nning ' , "sou Oad7- age" , " : "6b Windows Server 2025 Datacenter Build 26100.ge_release240331-1435 8:58 PM 10/8/2026
[keys] '{ENTER}' -> Tally 'TallyPrime:9000'
[shot] mh-0131-S6-w46 (1024x768)
[mh] mh-0131-S6-w46: field none left '' heads '' value '' (boxes: ) | x Recyc Firefo TallyPrime MANAGE EDU K: Company Stock Item Allocation Y: Data Z: Exchange O: Import E: Export M: Share p: print Fl: Help FinCom Spike Co Allocations of: MA Item B Googl Chron Micros lyp Unity Quit Location MH Main A Accept Q Search for: 15.00 Amount End of Lis 15.00 nt to •elati c2524 9b89b -c082 Hub" , " : "6b 9b89b -c082 : '2.3 tion_ 24978 isten corre 2fcfc nning ' , "sou Oad7- age" , " : "6b Windows Server 2025 Datacenter Build 26100.ge_release240331-1435 8:58 PM 10/8/2026
[keys] '{ENTER}' -> Tally 'TallyPrime:9000'
[shot] mh-0132-S6-w47 (1024x768)
[mh] mh-0132-S6-w47: field none left '' heads '' value '' (boxes: ) | x Recyc Firefo TallyPrime MANAGE EDU K: Company Stock Item Allocation Y: Data Z: Exchange O: Import E: Export M: Share p: print Fl: Help FinCom Spike Co Allocations of: MA Item B Googl Chron Micros lyp Unity Quit Location MH Main A Accept Q Search for: 15.00 Amount End of Lis 15.00 nt to •elati c2524 9b89b -c082 Hub" , " : "6b 9b89b -c082 : '2.3 tion_ 24978 isten corre 2fcfc nning ' , "sou Oad7- age" , " : "6b Windows Server 2025 Datacenter Build 26100.ge_release240331-1435 8:58 PM 10/8/2026
[keys] '{ENTER}' -> Tally 'TallyPrime:9000'
[shot] mh-0133-S6-w48 (1024x768)
[mh] mh-0133-S6-w48: field none left '' heads '' value '' (boxes: ) | x Recyc Firefo TallyPrime MANAGE EDU K: Company Stock Item Allocation Y: Data Z: Exchange O: Import E: Export M: Share p: print Fl: Help FinCom Spike Co Allocations of: MA Item B Googl Chron Micros lyp Unity Quit Location MH Main A Accept Q Search for: 15.00 Amount End of Lis 15.00 nt to •elati c2524 9b89b -c082 Hub" , " : "6b 9b89b -c082 : '2.3 tion_ 24978 isten corre 2fcfc nning ' , "sou Oad7- age" , " : "6b Windows Server 2025 Datacenter Build 26100.ge_release240331-1435 8:58 PM 10/8/2026
[keys] '{ENTER}' -> Tally 'TallyPrime:9000'
[shot] mh-0134-S6-w49 (1024x768)
[mh] mh-0134-S6-w49: field none left '' heads '' value '' (boxes: ) | x Recyc Firefo TallyPrime MANAGE EDU K: Company Stock Item Allocation Y: Data Z: Exchange O: Import E: Export M: Share p: print Fl: Help FinCom Spike Co Allocations of: MA Item B Googl Chron Micros lyp Unity Quit Location MH Main A Accept Q Search for: 15.00 Amount End of Lis 15.00 nt to •elati c2524 9b89b -c082 Hub" , " : "6b 9b89b -c082 : '2.3 tion_ 24978 isten corre 2fcfc nning ' , "sou Oad7- age" , " : "6b Windows Server 2025 Datacenter Build 26100.ge_release240331-1435 8:58 PM 10/8/2026
[keys] '{ENTER}' -> Tally 'TallyPrime:9000'
[shot] mh-0135-S6-w50 (1024x768)
[mh] mh-0135-S6-w50: field none left '' heads '' value '' (boxes: ) | x Recyc Firefo TallyPrime MANAGE EDU K: Company Stock Item Allocation Y: Data Z: Exchange O: Import E: Export M: Share p: print Fl: Help FinCom Spike Co Allocations of: MA Item B Googl Chron Micros lyp Unity Quit Location MH Main A Accept Q Search for: 15.00 Amount End of Lis 15.00 nt to •elati c2524 9b89b -c082 Hub" , " : "6b 9b89b -c082 : '2.3 tion_ 24978 isten corre 2fcfc nning ' , "sou Oad7- age" , " : "6b Windows Server 2025 Datacenter Build 26100.ge_release240331-1435 8:58 PM 10/8/2026
[keys] '{ENTER}' -> Tally 'TallyPrime:9000'
[shot] mh-0136-S6-w51 (1024x768)
[mh] mh-0136-S6-w51: field none left '' heads '' value '' (boxes: ) | x Recyc Firefo TallyPrime MANAGE EDU K: Company Stock Item Allocation Y: Data Z: Exchange O: Import E: Export M: Share p: print Fl: Help FinCom Spike Co Allocations of: MA Item B Googl Chron Micros lyp Unity Quit Location MH Main A Accept Q Search for: 15.00 Amount End of Lis 15.00 nt to •elati c2524 9b89b -c082 Hub" , " : "6b 9b89b -c082 : '2.3 tion_ 24978 isten corre 2fcfc nning ' , "sou Oad7- age" , " : "6b Windows Server 2025 Datacenter Build 26100.ge_release240331-1435 8:58 PM 10/8/2026
[keys] '{ENTER}' -> Tally 'TallyPrime:9000'
[shot] mh-0137-S6-w52 (1024x768)
[mh] mh-0137-S6-w52: field none left '' heads '' value '' (boxes: ) | x Recyc Firefo TallyPrime MANAGE EDU K: Company Stock Item Allocation Y: Data Z: Exchange O: Import E: Export M: Share p: print Fl: Help FinCom Spike Co Allocations of: MA Item B Googl Chron Micros lyp Unity Quit Location MH Main A Accept Q Search for: 15.00 Amount End of Lis 15.00 nt to •elati c2524 9b89b -c082 Hub" , " : "6b 9b89b -c082 : '2.3 tion_ 24978 isten corre 2fcfc nning ' , "sou Oad7- age" , " : "6b Windows Server 2025 Datacenter Build 26100.ge_release240331-1435 8:58 PM 10/8/2026
[keys] '{ENTER}' -> Tally 'TallyPrime:9000'
[shot] mh-0138-S6-w53 (1024x768)
[mh] mh-0138-S6-w53: field none left '' heads '' value '' (boxes: ) | x Recyc Firefo TallyPrime MANAGE EDU K: Company Stock Item Allocation Y: Data Z: Exchange O: Import E: Export M: Share p: print Fl: Help FinCom Spike Co Allocations of: MA Item B Googl Chron Micros lyp Unity Quit Location MH Main A Accept Q Search for: 15.00 Amount End of Lis 15.00 nt to •elati c2524 9b89b -c082 Hub" , " : "6b 9b89b -c082 : '2.3 tion_ 24978 isten corre 2fcfc nning ' , "sou Oad7- age" , " : "6b Windows Server 2025 Datacenter Build 26100.ge_release240331-1435 8:58 PM 10/8/2026
[keys] '{ENTER}' -> Tally 'TallyPrime:9000'
[shot] mh-0139-S6-w54 (1024x768)
[mh] mh-0139-S6-w54: field none left '' heads '' value '' (boxes: ) | x Recyc Firefo TallyPrime MANAGE EDU K: Company Stock Item Allocation Y: Data Z: Exchange O: Import E: Export M: Share p: print Fl: Help FinCom Spike Co Allocations of: MA Item B Googl Chron Micros lyp Unity Quit Location MH Main A Accept Q Search for: 15.00 Amount End of Lis 15.00 nt to •elati c2524 9b89b -c082 Hub" , " : "6b 9b89b -c082 : '2.3 tion_ 24978 isten corre 2fcfc nning ' , "sou Oad7- age" , " : "6b Windows Server 2025 Datacenter Build 26100.ge_release240331-1435 8:58 PM 10/8/2026
[keys] '{ENTER}' -> Tally 'TallyPrime:9000'
[shot] mh-0140-S6-w55 (1024x768)
[mh] mh-0140-S6-w55: field none left '' heads '' value '' (boxes: ) | x Recyc Firefo TallyPrime MANAGE EDU K: Company Stock Item Allocation Y: Data Z: Exchange O: Import E: Export M: Share p: print Fl: Help FinCom Spike Co Allocations of: MA Item B Googl Chron Micros lyp Unity Quit Location MH Main A Accept Q Search for: 15.00 Amount End of Lis 15.00 nt to •elati c2524 9b89b -c082 Hub" , " : "6b 9b89b -c082 : '2.3 tion_ 24978 isten corre 2fcfc nning ' , "sou Oad7- age" , " : "6b Windows Server 2025 Datacenter Build 26100.ge_release240331-1435 8:58 PM 10/8/2026
[keys] '{ENTER}' -> Tally 'TallyPrime:9000'
[shot] mh-0141-S6-w56 (1024x768)
[mh] mh-0141-S6-w56: field none left '' heads '' value '' (boxes: ) | x Recyc Firefo TallyPrime MANAGE EDU K: Company Stock Item Allocation Y: Data Z: Exchange O: Import E: Export M: Share p: print Fl: Help FinCom Spike Co Allocations of: MA Item B Googl Chron Micros lyp Unity Quit Location MH Main A Accept Q Search for: 15.00 Amount End of Lis 15.00 nt to •elati c2524 9b89b -c082 Hub" , " : "6b 9b89b -c082 : '2.3 tion_ 24978 isten corre 2fcfc nning ' , "sou Oad7- age" , " : "6b Windows Server 2025 Datacenter Build 26100.ge_release240331-1435 8:58 PM 10/8/2026
[keys] '{ENTER}' -> Tally 'TallyPrime:9000'
[shot] mh-0142-S6-w57 (1024x768)
[mh] mh-0142-S6-w57: field none left '' heads '' value '' (boxes: ) | x Recyc Firefo TallyPrime MANAGE EDU K: Company Stock Item Allocation Y: Data Z: Exchange O: Import E: Export M: Share p: print Fl: Help FinCom Spike Co Allocations of: MA Item B Googl Chron Micros lyp Unity Quit Location MH Main A Accept Q Search for: 15.00 Amount End of List 15.00 nt to •elati c2524 9b89b -c082 Hub" , " : "6b 9b89b -c082 : '2.3 tion_ 24978 isten corre 2fcfc nning ' , "sou Oad7- age" , " : "6b Windows Server 2025 Datacenter Build 26100.ge_release240331-1435 8:58 PM 10/8/2026
[keys] '{ENTER}' -> Tally 'TallyPrime:9000'
[shot] mh-0143-S6-w58 (1024x768)
[mh] mh-0143-S6-w58: field none left '' heads '' value '' (boxes: ) | x Recyc Firefo TallyPrime MANAGE EDU K: Company Stock Item Allocation Y: Data Z: Exchange O: Import E: Export M: Share p: print Fl: Help FinCom Spike Co Allocations of: MA Item B Googl Chron Micros lyp Unity Quit Location MH Main A Accept Q Search for: 15.00 Amount End of Lis 15.00 nt to •elati c2524 9b89b -c082 Hub" , " : "6b 9b89b -c082 : '2.3 tion_ 24978 isten corre 2fcfc nning ' , "sou Oad7- age" , " : "6b Windows Server 2025 Datacenter Build 26100.ge_release240331-1435 8:58 PM 10/8/2026
[keys] '{ENTER}' -> Tally 'TallyPrime:9000'
[shot] mh-0144-S6-w59 (1024x768)
[mh] mh-0144-S6-w59: field none left '' heads '' value '' (boxes: ) | x Recyc Firefo TallyPrime MANAGE EDU K: Company Stock Item Allocation Y: Data Z: Exchange O: Import E: Export M: Share p: print Fl: Help FinCom Spike Co Allocations of: MA Item B Googl Chron Micros lyp Unity Quit Location MH Main A Accept Q Search for: 15.00 Amount End of List 15.00 nt to •elati c2524 9b89b -c082 Hub" , " : "6b 9b89b -c082 : '2.3 tion_ 24978 isten corre 2fcfc nning ' , "sou Oad7- age" , " : "6b Windows Server 2025 Datacenter Build 26100.ge_release240331-1435 8:58 PM 10/8/2026
[keys] '{ENTER}' -> Tally 'TallyPrime:9000'
[shot] mh-0145-S6-w60 (1024x768)
[mh] mh-0145-S6-w60: field none left '' heads '' value '' (boxes: ) | x Recyc Firefo TallyPrime MANAGE EDU K: Company Stock Item Allocation Y: Data Z: Exchange O: Import E: Export M: Share p: print Fl: Help FinCom Spike Co Allocations of: MA Item B Googl Chron Micros lyp Unity Quit Location MH Main A Accept Q Search for: 15.00 Amount End of List 15.00 nt to •elati c2524 9b89b -c082 Hub" , " : "6b 9b89b -c082 : '2.3 tion_ 24978 isten corre 2fcfc nning ' , "sou Oad7- age" , " : "6b Windows Server 2025 Datacenter Build 26100.ge_release240331-1435 8:58 PM 10/8/2026
[keys] '{ENTER}' -> Tally 'TallyPrime:9000'
[shot] mh-0146-S6-before-save (1024x768)
[mh] mh-0146-S6-before-save: field none left '' heads '' value '' (boxes: ) | x Recyc Firefo TallyPrime MANAGE EDU K: Company Stock Item Allocation Y: Data Z: Exchange O: Import E: Export M: Share p: print Fl: Help FinCom Spike Co Allocations of: MA Item B Googl Chron Micros lyp Unity Quit Location MH Main A Accept Q Search for: 15.00 Amount End of Lis 15.00 nt to •elati c2524 9b89b -c082 Hub" , " : "6b 9b89b -c082 : '2.3 tion_ 24978 isten corre 2fcfc nning ' , "sou Oad7- age" , " : "6b Windows Server 2025 Datacenter Build 26100.ge_release240331-1435 8:58 PM 10/8/2026
[keys] '' -> Tally 'TallyPrime:9000'
[shot] mh-0147-S6-saved1 (1024x768)
[mh] mh-0147-S6-saved1: field none left '' heads '' value '' (boxes: ) | x Recyc Firefo TallyPrime MANAGE EDU K: Company Stock Item Allocation Y: Data Z: Exchange O: Import E: Export M: Share p: print Fl: Help FinCom Spike Co Allocations of: MA Item B Googl Chron Micros lyp Unity Quit Location MH Main A Accept Q Search for: 15.00 Amount End of Lis 15.00 nt to •elati c2524 9b89b -c082 Hub" , " : "6b 9b89b -c082 : '2.3 tion_ 24978 isten corre 2fcfc nning ' , "sou Oad7- age" , " : "6b Windows Server 2025 Datacenter Build 26100.ge_release240331-1435 8:59 PM 10/8/2026
[mh] S6 still in the form after Ctrl+A 1 (a sub-screen accepted?): Ctrl+A again
[keys] '' -> Tally 'TallyPrime:9000'
[shot] mh-0148-S6-saved2 (1024x768)
[mh] mh-0148-S6-saved2: field none left '' heads '' value '' (boxes: ) | x Recyc Firefo TallyPrime MANAGE EDU K: Company Stock Item Allocation Y: Data Z: Exchange O: Import E: Export M: Share p: print Fl: Help FinCom Spike Co Allocations of: MA Item B Googl Chron Micros lyp Unity Quit Location MH Main A Accept Q Search for: 15.00 Amount End of List 15.00 nt to •elati c2524 9b89b -c082 Hub" , " : "6b 9b89b -c082 : '2.3 tion_ 24978 isten corre 2fcfc nning ' , "sou Oad7- age" , " : "6b Windows Server 2025 Datacenter Build 26100.ge_release240331-1435 8:59 PM 10/8/2026
[mh] S6 still in the form after Ctrl+A 2 (a sub-screen accepted?): Ctrl+A again
[keys] '' -> Tally 'TallyPrime:9000'
[shot] mh-0149-S6-saved3 (1024x768)
[mh] mh-0149-S6-saved3: field none left '' heads '' value '' (boxes: ) | x Recyc Firefo TallyPrime MANAGE EDU K: Company Stock Item Allocation Y: Data Z: Exchange O: Import E: Export M: Share p: print Fl: Help FinCom Spike Co Allocations of: MA Item B Googl Chron Micros lyp Unity Quit Location MH Main A Accept Q Search for: 15.00 Amount End of List 15.00 nt to •elati c2524 9b89b -c082 Hub" , " : "6b 9b89b -c082 : '2.3 tion_ 24978 isten corre 2fcfc nning ' , "sou Oad7- age" , " : "6b Windows Server 2025 Datacenter Build 26100.ge_release240331-1435 8:59 PM 10/8/2026
[mh] S6 still in the form after Ctrl+A 3 (a sub-screen accepted?): Ctrl+A again
[shot] tds-068-mgw0 (1024x768)
[20:59:35] [tds] screen tds-068-mgw0 : x Recyc Firefo TallyPrime MANAGE EDU K: Company Stock Item Allocation Y: Data Z: Exchange O: Import E: Export M: Share p: print Fl: Help FinCom Spike Co Allocations of: MA Item B Googl Chron Micros lyp Unity Quit Location MH Main A Accept Q Search for: 15.00 Amount End of List 15.00 nt to •elati c2524 9b89b -c082 Hub" , " : "6b 9b89b -c082 : '2.3 tion_ 24978 isten corre 2fcfc nning ' , "sou Oad7- age" , " : "6b Windows Server 2025 Datacenter Build 26100.ge_release240331-1435 8:59 PM 10/8/2026
[keys] '{ESC}' -> Tally 'TallyPrime:9000'
[shot] tds-069-mgw1 (1024x768)
[20:59:38] [tds] screen tds-069-mgw1 : x Recyc Firefo TallyPrime MANAGE EDU K: Company Stock Item Allocation Y: Data Z: Exchange O: Import E: Export M: Share p: print Fl: Help FinCom Spike Co Allocations of: MA Item B Googl Chron Micros lyp Unity Quit Location MH Main A Accept Q Search for: 15.00 Amount 15.00 nt to •elati c2524 9b89b -c082 Hub" , " : "6b 9b89b -c082 : '2.3 tion_ 24978 isten corre 2fcfc nning ' , "sou Oad7- age" , " : "6b Windows Server 2025 Datacenter Build 26100.ge_release240331-1435 8:59 PM 10/8/2026
[keys] '{ESC}' -> Tally 'TallyPrime:9000'
[shot] tds-070-mgw2 (1024x768)
[20:59:41] [tds] screen tds-070-mgw2 : x Recyc Firefo TallyPrime MANAGE EDU K: Company Stock Item Allocation Y: Data Z: Exchange FinCom Spike Co Allocations of: MA Item B O: Import E: Export M: Share p: print Fl: Help Location MH Main Googl Chron Micros lyp Unity Q: Quit for: 15.00 Amount Quit o Yes or No IA _ : Accept Q Search nt to •elati c2524 9b89b -c082 Hub" , " : "6b 9b89b -c082 : '2.3 tion_ 24978 isten corre 2fcfc nning ' , "sou Oad7- age" , " : "6b Windows Server 2025 Datacenter Build 26100.ge_release240331-1435 8:59 PM 10/8/2026
[keys] 'y' -> Tally 'TallyPrime:9000'
[shot] tds-071-mgw3 (1024x768)
[20:59:44] [tds] screen tds-071-mgw3 : TallyPrime MANAGE Recyc EDU K: Company Stock Item Creation Y: Data Z: Exchange • Not Applicable O: Import E: Export M: Share p: print x Name (alias) Firefo Units Googl Chro Micros 46 IypÅ Unity Quit MA Item B FinCom • ke Co GST applicability HSWSAC & Related Details HSN/SAC Details Source of details HSN/SAC Description GST Rate & Related Details GST Rate Details Source of details Taxability Type GST Rate Type of Supply Rate of Duty (eg 5) Fl: Help F2: period Company • Applicable As per Company/Stock Group Not Available As per Company/Stock Group Not Available Goods FIO: Other Masters Quantity ...
[keys] '{ESC}' -> Tally 'TallyPrime:9000'
[shot] tds-072-mgw4 (1024x768)
[20:59:47] [tds] screen tds-072-mgw4 : TallyPrime MANAGE Recyc EDU K: Company Stock Item Creation Y: Data Z: Exchange • Not Applicable O: Import E: Export M: Share p: print x Name (alias) Firefo Units Googl Chro Micros 46 IypÅ Unity Quit MA Item B FinCom • ke Co GST applicability HSWSAC & Related Details HSN/SAC Details Source of details HSN/SAC Description GST Rate & Related Details GST Rate Details Source of details Taxability Type GST Rate Type of Supply Rate of Duty (eg 5) Fl: Help F2: period Company • Applicable As per Company/Stock Group Not Available As per Company/Stock Group Not Available Goods FIO: Other Masters Quantity ...
[keys] '{ESC}' -> Tally 'TallyPrime:9000'
[shot] tds-073-mgw5 (1024x768)
[20:59:50] [tds] screen tds-073-mgw5 : TallyPrime MANAGE Recyc EDU K: Company Stock Item Creation Y: Data Z: Exchange • Not Applicable O: Import E: Export M: Share FinCom p: print x Name (alias) Firefo Units Googl Chro Micros 46 IypÅ Unity Q: Quit MA Item B Fl: Help F2: period F3: Company GST applicability HSWSAC & Related Details HSN/SAC Details Source of details HSN/SAC Description GST Rate & Related Details GST Rate Details Source of details Taxability Type GST Rate Type of Supply Rate of Duty (eg 5) • Applicable As per Company/Stock Group Not Available As per Company/Stock Group Not Available Goods Quit o Yes or No FIO : Other ...
[keys] 'n' -> Tally 'TallyPrime:9000'
[shot] tds-074-mgw6 (1024x768)
[20:59:53] [tds] screen tds-074-mgw6 : TallyPrime MANAGE Recyc EDU K: Company Stock Item Creation Y: Data Z: Exchange • Not Applicable O: Import E: Export M: Share p: print x Name (alias) Firefo Units Googl Chro Micros 46 IypÅ Unity Quit MA Item B FinCom • ke Co GST applicability HSWSAC & Related Details HSN/SAC Details Source of details HSN/SAC Description GST Rate & Related Details GST Rate Details Source of details Taxability Type GST Rate Type of Supply Rate of Duty (eg 5) Fl: Help F2: period Company • Applicable As per Company/Stock Group Not Available As per Company/Stock Group Not Available Goods FIO: Other Masters Quantity ...
[keys] '{ESC}' -> Tally 'TallyPrime:9000'
[shot] tds-075-mgw7 (1024x768)
[20:59:56] [tds] screen tds-075-mgw7 : TallyPrime MANAGE Recyc EDU K: Company Stock Item Creation Y: Data Z: Exchange • Not Applicable O: Import E: Export M: Share FinCom p: print x Name (alias) Firefo Units Googl Chro Micros 46 IypÅ Unity Q: Quit MA Item B Fl: Help F2: period F3: Company GST applicability HSWSAC & Related Details HSN/SAC Details Source of details HSN/SAC Description GST Rate & Related Details GST Rate Details Source of details Taxability Type GST Rate Type of Supply Rate of Duty (eg 5) • Applicable As per Company/Stock Group Not Available As per Company/Stock Group Not Available Goods Quit o Yes or No FIO : Other ...
[keys] 'n' -> Tally 'TallyPrime:9000'
[20:59:58] [tds] the Gateway not reached (after S6-opening-batches): Tally started again
[keys] 'a' -> Tally 'TallyPrime:9000'
[keys] 't' -> Tally 'TallyPrime:9000'
[shot] tds-076-mh-start-0 (1024x768)
[21:00:33] [tds] screen tds-076-mh-start-0 : TallyPrime MANAGE Recyc EDU K: Company Gatewa of Tall Y: Data Z: Exchange CURRENT OATE Wednesday, I-Apr-2026 O: Import E: Export M: Share p: print Fl: Help Date Company Firefo Googl Chro Micros 46 IypÅ Unity CURRENT PERIOD I-Apr-26 to 31-Mar-27 NAME OF COMPANY FinCom Spike Co Gateway of Tally MASTERS Create Alter CHart of Accounts TRANSACTIONS Vouchers Day 800K UTILITIES BaNking REPORTS Balance Sheet Profit & Loss A/c Stock Summary Ratio Analysis Display More Reports DashbOard Quit 161 nt to •elati c2524 9b89b -c082 Hub" , " : "6b 9b89b -c082 tion_ 24978 isten corre 2fcfc nning ' , "sou Oad7- ...
  INFO mh A S6-opening-batches: stored as typed False (missing: not in Tally by name; ISBATCHWISEON=Yes; BATCHNAME=MA\ B1; BATCHNAME=MA\ B2; OPENINGBALANCE=15 Nos; [A-Z.]*OPENINGBALANCE=10 Nos; [A-Z.]*OPENINGBALANCE=5 Nos); error ''; Ctrl+A 248 ms; add-on lines: none
[21:00:34] ---- mh A S7-create-in-voucher (Stock Item 'MA Item V')
[shot] tds-077-mgw0 (1024x768)
[21:00:34] [tds] screen tds-077-mgw0 : TallyPrime MANAGE Recyc EDU K: Company Gatewa of Tall Y: Data Z: Exchange CURRENT OATE Wednesday, I-Apr-2026 O: Import E: Export M: Share p: print Fl: Help Date Company Firefo Googl Chro Micros 46 IypÅ Unity CURRENT PERIOD I-Apr-26 to 31-Mar-27 NAME OF COMPANY FinCom Spike Co Gateway of Tally MASTERS Create Alter CHart of Accounts TRANSACTIONS Vouchers Day 800K UTILITIES BaNking REPORTS Balance Sheet Profit & Loss A/c Stock Summary Ratio Analysis Display More Reports DashbOard Quit 161 nt to •elati c2524 9b89b -c082 Hub" , " : "6b 9b89b -c082 tion_ 24978 isten corre 2fcfc nning ' , "sou Oad7- ...
[keys] 'v' -> Tally 'TallyPrime:9000'
[keys] '{F8}' -> Tally 'TallyPrime:9000'
[shot] mh-0150-S7v-w1 (1024x768)
[mh] mh-0150-S7v-w1: field 134,158,205x16 left 'Party Alc narne.' heads 'Accounting Voucher Creation / K: Company / Y: Data' value '' (boxes: 134,158,205x16[Party Alc narne.|Accounting Voucher Creation/K: Company/Y: Data]) | Recyc Firef Googl Chro Micros 46 IypÅ Unity TallyPrime MANAGE EDU K: Company Accounting Voucher Creation Sales Party Alc narne. Current balance: Sales ledger: Current balance: Name of Item Narration: Quit Y: Data Z: Exchange A Accept Q Search FinCom • ke Co O: Import E: Export List of Led er Accounts Cash Spike Party Spike Party 2 Ul Party M: Share p: print x Create Fl: Help Date Company F4: Contra F5: Payment Receipt Journal F8: Sales 161 nt to •elati c2524 9b89b -c082 Hub" , " : "6b 9b89b Purchase ( • -c082 Fl 0: 0åHVouctg•s F: Autofill Change Mode More Details o: L: tion_ 24978 isten corre 2fcfc nning ' , "sou Oad7- age" , " : "6b D: Delete Cancel Vch Related Reports Optional post -Dated Configure Windows Server 2025 Datacenter Build 26100.ge_release240331-1435 g:oo PM 10/8/2026
[keys] '{ENTER}' -> Tally 'TallyPrime:9000'
[shot] mh-0151-S7v-w2 (1024x768)
[mh] mh-0151-S7v-w2: field 108,361,149x16 left 'Micros' heads 'Delivery Note No(s)' value '' (boxes: 108,361,149x16[Micros|Delivery Note No(s)]) | Recyc Firefo Googl Chron TallyPrime MANAGE EDU K: Company Details Y: Data Z: Exchange A Accept Q Search O: Import E: Export M: Share p: print Fl: Help FinCom Spike Co Dispatch Details Dispatch Doc No. Dispatched through Destination Carrier Name/Agent Bill of No. Motor Vehicle No. Delivery Note No(s) Micros lyp Unity Quit Date: x nt to •elati c2524 9b89b -c082 Hub" , " : "6b 9b89b -c082 : '2.3 tion_ 24978 isten corre 2fcfc nning ' , "sou Oad7- age" , " : "6b Windows Server 2025 Datacenter Build 26100.ge_release240331-1435 g:oo PM 10/8/2026
[keys] '{ENTER}' -> Tally 'TallyPrime:9000'
[shot] mh-0152-S7v-w3 (1024x768)
[mh] mh-0152-S7v-w3: field 592,329,125x16 left 'Dispatch Doc No.' heads '' value '' (boxes: 592,329,125x16[Dispatch Doc No.|]) | x Recyc Firefo Googl Chron Micros lyp Unity TallyPrime MANAGE EDU K: Company Details Y: Data Z: Exchange A Accept Q Search O: Import E: Export M: Share p: print Fl: Help Delivery Note No(s) FinCom Spike Co Dispatch Details Dispatch Doc No. Dispatched through Destination Carrier Name/Agent Bill of No. Motor Vehicle No. Date: Quit nt to •elati c2524 9b89b -c082 Hub" , " : "6b 9b89b -c082 : '2.3 tion_ 24978 isten corre 2fcfc nning ' , "sou Oad7- age" , " : "6b Windows Server 2025 Datacenter Build 26100.ge_release240331-1435 g:oo PM 10/8/2026
[mh] S7v rule 1 (Delivery Note|Dispatch Doc|Buyer|Mailing Name|Order No) on 'Dispatch Doc No.|': keys '^a'
[keys] '^a' -> Tally 'TallyPrime:9000'
[shot] mh-0153-S7v-w4 (1024x768)
[mh] mh-0153-S7v-w4: field 396,250,285x16 left 'Buyer (Bill to)' heads 'Party Details / FinCom Spike Co / O: Import' value 'Cash' (boxes: 396,250,285x16[Buyer (Bill to)|Party Details/FinCom Spike Co/O: Import]) | Recyc TallyPrime MANAGE EDU K: Company Details Y: Data Z: Exchange FinCom Spike Co Party Details Cash List of Led er Accounts Cash Spike Party Spike Party 2 Ul Party O: Import Create New Party E: Export M: Share p: print Firefo Googl Chron Micros lyp Unity Quit Buyer (Bill to) Mailing Name Address State Country GST Registration type GSTIN/UIN Place of Supply A Accept Q Search x Fl: Help nt to •elati c2524 9b89b -c082 Hub" , " : "6b 9b89b -c082 : '2.3 tion_ 24978 isten corre 2fcfc nning ' , "sou Oad7- age" , " : "6b Configure Windows Server 2025 Datacenter Build 26100.ge_release240331-1435 g:oo PM 10/8/2026
[keys] '{ENTER}' -> Tally 'TallyPrime:9000'
[shot] mh-0154-S7v-w5 (1024x768)
[mh] mh-0154-S7v-w5: field 396,268,285x16 left 'Mailing Name' heads 'Cash / Party Details / FinCom Spike Co' value 'Cash' (boxes: 396,268,285x16[Mailing Name|Cash/Party Details/FinCom Spike Co]) | Recyc TallyPrime MANAGE EDU K: Company Details Y: Data Z: Exchange O: Import E: Export M: Share p: print Firefo Googl Chron Micros lyp Unity Quit Buyer (Bill to) Mailing Name Address State Country GST Registration type GSTIN/UIN Place of Supply A Accept Q Search FinCom Spike Co Party Details Cash Cash Not Applicable India Unregistered/Consumer Not Applicable x Fl: Help nt to •elati c2524 9b89b -c082 Hub" , " : "6b 9b89b -c082 : '2.3 tion_ 24978 isten corre 2fcfc nning ' , "sou Oad7- age" , " : "6b Configure Windows Server 2025 Datacenter Build 26100.ge_release240331-1435 g:oo PM 10/8/2026
[keys] '{ENTER}' -> Tally 'TallyPrime:9000'
[shot] mh-0155-S7v-w6 (1024x768)
[mh] mh-0155-S7v-w6: field 396,286,285x16 left 'Address' heads 'Cash / Cash / Party Details' value '' (boxes: 396,286,285x16[Address|Cash/Cash/Party Details]) | Recyc TallyPrime MANAGE EDU K: Company Details Y: Data Z: Exchange O: Import E: Export M: Share p: print Firefo Googl Chron Micros lyp Unity Quit Buyer (Bill to) Mailing Name Address State Country GST Registration type GSTIN/UIN Place of Supply A Accept Q Search FinCom Spike Co Party Details Cash Cash Not Applicable India Unregistered/Consumer Not Applicable x Fl: Help nt to •elati c2524 9b89b -c082 Hub" , " : "6b 9b89b -c082 : '2.3 tion_ 24978 isten corre 2fcfc nning ' , "sou Oad7- age" , " : "6b Configure Windows Server 2025 Datacenter Build 26100.ge_release240331-1435 g:oo PM 10/8/2026
[keys] '{ENTER}' -> Tally 'TallyPrime:9000'
[shot] mh-0156-S7v-w7 (1024x768)
[mh] mh-0156-S7v-w7: field 396,446,189x16 left 'State' heads 'Cash / Cash' value 'licable' (boxes: 396,446,189x16[State|Cash/Cash]) | TallyPrime MANAGE Recyc 31 V EDU Details Quit K: Company Y: Data Z: Exchange O: Import E: Export M: Share Firefo Googl Chron Micros Unity FinCom Spike Co Party Details Buyer (Bill to) Mailing Name Address Cash Cash Not A State Coun GST GSTI Plac licable List of States • Not Applicable Andaman & Nicobar Islands Andhra Pradesh Arunachal Pradesh Assam Bihar Accept Q Search New State Change Country p: print Fl: Help x Configure 161 nt to •elati c2524 9b89b -c082 Hub" , " : "6b 9b89b -c082 tion_ 24978 isten corre 2fcfc nning ' , "sou Oad7- age" , " : "6b Windows Server 2025 Datacenter Build 26100.ge_release240331-1435 g:oo PM 10/8/2026
[keys] '{ENTER}' -> Tally 'TallyPrime:9000'
[shot] mh-0157-S7v-w8 (1024x768)
[mh] mh-0157-S7v-w8: field 396,464,189x16 left 'Country' heads 'Not Applicable / Cash' value 'Ondia' (boxes: 396,464,189x16[Country|Not Applicable/Cash]) | TallyPrime MANAGE Recyc EDU Details Quit K: Company Y: Data Z: Exchange FinCom Spike Co Party Details Cash Cash Not Applicable Ondia O: Import 24 v E: Export M: Share Firefo Googl Chron Micros Unity Buyer (Bill to) Mailing Name Address State Country GST Registrati • List of Countries GSTIN/UIN Bangladesh Place of Suppl Bhutan Botswana Egypt Ghana Hong Kong India Accept Q Search p: print Fl: Help x Configure 161 nt to •elati c2524 9b89b -c082 Hub" , " : "6b 9b89b -c082 tion_ 24978 isten corre 2fcfc nning ' , "sou Oad7- age" , " : "6b Windows Server 2025 Datacenter Build 26100.ge_release240331-1435 g:oo PM 10/8/2026
[keys] '{ENTER}' -> Tally 'TallyPrime:9000'
[shot] mh-0158-S7v-w9 (1024x768)
[mh] mh-0158-S7v-w9: field 396,485,189x16 left 'GST Registration type' heads 'India / Not Applicable' value '' (boxes: 396,485,189x16[GST Registration type|India/Not Applicable]) | TallyPrime MANAGE Recyc EDU Details Quit K: Company Y: Data Z: Exchange O: Import E: Export M: Share Firefo Googl Chron Micros Unity Buyer (Bill to) Mailing Name Address State Country GST Registration type GSTIN/UIN Place of Supply Accept Q Search FinCom Spike Co Party Details Cash Cash Not Applicable India Not Applicable GSTR istration Tv Show More • Unknown Composition Regular Unregistered/Consumer p: print Fl: Help x Configure 161 nt to •elati c2524 9b89b -c082 Hub" , " : "6b 9b89b -c082 tion_ 24978 isten corre 2fcfc nning ' , "sou Oad7- age" , " : "6b Windows Server 2025 Datacenter Build 26100.ge_release240331-1435 9:01 PM 10/8/2026
[keys] '{ENTER}' -> Tally 'TallyPrime:9000'
[shot] mh-0159-S7v-w10 (1024x768)
[mh] mh-0159-S7v-w10: field 396,503,189x16 left 'GSTIN/UIN' heads 'Unregistered/Consumer / India / Not Applicable' value '' (boxes: 396,503,189x16[GSTIN/UIN|Unregistered/Consumer/India/Not Applicable]) | Recyc TallyPrime MANAGE EDU K: Company Details Y: Data Z: Exchange O: Import E: Export M: Share p: print Firefo Googl Chron Micros lyp Unity Quit Buyer (Bill to) Mailing Name Address State Country GST Registration type GSTIN/UIN Place of Supply A Accept Q Search FinCom Spike Co Party Details Cash Cash Not Applicable India Unregistered/Consumer Not Applicable x Fl: Help nt to •elati c2524 9b89b -c082 Hub" , " : "6b 9b89b -c082 : '2.3 tion_ 24978 isten corre 2fcfc nning ' , "sou Oad7- age" , " : "6b Configure Windows Server 2025 Datacenter Build 26100.ge_release240331-1435 9:01 PM 10/8/2026
[keys] '{ENTER}' -> Tally 'TallyPrime:9000'
[shot] mh-0160-S7v-w11 (1024x768)
[mh] mh-0160-S7v-w11: field 396,528,189x16 left 'Place of Supply' heads 'Madhya Pradesh / Lakshadweep / Karnataka' value '' (boxes: 396,528,189x16[Place of Supply|Madhya Pradesh/Lakshadweep/Karnataka]) | TallyPrime MANAGE Recyc 17 V EDU Details Quit K: Company Y: Data Z: Exchange FinCom Spike Co List of States • Not Applicable Andaman & Nicobar Islands Andhra Pradesh Arunachal Pradesh Assam Bihar Chandigarh Chhattisgarh O: Import New State E: Export M: Share Firefo Googl Chron Micros Unity Buyer (Bill to) Mailing Name Address State Country GST Registratio GSTIN/UIN Place of Supply Dadra & Nagar Haveli and Daman & Diu Delhi Goa Gujarat Haryana Himachal Pradesh Jammu & Kashmir Jharkhand Karnataka Kerala Ladakh Lakshadweep Madhya Pradesh p: print Fl: Help x Configure 161 nt to •elati c2524 9b89b -c082 Hub" , " : "6b 9b89b -c082 tion_ 24978 isten corre 2fcfc nning ' , "sou Oad7- age" , " : "6b Accept Q Search Windows Server 2025 Datacenter Build 26100.ge_release240331-1435 9:01 PM 10/8/2026
[keys] '{ENTER}' -> Tally 'TallyPrime:9000'
[shot] mh-0161-S7v-w12 (1024x768)
[mh] mh-0161-S7v-w12: field 134,195,205x16 left 'Sales ledger' heads 'PartyA/c narne: Cash / Accounting Voucher Creation / K: Company' value '' (boxes: 134,195,205x16[Sales ledger|PartyA/c narne: Cash/Accounting Voucher Creation/K: Company]) | Recyc Firef Googl Chro Micros 46 IypÅ Unity TallyPrime MANAGE EDU K: Company Accounting Voucher Creation Sales PartyA/c narne: Cash Current balance: Sales ledger: Current balance: Name of Item Narration: Quit Y: Data Z: Exchange A Accept Q Search FinCom • ke Co O: Import E: Export List of Led er Accounts MH Sales M: Share p: print x Create Show More Fl: Help Date Company F4: Contra F5: Payment Receipt Journal F8: Sales 161 nt to •elati c2524 9b89b -c082 Hub" , " : "6b 9b89b Purchase ( • -c082 Fl 0: 0åHVouctg•s F: Autofill Change Mode More Details o: L: tion_ 24978 isten corre 2fcfc nning ' , "sou Oad7- age" , " : "6b D: Delete Cancel Vch Related Reports Optional post -Dated Configure Windows Server 2025 Datacenter Build 26100.ge_release240331-1435 9:01 PM 10/8/2026
[mh] S7v rule 2 (Sales ledger) on 'Sales ledger|PartyA/c narne: Cash': keys 'MH Sales{ENTER}'
[keys] 'MH Sales' -> Tally 'TallyPrime:9000'
[keys] '{ENTER}' -> Tally 'TallyPrime:9000'
[shot] mh-0162-S7v-w13 (1024x768)
[mh] mh-0162-S7v-w13: field 52,274,245x16 left 'Chron' heads 'Name of Item / Current balance / Sales ledger: MH Sales' value '' (boxes: 52,274,245x16[Chron|Name of Item/Current balance/Sales ledger: MH Sales]) | TallyPrime MANAGE Recyc EDU K: Company Accounting Voucher Creation Sales Firef PartyA/c narne: Cash Current balance: Sales ledger: MH Sales Current balance: Name of Item Googl Chron Micros 46 IypÅ Narration: Unity Quit Y: Data Z: Exchange A Accept Q Search FinCom • ke Co O: Import Quantity E: Export Rate M: Share per p: print upr-26 Wednesday Amount Fl: Help Date Company F4: Contra F5: Payment Receipt Journal F8: Sales 161 nt to •elati c2524 9b89b -c082 Hub" , " : "6b 9b89b Purchase ( • -c082 Fl 0: 0åHVouctg•s F: Autofill Change Mode More Details o: L: Related Reports Optional post -Dated tion_ 24978 isten corre 2fcfc nning ' , "sou Oad7- age" , " : "6b D: Delete x: Cancel Vch F12: Configure Windows Server 2025 Datacenter Build 26100.ge_release240331-1435 9:01 PM 10/8/2026
[mh] S7v rule 3 (Name of Item) on 'Chron|Name of Item': keys '%c'
[keys] '%c' -> Tally 'TallyPrime:9000'
[shot] mh-0163-S7-item-form (1024x768)
[mh] mh-0163-S7-item-form: field 137,116,241x15 left 'Name' heads 'Stock Item Creation (Secondary / K: Company Y: Data / Z: Exchange' value '' (boxes: 137,116,241x15[Name|Stock Item Creation (Secondary/K: Company Y: Data/Z: Exchange]) | TallyPrime MANAGE Recyc EDU K: Company Y: Data Stock Item Creation (Secondary Name (alias) Firefo Under Googl Units Chro Micros 46 Unity Quit Z: Exchange primary Not Applicable Accept Q Search O: Import E: Export M: Share p: print x FinCom • ke Co Statutory Details GST applicability HSWSAC & Related Details HSN/SAC Details Source of details HSN/SAC Description GST Rate & Related Details GST Rate Details Source of details Taxability Type GST Rate Type of Supply p: Delete Fl: Help F2: period Company • Applicable As per Company/Stock Group Not Available As per Company/Stock Group Not Available Goods 1 FIO: Other Masters More Details B Get HSN 'SAC Info Configure 161 nt to •elati c2524 9b89b -c082 Hub" , " : "6b 9b89b -c082 tion_ 24978 isten corre 2fcfc nning ' , "sou Oad7- age" , " : "6b Windows Server 2025 Datacenter Build 26100.ge_release240331-1435 9:01 PM 10/8/2026
[shot] mh-0164-S7-w1 (1024x768)
[mh] mh-0164-S7-w1: field 137,116,241x15 left 'Name' heads 'Stock Item Creation (Secondary / K: Company Y: Data / Z: Exchange' value '' (boxes: 137,116,241x15[Name|Stock Item Creation (Secondary/K: Company Y: Data/Z: Exchange]) | TallyPrime MANAGE Recyc EDU K: Company Y: Data Stock Item Creation (Secondary Name (alias) Firefo Under Googl Units Chro Micros 46 Unity Quit Z: Exchange primary Not Applicable Accept Q Search O: Import E: Export M: Share p: print x FinCom • ke Co Statutory Details GST applicability HSWSAC & Related Details HSN/SAC Details Source of details HSN/SAC Description GST Rate & Related Details GST Rate Details Source of details Taxability Type GST Rate Type of Supply p: Delete Fl: Help F2: period Company • Applicable As per Company/Stock Group Not Available As per Company/Stock Group Not Available Goods 1 FIO: Other Masters More Details B Get HSN 'SAC Info Configure 161 nt to •elati c2524 9b89b -c082 Hub" , " : "6b 9b89b -c082 tion_ 24978 isten corre 2fcfc nning ' , "sou Oad7- age" , " : "6b Windows Server 2025 Datacenter Build 26100.ge_release240331-1435 9:01 PM 10/8/2026
[mh] S7 rule 0 ((^|\W)Name$) on 'Name|Stock Item Creation (Secondary': keys 'MA Item V{ENTER}'
[keys] 'MA Item V' -> Tally 'TallyPrime:9000'
[keys] '{ENTER}' -> Tally 'TallyPrime:9000'
[shot] mh-0165-S7-w2 (1024x768)
[mh] mh-0165-S7-w2: field 137,133,241x15 left '' heads 'Stock Item Creation / K: Company Y: Data / Z: Exchange' value '' (boxes: 137,133,241x15[|Stock Item Creation/K: Company Y: Data/Z: Exchange]) | TallyPrime MANAGE Recyc EDU K: Company Y: Data Stock Item Creation Firefo Under Googl Units Chro Micros 46 Unity Quit Z: Exchange primary Not Applicable Accept Q Search O: Import E: Export M: Share p: print x FinCom • ke Co Statutory Details GST applicability HSWSAC & Related Details HSN/SAC Details Source of details HSN/SAC Description GST Rate & Related Details GST Rate Details Source of details Taxability Type GST Rate Type of Supply p: Delete Fl: Help F2: period Company • Applicable As per Company/Stock Group Not Available As per Company/Stock Group Not Available Goods 1 FIO: Other Masters More Details B Get HSN 'SAC Info Configure 161 nt to •elati c2524 9b89b -c082 Hub" , " : "6b 9b89b -c082 tion_ 24978 isten corre 2fcfc nning ' , "sou Oad7- age" , " : "6b Windows Server 2025 Datacenter Build 26100.ge_release240331-1435 9:01 PM 10/8/2026
[keys] '{ENTER}' -> Tally 'TallyPrime:9000'
[shot] mh-0166-S7-w3 (1024x768)
[mh] mh-0166-S7-w3: field 280,242,186x15 left 'Under' heads 'FinCom • ke Co / Z: Exchange' value 'Primary' (boxes: 280,242,186x15[Under|FinCom • ke Co/Z: Exchange]) | TallyPrime MANAGE Recyc EDU K: Company Stock Item Creation Y: Data Z: Exchange Primary Not Applicable Accept Q Search FinCom • ke Co Statutory Detail GST applicability HSWSAC & Rel HSN/SAC Detail Source of detail HSN/SAC Description GST Rate & Re GST Rate Detail Source of detail Taxability Type GST Rate Type of Supply O: Import List of Grou s • Primary E: Export M: Share Name (alias) Firefo Under Googl Units Chro Micros 46 Unity Quit MA Item V p: print x Create Fl: Help F2: period Company FIO: Other Masters More Details B Get HSN 'SAC Info Configure 161 nt to •elati c2524 9b89b -c082 Hub" , " : "6b 9b89b -c082 tion_ 24978 isten corre 2fcfc nning ' , "sou Oad7- age" , " : "6b p: Delete Windows Server 2025 Datacenter Build 26100.ge_release240331-1435 9:01 PM 10/8/2026
[keys] '{ENTER}' -> Tally 'TallyPrime:9000'
[shot] mh-0167-S7-w4 (1024x768)
[mh] mh-0167-S7-w4: field none left '' heads '' value '' (boxes: ) | TallyPrime MANAGE Recyc EDU K: Company Stock Item Creation Y: Data Z: Exchange primary Accept Q Search FinCom • ke Co Units Not Applicable Days Kgs Nos Description O: Import Create ils E: Export M: Share p: print x Name (alias) Firefo Under Googl Units Chro Micros 46 Unity Quit MA Item V Fl: Help F2: period Company • Applicable As per Company/Stock Group Not Available As per Company/Stock Group Not Available Goods 1 FIO: Other Masters GST Rate & Related Details GST Rate Details Source of details Taxability Type GST Rate Type of Supply p: Delete More Details B Get HSN 'SAC Info Configure 161 nt to •elati c2524 9b89b -c082 Hub" , " : "6b 9b89b -c082 tion_ 24978 isten corre 2fcfc nning ' , "sou Oad7- age" , " : "6b Windows Server 2025 Datacenter Build 26100.ge_release240331-1435 9:01 PM 10/8/2026
[keys] '{ENTER}' -> Tally 'TallyPrime:9000'
[shot] mh-0168-S7-w5 (1024x768)
[mh] mh-0168-S7-w5: field 677,266,186x15 left 'GST applicability' heads 'E: Export / M: Share / p: print' value '' (boxes: 677,266,186x15[GST applicability|E: Export/M: Share/p: print]) | TallyPrime MANAGE Recyc EDU K: Company Stock Item Creation Y: Data Z: Exchange primary Not Applicable Accept Q Search O: Import E: Export M: Share p: print x Name (alias) Firefo Under Googl Units Chro Micros 46 Unity Quit MA Item V FinCom • ke Co Statutory Details GST applicability HSWSAC & Related Details HSN/SAC Details Source of details HSN/SAC Description GST Rate & Related Details GST Rate Details Source of details Taxability Type GST Rate Type of Supply p: Delete Fl: Help F2: period Company As per Company/Stock Group Not Available As per Company/Stock Group Not Available Goods 1 FIO: Other Masters More Details B Get HSN 'SAC Info Configure 161 nt to •elati c2524 9b89b -c082 Hub" , " : "6b 9b89b -c082 tion_ 24978 isten corre 2fcfc nning ' , "sou Oad7- age" , " : "6b Windows Server 2025 Datacenter Build 26100.ge_release240331-1435 9:01 PM 10/8/2026
[keys] '{ENTER}' -> Tally 'TallyPrime:9000'
[shot] mh-0169-S7-w6 (1024x768)
[mh] mh-0169-S7-w6: field none left '' heads '' value '' (boxes: ) | TallyPrime MANAGE Recyc EDU K: Company Stock Item Creation Y: Data Z: Exchange primary Not Applicable Accept Q Search O: Import E: Export M: Share p: print x Name (alias) Firefo Under Googl Units Chro Micros 46 Unity Quit MA Item V FinCom • ke Co Statutory Details GST applicability HSWSAC & Related Details HSN/SAC Details Source of details HSN/SAC Description GST Rate & Related Detail GST Rate Details Source of details Taxability Type GST Rate Type of Supply p: Delete Fl: Help F2: period Company • Applicable As per Company/Stock Group List of Actions Show More As per Company/Stock Group Specify Details Here Use GST Classification Goods 1 FIO: Other Masters More Details B Get HSN 'SAC Info Configure 161 nt to •elati c2524 9b89b -c082 Hub" , " : "6b 9b89b -c082 tion_ 24978 isten corre 2fcfc nning ' , "sou Oad7- age" , " : "6b Windows Server 2025 Datacenter Build 26100.ge_release240331-1435 9:01 PM 10/8/2026
[keys] '{ENTER}' -> Tally 'TallyPrime:9000'
[shot] mh-0170-S7-w7 (1024x768)
[mh] mh-0170-S7-w7: field none left '' heads '' value '' (boxes: ) | TallyPrime MANAGE Recyc EDU K: Company Stock Item Creation Y: Data Z: Exchange primary Not Applicable Accept Q Search O: Import E: Export M: Share p: print x Name (alias) Firefo Under Googl Units Chro Micros 46 Unity Quit MA Item V FinCom • ke Co Statutory Details GST applicability HSWSAC & Related Details HSN/SAC Details Source of details HSN/SAC Description GST Rate & Related Details GST Rate Details Source of details Taxability Type GST Rate Type of Supply p: Delete Fl: Help F2: period Company • Applicable As per Company/Stock Group Not Available as per Company/Stock Group List of Actions Show More As per Company/Stock Group Specify Details Here Use GST Classification FIO: Other Masters More Details B Get HSN 'SAC Info Configure 161 nt to •elati c2524 9b89b -c082 Hub" , " : "6b 9b89b -c082 tion_ 24978 isten corre 2fcfc nning ' , "sou Oad7- age" , " : "6b Windows Server 2025 Datacenter Build 26100.ge_release240331-1435 9:01 PM 10/8/2026
[keys] '{ENTER}' -> Tally 'TallyPrime:9000'
[shot] mh-0171-S7-w8 (1024x768)
[mh] mh-0171-S7-w8: field 677,472,186x16 left 'Type of Supply' heads 'Serices / Goods / Not' value 'S' (boxes: 677,472,186x16[Type of Supply|Serices/Goods/Not]) | TallyPrime MANAGE Recyc EDU K: Company Stock Item Creation Y: Data Z: Exchange primary Not Applicable Accept Q Search O: Import E: Export M: Share p: print x Name (alias) Firefo Under Googl Units Chro Micros 46 Unity Quit MA Item V FinCom • ke Co Statutory Details GST applicability HSWSAC & Related Details HSN/SAC Details Source of details HSN/SAC Description GST Rate & Related Details GST Rate Details Source of details Taxability Type GST Rate Type of Supply p: Delete Fl: Help F2: period Company • Applicable As per Company/Stock Group Not Available T sof su As Capital Goods Not Goods Serices S FIO: Other Masters up 1 More Details B Get HSN 'SAC Info Configure 161 nt to •elati c2524 9b89b -c082 Hub" , " : "6b 9b89b -c082 tion_ 24978 isten corre 2fcfc nning ' , "sou Oad7- age" , " : "6b Windows Server 2025 Datacenter Build 26100.ge_release240331-1435 9:01 PM 10/8/2026
[keys] '{ENTER}' -> Tally 'TallyPrime:9000'
[shot] mh-0172-S7-w9 (1024x768)
[mh] mh-0172-S7-w9: field 677,487,68x16 left 'Rate of Duty (eg 5)' heads 'Goods / Not Available / As per Company/Stock Group' value '' (boxes: 677,487,68x16[Rate of Duty (eg 5)|Goods/Not Available/As per Company/Stock Group]) | TallyPrime MANAGE Recyc EDU K: Company Stock Item Creation Y: Data Z: Exchange • Not Applicable Accept Q Search O: Import E: Export M: Share p: print x Name (alias) Firefo Units Googl Chro Micros 46 Unity Quit MA Item V FinCom • ke Co GST applicability HSWSAC & Related Details HSN/SAC Details Source of details HSN/SAC Description GST Rate & Related Details GST Rate Details Source of details Taxability Type GST Rate Type of Supply Rate of Duty (eg 5) p: Delete Fl: Help F2: period Company • Applicable As per Company/Stock Group Not Available As per Company/Stock Group Not Available Goods FIO: Other Masters More Details B Get HSN 'SAC Info Configure 161 nt to •elati c2524 9b89b -c082 Hub" , " : "6b 9b89b -c082 tion_ 24978 isten corre 2fcfc nning ' , "sou Oad7- age" , " : "6b Windows Server 2025 Datacenter Build 26100.ge_release240331-1435 9:01 PM 10/8/2026
[keys] '{ENTER}' -> Tally 'TallyPrime:9000'
[shot] mh-0173-S7-w10 (1024x768)
[mh] mh-0173-S7-w10: field none left '' heads '' value '' (boxes: ) | TallyPrime MANAGE Recyc EDU K: Company Stock Item Creation Y: Data Z: Exchange • Not Applicable IA _ : Accept Q Search O: Import E: Export M: Share FinCom p: print x Name (alias) Firefo Units Googl Chro Micros 46 Unity Q: Quit MA Item V Fl: Help F2: period F3: Company GST applicability HSWSAC & Related Details HSN/SAC Details Source of details HSN/SAC Description GST Rate & Related Details GST Rate Details Source of details Taxability Type GST Rate Type of Supply Rate of Duty (eg 5) p: Delete • Applicable As per Company/Stock Group Not Available As per Company/Stock Group Not Available Goods Accept Q Yes or No FIO : Other Masters l: More Details B: Get HSN - ISAC Info Fl 2: Configure 161 nt to •elati c2524 9b89b -c082 Hub" , " : "6b 9b89b -c082 tion_ 24978 isten corre 2fcfc nning ' , "sou Oad7- age" , " : "6b Windows Server 2025 Datacenter Build 26100.ge_release240331-1435 9:01 PM 10/8/2026
[mh] S7 a question is up: stop
[shot] mh-0174-S7-before-save (1024x768)
[mh] mh-0174-S7-before-save: field none left '' heads '' value '' (boxes: ) | TallyPrime MANAGE Recyc EDU K: Company Stock Item Creation Y: Data Z: Exchange • Not Applicable IA _ : Accept Q Search O: Import E: Export M: Share FinCom p: print x Name (alias) Firefo Units Googl Chro Micros 46 Unity Q: Quit MA Item V Fl: Help F2: period F3: Company GST applicability HSWSAC & Related Details HSN/SAC Details Source of details HSN/SAC Description GST Rate & Related Details GST Rate Details Source of details Taxability Type GST Rate Type of Supply Rate of Duty (eg 5) p: Delete • Applicable As per Company/Stock Group Not Available As per Company/Stock Group Not Available Goods Accept Q Yes or No FIO : Other Masters l: More Details B: Get HSN - ISAC Info Fl 2: Configure 161 nt to •elati c2524 9b89b -c082 Hub" , " : "6b 9b89b -c082 tion_ 24978 isten corre 2fcfc nning ' , "sou Oad7- age" , " : "6b Windows Server 2025 Datacenter Build 26100.ge_release240331-1435 9:01 PM 10/8/2026
[keys] '' -> Tally 'TallyPrime:9000'
[shot] mh-0175-S7-saved1 (1024x768)
[mh] mh-0175-S7-saved1: field 283,218,93x16 left '' heads 'Location / Item Allocations for : MA Item V / Z: Exchange' value '' (boxes: 283,218,93x16[|Location/Item Allocations for : MA Item V/Z: Exchange]) | Recyc Firefo Googl Chron Micros lyp Unity TallyPrime MANAGE EDU K: Company Stock Item Allocations Quit Y: Data Z: Exchange FinCom Spike Co Item Allocations for : MA Item V Location Quantity Rate per A Accept Q Search O: Import Amount E: Export M: Share p: print x Fl: Help nt to •elati c2524 9b89b -c082 Hub" , " : "6b 9b89b -c082 : '2.3 tion_ 24978 isten corre 2fcfc nning ' , "sou Oad7- age" , " : "6b Windows Server 2025 Datacenter Build 26100.ge_release240331-1435 9:01 PM 10/8/2026
[mh] S7 still in the form after Ctrl+A 1 (a sub-screen accepted?): Ctrl+A again
[keys] '' -> Tally 'TallyPrime:9000'
[shot] mh-0176-S7-saved2 (1024x768)
[mh] mh-0176-S7-saved2: field none left '' heads '' value '' (boxes: ) | Recyc Firef Googl Chro Micros 46 IypÅ Unity TallyPrime MANAGE EDU K: Company Accounting Voucher Creation Sales PartyA/c narne: Cash Current balance: Sales ledger: MH Sales Current balance: Name of Item MA Item V Narration: Quit Y: Data Z: Exchange A Accept Q Search FinCom • ke Co O: Import Quantity E: Export Rate M: Share per p: print upr-26 Wednesday Amount Fl: Help Date Company F4: Contra F5: Payment Receipt Journal F8: Sales 161 nt to •elati c2524 9b89b -c082 Hub" , " : "6b 9b89b Purchase ( • -c082 Fl 0: 0åHVouctg•s F: Autofill Change Mode More Details o: L: Related Reports Optional post -Dated tion_ 24978 isten corre 2fcfc nning ' , "sou Oad7- age" , " : "6b D: Delete x: Cancel Vch F12: Configure Windows Server 2025 Datacenter Build 26100.ge_release240331-1435 9:01 PM 10/8/2026
[mh] S7 still in the form after Ctrl+A 2 (a sub-screen accepted?): Ctrl+A again
[keys] '' -> Tally 'TallyPrime:9000'
[shot] mh-0177-S7-saved3 (1024x768)
[mh] mh-0177-S7-saved3: field none left '' heads '' value '' (boxes: ) | TallyPrime MANAGE Recyc EDU K: Company Accounting Voucher Creation Firefo Googl Chron Micros Unity Q: Quit Y: Data Z: Exchange O: Import E: Export M: Share p: print FinCom Spike Co x Fl: Help F2: Date F3: Company Error Oops! No Entries in Voucher! 161 nt to •elati c2524 9b89b -c082 Hub" , " : "6b 9b89b -c082 tion_ 24978 isten corre 2fcfc nning ' , "sou Oad7- age" , " : "6b IA _ : Accept Q Search p: Delete cancel vch I F4: Contra F5: Payment t F6: Receipt F7: Journal F8: Sales F9: Purchase F: Autofill H: Change Mode l: More Details O: Related Reports k: Optional T: post -Dated Fl 2: Configure Windows Server 2025 Datacenter Build 26100.ge_release240331-1435 9:01 PM 10/8/2026
[shot] mh-0178-S7-back-in-voucher (1024x768)
[mh] mh-0178-S7-back-in-voucher: field none left '' heads '' value '' (boxes: ) | TallyPrime MANAGE Recyc EDU K: Company Accounting Voucher Creation Firefo Googl Chron Micros Unity Q: Quit Y: Data Z: Exchange O: Import E: Export M: Share p: print FinCom Spike Co x Fl: Help F2: Date F3: Company Error Oops! No Entries in Voucher! 161 nt to •elati c2524 9b89b -c082 Hub" , " : "6b 9b89b -c082 tion_ 24978 isten corre 2fcfc nning ' , "sou Oad7- age" , " : "6b IA _ : Accept Q Search p: Delete cancel vch I F4: Contra F5: Payment t F6: Receipt F7: Journal F8: Sales F9: Purchase F: Autofill H: Change Mode l: More Details O: Related Reports k: Optional T: post -Dated Fl 2: Configure Windows Server 2025 Datacenter Build 26100.ge_release240331-1435 9:01 PM 10/8/2026
[shot] tds-078-mgw0 (1024x768)
[21:01:53] [tds] screen tds-078-mgw0 : TallyPrime MANAGE Recyc EDU K: Company Accounting Voucher Creation Firefo Googl Chron Micros Unity Q: Quit Y: Data Z: Exchange O: Import E: Export M: Share p: print FinCom Spike Co x Fl: Help F2: Date F3: Company Error Oops! No Entries in Voucher! 161 nt to •elati c2524 9b89b -c082 Hub" , " : "6b 9b89b -c082 tion_ 24978 isten corre 2fcfc nning ' , "sou Oad7- age" , " : "6b IA _ : Accept Q Search p: Delete cancel vch I F4: Contra F5: Payment t F6: Receipt F7: Journal F8: Sales F9: Purchase F: Autofill H: Change Mode l: More Details O: Related Reports k: Optional T: post -Dated Fl 2: Configure W...
[keys] '{ESC}' -> Tally 'TallyPrime:9000'
[shot] tds-079-mgw1 (1024x768)
[21:01:56] [tds] screen tds-079-mgw1 : Recyc Firef Googl Chro Micros 46 IypÅ Unity TallyPrime MANAGE EDU K: Company Accounting Voucher Creation Sales PartyA/c narne: Cash Current balance: Sales ledger: MH Sales Current balance: Name of Item MA Item V End of List Narration: Quit Y: Data Z: Exchange A Accept Q Search O: Import E: Export List of Led er Accounts Cash Spike Party Spike Party 2 Ul Party M: Share FinCom • ke Co p: print x Create Fl: Help Date Company F4: Contra F5: Payment Receipt Journal F8: Sales 161 nt to •elati c2524 9b89b -c082 Hub" , " : "6b 9b89b Purchase ( • -c082 Fl 0: 0åHVouctg•s F: Autofill Change Mode More Det...
[keys] '{ESC}' -> Tally 'TallyPrime:9000'
[shot] tds-080-mgw2 (1024x768)
[21:01:59] [tds] screen tds-080-mgw2 : Recyc Firef Googl Chro Micros 46 IypÅ Unity TallyPrime MANAGE EDU K: Company Accounting Voucher Creation Sales Party Alc narne. Current balance: Sales ledger: MH Sales Current balance: Name of Item MA Item V End of List Narration: Quit Y: Data Z: Exchange A Accept Q Search FinCom • ke Co O: Import E: Export List of Led er Accounts Cash Spike Party Spike Party 2 Ul Party M: Share p: print x Create Fl: Help Date Company F4: Contra F5: Payment Receipt Journal F8: Sales 161 nt to •elati c2524 9b89b -c082 Hub" , " : "6b 9b89b Purchase ( • -c082 Fl 0: 0åHVouctg•s F: Autofill Change Mode More Details...
[keys] '{ESC}' -> Tally 'TallyPrime:9000'
[shot] tds-081-mgw3 (1024x768)
[21:02:02] [tds] screen tds-081-mgw3 : Recyc Firef Googl Chro Micros 46 IypÅ Unity TallyPrime MANAGE EDU K: Company Accounting Voucher Creation Sales Party Alc narne. Current balance: Sales ledger: MH Sales Current balance: Name of Item MA Item V End of List Narration: Q: Quit Y: Data Z: Exchange A: Accept Q Search FinCom O: Import Quantity E: Export Rate M: Share per p: print upr-26 Wednesday Amount Quit o Yes or No Fl: Help F2: Date F3: Company F4: Contra F5: Payment F6: Receipt F7: Journal F8: Sales F9: Purchase F: Autofill H: Change Mode l: More Details O: Related Reports k: Optional T: post -Dated Fl 2: Configure 161 nt to •el...
[keys] 'n' -> Tally 'TallyPrime:9000'
[shot] tds-082-mgw4 (1024x768)
[21:02:05] [tds] screen tds-082-mgw4 : Recyc Firef Googl Chro Micros 46 IypÅ Unity TallyPrime MANAGE EDU K: Company Accounting Voucher Creation Sales Party Alc narne. Current balance: Sales ledger: MH Sales Current balance: Name of Item MA Item V End of List Narration: Quit Y: Data Z: Exchange A Accept Q Search FinCom • ke Co O: Import E: Export List of Led er Accounts Cash Spike Party Spike Party 2 Ul Party M: Share p: print x Create Fl: Help Date Company F4: Contra F5: Payment Receipt Journal F8: Sales 161 nt to •elati c2524 9b89b -c082 Hub" , " : "6b 9b89b Purchase ( • -c082 Fl 0: 0åHVouctg•s F: Autofill Change Mode More Details...
[keys] '{ESC}' -> Tally 'TallyPrime:9000'
[shot] tds-083-mgw5 (1024x768)
[21:02:08] [tds] screen tds-083-mgw5 : Recyc Firef Googl Chro Micros 46 IypÅ Unity TallyPrime MANAGE EDU K: Company Accounting Voucher Creation Sales Party Alc narne. Current balance: Sales ledger: MH Sales Current balance: Name of Item MA Item V End of List Narration: Q: Quit Y: Data Z: Exchange A: Accept Q Search FinCom O: Import Quantity E: Export Rate M: Share per p: print upr-26 Wednesday Amount Quit o Yes or No Fl: Help F2: Date F3: Company F4: Contra F5: Payment F6: Receipt F7: Journal F8: Sales F9: Purchase F: Autofill H: Change Mode l: More Details O: Related Reports k: Optional T: post -Dated Fl 2: Configure 161 nt to •el...
[keys] 'n' -> Tally 'TallyPrime:9000'
[shot] tds-084-mgw6 (1024x768)
[21:02:11] [tds] screen tds-084-mgw6 : Recyc Firef Googl Chro Micros 46 IypÅ Unity TallyPrime MANAGE EDU K: Company Accounting Voucher Creation Sales Party Alc narne. Current balance: Sales ledger: MH Sales Current balance: Name of Item MA Item V End of List Narration: Quit Y: Data Z: Exchange A Accept Q Search FinCom • ke Co O: Import E: Export List of Led er Accounts Cash Spike Party Spike Party 2 Ul Party M: Share p: print x Create Fl: Help Date Company F4: Contra F5: Payment Receipt Journal F8: Sales 161 nt to •elati c2524 9b89b -c082 Hub" , " : "6b 9b89b Purchase ( • -c082 Fl 0: 0åHVouctg•s F: Autofill Change Mode More Details...
[keys] '{ESC}' -> Tally 'TallyPrime:9000'
[shot] tds-085-mgw7 (1024x768)
[21:02:14] [tds] screen tds-085-mgw7 : Recyc Firef Googl Chro Micros 46 IypÅ Unity TallyPrime MANAGE EDU K: Company Accounting Voucher Creation Sales Party Alc narne. Current balance: Sales ledger: MH Sales Current balance: Name of Item MA Item V End of List Narration: Q: Quit Y: Data Z: Exchange A: Accept Q Search FinCom O: Import Quantity E: Export Rate M: Share per p: print upr-26 Wednesday Amount Quit o Yes or No Fl: Help F2: Date F3: Company F4: Contra F5: Payment F6: Receipt F7: Journal F8: Sales F9: Purchase F: Autofill H: Change Mode l: More Details O: Related Reports k: Optional T: post -Dated Fl 2: Configure 161 nt to •el...
[keys] 'n' -> Tally 'TallyPrime:9000'
[21:02:17] [tds] the Gateway not reached (after S7-create-in-voucher): Tally started again
[keys] 'a' -> Tally 'TallyPrime:9000'
[keys] 't' -> Tally 'TallyPrime:9000'
[shot] tds-086-mh-start-0 (1024x768)
[21:02:51] [tds] screen tds-086-mh-start-0 : TallyPrime MANAGE Recyc EDU K: Company Gatewa of Tall Y: Data Z: Exchange CURRENT OATE Wednesday, I-Apr-2026 O: Import E: Export M: Share p: print Fl: Help Date Company Firefo Googl Chro Micros 46 IypÅ Unity CURRENT PERIOD I-Apr-26 to 31-Mar-27 NAME OF COMPANY FinCom Spike Co Gateway of Tally MASTERS Create Alter CHart of Accounts TRANSACTIONS Vouchers Day 800K UTILITIES BaNking REPORTS Balance Sheet Profit & Loss A/c Stock Summary Ratio Analysis Display More Reports DashbOard Quit 161 nt to •elati c2524 9b89b -c082 Hub" , " : "6b 9b89b -c082 tion_ 24978 isten corre 2fcfc nning ' , "sou Oad7- ...
  INFO mh A S7-create-in-voucher: stored as typed False (missing: BASEUNITS=Nos); error 'Error Oops! No Entries in Voucher! 161 nt to •elati c2524 9b89b -c082 Hub" , " : "6b 9b89b -c082 tion_ 24978 isten corre 2fcf'; Ctrl+A 107.5 ms; add-on lines: stockitem_accept_pre(MA Item V) stockitem_accept_post(MA Item V) voucher_accept_pre()
[21:02:52] ---- mh A P1-create-user-defined (Pay Head 'MA Basic')
[shot] tds-087-mgw0 (1024x768)
[21:02:53] [tds] screen tds-087-mgw0 : TallyPrime MANAGE Recyc EDU K: Company Gatewa of Tall Y: Data Z: Exchange CURRENT OATE Wednesday, I-Apr-2026 O: Import E: Export M: Share p: print Fl: Help Date Company Firefo Googl Chro Micros 46 IypÅ Unity CURRENT PERIOD I-Apr-26 to 31-Mar-27 NAME OF COMPANY FinCom Spike Co Gateway of Tally MASTERS Create Alter CHart of Accounts TRANSACTIONS Vouchers Day 800K UTILITIES BaNking REPORTS Balance Sheet Profit & Loss A/c Stock Summary Ratio Analysis Display More Reports DashbOard Quit 161 nt to •elati c2524 9b89b -c082 Hub" , " : "6b 9b89b -c082 tion_ 24978 isten corre 2fcfc nning ' , "sou Oad7- ...
[keys] 'c' -> Tally 'TallyPrime:9000'
[keys] '{BACKSPACE}{BACKSPACE}{BACKSPACE}{BACKSPACE}{BACKSPACE}{BACKSPACE}{BACKSPACE}{BACKSPACE}{BACKSPACE}{BACKSPACE}{BACKSPACE}{BACKSPACE}{BACKSPACE}{BACKSPACE}{BACKSPACE}{BACKSPACE}{BACKSPACE}{BACKSPACE}{BACKSPACE}{BACKSPACE}' -> Tally 'TallyPrime:9000'
[keys] 'Pay Head' -> Tally 'TallyPrime:9000'
[keys] '{ENTER}' -> Tally 'TallyPrime:9000'
[shot] mh-0179-P1-form (1024x768)
[mh] mh-0179-P1-form: field 139,113,245x16 left 'Name' heads 'Pa Head Creation / K: Company / Y: Data' value '' (boxes: 139,113,245x16[Name|Pa Head Creation/K: Company/Y: Data]) | TallyPrime MANAGE Recyc EDU K: Company Y: Data Z: Exchange O: Import Pa Head Creation Name (alias) Firefo Googl Pay head type Chro Income type Under Affect net salary Micros FinCom Spike Co E: Export M: Share P: Print Total Opening Balance Fl: Help F2: period Company Pay Head Information Earnings for Employees Fixed Direct Expenses Yes FIO: Name to be displayed in payslip Use for calculation of gratuity Calculation type 46 IypÅ Unity Quit Other Masters No As User Defined Value Opening Balance A Accept Q Search 161 nt to •elati c2524 9b89b -c082 Hub" , " : "6b 9b89b -c082 tion_ 24978 isten corre 2fcfc nning ' , "sou Oad7- age" , " : "6b ( on I-Apr-26) : D: Delete W: Show All Periods Configure Windows Server 2025 Datacenter Build 26100.ge_release240331-1435 9:03 PM 10/8/2026
[shot] mh-0180-P1-w1 (1024x768)
[mh] mh-0180-P1-w1: field 139,113,245x16 left 'Name' heads 'Pa Head Creation / K: Company / Y: Data' value '' (boxes: 139,113,245x16[Name|Pa Head Creation/K: Company/Y: Data]) | TallyPrime MANAGE Recyc EDU K: Company Y: Data Z: Exchange O: Import Pa Head Creation Name (alias) Firefo Googl Pay head type Chro Income type Under Affect net salary Micros FinCom Spike Co E: Export M: Share P: Print Total Opening Balance Fl: Help F2: period Company Pay Head Information Earnings for Employees Fixed Direct Expenses Yes FIO: Name to be displayed in payslip Use for calculation of gratuity Calculation type 46 IypÅ Unity Quit Other Masters No As User Defined Value Opening Balance A Accept Q Search 161 nt to •elati c2524 9b89b -c082 Hub" , " : "6b 9b89b -c082 tion_ 24978 isten corre 2fcfc nning ' , "sou Oad7- age" , " : "6b ( on I-Apr-26) : D: Delete W: Show All Periods Configure Windows Server 2025 Datacenter Build 26100.ge_release240331-1435 9:03 PM 10/8/2026
[mh] P1 rule 0 ((^|\W)Name$) on 'Name|Pa Head Creation': keys 'MA Basic{ENTER}'
[keys] 'MA Basic' -> Tally 'TallyPrime:9000'
[keys] '{ENTER}' -> Tally 'TallyPrime:9000'
[shot] mh-0181-P1-w2 (1024x768)
[mh] mh-0181-P1-w2: field 139,131,245x16 left '' heads 'MA Basic / Pa Head Creation / K: Company' value '' (boxes: 139,131,245x16[|MA Basic/Pa Head Creation/K: Company]) | TallyPrime MANAGE Recyc EDU K: Company Pa Head Creation Y: Data Z: Exchange O: Import FinCom • ke Co E: Export M: Share P: Print Total Opening Balance Name Firefo Googl Pay head type Chro MA Basic Pay Head Information Fl: Help F2: period Company Income type Under Affect net salary Micros Name to be displayed in payslip Use for calculation of gratuity Calculation type 46 IypÅ Unity Quit Earnings for Employees Fixed Direct Expenses Yes MA Basic No As User Defined Value Opening Balance A Accept Q Search FIO: Other Masters 161 nt to •elati c2524 9b89b -c082 Hub" , " : "6b 9b89b -c082 tion_ 24978 isten corre 2fcfc nning ' , "sou Oad7- age" , " : "6b ( on I-Apr-26) : D: Delete W: Show All Periods Configure Windows Server 2025 Datacenter Build 26100.ge_release240331-1435 9:03 PM 10/8/2026
[keys] '{ENTER}' -> Tally 'TallyPrime:9000'
[shot] mh-0182-P1-w3 (1024x768)
[mh] mh-0182-P1-w3: field 273,262,168x16 left 'Pay head type' heads 'Pay Head Information / FinCom • ke Co / Z: Exchange' value '' (boxes: 273,262,168x16[Pay head type|Pay Head Information/FinCom • ke Co/Z: Exchange]) | TallyPrime MANAGE Recyc EDU K: Company Pa Head Creation Y: Data Z: Exchange FinCom • ke Co List of Pa Head T • Not Applicable O: Import S E: Export M: Share P: Print Total Opening Balance Name (alias) Firefo Googl MA Basic Pay Head Information Fl: Help F2: period Company Pay head type Chro Income type Under Affect net salary Micros Name to be displayed in payslip Use for calculation of gratuity Calculation type 46 IypÅ Unity Quit Fixed Direct Expenses Yes MA Basic No As User Defined Value Opening Balance A Accept Q Search Deductions From Employees Earnings for Employees Employees' Statutory Deductions Employeis Statutory Contributions Gratuity Loans and Advances Reimbursements to Employees ( on I-Apr-26) : D: Delete FIO: Other Masters W: Show All Periods Configure 161 nt to •elati c2524 9b89b -c082 Hub" , " : "6b 9b89b -c082 tion_ 24978 isten corre 2fcfc nning ' , "sou Oad7- age" , " : "6b Windows Server 2025 Datacenter Build 26100.ge_release240331-1435 9:03 PM 10/8/2026
[mh] P1 rule 1 (Pay ?head type) on 'Pay head type|Pay Head Information': keys 'Earnings for Employees{ENTER}'
[keys] 'Earnings for Employees' -> Tally 'TallyPrime:9000'
[keys] '{ENTER}' -> Tally 'TallyPrime:9000'
[shot] mh-0183-P1-w4 (1024x768)
[mh] mh-0183-P1-w4: field 273,284,168x16 left 'Income type' heads 'Earnings for Employees / Pay Head Information / FinCom • ke Co' value '' (boxes: 273,284,168x16[Income type|Earnings for Employees/Pay Head Information/FinCom • ke Co]) | TallyPrime MANAGE Recyc EDU K: Company Pa Head Creation Y: Data Z: Exchange O: Import FinCom • ke Co E: Export M: Share P: Print Total Opening Balance Name (alias) Firefo Googl Pay head type Chro Income type Under MA Basic Pay Head Information Fl: Help F2: period Company Affect net salary Micros Name to be displayed in payslip Use for calculation of gratuity Calculation type 46 IypÅ Unity Quit Earnings for Employees Direct Expenses Yes MA Basic No As User Defined Value Opening Balance A Accept Q Search Income TV Fixed Variable ( on I-Apr-26) : FIO: Other Masters W: Show All Periods Configure 161 nt to •elati c2524 9b89b -c082 Hub" , " : "6b 9b89b -c082 tion_ 24978 isten corre 2fcfc nning ' , "sou Oad7- age" , " : "6b D: Delete Windows Server 2025 Datacenter Build 26100.ge_release240331-1435 9:03 PM 10/8/2026
[keys] '{ENTER}' -> Tally 'TallyPrime:9000'
[shot] mh-0184-P1-w5 (1024x768)
[mh] mh-0184-P1-w5: field 273,302,168x16 left 'Under' heads 'Fixed / Earnings for Employees / Pay Head Information' value 'Direct Ex nses' (boxes: 273,302,168x16[Under|Fixed/Earnings for Employees/Pay Head Information]) | TallyPrime MANAGE Recyc EDU K: Company Pa Head Creation Y: Data Z: Exchange FinCom • ke Co O: Import E: Export List of Grou s Direct Expenses Expenses (Direct) Expenses (Indirect) Indirect Expenses M: Share Name (alias) Firefo Googl Pay head type Chro MA Basic Pay Head Information p: print x Create Fl: Help F2: period Company Misc. D: Delete Expenses (ASSET) Income type Under Affect net salary Micros Name to be displayed in payslip Use for calculation of gratuity Calculation type 46 IypÅ Unity Quit Earnings for Employees Fixed Direct Ex nses Yes MA Basic No As User Defined Value Opening Balance A Accept Q Search FIO: Other Masters 161 nt to •elati c2524 9b89b -c082 Hub" , " : "6b 9b89b -c082 tion_ 24978 isten corre 2fcfc nning ' , "sou Oad7- age" , " : "6b ( on I-Apr-26) : W: Show All Periods Configure Windows Server 2025 Datacenter Build 26100.ge_release240331-1435 9:03 PM 10/8/2026
[mh] P1 rule 2 ((^|\W)Under$) on 'Under|Fixed': keys 'Indirect Expenses{ENTER}'
[keys] 'Indirect Expenses' -> Tally 'TallyPrime:9000'
[keys] '{ENTER}' -> Tally 'TallyPrime:9000'
[shot] mh-0185-P1-w6 (1024x768)
[mh] mh-0185-P1-w6: field 273,344,46x16 left 'Affect net salary' heads 'Indirect Expenses / Fixed / Earnings for Employees' value 'Yes' (boxes: 273,344,46x16[Affect net salary|Indirect Expenses/Fixed/Earnings for Employees]) | TallyPrime MANAGE Recyc EDU K: Company Pa Head Creation Y: Data Z: Exchange O: Import FinCom • ke Co E: Export M: Share P: Print Total Opening Balance Name (alias) Firefo Googl Pay head type Chro MA Basic Pay Head Information Fl: Help F2: period Company Income type Under Affect net salary Micros Name to be displayed in payslip Use for calculation of gratuity Calculation type 46 IypÅ Unity Quit Earnings for Employees Fixed Indirect Expenses Yes MA Basic No As User Defined Value Opening Balance A Accept Q Search FIO: Other Masters 161 nt to •elati c2524 9b89b -c082 Hub" , " : "6b 9b89b -c082 tion_ 24978 isten corre 2fcfc nning ' , "sou Oad7- age" , " : "6b ( on I-Apr-26) : D: Delete W: Show All Periods Configure Windows Server 2025 Datacenter Build 26100.ge_release240331-1435 9:03 PM 10/8/2026
[mh] P1 rule 3 (Affect net salary) on 'Affect net salary|Indirect Expenses': keys 'y{ENTER}'
[keys] 'y' -> Tally 'TallyPrime:9000'
[keys] '{ENTER}' -> Tally 'TallyPrime:9000'
[shot] mh-0186-P1-w7 (1024x768)
[mh] mh-0186-P1-w7: field 273,362,168x16 left 'Name to be displayed in payslip' heads 'Yes / Indirect Expenses / Fixed' value 'MA Basic' (boxes: 273,362,168x16[Name to be displayed in payslip|Yes/Indirect Expenses/Fixed]) | TallyPrime MANAGE Recyc EDU K: Company Pa Head Creation Y: Data Z: Exchange O: Import FinCom • ke Co E: Export M: Share P: Print Total Opening Balance Name (alias) Firefo Googl Pay head type Chro MA Basic Pay Head Information Fl: Help F2: period Company Income type Under Affect net salary Micros Name to be displayed in payslip Use for calculation of gratuity Calculation type 46 IypÅ Unity Quit Earnings for Employees Fixed Indirect Expenses Yes MA Basic No As User Defined Value Opening Balance A Accept Q Search FIO: Other Masters 161 nt to •elati c2524 9b89b -c082 Hub" , " : "6b 9b89b -c082 tion_ 24978 isten corre 2fcfc nning ' , "sou Oad7- age" , " : "6b ( on I-Apr-26) : D: Delete W: Show All Periods Configure Windows Server 2025 Datacenter Build 26100.ge_release240331-1435 9:03 PM 10/8/2026
[keys] '{ENTER}' -> Tally 'TallyPrime:9000'
[shot] mh-0187-P1-w8 (1024x768)
[mh] mh-0187-P1-w8: field 273,380,46x16 left 'Use for calculation of gratuity' heads 'MA Basic / Yes / Indirect Expenses' value '' (boxes: 273,380,46x16[Use for calculation of gratuity|MA Basic/Yes/Indirect Expenses]) | TallyPrime MANAGE Recyc EDU K: Company Pa Head Creation Y: Data Z: Exchange O: Import FinCom • ke Co E: Export M: Share P: Print Total Opening Balance Name (alias) Firefo Googl Pay head type Chro MA Basic Pay Head Information Fl: Help F2: period Company Income type Under Affect net salary Micros Name to be displayed in payslip Use for calculation of gratuity Calculation type 46 IypÅ Unity Quit Earnings for Employees Fixed Indirect Expenses Yes MA Basic As User Defined Value Opening Balance A Accept Q Search FIO: Other Masters 161 nt to •elati c2524 9b89b -c082 Hub" , " : "6b 9b89b -c082 tion_ 24978 isten corre 2fcfc nning ' , "sou Oad7- age" , " : "6b ( on I-Apr-26) : D: Delete W: Show All Periods Configure Windows Server 2025 Datacenter Build 26100.ge_release240331-1435 9:03 PM 10/8/2026
[keys] '{ENTER}' -> Tally 'TallyPrime:9000'
[shot] mh-0188-P1-w9 (1024x768)
[mh] mh-0188-P1-w9: field 273,398,168x16 left 'Calculation type' heads 'No / MA Basic / Yes' value 'As User Defined Value' (boxes: 273,398,168x16[Calculation type|No/MA Basic/Yes]) | TallyPrime MANAGE Recyc EDU K: Company Pa Head Creation Y: Data Z: Exchange O: Import FinCom • ke Co E: Export M: Share P: Print Total Opening Balance Name (alias) Firefo Googl Pay head type Chro MA Basic Pay Head Information Fl: Help F2: period Company Income type Under Affect net salary Micros Name to be displayed in payslip Use for calculation of gratuity Calculation type 46 IypÅ Unity Quit Earnings for Employees Fixed Indirect Expenses Yes MA Basic No As User Defined Value Opening Balance A Accept Q Search FIO: T of Calculations As Computed Value As User Defined Value Flat Rate On Attendance On Production ( on I-Apr-26) : D: Delete Other Masters W: Show All Periods Configure 161 nt to •elati c2524 9b89b -c082 Hub" , " : "6b 9b89b -c082 tion_ 24978 isten corre 2fcfc nning ' , "sou Oad7- age" , " : "6b Windows Server 2025 Datacenter Build 26100.ge_release240331-1435 9:03 PM 10/8/2026
[mh] P1 rule 4 (Calculation type) on 'Calculation type|No': keys 'As User Defined Value{ENTER}'
[keys] 'As User Defined Value' -> Tally 'TallyPrime:9000'
[keys] '{ENTER}' -> Tally 'TallyPrime:9000'
[shot] mh-0189-P1-before-save (1024x768)
[mh] mh-0189-P1-before-save: field 531,630,69x16 left '( on I-Apr-26)' heads '' value '' (boxes: 531,630,69x16[( on I-Apr-26)|]) | TallyPrime MANAGE Recyc EDU K: Company Pa Head Creation Y: Data Z: Exchange O: Import FinCom • ke Co E: Export M: Share P: Print Total Opening Balance Name (alias) Firefo Googl Pay head type Chro MA Basic Pay Head Information Fl: Help F2: period Company Income type Under Affect net salary Micros Name to be displayed in payslip Use for calculation of gratuity Calculation type 46 IypÅ Unity Quit Earnings for Employees Fixed Indirect Expenses Yes MA Basic No As User Defined Value Opening Balance A Accept Q Search FIO: Other Masters 161 nt to •elati c2524 9b89b -c082 Hub" , " : "6b 9b89b -c082 tion_ 24978 isten corre 2fcfc nning ' , "sou Oad7- age" , " : "6b ( on I-Apr-26) : D: Delete W: Show All Periods Configure Windows Server 2025 Datacenter Build 26100.ge_release240331-1435 9:03 PM 10/8/2026
[keys] '' -> Tally 'TallyPrime:9000'
[shot] mh-0190-P1-saved1 (1024x768)
[mh] mh-0190-P1-saved1: field 139,113,245x16 left 'Name' heads 'Pa Head Creation / K: Company / Y: Data' value '' (boxes: 139,113,245x16[Name|Pa Head Creation/K: Company/Y: Data]) | TallyPrime MANAGE Recyc EDU K: Company Y: Data Z: Exchange O: Import Pa Head Creation Name (alias) Firefo Googl Pay head type Chro Income type Under Affect net salary Micros FinCom Spike Co E: Export M: Share P: Print Total Opening Balance Fl: Help F2: period Company Pay Head Information Earnings for Employees Fixed Direct Expenses Yes FIO: Name to be displayed in payslip Use for calculation of gratuity Calculation type 46 IypÅ Unity Quit Other Masters No As User Defined Value Opening Balance A Accept Q Search 161 nt to •elati c2524 9b89b -c082 Hub" , " : "6b 9b89b -c082 tion_ 24978 isten corre 2fcfc nning ' , "sou Oad7- age" , " : "6b ( on I-Apr-26) : D: Delete W: Show All Periods Configure Windows Server 2025 Datacenter Build 26100.ge_release240331-1435 9:03 PM 10/8/2026
[shot] tds-088-mgw0 (1024x768)
[21:03:38] [tds] screen tds-088-mgw0 : TallyPrime MANAGE Recyc EDU K: Company Y: Data Z: Exchange O: Import Pa Head Creation Name (alias) Firefo Googl Pay head type Chro Income type Under Affect net salary Micros FinCom Spike Co E: Export M: Share P: Print Total Opening Balance Fl: Help F2: period Company Pay Head Information Earnings for Employees Fixed Direct Expenses Yes FIO: Name to be displayed in payslip Use for calculation of gratuity Calculation type 46 IypÅ Unity Quit Other Masters No As User Defined Value Opening Balance A Accept Q Search 161 nt to •elati c2524 9b89b -c082 Hub" , " : "6b 9b89b -c082 tion_ 24978 isten corr...
[keys] '{ESC}' -> Tally 'TallyPrime:9000'
[shot] tds-089-mgw1 (1024x768)
[21:03:41] [tds] screen tds-089-mgw1 : TallyPrime MANAGE Recyc EDU K: Company Y: Data Z: Exchange FinCom Spike Co O: Import Pa Head Creation Name (alias) Firefo Googl Pay head type Chro Income type Under Affect net salary Micros E: Export M: Share P: Print Total Opening Balance Quit o Yes or No Fl: Help F2: period F3: Company Pay Head Information Earnings for Employees Fixed Direct Expenses Yes FIO Name to be displayed in payslip Use for calculation of gratuity Calculation type 46 IypÅ Unity Q: Quit : Other Masters No As User Defined Value Opening Balance A: Accept Q Search W: Show All Periods 161 nt to •elati c2524 9b89b -c082 Hub...
[keys] 'n' -> Tally 'TallyPrime:9000'
[shot] tds-090-mgw2 (1024x768)
[21:03:44] [tds] screen tds-090-mgw2 : TallyPrime MANAGE Recyc EDU K: Company Y: Data Z: Exchange O: Import Pa Head Creation Name (alias) Firefo Googl Pay head type Chro Income type Under Affect net salary Micros FinCom Spike Co E: Export M: Share P: Print Total Opening Balance Fl: Help F2: period Company Pay Head Information Earnings for Employees Fixed Direct Expenses Yes FIO: Name to be displayed in payslip Use for calculation of gratuity Calculation type 46 IypÅ Unity Quit Other Masters No As User Defined Value Opening Balance A Accept Q Search 161 nt to •elati c2524 9b89b -c082 Hub" , " : "6b 9b89b -c082 tion_ 24978 isten corr...
[keys] '{ESC}' -> Tally 'TallyPrime:9000'
[shot] tds-091-mgw3 (1024x768)
[21:03:47] [tds] screen tds-091-mgw3 : TallyPrime MANAGE Recyc EDU K: Company Y: Data Z: Exchange FinCom Spike Co O: Import Pa Head Creation Name (alias) Firefo Googl Pay head type Chro Income type Under Affect net salary Micros E: Export M: Share P: Print Total Opening Balance Quit o Yes or No Fl: Help F2: period F3: Company Pay Head Information Earnings for Employees Fixed Direct Expenses Yes FIO Name to be displayed in payslip Use for calculation of gratuity Calculation type 46 IypÅ Unity Q: Quit : Other Masters No As User Defined Value Opening Balance A: Accept Q Search W: Show All Periods 161 nt to •elati c2524 9b89b -c082 Hub...
[keys] 'n' -> Tally 'TallyPrime:9000'
[shot] tds-092-mgw4 (1024x768)
[21:03:50] [tds] screen tds-092-mgw4 : TallyPrime MANAGE Recyc EDU K: Company Y: Data Z: Exchange O: Import Pa Head Creation Name (alias) Firefo Googl Pay head type Chro Income type Under Affect net salary Micros FinCom Spike Co E: Export M: Share P: Print Total Opening Balance Fl: Help F2: period Company Pay Head Information Earnings for Employees Fixed Direct Expenses Yes FIO: Name to be displayed in payslip Use for calculation of gratuity Calculation type 46 IypÅ Unity Quit Other Masters No As User Defined Value Opening Balance A Accept Q Search 161 nt to •elati c2524 9b89b -c082 Hub" , " : "6b 9b89b -c082 tion_ 24978 isten corr...
[keys] '{ESC}' -> Tally 'TallyPrime:9000'
[shot] tds-093-mgw5 (1024x768)
[21:03:53] [tds] screen tds-093-mgw5 : TallyPrime MANAGE Recyc EDU K: Company Y: Data Z: Exchange FinCom Spike Co O: Import Pa Head Creation Name (alias) Firefo Googl Pay head type Chro Income type Under Affect net salary Micros E: Export M: Share P: Print Total Opening Balance Quit o Yes or No Fl: Help F2: period F3: Company Pay Head Information Earnings for Employees Fixed Direct Expenses Yes FIO Name to be displayed in payslip Use for calculation of gratuity Calculation type 46 IypÅ Unity Q: Quit : Other Masters No As User Defined Value Opening Balance A: Accept Q Search W: Show All Periods 161 nt to •elati c2524 9b89b -c082 Hub...
[keys] 'n' -> Tally 'TallyPrime:9000'
[shot] tds-094-mgw6 (1024x768)
[21:03:56] [tds] screen tds-094-mgw6 : TallyPrime MANAGE Recyc EDU K: Company Y: Data Z: Exchange O: Import Pa Head Creation Name (alias) Firefo Googl Pay head type Chro Income type Under Affect net salary Micros FinCom Spike Co E: Export M: Share P: Print Total Opening Balance Fl: Help F2: period Company Pay Head Information Earnings for Employees Fixed Direct Expenses Yes FIO: Name to be displayed in payslip Use for calculation of gratuity Calculation type 46 IypÅ Unity Quit Other Masters No As User Defined Value Opening Balance A Accept Q Search 161 nt to •elati c2524 9b89b -c082 Hub" , " : "6b 9b89b -c082 tion_ 24978 isten corr...
[keys] '{ESC}' -> Tally 'TallyPrime:9000'
[shot] tds-095-mgw7 (1024x768)
[21:03:59] [tds] screen tds-095-mgw7 : TallyPrime MANAGE Recyc EDU K: Company Y: Data Z: Exchange FinCom Spike Co O: Import Pa Head Creation Name (alias) Firefo Googl Pay head type Chro Income type Under Affect net salary Micros E: Export M: Share P: Print Total Opening Balance Quit o Yes or No Fl: Help F2: period F3: Company Pay Head Information Earnings for Employees Fixed Direct Expenses Yes FIO Name to be displayed in payslip Use for calculation of gratuity Calculation type 46 IypÅ Unity Q: Quit : Other Masters No As User Defined Value Opening Balance A: Accept Q Search W: Show All Periods 161 nt to •elati c2524 9b89b -c082 Hub...
[keys] 'n' -> Tally 'TallyPrime:9000'
[21:04:02] [tds] the Gateway not reached (after P1-create-user-defined): Tally started again
[keys] 'a' -> Tally 'TallyPrime:9000'
[keys] 't' -> Tally 'TallyPrime:9000'
[shot] tds-096-mh-start-0 (1024x768)
[21:04:36] [tds] screen tds-096-mh-start-0 : TallyPrime MANAGE Recyc EDU K: Company Gatewa of Tall Y: Data Z: Exchange CURRENT OATE Wednesday, I-Apr-2026 O: Import E: Export M: Share p: print Fl: Help Date Company Firefo Googl Chro Micros 46 IypÅ Unity CURRENT PERIOD I-Apr-26 to 31-Mar-27 NAME OF COMPANY FinCom Spike Co Gateway of Tally MASTERS Create Alter CHart of Accounts TRANSACTIONS Vouchers Day 800K UTILITIES BaNking REPORTS Balance Sheet Profit & Loss A/c Stock Summary Ratio Analysis Display More Reports DashbOard Quit 161 nt to •elati c2524 9b89b -c082 Hub" , " : "6b 9b89b -c082 tion_ 24978 isten corre 2fcfc nning ' , "sou Oad7- ...
  INFO mh A P1-create-user-defined: stored as typed True; error ''; Ctrl+A 56.6 ms; add-on lines: payhead_accept_pre(MA Basic) payhead_accept_post(MA Basic)
[21:04:37] ---- mh A P2-create-computed-slab (Pay Head 'MA HRA')
[shot] tds-097-mgw0 (1024x768)
[21:04:38] [tds] screen tds-097-mgw0 : TallyPrime MANAGE Recyc EDU K: Company Gatewa of Tall Y: Data Z: Exchange CURRENT OATE Wednesday, I-Apr-2026 O: Import E: Export M: Share p: print Fl: Help Date Company Firefo Googl Chro Micros 46 IypÅ Unity CURRENT PERIOD I-Apr-26 to 31-Mar-27 NAME OF COMPANY FinCom Spike Co Gateway of Tally MASTERS Create Alter CHart of Accounts TRANSACTIONS Vouchers Day 800K UTILITIES BaNking REPORTS Balance Sheet Profit & Loss A/c Stock Summary Ratio Analysis Display More Reports DashbOard Quit 161 nt to •elati c2524 9b89b -c082 Hub" , " : "6b 9b89b -c082 tion_ 24978 isten corre 2fcfc nning ' , "sou Oad7- ...
[keys] 'c' -> Tally 'TallyPrime:9000'
[keys] '{BACKSPACE}{BACKSPACE}{BACKSPACE}{BACKSPACE}{BACKSPACE}{BACKSPACE}{BACKSPACE}{BACKSPACE}{BACKSPACE}{BACKSPACE}{BACKSPACE}{BACKSPACE}{BACKSPACE}{BACKSPACE}{BACKSPACE}{BACKSPACE}{BACKSPACE}{BACKSPACE}{BACKSPACE}{BACKSPACE}' -> Tally 'TallyPrime:9000'
[keys] 'Pay Head' -> Tally 'TallyPrime:9000'
[keys] '{ENTER}' -> Tally 'TallyPrime:9000'
[shot] mh-0191-P2-form (1024x768)
[mh] mh-0191-P2-form: field 139,113,245x16 left 'Name' heads 'Pa Head Creation / K: Company / Y: Data' value '' (boxes: 139,113,245x16[Name|Pa Head Creation/K: Company/Y: Data]) | TallyPrime MANAGE Recyc EDU K: Company Y: Data Z: Exchange O: Import Pa Head Creation Name (alias) Firefo Googl Pay head type Chro Income type Under Affect net salary Micros FinCom Spike Co E: Export M: Share P: Print Total Opening Balance Fl: Help F2: period Company Pay Head Information Earnings for Employees Fixed Direct Expenses Yes FIO: Name to be displayed in payslip Use for calculation of gratuity Calculation type 46 IypÅ Unity Quit Other Masters No As User Defined Value Opening Balance A Accept Q Search 161 nt to •elati c2524 9b89b -c082 Hub" , " : "6b 9b89b -c082 tion_ 24978 isten corre 2fcfc nning ' , "sou Oad7- age" , " : "6b ( on I-Apr-26) : D: Delete W: Show All Periods Configure Windows Server 2025 Datacenter Build 26100.ge_release240331-1435 9:04 PM 10/8/2026
[shot] mh-0192-P2-w1 (1024x768)
[mh] mh-0192-P2-w1: field 139,113,245x16 left 'Name' heads 'Pa Head Creation / K: Company / Y: Data' value '' (boxes: 139,113,245x16[Name|Pa Head Creation/K: Company/Y: Data]) | TallyPrime MANAGE Recyc EDU K: Company Y: Data Z: Exchange O: Import Pa Head Creation Name (alias) Firefo Googl Pay head type Chro Income type Under Affect net salary Micros FinCom Spike Co E: Export M: Share P: Print Total Opening Balance Fl: Help F2: period Company Pay Head Information Earnings for Employees Fixed Direct Expenses Yes FIO: Name to be displayed in payslip Use for calculation of gratuity Calculation type 46 IypÅ Unity Quit Other Masters No As User Defined Value Opening Balance A Accept Q Search 161 nt to •elati c2524 9b89b -c082 Hub" , " : "6b 9b89b -c082 tion_ 24978 isten corre 2fcfc nning ' , "sou Oad7- age" , " : "6b ( on I-Apr-26) : D: Delete W: Show All Periods Configure Windows Server 2025 Datacenter Build 26100.ge_release240331-1435 9:04 PM 10/8/2026
[mh] P2 rule 0 ((^|\W)Name$) on 'Name|Pa Head Creation': keys 'MA HRA{ENTER}'
[keys] 'MA HRA' -> Tally 'TallyPrime:9000'
[keys] '{ENTER}' -> Tally 'TallyPrime:9000'
[shot] mh-0193-P2-w2 (1024x768)
[mh] mh-0193-P2-w2: field 139,131,245x16 left '' heads 'MA HRA / Pa Head Creation / K: Company' value '' (boxes: 139,131,245x16[|MA HRA/Pa Head Creation/K: Company]) | TallyPrime MANAGE Recyc EDU K: Company Pa Head Creation Y: Data Z: Exchange O: Import FinCom • ke Co E: Export M: Share P: Print Total Opening Balance Name Firefo Googl Pay head type Chro MA HRA Pay Head Information Fl: Help F2: period Company Income type Under Affect net salary Micros Name to be displayed in payslip Use for calculation of gratuity Calculation type 46 IypÅ Unity Quit Earnings for Employees Fixed Direct Expenses Yes MA HRA No As User Defined Value Opening Balance A Accept Q Search FIO: Other Masters 161 nt to •elati c2524 9b89b -c082 Hub" , " : "6b 9b89b -c082 tion_ 24978 isten corre 2fcfc nning ' , "sou Oad7- age" , " : "6b ( on I-Apr-26) : D: Delete W: Show All Periods Configure Windows Server 2025 Datacenter Build 26100.ge_release240331-1435 9:04 PM 10/8/2026
[keys] '{ENTER}' -> Tally 'TallyPrime:9000'
[shot] mh-0194-P2-w3 (1024x768)
[mh] mh-0194-P2-w3: field 273,262,168x16 left 'Pay head type' heads 'Pay Head Information / FinCom • ke Co / Z: Exchange' value '' (boxes: 273,262,168x16[Pay head type|Pay Head Information/FinCom • ke Co/Z: Exchange]) | TallyPrime MANAGE Recyc EDU K: Company Pa Head Creation Y: Data Z: Exchange FinCom • ke Co List of Pa Head T • Not Applicable O: Import S E: Export M: Share P: Print Total Opening Balance Name (alias) Firefo Googl MA HRA Pay Head Information Fl: Help F2: period Company Pay head type Chro Income type Under Affect net salary Micros Name to be displayed in payslip Use for calculation of gratuity Calculation type 46 IypÅ Unity Quit Fixed Direct Expenses Yes MA HRA No As User Defined Value Opening Balance A Accept Q Search Deductions From Employees Earnings for Employees Employees' Statutory Deductions Employeis Statutory Contributions Gratuity Loans and Advances Reimbursements to Employees ( on I-Apr-26) : D: Delete FIO: Other Masters W: Show All Periods Configure 161 nt to •elati c2524 9b89b -c082 Hub" , " : "6b 9b89b -c082 tion_ 24978 isten corre 2fcfc nning ' , "sou Oad7- age" , " : "6b Windows Server 2025 Datacenter Build 26100.ge_release240331-1435 9:04 PM 10/8/2026
[mh] P2 rule 1 (Pay ?head type) on 'Pay head type|Pay Head Information': keys 'Earnings for Employees{ENTER}'
[keys] 'Earnings for Employees' -> Tally 'TallyPrime:9000'
[keys] '{ENTER}' -> Tally 'TallyPrime:9000'
[shot] mh-0195-P2-w4 (1024x768)
[mh] mh-0195-P2-w4: field 273,284,168x16 left 'Income type' heads 'Earnings for Employees / Pay Head Information / FinCom • ke Co' value '' (boxes: 273,284,168x16[Income type|Earnings for Employees/Pay Head Information/FinCom • ke Co]) | TallyPrime MANAGE Recyc EDU K: Company Pa Head Creation Y: Data Z: Exchange O: Import FinCom • ke Co E: Export M: Share P: Print Total Opening Balance Name (alias) Firefo Googl Pay head type Chro Income type Under MA HRA Pay Head Information Fl: Help F2: period Company Affect net salary Micros Name to be displayed in payslip Use for calculation of gratuity Calculation type 46 IypÅ Unity Quit Earnings for Employees Direct Expenses Yes MA HRA No As User Defined Value Opening Balance A Accept Q Search Income TV Fixed Variable ( on I-Apr-26) : FIO: Other Masters W: Show All Periods Configure 161 nt to •elati c2524 9b89b -c082 Hub" , " : "6b 9b89b -c082 tion_ 24978 isten corre 2fcfc nning ' , "sou Oad7- age" , " : "6b D: Delete Windows Server 2025 Datacenter Build 26100.ge_release240331-1435 9:04 PM 10/8/2026
[keys] '{ENTER}' -> Tally 'TallyPrime:9000'
[shot] mh-0196-P2-w5 (1024x768)
[mh] mh-0196-P2-w5: field 273,302,168x16 left 'Under' heads 'Fixed / Earnings for Employees / Pay Head Information' value 'Direct Ex nses' (boxes: 273,302,168x16[Under|Fixed/Earnings for Employees/Pay Head Information]) | TallyPrime MANAGE Recyc EDU K: Company Pa Head Creation Y: Data Z: Exchange FinCom • ke Co O: Import E: Export List of Grou s Direct Expenses Expenses (Direct) Expenses (Indirect) Indirect Expenses M: Share Name (alias) Firefo Googl Pay head type Chro MA HRA Pay Head Information p: print x Create Fl: Help F2: period Company Misc. D: Delete Expenses (ASSET) Income type Under Affect net salary Micros Name to be displayed in payslip Use for calculation of gratuity Calculation type 46 IypÅ Unity Quit Earnings for Employees Fixed Direct Ex nses Yes MA HRA No As User Defined Value Opening Balance A Accept Q Search FIO: Other Masters 161 nt to •elati c2524 9b89b -c082 Hub" , " : "6b 9b89b -c082 tion_ 24978 isten corre 2fcfc nning ' , "sou Oad7- age" , " : "6b ( on I-Apr-26) : W: Show All Periods Configure Windows Server 2025 Datacenter Build 26100.ge_release240331-1435 9:05 PM 10/8/2026
[mh] P2 rule 2 ((^|\W)Under$) on 'Under|Fixed': keys 'Indirect Expenses{ENTER}'
[keys] 'Indirect Expenses' -> Tally 'TallyPrime:9000'
[keys] '{ENTER}' -> Tally 'TallyPrime:9000'
[shot] mh-0197-P2-w6 (1024x768)
[mh] mh-0197-P2-w6: field 273,344,46x16 left 'Affect net salary' heads 'Indirect Expenses / Fixed / Earnings for Employees' value 'Yes' (boxes: 273,344,46x16[Affect net salary|Indirect Expenses/Fixed/Earnings for Employees]) | TallyPrime MANAGE Recyc EDU K: Company Pa Head Creation Y: Data Z: Exchange O: Import FinCom • ke Co E: Export M: Share P: Print Total Opening Balance Name (alias) Firefo Googl Pay head type Chro MA HRA Pay Head Information Fl: Help F2: period Company Income type Under Affect net salary Micros Name to be displayed in payslip Use for calculation of gratuity Calculation type 46 IypÅ Unity Quit Earnings for Employees Fixed Indirect Expenses Yes MA HRA No As User Defined Value Opening Balance A Accept Q Search FIO: Other Masters 161 nt to •elati c2524 9b89b -c082 Hub" , " : "6b 9b89b -c082 tion_ 24978 isten corre 2fcfc nning ' , "sou Oad7- age" , " : "6b ( on I-Apr-26) : D: Delete W: Show All Periods Configure Windows Server 2025 Datacenter Build 26100.ge_release240331-1435 9:05 PM 10/8/2026
[mh] P2 rule 3 (Affect net salary) on 'Affect net salary|Indirect Expenses': keys 'y{ENTER}'
[keys] 'y' -> Tally 'TallyPrime:9000'
[keys] '{ENTER}' -> Tally 'TallyPrime:9000'
[shot] mh-0198-P2-w7 (1024x768)
[mh] mh-0198-P2-w7: field 273,362,168x16 left 'Name to be displayed in payslip' heads 'Yes / Indirect Expenses / Fixed' value 'MA HRA' (boxes: 273,362,168x16[Name to be displayed in payslip|Yes/Indirect Expenses/Fixed]) | TallyPrime MANAGE Recyc EDU K: Company Pa Head Creation Y: Data Z: Exchange O: Import FinCom • ke Co E: Export M: Share P: Print Total Opening Balance Name (alias) Firefo Googl Pay head type Chro MA HRA Pay Head Information Fl: Help F2: period Company Income type Under Affect net salary Micros Name to be displayed in payslip Use for calculation of gratuity Calculation type 46 IypÅ Unity Quit Earnings for Employees Fixed Indirect Expenses Yes MA HRA No As User Defined Value Opening Balance A Accept Q Search FIO: Other Masters 161 nt to •elati c2524 9b89b -c082 Hub" , " : "6b 9b89b -c082 tion_ 24978 isten corre 2fcfc nning ' , "sou Oad7- age" , " : "6b ( on I-Apr-26) : D: Delete W: Show All Periods Configure Windows Server 2025 Datacenter Build 26100.ge_release240331-1435 9:05 PM 10/8/2026
[keys] '{ENTER}' -> Tally 'TallyPrime:9000'
[shot] mh-0199-P2-w8 (1024x768)
[mh] mh-0199-P2-w8: field 273,380,46x16 left 'Use for calculation of gratuity' heads 'MA HRA / Yes / Indirect Expenses' value '' (boxes: 273,380,46x16[Use for calculation of gratuity|MA HRA/Yes/Indirect Expenses]) | TallyPrime MANAGE Recyc EDU K: Company Pa Head Creation Y: Data Z: Exchange O: Import FinCom • ke Co E: Export M: Share P: Print Total Opening Balance Name (alias) Firefo Googl Pay head type Chro MA HRA Pay Head Information Fl: Help F2: period Company Income type Under Affect net salary Micros Name to be displayed in payslip Use for calculation of gratuity Calculation type 46 IypÅ Unity Quit Earnings for Employees Fixed Indirect Expenses Yes MA HRA As User Defined Value Opening Balance A Accept Q Search FIO: Other Masters 161 nt to •elati c2524 9b89b -c082 Hub" , " : "6b 9b89b -c082 tion_ 24978 isten corre 2fcfc nning ' , "sou Oad7- age" , " : "6b ( on I-Apr-26) : D: Delete W: Show All Periods Configure Windows Server 2025 Datacenter Build 26100.ge_release240331-1435 9:05 PM 10/8/2026
[keys] '{ENTER}' -> Tally 'TallyPrime:9000'
[shot] mh-0200-P2-w9 (1024x768)
[mh] mh-0200-P2-w9: field 273,398,168x16 left 'Calculation type' heads 'No / MA HRA / Yes' value 'As User Defined Value' (boxes: 273,398,168x16[Calculation type|No/MA HRA/Yes]) | TallyPrime MANAGE Recyc EDU K: Company Pa Head Creation Y: Data Z: Exchange O: Import FinCom • ke Co E: Export M: Share P: Print Total Opening Balance Name (alias) Firefo Googl Pay head type Chro MA HRA Pay Head Information Fl: Help F2: period Company Income type Under Affect net salary Micros Name to be displayed in payslip Use for calculation of gratuity Calculation type 46 IypÅ Unity Quit Earnings for Employees Fixed Indirect Expenses Yes MA HRA No As User Defined Value Opening Balance A Accept Q Search FIO: T of Calculations As Computed Value As User Defined Value Flat Rate On Attendance On Production ( on I-Apr-26) : D: Delete Other Masters W: Show All Periods Configure 161 nt to •elati c2524 9b89b -c082 Hub" , " : "6b 9b89b -c082 tion_ 24978 isten corre 2fcfc nning ' , "sou Oad7- age" , " : "6b Windows Server 2025 Datacenter Build 26100.ge_release240331-1435 9:05 PM 10/8/2026
[mh] P2 rule 4 (Calculation type) on 'Calculation type|No': keys 'As Computed Value{ENTER}'
[keys] 'As Computed Value' -> Tally 'TallyPrime:9000'
[keys] '{ENTER}' -> Tally 'TallyPrime:9000'
[shot] mh-0201-P2-w10 (1024x768)
[mh] mh-0201-P2-w10: field 174,601,153x16 left 'Rounding Method' heads 'Rounding Off Informatio / Months' value '' (boxes: 174,601,153x16[Rounding Method|Rounding Off Informatio/Months]) | TallyPrime MANAGE Recyc EDU K: Company Pa Head Creation Y: Data Z: Exchange O: Import FinCom • ke Co E: Export M: Share P: Print Total Opening Balance Name (alias) Firefo Googl Pay head type Chro MA HRA Pay Head Information Fl: Help F2: period Company Computation Information On Current Earnings Total Income type Under Affect net salary Micros Name to be displayed in payslip Use for calculation of gratuity Calculation type Earnings for Employees Fixed Indirect Expenses Yes MA HRA No As Computed Value Months Compute Effective From upr-26 Amount Amount Up Greater Than To D: Delete Slab Type Value FIO: Other Masters Calculation period 46 IypÅ Rounding Method Unity Quit List of Round Methods Not Applicable Downward Rounding Rounding Off Informatio Normal Rounding Upward Rounding W: Show All Periods Configure 161 nt to •elati c2524 9b89b -c082 Hub" , " : "6b 9b89b -c082 tion_ 24978 isten corre 2fcfc nning ' , "sou Oad7- age" , " : "6b Opening a ance A Accept Q Search on pr-26) : Windows Server 2025 Datacenter Build 26100.ge_release240331-1435 9:05 PM 10/8/2026
[keys] '{ENTER}' -> Tally 'TallyPrime:9000'
[shot] mh-0202-P2-w11 (1024x768)
[mh] mh-0202-P2-w11: field 588,262,189x16 left 'Compute' heads 'Computation Information / Total Opening Balance / O: Import' value 'Cn Current Earnin s Total' (boxes: 588,262,189x16[Compute|Computation Information/Total Opening Balance/O: Import]) | TallyPrime MANAGE Recyc EDU K: Company Pa Head Creation Y: Data Z: Exchange O: Import FinCom • ke Co E: Export M: Share P: Print Total Opening Balance Name (alias) Firefo Googl Pay head type Chro MA HRA Pay Head Information Fl: Help F2: period Company Income type Under Affect net salary Micros Name to be displayed in payslip Use for calculation of gratuity Calculation type Earnings for Employees Fixed Indirect Expenses Yes MA HRA No As Computed Value Months Compute Effective From upr-26 ( on I-Apr-26) : Am Great Computation Information Cn Current Earnin s Total Methods of Com utation On Current Deductions Total On Current Earnings Total On Current SubTotal On Specified Formula Value FIO: Other Masters Calculation period 46 IypÅ Rounding Method Unity Quit W: Show All Periods Configure 161 nt to •elati c2524 9b89b -c082 Hub" , " : "6b 9b89b -c082 tion_ 24978 isten corre 2fcfc nning ' , "sou Oad7- age" , " : "6b Rounding Off Information Not Applicable Opening Balance A Accept Q Search D: Delete Windows Server 2025 Datacenter Build 26100.ge_release240331-1435 9:05 PM 10/8/2026
[mh] P2 rule 5 ((^|\W)Compute$) on 'Compute|Computation Information': keys '{ENTER}'
[keys] '{ENTER}' -> Tally 'TallyPrime:9000'
[shot] mh-0203-P2-w12 (1024x768)
[mh] mh-0203-P2-w12: field 461,319,73x14 left '' heads 'From / Effective / Compute' value 'I-A r-26' (boxes: 461,319,73x14[|From/Effective/Compute]) | TallyPrime MANAGE Recyc EDU K: Company Pa Head Creation Y: Data Z: Exchange O: Import FinCom • ke Co E: Export M: Share P: Print Total Opening Balance Name (alias) Firefo Googl Pay head type Chro MA HRA Pay Head Information Fl: Help F2: period Company Computation Information On Current Earnings Total Income type Under Affect net salary Micros Name to be displayed in payslip Use for calculation of gratuity Calculation type Earnings for Employees Fixed Indirect Expenses Yes MA HRA No As Computed Value Months Compute Effective From I-A r-26 ( on I-Apr-26) : Amount Amount Up Greater Than To D: Delete Slab Type Value FIO: Other Masters Calculation period 46 IypÅ Rounding Method Unity Quit W: Show All Periods Configure 161 nt to •elati c2524 9b89b -c082 Hub" , " : "6b 9b89b -c082 tion_ 24978 isten corre 2fcfc nning ' , "sou Oad7- age" , " : "6b Rounding Off Information Not Applicable Opening Balance A Accept Q Search Windows Server 2025 Datacenter Build 26100.ge_release240331-1435 9:05 PM 10/8/2026
[keys] '{ENTER}' -> Tally 'TallyPrime:9000'
[shot] mh-0204-P2-w13 (1024x768)
[mh] mh-0204-P2-w13: field 625,335,87x14 left 'Yes' heads 'To / Amount Up / On Current Earnings Total' value '' (boxes: 625,335,87x14[Yes|To/Amount Up/On Current Earnings Total]) | TallyPrime MANAGE Recyc EDU K: Company Pa Head Creation Y: Data Z: Exchange O: Import FinCom • ke Co E: Export M: Share P: Print Total Opening Balance Name (alias) Firefo Googl Pay head type Chro MA HRA Pay Head Information Fl: Help F2: period Company Computation Information On Current Earnings Total Income type Under Affect net salary Micros Name to be displayed in payslip Use for calculation of gratuity Calculation type Earnings for Employees Fixed Indirect Expenses Yes MA HRA No As Computed Value Months Compute Effective From upr-26 ( on I-Apr-26) : Amount Amount Up Greater Than To D: Delete Slab Type Value FIO: Other Masters Calculation period 46 IypÅ Rounding Method Unity Quit W: Show All Periods Configure 161 nt to •elati c2524 9b89b -c082 Hub" , " : "6b 9b89b -c082 tion_ 24978 isten corre 2fcfc nning ' , "sou Oad7- age" , " : "6b Rounding Off Information Not Applicable Opening Balance A Accept Q Search Windows Server 2025 Datacenter Build 26100.ge_release240331-1435 9:05 PM 10/8/2026
[keys] '{ENTER}' -> Tally 'TallyPrime:9000'
[shot] mh-0205-P2-w14 (1024x768)
[mh] mh-0205-P2-w14: field 714,335,73x14 left 'Yes' heads 'Amount Up Slab Type / On Current Earnings Total / Computation Information' value '' (boxes: 714,335,73x14[Yes|Amount Up Slab Type/On Current Earnings Total/Computation Information]) | TallyPrime MANAGE Recyc EDU K: Company Pa Head Creation Y: Data Z: Exchange O: Import FinCom • ke Co E: Export M: Share P: Print Total Opening Balance Name (alias) Firefo Googl Pay head type Chro MA HRA Pay Head Information Fl: Help F2: period Company Earnings for Employees Fixed Indirect Expenses Yes MA HRA No As Computed Value Months Compute Effective From upr-26 ( on I-Apr-26) : Computation Information On Current Earnings Total Amount Amount Up Slab Type Income type Under Affect net salary Micros Name to be displayed in payslip Use for calculation of gratuity Calculation type Value Greater Than D: Delete To T s of Slabs Percentage Value FIO: Other Masters Calculation period 46 IypÅ Rounding Method Unity Quit W: Show All Periods Configure 161 nt to •elati c2524 9b89b -c082 Hub" , " : "6b 9b89b -c082 tion_ 24978 isten corre 2fcfc nning ' , "sou Oad7- age" , " : "6b Rounding Off Information Not Applicable Opening Balance A Accept Q Search Windows Server 2025 Datacenter Build 26100.ge_release240331-1435 9:05 PM 10/8/2026
[mh] P2 rule 7 (Slab Type) on 'Yes|Amount Up Slab Type': keys 'Percentage{ENTER}'
[keys] 'Percentage' -> Tally 'TallyPrime:9000'
[keys] '{ENTER}' -> Tally 'TallyPrime:9000'
[shot] mh-0206-P2-w15 (1024x768)
[mh] mh-0206-P2-w15: field 789,335,73x14 left 'Percentage' heads 'Value' value '' (boxes: 789,335,73x14[Percentage|Value]) | TallyPrime MANAGE Recyc EDU K: Company Pa Head Creation Y: Data Z: Exchange O: Import FinCom • ke Co E: Export M: Share P: Print Total Opening Balance Name (alias) Firefo Googl Pay head type Chro MA HRA Pay Head Information Fl: Help F2: period Company Computation Information On Current Earnings Total Income type Under Affect net salary Micros Name to be displayed in payslip Use for calculation of gratuity Calculation type Earnings for Employees Fixed Indirect Expenses Yes MA HRA No As Computed Value Months Compute Effective From upr-26 ( on I-Apr-26) : Amount Amount Up Slab Type Percentage Value Greater Than D: Delete To FIO: Other Masters Calculation period 46 IypÅ Rounding Method Unity Quit W: Show All Periods Configure 161 nt to •elati c2524 9b89b -c082 Hub" , " : "6b 9b89b -c082 tion_ 24978 isten corre 2fcfc nning ' , "sou Oad7- age" , " : "6b Rounding Off Information Not Applicable Opening Balance A Accept Q Search Windows Server 2025 Datacenter Build 26100.ge_release240331-1435 9:05 PM 10/8/2026
[mh] P2 rule 8 (^Value|Percent) on 'Percentage|Value': keys '40{ENTER}'
[keys] '40' -> Tally 'TallyPrime:9000'
[keys] '{ENTER}' -> Tally 'TallyPrime:9000'
[shot] mh-0207-P2-w16 (1024x768)
[mh] mh-0207-P2-w16: field 461,351,73x14 left 'Yes' heads 'upr-26 / From / Effective' value '' (boxes: 461,351,73x14[Yes|upr-26/From/Effective]) | TallyPrime MANAGE Recyc EDU K: Company Pa Head Creation Y: Data Z: Exchange O: Import FinCom • ke Co E: Export M: Share P: Print Total Opening Balance Name (alias) Firefo Googl Pay head type Chro MA HRA Pay Head Information Fl: Help F2: period Company Computation Information On Current Earnings Total Income type Under Affect net salary Micros Name to be displayed in payslip Use for calculation of gratuity Calculation type Earnings for Employees Fixed Indirect Expenses Yes MA HRA No As Computed Value Months Compute Effective From upr-26 ( on I-Apr-26) : Amount Amount Up Greater Than D: Delete To Slab Type Percentage Value 40 % FIO: Other Masters Calculation period 46 IypÅ Rounding Method Unity Quit W: Show All Periods Configure 161 nt to •elati c2524 9b89b -c082 Hub" , " : "6b 9b89b -c082 tion_ 24978 isten corre 2fcfc nning ' , "sou Oad7- age" , " : "6b Rounding Off Information Not Applicable Opening Balance A Accept Q Search Windows Server 2025 Datacenter Build 26100.ge_release240331-1435 9:05 PM 10/8/2026
[keys] '{ENTER}' -> Tally 'TallyPrime:9000'
[shot] mh-0208-P2-w17 (1024x768)
[mh] mh-0208-P2-w17: field 531,630,69x16 left '( on I-Apr-26)' heads '' value '' (boxes: 531,630,69x16[( on I-Apr-26)|]) | TallyPrime MANAGE Recyc EDU K: Company Pa Head Creation Y: Data Z: Exchange O: Import FinCom • ke Co E: Export M: Share P: Print Total Opening Balance Name (alias) Firefo Googl Pay head type Chro MA HRA Pay Head Information Fl: Help F2: period Company Computation Information On Current Earnings Total Income type Under Affect net salary Micros Name to be displayed in payslip Use for calculation of gratuity Calculation type Earnings for Employees Fixed Indirect Expenses Yes MA HRA No As Computed Value Months Compute Effective From upr-26 ( on I-Apr-26) : Amount Amount Up Greater Than D: Delete To Slab Type Percentage Value 40 % FIO: Other Masters Calculation period 46 IypÅ Rounding Method Unity Quit W: Show All Periods Configure 161 nt to •elati c2524 9b89b -c082 Hub" , " : "6b 9b89b -c082 tion_ 24978 isten corre 2fcfc nning ' , "sou Oad7- age" , " : "6b Rounding Off Information Not Applicable Opening Balance A Accept Q Search Windows Server 2025 Datacenter Build 26100.ge_release240331-1435 9:05 PM 10/8/2026
[keys] '{ENTER}' -> Tally 'TallyPrime:9000'
[shot] mh-0209-P2-w18 (1024x768)
[mh] mh-0209-P2-w18: field none left '' heads '' value '' (boxes: ) | TallyPrime MANAGE Recyc EDU K: Company Pa Head Creation Y: Data Z: Exchange FinCom O: Import E: Export M: Share P: Print Total Opening Balance Name (alias) Firefo Googl Pay head type Chro MA HRA Pay Head Information Fl: Help F2: period F3: Company Computation Information On Current Earnings Total Income type Under Affect net salary Micros Name to be displayed in payslip Use for calculation of gratuity Calculation type Earnings for Employees Fixed Indirect Expenses Yes MA HRA No As Computed Value Months Compute Effective From upr-26 ( on I-Apr-26) : Amount Amount Up Greater Than To D: Delete Slab Type Percentage Value 40 % Accept Q Yes or No FIO : Other Masters Calculation period 46 IypÅ Rounding Method Unity Q: Quit W: Show All Periods 161 nt to •elati c2524 9b89b -c082 Hub" , " : "6b 9b89b -c082 tion_ 24978 isten corre 2fcfc nning ' , "sou Oad7- age" , " : "6b Rounding Off Information Not Applicable Opening Balance A: Accept Q Search F 12: Configure Windows Server 2025 Datacenter Build 26100.ge_release240331-1435 9:05 PM 10/8/2026
[mh] P2 a question is up: stop
[shot] mh-0210-P2-before-save (1024x768)
[mh] mh-0210-P2-before-save: field none left '' heads '' value '' (boxes: ) | TallyPrime MANAGE Recyc EDU K: Company Pa Head Creation Y: Data Z: Exchange FinCom O: Import E: Export M: Share P: Print Total Opening Balance Name (alias) Firefo Googl Pay head type Chro MA HRA Pay Head Information Fl: Help F2: period F3: Company Computation Information On Current Earnings Total Income type Under Affect net salary Micros Name to be displayed in payslip Use for calculation of gratuity Calculation type Earnings for Employees Fixed Indirect Expenses Yes MA HRA No As Computed Value Months Compute Effective From upr-26 ( on I-Apr-26) : Amount Amount Up Greater Than To D: Delete Slab Type Percentage Value 40 % Accept Q Yes or No FIO : Other Masters Calculation period 46 IypÅ Rounding Method Unity Q: Quit W: Show All Periods 161 nt to •elati c2524 9b89b -c082 Hub" , " : "6b 9b89b -c082 tion_ 24978 isten corre 2fcfc nning ' , "sou Oad7- age" , " : "6b Rounding Off Information Not Applicable Opening Balance A: Accept Q Search F 12: Configure Windows Server 2025 Datacenter Build 26100.ge_release240331-1435 9:05 PM 10/8/2026
[keys] '' -> Tally 'TallyPrime:9000'
[shot] mh-0211-P2-saved1 (1024x768)
[mh] mh-0211-P2-saved1: field 139,113,245x16 left 'Name' heads 'Pa Head Creation / K: Company / Y: Data' value '' (boxes: 139,113,245x16[Name|Pa Head Creation/K: Company/Y: Data]) | TallyPrime MANAGE Recyc EDU K: Company Y: Data Z: Exchange O: Import Pa Head Creation Name (alias) Firefo Googl Pay head type Chro Income type Under Affect net salary Micros FinCom Spike Co E: Export M: Share P: Print Total Opening Balance Fl: Help F2: period Company Pay Head Information Earnings for Employees Fixed Direct Expenses Yes FIO: Name to be displayed in payslip Use for calculation of gratuity Calculation type 46 IypÅ Unity Quit Other Masters No As User Defined Value Opening Balance A Accept Q Search 161 nt to •elati c2524 9b89b -c082 Hub" , " : "6b 9b89b -c082 tion_ 24978 isten corre 2fcfc nning ' , "sou Oad7- age" , " : "6b ( on I-Apr-26) : D: Delete W: Show All Periods Configure Windows Server 2025 Datacenter Build 26100.ge_release240331-1435 9:05 PM 10/8/2026
[shot] tds-098-mgw0 (1024x768)
[21:05:50] [tds] screen tds-098-mgw0 : TallyPrime MANAGE Recyc EDU K: Company Y: Data Z: Exchange O: Import Pa Head Creation Name (alias) Firefo Googl Pay head type Chro Income type Under Affect net salary Micros FinCom Spike Co E: Export M: Share P: Print Total Opening Balance Fl: Help F2: period Company Pay Head Information Earnings for Employees Fixed Direct Expenses Yes FIO: Name to be displayed in payslip Use for calculation of gratuity Calculation type 46 IypÅ Unity Quit Other Masters No As User Defined Value Opening Balance A Accept Q Search 161 nt to •elati c2524 9b89b -c082 Hub" , " : "6b 9b89b -c082 tion_ 24978 isten corr...
[keys] '{ESC}' -> Tally 'TallyPrime:9000'
[shot] tds-099-mgw1 (1024x768)
[21:05:52] [tds] screen tds-099-mgw1 : TallyPrime MANAGE Recyc EDU K: Company Y: Data Z: Exchange FinCom Spike Co O: Import Pa Head Creation Name (alias) Firefo Googl Pay head type Chro Income type Under Affect net salary Micros E: Export M: Share P: Print Total Opening Balance Quit o Yes or No Fl: Help F2: period F3: Company Pay Head Information Earnings for Employees Fixed Direct Expenses Yes FIO Name to be displayed in payslip Use for calculation of gratuity Calculation type 46 IypÅ Unity Q: Quit : Other Masters No As User Defined Value Opening Balance A: Accept Q Search W: Show All Periods 161 nt to •elati c2524 9b89b -c082 Hub...
[keys] 'n' -> Tally 'TallyPrime:9000'
[shot] tds-100-mgw2 (1024x768)
[21:05:56] [tds] screen tds-100-mgw2 : TallyPrime MANAGE Recyc EDU K: Company Y: Data Z: Exchange O: Import Pa Head Creation Name (alias) Firefo Googl Pay head type Chro Income type Under Affect net salary Micros FinCom Spike Co E: Export M: Share P: Print Total Opening Balance Fl: Help F2: period Company Pay Head Information Earnings for Employees Fixed Direct Expenses Yes FIO: Name to be displayed in payslip Use for calculation of gratuity Calculation type 46 IypÅ Unity Quit Other Masters No As User Defined Value Opening Balance A Accept Q Search 161 nt to •elati c2524 9b89b -c082 Hub" , " : "6b 9b89b -c082 tion_ 24978 isten corr...
[keys] '{ESC}' -> Tally 'TallyPrime:9000'
[shot] tds-101-mgw3 (1024x768)
[21:05:58] [tds] screen tds-101-mgw3 : TallyPrime MANAGE Recyc EDU K: Company Y: Data Z: Exchange FinCom Spike Co O: Import Pa Head Creation Name (alias) Firefo Googl Pay head type Chro Income type Under Affect net salary Micros E: Export M: Share P: Print Total Opening Balance Quit o Yes or No Fl: Help F2: period F3: Company Pay Head Information Earnings for Employees Fixed Direct Expenses Yes FIO Name to be displayed in payslip Use for calculation of gratuity Calculation type 46 IypÅ Unity Q: Quit : Other Masters No As User Defined Value Opening Balance A: Accept Q Search W: Show All Periods 161 nt to •elati c2524 9b89b -c082 Hub...
[keys] 'n' -> Tally 'TallyPrime:9000'
[shot] tds-102-mgw4 (1024x768)
[21:06:02] [tds] screen tds-102-mgw4 : TallyPrime MANAGE Recyc EDU K: Company Y: Data Z: Exchange O: Import Pa Head Creation Name (alias) Firefo Googl Pay head type Chro Income type Under Affect net salary Micros FinCom Spike Co E: Export M: Share P: Print Total Opening Balance Fl: Help F2: period Company Pay Head Information Earnings for Employees Fixed Direct Expenses Yes FIO: Name to be displayed in payslip Use for calculation of gratuity Calculation type 46 IypÅ Unity Quit Other Masters No As User Defined Value Opening Balance A Accept Q Search 161 nt to •elati c2524 9b89b -c082 Hub" , " : "6b 9b89b -c082 tion_ 24978 isten corr...
[keys] '{ESC}' -> Tally 'TallyPrime:9000'
[shot] tds-103-mgw5 (1024x768)
[21:06:04] [tds] screen tds-103-mgw5 : TallyPrime MANAGE Recyc EDU K: Company Y: Data Z: Exchange FinCom Spike Co O: Import Pa Head Creation Name (alias) Firefo Googl Pay head type Chro Income type Under Affect net salary Micros E: Export M: Share P: Print Total Opening Balance Quit o Yes or No Fl: Help F2: period F3: Company Pay Head Information Earnings for Employees Fixed Direct Expenses Yes FIO Name to be displayed in payslip Use for calculation of gratuity Calculation type 46 IypÅ Unity Q: Quit : Other Masters No As User Defined Value Opening Balance A: Accept Q Search W: Show All Periods 161 nt to •elati c2524 9b89b -c082 Hub...
[keys] 'n' -> Tally 'TallyPrime:9000'
[shot] tds-104-mgw6 (1024x768)
[21:06:08] [tds] screen tds-104-mgw6 : TallyPrime MANAGE Recyc EDU K: Company Y: Data Z: Exchange O: Import Pa Head Creation Name (alias) Firefo Googl Pay head type Chro Income type Under Affect net salary Micros FinCom Spike Co E: Export M: Share P: Print Total Opening Balance Fl: Help F2: period Company Pay Head Information Earnings for Employees Fixed Direct Expenses Yes FIO: Name to be displayed in payslip Use for calculation of gratuity Calculation type 46 IypÅ Unity Quit Other Masters No As User Defined Value Opening Balance A Accept Q Search 161 nt to •elati c2524 9b89b -c082 Hub" , " : "6b 9b89b -c082 tion_ 24978 isten corr...
[keys] '{ESC}' -> Tally 'TallyPrime:9000'
[shot] tds-105-mgw7 (1024x768)
[21:06:10] [tds] screen tds-105-mgw7 : TallyPrime MANAGE Recyc EDU K: Company Y: Data Z: Exchange FinCom Spike Co O: Import Pa Head Creation Name (alias) Firefo Googl Pay head type Chro Income type Under Affect net salary Micros E: Export M: Share P: Print Total Opening Balance Quit o Yes or No Fl: Help F2: period F3: Company Pay Head Information Earnings for Employees Fixed Direct Expenses Yes FIO Name to be displayed in payslip Use for calculation of gratuity Calculation type 46 IypÅ Unity Q: Quit : Other Masters No As User Defined Value Opening Balance A: Accept Q Search W: Show All Periods 161 nt to •elati c2524 9b89b -c082 Hub...
[keys] 'n' -> Tally 'TallyPrime:9000'
[21:06:13] [tds] the Gateway not reached (after P2-create-computed-slab): Tally started again
[keys] 'a' -> Tally 'TallyPrime:9000'
[keys] 't' -> Tally 'TallyPrime:9000'
[shot] tds-106-mh-start-0 (1024x768)
[21:06:47] [tds] screen tds-106-mh-start-0 : TallyPrime MANAGE Recyc EDU K: Company Gatewa of Tall Y: Data Z: Exchange CURRENT OATE Wednesday, I-Apr-2026 O: Import E: Export M: Share p: print Fl: Help Date Company Firefo Googl Chro Micros 46 IypÅ Unity CURRENT PERIOD I-Apr-26 to 31-Mar-27 NAME OF COMPANY FinCom Spike Co Gateway of Tally MASTERS Create Alter CHart of Accounts TRANSACTIONS Vouchers Day 800K UTILITIES BaNking REPORTS Balance Sheet Profit & Loss A/c Stock Summary Ratio Analysis Display More Reports DashbOard Quit 161 nt to •elati c2524 9b89b -c082 Hub" , " : "6b 9b89b -c082 tion_ 24978 isten corre 2fcfc nning ' , "sou Oad7- ...
  INFO mh A P2-create-computed-slab: stored as typed True; error ''; Ctrl+A 76.8 ms; add-on lines: payhead_accept_pre(MA HRA) payhead_accept_post(MA HRA)
[21:06:48] ---- mh A P3-create-attendance (Pay Head 'MA Attend')
[shot] tds-107-mgw0 (1024x768)
[21:06:49] [tds] screen tds-107-mgw0 : TallyPrime MANAGE Recyc EDU K: Company Gatewa of Tall Y: Data Z: Exchange CURRENT OATE Wednesday, I-Apr-2026 O: Import E: Export M: Share p: print Fl: Help Date Company Firefo Googl Chro Micros 46 IypÅ Unity CURRENT PERIOD I-Apr-26 to 31-Mar-27 NAME OF COMPANY FinCom Spike Co Gateway of Tally MASTERS Create Alter CHart of Accounts TRANSACTIONS Vouchers Day 800K UTILITIES BaNking REPORTS Balance Sheet Profit & Loss A/c Stock Summary Ratio Analysis Display More Reports DashbOard Quit 161 nt to •elati c2524 9b89b -c082 Hub" , " : "6b 9b89b -c082 tion_ 24978 isten corre 2fcfc nning ' , "sou Oad7- ...
[keys] 'c' -> Tally 'TallyPrime:9000'
[keys] '{BACKSPACE}{BACKSPACE}{BACKSPACE}{BACKSPACE}{BACKSPACE}{BACKSPACE}{BACKSPACE}{BACKSPACE}{BACKSPACE}{BACKSPACE}{BACKSPACE}{BACKSPACE}{BACKSPACE}{BACKSPACE}{BACKSPACE}{BACKSPACE}{BACKSPACE}{BACKSPACE}{BACKSPACE}{BACKSPACE}' -> Tally 'TallyPrime:9000'
[keys] 'Pay Head' -> Tally 'TallyPrime:9000'
[keys] '{ENTER}' -> Tally 'TallyPrime:9000'
[shot] mh-0212-P3-form (1024x768)
[mh] mh-0212-P3-form: field 139,113,245x16 left 'Name' heads 'Pa Head Creation / K: Company / Y: Data' value '' (boxes: 139,113,245x16[Name|Pa Head Creation/K: Company/Y: Data]) | TallyPrime MANAGE Recyc EDU K: Company Y: Data Z: Exchange O: Import Pa Head Creation Name (alias) Firefo Googl Pay head type Chro Income type Under Affect net salary Micros FinCom Spike Co E: Export M: Share P: Print Total Opening Balance Fl: Help F2: period Company Pay Head Information Earnings for Employees Fixed Direct Expenses Yes FIO: Name to be displayed in payslip Use for calculation of gratuity Calculation type 46 IypÅ Unity Quit Other Masters No As User Defined Value Opening Balance A Accept Q Search 161 nt to •elati c2524 9b89b -c082 Hub" , " : "6b 9b89b -c082 tion_ 24978 isten corre 2fcfc nning ' , "sou Oad7- age" , " : "6b ( on I-Apr-26) : D: Delete W: Show All Periods Configure Windows Server 2025 Datacenter Build 26100.ge_release240331-1435 9:06 PM 10/8/2026
[shot] mh-0213-P3-w1 (1024x768)
[mh] mh-0213-P3-w1: field 139,113,245x16 left 'Name' heads 'Pa Head Creation / K: Company / Y: Data' value '' (boxes: 139,113,245x16[Name|Pa Head Creation/K: Company/Y: Data]) | TallyPrime MANAGE Recyc EDU K: Company Y: Data Z: Exchange O: Import Pa Head Creation Name (alias) Firefo Googl Pay head type Chro Income type Under Affect net salary Micros FinCom Spike Co E: Export M: Share P: Print Total Opening Balance Fl: Help F2: period Company Pay Head Information Earnings for Employees Fixed Direct Expenses Yes FIO: Name to be displayed in payslip Use for calculation of gratuity Calculation type 46 IypÅ Unity Quit Other Masters No As User Defined Value Opening Balance A Accept Q Search 161 nt to •elati c2524 9b89b -c082 Hub" , " : "6b 9b89b -c082 tion_ 24978 isten corre 2fcfc nning ' , "sou Oad7- age" , " : "6b ( on I-Apr-26) : D: Delete W: Show All Periods Configure Windows Server 2025 Datacenter Build 26100.ge_release240331-1435 9:06 PM 10/8/2026
[mh] P3 rule 0 ((^|\W)Name$) on 'Name|Pa Head Creation': keys 'MA Attend{ENTER}'
[keys] 'MA Attend' -> Tally 'TallyPrime:9000'
[keys] '{ENTER}' -> Tally 'TallyPrime:9000'
[shot] mh-0214-P3-w2 (1024x768)
[mh] mh-0214-P3-w2: field 139,131,245x16 left '' heads 'MA Attend / Pa Head Creation / K: Company' value '' (boxes: 139,131,245x16[|MA Attend/Pa Head Creation/K: Company]) | TallyPrime MANAGE Recyc EDU K: Company Pa Head Creation Y: Data Z: Exchange O: Import FinCom • ke Co E: Export M: Share P: Print Total Opening Balance Name Firefo Googl Pay head type Chro MA Attend Pay Head Information Fl: Help F2: period Company Income type Under Affect net salary Micros Name to be displayed in payslip Use for calculation of gratuity Calculation type 46 IypÅ Unity Quit Earnings for Employees Fixed Direct Expenses Yes MA Attend No As User Defined Value Opening Balance A Accept Q Search FIO: Other Masters 161 nt to •elati c2524 9b89b -c082 Hub" , " : "6b 9b89b -c082 tion_ 24978 isten corre 2fcfc nning ' , "sou Oad7- age" , " : "6b ( on I-Apr-26) : D: Delete W: Show All Periods Configure Windows Server 2025 Datacenter Build 26100.ge_release240331-1435 9:07 PM 10/8/2026
[keys] '{ENTER}' -> Tally 'TallyPrime:9000'
[shot] mh-0215-P3-w3 (1024x768)
[mh] mh-0215-P3-w3: field 273,262,168x16 left 'Pay head type' heads 'Pay Head Information / FinCom • ke Co / Z: Exchange' value '' (boxes: 273,262,168x16[Pay head type|Pay Head Information/FinCom • ke Co/Z: Exchange]) | TallyPrime MANAGE Recyc EDU K: Company Pa Head Creation Y: Data Z: Exchange FinCom • ke Co List of Pa Head T • Not Applicable O: Import S E: Export M: Share P: Print Total Opening Balance Name (alias) Firefo Googl MA Attend Pay Head Information Fl: Help F2: period Company Pay head type Chro Income type Under Affect net salary Micros Name to be displayed in payslip Use for calculation of gratuity Calculation type 46 IypÅ Unity Quit Fixed Direct Expenses Yes MA Attend No As User Defined Value Opening Balance A Accept Q Search Deductions From Employees Earnings for Employees Employees' Statutory Deductions Employeis Statutory Contributions Gratuity Loans and Advances Reimbursements to Employees ( on I-Apr-26) : D: Delete FIO: Other Masters W: Show All Periods Configure 161 nt to •elati c2524 9b89b -c082 Hub" , " : "6b 9b89b -c082 tion_ 24978 isten corre 2fcfc nning ' , "sou Oad7- age" , " : "6b Windows Server 2025 Datacenter Build 26100.ge_release240331-1435 9:07 PM 10/8/2026
[mh] P3 rule 1 (Pay ?head type) on 'Pay head type|Pay Head Information': keys 'Earnings for Employees{ENTER}'
[keys] 'Earnings for Employees' -> Tally 'TallyPrime:9000'
[keys] '{ENTER}' -> Tally 'TallyPrime:9000'
[shot] mh-0216-P3-w4 (1024x768)
[mh] mh-0216-P3-w4: field 273,284,168x16 left 'Income type' heads 'Earnings for Employees / Pay Head Information / FinCom • ke Co' value '' (boxes: 273,284,168x16[Income type|Earnings for Employees/Pay Head Information/FinCom • ke Co]) | TallyPrime MANAGE Recyc EDU K: Company Pa Head Creation Y: Data Z: Exchange O: Import FinCom • ke Co E: Export M: Share P: Print Total Opening Balance Name (alias) Firefo Googl Pay head type Chro Income type Under MA Attend Pay Head Information Fl: Help F2: period Company Affect net salary Micros Name to be displayed in payslip Use for calculation of gratuity Calculation type 46 IypÅ Unity Quit Earnings for Employees Direct Expenses Yes MA Attend No As User Defined Value Opening Balance A Accept Q Search Income TV Fixed Variable ( on I-Apr-26) : FIO: Other Masters W: Show All Periods Configure 161 nt to •elati c2524 9b89b -c082 Hub" , " : "6b 9b89b -c082 tion_ 24978 isten corre 2fcfc nning ' , "sou Oad7- age" , " : "6b D: Delete Windows Server 2025 Datacenter Build 26100.ge_release240331-1435 9:07 PM 10/8/2026
[keys] '{ENTER}' -> Tally 'TallyPrime:9000'
[shot] mh-0217-P3-w5 (1024x768)
[mh] mh-0217-P3-w5: field 273,302,168x16 left 'Under' heads 'Fixed / Earnings for Employees / Pay Head Information' value 'Direct Ex nses' (boxes: 273,302,168x16[Under|Fixed/Earnings for Employees/Pay Head Information]) | TallyPrime MANAGE Recyc EDU K: Company Pa Head Creation Y: Data Z: Exchange FinCom • ke Co O: Import E: Export List of Grou s Direct Expenses Expenses (Direct) Expenses (Indirect) Indirect Expenses M: Share Name (alias) Firefo Googl Pay head type Chro MA Attend Pay Head Information p: print x Create Fl: Help F2: period Company Misc. D: Delete Expenses (ASSET) Income type Under Affect net salary Micros Name to be displayed in payslip Use for calculation of gratuity Calculation type 46 IypÅ Unity Quit Earnings for Employees Fixed Direct Ex nses Yes MA Attend No As User Defined Value Opening Balance A Accept Q Search FIO: Other Masters 161 nt to •elati c2524 9b89b -c082 Hub" , " : "6b 9b89b -c082 tion_ 24978 isten corre 2fcfc nning ' , "sou Oad7- age" , " : "6b ( on I-Apr-26) : W: Show All Periods Configure Windows Server 2025 Datacenter Build 26100.ge_release240331-1435 9:07 PM 10/8/2026
[mh] P3 rule 2 ((^|\W)Under$) on 'Under|Fixed': keys 'Indirect Expenses{ENTER}'
[keys] 'Indirect Expenses' -> Tally 'TallyPrime:9000'
[keys] '{ENTER}' -> Tally 'TallyPrime:9000'
[shot] mh-0218-P3-w6 (1024x768)
[mh] mh-0218-P3-w6: field 273,344,46x16 left 'Affect net salary' heads 'Indirect Expenses / Fixed / Earnings for Employees' value 'Yes' (boxes: 273,344,46x16[Affect net salary|Indirect Expenses/Fixed/Earnings for Employees]) | TallyPrime MANAGE Recyc EDU K: Company Pa Head Creation Y: Data Z: Exchange O: Import FinCom • ke Co E: Export M: Share P: Print Total Opening Balance Name (alias) Firefo Googl Pay head type Chro MA Attend Pay Head Information Fl: Help F2: period Company Income type Under Affect net salary Micros Name to be displayed in payslip Use for calculation of gratuity Calculation type 46 IypÅ Unity Quit Earnings for Employees Fixed Indirect Expenses Yes MA Attend No As User Defined Value Opening Balance A Accept Q Search FIO: Other Masters 161 nt to •elati c2524 9b89b -c082 Hub" , " : "6b 9b89b -c082 tion_ 24978 isten corre 2fcfc nning ' , "sou Oad7- age" , " : "6b ( on I-Apr-26) : D: Delete W: Show All Periods Configure Windows Server 2025 Datacenter Build 26100.ge_release240331-1435 9:07 PM 10/8/2026
[mh] P3 rule 3 (Affect net salary) on 'Affect net salary|Indirect Expenses': keys 'y{ENTER}'
[keys] 'y' -> Tally 'TallyPrime:9000'
[keys] '{ENTER}' -> Tally 'TallyPrime:9000'
[shot] mh-0219-P3-w7 (1024x768)
[mh] mh-0219-P3-w7: field 273,362,168x16 left 'Name to be displayed in payslip' heads 'Yes / Indirect Expenses / Fixed' value 'MA Attend' (boxes: 273,362,168x16[Name to be displayed in payslip|Yes/Indirect Expenses/Fixed]) | TallyPrime MANAGE Recyc EDU K: Company Pa Head Creation Y: Data Z: Exchange O: Import FinCom • ke Co E: Export M: Share P: Print Total Opening Balance Name (alias) Firefo Googl Pay head type Chro MA Attend Pay Head Information Fl: Help F2: period Company Income type Under Affect net salary Micros Name to be displayed in payslip Use for calculation of gratuity Calculation type 46 IypÅ Unity Quit Earnings for Employees Fixed Indirect Expenses Yes MA Attend No As User Defined Value Opening Balance A Accept Q Search FIO: Other Masters 161 nt to •elati c2524 9b89b -c082 Hub" , " : "6b 9b89b -c082 tion_ 24978 isten corre 2fcfc nning ' , "sou Oad7- age" , " : "6b ( on I-Apr-26) : D: Delete W: Show All Periods Configure Windows Server 2025 Datacenter Build 26100.ge_release240331-1435 9:07 PM 10/8/2026
[keys] '{ENTER}' -> Tally 'TallyPrime:9000'
[shot] mh-0220-P3-w8 (1024x768)
[mh] mh-0220-P3-w8: field 273,380,46x16 left 'Use for calculation of gratuity' heads 'MA Attend / Yes / Indirect Expenses' value '' (boxes: 273,380,46x16[Use for calculation of gratuity|MA Attend/Yes/Indirect Expenses]) | TallyPrime MANAGE Recyc EDU K: Company Pa Head Creation Y: Data Z: Exchange O: Import FinCom • ke Co E: Export M: Share P: Print Total Opening Balance Name (alias) Firefo Googl Pay head type Chro MA Attend Pay Head Information Fl: Help F2: period Company Income type Under Affect net salary Micros Name to be displayed in payslip Use for calculation of gratuity Calculation type 46 IypÅ Unity Quit Earnings for Employees Fixed Indirect Expenses Yes MA Attend As User Defined Value Opening Balance A Accept Q Search FIO: Other Masters 161 nt to •elati c2524 9b89b -c082 Hub" , " : "6b 9b89b -c082 tion_ 24978 isten corre 2fcfc nning ' , "sou Oad7- age" , " : "6b ( on I-Apr-26) : D: Delete W: Show All Periods Configure Windows Server 2025 Datacenter Build 26100.ge_release240331-1435 9:07 PM 10/8/2026
[keys] '{ENTER}' -> Tally 'TallyPrime:9000'
[shot] mh-0221-P3-w9 (1024x768)
[mh] mh-0221-P3-w9: field 273,398,168x16 left 'Calculation type' heads 'No / MA Attend / Yes' value 'As User Defined Value' (boxes: 273,398,168x16[Calculation type|No/MA Attend/Yes]) | TallyPrime MANAGE Recyc EDU K: Company Pa Head Creation Y: Data Z: Exchange O: Import FinCom • ke Co E: Export M: Share P: Print Total Opening Balance Name (alias) Firefo Googl Pay head type Chro MA Attend Pay Head Information Fl: Help F2: period Company Income type Under Affect net salary Micros Name to be displayed in payslip Use for calculation of gratuity Calculation type 46 IypÅ Unity Quit Earnings for Employees Fixed Indirect Expenses Yes MA Attend No As User Defined Value Opening Balance A Accept Q Search FIO: T of Calculations As Computed Value As User Defined Value Flat Rate On Attendance On Production ( on I-Apr-26) : D: Delete Other Masters W: Show All Periods Configure 161 nt to •elati c2524 9b89b -c082 Hub" , " : "6b 9b89b -c082 tion_ 24978 isten corre 2fcfc nning ' , "sou Oad7- age" , " : "6b Windows Server 2025 Datacenter Build 26100.ge_release240331-1435 9:07 PM 10/8/2026
[mh] P3 rule 4 (Calculation type) on 'Calculation type|No': keys 'On Attendance{ENTER}'
[keys] 'On Attendance' -> Tally 'TallyPrime:9000'
[keys] '{ENTER}' -> Tally 'TallyPrime:9000'
[shot] mh-0222-P3-w10 (1024x768)
[mh] mh-0222-P3-w10: field 273,416,168x16 left 'Attendance/leave with pay' heads 'On Attendance / No / MA Attend' value '' (boxes: 273,416,168x16[Attendance/leave with pay|On Attendance/No/MA Attend]) | TallyPrime MANAGE Recyc EDU K: Company Pa Head Creation Y: Data Z: Exchange O: Import FinCom • ke Co Name (alias) Firefo Googl Pay head type Chro MA Attend Pay Head Information E: Export M: Share P: Print Total Opening Balance Create Fl: Help F2: period Company Income type Under Affect net salary Micros Name to be displayed in payslip Use for calculation of gratuity Calculation type Attendance/leave with pay Earnings for Employees Fixed Indirect Expenses Yes MA Attend No On Attendance FIO: List of Attendance Tv Not Applicable MH Present ( on I-Apr-26) : D: Delete s Other Masters 46 IypÅ Rounding Method Unity Quit W: Show All Periods Configure 161 nt to •elati c2524 9b89b -c082 Hub" , " : "6b 9b89b -c082 tion_ 24978 isten corre 2fcfc nning ' , "sou Oad7- age" , " : "6b Rounding Off Information Not Applicable Opening Balance A Accept Q Search Windows Server 2025 Datacenter Build 26100.ge_release240331-1435 9:07 PM 10/8/2026
[mh] P3 rule 5 (Attendance.?Leave with pay) on 'Attendance/leave with pay|On Attendance': keys 'MH Present{ENTER}'
[keys] 'MH Present' -> Tally 'TallyPrime:9000'
[keys] '{ENTER}' -> Tally 'TallyPrime:9000'
[shot] mh-0223-P3-w11 (1024x768)
[mh] mh-0223-P3-w11: field 273,460,168x16 left 'Calculation period' heads 'MH Present / On Attendance / No' value '' (boxes: 273,460,168x16[Calculation period|MH Present/On Attendance/No]) | TallyPrime MANAGE Recyc EDU K: Company Pa Head Creation Y: Data Z: Exchange O: Import FinCom • ke Co E: Export M: Share P: Print Total Opening Balance Name (alias) Firefo Googl Pay head type Chro MA Attend Pay Head Information Fl: Help F2: period Company Income type Under Affect net salary Micros Name to be displayed in payslip Use for calculation of gratuity Calculation type Attendance/leave with pay Earnings for Employees Fixed Indirect Expenses Yes MA Attend No On Attendance MH Present FIO: Other Masters 46 Calculation period IypÅ Rounding Method Unity Quit List of Periods Days Fortnights Months Weeks ( on I-Apr-26) : 161 nt to •elati c2524 9b89b -c082 Hub" , " : "6b 9b89b -c082 tion_ 24978 isten corre 2fcfc nning ' , "sou Oad7- age" , " : "6b Rounding Off Information Not Applicable Opening Balance A Accept Q Search D: Delete W: Show All Periods Configure Windows Server 2025 Datacenter Build 26100.ge_release240331-1435 9:07 PM 10/8/2026
[mh] P3 rule 6 (Calculation period) on 'Calculation period|MH Present': keys 'Months{ENTER}'
[keys] 'Months' -> Tally 'TallyPrime:9000'
[keys] '{ENTER}' -> Tally 'TallyPrime:9000'
[shot] mh-0224-P3-w12 (1024x768)
[mh] mh-0224-P3-w12: field 273,478,168x16 left 'Basis of calculation (per day)' heads 'Months / MH Present / On Attendance' value '' (boxes: 273,478,168x16[Basis of calculation (per day)|Months/MH Present/On Attendance]) | TallyPrime MANAGE Recyc EDU K: Company Pa Head Creation Y: Data Z: Exchange O: Import FinCom • ke Co E: Export M: Share P: Print Total Opening Balance Name (alias) Firefo Googl Pay head type Chro MA Attend Pay Head Information Fl: Help F2: period Company Income type Under Affect net salary Micros Name to be displayed in payslip Use for calculation of gratuity Calculation type Attendance/leave with pay 46 Calculation period Basis of calculation (per day) Earnings for Employees Fixed Indirect Expenses Yes MA Attend No On Attendance MH Present Months FIO: Other Masters IypÅ Rounding Method Unity Quit Basis of Calculation As per Calendar Period User Defined User Defined Calendar Type ( on I-Apr-26) : D: Delete W: Show All Periods Configure 161 nt to •elati c2524 9b89b -c082 Hub" , " : "6b 9b89b -c082 tion_ 24978 isten corre 2fcfc nning ' , "sou Oad7- age" , " : "6b Rounding Off Information Not Applicable Opening Balance A Accept Q Search Windows Server 2025 Datacenter Build 26100.ge_release240331-1435 9:07 PM 10/8/2026
[keys] '{ENTER}' -> Tally 'TallyPrime:9000'
[shot] mh-0225-P3-w13 (1024x768)
[mh] mh-0225-P3-w13: field 174,601,153x16 left 'Rounding Method' heads 'Rounding Off Informatio / Basis of calculation (per day) / As per Calendar Period' value '' (boxes: 174,601,153x16[Rounding Method|Rounding Off Informatio/Basis of calculation (per day)/As per Calendar Period]) | TallyPrime MANAGE Recyc EDU K: Company Pa Head Creation Y: Data Z: Exchange O: Import FinCom • ke Co E: Export M: Share P: Print Total Opening Balance Name (alias) Firefo Googl Pay head type Chro MA Attend Pay Head Information Fl: Help F2: period Company Income type Under Affect net salary Micros Name to be displayed in payslip Use for calculation of gratuity Calculation type Attendance/leave with pay 46 Calculation period Basis of calculation (per day) Earnings for Employees Fixed Indirect Expenses Yes MA Attend No On Attendance MH Present Months As per Calendar Period List of Round Methods Not Applicable FIO: Other Masters IypÅ Rounding Method Unity Quit Downward Rounding Rounding Off Informatio Normal Rounding Upward Rounding 161 nt to •elati c2524 9b89b -c082 Hub" , " : "6b 9b89b -c082 tion_ 24978 isten corre 2fcfc nning ' , "sou Oad7- age" , " : "6b pr-26) : D: Delete W: Show All Periods Configure Opening a ance A Accept Q Search on Windows Server 2025 Datacenter Build 26100.ge_release240331-1435 9:07 PM 10/8/2026
[keys] '{ENTER}' -> Tally 'TallyPrime:9000'
[shot] mh-0226-P3-w14 (1024x768)
[mh] mh-0226-P3-w14: field 531,630,69x16 left '( on I-Apr-26)' heads '' value '' (boxes: 531,630,69x16[( on I-Apr-26)|]) | TallyPrime MANAGE Recyc EDU K: Company Pa Head Creation Y: Data Z: Exchange O: Import FinCom • ke Co E: Export M: Share P: Print Total Opening Balance Name (alias) Firefo Googl Pay head type Chro MA Attend Pay Head Information Fl: Help F2: period Company Income type Under Affect net salary Micros Name to be displayed in payslip Use for calculation of gratuity Calculation type Attendance/leave with pay 46 Calculation period Basis of calculation (per day) Earnings for Employees Fixed Indirect Expenses Yes MA Attend No On Attendance MH Present Months As per Calendar Period FIO: Other Masters IypÅ Rounding Method Unity Quit 161 nt to •elati c2524 9b89b -c082 Hub" , " : "6b 9b89b -c082 tion_ 24978 isten corre 2fcfc nning ' , "sou Oad7- age" , " : "6b Rounding Off Information Not Applicable Opening Balance A Accept Q Search ( on I-Apr-26) : D: Delete W: Show All Periods Configure Windows Server 2025 Datacenter Build 26100.ge_release240331-1435 9:07 PM 10/8/2026
[keys] '{ENTER}' -> Tally 'TallyPrime:9000'
[shot] mh-0227-P3-w15 (1024x768)
[mh] mh-0227-P3-w15: field none left '' heads '' value '' (boxes: ) | TallyPrime MANAGE Recyc EDU K: Company Pa Head Creation Y: Data Z: Exchange FinCom O: Import Name (alias) Firefo Googl Pay head type Chro MA Attend Pay Head Information E: Export M: Share P: Print Total Opening Balance Accept Q Yes or No Fl: Help F2: period F3: Company Income type Under Affect net salary Micros Name to be displayed in payslip Use for calculation of gratuity Calculation type Attendance/leave with pay 46 Calculation period Basis of calculation (per day) Earnings for Employees Fixed Indirect Expenses Yes MA Attend No On Attendance MH Present Months As per Calendar Period FIO : Other Masters W: Show All Periods IypÅ Rounding Method Unity Q: Quit 161 nt to •elati c2524 9b89b -c082 Hub" , " : "6b 9b89b -c082 tion_ 24978 isten corre 2fcfc nning ' , "sou Oad7- age" , " : "6b Rounding Off Information Not Applicable Opening Balance A: Accept Q Search ( on I-Apr-26) : D: Delete F 12: Configure Windows Server 2025 Datacenter Build 26100.ge_release240331-1435 9:07 PM 10/8/2026
[mh] P3 a question is up: stop
[shot] mh-0228-P3-before-save (1024x768)
[mh] mh-0228-P3-before-save: field none left '' heads '' value '' (boxes: ) | TallyPrime MANAGE Recyc EDU K: Company Pa Head Creation Y: Data Z: Exchange FinCom O: Import Name (alias) Firefo Googl Pay head type Chro MA Attend Pay Head Information E: Export M: Share P: Print Total Opening Balance Accept Q Yes or No Fl: Help F2: period F3: Company Income type Under Affect net salary Micros Name to be displayed in payslip Use for calculation of gratuity Calculation type Attendance/leave with pay 46 Calculation period Basis of calculation (per day) Earnings for Employees Fixed Indirect Expenses Yes MA Attend No On Attendance MH Present Months As per Calendar Period FIO : Other Masters W: Show All Periods IypÅ Rounding Method Unity Q: Quit 161 nt to •elati c2524 9b89b -c082 Hub" , " : "6b 9b89b -c082 tion_ 24978 isten corre 2fcfc nning ' , "sou Oad7- age" , " : "6b Rounding Off Information Not Applicable Opening Balance A: Accept Q Search ( on I-Apr-26) : D: Delete F 12: Configure Windows Server 2025 Datacenter Build 26100.ge_release240331-1435 9:07 PM 10/8/2026
[keys] '' -> Tally 'TallyPrime:9000'
[shot] mh-0229-P3-saved1 (1024x768)
[mh] mh-0229-P3-saved1: field 139,113,245x16 left 'Name' heads 'Pa Head Creation / K: Company / Y: Data' value '' (boxes: 139,113,245x16[Name|Pa Head Creation/K: Company/Y: Data]) | TallyPrime MANAGE Recyc EDU K: Company Y: Data Z: Exchange O: Import Pa Head Creation Name (alias) Firefo Googl Pay head type Chro Income type Under Affect net salary Micros FinCom Spike Co E: Export M: Share P: Print Total Opening Balance Fl: Help F2: period Company Pay Head Information Earnings for Employees Fixed Direct Expenses Yes FIO: Name to be displayed in payslip Use for calculation of gratuity Calculation type 46 IypÅ Unity Quit Other Masters No As User Defined Value Opening Balance A Accept Q Search 161 nt to •elati c2524 9b89b -c082 Hub" , " : "6b 9b89b -c082 tion_ 24978 isten corre 2fcfc nning ' , "sou Oad7- age" , " : "6b ( on I-Apr-26) : D: Delete W: Show All Periods Configure Windows Server 2025 Datacenter Build 26100.ge_release240331-1435 9:07 PM 10/8/2026
[shot] tds-108-mgw0 (1024x768)
[21:07:52] [tds] screen tds-108-mgw0 : TallyPrime MANAGE Recyc EDU K: Company Y: Data Z: Exchange O: Import Pa Head Creation Name (alias) Firefo Googl Pay head type Chro Income type Under Affect net salary Micros FinCom Spike Co E: Export M: Share P: Print Total Opening Balance Fl: Help F2: period Company Pay Head Information Earnings for Employees Fixed Direct Expenses Yes FIO: Name to be displayed in payslip Use for calculation of gratuity Calculation type 46 IypÅ Unity Quit Other Masters No As User Defined Value Opening Balance A Accept Q Search 161 nt to •elati c2524 9b89b -c082 Hub" , " : "6b 9b89b -c082 tion_ 24978 isten corr...
[keys] '{ESC}' -> Tally 'TallyPrime:9000'
[shot] tds-109-mgw1 (1024x768)
[21:07:55] [tds] screen tds-109-mgw1 : TallyPrime MANAGE Recyc EDU K: Company Y: Data Z: Exchange FinCom Spike Co O: Import Pa Head Creation Name (alias) Firefo Googl Pay head type Chro Income type Under Affect net salary Micros E: Export M: Share P: Print Total Opening Balance Quit o Yes or No Fl: Help F2: period F3: Company Pay Head Information Earnings for Employees Fixed Direct Expenses Yes FIO Name to be displayed in payslip Use for calculation of gratuity Calculation type 46 IypÅ Unity Q: Quit : Other Masters No As User Defined Value Opening Balance A: Accept Q Search W: Show All Periods 161 nt to •elati c2524 9b89b -c082 Hub...
[keys] 'n' -> Tally 'TallyPrime:9000'
[shot] tds-110-mgw2 (1024x768)
[21:07:58] [tds] screen tds-110-mgw2 : TallyPrime MANAGE Recyc EDU K: Company Y: Data Z: Exchange O: Import Pa Head Creation Name (alias) Firefo Googl Pay head type Chro Income type Under Affect net salary Micros FinCom Spike Co E: Export M: Share P: Print Total Opening Balance Fl: Help F2: period Company Pay Head Information Earnings for Employees Fixed Direct Expenses Yes FIO: Name to be displayed in payslip Use for calculation of gratuity Calculation type 46 IypÅ Unity Quit Other Masters No As User Defined Value Opening Balance A Accept Q Search 161 nt to •elati c2524 9b89b -c082 Hub" , " : "6b 9b89b -c082 tion_ 24978 isten corr...
[keys] '{ESC}' -> Tally 'TallyPrime:9000'
[shot] tds-111-mgw3 (1024x768)
[21:08:01] [tds] screen tds-111-mgw3 : TallyPrime MANAGE Recyc EDU K: Company Y: Data Z: Exchange FinCom Spike Co O: Import Pa Head Creation Name (alias) Firefo Googl Pay head type Chro Income type Under Affect net salary Micros E: Export M: Share P: Print Total Opening Balance Quit o Yes or No Fl: Help F2: period F3: Company Pay Head Information Earnings for Employees Fixed Direct Expenses Yes FIO Name to be displayed in payslip Use for calculation of gratuity Calculation type 46 IypÅ Unity Q: Quit : Other Masters No As User Defined Value Opening Balance A: Accept Q Search W: Show All Periods 161 nt to •elati c2524 9b89b -c082 Hub...
[keys] 'n' -> Tally 'TallyPrime:9000'
[shot] tds-112-mgw4 (1024x768)
[21:08:04] [tds] screen tds-112-mgw4 : TallyPrime MANAGE Recyc EDU K: Company Y: Data Z: Exchange O: Import Pa Head Creation Name (alias) Firefo Googl Pay head type Chro Income type Under Affect net salary Micros FinCom Spike Co E: Export M: Share P: Print Total Opening Balance Fl: Help F2: period Company Pay Head Information Earnings for Employees Fixed Direct Expenses Yes FIO: Name to be displayed in payslip Use for calculation of gratuity Calculation type 46 IypÅ Unity Quit Other Masters No As User Defined Value Opening Balance A Accept Q Search 161 nt to •elati c2524 9b89b -c082 Hub" , " : "6b 9b89b -c082 tion_ 24978 isten corr...
[keys] '{ESC}' -> Tally 'TallyPrime:9000'
[shot] tds-113-mgw5 (1024x768)
[21:08:07] [tds] screen tds-113-mgw5 : TallyPrime MANAGE Recyc EDU K: Company Y: Data Z: Exchange FinCom Spike Co O: Import Pa Head Creation Name (alias) Firefo Googl Pay head type Chro Income type Under Affect net salary Micros E: Export M: Share P: Print Total Opening Balance Quit o Yes or No Fl: Help F2: period F3: Company Pay Head Information Earnings for Employees Fixed Direct Expenses Yes FIO Name to be displayed in payslip Use for calculation of gratuity Calculation type 46 IypÅ Unity Q: Quit : Other Masters No As User Defined Value Opening Balance A: Accept Q Search W: Show All Periods 161 nt to •elati c2524 9b89b -c082 Hub...
[keys] 'n' -> Tally 'TallyPrime:9000'
[shot] tds-114-mgw6 (1024x768)
[21:08:10] [tds] screen tds-114-mgw6 : TallyPrime MANAGE Recyc EDU K: Company Y: Data Z: Exchange O: Import Pa Head Creation Name (alias) Firefo Googl Pay head type Chro Income type Under Affect net salary Micros FinCom Spike Co E: Export M: Share P: Print Total Opening Balance Fl: Help F2: period Company Pay Head Information Earnings for Employees Fixed Direct Expenses Yes FIO: Name to be displayed in payslip Use for calculation of gratuity Calculation type 46 IypÅ Unity Quit Other Masters No As User Defined Value Opening Balance A Accept Q Search 161 nt to •elati c2524 9b89b -c082 Hub" , " : "6b 9b89b -c082 tion_ 24978 isten corr...
[keys] '{ESC}' -> Tally 'TallyPrime:9000'
[shot] tds-115-mgw7 (1024x768)
[21:08:13] [tds] screen tds-115-mgw7 : TallyPrime MANAGE Recyc EDU K: Company Y: Data Z: Exchange FinCom Spike Co O: Import Pa Head Creation Name (alias) Firefo Googl Pay head type Chro Income type Under Affect net salary Micros E: Export M: Share P: Print Total Opening Balance Quit o Yes or No Fl: Help F2: period F3: Company Pay Head Information Earnings for Employees Fixed Direct Expenses Yes FIO Name to be displayed in payslip Use for calculation of gratuity Calculation type 46 IypÅ Unity Q: Quit : Other Masters No As User Defined Value Opening Balance A: Accept Q Search W: Show All Periods 161 nt to •elati c2524 9b89b -c082 Hub...
[keys] 'n' -> Tally 'TallyPrime:9000'
[21:08:16] [tds] the Gateway not reached (after P3-create-attendance): Tally started again
[keys] 'a' -> Tally 'TallyPrime:9000'
[keys] 't' -> Tally 'TallyPrime:9000'
[shot] tds-116-mh-start-0 (1024x768)
[21:08:50] [tds] screen tds-116-mh-start-0 : TallyPrime MANAGE Recyc EDU K: Company Gatewa of Tall Y: Data Z: Exchange CURRENT OATE Wednesday, I-Apr-2026 O: Import E: Export M: Share p: print Fl: Help Date Company Firefo Googl Chro Micros 46 IypÅ Unity CURRENT PERIOD I-Apr-26 to 31-Mar-27 NAME OF COMPANY FinCom Spike Co Gateway of Tally MASTERS Create Alter CHart of Accounts TRANSACTIONS Vouchers Day 800K UTILITIES BaNking REPORTS Balance Sheet Profit & Loss A/c Stock Summary Ratio Analysis Display More Reports DashbOard Quit 161 nt to •elati c2524 9b89b -c082 Hub" , " : "6b 9b89b -c082 tion_ 24978 isten corre 2fcfc nning ' , "sou Oad7- ...
  INFO mh A P3-create-attendance: stored as typed True; error ''; Ctrl+A 78.5 ms; add-on lines: payhead_accept_pre(MA Attend) payhead_accept_post(MA Attend)
[21:08:51] ---- mh A P4-create-production (Pay Head 'MA Piece')
[shot] tds-117-mgw0 (1024x768)
[21:08:52] [tds] screen tds-117-mgw0 : TallyPrime MANAGE Recyc EDU K: Company Gatewa of Tall Y: Data Z: Exchange CURRENT OATE Wednesday, I-Apr-2026 O: Import E: Export M: Share p: print Fl: Help Date Company Firefo Googl Chro Micros 46 IypÅ Unity CURRENT PERIOD I-Apr-26 to 31-Mar-27 NAME OF COMPANY FinCom Spike Co Gateway of Tally MASTERS Create Alter CHart of Accounts TRANSACTIONS Vouchers Day 800K UTILITIES BaNking REPORTS Balance Sheet Profit & Loss A/c Stock Summary Ratio Analysis Display More Reports DashbOard Quit 161 nt to •elati c2524 9b89b -c082 Hub" , " : "6b 9b89b -c082 tion_ 24978 isten corre 2fcfc nning ' , "sou Oad7- ...
[keys] 'c' -> Tally 'TallyPrime:9000'
[keys] '{BACKSPACE}{BACKSPACE}{BACKSPACE}{BACKSPACE}{BACKSPACE}{BACKSPACE}{BACKSPACE}{BACKSPACE}{BACKSPACE}{BACKSPACE}{BACKSPACE}{BACKSPACE}{BACKSPACE}{BACKSPACE}{BACKSPACE}{BACKSPACE}{BACKSPACE}{BACKSPACE}{BACKSPACE}{BACKSPACE}' -> Tally 'TallyPrime:9000'
[keys] 'Pay Head' -> Tally 'TallyPrime:9000'
[keys] '{ENTER}' -> Tally 'TallyPrime:9000'
[shot] mh-0230-P4-form (1024x768)
[mh] mh-0230-P4-form: field 139,113,245x16 left 'Name' heads 'Pa Head Creation / K: Company / Y: Data' value '' (boxes: 139,113,245x16[Name|Pa Head Creation/K: Company/Y: Data]) | TallyPrime MANAGE Recyc EDU K: Company Y: Data Z: Exchange O: Import Pa Head Creation Name (alias) Firefo Googl Pay head type Chro Income type Under Affect net salary Micros FinCom Spike Co E: Export M: Share P: Print Total Opening Balance Fl: Help F2: period Company Pay Head Information Earnings for Employees Fixed Direct Expenses Yes FIO: Name to be displayed in payslip Use for calculation of gratuity Calculation type 46 IypÅ Unity Quit Other Masters No As User Defined Value Opening Balance A Accept Q Search 161 nt to •elati c2524 9b89b -c082 Hub" , " : "6b 9b89b -c082 tion_ 24978 isten corre 2fcfc nning ' , "sou Oad7- age" , " : "6b ( on I-Apr-26) : D: Delete W: Show All Periods Configure Windows Server 2025 Datacenter Build 26100.ge_release240331-1435 9:09 PM 10/8/2026
[shot] mh-0231-P4-w1 (1024x768)
[mh] mh-0231-P4-w1: field 139,113,245x16 left 'Name' heads 'Pa Head Creation / K: Company / Y: Data' value '' (boxes: 139,113,245x16[Name|Pa Head Creation/K: Company/Y: Data]) | TallyPrime MANAGE Recyc EDU K: Company Y: Data Z: Exchange O: Import Pa Head Creation Name (alias) Firefo Googl Pay head type Chro Income type Under Affect net salary Micros FinCom Spike Co E: Export M: Share P: Print Total Opening Balance Fl: Help F2: period Company Pay Head Information Earnings for Employees Fixed Direct Expenses Yes FIO: Name to be displayed in payslip Use for calculation of gratuity Calculation type 46 IypÅ Unity Quit Other Masters No As User Defined Value Opening Balance A Accept Q Search 161 nt to •elati c2524 9b89b -c082 Hub" , " : "6b 9b89b -c082 tion_ 24978 isten corre 2fcfc nning ' , "sou Oad7- age" , " : "6b ( on I-Apr-26) : D: Delete W: Show All Periods Configure Windows Server 2025 Datacenter Build 26100.ge_release240331-1435 9:09 PM 10/8/2026
[mh] P4 rule 0 ((^|\W)Name$) on 'Name|Pa Head Creation': keys 'MA Piece{ENTER}'
[keys] 'MA Piece' -> Tally 'TallyPrime:9000'
[keys] '{ENTER}' -> Tally 'TallyPrime:9000'
[shot] mh-0232-P4-w2 (1024x768)
[mh] mh-0232-P4-w2: field 139,131,245x16 left '' heads 'MA Piece / Pa Head Creation / K: Company' value '' (boxes: 139,131,245x16[|MA Piece/Pa Head Creation/K: Company]) | TallyPrime MANAGE Recyc EDU K: Company Pa Head Creation Y: Data Z: Exchange O: Import FinCom • ke Co E: Export M: Share P: Print Total Opening Balance Name Firefo Googl Pay head type Chro MA Piece Pay Head Information Fl: Help F2: period Company Income type Under Affect net salary Micros Name to be displayed in payslip Use for calculation of gratuity Calculation type 46 IypÅ Unity Quit Earnings for Employees Fixed Direct Expenses Yes MA Piece No As User Defined Value Opening Balance A Accept Q Search FIO: Other Masters 161 nt to •elati c2524 9b89b -c082 Hub" , " : "6b 9b89b -c082 tion_ 24978 isten corre 2fcfc nning ' , "sou Oad7- age" , " : "6b ( on I-Apr-26) : D: Delete W: Show All Periods Configure Windows Server 2025 Datacenter Build 26100.ge_release240331-1435 9:09 PM 10/8/2026
[keys] '{ENTER}' -> Tally 'TallyPrime:9000'
[shot] mh-0233-P4-w3 (1024x768)
[mh] mh-0233-P4-w3: field 273,262,168x16 left 'Pay head type' heads 'Pay Head Information / FinCom • ke Co / Z: Exchange' value '' (boxes: 273,262,168x16[Pay head type|Pay Head Information/FinCom • ke Co/Z: Exchange]) | TallyPrime MANAGE Recyc EDU K: Company Pa Head Creation Y: Data Z: Exchange FinCom • ke Co List of Pa Head T • Not Applicable O: Import S E: Export M: Share P: Print Total Opening Balance Name (alias) Firefo Googl MA Piece Pay Head Information Fl: Help F2: period Company Pay head type Chro Income type Under Affect net salary Micros Name to be displayed in payslip Use for calculation of gratuity Calculation type 46 IypÅ Unity Quit Fixed Direct Expenses Yes MA Piece No As User Defined Value Opening Balance A Accept Q Search Deductions From Employees Earnings for Employees Employees' Statutory Deductions Employeis Statutory Contributions Gratuity Loans and Advances Reimbursements to Employees ( on I-Apr-26) : D: Delete FIO: Other Masters W: Show All Periods Configure 161 nt to •elati c2524 9b89b -c082 Hub" , " : "6b 9b89b -c082 tion_ 24978 isten corre 2fcfc nning ' , "sou Oad7- age" , " : "6b Windows Server 2025 Datacenter Build 26100.ge_release240331-1435 9:09 PM 10/8/2026
[mh] P4 rule 1 (Pay ?head type) on 'Pay head type|Pay Head Information': keys 'Earnings for Employees{ENTER}'
[keys] 'Earnings for Employees' -> Tally 'TallyPrime:9000'
[keys] '{ENTER}' -> Tally 'TallyPrime:9000'
[shot] mh-0234-P4-w4 (1024x768)
[mh] mh-0234-P4-w4: field 273,284,168x16 left 'Income type' heads 'Earnings for Employees / Pay Head Information / FinCom • ke Co' value '' (boxes: 273,284,168x16[Income type|Earnings for Employees/Pay Head Information/FinCom • ke Co]) | TallyPrime MANAGE Recyc EDU K: Company Pa Head Creation Y: Data Z: Exchange O: Import FinCom • ke Co E: Export M: Share P: Print Total Opening Balance Name (alias) Firefo Googl Pay head type Chro Income type Under MA Piece Pay Head Information Fl: Help F2: period Company Affect net salary Micros Name to be displayed in payslip Use for calculation of gratuity Calculation type 46 IypÅ Unity Quit Earnings for Employees Direct Expenses Yes MA Piece No As User Defined Value Opening Balance A Accept Q Search Income TV Fixed Variable ( on I-Apr-26) : FIO: Other Masters W: Show All Periods Configure 161 nt to •elati c2524 9b89b -c082 Hub" , " : "6b 9b89b -c082 tion_ 24978 isten corre 2fcfc nning ' , "sou Oad7- age" , " : "6b D: Delete Windows Server 2025 Datacenter Build 26100.ge_release240331-1435 9:09 PM 10/8/2026
[keys] '{ENTER}' -> Tally 'TallyPrime:9000'
[shot] mh-0235-P4-w5 (1024x768)
[mh] mh-0235-P4-w5: field 273,302,168x16 left 'Under' heads 'Fixed / Earnings for Employees / Pay Head Information' value 'Direct Ex nses' (boxes: 273,302,168x16[Under|Fixed/Earnings for Employees/Pay Head Information]) | TallyPrime MANAGE Recyc EDU K: Company Pa Head Creation Y: Data Z: Exchange FinCom • ke Co O: Import E: Export List of Grou s Direct Expenses Expenses (Direct) Expenses (Indirect) Indirect Expenses M: Share Name (alias) Firefo Googl Pay head type Chro MA Piece Pay Head Information p: print x Create Fl: Help F2: period Company Misc. D: Delete Expenses (ASSET) Income type Under Affect net salary Micros Name to be displayed in payslip Use for calculation of gratuity Calculation type 46 IypÅ Unity Quit Earnings for Employees Fixed Direct Ex nses Yes MA Piece No As User Defined Value Opening Balance A Accept Q Search FIO: Other Masters 161 nt to •elati c2524 9b89b -c082 Hub" , " : "6b 9b89b -c082 tion_ 24978 isten corre 2fcfc nning ' , "sou Oad7- age" , " : "6b ( on I-Apr-26) : W: Show All Periods Configure Windows Server 2025 Datacenter Build 26100.ge_release240331-1435 9:09 PM 10/8/2026
[mh] P4 rule 2 ((^|\W)Under$) on 'Under|Fixed': keys 'Indirect Expenses{ENTER}'
[keys] 'Indirect Expenses' -> Tally 'TallyPrime:9000'
[keys] '{ENTER}' -> Tally 'TallyPrime:9000'
[shot] mh-0236-P4-w6 (1024x768)
[mh] mh-0236-P4-w6: field 273,344,46x16 left 'Affect net salary' heads 'Indirect Expenses / Fixed / Earnings for Employees' value 'Yes' (boxes: 273,344,46x16[Affect net salary|Indirect Expenses/Fixed/Earnings for Employees]) | TallyPrime MANAGE Recyc EDU K: Company Pa Head Creation Y: Data Z: Exchange O: Import FinCom • ke Co E: Export M: Share P: Print Total Opening Balance Name (alias) Firefo Googl Pay head type Chro MA Piece Pay Head Information Fl: Help F2: period Company Income type Under Affect net salary Micros Name to be displayed in payslip Use for calculation of gratuity Calculation type 46 IypÅ Unity Quit Earnings for Employees Fixed Indirect Expenses Yes MA Piece No As User Defined Value Opening Balance A Accept Q Search FIO: Other Masters 161 nt to •elati c2524 9b89b -c082 Hub" , " : "6b 9b89b -c082 tion_ 24978 isten corre 2fcfc nning ' , "sou Oad7- age" , " : "6b ( on I-Apr-26) : D: Delete W: Show All Periods Configure Windows Server 2025 Datacenter Build 26100.ge_release240331-1435 9:09 PM 10/8/2026
[mh] P4 rule 3 (Affect net salary) on 'Affect net salary|Indirect Expenses': keys 'y{ENTER}'
[keys] 'y' -> Tally 'TallyPrime:9000'
[keys] '{ENTER}' -> Tally 'TallyPrime:9000'
[shot] mh-0237-P4-w7 (1024x768)
[mh] mh-0237-P4-w7: field 273,362,168x16 left 'Name to be displayed in payslip' heads 'Yes / Indirect Expenses / Fixed' value 'MA Piece' (boxes: 273,362,168x16[Name to be displayed in payslip|Yes/Indirect Expenses/Fixed]) | TallyPrime MANAGE Recyc EDU K: Company Pa Head Creation Y: Data Z: Exchange O: Import FinCom • ke Co E: Export M: Share P: Print Total Opening Balance Name (alias) Firefo Googl Pay head type Chro MA Piece Pay Head Information Fl: Help F2: period Company Income type Under Affect net salary Micros Name to be displayed in payslip Use for calculation of gratuity Calculation type 46 IypÅ Unity Quit Earnings for Employees Fixed Indirect Expenses Yes MA Piece No As User Defined Value Opening Balance A Accept Q Search FIO: Other Masters 161 nt to •elati c2524 9b89b -c082 Hub" , " : "6b 9b89b -c082 tion_ 24978 isten corre 2fcfc nning ' , "sou Oad7- age" , " : "6b ( on I-Apr-26) : D: Delete W: Show All Periods Configure Windows Server 2025 Datacenter Build 26100.ge_release240331-1435 9:09 PM 10/8/2026
[keys] '{ENTER}' -> Tally 'TallyPrime:9000'
[shot] mh-0238-P4-w8 (1024x768)
[mh] mh-0238-P4-w8: field 273,380,46x16 left 'Use for calculation of gratuity' heads 'MA Piece / Yes / Indirect Expenses' value '' (boxes: 273,380,46x16[Use for calculation of gratuity|MA Piece/Yes/Indirect Expenses]) | TallyPrime MANAGE Recyc EDU K: Company Pa Head Creation Y: Data Z: Exchange O: Import FinCom • ke Co E: Export M: Share P: Print Total Opening Balance Name (alias) Firefo Googl Pay head type Chro MA Piece Pay Head Information Fl: Help F2: period Company Income type Under Affect net salary Micros Name to be displayed in payslip Use for calculation of gratuity Calculation type 46 IypÅ Unity Quit Earnings for Employees Fixed Indirect Expenses Yes MA Piece As User Defined Value Opening Balance A Accept Q Search FIO: Other Masters 161 nt to •elati c2524 9b89b -c082 Hub" , " : "6b 9b89b -c082 tion_ 24978 isten corre 2fcfc nning ' , "sou Oad7- age" , " : "6b ( on I-Apr-26) : D: Delete W: Show All Periods Configure Windows Server 2025 Datacenter Build 26100.ge_release240331-1435 9:09 PM 10/8/2026
[keys] '{ENTER}' -> Tally 'TallyPrime:9000'
[shot] mh-0239-P4-w9 (1024x768)
[mh] mh-0239-P4-w9: field 273,398,168x16 left 'Calculation type' heads 'No / MA Piece / Yes' value 'As User Defined Value' (boxes: 273,398,168x16[Calculation type|No/MA Piece/Yes]) | TallyPrime MANAGE Recyc EDU K: Company Pa Head Creation Y: Data Z: Exchange O: Import FinCom • ke Co E: Export M: Share P: Print Total Opening Balance Name (alias) Firefo Googl Pay head type Chro MA Piece Pay Head Information Fl: Help F2: period Company Income type Under Affect net salary Micros Name to be displayed in payslip Use for calculation of gratuity Calculation type 46 IypÅ Unity Quit Earnings for Employees Fixed Indirect Expenses Yes MA Piece No As User Defined Value Opening Balance A Accept Q Search FIO: T of Calculations As Computed Value As User Defined Value Flat Rate On Attendance On Production ( on I-Apr-26) : D: Delete Other Masters W: Show All Periods Configure 161 nt to •elati c2524 9b89b -c082 Hub" , " : "6b 9b89b -c082 tion_ 24978 isten corre 2fcfc nning ' , "sou Oad7- age" , " : "6b Windows Server 2025 Datacenter Build 26100.ge_release240331-1435 9:09 PM 10/8/2026
[mh] P4 rule 4 (Calculation type) on 'Calculation type|No': keys 'On Production{ENTER}'
[keys] 'On Production' -> Tally 'TallyPrime:9000'
[keys] '{ENTER}' -> Tally 'TallyPrime:9000'
[shot] mh-0240-P4-w10 (1024x768)
[mh] mh-0240-P4-w10: field 273,416,168x16 left 'Production type' heads 'On Production / No / MA Piece' value '' (boxes: 273,416,168x16[Production type|On Production/No/MA Piece]) | TallyPrime MANAGE Recyc EDU K: Company Pa Head Creation Y: Data Z: Exchange O: Import FinCom • ke Co E: Export M: Share P: Print Total Opening Balance Name (alias) Firefo Googl Pay head type Chro MA Piece Pay Head Information Fl: Help F2: period Company Income type Under Affect net salary Micros Name to be displayed in payslip Use for calculation of gratuity Calculation type Production type List of Production T 46 MH Pieces Earnings for Employees Fixed Indirect Expenses Yes MA Piece No On Production • Primary FIO: Other Masters Nos IypÅ Rounding Method Unity Quit 161 nt to •elati c2524 9b89b -c082 Hub" , " : "6b 9b89b -c082 tion_ 24978 isten corre 2fcfc nning ' , "sou Oad7- age" , " : "6b Rounding Off Information Not Applicable Opening Balance A Accept Q Search ( on I-Apr-26) : D: Delete W: Show All Periods Configure Windows Server 2025 Datacenter Build 26100.ge_release240331-1435 9:09 PM 10/8/2026
[mh] P4 rule 5 (Production type) on 'Production type|On Production': keys 'MH Pieces{ENTER}'
[keys] 'MH Pieces' -> Tally 'TallyPrime:9000'
[keys] '{ENTER}' -> Tally 'TallyPrime:9000'
[shot] mh-0241-P4-before-save (1024x768)
[mh] mh-0241-P4-before-save: field 174,601,153x16 left 'Rounding Method' heads 'Rounding Off Informatio / MH Pieces' value '' (boxes: 174,601,153x16[Rounding Method|Rounding Off Informatio/MH Pieces]) | TallyPrime MANAGE Recyc EDU K: Company Pa Head Creation Y: Data Z: Exchange O: Import FinCom • ke Co E: Export M: Share P: Print Total Opening Balance Name (alias) Firefo Googl Pay head type Chro MA Piece Pay Head Information Fl: Help F2: period Company Income type Under Affect net salary Micros Name to be displayed in payslip Use for calculation of gratuity Earnings for Employees Fixed Indirect Expenses Yes MA Piece No On Production MH Pieces List of Round Methods Not Applicable FIO: Other Masters Calculation type Production type 46 IypÅ Rounding Method Unity Quit Downward Rounding Rounding Off Informatio Normal Rounding Upward Rounding 161 nt to •elati c2524 9b89b -c082 Hub" , " : "6b 9b89b -c082 tion_ 24978 isten corre 2fcfc nning ' , "sou Oad7- age" , " : "6b pr-26) : D: Delete W: Show All Periods Configure Opening a ance A Accept Q Search on Windows Server 2025 Datacenter Build 26100.ge_release240331-1435 9:09 PM 10/8/2026
[keys] '' -> Tally 'TallyPrime:9000'
[shot] mh-0242-P4-saved1 (1024x768)
[mh] mh-0242-P4-saved1: field 139,113,245x16 left 'Name' heads 'Pa Head Creation / K: Company / Y: Data' value '' (boxes: 139,113,245x16[Name|Pa Head Creation/K: Company/Y: Data]) | TallyPrime MANAGE Recyc EDU K: Company Y: Data Z: Exchange O: Import Pa Head Creation Name (alias) Firefo Googl Pay head type Chro Income type Under Affect net salary Micros FinCom Spike Co E: Export M: Share P: Print Total Opening Balance Fl: Help F2: period Company Pay Head Information Earnings for Employees Fixed Direct Expenses Yes FIO: Name to be displayed in payslip Use for calculation of gratuity Calculation type 46 IypÅ Unity Quit Other Masters No As User Defined Value Opening Balance A Accept Q Search 161 nt to •elati c2524 9b89b -c082 Hub" , " : "6b 9b89b -c082 tion_ 24978 isten corre 2fcfc nning ' , "sou Oad7- age" , " : "6b ( on I-Apr-26) : D: Delete W: Show All Periods Configure Windows Server 2025 Datacenter Build 26100.ge_release240331-1435 9:09 PM 10/8/2026
[shot] tds-118-mgw0 (1024x768)
[21:09:43] [tds] screen tds-118-mgw0 : TallyPrime MANAGE Recyc EDU K: Company Y: Data Z: Exchange O: Import Pa Head Creation Name (alias) Firefo Googl Pay head type Chro Income type Under Affect net salary Micros FinCom Spike Co E: Export M: Share P: Print Total Opening Balance Fl: Help F2: period Company Pay Head Information Earnings for Employees Fixed Direct Expenses Yes FIO: Name to be displayed in payslip Use for calculation of gratuity Calculation type 46 IypÅ Unity Quit Other Masters No As User Defined Value Opening Balance A Accept Q Search 161 nt to •elati c2524 9b89b -c082 Hub" , " : "6b 9b89b -c082 tion_ 24978 isten corr...
[keys] '{ESC}' -> Tally 'TallyPrime:9000'
[shot] tds-119-mgw1 (1024x768)
[21:09:46] [tds] screen tds-119-mgw1 : TallyPrime MANAGE Recyc EDU K: Company Y: Data Z: Exchange FinCom Spike Co O: Import Pa Head Creation Name (alias) Firefo Googl Pay head type Chro Income type Under Affect net salary Micros E: Export M: Share P: Print Total Opening Balance Quit o Yes or No Fl: Help F2: period F3: Company Pay Head Information Earnings for Employees Fixed Direct Expenses Yes FIO Name to be displayed in payslip Use for calculation of gratuity Calculation type 46 IypÅ Unity Q: Quit : Other Masters No As User Defined Value Opening Balance A: Accept Q Search W: Show All Periods 161 nt to •elati c2524 9b89b -c082 Hub...
[keys] 'n' -> Tally 'TallyPrime:9000'
[shot] tds-120-mgw2 (1024x768)
[21:09:49] [tds] screen tds-120-mgw2 : TallyPrime MANAGE Recyc EDU K: Company Y: Data Z: Exchange O: Import Pa Head Creation Name (alias) Firefo Googl Pay head type Chro Income type Under Affect net salary Micros FinCom Spike Co E: Export M: Share P: Print Total Opening Balance Fl: Help F2: period Company Pay Head Information Earnings for Employees Fixed Direct Expenses Yes FIO: Name to be displayed in payslip Use for calculation of gratuity Calculation type 46 IypÅ Unity Quit Other Masters No As User Defined Value Opening Balance A Accept Q Search 161 nt to •elati c2524 9b89b -c082 Hub" , " : "6b 9b89b -c082 tion_ 24978 isten corr...
[keys] '{ESC}' -> Tally 'TallyPrime:9000'
[shot] tds-121-mgw3 (1024x768)
[21:09:52] [tds] screen tds-121-mgw3 : TallyPrime MANAGE Recyc EDU K: Company Y: Data Z: Exchange FinCom Spike Co O: Import Pa Head Creation Name (alias) Firefo Googl Pay head type Chro Income type Under Affect net salary Micros E: Export M: Share P: Print Total Opening Balance Quit o Yes or No Fl: Help F2: period F3: Company Pay Head Information Earnings for Employees Fixed Direct Expenses Yes FIO Name to be displayed in payslip Use for calculation of gratuity Calculation type 46 IypÅ Unity Q: Quit : Other Masters No As User Defined Value Opening Balance A: Accept Q Search W: Show All Periods 161 nt to •elati c2524 9b89b -c082 Hub...
[keys] 'n' -> Tally 'TallyPrime:9000'
[shot] tds-122-mgw4 (1024x768)
[21:09:55] [tds] screen tds-122-mgw4 : TallyPrime MANAGE Recyc EDU K: Company Y: Data Z: Exchange O: Import Pa Head Creation Name (alias) Firefo Googl Pay head type Chro Income type Under Affect net salary Micros FinCom Spike Co E: Export M: Share P: Print Total Opening Balance Fl: Help F2: period Company Pay Head Information Earnings for Employees Fixed Direct Expenses Yes FIO: Name to be displayed in payslip Use for calculation of gratuity Calculation type 46 IypÅ Unity Quit Other Masters No As User Defined Value Opening Balance A Accept Q Search 161 nt to •elati c2524 9b89b -c082 Hub" , " : "6b 9b89b -c082 tion_ 24978 isten corr...
[keys] '{ESC}' -> Tally 'TallyPrime:9000'
[shot] tds-123-mgw5 (1024x768)
[21:09:58] [tds] screen tds-123-mgw5 : TallyPrime MANAGE Recyc EDU K: Company Y: Data Z: Exchange FinCom Spike Co O: Import Pa Head Creation Name (alias) Firefo Googl Pay head type Chro Income type Under Affect net salary Micros E: Export M: Share P: Print Total Opening Balance Quit o Yes or No Fl: Help F2: period F3: Company Pay Head Information Earnings for Employees Fixed Direct Expenses Yes FIO Name to be displayed in payslip Use for calculation of gratuity Calculation type 46 IypÅ Unity Q: Quit : Other Masters No As User Defined Value Opening Balance A: Accept Q Search W: Show All Periods 161 nt to •elati c2524 9b89b -c082 Hub...
[keys] 'n' -> Tally 'TallyPrime:9000'
[shot] tds-124-mgw6 (1024x768)
[21:10:02] [tds] screen tds-124-mgw6 : TallyPrime MANAGE Recyc EDU K: Company Y: Data Z: Exchange O: Import Pa Head Creation Name (alias) Firefo Googl Pay head type Chro Income type Under Affect net salary Micros FinCom Spike Co E: Export M: Share P: Print Total Opening Balance Fl: Help F2: period Company Pay Head Information Earnings for Employees Fixed Direct Expenses Yes FIO: Name to be displayed in payslip Use for calculation of gratuity Calculation type 46 IypÅ Unity Quit Other Masters No As User Defined Value Opening Balance A Accept Q Search 161 nt to •elati c2524 9b89b -c082 Hub" , " : "6b 9b89b -c082 tion_ 24978 isten corr...
[keys] '{ESC}' -> Tally 'TallyPrime:9000'
[shot] tds-125-mgw7 (1024x768)
[21:10:04] [tds] screen tds-125-mgw7 : TallyPrime MANAGE Recyc EDU K: Company Y: Data Z: Exchange FinCom Spike Co O: Import Pa Head Creation Name (alias) Firefo Googl Pay head type Chro Income type Under Affect net salary Micros E: Export M: Share P: Print Total Opening Balance Quit o Yes or No Fl: Help F2: period F3: Company Pay Head Information Earnings for Employees Fixed Direct Expenses Yes FIO Name to be displayed in payslip Use for calculation of gratuity Calculation type 46 IypÅ Unity Q: Quit : Other Masters No As User Defined Value Opening Balance A: Accept Q Search W: Show All Periods 161 nt to •elati c2524 9b89b -c082 Hub...
[keys] 'n' -> Tally 'TallyPrime:9000'
[21:10:07] [tds] the Gateway not reached (after P4-create-production): Tally started again
[keys] 'a' -> Tally 'TallyPrime:9000'
[keys] 't' -> Tally 'TallyPrime:9000'
[shot] tds-126-mh-start-0 (1024x768)
[21:10:41] [tds] screen tds-126-mh-start-0 : TallyPrime MANAGE Recyc EDU K: Company Gatewa of Tall Y: Data Z: Exchange CURRENT OATE Wednesday, I-Apr-2026 O: Import E: Export M: Share p: print Fl: Help Date Company Firefo Googl Chro Micros 46 IypÅ Unity CURRENT PERIOD I-Apr-26 to 31-Mar-27 NAME OF COMPANY FinCom Spike Co Gateway of Tally MASTERS Create Alter CHart of Accounts TRANSACTIONS Vouchers Day 800K UTILITIES BaNking REPORTS Balance Sheet Profit & Loss A/c Stock Summary Ratio Analysis Display More Reports DashbOard Quit 161 nt to •elati c2524 9b89b -c082 Hub" , " : "6b 9b89b -c082 tion_ 24978 isten corre 2fcfc nning ' , "sou Oad7- ...
  INFO mh A P4-create-production: stored as typed True; error ''; Ctrl+A 92 ms; add-on lines: payhead_accept_pre(MA Piece) payhead_accept_post(MA Piece)
[21:10:42] ---- mh A P5-alter-payslip-name (Pay Head 'MA Basic')
[shot] tds-127-mgw0 (1024x768)
[21:10:43] [tds] screen tds-127-mgw0 : TallyPrime MANAGE Recyc EDU K: Company Gatewa of Tall Y: Data Z: Exchange CURRENT OATE Wednesday, I-Apr-2026 O: Import E: Export M: Share p: print Fl: Help Date Company Firefo Googl Chro Micros 46 IypÅ Unity CURRENT PERIOD I-Apr-26 to 31-Mar-27 NAME OF COMPANY FinCom Spike Co Gateway of Tally MASTERS Create Alter CHart of Accounts TRANSACTIONS Vouchers Day 800K UTILITIES BaNking REPORTS Balance Sheet Profit & Loss A/c Stock Summary Ratio Analysis Display More Reports DashbOard Quit 161 nt to •elati c2524 9b89b -c082 Hub" , " : "6b 9b89b -c082 tion_ 24978 isten corre 2fcfc nning ' , "sou Oad7- ...
[keys] 'a' -> Tally 'TallyPrime:9000'
[keys] '{BACKSPACE}{BACKSPACE}{BACKSPACE}{BACKSPACE}{BACKSPACE}{BACKSPACE}{BACKSPACE}{BACKSPACE}{BACKSPACE}{BACKSPACE}{BACKSPACE}{BACKSPACE}{BACKSPACE}{BACKSPACE}{BACKSPACE}{BACKSPACE}{BACKSPACE}{BACKSPACE}{BACKSPACE}{BACKSPACE}' -> Tally 'TallyPrime:9000'
[keys] 'Pay Head' -> Tally 'TallyPrime:9000'
[keys] '{ENTER}' -> Tally 'TallyPrime:9000'
[keys] 'MA Basic' -> Tally 'TallyPrime:9000'
[keys] '{ENTER}' -> Tally 'TallyPrime:9000'
[shot] mh-0243-P5-form (1024x768)
[mh] mh-0243-P5-form: field 139,113,245x16 left 'Name' heads 'Pa Head Alteration / K: Company / Y: Data' value 'MA Basic' (boxes: 139,113,245x16[Name|Pa Head Alteration/K: Company/Y: Data]) | TallyPrime MANAGE Recyc EDU K: Company Pa Head Alteration Y: Data Z: Exchange O: Import FinCom Spike Co E: Export M: Share P: Print Total Opening Balance Name (alias) Firefo Googl Pay head type Chro MA Basic Pay Head Information Fl: Help F2: period Company Income type Under Affect net salary Micros Name to be displayed in payslip Use for calculation of gratuity Calculation type 46 IypÅ Unity Quit Earnings for Employees Fixed Indirect Expenses Yes MA Basic No As User Defined Value Opening Balance A Accept Q Search FIO: Other Masters 161 nt to •elati c2524 9b89b -c082 Hub" , " : "6b 9b89b -c082 tion_ 24978 isten corre 2fcfc nning ' , "sou Oad7- age" , " : "6b ( on I-Apr-26) : D: Delete W: Show All Periods Configure Windows Server 2025 Datacenter Build 26100.ge_release240331-1435 9:10 PM 10/8/2026
[shot] mh-0244-P5-w1 (1024x768)
[mh] mh-0244-P5-w1: field 139,113,245x16 left 'Name' heads 'Pa Head Alteration / K: Company / Y: Data' value 'IA Basic' (boxes: 139,113,245x16[Name|Pa Head Alteration/K: Company/Y: Data]) | TallyPrime MANAGE Recyc EDU K: Company Pa Head Alteration Y: Data Z: Exchange O: Import FinCom Spike Co E: Export M: Share P: Print Total Opening Balance Name (alias) Firefo Googl Pay head type Chro IA Basic Pay Head Information Fl: Help F2: period Company Income type Under Affect net salary Micros Name to be displayed in payslip Use for calculation of gratuity Calculation type 46 IypÅ Unity Quit Earnings for Employees Fixed Indirect Expenses Yes MA Basic No As User Defined Value Opening Balance A Accept Q Search FIO: Other Masters 161 nt to •elati c2524 9b89b -c082 Hub" , " : "6b 9b89b -c082 tion_ 24978 isten corre 2fcfc nning ' , "sou Oad7- age" , " : "6b ( on I-Apr-26) : D: Delete W: Show All Periods Configure Windows Server 2025 Datacenter Build 26100.ge_release240331-1435 9:10 PM 10/8/2026
[keys] '{ENTER}' -> Tally 'TallyPrime:9000'
[shot] mh-0245-P5-w2 (1024x768)
[mh] mh-0245-P5-w2: field 139,131,245x16 left '' heads 'MA Basic / Pa Head Alteration / K: Company' value '' (boxes: 139,131,245x16[|MA Basic/Pa Head Alteration/K: Company]) | TallyPrime MANAGE Recyc EDU K: Company Pa Head Alteration Y: Data Z: Exchange O: Import FinCom • ke Co E: Export M: Share P: Print Total Opening Balance Name Firefo Googl Pay head type Chro MA Basic Pay Head Information Fl: Help F2: period Company Income type Under Affect net salary Micros Name to be displayed in payslip Use for calculation of gratuity Calculation type 46 IypÅ Unity Quit Earnings for Employees Fixed Indirect Expenses Yes MA Basic No As User Defined Value Opening Balance A Accept Q Search FIO: Other Masters 161 nt to •elati c2524 9b89b -c082 Hub" , " : "6b 9b89b -c082 tion_ 24978 isten corre 2fcfc nning ' , "sou Oad7- age" , " : "6b ( on I-Apr-26) : D: Delete W: Show All Periods Configure Windows Server 2025 Datacenter Build 26100.ge_release240331-1435 9:11 PM 10/8/2026
[keys] '{ENTER}' -> Tally 'TallyPrime:9000'
[shot] mh-0246-P5-w3 (1024x768)
[mh] mh-0246-P5-w3: field 273,262,168x16 left 'Pay head type' heads 'Pay Head Information / FinCom • ke Co / Z: Exchange' value '' (boxes: 273,262,168x16[Pay head type|Pay Head Information/FinCom • ke Co/Z: Exchange]) | TallyPrime MANAGE Recyc EDU K: Company Pa Head Alteration Y: Data Z: Exchange FinCom • ke Co List of Pa Head T • Not Applicable O: Import S E: Export M: Share P: Print Total Opening Balance Name (alias) Firefo Googl MA Basic Pay Head Information Fl: Help F2: period Company Pay head type Chro Income type Under Affect net salary Micros Name to be displayed in payslip Use for calculation of gratuity Calculation type 46 IypÅ Unity Quit Fixed Indirect Expenses Yes MA Basic No As User Defined Value Opening Balance A Accept Q Search Deductions From Employees Earnings for Employees Employees' Statutory Deductions Employeis Statutory Contributions Gratuity Loans and Advances Reimbursements to Employees ( on I-Apr-26) : FIO: Other Masters 161 nt to •elati c2524 9b89b -c082 Hub" , " : "6b 9b89b -c082 tion_ 24978 isten corre 2fcfc nning ' , "sou Oad7- age" , " : "6b D: Delete W: Show All Periods Configure Windows Server 2025 Datacenter Build 26100.ge_release240331-1435 9:11 PM 10/8/2026
[keys] '{ENTER}' -> Tally 'TallyPrime:9000'
[shot] mh-0247-P5-w4 (1024x768)
[mh] mh-0247-P5-w4: field 273,284,168x16 left 'Income type' heads 'Earnings for Employees / Pay Head Information / FinCom • ke Co' value '' (boxes: 273,284,168x16[Income type|Earnings for Employees/Pay Head Information/FinCom • ke Co]) | TallyPrime MANAGE Recyc EDU K: Company Pa Head Alteration Y: Data Z: Exchange O: Import FinCom • ke Co E: Export M: Share P: Print Total Opening Balance Name (alias) Firefo Googl Pay head type Chro Income type Under MA Basic Pay Head Information Fl: Help F2: period Company Affect net salary Micros Name to be displayed in payslip Use for calculation of gratuity Calculation type 46 IypÅ Unity Quit Earnings for Employees Indirect Expenses Yes MA Basic No As User Defined Value Opening Balance A Accept Q Search Income TV Fixed Variable ( on I-Apr-26) : FIO: Other Masters 161 nt to •elati c2524 9b89b -c082 Hub" , " : "6b 9b89b -c082 tion_ 24978 isten corre 2fcfc nning ' , "sou Oad7- age" , " : "6b D: Delete W: Show All Periods Configure Windows Server 2025 Datacenter Build 26100.ge_release240331-1435 9:11 PM 10/8/2026
[keys] '{ENTER}' -> Tally 'TallyPrime:9000'
[shot] mh-0248-P5-w5 (1024x768)
[mh] mh-0248-P5-w5: field 273,302,168x16 left 'Under' heads 'Fixed / Earnings for Employees / Pay Head Information' value 'Indirect Ex nses' (boxes: 273,302,168x16[Under|Fixed/Earnings for Employees/Pay Head Information]) | TallyPrime MANAGE Recyc EDU K: Company Pa Head Alteration Y: Data Z: Exchange FinCom • ke Co O: Import E: Export List of Grou s Direct Expenses Expenses (Direct) Expenses (Indirect) Indirect Expenses Misc. Expenses (ASSET) Delete M: Share Name (alias) Firefo Googl Pay head type Chro MA Basic Pay Head Information p: print x Create Fl: Help F2: period Company Income type Under Affect net salary Micros Name to be displayed in payslip Use for calculation of gratuity Calculation type 46 IypÅ Unity Quit Earnings for Employees Fixed Indirect Ex nses Yes MA Basic No As User Defined Value Opening Balance A Accept Q Search FIO: Other Masters 161 nt to •elati c2524 9b89b -c082 Hub" , " : "6b 9b89b -c082 tion_ 24978 isten corre 2fcfc nning ' , "sou Oad7- age" , " : "6b ( on I-Apr-26) : D: W: Show All Periods Configure Windows Server 2025 Datacenter Build 26100.ge_release240331-1435 9:11 PM 10/8/2026
[keys] '{ENTER}' -> Tally 'TallyPrime:9000'
[shot] mh-0249-P5-w6 (1024x768)
[mh] mh-0249-P5-w6: field 273,344,46x16 left 'Affect net salary' heads 'Indirect Expenses / Fixed / Earnings for Employees' value 'ües' (boxes: 273,344,46x16[Affect net salary|Indirect Expenses/Fixed/Earnings for Employees]) | TallyPrime MANAGE Recyc EDU K: Company Pa Head Alteration Y: Data Z: Exchange O: Import FinCom • ke Co E: Export M: Share P: Print Total Opening Balance Name (alias) Firefo Googl Pay head type Chro MA Basic Pay Head Information Fl: Help F2: period Company Income type Under Affect net salary Micros Name to be displayed in payslip Use for calculation of gratuity Calculation type 46 IypÅ Unity Quit Earnings for Employees Fixed Indirect Expenses ües MA Basic No As User Defined Value Opening Balance A Accept Q Search FIO: Other Masters 161 nt to •elati c2524 9b89b -c082 Hub" , " : "6b 9b89b -c082 tion_ 24978 isten corre 2fcfc nning ' , "sou Oad7- age" , " : "6b ( on I-Apr-26) : D: Delete W: Show All Periods Configure Windows Server 2025 Datacenter Build 26100.ge_release240331-1435 9:11 PM 10/8/2026
[keys] '{ENTER}' -> Tally 'TallyPrime:9000'
[shot] mh-0250-P5-w7 (1024x768)
[mh] mh-0250-P5-w7: field 273,362,168x16 left 'Name to be displayed in payslip' heads 'Yes / Indirect Expenses / Fixed' value 'IA Basic' (boxes: 273,362,168x16[Name to be displayed in payslip|Yes/Indirect Expenses/Fixed]) | TallyPrime MANAGE Recyc EDU K: Company Pa Head Alteration Y: Data Z: Exchange O: Import FinCom • ke Co E: Export M: Share P: Print Total Opening Balance Name (alias) Firefo Googl Pay head type Chro MA Basic Pay Head Information Fl: Help F2: period Company Income type Under Affect net salary Micros Name to be displayed in payslip Use for calculation of gratuity Calculation type 46 IypÅ Unity Quit Earnings for Employees Fixed Indirect Expenses Yes IA Basic No As User Defined Value Opening Balance A Accept Q Search FIO: Other Masters 161 nt to •elati c2524 9b89b -c082 Hub" , " : "6b 9b89b -c082 tion_ 24978 isten corre 2fcfc nning ' , "sou Oad7- age" , " : "6b ( on I-Apr-26) : D: Delete W: Show All Periods Configure Windows Server 2025 Datacenter Build 26100.ge_release240331-1435 9:11 PM 10/8/2026
[mh] P5 rule 0 (displayed in payslip) on 'Name to be displayed in payslip|Yes': keys 'MA Basic Pay{ENTER}'
[keys] 'MA Basic Pay' -> Tally 'TallyPrime:9000'
[keys] '{ENTER}' -> Tally 'TallyPrime:9000'
[shot] mh-0251-P5-before-save (1024x768)
[mh] mh-0251-P5-before-save: field 273,380,46x16 left 'Use for calculation of gratuity' heads 'MA Basic Pay / Yes / Indirect Expenses' value '' (boxes: 273,380,46x16[Use for calculation of gratuity|MA Basic Pay/Yes/Indirect Expenses]) | TallyPrime MANAGE Recyc EDU K: Company Pa Head Alteration Y: Data Z: Exchange O: Import FinCom • ke Co E: Export M: Share P: Print Total Opening Balance Name (alias) Firefo Googl Pay head type Chro MA Basic Pay Head Information Fl: Help F2: period Company Income type Under Affect net salary Micros Name to be displayed in payslip Use for calculation of gratuity Calculation type 46 IypÅ Unity Quit Earnings for Employees Fixed Indirect Expenses Yes MA Basic Pay As User Defined Value Opening Balance A Accept Q Search FIO: Other Masters 161 nt to •elati c2524 9b89b -c082 Hub" , " : "6b 9b89b -c082 tion_ 24978 isten corre 2fcfc nning ' , "sou Oad7- age" , " : "6b ( on I-Apr-26) : D: Delete W: Show All Periods Configure Windows Server 2025 Datacenter Build 26100.ge_release240331-1435 9:11 PM 10/8/2026
[keys] '' -> Tally 'TallyPrime:9000'
[shot] mh-0252-P5-saved1 (1024x768)
[mh] mh-0252-P5-saved1: field 341,142,245x16 left '' heads 'Master Alteration / FinCom • ke Co / Z: Exchange' value '' (boxes: 341,142,245x16[|Master Alteration/FinCom • ke Co/Z: Exchange]) | Recyc TallyPrime MANAGE EDU K: Company Y: Data Z: Exchange FinCom • ke Co Master Alteration Heads O: Import Create Back E: Export M: Share p: print Firefo Googl Chron Micros lyp Unity Quit List of Pa MA Attend MA Basic MA HRA MA Piece MH Wage x Fl: Help nt to •elati c2524 9b89b -c082 Hub" , " : "6b 9b89b -c082 : '2.3 tion_ 24978 isten corre 2fcfc nning ' , "sou Oad7- age" , " : "6b Q Search Windows Server 2025 Datacenter Build 26100.ge_release240331-1435 9:11 PM 10/8/2026
[shot] tds-128-mgw0 (1024x768)
[21:11:25] [tds] screen tds-128-mgw0 : Recyc TallyPrime MANAGE EDU K: Company Y: Data Z: Exchange FinCom • ke Co Master Alteration Heads O: Import Create Back E: Export M: Share p: print Firefo Googl Chron Micros lyp Unity Quit List of Pa MA Attend MA Basic MA HRA MA Piece MH Wage x Fl: Help nt to •elati c2524 9b89b -c082 Hub" , " : "6b 9b89b -c082 : '2.3 tion_ 24978 isten corre 2fcfc nning ' , "sou Oad7- age" , " : "6b Q Search Windows Server 2025 Datacenter Build 26100.ge_release240331-1435 9:11 PM 10/8/2026
[keys] '{ESC}' -> Tally 'TallyPrime:9000'
[shot] tds-129-mgw1 (1024x768)
[21:11:28] [tds] screen tds-129-mgw1 : TallyPrime MANAGE Recyc EDU Firefo Googl Chron Micros Unity Quit K: Company Y: Data Z: Exchange FinCom • ke Co Master Alteration List of Masters Accounting Masters Group Ledger Cost Centre Currency Voucher Type Inventory Masters Stock Group Stock Category Stock Item Unit Location Payroll Masters Employee Group Employee Units (Work) Attendance/Production Type Pay Heads Payroll Voucher Type Statutory Masters GST Registration GST Classification Statutory Details Company GST Details O: Import Change Company Expand All Show More E: Export M: Share Q Search 161 p: print Fl: Help x nt to •elati c2524...
[keys] '{ESC}' -> Tally 'TallyPrime:9000'
[shot] tds-130-mgw2 (1024x768)
[21:11:31] [tds] screen tds-130-mgw2 : TallyPrime MANAGE Recyc EDU K: Company Gatewa of Tall Y: Data Z: Exchange CURRENT OATE Wednesday, I-Apr-2026 O: Import E: Export M: Share p: print Fl: Help Date Company Firefo Googl Chro Micros 46 IypÅ Unity CURRENT PERIOD I-Apr-26 to 31-Mar-27 NAME OF COMPANY FinCom Spike Co Gateway of Tally MASTERS Create Alter CHart of Accounts TRANSACTIONS Vouchers Day 800K UTILITIES BaNking REPORTS Balance Sheet Profit & Loss A/c Stock Summary Ratio Analysis Display More Reports DashbOard Quit 161 nt to •elati c2524 9b89b -c082 Hub" , " : "6b 9b89b -c082 tion_ 24978 isten corre 2fcfc nning ' , "sou Oad7- ...
  INFO mh A P5-alter-payslip-name: stored as typed True; error ''; Ctrl+A 3784.1 ms; add-on lines: payhead_accept_pre(MA Basic) payhead_accept_post(MA Basic)
[21:11:32] ---- mh A P5b-alter-net-salary (Pay Head 'MA Basic')
[shot] tds-131-mgw0 (1024x768)
[21:11:33] [tds] screen tds-131-mgw0 : TallyPrime MANAGE Recyc EDU K: Company Gatewa of Tall Y: Data Z: Exchange CURRENT OATE Wednesday, I-Apr-2026 O: Import E: Export M: Share p: print Fl: Help Date Company Firefo Googl Chro Micros 46 IypÅ Unity CURRENT PERIOD I-Apr-26 to 31-Mar-27 NAME OF COMPANY FinCom Spike Co Gateway of Tally MASTERS Create Alter CHart of Accounts TRANSACTIONS Vouchers Day 800K UTILITIES BaNking REPORTS Balance Sheet Profit & Loss A/c Stock Summary Ratio Analysis Display More Reports DashbOard Quit 161 nt to •elati c2524 9b89b -c082 Hub" , " : "6b 9b89b -c082 tion_ 24978 isten corre 2fcfc nning ' , "sou Oad7- ...
[keys] 'a' -> Tally 'TallyPrime:9000'
[keys] '{BACKSPACE}{BACKSPACE}{BACKSPACE}{BACKSPACE}{BACKSPACE}{BACKSPACE}{BACKSPACE}{BACKSPACE}{BACKSPACE}{BACKSPACE}{BACKSPACE}{BACKSPACE}{BACKSPACE}{BACKSPACE}{BACKSPACE}{BACKSPACE}{BACKSPACE}{BACKSPACE}{BACKSPACE}{BACKSPACE}' -> Tally 'TallyPrime:9000'
[keys] 'Pay Head' -> Tally 'TallyPrime:9000'
[keys] '{ENTER}' -> Tally 'TallyPrime:9000'
[keys] 'MA Basic' -> Tally 'TallyPrime:9000'
[keys] '{ENTER}' -> Tally 'TallyPrime:9000'
[shot] mh-0253-P5b-form (1024x768)
[mh] mh-0253-P5b-form: field 139,113,245x16 left 'Name' heads 'Pa Head Alteration / K: Company / Y: Data' value 'MA Basic' (boxes: 139,113,245x16[Name|Pa Head Alteration/K: Company/Y: Data]) | TallyPrime MANAGE Recyc EDU K: Company Pa Head Alteration Y: Data Z: Exchange O: Import FinCom Spike Co E: Export M: Share P: Print Total Opening Balance Name (alias) Firefo Googl Pay head type Chro MA Basic Pay Head Information Fl: Help F2: period Company Income type Under Affect net salary Micros Name to be displayed in payslip Use for calculation of gratuity Calculation type 46 IypÅ Unity Quit Earnings for Employees Fixed Indirect Expenses Yes MA Basic Pay No As User Defined Value Opening Balance A Accept Q Search FIO: Other Masters 161 nt to •elati c2524 9b89b -c082 Hub" , " : "6b 9b89b -c082 tion_ 24978 isten corre 2fcfc nning ' , "sou Oad7- age" , " : "6b ( on I-Apr-26) : D: Delete W: Show All Periods Configure Windows Server 2025 Datacenter Build 26100.ge_release240331-1435 9:11 PM 10/8/2026
[shot] mh-0254-P5b-w1 (1024x768)
[mh] mh-0254-P5b-w1: field 139,113,245x16 left 'Name' heads 'Pa Head Alteration / K: Company / Y: Data' value 'MA Basic' (boxes: 139,113,245x16[Name|Pa Head Alteration/K: Company/Y: Data]) | TallyPrime MANAGE Recyc EDU K: Company Pa Head Alteration Y: Data Z: Exchange O: Import FinCom Spike Co E: Export M: Share P: Print Total Opening Balance Name (alias) Firefo Googl Pay head type Chro MA Basic Pay Head Information Fl: Help F2: period Company Income type Under Affect net salary Micros Name to be displayed in payslip Use for calculation of gratuity Calculation type 46 IypÅ Unity Quit Earnings for Employees Fixed Indirect Expenses Yes MA Basic Pay No As User Defined Value Opening Balance A Accept Q Search FIO: Other Masters 161 nt to •elati c2524 9b89b -c082 Hub" , " : "6b 9b89b -c082 tion_ 24978 isten corre 2fcfc nning ' , "sou Oad7- age" , " : "6b ( on I-Apr-26) : D: Delete W: Show All Periods Configure Windows Server 2025 Datacenter Build 26100.ge_release240331-1435 9:11 PM 10/8/2026
[keys] '{ENTER}' -> Tally 'TallyPrime:9000'
[shot] mh-0255-P5b-w2 (1024x768)
[mh] mh-0255-P5b-w2: field 139,131,245x16 left '' heads 'MA Basic / Pa Head Alteration / K: Company' value '' (boxes: 139,131,245x16[|MA Basic/Pa Head Alteration/K: Company]) | TallyPrime MANAGE Recyc EDU K: Company Pa Head Alteration Y: Data Z: Exchange O: Import FinCom • ke Co E: Export M: Share P: Print Total Opening Balance Name Firefo Googl Pay head type Chro MA Basic Pay Head Information Fl: Help F2: period Company Income type Under Affect net salary Micros Name to be displayed in payslip Use for calculation of gratuity Calculation type 46 IypÅ Unity Quit Earnings for Employees Fixed Indirect Expenses Yes MA Basic Pay No As User Defined Value Opening Balance A Accept Q Search FIO: Other Masters 161 nt to •elati c2524 9b89b -c082 Hub" , " : "6b 9b89b -c082 tion_ 24978 isten corre 2fcfc nning ' , "sou Oad7- age" , " : "6b ( on I-Apr-26) : D: Delete W: Show All Periods Configure Windows Server 2025 Datacenter Build 26100.ge_release240331-1435 9:11 PM 10/8/2026
[keys] '{ENTER}' -> Tally 'TallyPrime:9000'
[shot] mh-0256-P5b-w3 (1024x768)
[mh] mh-0256-P5b-w3: field 273,262,168x16 left 'Pay head type' heads 'Pay Head Information / FinCom • ke Co / Z: Exchange' value '' (boxes: 273,262,168x16[Pay head type|Pay Head Information/FinCom • ke Co/Z: Exchange]) | TallyPrime MANAGE Recyc EDU K: Company Pa Head Alteration Y: Data Z: Exchange FinCom • ke Co List of Pa Head T • Not Applicable O: Import S E: Export M: Share P: Print Total Opening Balance Name (alias) Firefo Googl MA Basic Pay Head Information Fl: Help F2: period Company Pay head type Chro Income type Under Affect net salary Micros Name to be displayed in payslip Use for calculation of gratuity Calculation type 46 IypÅ Unity Quit Fixed Indirect Expenses Yes MA Basic Pay No As User Defined Value Opening Balance A Accept Q Search Deductions From Employees Earnings for Employees Employees' Statutory Deductions Employeis Statutory Contributions Gratuity Loans and Advances Reimbursements to Employees ( on I-Apr-26) : FIO: Other Masters 161 nt to •elati c2524 9b89b -c082 Hub" , " : "6b 9b89b -c082 tion_ 24978 isten corre 2fcfc nning ' , "sou Oad7- age" , " : "6b D: Delete W: Show All Periods Configure Windows Server 2025 Datacenter Build 26100.ge_release240331-1435 9:11 PM 10/8/2026
[keys] '{ENTER}' -> Tally 'TallyPrime:9000'
[shot] mh-0257-P5b-w4 (1024x768)
[mh] mh-0257-P5b-w4: field 273,284,168x16 left 'Income type' heads 'Earnings for Employees / Pay Head Information / FinCom • ke Co' value '' (boxes: 273,284,168x16[Income type|Earnings for Employees/Pay Head Information/FinCom • ke Co]) | TallyPrime MANAGE Recyc EDU K: Company Pa Head Alteration Y: Data Z: Exchange O: Import FinCom • ke Co E: Export M: Share P: Print Total Opening Balance Name (alias) Firefo Googl Pay head type Chro Income type Under MA Basic Pay Head Information Fl: Help F2: period Company Affect net salary Micros Name to be displayed in payslip Use for calculation of gratuity Calculation type 46 IypÅ Unity Quit Earnings for Employees Indirect Expenses Yes MA Basic Pay No As User Defined Value Opening Balance A Accept Q Search Income TV Fixed Variable ( on I-Apr-26) : FIO: Other Masters 161 nt to •elati c2524 9b89b -c082 Hub" , " : "6b 9b89b -c082 tion_ 24978 isten corre 2fcfc nning ' , "sou Oad7- age" , " : "6b D: Delete W: Show All Periods Configure Windows Server 2025 Datacenter Build 26100.ge_release240331-1435 9:11 PM 10/8/2026
[keys] '{ENTER}' -> Tally 'TallyPrime:9000'
[shot] mh-0258-P5b-w5 (1024x768)
[mh] mh-0258-P5b-w5: field 273,302,168x16 left 'Under' heads 'Fixed / Earnings for Employees / Pay Head Information' value 'Indirect Ex nses' (boxes: 273,302,168x16[Under|Fixed/Earnings for Employees/Pay Head Information]) | TallyPrime MANAGE Recyc EDU K: Company Pa Head Alteration Y: Data Z: Exchange FinCom • ke Co O: Import E: Export List of Grou s Direct Expenses Expenses (Direct) Expenses (Indirect) Indirect Expenses Misc. Expenses (ASSET) Delete M: Share Name (alias) Firefo Googl Pay head type Chro MA Basic Pay Head Information p: print x Create Fl: Help F2: period Company Income type Under Affect net salary Micros Name to be displayed in payslip Use for calculation of gratuity Calculation type 46 IypÅ Unity Quit Earnings for Employees Fixed Indirect Ex nses Yes MA Basic Pay No As User Defined Value Opening Balance A Accept Q Search FIO: Other Masters 161 nt to •elati c2524 9b89b -c082 Hub" , " : "6b 9b89b -c082 tion_ 24978 isten corre 2fcfc nning ' , "sou Oad7- age" , " : "6b ( on I-Apr-26) : D: W: Show All Periods Configure Windows Server 2025 Datacenter Build 26100.ge_release240331-1435 9:11 PM 10/8/2026
[keys] '{ENTER}' -> Tally 'TallyPrime:9000'
[shot] mh-0259-P5b-w6 (1024x768)
[mh] mh-0259-P5b-w6: field 273,344,46x16 left 'Affect net salary' heads 'Indirect Expenses / Fixed / Earnings for Employees' value 'ües' (boxes: 273,344,46x16[Affect net salary|Indirect Expenses/Fixed/Earnings for Employees]) | TallyPrime MANAGE Recyc EDU K: Company Pa Head Alteration Y: Data Z: Exchange O: Import FinCom • ke Co E: Export M: Share P: Print Total Opening Balance Name (alias) Firefo Googl Pay head type Chro MA Basic Pay Head Information Fl: Help F2: period Company Income type Under Affect net salary Micros Name to be displayed in payslip Use for calculation of gratuity Calculation type 46 IypÅ Unity Quit Earnings for Employees Fixed Indirect Expenses ües MA Basic Pay No As User Defined Value Opening Balance A Accept Q Search FIO: Other Masters 161 nt to •elati c2524 9b89b -c082 Hub" , " : "6b 9b89b -c082 tion_ 24978 isten corre 2fcfc nning ' , "sou Oad7- age" , " : "6b ( on I-Apr-26) : D: Delete W: Show All Periods Configure Windows Server 2025 Datacenter Build 26100.ge_release240331-1435 9:12 PM 10/8/2026
[mh] P5b rule 0 (Affect net salary) on 'Affect net salary|Indirect Expenses': keys 'n{ENTER}'
[keys] 'n' -> Tally 'TallyPrime:9000'
[keys] '{ENTER}' -> Tally 'TallyPrime:9000'
[shot] mh-0260-P5b-before-save (1024x768)
[mh] mh-0260-P5b-before-save: field 273,380,46x16 left 'Use for calculation of gratuity' heads 'No / Indirect Expenses / Fixed' value '' (boxes: 273,380,46x16[Use for calculation of gratuity|No/Indirect Expenses/Fixed]) | TallyPrime MANAGE Recyc EDU K: Company Pa Head Alteration Y: Data Z: Exchange O: Import FinCom • ke Co E: Export M: Share P: Print Total Opening Balance Name (alias) Firefo Googl Pay head type Chro MA Basic Pay Head Information Fl: Help F2: period Company Income type Under Affect net salary Micros Use for calculation of gratuity Calculation type 46 IypÅ Unity Quit Earnings for Employees Fixed Indirect Expenses No As User Defined Value Opening Balance A Accept Q Search FIO: Other Masters 161 nt to •elati c2524 9b89b -c082 Hub" , " : "6b 9b89b -c082 tion_ 24978 isten corre 2fcfc nning ' , "sou Oad7- age" , " : "6b ( on I-Apr-26) : D: Delete W: Show All Periods Configure Windows Server 2025 Datacenter Build 26100.ge_release240331-1435 9:12 PM 10/8/2026
[keys] '' -> Tally 'TallyPrime:9000'
[shot] mh-0261-P5b-saved1 (1024x768)
[mh] mh-0261-P5b-saved1: field 341,142,245x16 left '' heads 'Master Alteration / FinCom • ke Co / Z: Exchange' value '' (boxes: 341,142,245x16[|Master Alteration/FinCom • ke Co/Z: Exchange]) | Recyc TallyPrime MANAGE EDU K: Company Y: Data Z: Exchange FinCom • ke Co Master Alteration Heads O: Import Create Back E: Export M: Share p: print Firefo Googl Chron Micros lyp Unity Quit List of Pa MA Attend MA Basic MA HRA MA Piece MH Wage x Fl: Help nt to •elati c2524 9b89b -c082 Hub" , " : "6b 9b89b -c082 : '2.3 tion_ 24978 isten corre 2fcfc nning ' , "sou Oad7- age" , " : "6b Q Search Windows Server 2025 Datacenter Build 26100.ge_release240331-1435 9:12 PM 10/8/2026
[shot] tds-132-mgw0 (1024x768)
[21:12:11] [tds] screen tds-132-mgw0 : Recyc TallyPrime MANAGE EDU K: Company Y: Data Z: Exchange FinCom • ke Co Master Alteration Heads O: Import Create Back E: Export M: Share p: print Firefo Googl Chron Micros lyp Unity Quit List of Pa MA Attend MA Basic MA HRA MA Piece MH Wage x Fl: Help nt to •elati c2524 9b89b -c082 Hub" , " : "6b 9b89b -c082 : '2.3 tion_ 24978 isten corre 2fcfc nning ' , "sou Oad7- age" , " : "6b Q Search Windows Server 2025 Datacenter Build 26100.ge_release240331-1435 9:12 PM 10/8/2026
[keys] '{ESC}' -> Tally 'TallyPrime:9000'
[shot] tds-133-mgw1 (1024x768)
[21:12:13] [tds] screen tds-133-mgw1 : TallyPrime MANAGE Recyc EDU Firefo Googl Chron Micros Unity Quit K: Company Y: Data Z: Exchange FinCom • ke Co Master Alteration List of Masters Accounting Masters Group Ledger Cost Centre Currency Voucher Type Inventory Masters Stock Group Stock Category Stock Item Unit Location Payroll Masters Employee Group Employee Units (Work) Attendance/Production Type Pay Heads Payroll Voucher Type Statutory Masters GST Registration GST Classification Statutory Details Company GST Details O: Import Change Company Expand All Show More E: Export M: Share Q Search 161 p: print Fl: Help x nt to •elati c2524...
[keys] '{ESC}' -> Tally 'TallyPrime:9000'
[shot] tds-134-mgw2 (1024x768)
[21:12:16] [tds] screen tds-134-mgw2 : TallyPrime MANAGE Recyc EDU K: Company Gatewa of Tall Y: Data Z: Exchange CURRENT OATE Wednesday, I-Apr-2026 O: Import E: Export M: Share p: print Fl: Help Date Company Firefo Googl Chro Micros 46 IypÅ Unity CURRENT PERIOD I-Apr-26 to 31-Mar-27 NAME OF COMPANY FinCom Spike Co Gateway of Tally MASTERS Create Alter CHart of Accounts TRANSACTIONS Vouchers Day 800K UTILITIES BaNking REPORTS Balance Sheet Profit & Loss A/c Stock Summary Ratio Analysis Display More Reports DashbOard Quit 161 nt to •elati c2524 9b89b -c082 Hub" , " : "6b 9b89b -c082 tion_ 24978 isten corre 2fcfc nning ' , "sou Oad7- ...
  INFO mh A P5b-alter-net-salary: stored as typed True; error ''; Ctrl+A 2179.7 ms; add-on lines: payhead_accept_pre(MA Basic) payhead_accept_post(MA Basic)
[21:12:17] ---- mh A P6-alter-slab (Pay Head 'MA HRA')
[shot] tds-135-mgw0 (1024x768)
[21:12:18] [tds] screen tds-135-mgw0 : TallyPrime MANAGE Recyc EDU K: Company Gatewa of Tall Y: Data Z: Exchange CURRENT OATE Wednesday, I-Apr-2026 O: Import E: Export M: Share p: print Fl: Help Date Company Firefo Googl Chro Micros 46 IypÅ Unity CURRENT PERIOD I-Apr-26 to 31-Mar-27 NAME OF COMPANY FinCom Spike Co Gateway of Tally MASTERS Create Alter CHart of Accounts TRANSACTIONS Vouchers Day 800K UTILITIES BaNking REPORTS Balance Sheet Profit & Loss A/c Stock Summary Ratio Analysis Display More Reports DashbOard Quit 161 nt to •elati c2524 9b89b -c082 Hub" , " : "6b 9b89b -c082 tion_ 24978 isten corre 2fcfc nning ' , "sou Oad7- ...
[keys] 'a' -> Tally 'TallyPrime:9000'
[keys] '{BACKSPACE}{BACKSPACE}{BACKSPACE}{BACKSPACE}{BACKSPACE}{BACKSPACE}{BACKSPACE}{BACKSPACE}{BACKSPACE}{BACKSPACE}{BACKSPACE}{BACKSPACE}{BACKSPACE}{BACKSPACE}{BACKSPACE}{BACKSPACE}{BACKSPACE}{BACKSPACE}{BACKSPACE}{BACKSPACE}' -> Tally 'TallyPrime:9000'
[keys] 'Pay Head' -> Tally 'TallyPrime:9000'
[keys] '{ENTER}' -> Tally 'TallyPrime:9000'
[keys] 'MA HRA' -> Tally 'TallyPrime:9000'
[keys] '{ENTER}' -> Tally 'TallyPrime:9000'
[shot] mh-0262-P6-form (1024x768)
[mh] mh-0262-P6-form: field 139,113,245x16 left 'Name' heads 'Pa Head Alteration / K: Company / Y: Data' value 'MA HRA' (boxes: 139,113,245x16[Name|Pa Head Alteration/K: Company/Y: Data]) | TallyPrime MANAGE Recyc EDU K: Company Pa Head Alteration Y: Data Z: Exchange O: Import FinCom Spike Co E: Export M: Share P: Print Total Opening Balance Name (alias) Firefo Googl Pay head type Chro MA HRA Pay Head Information Fl: Help F2: period Company Computation Information On Current Earnings Total Income type Under Affect net salary Micros Name to be displayed in payslip Use for calculation of gratuity Calculation type Earnings for Employees Fixed Indirect Expenses Yes MA HRA No As Computed Value Months Compute Effective From upr-26 ( on I-Apr-26) : Amount Amount Up Greater Than To Slab Type Percentage Value 40 % FIO: Other Masters Calculation period 46 IypÅ Rounding Method Unity Quit 161 nt to •elati c2524 9b89b -c082 Hub" , " : "6b 9b89b -c082 tion_ 24978 isten corre 2fcfc nning ' , "sou Oad7- age" , " : "6b Rounding Off Information Not Applicable Opening Balance A Accept Q Search D: Delete W: Show All Periods Configure Windows Server 2025 Datacenter Build 26100.ge_release240331-1435 9:12 PM 10/8/2026
[shot] mh-0263-P6-w1 (1024x768)
[mh] mh-0263-P6-w1: field 139,113,245x16 left 'Name' heads 'Pa Head Alteration / K: Company / Y: Data' value 'MA HRA' (boxes: 139,113,245x16[Name|Pa Head Alteration/K: Company/Y: Data]) | TallyPrime MANAGE Recyc EDU K: Company Pa Head Alteration Y: Data Z: Exchange O: Import FinCom Spike Co E: Export M: Share P: Print Total Opening Balance Name (alias) Firefo Googl Pay head type Chro MA HRA Pay Head Information Fl: Help F2: period Company Computation Information On Current Earnings Total Income type Under Affect net salary Micros Name to be displayed in payslip Use for calculation of gratuity Calculation type Earnings for Employees Fixed Indirect Expenses Yes MA HRA No As Computed Value Months Compute Effective From upr-26 ( on I-Apr-26) : Amount Amount Up Greater Than To Slab Type Percentage Value 40 % FIO: Other Masters Calculation period 46 IypÅ Rounding Method Unity Quit 161 nt to •elati c2524 9b89b -c082 Hub" , " : "6b 9b89b -c082 tion_ 24978 isten corre 2fcfc nning ' , "sou Oad7- age" , " : "6b Rounding Off Information Not Applicable Opening Balance A Accept Q Search D: Delete W: Show All Periods Configure Windows Server 2025 Datacenter Build 26100.ge_release240331-1435 9:12 PM 10/8/2026
[keys] '{ENTER}' -> Tally 'TallyPrime:9000'
[shot] mh-0264-P6-w2 (1024x768)
[mh] mh-0264-P6-w2: field 139,131,245x16 left '' heads 'MA HRA / Pa Head Alteration / K: Company' value '' (boxes: 139,131,245x16[|MA HRA/Pa Head Alteration/K: Company]) | TallyPrime MANAGE Recyc EDU K: Company Pa Head Alteration Y: Data Z: Exchange O: Import FinCom • ke Co E: Export M: Share P: Print Total Opening Balance Name Firefo Googl Pay head type Chro MA HRA Pay Head Information Fl: Help F2: period Company Computation Information On Current Earnings Total Income type Under Affect net salary Micros Name to be displayed in payslip Use for calculation of gratuity Calculation type Earnings for Employees Fixed Indirect Expenses Yes MA HRA No As Computed Value Months Compute Effective From upr-26 ( on I-Apr-26) : Amount Amount Up Greater Than To Slab Type Percentage Value 40 % FIO: Other Masters Calculation period 46 IypÅ Rounding Method Unity Quit 161 nt to •elati c2524 9b89b -c082 Hub" , " : "6b 9b89b -c082 tion_ 24978 isten corre 2fcfc nning ' , "sou Oad7- age" , " : "6b Rounding Off Information Not Applicable Opening Balance A Accept Q Search D: Delete W: Show All Periods Configure Windows Server 2025 Datacenter Build 26100.ge_release240331-1435 9:12 PM 10/8/2026
[keys] '{ENTER}' -> Tally 'TallyPrime:9000'
[shot] mh-0265-P6-w3 (1024x768)
[mh] mh-0265-P6-w3: field 273,262,168x16 left 'Pay head type' heads 'Pay Head Information / FinCom • ke Co / Z: Exchange' value '' (boxes: 273,262,168x16[Pay head type|Pay Head Information/FinCom • ke Co/Z: Exchange]) | TallyPrime MANAGE Recyc EDU K: Company Pa Head Alteration Y: Data Z: Exchange Name (alias) Firefo Googl MA HRA Pay Head Information FinCom • ke Co List of Pa Head T • Not Applicable O: Import S E: Export M: Share P: Print Total Opening Balance ation gs Total Fl: Help F2: period Company Pay head type Chro Income type Under Affect net salary Micros Name to be displayed in payslip Use for calculation of gratuity Calculation type Fixed Indirect Expenses Yes MA HRA No As Computed Value Months Deductions From Employees Earnings for Employees Employees' Statutory Deductions Employeis Statutory Contributions Gratuity Loans and Advances Reimbursements to Employees Slab Type Percentage Value 40 % FIO: Other Masters Calculation period 46 IypÅ Rounding Method Unity Quit W: Show All Periods Configure 161 nt to •elati c2524 9b89b -c082 Hub" , " : "6b 9b89b -c082 tion_ 24978 isten corre 2fcfc nning ' , "sou Oad7- age" , " : "6b Rounding Off Information Not Applicable Opening Balance A Accept Q Search ( on I-Apr-26) : D: Delete Windows Server 2025 Datacenter Build 26100.ge_release240331-1435 9:12 PM 10/8/2026
[keys] '{ENTER}' -> Tally 'TallyPrime:9000'
[shot] mh-0266-P6-w4 (1024x768)
[mh] mh-0266-P6-w4: field 273,284,168x16 left 'Income type' heads 'Earnings for Employees / Pay Head Information / FinCom • ke Co' value '' (boxes: 273,284,168x16[Income type|Earnings for Employees/Pay Head Information/FinCom • ke Co]) | TallyPrime MANAGE Recyc EDU K: Company Pa Head Alteration Y: Data Z: Exchange O: Import FinCom • ke Co E: Export M: Share P: Print Total Opening Balance Name (alias) Firefo Googl Pay head type Chro Income type Under MA HRA Pay Head Information Earnings for Employees Fl: Help F2: period Company Income TV Fixed Variable ( on I-Apr-26) : D: Computation Information On Current Earnings Total nt Amount Up Indirect Expenses Yes MA HRA No As Computed Value Months Than Delete To Slab Type Percentage Value 40 % Affect net salary Micros Name to be displayed in payslip Use for calculation of gratuity Calculation type FIO: Other Masters Calculation period 46 IypÅ Rounding Method Unity Quit W: Show All Periods Configure 161 nt to •elati c2524 9b89b -c082 Hub" , " : "6b 9b89b -c082 tion_ 24978 isten corre 2fcfc nning ' , "sou Oad7- age" , " : "6b Rounding Off Information Not Applicable Opening Balance A Accept Q Search Windows Server 2025 Datacenter Build 26100.ge_release240331-1435 9:12 PM 10/8/2026
[keys] '{ENTER}' -> Tally 'TallyPrime:9000'
[shot] mh-0267-P6-w5 (1024x768)
[mh] mh-0267-P6-w5: field 273,302,168x16 left 'Under' heads 'Fixed / Earnings for Employees / Pay Head Information' value 'Indirect Ex nses' (boxes: 273,302,168x16[Under|Fixed/Earnings for Employees/Pay Head Information]) | TallyPrime MANAGE Recyc EDU K: Company Pa Head Alteration Y: Data Z: Exchange FinCom • ke Co O: Import E: Export List of Grou s Direct Expenses Expenses (Direct) Expenses (Indirect) Indirect Expenses Misc. Expenses (ASSET) M: Share Name (alias) Firefo Googl Pay head type Chro MA HRA Pay Head Information p: print x Create Fl: Help F2: period Company Income type Under Affect net salary Micros Name to be displayed in payslip Use for calculation of gratuity Calculation type Earnings for Employees Fixed Indirect Ex nses Yes MA HRA No As Computed Value Months Compute Effective From upr-26 ( on I-Apr-26) : Am Great FIO: Other Masters Calculation period 46 IypÅ Rounding Method Unity Quit 161 nt to •elati c2524 9b89b -c082 Hub" , " : "6b 9b89b -c082 tion_ 24978 isten corre 2fcfc nning ' , "sou Oad7- age" , " : "6b Rounding Off Information Not Applicable Opening Balance A Accept Q Search D: Delete W: Show All Periods Configure Windows Server 2025 Datacenter Build 26100.ge_release240331-1435 9:12 PM 10/8/2026
[keys] '{ENTER}' -> Tally 'TallyPrime:9000'
[shot] mh-0268-P6-w6 (1024x768)
[mh] mh-0268-P6-w6: field 273,344,46x16 left 'Affect net salary' heads 'Indirect Expenses / Fixed / Earnings for Employees' value 'ües' (boxes: 273,344,46x16[Affect net salary|Indirect Expenses/Fixed/Earnings for Employees]) | TallyPrime MANAGE Recyc EDU K: Company Pa Head Alteration Y: Data Z: Exchange O: Import FinCom • ke Co E: Export M: Share P: Print Total Opening Balance Name (alias) Firefo Googl Pay head type Chro MA HRA Pay Head Information Fl: Help F2: period Company Computation Information On Current Earnings Total Income type Under Affect net salary Micros Name to be displayed in payslip Use for calculation of gratuity Calculation type Earnings for Employees Fixed Indirect Expenses ües MA HRA No As Computed Value Months Compute Effective From upr-26 ( on I-Apr-26) : Amount Amount Up Greater Than To Slab Type Percentage Value 40 % FIO: Other Masters Calculation period 46 IypÅ Rounding Method Unity Quit 161 nt to •elati c2524 9b89b -c082 Hub" , " : "6b 9b89b -c082 tion_ 24978 isten corre 2fcfc nning ' , "sou Oad7- age" , " : "6b Rounding Off Information Not Applicable Opening Balance A Accept Q Search D: Delete W: Show All Periods Configure Windows Server 2025 Datacenter Build 26100.ge_release240331-1435 9:12 PM 10/8/2026
[keys] '{ENTER}' -> Tally 'TallyPrime:9000'
[shot] mh-0269-P6-w7 (1024x768)
[mh] mh-0269-P6-w7: field 273,362,168x16 left 'Name to be displayed in payslip' heads 'Yes / Indirect Expenses / Fixed' value 'HRA' (boxes: 273,362,168x16[Name to be displayed in payslip|Yes/Indirect Expenses/Fixed]) | TallyPrime MANAGE Recyc EDU K: Company Pa Head Alteration Y: Data Z: Exchange O: Import FinCom • ke Co E: Export M: Share P: Print Total Opening Balance Name (alias) Firefo Googl Pay head type Chro MA HRA Pay Head Information Fl: Help F2: period Company Computation Information On Current Earnings Total Income type Under Affect net salary Micros Name to be displayed in payslip Use for calculation of gratuity Calculation type Calculation period Earnings for Employees Fixed Indirect Expenses Yes HRA No As Computed Value Months Compute Effective From upr-26 ( on I-Apr-26) : Amount Amount Up Greater Than To Slab Type Percentage Value 40 % FIO: Other Masters 46 IypÅ Rounding Method Unity Quit 161 nt to •elati c2524 9b89b -c082 Hub" , " : "6b 9b89b -c082 tion_ 24978 isten corre 2fcfc nning ' , "sou Oad7- age" , " : "6b Rounding Off Information Not Applicable Opening Balance A Accept Q Search D: Delete W: Show All Periods Configure Windows Server 2025 Datacenter Build 26100.ge_release240331-1435 9:12 PM 10/8/2026
[keys] '{ENTER}' -> Tally 'TallyPrime:9000'
[shot] mh-0270-P6-w8 (1024x768)
[mh] mh-0270-P6-w8: field 273,380,46x16 left 'Use for calculation of gratuity' heads 'MA HRA / Yes / Indirect Expenses' value '' (boxes: 273,380,46x16[Use for calculation of gratuity|MA HRA/Yes/Indirect Expenses]) | TallyPrime MANAGE Recyc EDU K: Company Pa Head Alteration Y: Data Z: Exchange O: Import FinCom • ke Co E: Export M: Share P: Print Total Opening Balance Name (alias) Firefo Googl Pay head type Chro MA HRA Pay Head Information Fl: Help F2: period Company Computation Information On Current Earnings Total Income type Under Affect net salary Micros Name to be displayed in payslip Use for calculation of gratuity Calculation type Earnings for Employees Fixed Indirect Expenses Yes MA HRA As Computed Value Months Compute Effective From upr-26 ( on I-Apr-26) : Amount Amount Up Greater Than To Slab Type Percentage Value 40 % FIO: Other Masters Calculation period 46 IypÅ Rounding Method Unity Quit 161 nt to •elati c2524 9b89b -c082 Hub" , " : "6b 9b89b -c082 tion_ 24978 isten corre 2fcfc nning ' , "sou Oad7- age" , " : "6b Rounding Off Information Not Applicable Opening Balance A Accept Q Search D: Delete W: Show All Periods Configure Windows Server 2025 Datacenter Build 26100.ge_release240331-1435 9:12 PM 10/8/2026
[keys] '{ENTER}' -> Tally 'TallyPrime:9000'
[shot] mh-0271-P6-w9 (1024x768)
[mh] mh-0271-P6-w9: field 273,398,168x16 left 'Calculation type' heads 'No / MA HRA / Yes' value 'uted Value' (boxes: 273,398,168x16[Calculation type|No/MA HRA/Yes]) | TallyPrime MANAGE Recyc EDU K: Company Pa Head Alteration Y: Data Z: Exchange O: Import FinCom • ke Co E: Export M: Share P: Print Total Opening Balance Name (alias) Firefo Googl Pay head type Chro MA HRA Pay Head Information Fl: Help F2: period Company Computation Information On Current Earnings Total Income type Under Affect net salary Micros Name to be displayed in payslip Use for calculation of gratuity Calculation type Earnings for Employees Fixed Indirect Expenses Compute Effective From upr-26 Amount Amount Up Greater Than To Slab Type Percentage Value 40 % Yes MA HRA No As Com Months FIO: Other Masters uted Value Calculation period 46 IypÅ Rounding Method Unity Quit T of Calculations As Computed Value As User Defined Value Flat Rate On Attendance On Production ( on I-Apr-26) : W: Show All Periods Configure 161 nt to •elati c2524 9b89b -c082 Hub" , " : "6b 9b89b -c082 tion_ 24978 isten corre 2fcfc nning ' , "sou Oad7- age" , " : "6b Rounding Off Information Not Applicable Opening Balance A Accept Q Search D: Delete Windows Server 2025 Datacenter Build 26100.ge_release240331-1435 9:12 PM 10/8/2026
[keys] '{ENTER}' -> Tally 'TallyPrime:9000'
[shot] mh-0272-P6-w10 (1024x768)
[mh] mh-0272-P6-w10: field 174,601,153x16 left 'Rounding Method' heads 'Rounding Off Informatio / Months' value '' (boxes: 174,601,153x16[Rounding Method|Rounding Off Informatio/Months]) | TallyPrime MANAGE Recyc EDU K: Company Pa Head Alteration Y: Data Z: Exchange O: Import FinCom • ke Co E: Export M: Share P: Print Total Opening Balance Name (alias) Firefo Googl Pay head type Chro MA HRA Pay Head Information Fl: Help F2: period Company Computation Information On Current Earnings Total Income type Under Affect net salary Micros Name to be displayed in payslip Use for calculation of gratuity Calculation type Earnings for Employees Fixed Indirect Expenses Yes MA HRA No As Computed Value Months Compute Effective From upr-26 Amount Amount Up Greater Than To Slab Type Percentage Value 40 % FIO: Other Masters Calculation period 46 IypÅ Rounding Method Unity Quit List of Round Methods Not Applicable Downward Rounding Rounding Off Informatio Normal Rounding Upward Rounding 161 nt to •elati c2524 9b89b -c082 Hub" , " : "6b 9b89b -c082 tion_ 24978 isten corre 2fcfc nning ' , "sou Oad7- age" , " : "6b pr-26) : D: Delete W: Show All Periods Configure Opening a ance A Accept Q Search on Windows Server 2025 Datacenter Build 26100.ge_release240331-1435 9:12 PM 10/8/2026
[keys] '{ENTER}' -> Tally 'TallyPrime:9000'
[shot] mh-0273-P6-w11 (1024x768)
[mh] mh-0273-P6-w11: field 588,262,189x16 left 'Compute' heads 'Computation Information / Total Opening Balance / O: Import' value 'Cn Current Earnin s Total' (boxes: 588,262,189x16[Compute|Computation Information/Total Opening Balance/O: Import]) | TallyPrime MANAGE Recyc EDU K: Company Pa Head Alteration Y: Data Z: Exchange O: Import FinCom • ke Co E: Export M: Share P: Print Total Opening Balance Name (alias) Firefo Googl Pay head type Chro MA HRA Pay Head Information Fl: Help F2: period Company Income type Under Affect net salary Micros Name to be displayed in payslip Use for calculation of gratuity Calculation type Earnings for Employees Fixed Indirect Expenses Yes MA HRA No As Computed Value Months Compute Effective From upr-26 ( on I-Apr-26) : Am Great Computation Information Cn Current Earnin s Total Methods of Com utation On Current Deductions Total On Current Earnings Total On Current SubTotal On Specified Formula Value 40 % FIO: Other Masters Calculation period 46 IypÅ Rounding Method Unity Quit 161 nt to •elati c2524 9b89b -c082 Hub" , " : "6b 9b89b -c082 tion_ 24978 isten corre 2fcfc nning ' , "sou Oad7- age" , " : "6b Rounding Off Information Not Applicable Opening Balance A Accept Q Search D: Delete W: Show All Periods Configure Windows Server 2025 Datacenter Build 26100.ge_release240331-1435 9:12 PM 10/8/2026
[mh] P6 rule 0 ((^|\W)Compute$) on 'Compute|Computation Information': keys '{ENTER}'
[keys] '{ENTER}' -> Tally 'TallyPrime:9000'
[shot] mh-0274-P6-w12 (1024x768)
[mh] mh-0274-P6-w12: field 461,319,73x14 left '' heads 'From / Effective / Compute' value 'I-A r-26' (boxes: 461,319,73x14[|From/Effective/Compute]) | TallyPrime MANAGE Recyc EDU K: Company Pa Head Alteration Y: Data Z: Exchange O: Import FinCom • ke Co E: Export M: Share P: Print Total Opening Balance Name (alias) Firefo Googl Pay head type Chro MA HRA Pay Head Information Fl: Help F2: period Company Computation Information On Current Earnings Total Income type Under Affect net salary Micros Name to be displayed in payslip Use for calculation of gratuity Calculation type Earnings for Employees Fixed Indirect Expenses Yes MA HRA No As Computed Value Months Compute Effective From I-A r-26 ( on I-Apr-26) : Amount Amount Up Greater Than To Slab Type Percentage Value 40 % FIO: Other Masters Calculation period 46 IypÅ Rounding Method Unity Quit 161 nt to •elati c2524 9b89b -c082 Hub" , " : "6b 9b89b -c082 tion_ 24978 isten corre 2fcfc nning ' , "sou Oad7- age" , " : "6b Rounding Off Information Not Applicable Opening Balance A Accept Q Search D: Delete W: Show All Periods Configure Windows Server 2025 Datacenter Build 26100.ge_release240331-1435 9:13 PM 10/8/2026
[keys] '{ENTER}' -> Tally 'TallyPrime:9000'
[shot] mh-0275-P6-w13 (1024x768)
[mh] mh-0275-P6-w13: field 625,335,87x14 left 'Yes' heads 'To / Amount Up / On Current Earnings Total' value '' (boxes: 625,335,87x14[Yes|To/Amount Up/On Current Earnings Total]) | TallyPrime MANAGE Recyc EDU K: Company Pa Head Alteration Y: Data Z: Exchange O: Import FinCom • ke Co E: Export M: Share P: Print Total Opening Balance Name (alias) Firefo Googl Pay head type Chro MA HRA Pay Head Information Fl: Help F2: period Company Computation Information On Current Earnings Total Income type Under Affect net salary Micros Name to be displayed in payslip Use for calculation of gratuity Calculation type Earnings for Employees Fixed Indirect Expenses Yes MA HRA No As Computed Value Months Compute Effective From upr-26 ( on I-Apr-26) : Amount Amount Up Greater Than To Slab Type Percentage Value 40 % FIO: Other Masters Calculation period 46 IypÅ Rounding Method Unity Quit 161 nt to •elati c2524 9b89b -c082 Hub" , " : "6b 9b89b -c082 tion_ 24978 isten corre 2fcfc nning ' , "sou Oad7- age" , " : "6b Rounding Off Information Not Applicable Opening Balance A Accept Q Search D: Delete W: Show All Periods Configure Windows Server 2025 Datacenter Build 26100.ge_release240331-1435 9:13 PM 10/8/2026
[keys] '{ENTER}' -> Tally 'TallyPrime:9000'
[shot] mh-0276-P6-w14 (1024x768)
[mh] mh-0276-P6-w14: field none left '' heads '' value '' (boxes: ) | TallyPrime MANAGE Recyc EDU K: Company Pa Head Alteration Y: Data Z: Exchange O: Import FinCom • ke Co E: Export M: Share P: Print Total Opening Balance Name (alias) Firefo Googl Pay head type Chro MA HRA Pay Head Information Fl: Help F2: period Company Earnings for Employees Fixed Indirect Expenses Yes MA HRA No As Computed Value Months Compute Effective From upr-26 ( on I-Apr-26) : Computation Information On Current Earnings Total Amount Amount Up Slab Type Income type Under Affect net salary Micros Name to be displayed in payslip Use for calculation of gratuity Calculation type Greater Than To Percenta T s of Slabs Percentage Value Value 40 % FIO: Other Masters Calculation period 46 IypÅ Rounding Method Unity Quit 161 nt to •elati c2524 9b89b -c082 Hub" , " : "6b 9b89b -c082 tion_ 24978 isten corre 2fcfc nning ' , "sou Oad7- age" , " : "6b Rounding Off Information Not Applicable Opening Balance A Accept Q Search D: Delete W: Show All Periods Configure Windows Server 2025 Datacenter Build 26100.ge_release240331-1435 9:13 PM 10/8/2026
[keys] '{ENTER}' -> Tally 'TallyPrime:9000'
[shot] mh-0277-P6-w15 (1024x768)
[mh] mh-0277-P6-w15: field 789,335,44x14 left 'Percentage' heads 'Value' value '' (boxes: 789,335,44x14[Percentage|Value]) | TallyPrime MANAGE Recyc EDU K: Company Pa Head Alteration Y: Data Z: Exchange O: Import FinCom • ke Co E: Export M: Share P: Print Total Opening Balance Name (alias) Firefo Googl Pay head type Chro MA HRA Pay Head Information Fl: Help F2: period Company Computation Information On Current Earnings Total Income type Under Affect net salary Micros Name to be displayed in payslip Use for calculation of gratuity Calculation type Earnings for Employees Fixed Indirect Expenses Yes MA HRA No As Computed Value Months Compute Effective From upr-26 ( on I-Apr-26) : Amount Amount Up Slab Type Percentage Value Greater Than To FIO: Other Masters Calculation period 46 IypÅ Rounding Method Unity Quit 161 nt to •elati c2524 9b89b -c082 Hub" , " : "6b 9b89b -c082 tion_ 24978 isten corre 2fcfc nning ' , "sou Oad7- age" , " : "6b Rounding Off Information Not Applicable Opening Balance A Accept Q Search D: Delete W: Show All Periods Configure Windows Server 2025 Datacenter Build 26100.ge_release240331-1435 9:13 PM 10/8/2026
[mh] P6 rule 1 (^Value|Percent) on 'Percentage|Value': keys '50{ENTER}'
[keys] '50' -> Tally 'TallyPrime:9000'
[keys] '{ENTER}' -> Tally 'TallyPrime:9000'
[shot] mh-0278-P6-before-save (1024x768)
[mh] mh-0278-P6-before-save: field 461,351,73x14 left 'Yes' heads 'upr-26 / From / Effective' value '' (boxes: 461,351,73x14[Yes|upr-26/From/Effective]) | TallyPrime MANAGE Recyc EDU K: Company Pa Head Alteration Y: Data Z: Exchange O: Import FinCom • ke Co E: Export M: Share P: Print Total Opening Balance Name (alias) Firefo Googl Pay head type Chro MA HRA Pay Head Information Fl: Help F2: period Company Computation Information On Current Earnings Total Income type Under Affect net salary Micros Name to be displayed in payslip Use for calculation of gratuity Calculation type Earnings for Employees Fixed Indirect Expenses Yes MA HRA No As Computed Value Months Compute Effective From upr-26 ( on I-Apr-26) : Amount Amount Up Slab Type Percentage Value Greater Than To FIO: Other Masters Calculation period 46 IypÅ Rounding Method Unity Quit 161 nt to •elati c2524 9b89b -c082 Hub" , " : "6b 9b89b -c082 tion_ 24978 isten corre 2fcfc nning ' , "sou Oad7- age" , " : "6b Rounding Off Information Not Applicable Opening Balance A Accept Q Search D: Delete W: Show All Periods Configure Windows Server 2025 Datacenter Build 26100.ge_release240331-1435 9:13 PM 10/8/2026
[keys] '' -> Tally 'TallyPrime:9000'
[shot] mh-0279-P6-saved1 (1024x768)
[mh] mh-0279-P6-saved1: field 341,142,245x16 left '' heads 'Master Alteration / FinCom • ke Co / Z: Exchange' value '' (boxes: 341,142,245x16[|Master Alteration/FinCom • ke Co/Z: Exchange]) | Recyc TallyPrime MANAGE EDU K: Company Y: Data Z: Exchange FinCom • ke Co Master Alteration Heads O: Import Create Back E: Export M: Share p: print Firefo Googl Chron Micros lyp Unity Quit List of Pa MA Attend MA Basic MA HRA MA Piece MH Wage x Fl: Help nt to •elati c2524 9b89b -c082 Hub" , " : "6b 9b89b -c082 : '2.3 tion_ 24978 isten corre 2fcfc nning ' , "sou Oad7- age" , " : "6b Q Search Windows Server 2025 Datacenter Build 26100.ge_release240331-1435 9:13 PM 10/8/2026
[shot] tds-136-mgw0 (1024x768)
[21:13:16] [tds] screen tds-136-mgw0 : Recyc TallyPrime MANAGE EDU K: Company Y: Data Z: Exchange FinCom • ke Co Master Alteration Heads O: Import Create Back E: Export M: Share p: print Firefo Googl Chron Micros lyp Unity Quit List of Pa MA Attend MA Basic MA HRA MA Piece MH Wage x Fl: Help nt to •elati c2524 9b89b -c082 Hub" , " : "6b 9b89b -c082 : '2.3 tion_ 24978 isten corre 2fcfc nning ' , "sou Oad7- age" , " : "6b Q Search Windows Server 2025 Datacenter Build 26100.ge_release240331-1435 9:13 PM 10/8/2026
[keys] '{ESC}' -> Tally 'TallyPrime:9000'
[shot] tds-137-mgw1 (1024x768)
[21:13:19] [tds] screen tds-137-mgw1 : TallyPrime MANAGE Recyc EDU Firefo Googl Chron Micros Unity Quit K: Company Y: Data Z: Exchange FinCom • ke Co Master Alteration List of Masters Accounting Masters Group Ledger Cost Centre Currency Voucher Type Inventory Masters Stock Group Stock Category Stock Item Unit Location Payroll Masters Employee Group Employee Units (Work) Attendance/Production Type Pay Heads Payroll Voucher Type Statutory Masters GST Registration GST Classification Statutory Details Company GST Details O: Import Change Company Expand All Show More E: Export M: Share Q Search 161 p: print Fl: Help x nt to •elati c2524...
[keys] '{ESC}' -> Tally 'TallyPrime:9000'
[shot] tds-138-mgw2 (1024x768)
[21:13:21] [tds] screen tds-138-mgw2 : TallyPrime MANAGE Recyc EDU K: Company Gatewa of Tall Y: Data Z: Exchange CURRENT OATE Wednesday, I-Apr-2026 O: Import E: Export M: Share p: print Fl: Help Date Company Firefo Googl Chro Micros 46 IypÅ Unity CURRENT PERIOD I-Apr-26 to 31-Mar-27 NAME OF COMPANY FinCom Spike Co Gateway of Tally MASTERS Create Alter CHart of Accounts TRANSACTIONS Vouchers Day 800K UTILITIES BaNking REPORTS Balance Sheet Profit & Loss A/c Stock Summary Ratio Analysis Display More Reports DashbOard Quit 161 nt to •elati c2524 9b89b -c082 Hub" , " : "6b 9b89b -c082 tion_ 24978 isten corre 2fcfc nning ' , "sou Oad7- ...
  INFO mh A P6-alter-slab: stored as typed True; error ''; Ctrl+A 42.4 ms; add-on lines: payhead_accept_pre(MA HRA) payhead_accept_post(MA HRA)
[21:13:22] ---- mh A D1-delete-godown (Godown 'MA Godown 2')
[shot] tds-139-mgw0 (1024x768)
[21:13:23] [tds] screen tds-139-mgw0 : TallyPrime MANAGE Recyc EDU K: Company Gatewa of Tall Y: Data Z: Exchange CURRENT OATE Wednesday, I-Apr-2026 O: Import E: Export M: Share p: print Fl: Help Date Company Firefo Googl Chro Micros 46 IypÅ Unity CURRENT PERIOD I-Apr-26 to 31-Mar-27 NAME OF COMPANY FinCom Spike Co Gateway of Tally MASTERS Create Alter CHart of Accounts TRANSACTIONS Vouchers Day 800K UTILITIES BaNking REPORTS Balance Sheet Profit & Loss A/c Stock Summary Ratio Analysis Display More Reports DashbOard Quit 161 nt to •elati c2524 9b89b -c082 Hub" , " : "6b 9b89b -c082 tion_ 24978 isten corre 2fcfc nning ' , "sou Oad7- ...
[keys] 'a' -> Tally 'TallyPrime:9000'
[keys] '{BACKSPACE}{BACKSPACE}{BACKSPACE}{BACKSPACE}{BACKSPACE}{BACKSPACE}{BACKSPACE}{BACKSPACE}{BACKSPACE}{BACKSPACE}{BACKSPACE}{BACKSPACE}{BACKSPACE}{BACKSPACE}{BACKSPACE}{BACKSPACE}{BACKSPACE}{BACKSPACE}{BACKSPACE}{BACKSPACE}' -> Tally 'TallyPrime:9000'
[keys] 'Location' -> Tally 'TallyPrime:9000'
[keys] '{ENTER}' -> Tally 'TallyPrime:9000'
[keys] 'MA Godown 2' -> Tally 'TallyPrime:9000'
[keys] '{ENTER}' -> Tally 'TallyPrime:9000'
[shot] mh-0280-D1-form (1024x768)
[mh] mh-0280-D1-form: field 143,117,245x16 left 'Name' heads 'Location Alteration / K: Company Y: Data / Z: Exchange' value 'MA Godown 2' (boxes: 143,117,245x16[Name|Location Alteration/K: Company Y: Data/Z: Exchange]) | Recyc TallyPrime MANAGE EDU K: Company Y: Data Location Alteration Z: Exchange A Accept Q Search E: Export FinCom Spike Co O: Import Delete M: Share p: print x Fl: Help F2: period Company Name (alias) Firefo Under Googl Chron Micros lyp Unity Quit MA Godown 2 • Primary FIO: Other Masters More Details Configure nt to •elati c2524 9b89b -c082 Hub" , " : "6b 9b89b -c082 . '2.3 tion_ 24978 isten corre 2fcfc nning ' , "sou Oad7- age" , " : "6b Windows Server 2025 Datacenter Build 26100.ge_release240331-1435 9:13 PM 10/8/2026
[keys] '%d' -> Tally 'TallyPrime:9000'
[shot] mh-0281-D1-delete-q (1024x768)
[mh] mh-0281-D1-delete-q: field none left '' heads '' value '' (boxes: ) | Recyc TallyPrime MANAGE EDU K: Company Location Alteration Y: Data Z: Exchange O: Import E: Export M: Share p: print FinCom Spike Co Delete Q Yes or No x Fl: Help F2: period F3: Company Firefo Googl Chron Micros lyp Unity Q: Quit FIO : Other Masters nt to •elati c2524 9b89b -c082 Hub" , " : "6b 9b89b -c082 . '2.3 tion_ 24978 isten corre 2fcfc nning ' , "sou Oad7- age" , " : "6b p: Delete l: More Details F 12: Configure IA _ : Accept Q Search Windows Server 2025 Datacenter Build 26100.ge_release240331-1435 9:13 PM 10/8/2026
[keys] '' -> Tally 'TallyPrime:9000'
[shot] mh-0282-D1-deleted (1024x768)
[mh] mh-0282-D1-deleted: field 341,142,245x16 left '' heads 'Master Alteration / FinCom • ke Co / Z: Exchange' value '' (boxes: 341,142,245x16[|Master Alteration/FinCom • ke Co/Z: Exchange]) | Recyc TallyPrime MANAGE EDU K: Company Y: Data Z: Exchange FinCom • ke Co Master Alteration List of Locations MAGI MA Godown IR Main Location MH Main O: Import Create Back E: Export M: Share p: print Firefo Googl Chron Micros lyp Unity Quit x Fl: Help nt to •elati c2524 9b89b -c082 Hub" , " : "6b 9b89b -c082 : '2.3 tion_ 24978 isten corre 2fcfc nning ' , "sou Oad7- age" , " : "6b Q Search Windows Server 2025 Datacenter Build 26100.ge_release240331-1435 9:13 PM 10/8/2026
[shot] tds-140-mgw0 (1024x768)
[21:13:51] [tds] screen tds-140-mgw0 : Recyc TallyPrime MANAGE EDU K: Company Y: Data Z: Exchange FinCom • ke Co Master Alteration List of Locations MAGI MA Godown IR Main Location MH Main O: Import Create Back E: Export M: Share p: print Firefo Googl Chron Micros lyp Unity Quit x Fl: Help nt to •elati c2524 9b89b -c082 Hub" , " : "6b 9b89b -c082 : '2.3 tion_ 24978 isten corre 2fcfc nning ' , "sou Oad7- age" , " : "6b Q Search Windows Server 2025 Datacenter Build 26100.ge_release240331-1435 9:13 PM 10/8/2026
[keys] '{ESC}' -> Tally 'TallyPrime:9000'
[shot] tds-141-mgw1 (1024x768)
[21:13:54] [tds] screen tds-141-mgw1 : TallyPrime MANAGE Recyc EDU Firefo Googl Chron Micros Unity Quit K: Company Y: Data Z: Exchange FinCom • ke Co Master Alteration List of Masters Accounting Masters Group Ledger Cost Centre Currency Voucher Type Inventory Masters Stock Group Stock Category Stock Item Unit Location Payroll Masters Employee Group Employee Units (Work) Attendance/Production Type Pay Heads Payroll Voucher Type Statutory Masters GST Registration GST Classification Statutory Details Company GST Details O: Import Change Company Expand All Show More E: Export M: Share Q Search 161 p: print Fl: Help x nt to •elati c2524...
[keys] '{ESC}' -> Tally 'TallyPrime:9000'
[shot] tds-142-mgw2 (1024x768)
[21:13:57] [tds] screen tds-142-mgw2 : TallyPrime MANAGE Recyc EDU K: Company Gatewa of Tall Y: Data Z: Exchange CURRENT OATE Wednesday, I-Apr-2026 O: Import E: Export M: Share p: print Fl: Help Date Company Firefo Googl Chro Micros 46 IypÅ Unity CURRENT PERIOD I-Apr-26 to 31-Mar-27 NAME OF COMPANY FinCom Spike Co Gateway of Tally MASTERS Create Alter CHart of Accounts TRANSACTIONS Vouchers Day 800K UTILITIES BaNking REPORTS Balance Sheet Profit & Loss A/c Stock Summary Ratio Analysis Display More Reports DashbOard Quit 161 nt to •elati c2524 9b89b -c082 Hub" , " : "6b 9b89b -c082 tion_ 24978 isten corre 2fcfc nning ' , "sou Oad7- ...
  INFO mh A D1-delete-godown: stored as typed True; error ''; Ctrl+A 5964.7 ms; add-on lines: before_delete(MA Godown 2) after_delete(MA Godown 2)
[21:13:58] ---- mh A D2-delete-stock-item (Stock Item 'MA Item V')
[shot] tds-143-mgw0 (1024x768)
[21:13:58] [tds] screen tds-143-mgw0 : TallyPrime MANAGE Recyc EDU K: Company Gatewa of Tall Y: Data Z: Exchange CURRENT OATE Wednesday, I-Apr-2026 O: Import E: Export M: Share p: print Fl: Help Date Company Firefo Googl Chro Micros 46 IypÅ Unity CURRENT PERIOD I-Apr-26 to 31-Mar-27 NAME OF COMPANY FinCom Spike Co Gateway of Tally MASTERS Create Alter CHart of Accounts TRANSACTIONS Vouchers Day 800K UTILITIES BaNking REPORTS Balance Sheet Profit & Loss A/c Stock Summary Ratio Analysis Display More Reports DashbOard Quit 161 nt to •elati c2524 9b89b -c082 Hub" , " : "6b 9b89b -c082 tion_ 24978 isten corre 2fcfc nning ' , "sou Oad7- ...
[keys] 'a' -> Tally 'TallyPrime:9000'
[keys] '{BACKSPACE}{BACKSPACE}{BACKSPACE}{BACKSPACE}{BACKSPACE}{BACKSPACE}{BACKSPACE}{BACKSPACE}{BACKSPACE}{BACKSPACE}{BACKSPACE}{BACKSPACE}{BACKSPACE}{BACKSPACE}{BACKSPACE}{BACKSPACE}{BACKSPACE}{BACKSPACE}{BACKSPACE}{BACKSPACE}' -> Tally 'TallyPrime:9000'
[keys] 'Stock Item' -> Tally 'TallyPrime:9000'
[keys] '{ENTER}' -> Tally 'TallyPrime:9000'
[keys] 'MA Item V' -> Tally 'TallyPrime:9000'
[keys] '{ENTER}' -> Tally 'TallyPrime:9000'
[shot] mh-0283-D2-form (1024x768)
[mh] mh-0283-D2-form: field 137,116,241x15 left 'Name' heads 'Stock Item Alteration / K: Company / Y: Data' value 'MA Item V' (boxes: 137,116,241x15[Name|Stock Item Alteration/K: Company/Y: Data]) | TallyPrime MANAGE Recyc EDU K: Company Stock Item Alteration Y: Data Z: Exchange primary Not Applicable O: Import E: Export M: Share p: print x Name (alias) Firefo Under Googl Units Chro Micros 46 IypÅ Unity Quit MA Item V FinCom • ke Co Statutory Details GST applicability HSWSAC & Related Details HSN/SAC Details Source of details HSN/SAC Description GST Rate & Related Details GST Rate Details Source of details Taxability Type GST Rate Type of Supply Fl: Help F2: period Company • Applicable As per Company/Stock Group Not Available As per Company/Stock Group Not Available Goods 1 FIO: Other Masters Quantity 161 nt to •elati c2524 9b89b -c082 Hub" , " : "6b 9b89b -c082 tion_ 24978 isten corre 2fcfc nning ' , "sou Oad7- age" , " : "6b Opening Balance Accept Q Search Rate per Ip: Delete Value More Details B Get HSN 'SAC Info Configure Windows Server 2025 Datacenter Build 26100.ge_release240331-1435 9:14 PM 10/8/2026
[keys] '%d' -> Tally 'TallyPrime:9000'
[shot] mh-0284-D2-delete-q (1024x768)
[mh] mh-0284-D2-delete-q: field none left '' heads '' value '' (boxes: ) | Recyc TallyPrime MANAGE EDU K: Company Stock Item Alteration Y: Data Z: Exchange O: Import E: Export M: Share p: print FinCom Spike Co Delete Q Yes or No x Fl: Help F2: period F3: Company Firefo Googl Chron Micros lyp Unity Q: Quit FIO : Other Masters nt to •elati c2524 9b89b -c082 Hub" , " : "6b 9b89b -c082 . '2.3 tion_ 24978 isten corre 2fcfc nning ' , "sou Oad7- age" , " : "6b p: Delete l: More Details B: Get HSN - ISAC Info F 12: Configure IA _ : Accept Q Search Windows Server 2025 Datacenter Build 26100.ge_release240331-1435 9:14 PM 10/8/2026
[keys] '' -> Tally 'TallyPrime:9000'
[shot] mh-0285-D2-deleted (1024x768)
[mh] mh-0285-D2-deleted: field 341,142,245x16 left '' heads 'Master Alteration / FinCom • ke Co / Z: Exchange' value '' (boxes: 341,142,245x16[|Master Alteration/FinCom • ke Co/Z: Exchange]) | Recyc TallyPrime MANAGE EDU K: Company Y: Data Z: Exchange FinCom • ke Co Master Alteration List of Stock Items MA Item IR O: Import Create Back E: Export M: Share p: print Firefo Googl Chron Micros lyp Unity Quit x Fl: Help nt to •elati c2524 9b89b -c082 Hub" , " : "6b 9b89b -c082 : '2.3 tion_ 24978 isten corre 2fcfc nning ' , "sou Oad7- age" , " : "6b Q Search Windows Server 2025 Datacenter Build 26100.ge_release240331-1435 9:14 PM 10/8/2026
[shot] tds-144-mgw0 (1024x768)
[21:14:21] [tds] screen tds-144-mgw0 : Recyc TallyPrime MANAGE EDU K: Company Y: Data Z: Exchange FinCom • ke Co Master Alteration List of Stock Items MA Item IR O: Import Create Back E: Export M: Share p: print Firefo Googl Chron Micros lyp Unity Quit x Fl: Help nt to •elati c2524 9b89b -c082 Hub" , " : "6b 9b89b -c082 : '2.3 tion_ 24978 isten corre 2fcfc nning ' , "sou Oad7- age" , " : "6b Q Search Windows Server 2025 Datacenter Build 26100.ge_release240331-1435 9:14 PM 10/8/2026
[keys] '{ESC}' -> Tally 'TallyPrime:9000'
[shot] tds-145-mgw1 (1024x768)
[21:14:24] [tds] screen tds-145-mgw1 : TallyPrime MANAGE Recyc EDU Firefo Googl Chron Micros Unity Quit K: Company Y: Data Z: Exchange FinCom • ke Co Master Alteration List of Masters Accounting Masters Group Ledger Cost Centre Currency Voucher Type Inventory Masters Stock Group Stock Category Stock Item Unit Location Payroll Masters Employee Group Employee Units (Work) Attendance/Production Type Pay Heads Payroll Voucher Type Statutory Masters GST Registration GST Classification Statutory Details Company GST Details O: Import Change Company Expand All Show More E: Export M: Share Q Search 161 p: print Fl: Help x nt to •elati c2524...
[keys] '{ESC}' -> Tally 'TallyPrime:9000'
[shot] tds-146-mgw2 (1024x768)
[21:14:26] [tds] screen tds-146-mgw2 : TallyPrime MANAGE Recyc EDU K: Company Gatewa of Tall Y: Data Z: Exchange CURRENT OATE Wednesday, I-Apr-2026 O: Import E: Export M: Share p: print Fl: Help Date Company Firefo Googl Chro Micros 46 IypÅ Unity CURRENT PERIOD I-Apr-26 to 31-Mar-27 NAME OF COMPANY FinCom Spike Co Gateway of Tally MASTERS Create Alter CHart of Accounts TRANSACTIONS Vouchers Day 800K UTILITIES BaNking REPORTS Balance Sheet Profit & Loss A/c Stock Summary Ratio Analysis Display More Reports DashbOard Quit 161 nt to •elati c2524 9b89b -c082 Hub" , " : "6b 9b89b -c082 tion_ 24978 isten corre 2fcfc nning ' , "sou Oad7- ...
  INFO mh A D2-delete-stock-item: stored as typed True; error ''; Ctrl+A 565.4 ms; add-on lines: before_delete(MA Item V) after_delete(MA Item V)
[21:14:27] ---- mh A D3-delete-pay-head (Pay Head 'MA HRA')
[shot] tds-147-mgw0 (1024x768)
[21:14:28] [tds] screen tds-147-mgw0 : TallyPrime MANAGE Recyc EDU K: Company Gatewa of Tall Y: Data Z: Exchange CURRENT OATE Wednesday, I-Apr-2026 O: Import E: Export M: Share p: print Fl: Help Date Company Firefo Googl Chro Micros 46 IypÅ Unity CURRENT PERIOD I-Apr-26 to 31-Mar-27 NAME OF COMPANY FinCom Spike Co Gateway of Tally MASTERS Create Alter CHart of Accounts TRANSACTIONS Vouchers Day 800K UTILITIES BaNking REPORTS Balance Sheet Profit & Loss A/c Stock Summary Ratio Analysis Display More Reports DashbOard Quit 161 nt to •elati c2524 9b89b -c082 Hub" , " : "6b 9b89b -c082 tion_ 24978 isten corre 2fcfc nning ' , "sou Oad7- ...
[keys] 'a' -> Tally 'TallyPrime:9000'
[keys] '{BACKSPACE}{BACKSPACE}{BACKSPACE}{BACKSPACE}{BACKSPACE}{BACKSPACE}{BACKSPACE}{BACKSPACE}{BACKSPACE}{BACKSPACE}{BACKSPACE}{BACKSPACE}{BACKSPACE}{BACKSPACE}{BACKSPACE}{BACKSPACE}{BACKSPACE}{BACKSPACE}{BACKSPACE}{BACKSPACE}' -> Tally 'TallyPrime:9000'
[keys] 'Pay Head' -> Tally 'TallyPrime:9000'
[keys] '{ENTER}' -> Tally 'TallyPrime:9000'
[keys] 'MA HRA' -> Tally 'TallyPrime:9000'
[keys] '{ENTER}' -> Tally 'TallyPrime:9000'
[shot] mh-0286-D3-form (1024x768)
[mh] mh-0286-D3-form: field 139,113,245x16 left 'Name' heads 'Pa Head Alteration / K: Company / Y: Data' value 'MA HRA' (boxes: 139,113,245x16[Name|Pa Head Alteration/K: Company/Y: Data]) | TallyPrime MANAGE Recyc EDU K: Company Pa Head Alteration Y: Data Z: Exchange O: Import FinCom Spike Co E: Export M: Share P: Print Total Opening Balance Name (alias) Firefo Googl Pay head type Chro MA HRA Pay Head Information Fl: Help F2: period Company Computation Information On Current Earnings Total Income type Under Affect net salary Micros Name to be displayed in payslip Use for calculation of gratuity Calculation type Earnings for Employees Fixed Indirect Expenses Yes MA HRA No As Computed Value Months Compute Effective From upr-26 ( on I-Apr-26) : Amount Amount Up Slab Type Percentage Value Greater Than To FIO: Other Masters Calculation period 46 IypÅ Rounding Method Unity Quit 161 nt to •elati c2524 9b89b -c082 Hub" , " : "6b 9b89b -c082 tion_ 24978 isten corre 2fcfc nning ' , "sou Oad7- age" , " : "6b Rounding Off Information Not Applicable Opening Balance A Accept Q Search D: Delete W: Show All Periods Configure Windows Server 2025 Datacenter Build 26100.ge_release240331-1435 9:14 PM 10/8/2026
[keys] '%d' -> Tally 'TallyPrime:9000'
[shot] mh-0287-D3-delete-q (1024x768)
[mh] mh-0287-D3-delete-q: field none left '' heads '' value '' (boxes: ) | Recyc TallyPrime MANAGE EDU K: Company Pay Head Alteration Y: Data Z: Exchange O: Import E: Export M: Share p: print FinCom Spike Co Delete Q Yes or No x Fl: Help F2: period F3: Company Firefo Googl Chron Micros lyp Unity Q: Quit FIO : Other Masters nt to •elati c2524 9b89b -c082 Hub" , " : "6b 9b89b -c082 . '2.3 tion_ 24978 isten corre 2fcfc nning ' , "sou Oad7- age" , " : "6b p: Delete W: Show All Periods F 12: Configure IA _ : Accept Q Search Windows Server 2025 Datacenter Build 26100.ge_release240331-1435 9:14 PM 10/8/2026
[keys] '' -> Tally 'TallyPrime:9000'
[shot] mh-0288-D3-deleted (1024x768)
[mh] mh-0288-D3-deleted: field 341,142,245x16 left '' heads 'Master Alteration / FinCom • ke Co / Z: Exchange' value '' (boxes: 341,142,245x16[|Master Alteration/FinCom • ke Co/Z: Exchange]) | Recyc TallyPrime MANAGE EDU K: Company Y: Data Z: Exchange FinCom • ke Co Master Alteration Heads O: Import Create Back E: Export M: Share p: print Firefo Googl Chron Micros lyp Unity Quit List of Pa MA Attend MA Basic MA Piece MH Wage x Fl: Help nt to •elati c2524 9b89b -c082 Hub" , " : "6b 9b89b -c082 : '2.3 tion_ 24978 isten corre 2fcfc nning ' , "sou Oad7- age" , " : "6b Q Search Windows Server 2025 Datacenter Build 26100.ge_release240331-1435 9:14 PM 10/8/2026
[shot] tds-148-mgw0 (1024x768)
[21:14:56] [tds] screen tds-148-mgw0 : Recyc TallyPrime MANAGE EDU K: Company Y: Data Z: Exchange FinCom • ke Co Master Alteration Heads O: Import Create Back E: Export M: Share p: print Firefo Googl Chron Micros lyp Unity Quit List of Pa MA Attend MA Basic MA Piece MH Wage x Fl: Help nt to •elati c2524 9b89b -c082 Hub" , " : "6b 9b89b -c082 : '2.3 tion_ 24978 isten corre 2fcfc nning ' , "sou Oad7- age" , " : "6b Q Search Windows Server 2025 Datacenter Build 26100.ge_release240331-1435 9:14 PM 10/8/2026
[keys] '{ESC}' -> Tally 'TallyPrime:9000'
[shot] tds-149-mgw1 (1024x768)
[21:14:59] [tds] screen tds-149-mgw1 : TallyPrime MANAGE Recyc EDU Firefo Googl Chron Micros Unity Quit K: Company Y: Data Z: Exchange FinCom • ke Co Master Alteration List of Masters Accounting Masters Group Ledger Cost Centre Currency Voucher Type Inventory Masters Stock Group Stock Category Stock Item Unit Location Payroll Masters Employee Group Employee Units (Work) Attendance/Production Type Pay Heads Payroll Voucher Type Statutory Masters GST Registration GST Classification Statutory Details Company GST Details O: Import Change Company Expand All Show More E: Export M: Share Q Search 161 p: print Fl: Help x nt to •elati c2524...
[keys] '{ESC}' -> Tally 'TallyPrime:9000'
[shot] tds-150-mgw2 (1024x768)
[21:15:02] [tds] screen tds-150-mgw2 : TallyPrime MANAGE Recyc EDU K: Company Gatewa of Tall Y: Data Z: Exchange CURRENT OATE Wednesday, I-Apr-2026 O: Import E: Export M: Share p: print Fl: Help Date Company Firefo Googl Chro Micros 46 IypÅ Unity CURRENT PERIOD I-Apr-26 to 31-Mar-27 NAME OF COMPANY FinCom Spike Co Gateway of Tally MASTERS Create Alter CHart of Accounts TRANSACTIONS Vouchers Day 800K UTILITIES BaNking REPORTS Balance Sheet Profit & Loss A/c Stock Summary Ratio Analysis Display More Reports DashbOard Quit 161 nt to •elati c2524 9b89b -c082 Hub" , " : "6b 9b89b -c082 tion_ 24978 isten corre 2fcfc nning ' , "sou Oad7- ...
  INFO mh A D3-delete-pay-head: stored as typed True; error ''; Ctrl+A 6018 ms; add-on lines: before_delete(MA HRA) after_delete(MA HRA)
[shot] tds-151-mgw0 (1024x768)
[21:15:03] [tds] screen tds-151-mgw0 : TallyPrime MANAGE Recyc EDU K: Company Gatewa of Tall Y: Data Z: Exchange CURRENT OATE Wednesday, I-Apr-2026 O: Import E: Export M: Share p: print Fl: Help Date Company Firefo Googl Chro Micros 46 IypÅ Unity CURRENT PERIOD I-Apr-26 to 31-Mar-27 NAME OF COMPANY FinCom Spike Co Gateway of Tally MASTERS Create Alter CHart of Accounts TRANSACTIONS Vouchers Day 800K UTILITIES BaNking REPORTS Balance Sheet Profit & Loss A/c Stock Summary Ratio Analysis Display More Reports DashbOard Quit 161 nt to •elati c2524 9b89b -c082 Hub" , " : "6b 9b89b -c082 tion_ 24978 isten corre 2fcfc nning ' , "sou Oad7- ...
[keys] 'a' -> Tally 'TallyPrime:9000'
[keys] '{BACKSPACE}{BACKSPACE}{BACKSPACE}{BACKSPACE}{BACKSPACE}{BACKSPACE}{BACKSPACE}{BACKSPACE}{BACKSPACE}{BACKSPACE}{BACKSPACE}{BACKSPACE}{BACKSPACE}{BACKSPACE}{BACKSPACE}{BACKSPACE}{BACKSPACE}{BACKSPACE}{BACKSPACE}{BACKSPACE}' -> Tally 'TallyPrime:9000'
[keys] 'Location' -> Tally 'TallyPrime:9000'
[keys] '{ENTER}' -> Tally 'TallyPrime:9000'
[keys] 'MA Godown 1R' -> Tally 'TallyPrime:9000'
[keys] '{ENTER}' -> Tally 'TallyPrime:9000'
[shot] mh-0289-T-Godown1-form (1024x768)
[mh] mh-0289-T-Godown1-form: field 143,117,245x16 left 'Name' heads 'Location Alteration / K: Company Y: Data / Z: Exchange' value 'MA Godown IR' (boxes: 143,117,245x16[Name|Location Alteration/K: Company Y: Data/Z: Exchange]) | Recyc TallyPrime MANAGE EDU K: Company Y: Data Location Alteration Z: Exchange A Accept Q Search FinCom Spike Co O: Import Delete E: Export M: Share p: print x Fl: Help F2: period Company Name (alias) Firefo Under Googl Chron Micros lyp Unity Quit MA Godown IR MAGI • Primary FIO: Other Masters More Details Configure nt to •elati c2524 9b89b -c082 Hub" , " : "6b 9b89b -c082 . '2.3 tion_ 24978 isten corre 2fcfc nning ' , "sou Oad7- age" , " : "6b Windows Server 2025 Datacenter Build 26100.ge_release240331-1435 9:15 PM 10/8/2026
[shot] mh-0290-T1-w1 (1024x768)
[mh] mh-0290-T1-w1: field 143,117,245x16 left 'Name' heads 'Location Alteration / K: Company Y: Data / Z: Exchange' value 'MA Godown IR' (boxes: 143,117,245x16[Name|Location Alteration/K: Company Y: Data/Z: Exchange]) | Recyc TallyPrime MANAGE EDU K: Company Y: Data Location Alteration Z: Exchange A Accept Q Search FinCom Spike Co O: Import Delete E: Export M: Share p: print x Fl: Help F2: period Company Name (alias) Firefo Under Googl Chron Micros lyp Unity Quit MA Godown IR MAGI • Primary FIO: Other Masters More Details Configure nt to •elati c2524 9b89b -c082 Hub" , " : "6b 9b89b -c082 . '2.3 tion_ 24978 isten corre 2fcfc nning ' , "sou Oad7- age" , " : "6b Windows Server 2025 Datacenter Build 26100.ge_release240331-1435 9:15 PM 10/8/2026
[keys] '{ENTER}' -> Tally 'TallyPrime:9000'
[shot] mh-0291-T1-w2 (1024x768)
[mh] mh-0291-T1-w2: field 143,135,245x16 left '' heads 'MA Godown IR / Location Alteration / K: Company Y: Data' value 'JAGI' (boxes: 143,135,245x16[|MA Godown IR/Location Alteration/K: Company Y: Data]) | Recyc TallyPrime MANAGE EDU K: Company Y: Data Location Alteration Z: Exchange A Accept Q Search O: Import E: Export M: Share p: print FinCom Spike Co x Fl: Help F2: period Company Name Firefo Under Googl Chron Micros lyp Unity Quit MA Godown IR JAGI • Primary FIO: Other Masters nt to •elati c2524 9b89b -c082 Hub" , " : "6b 9b89b -c082 . '2.3 tion_ 24978 isten corre 2fcfc nning ' , "sou Oad7- age" , " : "6b Delete More Details Configure Windows Server 2025 Datacenter Build 26100.ge_release240331-1435 9:15 PM 10/8/2026
[mh] T1 rule 0 (alias^MA\s*Godown\s*[1lIi|]R$) on '|MA Godown IR': keys 'MA T1{ENTER}'
[keys] 'MA T1' -> Tally 'TallyPrime:9000'
[keys] '{ENTER}' -> Tally 'TallyPrime:9000'
[keys] '' -> Tally 'TallyPrime:9000'
[shot] mh-0292-T-Godown1-savedT (1024x768)
[mh] mh-0292-T-Godown1-savedT: field 341,142,245x16 left '' heads 'Master Alteration / FinCom • ke Co / Z: Exchange' value '' (boxes: 341,142,245x16[|Master Alteration/FinCom • ke Co/Z: Exchange]) | Recyc TallyPrime MANAGE EDU K: Company Y: Data Z: Exchange FinCom • ke Co Master Alteration List of Locations MA Godown IR Main Location MA Tl MH Main O: Import Create Back E: Export M: Share p: print Firefo Googl Chron Micros lyp Unity Quit x Fl: Help nt to •elati c2524 9b89b -c082 Hub" , " : "6b 9b89b -c082 : '2.3 tion_ 24978 isten corre 2fcfc nning ' , "sou Oad7- age" , " : "6b Q Search Windows Server 2025 Datacenter Build 26100.ge_release240331-1435 9:15 PM 10/8/2026
[mh] T-Godown1 Ctrl+A to ALTMSTID moved (239 ->): 28.5 ms
[shot] tds-152-mgw0 (1024x768)
[21:15:28] [tds] screen tds-152-mgw0 : Recyc TallyPrime MANAGE EDU K: Company Y: Data Z: Exchange FinCom • ke Co Master Alteration List of Locations MA Godown IR Main Location MA Tl MH Main O: Import Create Back E: Export M: Share p: print Firefo Googl Chron Micros lyp Unity Quit x Fl: Help nt to •elati c2524 9b89b -c082 Hub" , " : "6b 9b89b -c082 : '2.3 tion_ 24978 isten corre 2fcfc nning ' , "sou Oad7- age" , " : "6b Q Search Windows Server 2025 Datacenter Build 26100.ge_release240331-1435 9:15 PM 10/8/2026
[keys] '{ESC}' -> Tally 'TallyPrime:9000'
[shot] tds-153-mgw1 (1024x768)
[21:15:31] [tds] screen tds-153-mgw1 : TallyPrime MANAGE Recyc EDU Firefo Googl Chron Micros Unity Quit K: Company Y: Data Z: Exchange FinCom • ke Co Master Alteration List of Masters Accounting Masters Group Ledger Cost Centre Currency Voucher Type Inventory Masters Stock Group Stock Category Stock Item Unit Location Payroll Masters Employee Group Employee Units (Work) Attendance/Production Type Pay Heads Payroll Voucher Type Statutory Masters GST Registration GST Classification Statutory Details Company GST Details O: Import Change Company Expand All Show More E: Export M: Share Q Search 161 p: print Fl: Help x nt to •elati c2524...
[keys] '{ESC}' -> Tally 'TallyPrime:9000'
[shot] tds-154-mgw2 (1024x768)
[21:15:34] [tds] screen tds-154-mgw2 : TallyPrime MANAGE Recyc EDU K: Company Gatewa of Tall Y: Data Z: Exchange CURRENT OATE Wednesday, I-Apr-2026 O: Import E: Export M: Share p: print Fl: Help Date Company Firefo Googl Chro Micros 46 IypÅ Unity CURRENT PERIOD I-Apr-26 to 31-Mar-27 NAME OF COMPANY FinCom Spike Co Gateway of Tally MASTERS Create Alter CHart of Accounts TRANSACTIONS Vouchers Day 800K UTILITIES BaNking REPORTS Balance Sheet Profit & Loss A/c Stock Summary Ratio Analysis Display More Reports DashbOard Quit 161 nt to •elati c2524 9b89b -c082 Hub" , " : "6b 9b89b -c082 tion_ 24978 isten corre 2fcfc nning ' , "sou Oad7- ...
[keys] 'a' -> Tally 'TallyPrime:9000'
[keys] '{BACKSPACE}{BACKSPACE}{BACKSPACE}{BACKSPACE}{BACKSPACE}{BACKSPACE}{BACKSPACE}{BACKSPACE}{BACKSPACE}{BACKSPACE}{BACKSPACE}{BACKSPACE}{BACKSPACE}{BACKSPACE}{BACKSPACE}{BACKSPACE}{BACKSPACE}{BACKSPACE}{BACKSPACE}{BACKSPACE}' -> Tally 'TallyPrime:9000'
[keys] 'Location' -> Tally 'TallyPrime:9000'
[keys] '{ENTER}' -> Tally 'TallyPrime:9000'
[keys] 'MA Godown 1R' -> Tally 'TallyPrime:9000'
[keys] '{ENTER}' -> Tally 'TallyPrime:9000'
[shot] mh-0293-T-Godown2-form (1024x768)
[mh] mh-0293-T-Godown2-form: field 143,117,245x16 left 'Name' heads 'Location Alteration / K: Company Y: Data / Z: Exchange' value 'MA Godown IR' (boxes: 143,117,245x16[Name|Location Alteration/K: Company Y: Data/Z: Exchange]) | Recyc TallyPrime MANAGE EDU K: Company Y: Data Location Alteration Z: Exchange A Accept Q Search FinCom Spike Co O: Import Delete E: Export M: Share p: print x Fl: Help F2: period Company Name (alias) Firefo Under Googl Chron Micros lyp Unity Quit MA Godown IR • Primary FIO: Other Masters More Details Configure nt to •elati c2524 9b89b -c082 Hub" , " : "6b 9b89b -c082 . '2.3 tion_ 24978 isten corre 2fcfc nning ' , "sou Oad7- age" , " : "6b Windows Server 2025 Datacenter Build 26100.ge_release240331-1435 9:15 PM 10/8/2026
[shot] mh-0294-T2-w1 (1024x768)
[mh] mh-0294-T2-w1: field 143,117,245x16 left 'Name' heads 'Location Alteration / K: Company Y: Data / Z: Exchange' value 'MA Godown IR' (boxes: 143,117,245x16[Name|Location Alteration/K: Company Y: Data/Z: Exchange]) | Recyc TallyPrime MANAGE EDU K: Company Y: Data Location Alteration Z: Exchange A Accept Q Search FinCom Spike Co O: Import Delete E: Export M: Share p: print x Fl: Help F2: period Company Name (alias) Firefo Under Googl Chron Micros lyp Unity Quit MA Godown IR • Primary FIO: Other Masters More Details Configure nt to •elati c2524 9b89b -c082 Hub" , " : "6b 9b89b -c082 . '2.3 tion_ 24978 isten corre 2fcfc nning ' , "sou Oad7- age" , " : "6b Windows Server 2025 Datacenter Build 26100.ge_release240331-1435 9:15 PM 10/8/2026
[keys] '{ENTER}' -> Tally 'TallyPrime:9000'
[shot] mh-0295-T2-w2 (1024x768)
[mh] mh-0295-T2-w2: field 143,135,245x16 left '' heads 'MA Godown IR / Location Alteration / K: Company Y: Data' value '' (boxes: 143,135,245x16[|MA Godown IR/Location Alteration/K: Company Y: Data]) | Recyc TallyPrime MANAGE EDU K: Company Y: Data Location Alteration Z: Exchange A Accept Q Search O: Import E: Export M: Share p: print FinCom Spike Co x Fl: Help F2: period Company Name Firefo Under Googl Chron Micros lyp Unity Quit MA Godown IR • Primary FIO: Other Masters nt to •elati c2524 9b89b -c082 Hub" , " : "6b 9b89b -c082 . '2.3 tion_ 24978 isten corre 2fcfc nning ' , "sou Oad7- age" , " : "6b Delete More Details Configure Windows Server 2025 Datacenter Build 26100.ge_release240331-1435 9:15 PM 10/8/2026
[mh] T2 rule 0 (alias^MA\s*Godown\s*[1lIi|]R$) on '|MA Godown IR': keys 'MA T2{ENTER}'
[keys] 'MA T2' -> Tally 'TallyPrime:9000'
[keys] '{ENTER}' -> Tally 'TallyPrime:9000'
[keys] '' -> Tally 'TallyPrime:9000'
[shot] mh-0296-T-Godown2-savedT (1024x768)
[mh] mh-0296-T-Godown2-savedT: field 341,142,245x16 left '' heads 'Master Alteration / FinCom • ke Co / Z: Exchange' value '' (boxes: 341,142,245x16[|Master Alteration/FinCom • ke Co/Z: Exchange]) | Recyc TallyPrime MANAGE EDU K: Company Y: Data Z: Exchange FinCom • ke Co Master Alteration List of Locations MA Godown IR Main Location MH Main O: Import Create Back E: Export M: Share p: print Firefo Googl Chron Micros lyp Unity Quit x Fl: Help nt to •elati c2524 9b89b -c082 Hub" , " : "6b 9b89b -c082 : '2.3 tion_ 24978 isten corre 2fcfc nning ' , "sou Oad7- age" , " : "6b Q Search Windows Server 2025 Datacenter Build 26100.ge_release240331-1435 9:15 PM 10/8/2026
[mh] T-Godown2 Ctrl+A to ALTMSTID moved (240 ->): 35.2 ms
[shot] tds-155-mgw0 (1024x768)
[21:15:58] [tds] screen tds-155-mgw0 : Recyc TallyPrime MANAGE EDU K: Company Y: Data Z: Exchange FinCom • ke Co Master Alteration List of Locations MA Godown IR Main Location MH Main O: Import Create Back E: Export M: Share p: print Firefo Googl Chron Micros lyp Unity Quit x Fl: Help nt to •elati c2524 9b89b -c082 Hub" , " : "6b 9b89b -c082 : '2.3 tion_ 24978 isten corre 2fcfc nning ' , "sou Oad7- age" , " : "6b Q Search Windows Server 2025 Datacenter Build 26100.ge_release240331-1435 9:15 PM 10/8/2026
[keys] '{ESC}' -> Tally 'TallyPrime:9000'
[shot] tds-156-mgw1 (1024x768)
[21:16:01] [tds] screen tds-156-mgw1 : TallyPrime MANAGE Recyc EDU Firefo Googl Chron Micros Unity Quit K: Company Y: Data Z: Exchange FinCom • ke Co Master Alteration List of Masters Accounting Masters Group Ledger Cost Centre Currency Voucher Type Inventory Masters Stock Group Stock Category Stock Item Unit Location Payroll Masters Employee Group Employee Units (Work) Attendance/Production Type Pay Heads Payroll Voucher Type Statutory Masters GST Registration GST Classification Statutory Details Company GST Details O: Import Change Company Expand All Show More E: Export M: Share Q Search 161 p: print Fl: Help x nt to •elati c2524...
[keys] '{ESC}' -> Tally 'TallyPrime:9000'
[shot] tds-157-mgw2 (1024x768)
[21:16:04] [tds] screen tds-157-mgw2 : TallyPrime MANAGE Recyc EDU K: Company Gatewa of Tall Y: Data Z: Exchange CURRENT OATE Wednesday, I-Apr-2026 O: Import E: Export M: Share p: print Fl: Help Date Company Firefo Googl Chro Micros 46 IypÅ Unity CURRENT PERIOD I-Apr-26 to 31-Mar-27 NAME OF COMPANY FinCom Spike Co Gateway of Tally MASTERS Create Alter CHart of Accounts TRANSACTIONS Vouchers Day 800K UTILITIES BaNking REPORTS Balance Sheet Profit & Loss A/c Stock Summary Ratio Analysis Display More Reports DashbOard Quit 161 nt to •elati c2524 9b89b -c082 Hub" , " : "6b 9b89b -c082 tion_ 24978 isten corre 2fcfc nning ' , "sou Oad7- ...
[keys] 'a' -> Tally 'TallyPrime:9000'
[keys] '{BACKSPACE}{BACKSPACE}{BACKSPACE}{BACKSPACE}{BACKSPACE}{BACKSPACE}{BACKSPACE}{BACKSPACE}{BACKSPACE}{BACKSPACE}{BACKSPACE}{BACKSPACE}{BACKSPACE}{BACKSPACE}{BACKSPACE}{BACKSPACE}{BACKSPACE}{BACKSPACE}{BACKSPACE}{BACKSPACE}' -> Tally 'TallyPrime:9000'
[keys] 'Location' -> Tally 'TallyPrime:9000'
[keys] '{ENTER}' -> Tally 'TallyPrime:9000'
[keys] 'MA Godown 1R' -> Tally 'TallyPrime:9000'
[keys] '{ENTER}' -> Tally 'TallyPrime:9000'
[shot] mh-0297-T-Godown3-form (1024x768)
[mh] mh-0297-T-Godown3-form: field 143,117,245x16 left 'Name' heads 'Location Alteration / K: Company Y: Data / Z: Exchange' value 'MA Godown IR' (boxes: 143,117,245x16[Name|Location Alteration/K: Company Y: Data/Z: Exchange]) | Recyc TallyPrime MANAGE EDU K: Company Y: Data Location Alteration Z: Exchange A Accept Q Search FinCom Spike Co O: Import Delete E: Export M: Share p: print x Fl: Help F2: period Company Name (alias) Firefo Under Googl Chron Micros lyp Unity Quit MA Godown IR • Primary FIO: Other Masters More Details Configure nt to •elati c2524 9b89b -c082 Hub" , " : "6b 9b89b -c082 . '2.3 tion_ 24978 isten corre 2fcfc nning ' , "sou Oad7- age" , " : "6b Windows Server 2025 Datacenter Build 26100.ge_release240331-1435 9:16 PM 10/8/2026
[shot] mh-0298-T3-w1 (1024x768)
[mh] mh-0298-T3-w1: field 143,117,245x16 left 'Name' heads 'Location Alteration / K: Company Y: Data / Z: Exchange' value 'IA Godown IR' (boxes: 143,117,245x16[Name|Location Alteration/K: Company Y: Data/Z: Exchange]) | Recyc TallyPrime MANAGE EDU K: Company Y: Data Location Alteration Z: Exchange A Accept Q Search FinCom Spike Co O: Import Delete E: Export M: Share p: print x Fl: Help F2: period Company Name (alias) Firefo Under Googl Chron Micros lyp Unity Quit IA Godown IR • Primary FIO: Other Masters More Details Configure nt to •elati c2524 9b89b -c082 Hub" , " : "6b 9b89b -c082 . '2.3 tion_ 24978 isten corre 2fcfc nning ' , "sou Oad7- age" , " : "6b Windows Server 2025 Datacenter Build 26100.ge_release240331-1435 9:16 PM 10/8/2026
[keys] '{ENTER}' -> Tally 'TallyPrime:9000'
[shot] mh-0299-T3-w2 (1024x768)
[mh] mh-0299-T3-w2: field 143,135,245x16 left '' heads 'MA Godown IR / Location Alteration / K: Company Y: Data' value '' (boxes: 143,135,245x16[|MA Godown IR/Location Alteration/K: Company Y: Data]) | Recyc TallyPrime MANAGE EDU K: Company Y: Data Location Alteration Z: Exchange A Accept Q Search O: Import E: Export M: Share p: print FinCom Spike Co x Fl: Help F2: period Company Name Firefo Under Googl Chron Micros lyp Unity Quit MA Godown IR • Primary FIO: Other Masters nt to •elati c2524 9b89b -c082 Hub" , " : "6b 9b89b -c082 . '2.3 tion_ 24978 isten corre 2fcfc nning ' , "sou Oad7- age" , " : "6b Delete More Details Configure Windows Server 2025 Datacenter Build 26100.ge_release240331-1435 9:16 PM 10/8/2026
[mh] T3 rule 0 (alias^MA\s*Godown\s*[1lIi|]R$) on '|MA Godown IR': keys 'MA T3{ENTER}'
[keys] 'MA T3' -> Tally 'TallyPrime:9000'
[keys] '{ENTER}' -> Tally 'TallyPrime:9000'
[keys] '' -> Tally 'TallyPrime:9000'
[shot] mh-0300-T-Godown3-savedT (1024x768)
[mh] mh-0300-T-Godown3-savedT: field 341,142,245x16 left '' heads 'Master Alteration / FinCom • ke Co / Z: Exchange' value '' (boxes: 341,142,245x16[|Master Alteration/FinCom • ke Co/Z: Exchange]) | Recyc TallyPrime MANAGE EDU K: Company Y: Data Z: Exchange FinCom • ke Co Master Alteration List of Locations MA Godown IR Main Location MH Main O: Import Create Back E: Export M: Share p: print Firefo Googl Chron Micros lyp Unity Quit x Fl: Help nt to •elati c2524 9b89b -c082 Hub" , " : "6b 9b89b -c082 : '2.3 tion_ 24978 isten corre 2fcfc nning ' , "sou Oad7- age" , " : "6b Q Search Windows Server 2025 Datacenter Build 26100.ge_release240331-1435 9:16 PM 10/8/2026
[mh] T-Godown3 Ctrl+A to ALTMSTID moved (241 ->): 29 ms
[shot] tds-158-mgw0 (1024x768)
[21:16:29] [tds] screen tds-158-mgw0 : Recyc TallyPrime MANAGE EDU K: Company Y: Data Z: Exchange FinCom • ke Co Master Alteration List of Locations MA Godown IR Main Location MH Main O: Import Create Back E: Export M: Share p: print Firefo Googl Chron Micros lyp Unity Quit x Fl: Help nt to •elati c2524 9b89b -c082 Hub" , " : "6b 9b89b -c082 : '2.3 tion_ 24978 isten corre 2fcfc nning ' , "sou Oad7- age" , " : "6b Q Search Windows Server 2025 Datacenter Build 26100.ge_release240331-1435 9:16 PM 10/8/2026
[keys] '{ESC}' -> Tally 'TallyPrime:9000'
[shot] tds-159-mgw1 (1024x768)
[21:16:32] [tds] screen tds-159-mgw1 : TallyPrime MANAGE Recyc EDU Firefo Googl Chron Micros Unity Quit K: Company Y: Data Z: Exchange FinCom • ke Co Master Alteration List of Masters Accounting Masters Group Ledger Cost Centre Currency Voucher Type Inventory Masters Stock Group Stock Category Stock Item Unit Location Payroll Masters Employee Group Employee Units (Work) Attendance/Production Type Pay Heads Payroll Voucher Type Statutory Masters GST Registration GST Classification Statutory Details Company GST Details O: Import Change Company Expand All Show More E: Export M: Share Q Search 161 p: print Fl: Help x nt to •elati c2524...
[keys] '{ESC}' -> Tally 'TallyPrime:9000'
[shot] tds-160-mgw2 (1024x768)
[21:16:34] [tds] screen tds-160-mgw2 : TallyPrime MANAGE Recyc EDU K: Company Gatewa of Tall Y: Data Z: Exchange CURRENT OATE Wednesday, I-Apr-2026 O: Import E: Export M: Share p: print Fl: Help Date Company Firefo Googl Chro Micros 46 IypÅ Unity CURRENT PERIOD I-Apr-26 to 31-Mar-27 NAME OF COMPANY FinCom Spike Co Gateway of Tally MASTERS Create Alter CHart of Accounts TRANSACTIONS Vouchers Day 800K UTILITIES BaNking REPORTS Balance Sheet Profit & Loss A/c Stock Summary Ratio Analysis Display More Reports DashbOard Quit 161 nt to •elati c2524 9b89b -c082 Hub" , " : "6b 9b89b -c082 tion_ 24978 isten corre 2fcfc nning ' , "sou Oad7- ...
[keys] 'a' -> Tally 'TallyPrime:9000'
[keys] '{BACKSPACE}{BACKSPACE}{BACKSPACE}{BACKSPACE}{BACKSPACE}{BACKSPACE}{BACKSPACE}{BACKSPACE}{BACKSPACE}{BACKSPACE}{BACKSPACE}{BACKSPACE}{BACKSPACE}{BACKSPACE}{BACKSPACE}{BACKSPACE}{BACKSPACE}{BACKSPACE}{BACKSPACE}{BACKSPACE}' -> Tally 'TallyPrime:9000'
[keys] 'Location' -> Tally 'TallyPrime:9000'
[keys] '{ENTER}' -> Tally 'TallyPrime:9000'
[keys] 'MA Godown 1R' -> Tally 'TallyPrime:9000'
[keys] '{ENTER}' -> Tally 'TallyPrime:9000'
[shot] mh-0301-T-Godown4-form (1024x768)
[mh] mh-0301-T-Godown4-form: field 143,117,245x16 left 'Name' heads 'Location Alteration / K: Company Y: Data / Z: Exchange' value 'MA Godown IR' (boxes: 143,117,245x16[Name|Location Alteration/K: Company Y: Data/Z: Exchange]) | Recyc TallyPrime MANAGE EDU K: Company Y: Data Location Alteration Z: Exchange A Accept Q Search FinCom Spike Co O: Import Delete E: Export M: Share p: print x Fl: Help F2: period Company Name (alias) Firefo Under Googl Chron Micros lyp Unity Quit MA Godown IR • Primary FIO: Other Masters More Details Configure nt to •elati c2524 9b89b -c082 Hub" , " : "6b 9b89b -c082 . '2.3 tion_ 24978 isten corre 2fcfc nning ' , "sou Oad7- age" , " : "6b Windows Server 2025 Datacenter Build 26100.ge_release240331-1435 9:16 PM 10/8/2026
[shot] mh-0302-T4-w1 (1024x768)
[mh] mh-0302-T4-w1: field 143,117,245x16 left 'Name' heads 'Location Alteration / K: Company Y: Data / Z: Exchange' value 'IA Godown IR' (boxes: 143,117,245x16[Name|Location Alteration/K: Company Y: Data/Z: Exchange]) | Recyc TallyPrime MANAGE EDU K: Company Y: Data Location Alteration Z: Exchange A Accept Q Search FinCom Spike Co O: Import Delete E: Export M: Share p: print x Fl: Help F2: period Company Name (alias) Firefo Under Googl Chron Micros lyp Unity Quit IA Godown IR • Primary FIO: Other Masters More Details Configure nt to •elati c2524 9b89b -c082 Hub" , " : "6b 9b89b -c082 . '2.3 tion_ 24978 isten corre 2fcfc nning ' , "sou Oad7- age" , " : "6b Windows Server 2025 Datacenter Build 26100.ge_release240331-1435 9:16 PM 10/8/2026
[keys] '{ENTER}' -> Tally 'TallyPrime:9000'
[shot] mh-0303-T4-w2 (1024x768)
[mh] mh-0303-T4-w2: field 143,135,245x16 left '' heads 'MA Godown IR / Location Alteration / K: Company Y: Data' value '' (boxes: 143,135,245x16[|MA Godown IR/Location Alteration/K: Company Y: Data]) | Recyc TallyPrime MANAGE EDU K: Company Y: Data Location Alteration Z: Exchange A Accept Q Search O: Import E: Export M: Share p: print FinCom Spike Co x Fl: Help F2: period Company Name Firefo Under Googl Chron Micros lyp Unity Quit MA Godown IR • Primary FIO: Other Masters nt to •elati c2524 9b89b -c082 Hub" , " : "6b 9b89b -c082 . '2.3 tion_ 24978 isten corre 2fcfc nning ' , "sou Oad7- age" , " : "6b Delete More Details Configure Windows Server 2025 Datacenter Build 26100.ge_release240331-1435 9:16 PM 10/8/2026
[mh] T4 rule 0 (alias^MA\s*Godown\s*[1lIi|]R$) on '|MA Godown IR': keys 'MA T4{ENTER}'
[keys] 'MA T4' -> Tally 'TallyPrime:9000'
[keys] '{ENTER}' -> Tally 'TallyPrime:9000'
[keys] '' -> Tally 'TallyPrime:9000'
[shot] mh-0304-T-Godown4-savedT (1024x768)
[mh] mh-0304-T-Godown4-savedT: field 341,142,245x16 left '' heads 'Master Alteration / FinCom • ke Co / Z: Exchange' value '' (boxes: 341,142,245x16[|Master Alteration/FinCom • ke Co/Z: Exchange]) | Recyc TallyPrime MANAGE EDU K: Company Y: Data Z: Exchange FinCom • ke Co Master Alteration List of Locations MA Godown IR Main Location MA T4 MH Main O: Import Create Back E: Export M: Share p: print Firefo Googl Chron Micros lyp Unity Quit x Fl: Help nt to •elati c2524 9b89b -c082 Hub" , " : "6b 9b89b -c082 : '2.3 tion_ 24978 isten corre 2fcfc nning ' , "sou Oad7- age" , " : "6b Q Search Windows Server 2025 Datacenter Build 26100.ge_release240331-1435 9:16 PM 10/8/2026
[mh] T-Godown4 Ctrl+A to ALTMSTID moved (242 ->): 28.7 ms
[shot] tds-161-mgw0 (1024x768)
[21:16:59] [tds] screen tds-161-mgw0 : Recyc TallyPrime MANAGE EDU K: Company Y: Data Z: Exchange FinCom • ke Co Master Alteration List of Locations MA Godown IR Main Location MA T4 MH Main O: Import Create Back E: Export M: Share p: print Firefo Googl Chron Micros lyp Unity Quit x Fl: Help nt to •elati c2524 9b89b -c082 Hub" , " : "6b 9b89b -c082 : '2.3 tion_ 24978 isten corre 2fcfc nning ' , "sou Oad7- age" , " : "6b Q Search Windows Server 2025 Datacenter Build 26100.ge_release240331-1435 9:16 PM 10/8/2026
[keys] '{ESC}' -> Tally 'TallyPrime:9000'
[shot] tds-162-mgw1 (1024x768)
[21:17:02] [tds] screen tds-162-mgw1 : TallyPrime MANAGE Recyc EDU Firefo Googl Chron Micros Unity Quit K: Company Y: Data Z: Exchange FinCom • ke Co Master Alteration List of Masters Accounting Masters Group Ledger Cost Centre Currency Voucher Type Inventory Masters Stock Group Stock Category Stock Item Unit Location Payroll Masters Employee Group Employee Units (Work) Attendance/Production Type Pay Heads Payroll Voucher Type Statutory Masters GST Registration GST Classification Statutory Details Company GST Details O: Import Change Company Expand All Show More E: Export M: Share Q Search 161 p: print Fl: Help x nt to •elati c2524...
[keys] '{ESC}' -> Tally 'TallyPrime:9000'
[shot] tds-163-mgw2 (1024x768)
[21:17:05] [tds] screen tds-163-mgw2 : TallyPrime MANAGE Recyc EDU K: Company Gatewa of Tall Y: Data Z: Exchange CURRENT OATE Wednesday, I-Apr-2026 O: Import E: Export M: Share p: print Fl: Help Date Company Firefo Googl Chro Micros 46 IypÅ Unity CURRENT PERIOD I-Apr-26 to 31-Mar-27 NAME OF COMPANY FinCom Spike Co Gateway of Tally MASTERS Create Alter CHart of Accounts TRANSACTIONS Vouchers Day 800K UTILITIES BaNking REPORTS Balance Sheet Profit & Loss A/c Stock Summary Ratio Analysis Display More Reports DashbOard Quit 161 nt to •elati c2524 9b89b -c082 Hub" , " : "6b 9b89b -c082 tion_ 24978 isten corre 2fcfc nning ' , "sou Oad7- ...
[keys] 'a' -> Tally 'TallyPrime:9000'
[keys] '{BACKSPACE}{BACKSPACE}{BACKSPACE}{BACKSPACE}{BACKSPACE}{BACKSPACE}{BACKSPACE}{BACKSPACE}{BACKSPACE}{BACKSPACE}{BACKSPACE}{BACKSPACE}{BACKSPACE}{BACKSPACE}{BACKSPACE}{BACKSPACE}{BACKSPACE}{BACKSPACE}{BACKSPACE}{BACKSPACE}' -> Tally 'TallyPrime:9000'
[keys] 'Location' -> Tally 'TallyPrime:9000'
[keys] '{ENTER}' -> Tally 'TallyPrime:9000'
[keys] 'MA Godown 1R' -> Tally 'TallyPrime:9000'
[keys] '{ENTER}' -> Tally 'TallyPrime:9000'
[shot] mh-0305-T-Godown5-form (1024x768)
[mh] mh-0305-T-Godown5-form: field 143,117,245x16 left 'Name' heads 'Location Alteration / K: Company Y: Data / Z: Exchange' value 'IA Godown IR' (boxes: 143,117,245x16[Name|Location Alteration/K: Company Y: Data/Z: Exchange]) | Recyc TallyPrime MANAGE EDU K: Company Y: Data Location Alteration Z: Exchange A Accept Q Search FinCom Spike Co O: Import Delete E: Export M: Share p: print x Fl: Help F2: period Company Name (alias) Firefo Under Googl Chron Micros lyp Unity Quit IA Godown IR MA T4 • Primary FIO: Other Masters More Details Configure nt to •elati c2524 9b89b -c082 Hub" , " : "6b 9b89b -c082 . '2.3 tion_ 24978 isten corre 2fcfc nning ' , "sou Oad7- age" , " : "6b Windows Server 2025 Datacenter Build 26100.ge_release240331-1435 9:17 PM 10/8/2026
[mh] T-Godown5 the alteration form open is 'IA Godown IR', not 'MA Godown 1R': left
[shot] tds-164-mgw0 (1024x768)
[21:17:22] [tds] screen tds-164-mgw0 : Recyc TallyPrime MANAGE EDU K: Company Y: Data Location Alteration Z: Exchange A Accept Q Search FinCom Spike Co O: Import Delete E: Export M: Share p: print x Fl: Help F2: period Company Name (alias) Firefo Under Googl Chron Micros lyp Unity Quit IA Godown IR MA T4 • Primary FIO: Other Masters More Details Configure nt to •elati c2524 9b89b -c082 Hub" , " : "6b 9b89b -c082 . '2.3 tion_ 24978 isten corre 2fcfc nning ' , "sou Oad7- age" , " : "6b Windows Server 2025 Datacenter Build 26100.ge_release240331-1435 9:17 PM 10/8/2026
[keys] '{ESC}' -> Tally 'TallyPrime:9000'
[shot] tds-165-mgw1 (1024x768)
[21:17:25] [tds] screen tds-165-mgw1 : Recyc TallyPrime MANAGE EDU K: Company Location Alteration Y: Data Z: Exchange A Accept Q Search E: Export FinCom Spike Co O: Import Delete M: Share p: print x Fl: Help F2: period Company Name (alias) Firefo Under Googl Chron Micros lyp Unity Quit MA T4 • Primary FIO: Other Masters More Details Configure nt to •elati c2524 9b89b -c082 Hub" , " : "6b 9b89b -c082 . '2.3 tion_ 24978 isten corre 2fcfc nning ' , "sou Oad7- age" , " : "6b Windows Server 2025 Datacenter Build 26100.ge_release240331-1435 9:17 PM 10/8/2026
[keys] '{ESC}' -> Tally 'TallyPrime:9000'
[shot] tds-166-mgw2 (1024x768)
[21:17:27] [tds] screen tds-166-mgw2 : Recyc TallyPrime MANAGE EDU K: Company Location Alteration Y: Data Z: Exchange Quit o Yes or No O: Import E: Export M: Share p: print FinCom Spike Co x Fl: Help F2: period F3: Company Name (alias) Firefo Under Googl Chron Micros lyp Unity Q: Quit MA T4 • Primary FIO : Other Masters nt to •elati c2524 9b89b -c082 Hub" , " : "6b 9b89b -c082 . '2.3 tion_ 24978 isten corre 2fcfc nning ' , "sou Oad7- age" , " : "6b IA _ : Accept Q Search p: Delete l: More Details F 12: Configure Windows Server 2025 Datacenter Build 26100.ge_release240331-1435 9:17 PM 10/8/2026
[keys] 'n' -> Tally 'TallyPrime:9000'
[shot] tds-167-mgw3 (1024x768)
[21:17:31] [tds] screen tds-167-mgw3 : Recyc TallyPrime MANAGE EDU K: Company Location Alteration Y: Data Z: Exchange A Accept Q Search FinCom Spike Co O: Import Delete E: Export M: Share p: print x Fl: Help F2: period Company Name (alias) Firefo Under Googl Chron Micros lyp Unity Quit MA T4 • Primary FIO: Other Masters More Details Configure nt to •elati c2524 9b89b -c082 Hub" , " : "6b 9b89b -c082 . '2.3 tion_ 24978 isten corre 2fcfc nning ' , "sou Oad7- age" , " : "6b Windows Server 2025 Datacenter Build 26100.ge_release240331-1435 9:17 PM 10/8/2026
[keys] '{ESC}' -> Tally 'TallyPrime:9000'
[shot] tds-168-mgw4 (1024x768)
[21:17:33] [tds] screen tds-168-mgw4 : Recyc TallyPrime MANAGE EDU K: Company Location Alteration Y: Data Z: Exchange Quit o Yes or No O: Import E: Export M: Share p: print FinCom Spike Co x Fl: Help F2: period F3: Company Name (alias) Firefo Under Googl Chron Micros lyp Unity Q: Quit MA T4 • Primary FIO : Other Masters nt to •elati c2524 9b89b -c082 Hub" , " : "6b 9b89b -c082 . '2.3 tion_ 24978 isten corre 2fcfc nning ' , "sou Oad7- age" , " : "6b IA _ : Accept Q Search p: Delete l: More Details F 12: Configure Windows Server 2025 Datacenter Build 26100.ge_release240331-1435 9:17 PM 10/8/2026
[keys] 'n' -> Tally 'TallyPrime:9000'
[shot] tds-169-mgw5 (1024x768)
[21:17:37] [tds] screen tds-169-mgw5 : Recyc TallyPrime MANAGE EDU K: Company Location Alteration Y: Data Z: Exchange A Accept Q Search FinCom Spike Co O: Import Delete E: Export M: Share p: print x Fl: Help F2: period Company Name (alias) Firefo Under Googl Chron Micros lyp Unity Quit MA T4 • Primary FIO: Other Masters More Details Configure nt to •elati c2524 9b89b -c082 Hub" , " : "6b 9b89b -c082 . '2.3 tion_ 24978 isten corre 2fcfc nning ' , "sou Oad7- age" , " : "6b Windows Server 2025 Datacenter Build 26100.ge_release240331-1435 9:17 PM 10/8/2026
[keys] '{ESC}' -> Tally 'TallyPrime:9000'
[shot] tds-170-mgw6 (1024x768)
[21:17:39] [tds] screen tds-170-mgw6 : Recyc TallyPrime MANAGE EDU K: Company Location Alteration Y: Data Z: Exchange Quit o Yes or No O: Import E: Export M: Share p: print FinCom Spike Co x Fl: Help F2: period F3: Company Name (alias) Firefo Under Googl Chron Micros lyp Unity Q: Quit MA T4 • Primary FIO : Other Masters nt to •elati c2524 9b89b -c082 Hub" , " : "6b 9b89b -c082 . '2.3 tion_ 24978 isten corre 2fcfc nning ' , "sou Oad7- age" , " : "6b IA _ : Accept Q Search p: Delete l: More Details F 12: Configure Windows Server 2025 Datacenter Build 26100.ge_release240331-1435 9:17 PM 10/8/2026
[keys] 'n' -> Tally 'TallyPrime:9000'
[shot] tds-171-mgw7 (1024x768)
[21:17:43] [tds] screen tds-171-mgw7 : Recyc TallyPrime MANAGE EDU K: Company Location Alteration Y: Data Z: Exchange A Accept Q Search FinCom Spike Co O: Import Delete E: Export M: Share p: print x Fl: Help F2: period Company Name (alias) Firefo Under Googl Chron Micros lyp Unity Quit MA T4 • Primary FIO: Other Masters More Details Configure nt to •elati c2524 9b89b -c082 Hub" , " : "6b 9b89b -c082 . '2.3 tion_ 24978 isten corre 2fcfc nning ' , "sou Oad7- age" , " : "6b Windows Server 2025 Datacenter Build 26100.ge_release240331-1435 9:17 PM 10/8/2026
[keys] '{ESC}' -> Tally 'TallyPrime:9000'
[21:17:45] [tds] the Gateway not reached (after the timing): Tally started again
[keys] 'a' -> Tally 'TallyPrime:9000'
[keys] 't' -> Tally 'TallyPrime:9000'
[shot] tds-172-mh-start-0 (1024x768)
[21:18:19] [tds] screen tds-172-mh-start-0 : TallyPrime MANAGE Recyc EDU K: Company Gatewa of Tall Y: Data Z: Exchange CURRENT OATE Wednesday, I-Apr-2026 O: Import E: Export M: Share p: print Fl: Help Date Company Firefo Googl Chro Micros 46 IypÅ Unity CURRENT PERIOD I-Apr-26 to 31-Mar-27 NAME OF COMPANY FinCom Spike Co Gateway of Tally MASTERS Create Alter CHart of Accounts TRANSACTIONS Vouchers Day 800K UTILITIES BaNking REPORTS Balance Sheet Profit & Loss A/c Stock Summary Ratio Analysis Display More Reports DashbOard Quit 161 nt to •elati c2524 9b89b -c082 Hub" , " : "6b 9b89b -c082 tion_ 24978 isten corre 2fcfc nning ' , "sou Oad7- ...
  INFO mh A save time Godown (alter, Ctrl+A to Tally's ALTMSTID moved): 28.5, 35.2, 29, 28.7, -1 ms
[shot] tds-173-mgw0 (1024x768)
[21:18:20] [tds] screen tds-173-mgw0 : TallyPrime MANAGE Recyc EDU K: Company Gatewa of Tall Y: Data Z: Exchange CURRENT OATE Wednesday, I-Apr-2026 O: Import E: Export M: Share p: print Fl: Help Date Company Firefo Googl Chro Micros 46 IypÅ Unity CURRENT PERIOD I-Apr-26 to 31-Mar-27 NAME OF COMPANY FinCom Spike Co Gateway of Tally MASTERS Create Alter CHart of Accounts TRANSACTIONS Vouchers Day 800K UTILITIES BaNking REPORTS Balance Sheet Profit & Loss A/c Stock Summary Ratio Analysis Display More Reports DashbOard Quit 161 nt to •elati c2524 9b89b -c082 Hub" , " : "6b 9b89b -c082 tion_ 24978 isten corre 2fcfc nning ' , "sou Oad7- ...
[keys] 'a' -> Tally 'TallyPrime:9000'
[keys] '{BACKSPACE}{BACKSPACE}{BACKSPACE}{BACKSPACE}{BACKSPACE}{BACKSPACE}{BACKSPACE}{BACKSPACE}{BACKSPACE}{BACKSPACE}{BACKSPACE}{BACKSPACE}{BACKSPACE}{BACKSPACE}{BACKSPACE}{BACKSPACE}{BACKSPACE}{BACKSPACE}{BACKSPACE}{BACKSPACE}' -> Tally 'TallyPrime:9000'
[keys] 'Stock Item' -> Tally 'TallyPrime:9000'
[keys] '{ENTER}' -> Tally 'TallyPrime:9000'
[keys] 'MA Item 1R' -> Tally 'TallyPrime:9000'
[keys] '{ENTER}' -> Tally 'TallyPrime:9000'
[shot] mh-0306-T-StockItem1-form (1024x768)
[mh] mh-0306-T-StockItem1-form: field 137,116,241x15 left 'Name' heads 'Stock Item Alteration / K: Company Y: Data / Z: Exchange' value 'MA Item IR' (boxes: 137,116,241x15[Name|Stock Item Alteration/K: Company Y: Data/Z: Exchange]) | TallyPrime MANAGE Recyc EDU K: Company Y: Data Stock Item Alteration Z: Exchange primary Not Applicable O: Import E: Export M: Share p: print x Name (alias) Firefo Under Googl Units Chro Micros 46 IypÅ Unity Quit MA Item IR FinCom • ke Co Statutory Details GST applicability HSWSAC & Related Details HSN/SAC Details Source of details HSN/SAC Description GST Rate & Related Details GST Rate Details Source of details Taxability Type GST Rate Type of Supply Fl: Help F2: period Company • Applicable As per Company/Stock Group Not Available As per Company/Stock Group Not Available Goods 1 FIO: Other Masters Quantity 161 nt to •elati c2524 9b89b -c082 Hub" , " : "6b 9b89b -c082 tion_ 24978 isten corre 2fcfc nning ' , "sou Oad7- age" , " : "6b Opening Balance Accept Q Search Rate per Ip: Delete Value More Details B Get HSN 'SAC Info Configure Windows Server 2025 Datacenter Build 26100.ge_release240331-1435 9:18 PM 10/8/2026
[shot] mh-0307-T1-w1 (1024x768)
[mh] mh-0307-T1-w1: field 137,116,241x15 left 'Name' heads 'Stock Item Alteration / K: Company Y: Data / Z: Exchange' value 'Item IR' (boxes: 137,116,241x15[Name|Stock Item Alteration/K: Company Y: Data/Z: Exchange]) | TallyPrime MANAGE Recyc EDU K: Company Y: Data Stock Item Alteration Z: Exchange primary Not Applicable O: Import E: Export M: Share p: print x Name (alias) Firefo Under Googl Units Chro Micros 46 IypÅ Unity Quit Item IR FinCom • ke Co Statutory Details GST applicability HSWSAC & Related Details HSN/SAC Details Source of details HSN/SAC Description GST Rate & Related Details GST Rate Details Source of details Taxability Type GST Rate Type of Supply Fl: Help F2: period Company • Applicable As per Company/Stock Group Not Available As per Company/Stock Group Not Available Goods 1 FIO: Other Masters Quantity 161 nt to •elati c2524 9b89b -c082 Hub" , " : "6b 9b89b -c082 tion_ 24978 isten corre 2fcfc nning ' , "sou Oad7- age" , " : "6b Opening Balance Accept Q Search Rate per Ip: Delete Value More Details B Get HSN 'SAC Info Configure Windows Server 2025 Datacenter Build 26100.ge_release240331-1435 9:18 PM 10/8/2026
[keys] '{ENTER}' -> Tally 'TallyPrime:9000'
[shot] mh-0308-T1-w2 (1024x768)
[mh] mh-0308-T1-w2: field 137,133,241x15 left '' heads 'Stock Item Alteration / K: Company Y: Data / Z: Exchange' value '' (boxes: 137,133,241x15[|Stock Item Alteration/K: Company Y: Data/Z: Exchange]) | TallyPrime MANAGE Recyc EDU K: Company Y: Data Stock Item Alteration Z: Exchange primary Not Applicable O: Import E: Export M: Share p: print x FinCom • ke Co Statutory Details GST applicability HSWSAC & Related Details HSN/SAC Details Source of details HSN/SAC Description GST Rate & Related Details GST Rate Details Source of details Taxability Type GST Rate Type of Supply Fl: Help F2: period Company Firefo Under Googl Units Chro Micros 46 IypÅ Unity Quit • Applicable As per Company/Stock Group Not Available As per Company/Stock Group Not Available Goods 1 FIO: Other Masters Quantity 161 nt to •elati c2524 9b89b -c082 Hub" , " : "6b 9b89b -c082 tion_ 24978 isten corre 2fcfc nning ' , "sou Oad7- age" , " : "6b Opening Balance Accept Q Search Rate per Ip: Delete Value More Details B Get HSN 'SAC Info Configure Windows Server 2025 Datacenter Build 26100.ge_release240331-1435 9:18 PM 10/8/2026
[keys] '{ENTER}' -> Tally 'TallyPrime:9000'
[shot] mh-0309-T1-w3 (1024x768)
[mh] mh-0309-T1-w3: field 280,242,186x15 left 'Under' heads 'FinCom • ke Co / Z: Exchange' value 'Primary' (boxes: 280,242,186x15[Under|FinCom • ke Co/Z: Exchange]) | TallyPrime MANAGE Recyc EDU K: Company Y: Data Stock Item Alteration Z: Exchange Primary Not Applicable FinCom • ke Co Statutory Detail GST applicability HSWSAC & Rel HSN/SAC Detail Source of detail HSN/SAC Description GST Rate & Re GST Rate Detail Source of detail Taxability Type GST Rate Type of Supply O: Import List of Grou s • Primary E: Export M: Share Name (alias) Firefo Under Googl Units Chro Micros 46 IypÅ Unity Quit MA Item IR p: print x Create Fl: Help F2: period Company FIO: Other Masters Quantity 161 nt to •elati c2524 9b89b -c082 Hub" , " : "6b 9b89b -c082 tion_ 24978 isten corre 2fcfc nning ' , "sou Oad7- age" , " : "6b Opening Balance Accept Q Search Rate per Ip: Delete More Details B Get HSN 'SAC Info Configure Windows Server 2025 Datacenter Build 26100.ge_release240331-1435 9:18 PM 10/8/2026
[keys] '{ENTER}' -> Tally 'TallyPrime:9000'
[shot] mh-0310-T1-w4 (1024x768)
[mh] mh-0310-T1-w4: field none left '' heads '' value '' (boxes: ) | TallyPrime MANAGE Recyc EDU K: Company Y: Data Stock Item Alteration Z: Exchange primary FinCom • ke Co Units Not Applicable Days Kgs Nos Description O: Import Create ils E: Export M: Share p: print x Name (alias) Firefo Under Googl Units Chro Micros 46 IypÅ Unity Quit MA Item IR Fl: Help F2: period Company • Applicable As per Company/Stock Group Not Available As per Company/Stock Group Not Available Goods 1 FIO: Other Masters GST Rate & Related Details GST Rate Details Source of details Taxability Type GST Rate Type of Supply Quantity 161 nt to •elati c2524 9b89b -c082 Hub" , " : "6b 9b89b -c082 tion_ 24978 isten corre 2fcfc nning ' , "sou Oad7- age" , " : "6b Opening Balance Accept Q Search Rate per Ip: Delete Value More Details B Get HSN 'SAC Info Configure Windows Server 2025 Datacenter Build 26100.ge_release240331-1435 9:18 PM 10/8/2026
[keys] '{ENTER}' -> Tally 'TallyPrime:9000'
[keys] '' -> Tally 'TallyPrime:9000'
[shot] mh-0311-T-StockItem1-savedT (1024x768)
[mh] mh-0311-T-StockItem1-savedT: field 341,142,245x16 left '' heads 'Master Alteration / FinCom • ke Co / Z: Exchange' value '' (boxes: 341,142,245x16[|Master Alteration/FinCom • ke Co/Z: Exchange]) | Recyc TallyPrime MANAGE EDU K: Company Y: Data Z: Exchange FinCom • ke Co Master Alteration List of Stock Items MA Item IR O: Import Create Back E: Export M: Share p: print Firefo Googl Chron Micros lyp Unity Quit x Fl: Help nt to •elati c2524 9b89b -c082 Hub" , " : "6b 9b89b -c082 : '2.3 tion_ 24978 isten corre 2fcfc nning ' , "sou Oad7- age" , " : "6b Q Search Windows Server 2025 Datacenter Build 26100.ge_release240331-1435 9:18 PM 10/8/2026
[mh] T-StockItem1 Ctrl+A to ALTMSTID moved (243 ->): 25.6 ms
[shot] tds-174-mgw0 (1024x768)
[21:18:47] [tds] screen tds-174-mgw0 : Recyc TallyPrime MANAGE EDU K: Company Y: Data Z: Exchange FinCom • ke Co Master Alteration List of Stock Items MA Item IR O: Import Create Back E: Export M: Share p: print Firefo Googl Chron Micros lyp Unity Quit x Fl: Help nt to •elati c2524 9b89b -c082 Hub" , " : "6b 9b89b -c082 : '2.3 tion_ 24978 isten corre 2fcfc nning ' , "sou Oad7- age" , " : "6b Q Search Windows Server 2025 Datacenter Build 26100.ge_release240331-1435 9:18 PM 10/8/2026
[keys] '{ESC}' -> Tally 'TallyPrime:9000'
[shot] tds-175-mgw1 (1024x768)
[21:18:50] [tds] screen tds-175-mgw1 : TallyPrime MANAGE Recyc EDU Firefo Googl Chron Micros Unity Quit K: Company Y: Data Z: Exchange FinCom • ke Co Master Alteration List of Masters Accounting Masters Group Ledger Cost Centre Currency Voucher Type Inventory Masters Stock Group Stock Category Stock Item Unit Location Payroll Masters Employee Group Employee Units (Work) Attendance/Production Type Pay Heads Payroll Voucher Type Statutory Masters GST Registration GST Classification Statutory Details Company GST Details O: Import Change Company Expand All Show More E: Export M: Share Q Search 161 p: print Fl: Help x nt to •elati c2524...
[keys] '{ESC}' -> Tally 'TallyPrime:9000'
[shot] tds-176-mgw2 (1024x768)
[21:18:53] [tds] screen tds-176-mgw2 : TallyPrime MANAGE Recyc EDU K: Company Gatewa of Tall Y: Data Z: Exchange CURRENT OATE Wednesday, I-Apr-2026 O: Import E: Export M: Share p: print Fl: Help Date Company Firefo Googl Chro Micros 46 IypÅ Unity CURRENT PERIOD I-Apr-26 to 31-Mar-27 NAME OF COMPANY FinCom Spike Co Gateway of Tally MASTERS Create Alter CHart of Accounts TRANSACTIONS Vouchers Day 800K UTILITIES BaNking REPORTS Balance Sheet Profit & Loss A/c Stock Summary Ratio Analysis Display More Reports DashbOard Quit 161 nt to •elati c2524 9b89b -c082 Hub" , " : "6b 9b89b -c082 tion_ 24978 isten corre 2fcfc nning ' , "sou Oad7- ...
[keys] 'a' -> Tally 'TallyPrime:9000'
[keys] '{BACKSPACE}{BACKSPACE}{BACKSPACE}{BACKSPACE}{BACKSPACE}{BACKSPACE}{BACKSPACE}{BACKSPACE}{BACKSPACE}{BACKSPACE}{BACKSPACE}{BACKSPACE}{BACKSPACE}{BACKSPACE}{BACKSPACE}{BACKSPACE}{BACKSPACE}{BACKSPACE}{BACKSPACE}{BACKSPACE}' -> Tally 'TallyPrime:9000'
[keys] 'Stock Item' -> Tally 'TallyPrime:9000'
[keys] '{ENTER}' -> Tally 'TallyPrime:9000'
[keys] 'MA Item 1R' -> Tally 'TallyPrime:9000'
[keys] '{ENTER}' -> Tally 'TallyPrime:9000'
[shot] mh-0312-T-StockItem2-form (1024x768)
[mh] mh-0312-T-StockItem2-form: field 137,116,241x15 left 'Name' heads 'Stock Item Alteration / K: Company Y: Data / Z: Exchange' value 'MA Item IR' (boxes: 137,116,241x15[Name|Stock Item Alteration/K: Company Y: Data/Z: Exchange]) | TallyPrime MANAGE Recyc EDU K: Company Y: Data Stock Item Alteration Z: Exchange primary Not Applicable O: Import E: Export M: Share p: print x Name (alias) Firefo Under Googl Units Chro Micros 46 IypÅ Unity Quit MA Item IR FinCom • ke Co Statutory Details GST applicability HSWSAC & Related Details HSN/SAC Details Source of details HSN/SAC Description GST Rate & Related Details GST Rate Details Source of details Taxability Type GST Rate Type of Supply Fl: Help F2: period Company • Applicable As per Company/Stock Group Not Available As per Company/Stock Group Not Available Goods 1 FIO: Other Masters Quantity 161 nt to •elati c2524 9b89b -c082 Hub" , " : "6b 9b89b -c082 tion_ 24978 isten corre 2fcfc nning ' , "sou Oad7- age" , " : "6b Opening Balance Accept Q Search Rate per Ip: Delete Value More Details B Get HSN 'SAC Info Configure Windows Server 2025 Datacenter Build 26100.ge_release240331-1435 9:19 PM 10/8/2026
[shot] mh-0313-T2-w1 (1024x768)
[mh] mh-0313-T2-w1: field 137,116,241x15 left 'Name' heads 'Stock Item Alteration / K: Company Y: Data / Z: Exchange' value 'MA Item IR' (boxes: 137,116,241x15[Name|Stock Item Alteration/K: Company Y: Data/Z: Exchange]) | TallyPrime MANAGE Recyc EDU K: Company Y: Data Stock Item Alteration Z: Exchange primary Not Applicable O: Import E: Export M: Share p: print x Name (alias) Firefo Under Googl Units Chro Micros 46 IypÅ Unity Quit MA Item IR FinCom • ke Co Statutory Details GST applicability HSWSAC & Related Details HSN/SAC Details Source of details HSN/SAC Description GST Rate & Related Details GST Rate Details Source of details Taxability Type GST Rate Type of Supply Fl: Help F2: period Company • Applicable As per Company/Stock Group Not Available As per Company/Stock Group Not Available Goods 1 FIO: Other Masters Quantity 161 nt to •elati c2524 9b89b -c082 Hub" , " : "6b 9b89b -c082 tion_ 24978 isten corre 2fcfc nning ' , "sou Oad7- age" , " : "6b Opening Balance Accept Q Search Rate per Ip: Delete Value More Details B Get HSN 'SAC Info Configure Windows Server 2025 Datacenter Build 26100.ge_release240331-1435 9:19 PM 10/8/2026
[keys] '{ENTER}' -> Tally 'TallyPrime:9000'
[shot] mh-0314-T2-w2 (1024x768)
[mh] mh-0314-T2-w2: field 137,133,241x15 left '' heads 'Stock Item Alteration / K: Company Y: Data / Z: Exchange' value '' (boxes: 137,133,241x15[|Stock Item Alteration/K: Company Y: Data/Z: Exchange]) | TallyPrime MANAGE Recyc EDU K: Company Y: Data Stock Item Alteration Z: Exchange primary Not Applicable O: Import E: Export M: Share p: print x FinCom • ke Co Statutory Details GST applicability HSWSAC & Related Details HSN/SAC Details Source of details HSN/SAC Description GST Rate & Related Details GST Rate Details Source of details Taxability Type GST Rate Type of Supply Fl: Help F2: period Company Firefo Under Googl Units Chro Micros 46 IypÅ Unity Quit • Applicable As per Company/Stock Group Not Available As per Company/Stock Group Not Available Goods 1 FIO: Other Masters Quantity 161 nt to •elati c2524 9b89b -c082 Hub" , " : "6b 9b89b -c082 tion_ 24978 isten corre 2fcfc nning ' , "sou Oad7- age" , " : "6b Opening Balance Accept Q Search Rate per Ip: Delete Value More Details B Get HSN 'SAC Info Configure Windows Server 2025 Datacenter Build 26100.ge_release240331-1435 9:19 PM 10/8/2026
[keys] '{ENTER}' -> Tally 'TallyPrime:9000'
[shot] mh-0315-T2-w3 (1024x768)
[mh] mh-0315-T2-w3: field 280,242,186x15 left 'Under' heads 'FinCom • ke Co / Z: Exchange' value 'Primary' (boxes: 280,242,186x15[Under|FinCom • ke Co/Z: Exchange]) | TallyPrime MANAGE Recyc EDU K: Company Y: Data Stock Item Alteration Z: Exchange Primary Not Applicable FinCom • ke Co Statutory Detail GST applicability HSWSAC & Rel HSN/SAC Detail Source of detail HSN/SAC Description GST Rate & Re GST Rate Detail Source of detail Taxability Type GST Rate Type of Supply O: Import List of Grou s • Primary E: Export M: Share Name (alias) Firefo Under Googl Units Chro Micros 46 IypÅ Unity Quit MA Item IR p: print x Create Fl: Help F2: period Company FIO: Other Masters Quantity 161 nt to •elati c2524 9b89b -c082 Hub" , " : "6b 9b89b -c082 tion_ 24978 isten corre 2fcfc nning ' , "sou Oad7- age" , " : "6b Opening Balance Accept Q Search Rate per Ip: Delete More Details B Get HSN 'SAC Info Configure Windows Server 2025 Datacenter Build 26100.ge_release240331-1435 9:19 PM 10/8/2026
[keys] '{ENTER}' -> Tally 'TallyPrime:9000'
[shot] mh-0316-T2-w4 (1024x768)
[mh] mh-0316-T2-w4: field none left '' heads '' value '' (boxes: ) | TallyPrime MANAGE Recyc EDU K: Company Y: Data Stock Item Alteration Z: Exchange primary FinCom • ke Co Units Not Applicable Days Kgs Nos Description O: Import Create ils E: Export M: Share p: print x Name (alias) Firefo Under Googl Units Chro Micros 46 IypÅ Unity Quit MA Item IR Fl: Help F2: period Company • Applicable As per Company/Stock Group Not Available As per Company/Stock Group Not Available Goods 1 FIO: Other Masters GST Rate & Related Details GST Rate Details Source of details Taxability Type GST Rate Type of Supply Quantity 161 nt to •elati c2524 9b89b -c082 Hub" , " : "6b 9b89b -c082 tion_ 24978 isten corre 2fcfc nning ' , "sou Oad7- age" , " : "6b Opening Balance Accept Q Search Rate per Ip: Delete Value More Details B Get HSN 'SAC Info Configure Windows Server 2025 Datacenter Build 26100.ge_release240331-1435 9:19 PM 10/8/2026
[keys] '{ENTER}' -> Tally 'TallyPrime:9000'
[keys] '' -> Tally 'TallyPrime:9000'
[shot] mh-0317-T-StockItem2-savedT (1024x768)
[mh] mh-0317-T-StockItem2-savedT: field 341,142,245x16 left '' heads 'Master Alteration / FinCom • ke Co / Z: Exchange' value '' (boxes: 341,142,245x16[|Master Alteration/FinCom • ke Co/Z: Exchange]) | Recyc TallyPrime MANAGE EDU K: Company Y: Data Z: Exchange FinCom • ke Co Master Alteration List of Stock Items MA Item IR O: Import Create Back E: Export M: Share p: print Firefo Googl Chron Micros lyp Unity Quit x Fl: Help nt to •elati c2524 9b89b -c082 Hub" , " : "6b 9b89b -c082 : '2.3 tion_ 24978 isten corre 2fcfc nning ' , "sou Oad7- age" , " : "6b Q Search Windows Server 2025 Datacenter Build 26100.ge_release240331-1435 9:19 PM 10/8/2026
[mh] T-StockItem2 Ctrl+A to ALTMSTID moved (244 ->): 23.8 ms
[shot] tds-177-mgw0 (1024x768)
[21:19:21] [tds] screen tds-177-mgw0 : Recyc TallyPrime MANAGE EDU K: Company Y: Data Z: Exchange FinCom • ke Co Master Alteration List of Stock Items MA Item IR O: Import Create Back E: Export M: Share p: print Firefo Googl Chron Micros lyp Unity Quit x Fl: Help nt to •elati c2524 9b89b -c082 Hub" , " : "6b 9b89b -c082 : '2.3 tion_ 24978 isten corre 2fcfc nning ' , "sou Oad7- age" , " : "6b Q Search Windows Server 2025 Datacenter Build 26100.ge_release240331-1435 9:19 PM 10/8/2026
[keys] '{ESC}' -> Tally 'TallyPrime:9000'
[shot] tds-178-mgw1 (1024x768)
[21:19:23] [tds] screen tds-178-mgw1 : TallyPrime MANAGE Recyc EDU Firefo Googl Chron Micros Unity Quit K: Company Y: Data Z: Exchange FinCom • ke Co Master Alteration List of Masters Accounting Masters Group Ledger Cost Centre Currency Voucher Type Inventory Masters Stock Group Stock Category Stock Item Unit Location Payroll Masters Employee Group Employee Units (Work) Attendance/Production Type Pay Heads Payroll Voucher Type Statutory Masters GST Registration GST Classification Statutory Details Company GST Details O: Import Change Company Expand All Show More E: Export M: Share Q Search 161 p: print Fl: Help x nt to •elati c2524...
[keys] '{ESC}' -> Tally 'TallyPrime:9000'
[shot] tds-179-mgw2 (1024x768)
[21:19:26] [tds] screen tds-179-mgw2 : TallyPrime MANAGE Recyc EDU K: Company Gatewa of Tall Y: Data Z: Exchange CURRENT OATE Wednesday, I-Apr-2026 O: Import E: Export M: Share p: print Fl: Help Date Company Firefo Googl Chro Micros 46 IypÅ Unity CURRENT PERIOD I-Apr-26 to 31-Mar-27 NAME OF COMPANY FinCom Spike Co Gateway of Tally MASTERS Create Alter CHart of Accounts TRANSACTIONS Vouchers Day 800K UTILITIES BaNking REPORTS Balance Sheet Profit & Loss A/c Stock Summary Ratio Analysis Display More Reports DashbOard Quit 161 nt to •elati c2524 9b89b -c082 Hub" , " : "6b 9b89b -c082 tion_ 24978 isten corre 2fcfc nning ' , "sou Oad7- ...
[keys] 'a' -> Tally 'TallyPrime:9000'
[keys] '{BACKSPACE}{BACKSPACE}{BACKSPACE}{BACKSPACE}{BACKSPACE}{BACKSPACE}{BACKSPACE}{BACKSPACE}{BACKSPACE}{BACKSPACE}{BACKSPACE}{BACKSPACE}{BACKSPACE}{BACKSPACE}{BACKSPACE}{BACKSPACE}{BACKSPACE}{BACKSPACE}{BACKSPACE}{BACKSPACE}' -> Tally 'TallyPrime:9000'
[keys] 'Stock Item' -> Tally 'TallyPrime:9000'
[keys] '{ENTER}' -> Tally 'TallyPrime:9000'
[keys] 'MA Item 1R' -> Tally 'TallyPrime:9000'
[keys] '{ENTER}' -> Tally 'TallyPrime:9000'
[shot] mh-0318-T-StockItem3-form (1024x768)
[mh] mh-0318-T-StockItem3-form: field 137,116,241x15 left 'Name' heads 'Stock Item Alteration / K: Company Y: Data / Z: Exchange' value 'MA Item IR' (boxes: 137,116,241x15[Name|Stock Item Alteration/K: Company Y: Data/Z: Exchange]) | TallyPrime MANAGE Recyc EDU K: Company Y: Data Stock Item Alteration Z: Exchange primary Not Applicable O: Import E: Export M: Share p: print x Name (alias) Firefo Under Googl Units Chro Micros 46 IypÅ Unity Quit MA Item IR FinCom • ke Co Statutory Details GST applicability HSWSAC & Related Details HSN/SAC Details Source of details HSN/SAC Description GST Rate & Related Details GST Rate Details Source of details Taxability Type GST Rate Type of Supply Fl: Help F2: period Company • Applicable As per Company/Stock Group Not Available As per Company/Stock Group Not Available Goods 1 FIO: Other Masters Quantity 161 nt to •elati c2524 9b89b -c082 Hub" , " : "6b 9b89b -c082 tion_ 24978 isten corre 2fcfc nning ' , "sou Oad7- age" , " : "6b Opening Balance Accept Q Search Rate per Ip: Delete Value More Details B Get HSN 'SAC Info Configure Windows Server 2025 Datacenter Build 26100.ge_release240331-1435 9:19 PM 10/8/2026
[shot] mh-0319-T3-w1 (1024x768)
[mh] mh-0319-T3-w1: field 137,116,241x15 left 'Name' heads 'Stock Item Alteration / K: Company Y: Data / Z: Exchange' value 'Item IR' (boxes: 137,116,241x15[Name|Stock Item Alteration/K: Company Y: Data/Z: Exchange]) | TallyPrime MANAGE Recyc EDU K: Company Y: Data Stock Item Alteration Z: Exchange primary Not Applicable O: Import E: Export M: Share p: print x Name (alias) Firefo Under Googl Units Chro Micros 46 IypÅ Unity Quit Item IR FinCom • ke Co Statutory Details GST applicability HSWSAC & Related Details HSN/SAC Details Source of details HSN/SAC Description GST Rate & Related Details GST Rate Details Source of details Taxability Type GST Rate Type of Supply Fl: Help F2: period Company • Applicable As per Company/Stock Group Not Available As per Company/Stock Group Not Available Goods 1 FIO: Other Masters Quantity 161 nt to •elati c2524 9b89b -c082 Hub" , " : "6b 9b89b -c082 tion_ 24978 isten corre 2fcfc nning ' , "sou Oad7- age" , " : "6b Opening Balance Accept Q Search Rate per Ip: Delete Value More Details B Get HSN 'SAC Info Configure Windows Server 2025 Datacenter Build 26100.ge_release240331-1435 9:19 PM 10/8/2026
[keys] '{ENTER}' -> Tally 'TallyPrime:9000'
[shot] mh-0320-T3-w2 (1024x768)
[mh] mh-0320-T3-w2: field 137,133,241x15 left '' heads 'Stock Item Alteration / K: Company Y: Data / Z: Exchange' value '' (boxes: 137,133,241x15[|Stock Item Alteration/K: Company Y: Data/Z: Exchange]) | TallyPrime MANAGE Recyc EDU K: Company Y: Data Stock Item Alteration Z: Exchange primary Not Applicable O: Import E: Export M: Share p: print x FinCom • ke Co Statutory Details GST applicability HSWSAC & Related Details HSN/SAC Details Source of details HSN/SAC Description GST Rate & Related Details GST Rate Details Source of details Taxability Type GST Rate Type of Supply Fl: Help F2: period Company Firefo Under Googl Units Chro Micros 46 IypÅ Unity Quit • Applicable As per Company/Stock Group Not Available As per Company/Stock Group Not Available Goods 1 FIO: Other Masters Quantity 161 nt to •elati c2524 9b89b -c082 Hub" , " : "6b 9b89b -c082 tion_ 24978 isten corre 2fcfc nning ' , "sou Oad7- age" , " : "6b Opening Balance Accept Q Search Rate per Ip: Delete Value More Details B Get HSN 'SAC Info Configure Windows Server 2025 Datacenter Build 26100.ge_release240331-1435 9:19 PM 10/8/2026
[keys] '{ENTER}' -> Tally 'TallyPrime:9000'
[shot] mh-0321-T3-w3 (1024x768)
[mh] mh-0321-T3-w3: field 280,242,186x15 left 'Under' heads 'FinCom • ke Co / Z: Exchange' value 'Primary' (boxes: 280,242,186x15[Under|FinCom • ke Co/Z: Exchange]) | TallyPrime MANAGE Recyc EDU K: Company Y: Data Stock Item Alteration Z: Exchange Primary Not Applicable FinCom • ke Co Statutory Detail GST applicability HSWSAC & Rel HSN/SAC Detail Source of detail HSN/SAC Description GST Rate & Re GST Rate Detail Source of detail Taxability Type GST Rate Type of Supply O: Import List of Grou s • Primary E: Export M: Share Name (alias) Firefo Under Googl Units Chro Micros 46 IypÅ Unity Quit MA Item IR p: print x Create Fl: Help F2: period Company FIO: Other Masters Quantity 161 nt to •elati c2524 9b89b -c082 Hub" , " : "6b 9b89b -c082 tion_ 24978 isten corre 2fcfc nning ' , "sou Oad7- age" , " : "6b Opening Balance Accept Q Search Rate per Ip: Delete More Details B Get HSN 'SAC Info Configure Windows Server 2025 Datacenter Build 26100.ge_release240331-1435 9:19 PM 10/8/2026
[keys] '{ENTER}' -> Tally 'TallyPrime:9000'
[shot] mh-0322-T3-w4 (1024x768)
[mh] mh-0322-T3-w4: field none left '' heads '' value '' (boxes: ) | TallyPrime MANAGE Recyc EDU K: Company Y: Data Stock Item Alteration Z: Exchange primary FinCom • ke Co Units Not Applicable Days Kgs Nos Description O: Import Create ils E: Export M: Share p: print x Name (alias) Firefo Under Googl Units Chro Micros 46 IypÅ Unity Quit MA Item IR Fl: Help F2: period Company • Applicable As per Company/Stock Group Not Available As per Company/Stock Group Not Available Goods 1 FIO: Other Masters GST Rate & Related Details GST Rate Details Source of details Taxability Type GST Rate Type of Supply Quantity 161 nt to •elati c2524 9b89b -c082 Hub" , " : "6b 9b89b -c082 tion_ 24978 isten corre 2fcfc nning ' , "sou Oad7- age" , " : "6b Opening Balance Accept Q Search Rate per Ip: Delete Value More Details B Get HSN 'SAC Info Configure Windows Server 2025 Datacenter Build 26100.ge_release240331-1435 9:19 PM 10/8/2026
[keys] '{ENTER}' -> Tally 'TallyPrime:9000'
[keys] '' -> Tally 'TallyPrime:9000'
[shot] mh-0323-T-StockItem3-savedT (1024x768)
[mh] mh-0323-T-StockItem3-savedT: field 341,142,245x16 left '' heads 'Master Alteration / FinCom • ke Co / Z: Exchange' value '' (boxes: 341,142,245x16[|Master Alteration/FinCom • ke Co/Z: Exchange]) | Recyc TallyPrime MANAGE EDU K: Company Y: Data Z: Exchange FinCom • ke Co Master Alteration List of Stock Items MA Item IR O: Import Create Back E: Export M: Share p: print Firefo Googl Chron Micros lyp Unity Quit x Fl: Help nt to •elati c2524 9b89b -c082 Hub" , " : "6b 9b89b -c082 : '2.3 tion_ 24978 isten corre 2fcfc nning ' , "sou Oad7- age" , " : "6b Q Search Windows Server 2025 Datacenter Build 26100.ge_release240331-1435 9:19 PM 10/8/2026
[mh] T-StockItem3 Ctrl+A to ALTMSTID moved (245 ->): 24.5 ms
[shot] tds-180-mgw0 (1024x768)
[21:19:54] [tds] screen tds-180-mgw0 : Recyc TallyPrime MANAGE EDU K: Company Y: Data Z: Exchange FinCom • ke Co Master Alteration List of Stock Items MA Item IR O: Import Create Back E: Export M: Share p: print Firefo Googl Chron Micros lyp Unity Quit x Fl: Help nt to •elati c2524 9b89b -c082 Hub" , " : "6b 9b89b -c082 : '2.3 tion_ 24978 isten corre 2fcfc nning ' , "sou Oad7- age" , " : "6b Q Search Windows Server 2025 Datacenter Build 26100.ge_release240331-1435 9:19 PM 10/8/2026
[keys] '{ESC}' -> Tally 'TallyPrime:9000'
[shot] tds-181-mgw1 (1024x768)
[21:19:56] [tds] screen tds-181-mgw1 : TallyPrime MANAGE Recyc EDU Firefo Googl Chron Micros Unity Quit K: Company Y: Data Z: Exchange FinCom • ke Co Master Alteration List of Masters Accounting Masters Group Ledger Cost Centre Currency Voucher Type Inventory Masters Stock Group Stock Category Stock Item Unit Location Payroll Masters Employee Group Employee Units (Work) Attendance/Production Type Pay Heads Payroll Voucher Type Statutory Masters GST Registration GST Classification Statutory Details Company GST Details O: Import Change Company Expand All Show More E: Export M: Share Q Search 161 p: print Fl: Help x nt to •elati c2524...
[keys] '{ESC}' -> Tally 'TallyPrime:9000'
[shot] tds-182-mgw2 (1024x768)
[21:19:59] [tds] screen tds-182-mgw2 : TallyPrime MANAGE Recyc EDU K: Company Gatewa of Tall Y: Data Z: Exchange CURRENT OATE Wednesday, I-Apr-2026 O: Import E: Export M: Share p: print Fl: Help Date Company Firefo Googl Chro Micros 46 IypÅ Unity CURRENT PERIOD I-Apr-26 to 31-Mar-27 NAME OF COMPANY FinCom Spike Co Gateway of Tally MASTERS Create Alter CHart of Accounts TRANSACTIONS Vouchers Day 800K UTILITIES BaNking REPORTS Balance Sheet Profit & Loss A/c Stock Summary Ratio Analysis Display More Reports DashbOard Quit 161 nt to •elati c2524 9b89b -c082 Hub" , " : "6b 9b89b -c082 tion_ 24978 isten corre 2fcfc nning ' , "sou Oad7- ...
[keys] 'a' -> Tally 'TallyPrime:9000'
[keys] '{BACKSPACE}{BACKSPACE}{BACKSPACE}{BACKSPACE}{BACKSPACE}{BACKSPACE}{BACKSPACE}{BACKSPACE}{BACKSPACE}{BACKSPACE}{BACKSPACE}{BACKSPACE}{BACKSPACE}{BACKSPACE}{BACKSPACE}{BACKSPACE}{BACKSPACE}{BACKSPACE}{BACKSPACE}{BACKSPACE}' -> Tally 'TallyPrime:9000'
[keys] 'Stock Item' -> Tally 'TallyPrime:9000'
[keys] '{ENTER}' -> Tally 'TallyPrime:9000'
[keys] 'MA Item 1R' -> Tally 'TallyPrime:9000'
[keys] '{ENTER}' -> Tally 'TallyPrime:9000'
[shot] mh-0324-T-StockItem4-form (1024x768)
[mh] mh-0324-T-StockItem4-form: field 137,116,241x15 left 'Name' heads 'Stock Item Alteration / K: Company Y: Data / Z: Exchange' value 'MA Item IR' (boxes: 137,116,241x15[Name|Stock Item Alteration/K: Company Y: Data/Z: Exchange]) | TallyPrime MANAGE Recyc EDU K: Company Y: Data Stock Item Alteration Z: Exchange primary Not Applicable O: Import E: Export M: Share p: print x Name (alias) Firefo Under Googl Units Chro Micros 46 IypÅ Unity Quit MA Item IR FinCom • ke Co Statutory Details GST applicability HSWSAC & Related Details HSN/SAC Details Source of details HSN/SAC Description GST Rate & Related Details GST Rate Details Source of details Taxability Type GST Rate Type of Supply Fl: Help F2: period Company • Applicable As per Company/Stock Group Not Available As per Company/Stock Group Not Available Goods 1 FIO: Other Masters Quantity 161 nt to •elati c2524 9b89b -c082 Hub" , " : "6b 9b89b -c082 tion_ 24978 isten corre 2fcfc nning ' , "sou Oad7- age" , " : "6b Opening Balance Accept Q Search Rate per Ip: Delete Value More Details B Get HSN 'SAC Info Configure Windows Server 2025 Datacenter Build 26100.ge_release240331-1435 9:20 PM 10/8/2026
[shot] mh-0325-T4-w1 (1024x768)
[mh] mh-0325-T4-w1: field 137,116,241x15 left 'Name' heads 'Stock Item Alteration / K: Company Y: Data / Z: Exchange' value 'MA Item IR' (boxes: 137,116,241x15[Name|Stock Item Alteration/K: Company Y: Data/Z: Exchange]) | TallyPrime MANAGE Recyc EDU K: Company Y: Data Stock Item Alteration Z: Exchange primary Not Applicable O: Import E: Export M: Share p: print x Name (alias) Firefo Under Googl Units Chro Micros 46 IypÅ Unity Quit MA Item IR FinCom • ke Co Statutory Details GST applicability HSWSAC & Related Details HSN/SAC Details Source of details HSN/SAC Description GST Rate & Related Details GST Rate Details Source of details Taxability Type GST Rate Type of Supply Fl: Help F2: period Company • Applicable As per Company/Stock Group Not Available As per Company/Stock Group Not Available Goods 1 FIO: Other Masters Quantity 161 nt to •elati c2524 9b89b -c082 Hub" , " : "6b 9b89b -c082 tion_ 24978 isten corre 2fcfc nning ' , "sou Oad7- age" , " : "6b Opening Balance Accept Q Search Rate per Ip: Delete Value More Details B Get HSN 'SAC Info Configure Windows Server 2025 Datacenter Build 26100.ge_release240331-1435 9:20 PM 10/8/2026
[keys] '{ENTER}' -> Tally 'TallyPrime:9000'
[shot] mh-0326-T4-w2 (1024x768)
[mh] mh-0326-T4-w2: field 137,133,241x15 left '' heads 'Stock Item Alteration / K: Company Y: Data / Z: Exchange' value '' (boxes: 137,133,241x15[|Stock Item Alteration/K: Company Y: Data/Z: Exchange]) | TallyPrime MANAGE Recyc EDU K: Company Y: Data Stock Item Alteration Z: Exchange primary Not Applicable O: Import E: Export M: Share p: print x FinCom • ke Co Statutory Details GST applicability HSWSAC & Related Details HSN/SAC Details Source of details HSN/SAC Description GST Rate & Related Details GST Rate Details Source of details Taxability Type GST Rate Type of Supply Fl: Help F2: period Company Firefo Under Googl Units Chro Micros 46 IypÅ Unity Quit • Applicable As per Company/Stock Group Not Available As per Company/Stock Group Not Available Goods 1 FIO: Other Masters Quantity 161 nt to •elati c2524 9b89b -c082 Hub" , " : "6b 9b89b -c082 tion_ 24978 isten corre 2fcfc nning ' , "sou Oad7- age" , " : "6b Opening Balance Accept Q Search Rate per Ip: Delete Value More Details B Get HSN 'SAC Info Configure Windows Server 2025 Datacenter Build 26100.ge_release240331-1435 9:20 PM 10/8/2026
[keys] '{ENTER}' -> Tally 'TallyPrime:9000'
[shot] mh-0327-T4-w3 (1024x768)
[mh] mh-0327-T4-w3: field 280,242,186x15 left 'Under' heads 'FinCom • ke Co / Z: Exchange' value 'Primary' (boxes: 280,242,186x15[Under|FinCom • ke Co/Z: Exchange]) | TallyPrime MANAGE Recyc EDU K: Company Y: Data Stock Item Alteration Z: Exchange Primary Not Applicable FinCom • ke Co Statutory Detail GST applicability HSWSAC & Rel HSN/SAC Detail Source of detail HSN/SAC Description GST Rate & Re GST Rate Detail Source of detail Taxability Type GST Rate Type of Supply O: Import List of Grou s • Primary E: Export M: Share Name (alias) Firefo Under Googl Units Chro Micros 46 IypÅ Unity Quit MA Item IR p: print x Create Fl: Help F2: period Company FIO: Other Masters Quantity 161 nt to •elati c2524 9b89b -c082 Hub" , " : "6b 9b89b -c082 tion_ 24978 isten corre 2fcfc nning ' , "sou Oad7- age" , " : "6b Opening Balance Accept Q Search Rate per Ip: Delete More Details B Get HSN 'SAC Info Configure Windows Server 2025 Datacenter Build 26100.ge_release240331-1435 9:20 PM 10/8/2026
[keys] '{ENTER}' -> Tally 'TallyPrime:9000'
[shot] mh-0328-T4-w4 (1024x768)
[mh] mh-0328-T4-w4: field none left '' heads '' value '' (boxes: ) | TallyPrime MANAGE Recyc EDU K: Company Y: Data Stock Item Alteration Z: Exchange primary FinCom • ke Co Units Not Applicable Days Kgs Nos Description O: Import Create ils E: Export M: Share p: print x Name (alias) Firefo Under Googl Units Chro Micros 46 IypÅ Unity Quit MA Item IR Fl: Help F2: period Company • Applicable As per Company/Stock Group Not Available As per Company/Stock Group Not Available Goods 1 FIO: Other Masters GST Rate & Related Details GST Rate Details Source of details Taxability Type GST Rate Type of Supply Quantity 161 nt to •elati c2524 9b89b -c082 Hub" , " : "6b 9b89b -c082 tion_ 24978 isten corre 2fcfc nning ' , "sou Oad7- age" , " : "6b Opening Balance Accept Q Search Rate per Ip: Delete Value More Details B Get HSN 'SAC Info Configure Windows Server 2025 Datacenter Build 26100.ge_release240331-1435 9:20 PM 10/8/2026
[keys] '{ENTER}' -> Tally 'TallyPrime:9000'
[keys] '' -> Tally 'TallyPrime:9000'
[shot] mh-0329-T-StockItem4-savedT (1024x768)
[mh] mh-0329-T-StockItem4-savedT: field 341,142,245x16 left '' heads 'Master Alteration / FinCom • ke Co / Z: Exchange' value '' (boxes: 341,142,245x16[|Master Alteration/FinCom • ke Co/Z: Exchange]) | Recyc TallyPrime MANAGE EDU K: Company Y: Data Z: Exchange FinCom • ke Co Master Alteration List of Stock Items MA Item IR O: Import Create Back E: Export M: Share p: print Firefo Googl Chron Micros lyp Unity Quit x Fl: Help nt to •elati c2524 9b89b -c082 Hub" , " : "6b 9b89b -c082 : '2.3 tion_ 24978 isten corre 2fcfc nning ' , "sou Oad7- age" , " : "6b Q Search Windows Server 2025 Datacenter Build 26100.ge_release240331-1435 9:20 PM 10/8/2026
[mh] T-StockItem4 Ctrl+A to ALTMSTID moved (246 ->): 24.1 ms
[shot] tds-183-mgw0 (1024x768)
[21:20:27] [tds] screen tds-183-mgw0 : Recyc TallyPrime MANAGE EDU K: Company Y: Data Z: Exchange FinCom • ke Co Master Alteration List of Stock Items MA Item IR O: Import Create Back E: Export M: Share p: print Firefo Googl Chron Micros lyp Unity Quit x Fl: Help nt to •elati c2524 9b89b -c082 Hub" , " : "6b 9b89b -c082 : '2.3 tion_ 24978 isten corre 2fcfc nning ' , "sou Oad7- age" , " : "6b Q Search Windows Server 2025 Datacenter Build 26100.ge_release240331-1435 9:20 PM 10/8/2026
[keys] '{ESC}' -> Tally 'TallyPrime:9000'
[shot] tds-184-mgw1 (1024x768)
[21:20:30] [tds] screen tds-184-mgw1 : TallyPrime MANAGE Recyc EDU Firefo Googl Chron Micros Unity Quit K: Company Y: Data Z: Exchange FinCom • ke Co Master Alteration List of Masters Accounting Masters Group Ledger Cost Centre Currency Voucher Type Inventory Masters Stock Group Stock Category Stock Item Unit Location Payroll Masters Employee Group Employee Units (Work) Attendance/Production Type Pay Heads Payroll Voucher Type Statutory Masters GST Registration GST Classification Statutory Details Company GST Details O: Import Change Company Expand All Show More E: Export M: Share Q Search 161 p: print Fl: Help x nt to •elati c2524...
[keys] '{ESC}' -> Tally 'TallyPrime:9000'
[shot] tds-185-mgw2 (1024x768)
[21:20:32] [tds] screen tds-185-mgw2 : TallyPrime MANAGE Recyc EDU K: Company Gatewa of Tall Y: Data Z: Exchange CURRENT OATE Wednesday, I-Apr-2026 O: Import E: Export M: Share p: print Fl: Help Date Company Firefo Googl Chro Micros 46 IypÅ Unity CURRENT PERIOD I-Apr-26 to 31-Mar-27 NAME OF COMPANY FinCom Spike Co Gateway of Tally MASTERS Create Alter CHart of Accounts TRANSACTIONS Vouchers Day 800K UTILITIES BaNking REPORTS Balance Sheet Profit & Loss A/c Stock Summary Ratio Analysis Display More Reports DashbOard Quit 161 nt to •elati c2524 9b89b -c082 Hub" , " : "6b 9b89b -c082 tion_ 24978 isten corre 2fcfc nning ' , "sou Oad7- ...
[keys] 'a' -> Tally 'TallyPrime:9000'
[keys] '{BACKSPACE}{BACKSPACE}{BACKSPACE}{BACKSPACE}{BACKSPACE}{BACKSPACE}{BACKSPACE}{BACKSPACE}{BACKSPACE}{BACKSPACE}{BACKSPACE}{BACKSPACE}{BACKSPACE}{BACKSPACE}{BACKSPACE}{BACKSPACE}{BACKSPACE}{BACKSPACE}{BACKSPACE}{BACKSPACE}' -> Tally 'TallyPrime:9000'
[keys] 'Stock Item' -> Tally 'TallyPrime:9000'
[keys] '{ENTER}' -> Tally 'TallyPrime:9000'
[keys] 'MA Item 1R' -> Tally 'TallyPrime:9000'
[keys] '{ENTER}' -> Tally 'TallyPrime:9000'
[shot] mh-0330-T-StockItem5-form (1024x768)
[mh] mh-0330-T-StockItem5-form: field 137,116,241x15 left 'Name' heads 'Stock Item Alteration / K: Company Y: Data / Z: Exchange' value 'MA Item IR' (boxes: 137,116,241x15[Name|Stock Item Alteration/K: Company Y: Data/Z: Exchange]) | TallyPrime MANAGE Recyc EDU K: Company Y: Data Stock Item Alteration Z: Exchange primary Not Applicable O: Import E: Export M: Share p: print x Name (alias) Firefo Under Googl Units Chro Micros 46 IypÅ Unity Quit MA Item IR FinCom • ke Co Statutory Details GST applicability HSWSAC & Related Details HSN/SAC Details Source of details HSN/SAC Description GST Rate & Related Details GST Rate Details Source of details Taxability Type GST Rate Type of Supply Fl: Help F2: period Company • Applicable As per Company/Stock Group Not Available As per Company/Stock Group Not Available Goods 1 FIO: Other Masters Quantity 161 nt to •elati c2524 9b89b -c082 Hub" , " : "6b 9b89b -c082 tion_ 24978 isten corre 2fcfc nning ' , "sou Oad7- age" , " : "6b Opening Balance Accept Q Search Rate per Ip: Delete Value More Details B Get HSN 'SAC Info Configure Windows Server 2025 Datacenter Build 26100.ge_release240331-1435 9:20 PM 10/8/2026
[shot] mh-0331-T5-w1 (1024x768)
[mh] mh-0331-T5-w1: field 137,116,241x15 left 'Name' heads 'Stock Item Alteration / K: Company Y: Data / Z: Exchange' value 'Item IR' (boxes: 137,116,241x15[Name|Stock Item Alteration/K: Company Y: Data/Z: Exchange]) | TallyPrime MANAGE Recyc EDU K: Company Y: Data Stock Item Alteration Z: Exchange primary Not Applicable O: Import E: Export M: Share p: print x Name (alias) Firefo Under Googl Units Chro Micros 46 IypÅ Unity Quit Item IR FinCom • ke Co Statutory Details GST applicability HSWSAC & Related Details HSN/SAC Details Source of details HSN/SAC Description GST Rate & Related Details GST Rate Details Source of details Taxability Type GST Rate Type of Supply Fl: Help F2: period Company • Applicable As per Company/Stock Group Not Available As per Company/Stock Group Not Available Goods 1 FIO: Other Masters Quantity 161 nt to •elati c2524 9b89b -c082 Hub" , " : "6b 9b89b -c082 tion_ 24978 isten corre 2fcfc nning ' , "sou Oad7- age" , " : "6b Opening Balance Accept Q Search Rate per Ip: Delete Value More Details B Get HSN 'SAC Info Configure Windows Server 2025 Datacenter Build 26100.ge_release240331-1435 9:20 PM 10/8/2026
[keys] '{ENTER}' -> Tally 'TallyPrime:9000'
[shot] mh-0332-T5-w2 (1024x768)
[mh] mh-0332-T5-w2: field 137,133,241x15 left '' heads 'Stock Item Alteration / K: Company Y: Data / Z: Exchange' value '' (boxes: 137,133,241x15[|Stock Item Alteration/K: Company Y: Data/Z: Exchange]) | TallyPrime MANAGE Recyc EDU K: Company Y: Data Stock Item Alteration Z: Exchange primary Not Applicable O: Import E: Export M: Share p: print x FinCom • ke Co Statutory Details GST applicability HSWSAC & Related Details HSN/SAC Details Source of details HSN/SAC Description GST Rate & Related Details GST Rate Details Source of details Taxability Type GST Rate Type of Supply Fl: Help F2: period Company Firefo Under Googl Units Chro Micros 46 IypÅ Unity Quit • Applicable As per Company/Stock Group Not Available As per Company/Stock Group Not Available Goods 1 FIO: Other Masters Quantity 161 nt to •elati c2524 9b89b -c082 Hub" , " : "6b 9b89b -c082 tion_ 24978 isten corre 2fcfc nning ' , "sou Oad7- age" , " : "6b Opening Balance Accept Q Search Rate per Ip: Delete Value More Details B Get HSN 'SAC Info Configure Windows Server 2025 Datacenter Build 26100.ge_release240331-1435 9:20 PM 10/8/2026
[keys] '{ENTER}' -> Tally 'TallyPrime:9000'
[shot] mh-0333-T5-w3 (1024x768)
[mh] mh-0333-T5-w3: field 280,242,186x15 left 'Under' heads 'FinCom • ke Co / Z: Exchange' value 'primary' (boxes: 280,242,186x15[Under|FinCom • ke Co/Z: Exchange]) | TallyPrime MANAGE Recyc EDU K: Company Y: Data Stock Item Alteration Z: Exchange primary Not Applicable FinCom • ke Co Statutory Detail GST applicability HSWSAC & Rel HSN/SAC Detail Source of detail HSN/SAC Description GST Rate & Re GST Rate Detail Source of detail Taxability Type GST Rate Type of Supply O: Import List of Grou s • Primary E: Export M: Share Name (alias) Firefo Under Googl Units Chro Micros 46 IypÅ Unity Quit MA Item IR p: print x Create Fl: Help F2: period Company FIO: Other Masters Quantity 161 nt to •elati c2524 9b89b -c082 Hub" , " : "6b 9b89b -c082 tion_ 24978 isten corre 2fcfc nning ' , "sou Oad7- age" , " : "6b Opening Balance Accept Q Search Rate per Ip: Delete More Details B Get HSN 'SAC Info Configure Windows Server 2025 Datacenter Build 26100.ge_release240331-1435 9:20 PM 10/8/2026
[keys] '{ENTER}' -> Tally 'TallyPrime:9000'
[shot] mh-0334-T5-w4 (1024x768)
[mh] mh-0334-T5-w4: field none left '' heads '' value '' (boxes: ) | TallyPrime MANAGE Recyc EDU K: Company Y: Data Stock Item Alteration Z: Exchange primary FinCom • ke Co Units Not Applicable Days Kgs Nos Description O: Import Create ils E: Export M: Share p: print x Name (alias) Firefo Under Googl Units Chro Micros 46 IypÅ Unity Quit MA Item IR Fl: Help F2: period Company • Applicable As per Company/Stock Group Not Available As per Company/Stock Group Not Available Goods 1 FIO: Other Masters GST Rate & Related Details GST Rate Details Source of details Taxability Type GST Rate Type of Supply Quantity 161 nt to •elati c2524 9b89b -c082 Hub" , " : "6b 9b89b -c082 tion_ 24978 isten corre 2fcfc nning ' , "sou Oad7- age" , " : "6b Opening Balance Accept Q Search Rate per Ip: Delete Value More Details B Get HSN 'SAC Info Configure Windows Server 2025 Datacenter Build 26100.ge_release240331-1435 9:20 PM 10/8/2026
[keys] '{ENTER}' -> Tally 'TallyPrime:9000'
[keys] '' -> Tally 'TallyPrime:9000'
[shot] mh-0335-T-StockItem5-savedT (1024x768)
[mh] mh-0335-T-StockItem5-savedT: field 341,142,245x16 left '' heads 'Master Alteration / FinCom • ke Co / Z: Exchange' value '' (boxes: 341,142,245x16[|Master Alteration/FinCom • ke Co/Z: Exchange]) | Recyc TallyPrime MANAGE EDU K: Company Y: Data Z: Exchange FinCom • ke Co Master Alteration List of Stock Items MA Item IR O: Import Create Back E: Export M: Share p: print Firefo Googl Chron Micros lyp Unity Quit x Fl: Help nt to •elati c2524 9b89b -c082 Hub" , " : "6b 9b89b -c082 : '2.3 tion_ 24978 isten corre 2fcfc nning ' , "sou Oad7- age" , " : "6b Q Search Windows Server 2025 Datacenter Build 26100.ge_release240331-1435 9:20 PM 10/8/2026
[mh] T-StockItem5 Ctrl+A to ALTMSTID moved (247 ->): 25.3 ms
[shot] tds-186-mgw0 (1024x768)
[21:21:00] [tds] screen tds-186-mgw0 : Recyc TallyPrime MANAGE EDU K: Company Y: Data Z: Exchange FinCom • ke Co Master Alteration List of Stock Items MA Item IR O: Import Create Back E: Export M: Share p: print Firefo Googl Chron Micros lyp Unity Quit x Fl: Help nt to •elati c2524 9b89b -c082 Hub" , " : "6b 9b89b -c082 : '2.3 tion_ 24978 isten corre 2fcfc nning ' , "sou Oad7- age" , " : "6b Q Search Windows Server 2025 Datacenter Build 26100.ge_release240331-1435 9:21 PM 10/8/2026
[keys] '{ESC}' -> Tally 'TallyPrime:9000'
[shot] tds-187-mgw1 (1024x768)
[21:21:03] [tds] screen tds-187-mgw1 : TallyPrime MANAGE Recyc EDU Firefo Googl Chron Micros Unity Quit K: Company Y: Data Z: Exchange FinCom • ke Co Master Alteration List of Masters Accounting Masters Group Ledger Cost Centre Currency Voucher Type Inventory Masters Stock Group Stock Category Stock Item Unit Location Payroll Masters Employee Group Employee Units (Work) Attendance/Production Type Pay Heads Payroll Voucher Type Statutory Masters GST Registration GST Classification Statutory Details Company GST Details O: Import Change Company Expand All Show More E: Export M: Share Q Search 161 p: print Fl: Help x nt to •elati c2524...
[keys] '{ESC}' -> Tally 'TallyPrime:9000'
[shot] tds-188-mgw2 (1024x768)
[21:21:06] [tds] screen tds-188-mgw2 : TallyPrime MANAGE Recyc EDU K: Company Gatewa of Tall Y: Data Z: Exchange CURRENT OATE Wednesday, I-Apr-2026 O: Import E: Export M: Share p: print Fl: Help Date Company Firefo Googl Chro Micros 46 IypÅ Unity CURRENT PERIOD I-Apr-26 to 31-Mar-27 NAME OF COMPANY FinCom Spike Co Gateway of Tally MASTERS Create Alter CHart of Accounts TRANSACTIONS Vouchers Day 800K UTILITIES BaNking REPORTS Balance Sheet Profit & Loss A/c Stock Summary Ratio Analysis Display More Reports DashbOard Quit 161 nt to •elati c2524 9b89b -c082 Hub" , " : "6b 9b89b -c082 tion_ 24978 isten corre 2fcfc nning ' , "sou Oad7- ...
  INFO mh A save time Stock Item (alter, Ctrl+A to Tally's ALTMSTID moved): 25.6, 23.8, 24.5, 24.1, 25.3 ms
[shot] tds-189-mgw0 (1024x768)
[21:21:06] [tds] screen tds-189-mgw0 : TallyPrime MANAGE Recyc EDU K: Company Gatewa of Tall Y: Data Z: Exchange CURRENT OATE Wednesday, I-Apr-2026 O: Import E: Export M: Share p: print Fl: Help Date Company Firefo Googl Chro Micros 46 IypÅ Unity CURRENT PERIOD I-Apr-26 to 31-Mar-27 NAME OF COMPANY FinCom Spike Co Gateway of Tally MASTERS Create Alter CHart of Accounts TRANSACTIONS Vouchers Day 800K UTILITIES BaNking REPORTS Balance Sheet Profit & Loss A/c Stock Summary Ratio Analysis Display More Reports DashbOard Quit 161 nt to •elati c2524 9b89b -c082 Hub" , " : "6b 9b89b -c082 tion_ 24978 isten corre 2fcfc nning ' , "sou Oad7- ...
[keys] 'a' -> Tally 'TallyPrime:9000'
[keys] '{BACKSPACE}{BACKSPACE}{BACKSPACE}{BACKSPACE}{BACKSPACE}{BACKSPACE}{BACKSPACE}{BACKSPACE}{BACKSPACE}{BACKSPACE}{BACKSPACE}{BACKSPACE}{BACKSPACE}{BACKSPACE}{BACKSPACE}{BACKSPACE}{BACKSPACE}{BACKSPACE}{BACKSPACE}{BACKSPACE}' -> Tally 'TallyPrime:9000'
[keys] 'Pay Head' -> Tally 'TallyPrime:9000'
[keys] '{ENTER}' -> Tally 'TallyPrime:9000'
[keys] 'MA Basic' -> Tally 'TallyPrime:9000'
[keys] '{ENTER}' -> Tally 'TallyPrime:9000'
[shot] mh-0336-T-PayHead1-form (1024x768)
[mh] mh-0336-T-PayHead1-form: field 139,113,245x16 left 'Name' heads 'Pa Head Alteration / K: Company / Y: Data' value 'IA Basic' (boxes: 139,113,245x16[Name|Pa Head Alteration/K: Company/Y: Data]) | TallyPrime MANAGE Recyc EDU K: Company Pa Head Alteration Y: Data Z: Exchange O: Import FinCom Spike Co E: Export M: Share P: Print Total Opening Balance Name (alias) Firefo Googl Pay head type Chro IA Basic Pay Head Information Fl: Help F2: period Company Income type Under Affect net salary Micros Use for calculation of gratuity Calculation type 46 IypÅ Unity Quit Earnings for Employees Fixed Indirect Expenses No No As User Defined Value Opening Balance A Accept Q Search FIO: Other Masters 161 nt to •elati c2524 9b89b -c082 Hub" , " : "6b 9b89b -c082 tion_ 24978 isten corre 2fcfc nning ' , "sou Oad7- age" , " : "6b ( on I-Apr-26) : D: Delete W: Show All Periods Configure Windows Server 2025 Datacenter Build 26100.ge_release240331-1435 9:21 PM 10/8/2026
[mh] T-PayHead1 the alteration form open is 'IA Basic', not 'MA Basic': left
[shot] tds-190-mgw0 (1024x768)
[21:21:23] [tds] screen tds-190-mgw0 : TallyPrime MANAGE Recyc EDU K: Company Pa Head Alteration Y: Data Z: Exchange O: Import FinCom Spike Co E: Export M: Share P: Print Total Opening Balance Name (alias) Firefo Googl Pay head type Chro IA Basic Pay Head Information Fl: Help F2: period Company Income type Under Affect net salary Micros Use for calculation of gratuity Calculation type 46 IypÅ Unity Quit Earnings for Employees Fixed Indirect Expenses No No As User Defined Value Opening Balance A Accept Q Search FIO: Other Masters 161 nt to •elati c2524 9b89b -c082 Hub" , " : "6b 9b89b -c082 tion_ 24978 isten corre 2fcfc nning ' , "s...
[keys] '{ESC}' -> Tally 'TallyPrime:9000'
[shot] tds-191-mgw1 (1024x768)
[21:21:25] [tds] screen tds-191-mgw1 : TallyPrime MANAGE Recyc EDU K: Company Y: Data Z: Exchange O: Import Pa Head Alteration Name (alias) Firefo Googl Pay head type Chro Income type Under Affect net salary Micros FinCom Spike Co E: Export M: Share P: Print Total Opening Balance Fl: Help F2: period Company Pay Head Information Earnings for Employees Fixed Indirect Expenses No No As User Defined Value Opening Balance A Accept Q Search FIO: Other Masters Use for calculation of gratuity Calculation type 46 IypÅ Unity Quit 161 nt to •elati c2524 9b89b -c082 Hub" , " : "6b 9b89b -c082 tion_ 24978 isten corre 2fcfc nning ' , "sou Oad7- ...
[keys] '{ESC}' -> Tally 'TallyPrime:9000'
[shot] tds-192-mgw2 (1024x768)
[21:21:28] [tds] screen tds-192-mgw2 : TallyPrime MANAGE Recyc EDU K: Company Y: Data Z: Exchange FinCom Spike Co O: Import Pa Head Alteration Name (alias) Firefo Googl Pay head type Chro Income type Under Affect net salary Micros E: Export M: Share P: Print Total Opening Balance Quit o Yes or No Fl: Help F2: period F3: Company Pay Head Information Earnings for Employees Fixed Indirect Expenses No No As User Defined Value Opening Balance A: Accept Q Search FIO : Other Masters Use for calculation of gratuity Calculation type 46 IypÅ Unity Q: Quit W: Show All Periods 161 nt to •elati c2524 9b89b -c082 Hub" , " : "6b 9b89b -c082 tion_...
[keys] 'n' -> Tally 'TallyPrime:9000'
[shot] tds-193-mgw3 (1024x768)
[21:21:31] [tds] screen tds-193-mgw3 : TallyPrime MANAGE Recyc EDU K: Company Y: Data Z: Exchange O: Import Pa Head Alteration Name (alias) Firefo Googl Pay head type Chro Income type Under Affect net salary Micros FinCom Spike Co E: Export M: Share P: Print Total Opening Balance Fl: Help F2: period Company Pay Head Information Earnings for Employees Fixed Indirect Expenses No No As User Defined Value Opening Balance A Accept Q Search FIO: Other Masters Use for calculation of gratuity Calculation type 46 IypÅ Unity Quit 161 nt to •elati c2524 9b89b -c082 Hub" , " : "6b 9b89b -c082 tion_ 24978 isten corre 2fcfc nning ' , "sou Oad7- ...
[keys] '{ESC}' -> Tally 'TallyPrime:9000'
[shot] tds-194-mgw4 (1024x768)
[21:21:34] [tds] screen tds-194-mgw4 : TallyPrime MANAGE Recyc EDU K: Company Y: Data Z: Exchange FinCom Spike Co O: Import Pa Head Alteration Name (alias) Firefo Googl Pay head type Chro Income type Under Affect net salary Micros E: Export M: Share P: Print Total Opening Balance Quit o Yes or No Fl: Help F2: period F3: Company Pay Head Information Earnings for Employees Fixed Indirect Expenses No No As User Defined Value Opening Balance A: Accept Q Search FIO : Other Masters Use for calculation of gratuity Calculation type 46 IypÅ Unity Q: Quit W: Show All Periods 161 nt to •elati c2524 9b89b -c082 Hub" , " : "6b 9b89b -c082 tion_...
[keys] 'n' -> Tally 'TallyPrime:9000'
[shot] tds-195-mgw5 (1024x768)
[21:21:37] [tds] screen tds-195-mgw5 : TallyPrime MANAGE Recyc EDU K: Company Y: Data Z: Exchange O: Import Pa Head Alteration Name (alias) Firefo Googl Pay head type Chro Income type Under Affect net salary Micros FinCom Spike Co E: Export M: Share P: Print Total Opening Balance Fl: Help F2: period Company Pay Head Information Earnings for Employees Fixed Indirect Expenses No No As User Defined Value Opening Balance A Accept Q Search FIO: Other Masters Use for calculation of gratuity Calculation type 46 IypÅ Unity Quit 161 nt to •elati c2524 9b89b -c082 Hub" , " : "6b 9b89b -c082 tion_ 24978 isten corre 2fcfc nning ' , "sou Oad7- ...
[keys] '{ESC}' -> Tally 'TallyPrime:9000'
[shot] tds-196-mgw6 (1024x768)
[21:21:40] [tds] screen tds-196-mgw6 : TallyPrime MANAGE Recyc EDU K: Company Y: Data Z: Exchange FinCom Spike Co O: Import Pa Head Alteration Name (alias) Firefo Googl Pay head type Chro Income type Under Affect net salary Micros E: Export M: Share P: Print Total Opening Balance Quit o Yes or No Fl: Help F2: period F3: Company Pay Head Information Earnings for Employees Fixed Indirect Expenses No No As User Defined Value Opening Balance A: Accept Q Search FIO : Other Masters Use for calculation of gratuity Calculation type 46 IypÅ Unity Q: Quit W: Show All Periods 161 nt to •elati c2524 9b89b -c082 Hub" , " : "6b 9b89b -c082 tion_...
[keys] 'n' -> Tally 'TallyPrime:9000'
[shot] tds-197-mgw7 (1024x768)
[21:21:43] [tds] screen tds-197-mgw7 : TallyPrime MANAGE Recyc EDU K: Company Y: Data Z: Exchange O: Import Pa Head Alteration Name (alias) Firefo Googl Pay head type Chro Income type Under Affect net salary Micros FinCom Spike Co E: Export M: Share P: Print Total Opening Balance Fl: Help F2: period Company Pay Head Information Earnings for Employees Fixed Indirect Expenses No No As User Defined Value Opening Balance A Accept Q Search FIO: Other Masters Use for calculation of gratuity Calculation type 46 IypÅ Unity Quit 161 nt to •elati c2524 9b89b -c082 Hub" , " : "6b 9b89b -c082 tion_ 24978 isten corre 2fcfc nning ' , "sou Oad7- ...
[keys] '{ESC}' -> Tally 'TallyPrime:9000'
[21:21:46] [tds] the Gateway not reached (before T-PayHead2): Tally started again
[keys] 'a' -> Tally 'TallyPrime:9000'
[keys] 't' -> Tally 'TallyPrime:9000'
[shot] tds-198-mh-start-0 (1024x768)
[21:22:20] [tds] screen tds-198-mh-start-0 : TallyPrime MANAGE Recyc EDU K: Company Gatewa of Tall Y: Data Z: Exchange CURRENT OATE Wednesday, I-Apr-2026 O: Import E: Export M: Share p: print Fl: Help Date Company Firefo Googl Chro Micros 46 IypÅ Unity CURRENT PERIOD I-Apr-26 to 31-Mar-27 NAME OF COMPANY FinCom Spike Co Gateway of Tally MASTERS Create Alter CHart of Accounts TRANSACTIONS Vouchers Day 800K UTILITIES BaNking REPORTS Balance Sheet Profit & Loss A/c Stock Summary Ratio Analysis Display More Reports DashbOard Quit 161 nt to •elati c2524 9b89b -c082 Hub" , " : "6b 9b89b -c082 tion_ 24978 isten corre 2fcfc nning ' , "sou Oad7- ...
[keys] 'a' -> Tally 'TallyPrime:9000'
[keys] '{BACKSPACE}{BACKSPACE}{BACKSPACE}{BACKSPACE}{BACKSPACE}{BACKSPACE}{BACKSPACE}{BACKSPACE}{BACKSPACE}{BACKSPACE}{BACKSPACE}{BACKSPACE}{BACKSPACE}{BACKSPACE}{BACKSPACE}{BACKSPACE}{BACKSPACE}{BACKSPACE}{BACKSPACE}{BACKSPACE}' -> Tally 'TallyPrime:9000'
[keys] 'Pay Head' -> Tally 'TallyPrime:9000'
[keys] '{ENTER}' -> Tally 'TallyPrime:9000'
[keys] 'MA Basic' -> Tally 'TallyPrime:9000'
[keys] '{ENTER}' -> Tally 'TallyPrime:9000'
[shot] mh-0337-T-PayHead2-form (1024x768)
[mh] mh-0337-T-PayHead2-form: field 139,113,245x16 left 'Name' heads 'Pa Head Alteration / K: Company / Y: Data' value 'MA Basic' (boxes: 139,113,245x16[Name|Pa Head Alteration/K: Company/Y: Data]) | TallyPrime MANAGE Recyc EDU K: Company Pa Head Alteration Y: Data Z: Exchange O: Import FinCom Spike Co E: Export M: Share P: Print Total Opening Balance Name (alias) Firefo Googl Pay head type Chro MA Basic Pay Head Information Fl: Help F2: period Company Income type Under Affect net salary Micros Use for calculation of gratuity Calculation type 46 IypÅ Unity Quit Earnings for Employees Fixed Indirect Expenses No No As User Defined Value Opening Balance A Accept Q Search FIO: Other Masters 161 nt to •elati c2524 9b89b -c082 Hub" , " : "6b 9b89b -c082 tion_ 24978 isten corre 2fcfc nning ' , "sou Oad7- age" , " : "6b ( on I-Apr-26) : D: Delete W: Show All Periods Configure Windows Server 2025 Datacenter Build 26100.ge_release240331-1435 9•.22 PM 10/8/2026
[shot] mh-0338-T2-w1 (1024x768)
[mh] mh-0338-T2-w1: field 139,113,245x16 left 'Name' heads 'Pa Head Alteration / K: Company / Y: Data' value 'MA Basic' (boxes: 139,113,245x16[Name|Pa Head Alteration/K: Company/Y: Data]) | TallyPrime MANAGE Recyc EDU K: Company Pa Head Alteration Y: Data Z: Exchange O: Import FinCom Spike Co E: Export M: Share P: Print Total Opening Balance Name (alias) Firefo Googl Pay head type Chro MA Basic Pay Head Information Fl: Help F2: period Company Income type Under Affect net salary Micros Use for calculation of gratuity Calculation type 46 IypÅ Unity Quit Earnings for Employees Fixed Indirect Expenses No No As User Defined Value Opening Balance A Accept Q Search FIO: Other Masters 161 nt to •elati c2524 9b89b -c082 Hub" , " : "6b 9b89b -c082 tion_ 24978 isten corre 2fcfc nning ' , "sou Oad7- age" , " : "6b ( on I-Apr-26) : D: Delete W: Show All Periods Configure Windows Server 2025 Datacenter Build 26100.ge_release240331-1435 9•.22 PM 10/8/2026
[keys] '{ENTER}' -> Tally 'TallyPrime:9000'
[shot] mh-0339-T2-w2 (1024x768)
[mh] mh-0339-T2-w2: field 139,131,245x16 left '' heads 'MA Basic / Pa Head Alteration / K: Company' value '' (boxes: 139,131,245x16[|MA Basic/Pa Head Alteration/K: Company]) | TallyPrime MANAGE Recyc EDU K: Company Pa Head Alteration Y: Data Z: Exchange O: Import FinCom • ke Co E: Export M: Share P: Print Total Opening Balance Name Firefo Googl Pay head type Chro MA Basic Pay Head Information Fl: Help F2: period Company Income type Under Affect net salary Micros Use for calculation of gratuity Calculation type 46 IypÅ Unity Quit Earnings for Employees Fixed Indirect Expenses No No As User Defined Value Opening Balance A Accept Q Search FIO: Other Masters 161 nt to •elati c2524 9b89b -c082 Hub" , " : "6b 9b89b -c082 tion_ 24978 isten corre 2fcfc nning ' , "sou Oad7- age" , " : "6b ( on I-Apr-26) : D: Delete W: Show All Periods Configure Windows Server 2025 Datacenter Build 26100.ge_release240331-1435 9•.22 PM 10/8/2026
[mh] T2 rule 0 (alias^MA\s*Bas[1lIi|]c$) on '|MA Basic': keys 'MA T2{ENTER}'
[keys] 'MA T2' -> Tally 'TallyPrime:9000'
[keys] '{ENTER}' -> Tally 'TallyPrime:9000'
[keys] '' -> Tally 'TallyPrime:9000'
[shot] mh-0340-T-PayHead2-savedT (1024x768)
[mh] mh-0340-T-PayHead2-savedT: field 341,142,245x16 left '' heads 'Master Alteration / FinCom • ke Co / Z: Exchange' value '' (boxes: 341,142,245x16[|Master Alteration/FinCom • ke Co/Z: Exchange]) | Recyc TallyPrime MANAGE EDU K: Company Y: Data Z: Exchange FinCom • ke Co Master Alteration Heads O: Import Create Back E: Export M: Share p: print Firefo Googl Chron Micros lyp Unity Quit List of Pa MA Attend MA Basic MA Piece MH Wage x Fl: Help nt to •elati c2524 9b89b -c082 Hub" , " : "6b 9b89b -c082 : '2.3 tion_ 24978 isten corre 2fcfc nning ' , "sou Oad7- age" , " : "6b Q Search Windows Server 2025 Datacenter Build 26100.ge_release240331-1435 9•.22 PM 10/8/2026
[mh] T-PayHead2 Ctrl+A to ALTMSTID moved (248 ->): 29.3 ms
[shot] tds-199-mgw0 (1024x768)
[21:22:44] [tds] screen tds-199-mgw0 : Recyc TallyPrime MANAGE EDU K: Company Y: Data Z: Exchange FinCom • ke Co Master Alteration Heads O: Import Create Back E: Export M: Share p: print Firefo Googl Chron Micros lyp Unity Quit List of Pa MA Attend MA Basic MA Piece MH Wage x Fl: Help nt to •elati c2524 9b89b -c082 Hub" , " : "6b 9b89b -c082 : '2.3 tion_ 24978 isten corre 2fcfc nning ' , "sou Oad7- age" , " : "6b Q Search Windows Server 2025 Datacenter Build 26100.ge_release240331-1435 9•.22 PM 10/8/2026
[keys] '{ESC}' -> Tally 'TallyPrime:9000'
[shot] tds-200-mgw1 (1024x768)
[21:22:47] [tds] screen tds-200-mgw1 : TallyPrime MANAGE Recyc EDU Firefo Googl Chron Micros Unity Quit K: Company Y: Data Z: Exchange FinCom • ke Co Master Alteration List of Masters Accounting Masters Group Ledger Cost Centre Currency Voucher Type Inventory Masters Stock Group Stock Category Stock Item Unit Location Payroll Masters Employee Group Employee Units (Work) Attendance/Production Type Pay Heads Payroll Voucher Type Statutory Masters GST Registration GST Classification Statutory Details Company GST Details O: Import Change Company Expand All Show More E: Export M: Share Q Search 161 p: print Fl: Help x nt to •elati c2524...
[keys] '{ESC}' -> Tally 'TallyPrime:9000'
[shot] tds-201-mgw2 (1024x768)
[21:22:50] [tds] screen tds-201-mgw2 : TallyPrime MANAGE Recyc EDU K: Company Gatewa of Tall Y: Data Z: Exchange CURRENT OATE Wednesday, I-Apr-2026 O: Import E: Export M: Share p: print Fl: Help Date Company Firefo Googl Chro Micros 46 IypÅ Unity CURRENT PERIOD I-Apr-26 to 31-Mar-27 NAME OF COMPANY FinCom Spike Co Gateway of Tally MASTERS Create Alter CHart of Accounts TRANSACTIONS Vouchers Day 800K UTILITIES BaNking REPORTS Balance Sheet Profit & Loss A/c Stock Summary Ratio Analysis Display More Reports DashbOard Quit 161 nt to •elati c2524 9b89b -c082 Hub" , " : "6b 9b89b -c082 tion_ 24978 isten corre 2fcfc nning ' , "sou Oad7- ...
[keys] 'a' -> Tally 'TallyPrime:9000'
[keys] '{BACKSPACE}{BACKSPACE}{BACKSPACE}{BACKSPACE}{BACKSPACE}{BACKSPACE}{BACKSPACE}{BACKSPACE}{BACKSPACE}{BACKSPACE}{BACKSPACE}{BACKSPACE}{BACKSPACE}{BACKSPACE}{BACKSPACE}{BACKSPACE}{BACKSPACE}{BACKSPACE}{BACKSPACE}{BACKSPACE}' -> Tally 'TallyPrime:9000'
[keys] 'Pay Head' -> Tally 'TallyPrime:9000'
[keys] '{ENTER}' -> Tally 'TallyPrime:9000'
[keys] 'MA Basic' -> Tally 'TallyPrime:9000'
[keys] '{ENTER}' -> Tally 'TallyPrime:9000'
[shot] mh-0341-T-PayHead3-form (1024x768)
[mh] mh-0341-T-PayHead3-form: field 139,113,245x16 left 'Name' heads 'Pa Head Alteration / K: Company / Y: Data' value 'MA Basic' (boxes: 139,113,245x16[Name|Pa Head Alteration/K: Company/Y: Data]) | TallyPrime MANAGE Recyc EDU K: Company Pa Head Alteration Y: Data Z: Exchange O: Import FinCom Spike Co E: Export M: Share P: Print Total Opening Balance Name (alias) Firefo Googl Pay head type Chro MA Basic Pay Head Information Fl: Help F2: period Company Income type Under Affect net salary Micros Use for calculation of gratuity Calculation type 46 IypÅ Unity Quit Earnings for Employees Fixed Indirect Expenses No No As User Defined Value Opening Balance A Accept Q Search FIO: Other Masters 161 nt to •elati c2524 9b89b -c082 Hub" , " : "6b 9b89b -c082 tion_ 24978 isten corre 2fcfc nning ' , "sou Oad7- age" , " : "6b ( on I-Apr-26) : D: Delete W: Show All Periods Configure Windows Server 2025 Datacenter Build 26100.ge_release240331-1435 9:23 PM 10/8/2026
[shot] mh-0342-T3-w1 (1024x768)
[mh] mh-0342-T3-w1: field 139,113,245x16 left 'Name' heads 'Pa Head Alteration / K: Company / Y: Data' value 'MA Basic' (boxes: 139,113,245x16[Name|Pa Head Alteration/K: Company/Y: Data]) | TallyPrime MANAGE Recyc EDU K: Company Pa Head Alteration Y: Data Z: Exchange O: Import FinCom Spike Co E: Export M: Share P: Print Total Opening Balance Name (alias) Firefo Googl Pay head type Chro MA Basic Pay Head Information Fl: Help F2: period Company Income type Under Affect net salary Micros Use for calculation of gratuity Calculation type 46 IypÅ Unity Quit Earnings for Employees Fixed Indirect Expenses No No As User Defined Value Opening Balance A Accept Q Search FIO: Other Masters 161 nt to •elati c2524 9b89b -c082 Hub" , " : "6b 9b89b -c082 tion_ 24978 isten corre 2fcfc nning ' , "sou Oad7- age" , " : "6b ( on I-Apr-26) : D: Delete W: Show All Periods Configure Windows Server 2025 Datacenter Build 26100.ge_release240331-1435 9:23 PM 10/8/2026
[keys] '{ENTER}' -> Tally 'TallyPrime:9000'
[shot] mh-0343-T3-w2 (1024x768)
[mh] mh-0343-T3-w2: field 139,131,245x16 left '' heads 'MA Basic / Pa Head Alteration / K: Company' value '' (boxes: 139,131,245x16[|MA Basic/Pa Head Alteration/K: Company]) | TallyPrime MANAGE Recyc EDU K: Company Pa Head Alteration Y: Data Z: Exchange O: Import FinCom • ke Co E: Export M: Share P: Print Total Opening Balance Name Firefo Googl Pay head type Chro MA Basic Pay Head Information Fl: Help F2: period Company Income type Under Affect net salary Micros Use for calculation of gratuity Calculation type 46 IypÅ Unity Quit Earnings for Employees Fixed Indirect Expenses No No As User Defined Value Opening Balance A Accept Q Search FIO: Other Masters 161 nt to •elati c2524 9b89b -c082 Hub" , " : "6b 9b89b -c082 tion_ 24978 isten corre 2fcfc nning ' , "sou Oad7- age" , " : "6b ( on I-Apr-26) : D: Delete W: Show All Periods Configure Windows Server 2025 Datacenter Build 26100.ge_release240331-1435 9:23 PM 10/8/2026
[mh] T3 rule 0 (alias^MA\s*Bas[1lIi|]c$) on '|MA Basic': keys 'MA T3{ENTER}'
[keys] 'MA T3' -> Tally 'TallyPrime:9000'
[keys] '{ENTER}' -> Tally 'TallyPrime:9000'
[keys] '' -> Tally 'TallyPrime:9000'
[shot] mh-0344-T-PayHead3-savedT (1024x768)
[mh] mh-0344-T-PayHead3-savedT: field 341,142,245x16 left '' heads 'Master Alteration / FinCom • ke Co / Z: Exchange' value '' (boxes: 341,142,245x16[|Master Alteration/FinCom • ke Co/Z: Exchange]) | Recyc TallyPrime MANAGE EDU K: Company Y: Data Z: Exchange FinCom • ke Co Master Alteration Heads O: Import Create Back E: Export M: Share p: print Firefo Googl Chron Micros lyp Unity Quit List of Pa MA Attend MA Basic MA Piece MH Wage x Fl: Help nt to •elati c2524 9b89b -c082 Hub" , " : "6b 9b89b -c082 : '2.3 tion_ 24978 isten corre 2fcfc nning ' , "sou Oad7- age" , " : "6b Q Search Windows Server 2025 Datacenter Build 26100.ge_release240331-1435 9:23 PM 10/8/2026
[mh] T-PayHead3 Ctrl+A to ALTMSTID moved (249 ->): 30.9 ms
[shot] tds-202-mgw0 (1024x768)
[21:23:14] [tds] screen tds-202-mgw0 : Recyc TallyPrime MANAGE EDU K: Company Y: Data Z: Exchange FinCom • ke Co Master Alteration Heads O: Import Create Back E: Export M: Share p: print Firefo Googl Chron Micros lyp Unity Quit List of Pa MA Attend MA Basic MA Piece MH Wage x Fl: Help nt to •elati c2524 9b89b -c082 Hub" , " : "6b 9b89b -c082 : '2.3 tion_ 24978 isten corre 2fcfc nning ' , "sou Oad7- age" , " : "6b Q Search Windows Server 2025 Datacenter Build 26100.ge_release240331-1435 9:23 PM 10/8/2026
[keys] '{ESC}' -> Tally 'TallyPrime:9000'
[shot] tds-203-mgw1 (1024x768)
[21:23:17] [tds] screen tds-203-mgw1 : TallyPrime MANAGE Recyc EDU Firefo Googl Chron Micros Unity Quit K: Company Y: Data Z: Exchange FinCom • ke Co Master Alteration List of Masters Accounting Masters Group Ledger Cost Centre Currency Voucher Type Inventory Masters Stock Group Stock Category Stock Item Unit Location Payroll Masters Employee Group Employee Units (Work) Attendance/Production Type Pay Heads Payroll Voucher Type Statutory Masters GST Registration GST Classification Statutory Details Company GST Details O: Import Change Company Expand All Show More E: Export M: Share Q Search 161 p: print Fl: Help x nt to •elati c2524...
[keys] '{ESC}' -> Tally 'TallyPrime:9000'
[shot] tds-204-mgw2 (1024x768)
[21:23:20] [tds] screen tds-204-mgw2 : TallyPrime MANAGE Recyc EDU K: Company Gatewa of Tall Y: Data Z: Exchange CURRENT OATE Wednesday, I-Apr-2026 O: Import E: Export M: Share p: print Fl: Help Date Company Firefo Googl Chro Micros 46 IypÅ Unity CURRENT PERIOD I-Apr-26 to 31-Mar-27 NAME OF COMPANY FinCom Spike Co Gateway of Tally MASTERS Create Alter CHart of Accounts TRANSACTIONS Vouchers Day 800K UTILITIES BaNking REPORTS Balance Sheet Profit & Loss A/c Stock Summary Ratio Analysis Display More Reports DashbOard Quit 161 nt to •elati c2524 9b89b -c082 Hub" , " : "6b 9b89b -c082 tion_ 24978 isten corre 2fcfc nning ' , "sou Oad7- ...
[keys] 'a' -> Tally 'TallyPrime:9000'
[keys] '{BACKSPACE}{BACKSPACE}{BACKSPACE}{BACKSPACE}{BACKSPACE}{BACKSPACE}{BACKSPACE}{BACKSPACE}{BACKSPACE}{BACKSPACE}{BACKSPACE}{BACKSPACE}{BACKSPACE}{BACKSPACE}{BACKSPACE}{BACKSPACE}{BACKSPACE}{BACKSPACE}{BACKSPACE}{BACKSPACE}' -> Tally 'TallyPrime:9000'
[keys] 'Pay Head' -> Tally 'TallyPrime:9000'
[keys] '{ENTER}' -> Tally 'TallyPrime:9000'
[keys] 'MA Basic' -> Tally 'TallyPrime:9000'
[keys] '{ENTER}' -> Tally 'TallyPrime:9000'
[shot] mh-0345-T-PayHead4-form (1024x768)
[mh] mh-0345-T-PayHead4-form: field 139,113,245x16 left 'Name' heads 'Pa Head Alteration / K: Company / Y: Data' value 'MA Basic' (boxes: 139,113,245x16[Name|Pa Head Alteration/K: Company/Y: Data]) | TallyPrime MANAGE Recyc EDU K: Company Pa Head Alteration Y: Data Z: Exchange O: Import FinCom Spike Co E: Export M: Share P: Print Total Opening Balance Name (alias) Firefo Googl Pay head type Chro MA Basic Pay Head Information Fl: Help F2: period Company Income type Under Affect net salary Micros Use for calculation of gratuity Calculation type 46 IypÅ Unity Quit Earnings for Employees Fixed Indirect Expenses No No As User Defined Value Opening Balance A Accept Q Search FIO: Other Masters 161 nt to •elati c2524 9b89b -c082 Hub" , " : "6b 9b89b -c082 tion_ 24978 isten corre 2fcfc nning ' , "sou Oad7- age" , " : "6b ( on I-Apr-26) : D: Delete W: Show All Periods Configure Windows Server 2025 Datacenter Build 26100.ge_release240331-1435 9:23 PM 10/8/2026
[shot] mh-0346-T4-w1 (1024x768)
[mh] mh-0346-T4-w1: field 139,113,245x16 left 'Name' heads 'Pa Head Alteration / K: Company / Y: Data' value 'MA Basic' (boxes: 139,113,245x16[Name|Pa Head Alteration/K: Company/Y: Data]) | TallyPrime MANAGE Recyc EDU K: Company Pa Head Alteration Y: Data Z: Exchange O: Import FinCom Spike Co E: Export M: Share P: Print Total Opening Balance Name (alias) Firefo Googl Pay head type Chro MA Basic Pay Head Information Fl: Help F2: period Company Income type Under Affect net salary Micros Use for calculation of gratuity Calculation type 46 IypÅ Unity Quit Earnings for Employees Fixed Indirect Expenses No No As User Defined Value Opening Balance A Accept Q Search FIO: Other Masters 161 nt to •elati c2524 9b89b -c082 Hub" , " : "6b 9b89b -c082 tion_ 24978 isten corre 2fcfc nning ' , "sou Oad7- age" , " : "6b ( on I-Apr-26) : D: Delete W: Show All Periods Configure Windows Server 2025 Datacenter Build 26100.ge_release240331-1435 9:23 PM 10/8/2026
[keys] '{ENTER}' -> Tally 'TallyPrime:9000'
[shot] mh-0347-T4-w2 (1024x768)
[mh] mh-0347-T4-w2: field 139,131,245x16 left '' heads 'MA Basic / Pa Head Alteration / K: Company' value '' (boxes: 139,131,245x16[|MA Basic/Pa Head Alteration/K: Company]) | TallyPrime MANAGE Recyc EDU K: Company Pa Head Alteration Y: Data Z: Exchange O: Import FinCom • ke Co E: Export M: Share P: Print Total Opening Balance Name Firefo Googl Pay head type Chro MA Basic Pay Head Information Fl: Help F2: period Company Income type Under Affect net salary Micros Use for calculation of gratuity Calculation type 46 IypÅ Unity Quit Earnings for Employees Fixed Indirect Expenses No No As User Defined Value Opening Balance A Accept Q Search FIO: Other Masters 161 nt to •elati c2524 9b89b -c082 Hub" , " : "6b 9b89b -c082 tion_ 24978 isten corre 2fcfc nning ' , "sou Oad7- age" , " : "6b ( on I-Apr-26) : D: Delete W: Show All Periods Configure Windows Server 2025 Datacenter Build 26100.ge_release240331-1435 9:23 PM 10/8/2026
[mh] T4 rule 0 (alias^MA\s*Bas[1lIi|]c$) on '|MA Basic': keys 'MA T4{ENTER}'
[keys] 'MA T4' -> Tally 'TallyPrime:9000'
[keys] '{ENTER}' -> Tally 'TallyPrime:9000'
[keys] '' -> Tally 'TallyPrime:9000'
[shot] mh-0348-T-PayHead4-savedT (1024x768)
[mh] mh-0348-T-PayHead4-savedT: field 341,142,245x16 left '' heads 'Master Alteration / FinCom • ke Co / Z: Exchange' value '' (boxes: 341,142,245x16[|Master Alteration/FinCom • ke Co/Z: Exchange]) | Recyc TallyPrime MANAGE EDU K: Company Y: Data Z: Exchange FinCom • ke Co Master Alteration Heads O: Import Create Back E: Export M: Share p: print Firefo Googl Chron Micros lyp Unity Quit List of Pa MA Attend MA Basic MA Piece MA T4 MH Wage x Fl: Help nt to •elati c2524 9b89b -c082 Hub" , " : "6b 9b89b -c082 : '2.3 tion_ 24978 isten corre 2fcfc nning ' , "sou Oad7- age" , " : "6b Q Search Windows Server 2025 Datacenter Build 26100.ge_release240331-1435 9:23 PM 10/8/2026
[mh] T-PayHead4 Ctrl+A to ALTMSTID moved (250 ->): 29.9 ms
[shot] tds-205-mgw0 (1024x768)
[21:23:45] [tds] screen tds-205-mgw0 : Recyc TallyPrime MANAGE EDU K: Company Y: Data Z: Exchange FinCom • ke Co Master Alteration Heads O: Import Create Back E: Export M: Share p: print Firefo Googl Chron Micros lyp Unity Quit List of Pa MA Attend MA Basic MA Piece MA T4 MH Wage x Fl: Help nt to •elati c2524 9b89b -c082 Hub" , " : "6b 9b89b -c082 : '2.3 tion_ 24978 isten corre 2fcfc nning ' , "sou Oad7- age" , " : "6b Q Search Windows Server 2025 Datacenter Build 26100.ge_release240331-1435 9:23 PM 10/8/2026
[keys] '{ESC}' -> Tally 'TallyPrime:9000'
[shot] tds-206-mgw1 (1024x768)
[21:23:47] [tds] screen tds-206-mgw1 : TallyPrime MANAGE Recyc EDU Firefo Googl Chron Micros Unity Quit K: Company Y: Data Z: Exchange FinCom • ke Co Master Alteration List of Masters Accounting Masters Group Ledger Cost Centre Currency Voucher Type Inventory Masters Stock Group Stock Category Stock Item Unit Location Payroll Masters Employee Group Employee Units (Work) Attendance/Production Type Pay Heads Payroll Voucher Type Statutory Masters GST Registration GST Classification Statutory Details Company GST Details O: Import Change Company Expand All Show More E: Export M: Share Q Search 161 p: print Fl: Help x nt to •elati c2524...
[keys] '{ESC}' -> Tally 'TallyPrime:9000'
[shot] tds-207-mgw2 (1024x768)
[21:23:50] [tds] screen tds-207-mgw2 : TallyPrime MANAGE Recyc EDU K: Company Gatewa of Tall Y: Data Z: Exchange CURRENT OATE Wednesday, I-Apr-2026 O: Import E: Export M: Share p: print Fl: Help Date Company Firefo Googl Chro Micros 46 IypÅ Unity CURRENT PERIOD I-Apr-26 to 31-Mar-27 NAME OF COMPANY FinCom Spike Co Gateway of Tally MASTERS Create Alter CHart of Accounts TRANSACTIONS Vouchers Day 800K UTILITIES BaNking REPORTS Balance Sheet Profit & Loss A/c Stock Summary Ratio Analysis Display More Reports DashbOard Quit 161 nt to •elati c2524 9b89b -c082 Hub" , " : "6b 9b89b -c082 tion_ 24978 isten corre 2fcfc nning ' , "sou Oad7- ...
[keys] 'a' -> Tally 'TallyPrime:9000'
[keys] '{BACKSPACE}{BACKSPACE}{BACKSPACE}{BACKSPACE}{BACKSPACE}{BACKSPACE}{BACKSPACE}{BACKSPACE}{BACKSPACE}{BACKSPACE}{BACKSPACE}{BACKSPACE}{BACKSPACE}{BACKSPACE}{BACKSPACE}{BACKSPACE}{BACKSPACE}{BACKSPACE}{BACKSPACE}{BACKSPACE}' -> Tally 'TallyPrime:9000'
[keys] 'Pay Head' -> Tally 'TallyPrime:9000'
[keys] '{ENTER}' -> Tally 'TallyPrime:9000'
[keys] 'MA Basic' -> Tally 'TallyPrime:9000'
[keys] '{ENTER}' -> Tally 'TallyPrime:9000'
[shot] mh-0349-T-PayHead5-form (1024x768)
[mh] mh-0349-T-PayHead5-form: field 139,113,245x16 left 'Name' heads 'Pa Head Alteration / K: Company / Y: Data' value 'MA Basic' (boxes: 139,113,245x16[Name|Pa Head Alteration/K: Company/Y: Data]) | TallyPrime MANAGE Recyc EDU K: Company Pa Head Alteration Y: Data Z: Exchange O: Import FinCom Spike Co E: Export M: Share P: Print Total Opening Balance Name (alias) Firefo Googl Pay head type Chro MA Basic MA T4 Pay Head Information Fl: Help F2: period Company Income type Under Affect net salary Micros Use for calculation of gratuity Calculation type 46 IypÅ Unity Quit Earnings for Employees Fixed Indirect Expenses No No As User Defined Value Opening Balance A Accept Q Search FIO: Other Masters 161 nt to •elati c2524 9b89b -c082 Hub" , " : "6b 9b89b -c082 tion_ 24978 isten corre 2fcfc nning ' , "sou Oad7- age" , " : "6b ( on I-Apr-26) : D: Delete W: Show All Periods Configure Windows Server 2025 Datacenter Build 26100.ge_release240331-1435 9:24 PM 10/8/2026
[shot] mh-0350-T5-w1 (1024x768)
[mh] mh-0350-T5-w1: field 139,113,245x16 left 'Name' heads 'Pa Head Alteration / K: Company / Y: Data' value 'IA Basic' (boxes: 139,113,245x16[Name|Pa Head Alteration/K: Company/Y: Data]) | TallyPrime MANAGE Recyc EDU K: Company Pa Head Alteration Y: Data Z: Exchange O: Import FinCom Spike Co E: Export M: Share P: Print Total Opening Balance Name (alias) Firefo Googl Pay head type Chro IA Basic MA T4 Pay Head Information Fl: Help F2: period Company Income type Under Affect net salary Micros Use for calculation of gratuity Calculation type 46 IypÅ Unity Quit Earnings for Employees Fixed Indirect Expenses No No As User Defined Value Opening Balance A Accept Q Search FIO: Other Masters 161 nt to •elati c2524 9b89b -c082 Hub" , " : "6b 9b89b -c082 tion_ 24978 isten corre 2fcfc nning ' , "sou Oad7- age" , " : "6b ( on I-Apr-26) : D: Delete W: Show All Periods Configure Windows Server 2025 Datacenter Build 26100.ge_release240331-1435 9:24 PM 10/8/2026
[keys] '{ENTER}' -> Tally 'TallyPrime:9000'
[shot] mh-0351-T5-w2 (1024x768)
[mh] mh-0351-T5-w2: field 139,131,245x16 left '' heads 'MA Basic / Pa Head Alteration / K: Company' value '' (boxes: 139,131,245x16[|MA Basic/Pa Head Alteration/K: Company]) | TallyPrime MANAGE Recyc EDU K: Company Pa Head Alteration Y: Data Z: Exchange O: Import FinCom • ke Co E: Export M: Share P: Print Total Opening Balance Name Firefo Googl Pay head type Chro MA Basic Pay Head Information Fl: Help F2: period Company Income type Under Affect net salary Micros Use for calculation of gratuity Calculation type 46 IypÅ Unity Quit Earnings for Employees Fixed Indirect Expenses No No As User Defined Value Opening Balance A Accept Q Search FIO: Other Masters 161 nt to •elati c2524 9b89b -c082 Hub" , " : "6b 9b89b -c082 tion_ 24978 isten corre 2fcfc nning ' , "sou Oad7- age" , " : "6b ( on I-Apr-26) : D: Delete W: Show All Periods Configure Windows Server 2025 Datacenter Build 26100.ge_release240331-1435 9:24 PM 10/8/2026
[mh] T5 rule 0 (alias^MA\s*Bas[1lIi|]c$) on '|MA Basic': keys 'MA T5{ENTER}'
[keys] 'MA T5' -> Tally 'TallyPrime:9000'
[keys] '{ENTER}' -> Tally 'TallyPrime:9000'
[keys] '' -> Tally 'TallyPrime:9000'
[shot] mh-0352-T-PayHead5-savedT (1024x768)
[mh] mh-0352-T-PayHead5-savedT: field 341,142,245x16 left '' heads 'Master Alteration / FinCom • ke Co / Z: Exchange' value '' (boxes: 341,142,245x16[|Master Alteration/FinCom • ke Co/Z: Exchange]) | Recyc TallyPrime MANAGE EDU K: Company Y: Data Z: Exchange FinCom • ke Co Master Alteration Heads O: Import Create Back E: Export M: Share p: print Firefo Googl Chron Micros lyp Unity Quit List of Pa MA Attend MA Basic MA Piece MH Wage x Fl: Help nt to •elati c2524 9b89b -c082 Hub" , " : "6b 9b89b -c082 : '2.3 tion_ 24978 isten corre 2fcfc nning ' , "sou Oad7- age" , " : "6b Q Search Windows Server 2025 Datacenter Build 26100.ge_release240331-1435 9:24 PM 10/8/2026
[mh] T-PayHead5 Ctrl+A to ALTMSTID moved (251 ->): 29.3 ms
[shot] tds-208-mgw0 (1024x768)
[21:24:15] [tds] screen tds-208-mgw0 : Recyc TallyPrime MANAGE EDU K: Company Y: Data Z: Exchange FinCom • ke Co Master Alteration Heads O: Import Create Back E: Export M: Share p: print Firefo Googl Chron Micros lyp Unity Quit List of Pa MA Attend MA Basic MA Piece MH Wage x Fl: Help nt to •elati c2524 9b89b -c082 Hub" , " : "6b 9b89b -c082 : '2.3 tion_ 24978 isten corre 2fcfc nning ' , "sou Oad7- age" , " : "6b Q Search Windows Server 2025 Datacenter Build 26100.ge_release240331-1435 9:24 PM 10/8/2026
[keys] '{ESC}' -> Tally 'TallyPrime:9000'
[shot] tds-209-mgw1 (1024x768)
[21:24:18] [tds] screen tds-209-mgw1 : TallyPrime MANAGE Recyc EDU Firefo Googl Chron Micros Unity Quit K: Company Y: Data Z: Exchange FinCom • ke Co Master Alteration List of Masters Accounting Masters Group Ledger Cost Centre Currency Voucher Type Inventory Masters Stock Group Stock Category Stock Item Unit Location Payroll Masters Employee Group Employee Units (Work) Attendance/Production Type Pay Heads Payroll Voucher Type Statutory Masters GST Registration GST Classification Statutory Details Company GST Details O: Import Change Company Expand All Show More E: Export M: Share Q Search 161 p: print Fl: Help x nt to •elati c2524...
[keys] '{ESC}' -> Tally 'TallyPrime:9000'
[shot] tds-210-mgw2 (1024x768)
[21:24:20] [tds] screen tds-210-mgw2 : TallyPrime MANAGE Recyc EDU K: Company Gatewa of Tall Y: Data Z: Exchange CURRENT OATE Wednesday, I-Apr-2026 O: Import E: Export M: Share p: print Fl: Help Date Company Firefo Googl Chro Micros 46 IypÅ Unity CURRENT PERIOD I-Apr-26 to 31-Mar-27 NAME OF COMPANY FinCom Spike Co Gateway of Tally MASTERS Create Alter CHart of Accounts TRANSACTIONS Vouchers Day 800K UTILITIES BaNking REPORTS Balance Sheet Profit & Loss A/c Stock Summary Ratio Analysis Display More Reports DashbOard Quit 161 nt to •elati c2524 9b89b -c082 Hub" , " : "6b 9b89b -c082 tion_ 24978 isten corre 2fcfc nning ' , "sou Oad7- ...
  INFO mh A save time Pay Head (alter, Ctrl+A to Tally's ALTMSTID moved): -1, 29.3, 30.9, 29.9, 29.3 ms
  INFO tally.ini TDL lines: none
  INFO Tally started afresh (phase B: no TDL)
[keys] 'a' -> Tally 'TallyPrime:9000'
[keys] 't' -> Tally 'TallyPrime:9000'
[shot] tds-211-mh-start-0 (1024x768)
[21:24:54] [tds] screen tds-211-mh-start-0 : TallyPrime MANAGE Recyc EDU K: Company Gatewa of Tall Y: Data Z: Exchange CURRENT OATE Wednesday, I-Apr-2026 O: Import E: Export M: Share p: print Fl: Help Date Company Firefo Googl Chro Micros 46 IypÅ Unity CURRENT PERIOD I-Apr-26 to 31-Mar-27 NAME OF COMPANY FinCom Spike Co Gateway of Tally MASTERS Create Alter CHart of Accounts TRANSACTIONS Vouchers Day 800K UTILITIES BaNking REPORTS Balance Sheet Profit & Loss A/c Stock Summary Ratio Analysis Display More Reports DashbOard Quit 161 nt to •elati c2524 9b89b -c082 Hub" , " : "6b 9b89b -c082 tion_ 24978 isten corre 2fcfc nning ' , "sou Oad7- ...
[shot] tds-212-mgw0 (1024x768)
[21:24:55] [tds] screen tds-212-mgw0 : TallyPrime MANAGE Recyc EDU K: Company Gatewa of Tall Y: Data Z: Exchange CURRENT OATE Wednesday, I-Apr-2026 O: Import E: Export M: Share p: print Fl: Help Date Company Firefo Googl Chro Micros 46 IypÅ Unity CURRENT PERIOD I-Apr-26 to 31-Mar-27 NAME OF COMPANY FinCom Spike Co Gateway of Tally MASTERS Create Alter CHart of Accounts TRANSACTIONS Vouchers Day 800K UTILITIES BaNking REPORTS Balance Sheet Profit & Loss A/c Stock Summary Ratio Analysis Display More Reports DashbOard Quit 161 nt to •elati c2524 9b89b -c082 Hub" , " : "6b 9b89b -c082 tion_ 24978 isten corre 2fcfc nning ' , "sou Oad7- ...
[21:24:55] ---- mh B G1-create (Godown 'MB Godown 1')
[shot] tds-213-mgw0 (1024x768)
[21:24:56] [tds] screen tds-213-mgw0 : TallyPrime MANAGE Recyc EDU K: Company Gatewa of Tall Y: Data Z: Exchange CURRENT OATE Wednesday, I-Apr-2026 O: Import E: Export M: Share p: print Fl: Help Date Company Firefo Googl Chro Micros 46 IypÅ Unity CURRENT PERIOD I-Apr-26 to 31-Mar-27 NAME OF COMPANY FinCom Spike Co Gateway of Tally MASTERS Create Alter CHart of Accounts TRANSACTIONS Vouchers Day 800K UTILITIES BaNking REPORTS Balance Sheet Profit & Loss A/c Stock Summary Ratio Analysis Display More Reports DashbOard Quit 161 nt to •elati c2524 9b89b -c082 Hub" , " : "6b 9b89b -c082 tion_ 24978 isten corre 2fcfc nning ' , "sou Oad7- ...
[keys] 'c' -> Tally 'TallyPrime:9000'
[keys] '{BACKSPACE}{BACKSPACE}{BACKSPACE}{BACKSPACE}{BACKSPACE}{BACKSPACE}{BACKSPACE}{BACKSPACE}{BACKSPACE}{BACKSPACE}{BACKSPACE}{BACKSPACE}{BACKSPACE}{BACKSPACE}{BACKSPACE}{BACKSPACE}{BACKSPACE}{BACKSPACE}{BACKSPACE}{BACKSPACE}' -> Tally 'TallyPrime:9000'
[keys] 'Location' -> Tally 'TallyPrime:9000'
[keys] '{ENTER}' -> Tally 'TallyPrime:9000'
[shot] mh-0353-G1-form (1024x768)
[mh] mh-0353-G1-form: field 143,117,245x16 left 'Name' heads 'K: Company / Y: Data / Z: Exchange' value '' (boxes: 143,117,245x16[Name|K: Company/Y: Data/Z: Exchange]) | Recyc TallyPrime MANAGE EDU K: Company Location Creation Name (alias) Y: Data Z: Exchange A Accept Q Search O: Import E: Export M: Share p: print FinCom Spike Co x Fl: Help F2: period Company Firefo Under Googl Chron Micros lyp Unity Quit • Primary FIO: Other Masters nt to •elati c2524 9b89b -c082 Hub" , " : "6b 9b89b -c082 . '2.3 tion_ 24978 isten corre 2fcfc nning ' , "sou Oad7- age" , " : "6b p: Delete More Details Configure Windows Server 2025 Datacenter Build 26100.ge_release240331-1435 9:25 PM 10/8/2026
[shot] mh-0354-G1-w1 (1024x768)
[mh] mh-0354-G1-w1: field 143,117,245x16 left 'Name' heads 'K: Company / Y: Data / Z: Exchange' value '' (boxes: 143,117,245x16[Name|K: Company/Y: Data/Z: Exchange]) | Recyc TallyPrime MANAGE EDU K: Company Location Creation Name (alias) Y: Data Z: Exchange A Accept Q Search O: Import E: Export M: Share p: print FinCom Spike Co x Fl: Help F2: period Company Firefo Under Googl Chron Micros lyp Unity Quit • Primary FIO: Other Masters nt to •elati c2524 9b89b -c082 Hub" , " : "6b 9b89b -c082 . '2.3 tion_ 24978 isten corre 2fcfc nning ' , "sou Oad7- age" , " : "6b p: Delete More Details Configure Windows Server 2025 Datacenter Build 26100.ge_release240331-1435 9:25 PM 10/8/2026
[mh] G1 rule 0 ((^|\W)Name$) on 'Name|K: Company': keys 'MB Godown 1{ENTER}'
[keys] 'MB Godown 1' -> Tally 'TallyPrime:9000'
[keys] '{ENTER}' -> Tally 'TallyPrime:9000'
[shot] mh-0355-G1-w2 (1024x768)
[mh] mh-0355-G1-w2: field 143,135,245x16 left '' heads 'MB Godown 1 / K: Company Y: Data / Z: Exchange' value '' (boxes: 143,135,245x16[|MB Godown 1/K: Company Y: Data/Z: Exchange]) | Recyc TallyPrime MANAGE EDU K: Company Y: Data Location Creation Z: Exchange A Accept Q Search O: Import E: Export M: Share p: print FinCom Spike Co x Fl: Help F2: period Company Name Firefo Under Googl Chron Micros lyp Unity Quit MB Godown 1 • Primary FIO: Other Masters nt to •elati c2524 9b89b -c082 Hub" , " : "6b 9b89b -c082 . '2.3 tion_ 24978 isten corre 2fcfc nning ' , "sou Oad7- age" , " : "6b p: Delete More Details Configure Windows Server 2025 Datacenter Build 26100.ge_release240331-1435 9:25 PM 10/8/2026
[mh] G1 rule 1 (alias^MB\s*Godown\s*[1lIi|]$) on '|MB Godown 1': keys 'MB G1{ENTER}'
[keys] 'MB G1' -> Tally 'TallyPrime:9000'
[keys] '{ENTER}' -> Tally 'TallyPrime:9000'
[shot] mh-0356-G1-w3 (1024x768)
[mh] mh-0356-G1-w3: field 143,153,245x16 left 'Firefo' heads 'MB GI / MB Godown 1 / K: Company Y: Data' value '' (boxes: 143,153,245x16[Firefo|MB GI/MB Godown 1/K: Company Y: Data]) | Recyc TallyPrime MANAGE EDU K: Company Y: Data Location Creation Z: Exchange A Accept Q Search O: Import E: Export M: Share p: print FinCom Spike Co x Fl: Help F2: period Company Name (alias) Firefo Under Googl Chron Micros lyp Unity Quit MB Godown 1 MB GI • Primary FIO: Other Masters nt to •elati c2524 9b89b -c082 Hub" , " : "6b 9b89b -c082 . '2.3 tion_ 24978 isten corre 2fcfc nning ' , "sou Oad7- age" , " : "6b p: Delete More Details Configure Windows Server 2025 Datacenter Build 26100.ge_release240331-1435 9:25 PM 10/8/2026
[keys] '{ENTER}' -> Tally 'TallyPrime:9000'
[shot] mh-0357-G1-w4 (1024x768)
[mh] mh-0357-G1-w4: field 143,197,189x16 left 'Under' heads 'MB GI / MB Godown 1 / K: Company Y: Data' value 'Prima' (boxes: 143,197,189x16[Under|MB GI/MB Godown 1/K: Company Y: Data]) | TallyPrime MANAGE Recyc EDU K: Company Y: Data Location Creation Z: Exchange Accept Q Search FinCom Spike Co O: Import E: Export List of Locations • Primary MA Godown IR Main Location MA T4 MH Main p: Delete M: Share Name (alias) p: print x Create Fl: Help F2: period Company Firefo Under Googl Chron Micros Unity Quit MB Godown 1 MB GI Prima FIO: Other Masters More Details Configure 161 nt to •elati c2524 9b89b -c082 Hub" , " : "6b 9b89b -c082 tion_ 24978 isten corre 2fcfc nning ' , "sou Oad7- age" , " : "6b Windows Server 2025 Datacenter Build 26100.ge_release240331-1435 9:25 PM 10/8/2026
[mh] G1 rule 2 ((^|\W)Under$) on 'Under|MB GI': keys 'Primary{ENTER}'
[keys] 'Primary' -> Tally 'TallyPrime:9000'
[keys] '{ENTER}' -> Tally 'TallyPrime:9000'
[shot] mh-0358-G1-before-save (1024x768)
[mh] mh-0358-G1-before-save: field none left '' heads '' value '' (boxes: ) | Recyc TallyPrime MANAGE EDU K: Company Y: Data Location Creation Z: Exchange Accept Q Yes or No O: Import E: Export M: Share p: print FinCom Spike Co x Fl: Help F2: period F3: Company Name (alias) Firefo Under Googl Chron Micros lyp Unity Q: Quit MB Godown 1 MB GI • Primary IA FIO : Other Masters nt to •elati c2524 9b89b -c082 Hub" , " : "6b 9b89b -c082 . '2.3 tion_ 24978 isten corre 2fcfc nning ' , "sou Oad7- age" , " : "6b _ : Accept p: Delete l: More Details F 12: Configure Q Search Windows Server 2025 Datacenter Build 26100.ge_release240331-1435 9:25 PM 10/8/2026
[keys] '' -> Tally 'TallyPrime:9000'
[shot] mh-0359-G1-saved1 (1024x768)
[mh] mh-0359-G1-saved1: field 143,117,245x16 left 'Name' heads 'K: Company / Y: Data / Z: Exchange' value '' (boxes: 143,117,245x16[Name|K: Company/Y: Data/Z: Exchange]) | Recyc TallyPrime MANAGE EDU K: Company Location Creation Name (alias) Y: Data Z: Exchange A Accept Q Search O: Import E: Export M: Share p: print FinCom Spike Co x Fl: Help F2: period Company Firefo Under Googl Chron Micros lyp Unity Quit • Primary FIO: Other Masters nt to •elati c2524 9b89b -c082 Hub" , " : "6b 9b89b -c082 . '2.3 tion_ 24978 isten corre 2fcfc nning ' , "sou Oad7- age" , " : "6b p: Delete More Details Configure Windows Server 2025 Datacenter Build 26100.ge_release240331-1435 9:25 PM 10/8/2026
[shot] tds-214-mgw0 (1024x768)
[21:25:25] [tds] screen tds-214-mgw0 : Recyc TallyPrime MANAGE EDU K: Company Location Creation Name (alias) Y: Data Z: Exchange A Accept Q Search O: Import E: Export M: Share p: print FinCom Spike Co x Fl: Help F2: period Company Firefo Under Googl Chron Micros lyp Unity Quit • Primary FIO: Other Masters nt to •elati c2524 9b89b -c082 Hub" , " : "6b 9b89b -c082 . '2.3 tion_ 24978 isten corre 2fcfc nning ' , "sou Oad7- age" , " : "6b p: Delete More Details Configure Windows Server 2025 Datacenter Build 26100.ge_release240331-1435 9:25 PM 10/8/2026
[keys] '{ESC}' -> Tally 'TallyPrime:9000'
[shot] tds-215-mgw1 (1024x768)
[21:25:27] [tds] screen tds-215-mgw1 : Recyc TallyPrime MANAGE EDU K: Company Location Creation Name (alias) Y: Data Z: Exchange Quit o Yes or No O: Import E: Export M: Share p: print FinCom Spike Co x Fl: Help F2: period F3: Company Firefo Under Googl Chron Micros lyp Unity Q: Quit • Primary FIO : Other Masters nt to •elati c2524 9b89b -c082 Hub" , " : "6b 9b89b -c082 . '2.3 tion_ 24978 isten corre 2fcfc nning ' , "sou Oad7- age" , " : "6b IA _ : Accept Q Search p: Delete l: More Details F 12: Configure Windows Server 2025 Datacenter Build 26100.ge_release240331-1435 9:25 PM 10/8/2026
[keys] 'n' -> Tally 'TallyPrime:9000'
[shot] tds-216-mgw2 (1024x768)
[21:25:31] [tds] screen tds-216-mgw2 : Recyc TallyPrime MANAGE EDU K: Company Location Creation Name (alias) Y: Data Z: Exchange A Accept Q Search O: Import E: Export M: Share p: print FinCom Spike Co x Fl: Help F2: period Company Firefo Under Googl Chron Micros lyp Unity Quit • Primary FIO: Other Masters nt to •elati c2524 9b89b -c082 Hub" , " : "6b 9b89b -c082 . '2.3 tion_ 24978 isten corre 2fcfc nning ' , "sou Oad7- age" , " : "6b p: Delete More Details Configure Windows Server 2025 Datacenter Build 26100.ge_release240331-1435 9:25 PM 10/8/2026
[keys] '{ESC}' -> Tally 'TallyPrime:9000'
[shot] tds-217-mgw3 (1024x768)
[21:25:33] [tds] screen tds-217-mgw3 : Recyc TallyPrime MANAGE EDU K: Company Location Creation Name (alias) Y: Data Z: Exchange Quit o Yes or No O: Import E: Export M: Share p: print FinCom Spike Co x Fl: Help F2: period F3: Company Firefo Under Googl Chron Micros lyp Unity Q: Quit • Primary FIO : Other Masters nt to •elati c2524 9b89b -c082 Hub" , " : "6b 9b89b -c082 . '2.3 tion_ 24978 isten corre 2fcfc nning ' , "sou Oad7- age" , " : "6b IA _ : Accept Q Search p: Delete l: More Details F 12: Configure Windows Server 2025 Datacenter Build 26100.ge_release240331-1435 9:25 PM 10/8/2026
[keys] 'n' -> Tally 'TallyPrime:9000'
[shot] tds-218-mgw4 (1024x768)
[21:25:37] [tds] screen tds-218-mgw4 : Recyc TallyPrime MANAGE EDU K: Company Location Creation Name (alias) Y: Data Z: Exchange A Accept Q Search O: Import E: Export M: Share p: print FinCom Spike Co x Fl: Help F2: period Company Firefo Under Googl Chron Micros lyp Unity Quit • Primary FIO: Other Masters nt to •elati c2524 9b89b -c082 Hub" , " : "6b 9b89b -c082 . '2.3 tion_ 24978 isten corre 2fcfc nning ' , "sou Oad7- age" , " : "6b p: Delete More Details Configure Windows Server 2025 Datacenter Build 26100.ge_release240331-1435 9:25 PM 10/8/2026
[keys] '{ESC}' -> Tally 'TallyPrime:9000'
[shot] tds-219-mgw5 (1024x768)
[21:25:40] [tds] screen tds-219-mgw5 : Recyc TallyPrime MANAGE EDU K: Company Location Creation Name (alias) Y: Data Z: Exchange Quit o Yes or No O: Import E: Export M: Share p: print FinCom Spike Co x Fl: Help F2: period F3: Company Firefo Under Googl Chron Micros lyp Unity Q: Quit • Primary FIO : Other Masters nt to •elati c2524 9b89b -c082 Hub" , " : "6b 9b89b -c082 . '2.3 tion_ 24978 isten corre 2fcfc nning ' , "sou Oad7- age" , " : "6b IA _ : Accept Q Search p: Delete l: More Details F 12: Configure Windows Server 2025 Datacenter Build 26100.ge_release240331-1435 9:25 PM 10/8/2026
[keys] 'n' -> Tally 'TallyPrime:9000'
[shot] tds-220-mgw6 (1024x768)
[21:25:43] [tds] screen tds-220-mgw6 : Recyc TallyPrime MANAGE EDU K: Company Location Creation Name (alias) Y: Data Z: Exchange A Accept Q Search O: Import E: Export M: Share p: print FinCom Spike Co x Fl: Help F2: period Company Firefo Under Googl Chron Micros lyp Unity Quit • Primary FIO: Other Masters nt to •elati c2524 9b89b -c082 Hub" , " : "6b 9b89b -c082 . '2.3 tion_ 24978 isten corre 2fcfc nning ' , "sou Oad7- age" , " : "6b p: Delete More Details Configure Windows Server 2025 Datacenter Build 26100.ge_release240331-1435 9:25 PM 10/8/2026
[keys] '{ESC}' -> Tally 'TallyPrime:9000'
[shot] tds-221-mgw7 (1024x768)
[21:25:46] [tds] screen tds-221-mgw7 : Recyc TallyPrime MANAGE EDU K: Company Location Creation Name (alias) Y: Data Z: Exchange Quit o Yes or No O: Import E: Export M: Share p: print FinCom Spike Co x Fl: Help F2: period F3: Company Firefo Under Googl Chron Micros lyp Unity Q: Quit • Primary FIO : Other Masters nt to •elati c2524 9b89b -c082 Hub" , " : "6b 9b89b -c082 . '2.3 tion_ 24978 isten corre 2fcfc nning ' , "sou Oad7- age" , " : "6b IA _ : Accept Q Search p: Delete l: More Details F 12: Configure Windows Server 2025 Datacenter Build 26100.ge_release240331-1435 9:25 PM 10/8/2026
[keys] 'n' -> Tally 'TallyPrime:9000'
[21:25:48] [tds] the Gateway not reached (after G1-create): Tally started again
[keys] 'a' -> Tally 'TallyPrime:9000'
[keys] 't' -> Tally 'TallyPrime:9000'
[shot] tds-222-mh-start-0 (1024x768)
[21:26:23] [tds] screen tds-222-mh-start-0 : TallyPrime MANAGE Recyc EDU K: Company Gatewa of Tall Y: Data Z: Exchange CURRENT OATE Wednesday, I-Apr-2026 O: Import E: Export M: Share p: print Fl: Help Date Company Firefo Googl Chro Micros 46 IypÅ Unity CURRENT PERIOD I-Apr-26 to 31-Mar-27 NAME OF COMPANY FinCom Spike Co Gateway of Tally MASTERS Create Alter CHart of Accounts TRANSACTIONS Vouchers Day 800K UTILITIES BaNking REPORTS Balance Sheet Profit & Loss A/c Stock Summary Ratio Analysis Display More Reports DashbOard Quit 161 nt to •elati c2524 9b89b -c082 Hub" , " : "6b 9b89b -c082 tion_ 24978 isten corre 2fcfc nning ' , "sou Oad7- ...
  INFO mh B G1-create: stored as typed True; error ''; Ctrl+A 73.8 ms; add-on lines: none
[21:26:24] ---- mh B G2-alter-alias (Godown 'MB Godown 1')
[shot] tds-223-mgw0 (1024x768)
[21:26:24] [tds] screen tds-223-mgw0 : TallyPrime MANAGE Recyc EDU K: Company Gatewa of Tall Y: Data Z: Exchange CURRENT OATE Wednesday, I-Apr-2026 O: Import E: Export M: Share p: print Fl: Help Date Company Firefo Googl Chro Micros 46 IypÅ Unity CURRENT PERIOD I-Apr-26 to 31-Mar-27 NAME OF COMPANY FinCom Spike Co Gateway of Tally MASTERS Create Alter CHart of Accounts TRANSACTIONS Vouchers Day 800K UTILITIES BaNking REPORTS Balance Sheet Profit & Loss A/c Stock Summary Ratio Analysis Display More Reports DashbOard Quit 161 nt to •elati c2524 9b89b -c082 Hub" , " : "6b 9b89b -c082 tion_ 24978 isten corre 2fcfc nning ' , "sou Oad7- ...
[keys] 'a' -> Tally 'TallyPrime:9000'
[keys] '{BACKSPACE}{BACKSPACE}{BACKSPACE}{BACKSPACE}{BACKSPACE}{BACKSPACE}{BACKSPACE}{BACKSPACE}{BACKSPACE}{BACKSPACE}{BACKSPACE}{BACKSPACE}{BACKSPACE}{BACKSPACE}{BACKSPACE}{BACKSPACE}{BACKSPACE}{BACKSPACE}{BACKSPACE}{BACKSPACE}' -> Tally 'TallyPrime:9000'
[keys] 'Location' -> Tally 'TallyPrime:9000'
[keys] '{ENTER}' -> Tally 'TallyPrime:9000'
[keys] 'MB Godown 1' -> Tally 'TallyPrime:9000'
[keys] '{ENTER}' -> Tally 'TallyPrime:9000'
[shot] mh-0360-G2-form (1024x768)
[mh] mh-0360-G2-form: field 143,117,245x16 left 'Name' heads 'Location Alteration / K: Company Y: Data / Z: Exchange' value 'MB Godown 1' (boxes: 143,117,245x16[Name|Location Alteration/K: Company Y: Data/Z: Exchange]) | Recyc TallyPrime MANAGE EDU K: Company Y: Data Location Alteration Z: Exchange A Accept Q Search FinCom Spike Co O: Import Delete E: Export M: Share p: print x Fl: Help F2: period Company Name (alias) Firefo Under Googl Chron Micros lyp Unity Quit MB Godown 1 MB GI • Primary FIO: Other Masters More Details Configure nt to •elati c2524 9b89b -c082 Hub" , " : "6b 9b89b -c082 . '2.3 tion_ 24978 isten corre 2fcfc nning ' , "sou Oad7- age" , " : "6b Windows Server 2025 Datacenter Build 26100.ge_release240331-1435 9:26 PM 10/8/2026
[shot] mh-0361-G2-w1 (1024x768)
[mh] mh-0361-G2-w1: field 143,117,245x16 left 'Name' heads 'Location Alteration / K: Company Y: Data / Z: Exchange' value '1B Godown 1' (boxes: 143,117,245x16[Name|Location Alteration/K: Company Y: Data/Z: Exchange]) | Recyc TallyPrime MANAGE EDU K: Company Y: Data Location Alteration Z: Exchange A Accept Q Search FinCom Spike Co O: Import Delete E: Export M: Share p: print x Fl: Help F2: period Company Name (alias) Firefo Under Googl Chron Micros lyp Unity Quit 1B Godown 1 MB GI • Primary FIO: Other Masters More Details Configure nt to •elati c2524 9b89b -c082 Hub" , " : "6b 9b89b -c082 . '2.3 tion_ 24978 isten corre 2fcfc nning ' , "sou Oad7- age" , " : "6b Windows Server 2025 Datacenter Build 26100.ge_release240331-1435 9:26 PM 10/8/2026
[keys] '{ENTER}' -> Tally 'TallyPrime:9000'
[shot] mh-0362-G2-w2 (1024x768)
[mh] mh-0362-G2-w2: field 143,135,245x16 left '' heads 'MB Godown 1 / Location Alteration / K: Company Y: Data' value 'GI' (boxes: 143,135,245x16[|MB Godown 1/Location Alteration/K: Company Y: Data]) | Recyc TallyPrime MANAGE EDU K: Company Y: Data Location Alteration Z: Exchange A Accept Q Search O: Import E: Export M: Share p: print FinCom Spike Co x Fl: Help F2: period Company Name Firefo Under Googl Chron Micros lyp Unity Quit MB Godown 1 GI • Primary FIO: Other Masters nt to •elati c2524 9b89b -c082 Hub" , " : "6b 9b89b -c082 . '2.3 tion_ 24978 isten corre 2fcfc nning ' , "sou Oad7- age" , " : "6b Delete More Details Configure Windows Server 2025 Datacenter Build 26100.ge_release240331-1435 9:26 PM 10/8/2026
[mh] G2 rule 0 (alias^MB\s*Godown\s*[1lIi|]$) on '|MB Godown 1': keys 'MB G1X{ENTER}'
[keys] 'MB G1X' -> Tally 'TallyPrime:9000'
[keys] '{ENTER}' -> Tally 'TallyPrime:9000'
[shot] mh-0363-G2-before-save (1024x768)
[mh] mh-0363-G2-before-save: field 143,153,245x16 left 'Firefo' heads 'MB GIX / MB Godown 1 / Location Alteration' value '' (boxes: 143,153,245x16[Firefo|MB GIX/MB Godown 1/Location Alteration]) | Recyc TallyPrime MANAGE EDU K: Company Y: Data Location Alteration Z: Exchange A Accept Q Search FinCom Spike Co O: Import Delete E: Export M: Share p: print x Fl: Help F2: period Company Name (alias) Firefo Under Googl Chron Micros lyp Unity Quit MB Godown 1 MB GIX • Primary FIO: Other Masters More Details Configure nt to •elati c2524 9b89b -c082 Hub" , " : "6b 9b89b -c082 . '2.3 tion_ 24978 isten corre 2fcfc nning ' , "sou Oad7- age" , " : "6b Windows Server 2025 Datacenter Build 26100.ge_release240331-1435 9:26 PM 10/8/2026
[keys] '' -> Tally 'TallyPrime:9000'
[shot] mh-0364-G2-saved1 (1024x768)
[mh] mh-0364-G2-saved1: field 341,142,245x16 left '' heads 'Master Alteration / FinCom • ke Co / Z: Exchange' value '' (boxes: 341,142,245x16[|Master Alteration/FinCom • ke Co/Z: Exchange]) | x Recyc TallyPrime MANAGE EDU K: Company Y: Data Z: Exchange FinCom • ke Co Master Alteration List of Locations MA Godown IR Main Location MA T4 MB GIX MB Godown 1 MH Main O: Import Create Back E: Export M: Share p: print Fl: Help Firefo Googl Chron Micros lyp Unity Quit Q Search nt to •elati c2524 9b89b -c082 Hub" , " : "6b 9b89b -c082 : '2.3 tion_ 24978 isten corre 2fcfc nning ' , "sou Oad7- age" , " : "6b Windows Server 2025 Datacenter Build 26100.ge_release240331-1435 9:26 PM 10/8/2026
[shot] tds-224-mgw0 (1024x768)
[21:26:56] [tds] screen tds-224-mgw0 : x Recyc TallyPrime MANAGE EDU K: Company Y: Data Z: Exchange FinCom • ke Co Master Alteration List of Locations MA Godown IR Main Location MA T4 MB GIX MB Godown 1 MH Main O: Import Create Back E: Export M: Share p: print Fl: Help Firefo Googl Chron Micros lyp Unity Quit Q Search nt to •elati c2524 9b89b -c082 Hub" , " : "6b 9b89b -c082 : '2.3 tion_ 24978 isten corre 2fcfc nning ' , "sou Oad7- age" , " : "6b Windows Server 2025 Datacenter Build 26100.ge_release240331-1435 9:26 PM 10/8/2026
[keys] '{ESC}' -> Tally 'TallyPrime:9000'
[shot] tds-225-mgw1 (1024x768)
[21:26:59] [tds] screen tds-225-mgw1 : TallyPrime MANAGE Recyc EDU Firefo Googl Chron Micros Unity Quit K: Company Y: Data Z: Exchange FinCom • ke Co Master Alteration List of Masters Accounting Masters Group Ledger Cost Centre Currency Voucher Type Inventory Masters Stock Group Stock Category Stock Item Unit Location Payroll Masters Employee Group Employee Units (Work) Attendance/Production Type Pay Heads Payroll Voucher Type Statutory Masters GST Registration GST Classification Statutory Details Company GST Details O: Import Change Company Expand All Show More E: Export M: Share Q Search 161 p: print Fl: Help x nt to •elati c2524...
[keys] '{ESC}' -> Tally 'TallyPrime:9000'
[shot] tds-226-mgw2 (1024x768)
[21:27:01] [tds] screen tds-226-mgw2 : TallyPrime MANAGE Recyc EDU K: Company Gatewa of Tall Y: Data Z: Exchange CURRENT OATE Wednesday, I-Apr-2026 O: Import E: Export M: Share p: print Fl: Help Date Company Firefo Googl Chro Micros 46 IypÅ Unity CURRENT PERIOD I-Apr-26 to 31-Mar-27 NAME OF COMPANY FinCom Spike Co Gateway of Tally MASTERS Create Alter CHart of Accounts TRANSACTIONS Vouchers Day 800K UTILITIES BaNking REPORTS Balance Sheet Profit & Loss A/c Stock Summary Ratio Analysis Display More Reports DashbOard Quit 161 nt to •elati c2524 9b89b -c082 Hub" , " : "6b 9b89b -c082 tion_ 24978 isten corre 2fcfc nning ' , "sou Oad7- ...
  INFO mh B G2-alter-alias: stored as typed True; error ''; Ctrl+A 5968.3 ms; add-on lines: none
[21:27:02] ---- mh B G3-rename (Godown 'MB Godown 1R')
[shot] tds-227-mgw0 (1024x768)
[21:27:03] [tds] screen tds-227-mgw0 : TallyPrime MANAGE Recyc EDU K: Company Gatewa of Tall Y: Data Z: Exchange CURRENT OATE Wednesday, I-Apr-2026 O: Import E: Export M: Share p: print Fl: Help Date Company Firefo Googl Chro Micros 46 IypÅ Unity CURRENT PERIOD I-Apr-26 to 31-Mar-27 NAME OF COMPANY FinCom Spike Co Gateway of Tally MASTERS Create Alter CHart of Accounts TRANSACTIONS Vouchers Day 800K UTILITIES BaNking REPORTS Balance Sheet Profit & Loss A/c Stock Summary Ratio Analysis Display More Reports DashbOard Quit 161 nt to •elati c2524 9b89b -c082 Hub" , " : "6b 9b89b -c082 tion_ 24978 isten corre 2fcfc nning ' , "sou Oad7- ...
[keys] 'a' -> Tally 'TallyPrime:9000'
[keys] '{BACKSPACE}{BACKSPACE}{BACKSPACE}{BACKSPACE}{BACKSPACE}{BACKSPACE}{BACKSPACE}{BACKSPACE}{BACKSPACE}{BACKSPACE}{BACKSPACE}{BACKSPACE}{BACKSPACE}{BACKSPACE}{BACKSPACE}{BACKSPACE}{BACKSPACE}{BACKSPACE}{BACKSPACE}{BACKSPACE}' -> Tally 'TallyPrime:9000'
[keys] 'Location' -> Tally 'TallyPrime:9000'
[keys] '{ENTER}' -> Tally 'TallyPrime:9000'
[keys] 'MB Godown 1' -> Tally 'TallyPrime:9000'
[keys] '{ENTER}' -> Tally 'TallyPrime:9000'
[shot] mh-0365-G3-form (1024x768)
[mh] mh-0365-G3-form: field 143,117,245x16 left 'Name' heads 'Location Alteration / K: Company Y: Data / Z: Exchange' value 'MB Godown 1' (boxes: 143,117,245x16[Name|Location Alteration/K: Company Y: Data/Z: Exchange]) | Recyc TallyPrime MANAGE EDU K: Company Y: Data Location Alteration Z: Exchange A Accept Q Search FinCom Spike Co O: Import Delete E: Export M: Share p: print x Fl: Help F2: period Company Name (alias) Firefo Under Googl Chron Micros lyp Unity Quit MB Godown 1 MB GIX • Primary FIO: Other Masters More Details Configure nt to •elati c2524 9b89b -c082 Hub" , " : "6b 9b89b -c082 . '2.3 tion_ 24978 isten corre 2fcfc nning ' , "sou Oad7- age" , " : "6b Windows Server 2025 Datacenter Build 26100.ge_release240331-1435 9•.27 PM 10/8/2026
[shot] mh-0366-G3-w1 (1024x768)
[mh] mh-0366-G3-w1: field 143,117,245x16 left 'Name' heads 'Location Alteration / K: Company Y: Data / Z: Exchange' value '1B Godown 1' (boxes: 143,117,245x16[Name|Location Alteration/K: Company Y: Data/Z: Exchange]) | Recyc TallyPrime MANAGE EDU K: Company Y: Data Location Alteration Z: Exchange A Accept Q Search FinCom Spike Co O: Import Delete E: Export M: Share p: print x Fl: Help F2: period Company Name (alias) Firefo Under Googl Chron Micros lyp Unity Quit 1B Godown 1 MB GIX • Primary FIO: Other Masters More Details Configure nt to •elati c2524 9b89b -c082 Hub" , " : "6b 9b89b -c082 . '2.3 tion_ 24978 isten corre 2fcfc nning ' , "sou Oad7- age" , " : "6b Windows Server 2025 Datacenter Build 26100.ge_release240331-1435 9•.27 PM 10/8/2026
[mh] G3 rule 0 ((^|\W)Name$) on 'Name|Location Alteration': keys 'MB Godown 1R{ENTER}'
[keys] 'MB Godown 1R' -> Tally 'TallyPrime:9000'
[keys] '{ENTER}' -> Tally 'TallyPrime:9000'
[shot] mh-0367-G3-before-save (1024x768)
[mh] mh-0367-G3-before-save: field 143,135,245x16 left '' heads 'MB Godown IR / Location Alteration / K: Company Y: Data' value 'MB GIX' (boxes: 143,135,245x16[|MB Godown IR/Location Alteration/K: Company Y: Data]) | Recyc TallyPrime MANAGE EDU K: Company Y: Data Location Alteration Z: Exchange A Accept Q Search FinCom Spike Co O: Import Delete E: Export M: Share p: print x Fl: Help F2: period Company Name Firefo Under Googl Chron Micros lyp Unity Quit MB Godown IR MB GIX • Primary FIO: Other Masters More Details Configure nt to •elati c2524 9b89b -c082 Hub" , " : "6b 9b89b -c082 . '2.3 tion_ 24978 isten corre 2fcfc nning ' , "sou Oad7- age" , " : "6b Windows Server 2025 Datacenter Build 26100.ge_release240331-1435 9•.27 PM 10/8/2026
[keys] '' -> Tally 'TallyPrime:9000'
[shot] mh-0368-G3-saved1 (1024x768)
[mh] mh-0368-G3-saved1: field 341,142,245x16 left '' heads 'Master Alteration / FinCom • ke Co / Z: Exchange' value '' (boxes: 341,142,245x16[|Master Alteration/FinCom • ke Co/Z: Exchange]) | Recyc TallyPrime MANAGE EDU K: Company Y: Data Z: Exchange FinCom • ke Co Master Alteration List of Locations MA Godown IR Main Location MA T4 MB GIX MB Godown IR MH Main O: Import Create Back E: Export M: Share p: print Firefo Googl Chron Micros lyp Unity Quit x Fl: Help nt to •elati c2524 9b89b -c082 Hub" , " : "6b 9b89b -c082 : '2.3 tion_ 24978 isten corre 2fcfc nning ' , "sou Oad7- age" , " : "6b Q Search Windows Server 2025 Datacenter Build 26100.ge_release240331-1435 9•.27 PM 10/8/2026
[shot] tds-228-mgw0 (1024x768)
[21:27:31] [tds] screen tds-228-mgw0 : Recyc TallyPrime MANAGE EDU K: Company Y: Data Z: Exchange FinCom • ke Co Master Alteration List of Locations MA Godown IR Main Location MA T4 MB GIX MB Godown IR MH Main O: Import Create Back E: Export M: Share p: print Firefo Googl Chron Micros lyp Unity Quit x Fl: Help nt to •elati c2524 9b89b -c082 Hub" , " : "6b 9b89b -c082 : '2.3 tion_ 24978 isten corre 2fcfc nning ' , "sou Oad7- age" , " : "6b Q Search Windows Server 2025 Datacenter Build 26100.ge_release240331-1435 9•.27 PM 10/8/2026
[keys] '{ESC}' -> Tally 'TallyPrime:9000'
[shot] tds-229-mgw1 (1024x768)
[21:27:34] [tds] screen tds-229-mgw1 : TallyPrime MANAGE Recyc EDU Firefo Googl Chron Micros Unity Quit K: Company Y: Data Z: Exchange FinCom • ke Co Master Alteration List of Masters Accounting Masters Group Ledger Cost Centre Currency Voucher Type Inventory Masters Stock Group Stock Category Stock Item Unit Location Payroll Masters Employee Group Employee Units (Work) Attendance/Production Type Pay Heads Payroll Voucher Type Statutory Masters GST Registration GST Classification Statutory Details Company GST Details O: Import Change Company Expand All Show More E: Export M: Share Q Search 161 p: print Fl: Help x nt to •elati c2524...
[keys] '{ESC}' -> Tally 'TallyPrime:9000'
[shot] tds-230-mgw2 (1024x768)
[21:27:37] [tds] screen tds-230-mgw2 : TallyPrime MANAGE Recyc EDU K: Company Gatewa of Tall Y: Data Z: Exchange CURRENT OATE Wednesday, I-Apr-2026 O: Import E: Export M: Share p: print Fl: Help Date Company Firefo Googl Chro Micros 46 IypÅ Unity CURRENT PERIOD I-Apr-26 to 31-Mar-27 NAME OF COMPANY FinCom Spike Co Gateway of Tally MASTERS Create Alter CHart of Accounts TRANSACTIONS Vouchers Day 800K UTILITIES BaNking REPORTS Balance Sheet Profit & Loss A/c Stock Summary Ratio Analysis Display More Reports DashbOard Quit 161 nt to •elati c2524 9b89b -c082 Hub" , " : "6b 9b89b -c082 tion_ 24978 isten corre 2fcfc nning ' , "sou Oad7- ...
  INFO mh B G3-rename: stored as typed True; error ''; Ctrl+A 4319.4 ms; add-on lines: none
[21:27:38] ---- mh B G4-create-under (Godown 'MB Godown 2')
[shot] tds-231-mgw0 (1024x768)
[21:27:38] [tds] screen tds-231-mgw0 : TallyPrime MANAGE Recyc EDU K: Company Gatewa of Tall Y: Data Z: Exchange CURRENT OATE Wednesday, I-Apr-2026 O: Import E: Export M: Share p: print Fl: Help Date Company Firefo Googl Chro Micros 46 IypÅ Unity CURRENT PERIOD I-Apr-26 to 31-Mar-27 NAME OF COMPANY FinCom Spike Co Gateway of Tally MASTERS Create Alter CHart of Accounts TRANSACTIONS Vouchers Day 800K UTILITIES BaNking REPORTS Balance Sheet Profit & Loss A/c Stock Summary Ratio Analysis Display More Reports DashbOard Quit 161 nt to •elati c2524 9b89b -c082 Hub" , " : "6b 9b89b -c082 tion_ 24978 isten corre 2fcfc nning ' , "sou Oad7- ...
[keys] 'c' -> Tally 'TallyPrime:9000'
[keys] '{BACKSPACE}{BACKSPACE}{BACKSPACE}{BACKSPACE}{BACKSPACE}{BACKSPACE}{BACKSPACE}{BACKSPACE}{BACKSPACE}{BACKSPACE}{BACKSPACE}{BACKSPACE}{BACKSPACE}{BACKSPACE}{BACKSPACE}{BACKSPACE}{BACKSPACE}{BACKSPACE}{BACKSPACE}{BACKSPACE}' -> Tally 'TallyPrime:9000'
[keys] 'Location' -> Tally 'TallyPrime:9000'
[keys] '{ENTER}' -> Tally 'TallyPrime:9000'
[shot] mh-0369-G4-form (1024x768)
[mh] mh-0369-G4-form: field 143,117,245x16 left 'Name' heads 'K: Company / Y: Data / Z: Exchange' value '' (boxes: 143,117,245x16[Name|K: Company/Y: Data/Z: Exchange]) | Recyc TallyPrime MANAGE EDU K: Company Location Creation Name (alias) Y: Data Z: Exchange A Accept Q Search O: Import E: Export M: Share p: print FinCom Spike Co x Fl: Help F2: period Company Firefo Under Googl Chron Micros lyp Unity Quit • Primary FIO: Other Masters nt to •elati c2524 9b89b -c082 Hub" , " : "6b 9b89b -c082 . '2.3 tion_ 24978 isten corre 2fcfc nning ' , "sou Oad7- age" , " : "6b p: Delete More Details Configure Windows Server 2025 Datacenter Build 26100.ge_release240331-1435 9•.27 PM 10/8/2026
[shot] mh-0370-G4-w1 (1024x768)
[mh] mh-0370-G4-w1: field 143,117,245x16 left 'Name' heads 'K: Company / Y: Data / Z: Exchange' value '' (boxes: 143,117,245x16[Name|K: Company/Y: Data/Z: Exchange]) | Recyc TallyPrime MANAGE EDU K: Company Location Creation Name (alias) Y: Data Z: Exchange A Accept Q Search O: Import E: Export M: Share p: print FinCom Spike Co x Fl: Help F2: period Company Firefo Under Googl Chron Micros lyp Unity Quit • Primary FIO: Other Masters nt to •elati c2524 9b89b -c082 Hub" , " : "6b 9b89b -c082 . '2.3 tion_ 24978 isten corre 2fcfc nning ' , "sou Oad7- age" , " : "6b p: Delete More Details Configure Windows Server 2025 Datacenter Build 26100.ge_release240331-1435 9•.27 PM 10/8/2026
[mh] G4 rule 0 ((^|\W)Name$) on 'Name|K: Company': keys 'MB Godown 2{ENTER}'
[keys] 'MB Godown 2' -> Tally 'TallyPrime:9000'
[keys] '{ENTER}' -> Tally 'TallyPrime:9000'
[shot] mh-0371-G4-w2 (1024x768)
[mh] mh-0371-G4-w2: field 143,135,245x16 left '' heads 'MB Godown 2 / K: Company Y: Data / Z: Exchange' value '' (boxes: 143,135,245x16[|MB Godown 2/K: Company Y: Data/Z: Exchange]) | Recyc TallyPrime MANAGE EDU K: Company Y: Data Location Creation Z: Exchange A Accept Q Search O: Import E: Export M: Share p: print FinCom Spike Co x Fl: Help F2: period Company Name Firefo Under Googl Chron Micros lyp Unity Quit MB Godown 2 • Primary FIO: Other Masters nt to •elati c2524 9b89b -c082 Hub" , " : "6b 9b89b -c082 . '2.3 tion_ 24978 isten corre 2fcfc nning ' , "sou Oad7- age" , " : "6b p: Delete More Details Configure Windows Server 2025 Datacenter Build 26100.ge_release240331-1435 9•.27 PM 10/8/2026
[keys] '{ENTER}' -> Tally 'TallyPrime:9000'
[shot] mh-0372-G4-w3 (1024x768)
[mh] mh-0372-G4-w3: field 143,197,189x16 left 'Under' heads 'MB Godown 2 / K: Company Y: Data / Z: Exchange' value 'Prima' (boxes: 143,197,189x16[Under|MB Godown 2/K: Company Y: Data/Z: Exchange]) | TallyPrime MANAGE Recyc EDU K: Company Y: Data Location Creation Z: Exchange Accept Q Search FinCom Spike Co O: Import E: Export List of Locations • Primary MA Godown IR Main Location MA T4 MB GIX MB Godown IR MH Main p: Delete M: Share p: print x Create Fl: Help F2: period Company Name (alias) Firefo Under Googl Chron Micros Unity Quit MB Godown 2 Prima FIO: Other Masters More Details Configure 161 nt to •elati c2524 9b89b -c082 Hub" , " : "6b 9b89b -c082 tion_ 24978 isten corre 2fcfc nning ' , "sou Oad7- age" , " : "6b Windows Server 2025 Datacenter Build 26100.ge_release240331-1435 9•.27 PM 10/8/2026
[mh] G4 rule 1 ((^|\W)Under$) on 'Under|MB Godown 2': keys 'MB Godown 1R{ENTER}'
[keys] 'MB Godown 1R' -> Tally 'TallyPrime:9000'
[keys] '{ENTER}' -> Tally 'TallyPrime:9000'
[shot] mh-0373-G4-before-save (1024x768)
[mh] mh-0373-G4-before-save: field none left '' heads '' value '' (boxes: ) | Recyc TallyPrime MANAGE EDU K: Company Y: Data Location Creation Z: Exchange Accept Q Yes or No O: Import E: Export M: Share p: print FinCom Spike Co x Fl: Help F2: period F3: Company Name (alias) Firefo Under Googl Chron Micros lyp Unity Q: Quit MB Godown 2 MB Godown IR IA FIO : Other Masters nt to •elati c2524 9b89b -c082 Hub" , " : "6b 9b89b -c082 . '2.3 tion_ 24978 isten corre 2fcfc nning ' , "sou Oad7- age" , " : "6b _ : Accept p: Delete l: More Details F 12: Configure Q Search Windows Server 2025 Datacenter Build 26100.ge_release240331-1435 9:28 PM 10/8/2026
[keys] '' -> Tally 'TallyPrime:9000'
[shot] mh-0374-G4-saved1 (1024x768)
[mh] mh-0374-G4-saved1: field 143,117,245x16 left 'Name' heads 'K: Company / Y: Data / Z: Exchange' value '' (boxes: 143,117,245x16[Name|K: Company/Y: Data/Z: Exchange]) | Recyc TallyPrime MANAGE EDU K: Company Location Creation Name (alias) Y: Data Z: Exchange A Accept Q Search O: Import E: Export M: Share p: print FinCom Spike Co x Fl: Help F2: period Company Firefo Under Googl Chron Micros lyp Unity Quit • Primary FIO: Other Masters nt to •elati c2524 9b89b -c082 Hub" , " : "6b 9b89b -c082 . '2.3 tion_ 24978 isten corre 2fcfc nning ' , "sou Oad7- age" , " : "6b p: Delete More Details Configure Windows Server 2025 Datacenter Build 26100.ge_release240331-1435 9:28 PM 10/8/2026
[shot] tds-232-mgw0 (1024x768)
[21:28:03] [tds] screen tds-232-mgw0 : Recyc TallyPrime MANAGE EDU K: Company Location Creation Name (alias) Y: Data Z: Exchange A Accept Q Search O: Import E: Export M: Share p: print FinCom Spike Co x Fl: Help F2: period Company Firefo Under Googl Chron Micros lyp Unity Quit • Primary FIO: Other Masters nt to •elati c2524 9b89b -c082 Hub" , " : "6b 9b89b -c082 . '2.3 tion_ 24978 isten corre 2fcfc nning ' , "sou Oad7- age" , " : "6b p: Delete More Details Configure Windows Server 2025 Datacenter Build 26100.ge_release240331-1435 9:28 PM 10/8/2026
[keys] '{ESC}' -> Tally 'TallyPrime:9000'
[shot] tds-233-mgw1 (1024x768)
[21:28:06] [tds] screen tds-233-mgw1 : Recyc TallyPrime MANAGE EDU K: Company Location Creation Name (alias) Y: Data Z: Exchange Quit o Yes or No O: Import E: Export M: Share p: print FinCom Spike Co x Fl: Help F2: period F3: Company Firefo Under Googl Chron Micros lyp Unity Q: Quit • Primary FIO : Other Masters nt to •elati c2524 9b89b -c082 Hub" , " : "6b 9b89b -c082 . '2.3 tion_ 24978 isten corre 2fcfc nning ' , "sou Oad7- age" , " : "6b IA _ : Accept Q Search p: Delete l: More Details F 12: Configure Windows Server 2025 Datacenter Build 26100.ge_release240331-1435 9:28 PM 10/8/2026
[keys] 'n' -> Tally 'TallyPrime:9000'
[shot] tds-234-mgw2 (1024x768)
[21:28:09] [tds] screen tds-234-mgw2 : Recyc TallyPrime MANAGE EDU K: Company Location Creation Name (alias) Y: Data Z: Exchange A Accept Q Search O: Import E: Export M: Share p: print FinCom Spike Co x Fl: Help F2: period Company Firefo Under Googl Chron Micros lyp Unity Quit • Primary FIO: Other Masters nt to •elati c2524 9b89b -c082 Hub" , " : "6b 9b89b -c082 . '2.3 tion_ 24978 isten corre 2fcfc nning ' , "sou Oad7- age" , " : "6b p: Delete More Details Configure Windows Server 2025 Datacenter Build 26100.ge_release240331-1435 9:28 PM 10/8/2026
[keys] '{ESC}' -> Tally 'TallyPrime:9000'
[shot] tds-235-mgw3 (1024x768)
[21:28:12] [tds] screen tds-235-mgw3 : Recyc TallyPrime MANAGE EDU K: Company Location Creation Name (alias) Y: Data Z: Exchange Quit o Yes or No O: Import E: Export M: Share p: print FinCom Spike Co x Fl: Help F2: period F3: Company Firefo Under Googl Chron Micros lyp Unity Q: Quit • Primary FIO : Other Masters nt to •elati c2524 9b89b -c082 Hub" , " : "6b 9b89b -c082 . '2.3 tion_ 24978 isten corre 2fcfc nning ' , "sou Oad7- age" , " : "6b IA _ : Accept Q Search p: Delete l: More Details F 12: Configure Windows Server 2025 Datacenter Build 26100.ge_release240331-1435 9:28 PM 10/8/2026
[keys] 'n' -> Tally 'TallyPrime:9000'
[shot] tds-236-mgw4 (1024x768)
[21:28:15] [tds] screen tds-236-mgw4 : Recyc TallyPrime MANAGE EDU K: Company Location Creation Name (alias) Y: Data Z: Exchange A Accept Q Search O: Import E: Export M: Share p: print FinCom Spike Co x Fl: Help F2: period Company Firefo Under Googl Chron Micros lyp Unity Quit • Primary FIO: Other Masters nt to •elati c2524 9b89b -c082 Hub" , " : "6b 9b89b -c082 . '2.3 tion_ 24978 isten corre 2fcfc nning ' , "sou Oad7- age" , " : "6b p: Delete More Details Configure Windows Server 2025 Datacenter Build 26100.ge_release240331-1435 9:28 PM 10/8/2026
[keys] '{ESC}' -> Tally 'TallyPrime:9000'
[shot] tds-237-mgw5 (1024x768)
[21:28:18] [tds] screen tds-237-mgw5 : Recyc TallyPrime MANAGE EDU K: Company Location Creation Name (alias) Y: Data Z: Exchange Quit o Yes or No O: Import E: Export M: Share p: print FinCom Spike Co x Fl: Help F2: period F3: Company Firefo Under Googl Chron Micros lyp Unity Q: Quit • Primary FIO : Other Masters nt to •elati c2524 9b89b -c082 Hub" , " : "6b 9b89b -c082 . '2.3 tion_ 24978 isten corre 2fcfc nning ' , "sou Oad7- age" , " : "6b IA _ : Accept Q Search p: Delete l: More Details F 12: Configure Windows Server 2025 Datacenter Build 26100.ge_release240331-1435 9:28 PM 10/8/2026
[keys] 'n' -> Tally 'TallyPrime:9000'
[shot] tds-238-mgw6 (1024x768)
[21:28:21] [tds] screen tds-238-mgw6 : Recyc TallyPrime MANAGE EDU K: Company Location Creation Name (alias) Y: Data Z: Exchange A Accept Q Search O: Import E: Export M: Share p: print FinCom Spike Co x Fl: Help F2: period Company Firefo Under Googl Chron Micros lyp Unity Quit • Primary FIO: Other Masters nt to •elati c2524 9b89b -c082 Hub" , " : "6b 9b89b -c082 . '2.3 tion_ 24978 isten corre 2fcfc nning ' , "sou Oad7- age" , " : "6b p: Delete More Details Configure Windows Server 2025 Datacenter Build 26100.ge_release240331-1435 9:28 PM 10/8/2026
[keys] '{ESC}' -> Tally 'TallyPrime:9000'
[shot] tds-239-mgw7 (1024x768)
[21:28:24] [tds] screen tds-239-mgw7 : Recyc TallyPrime MANAGE EDU K: Company Location Creation Name (alias) Y: Data Z: Exchange Quit o Yes or No O: Import E: Export M: Share p: print FinCom Spike Co x Fl: Help F2: period F3: Company Firefo Under Googl Chron Micros lyp Unity Q: Quit • Primary FIO : Other Masters nt to •elati c2524 9b89b -c082 Hub" , " : "6b 9b89b -c082 . '2.3 tion_ 24978 isten corre 2fcfc nning ' , "sou Oad7- age" , " : "6b IA _ : Accept Q Search p: Delete l: More Details F 12: Configure Windows Server 2025 Datacenter Build 26100.ge_release240331-1435 9:28 PM 10/8/2026
[keys] 'n' -> Tally 'TallyPrime:9000'
[21:28:27] [tds] the Gateway not reached (after G4-create-under): Tally started again
[keys] 'a' -> Tally 'TallyPrime:9000'
[keys] 't' -> Tally 'TallyPrime:9000'
[shot] tds-240-mh-start-0 (1024x768)
[21:29:01] [tds] screen tds-240-mh-start-0 : TallyPrime MANAGE Recyc EDU K: Company Gatewa of Tall Y: Data Z: Exchange CURRENT OATE Wednesday, I-Apr-2026 O: Import E: Export M: Share p: print Fl: Help Date Company Firefo Googl Chro Micros 46 IypÅ Unity CURRENT PERIOD I-Apr-26 to 31-Mar-27 NAME OF COMPANY FinCom Spike Co Gateway of Tally MASTERS Create Alter CHart of Accounts TRANSACTIONS Vouchers Day 800K UTILITIES BaNking REPORTS Balance Sheet Profit & Loss A/c Stock Summary Ratio Analysis Display More Reports DashbOard Quit 161 nt to •elati c2524 9b89b -c082 Hub" , " : "6b 9b89b -c082 tion_ 24978 isten corre 2fcfc nning ' , "sou Oad7- ...
  INFO mh B G4-create-under: stored as typed True; error ''; Ctrl+A 75.8 ms; add-on lines: none
[21:29:02] ---- mh B G5-alter-under (Godown 'MB Godown 2')
[shot] tds-241-mgw0 (1024x768)
[21:29:02] [tds] screen tds-241-mgw0 : TallyPrime MANAGE Recyc EDU K: Company Gatewa of Tall Y: Data Z: Exchange CURRENT OATE Wednesday, I-Apr-2026 O: Import E: Export M: Share p: print Fl: Help Date Company Firefo Googl Chro Micros 46 IypÅ Unity CURRENT PERIOD I-Apr-26 to 31-Mar-27 NAME OF COMPANY FinCom Spike Co Gateway of Tally MASTERS Create Alter CHart of Accounts TRANSACTIONS Vouchers Day 800K UTILITIES BaNking REPORTS Balance Sheet Profit & Loss A/c Stock Summary Ratio Analysis Display More Reports DashbOard Quit 161 nt to •elati c2524 9b89b -c082 Hub" , " : "6b 9b89b -c082 tion_ 24978 isten corre 2fcfc nning ' , "sou Oad7- ...
[keys] 'a' -> Tally 'TallyPrime:9000'
[keys] '{BACKSPACE}{BACKSPACE}{BACKSPACE}{BACKSPACE}{BACKSPACE}{BACKSPACE}{BACKSPACE}{BACKSPACE}{BACKSPACE}{BACKSPACE}{BACKSPACE}{BACKSPACE}{BACKSPACE}{BACKSPACE}{BACKSPACE}{BACKSPACE}{BACKSPACE}{BACKSPACE}{BACKSPACE}{BACKSPACE}' -> Tally 'TallyPrime:9000'
[keys] 'Location' -> Tally 'TallyPrime:9000'
[keys] '{ENTER}' -> Tally 'TallyPrime:9000'
[keys] 'MB Godown 2' -> Tally 'TallyPrime:9000'
[keys] '{ENTER}' -> Tally 'TallyPrime:9000'
[shot] mh-0375-G5-form (1024x768)
[mh] mh-0375-G5-form: field 143,117,245x16 left 'Name' heads 'Location Alteration / K: Company Y: Data / Z: Exchange' value 'MB Godown 2' (boxes: 143,117,245x16[Name|Location Alteration/K: Company Y: Data/Z: Exchange]) | Recyc TallyPrime MANAGE EDU K: Company Y: Data Location Alteration Z: Exchange A Accept Q Search FinCom Spike Co O: Import Delete E: Export M: Share p: print x Fl: Help F2: period Company Name (alias) Firefo Under Googl Chron Micros lyp Unity Quit MB Godown 2 MB Godown IR FIO: Other Masters More Details Configure nt to •elati c2524 9b89b -c082 Hub" , " : "6b 9b89b -c082 . '2.3 tion_ 24978 isten corre 2fcfc nning ' , "sou Oad7- age" , " : "6b Windows Server 2025 Datacenter Build 26100.ge_release240331-1435 9:29 PM 10/8/2026
[shot] mh-0376-G5-w1 (1024x768)
[mh] mh-0376-G5-w1: field 143,117,245x16 left 'Name' heads 'Location Alteration / K: Company Y: Data / Z: Exchange' value '1B Godown 2' (boxes: 143,117,245x16[Name|Location Alteration/K: Company Y: Data/Z: Exchange]) | Recyc TallyPrime MANAGE EDU K: Company Y: Data Location Alteration Z: Exchange A Accept Q Search FinCom Spike Co O: Import Delete E: Export M: Share p: print x Fl: Help F2: period Company Name (alias) Firefo Under Googl Chron Micros lyp Unity Quit 1B Godown 2 MB Godown IR FIO: Other Masters More Details Configure nt to •elati c2524 9b89b -c082 Hub" , " : "6b 9b89b -c082 . '2.3 tion_ 24978 isten corre 2fcfc nning ' , "sou Oad7- age" , " : "6b Windows Server 2025 Datacenter Build 26100.ge_release240331-1435 9:29 PM 10/8/2026
[keys] '{ENTER}' -> Tally 'TallyPrime:9000'
[shot] mh-0377-G5-w2 (1024x768)
[mh] mh-0377-G5-w2: field 143,135,245x16 left '' heads 'MB Godown 2 / Location Alteration / K: Company Y: Data' value '' (boxes: 143,135,245x16[|MB Godown 2/Location Alteration/K: Company Y: Data]) | Recyc TallyPrime MANAGE EDU K: Company Y: Data Location Alteration Z: Exchange A Accept Q Search E: Export FinCom Spike Co O: Import Delete M: Share p: print x Fl: Help F2: period Company Name Firefo Under Googl Chron Micros lyp Unity Quit MB Godown 2 MB Godown IR FIO: Other Masters More Details Configure nt to •elati c2524 9b89b -c082 Hub" , " : "6b 9b89b -c082 . '2.3 tion_ 24978 isten corre 2fcfc nning ' , "sou Oad7- age" , " : "6b Windows Server 2025 Datacenter Build 26100.ge_release240331-1435 9:29 PM 10/8/2026
[keys] '{ENTER}' -> Tally 'TallyPrime:9000'
[shot] mh-0378-G5-w3 (1024x768)
[mh] mh-0378-G5-w3: field 143,197,189x16 left 'Under' heads 'MB Godown 2 / Location Alteration / K: Company Y: Data' value '1B Godown IR' (boxes: 143,197,189x16[Under|MB Godown 2/Location Alteration/K: Company Y: Data]) | TallyPrime MANAGE Recyc EDU K: Company Y: Data Location Alteration Z: Exchange Accept Q Search FinCom Spike Co O: Import E: Export List of Locations Primary MA Godown IR Main Location MA T4 MB GIX MB Godown IR MH Main Ip: Delete M: Share p: print x Create Fl: Help F2: period Company Name (alias) Firefo Under Googl Chron Micros Unity Quit MB Godown 2 1B Godown IR FIO: Other Masters More Details Configure 161 nt to •elati c2524 9b89b -c082 Hub" , " : "6b 9b89b -c082 tion_ 24978 isten corre 2fcfc nning ' , "sou Oad7- age" , " : "6b Windows Server 2025 Datacenter Build 26100.ge_release240331-1435 9:29 PM 10/8/2026
[mh] G5 rule 0 ((^|\W)Under$) on 'Under|MB Godown 2': keys 'Primary{ENTER}'
[keys] 'Primary' -> Tally 'TallyPrime:9000'
[keys] '{ENTER}' -> Tally 'TallyPrime:9000'
[shot] mh-0379-G5-before-save (1024x768)
[mh] mh-0379-G5-before-save: field none left '' heads '' value '' (boxes: ) | Recyc TallyPrime MANAGE EDU K: Company Y: Data Location Alteration Z: Exchange Accept Q Yes or No O: Import E: Export M: Share p: print FinCom Spike Co x Fl: Help F2: period F3: Company Name (alias) Firefo Under Googl Chron Micros lyp Unity Q: Quit MB Godown 2 • Primary IA FIO : Other Masters nt to •elati c2524 9b89b -c082 Hub" , " : "6b 9b89b -c082 . '2.3 tion_ 24978 isten corre 2fcfc nning ' , "sou Oad7- age" , " : "6b _ : Accept p: Delete l: More Details F 12: Configure Q Search Windows Server 2025 Datacenter Build 26100.ge_release240331-1435 9:29 PM 10/8/2026
[keys] '' -> Tally 'TallyPrime:9000'
[shot] mh-0380-G5-saved1 (1024x768)
[mh] mh-0380-G5-saved1: field 341,142,245x16 left '' heads 'Master Alteration / FinCom • ke Co / Z: Exchange' value '' (boxes: 341,142,245x16[|Master Alteration/FinCom • ke Co/Z: Exchange]) | Recyc TallyPrime MANAGE EDU K: Company Y: Data Z: Exchange FinCom • ke Co Master Alteration List of Locations MA Godown IR Main Location MA T4 MB GIX MB Godown IR MB Godown 2 MH Main O: Import Create Back E: Export M: Share p: print Firefo Googl Chron Micros lyp Unity Quit x Fl: Help nt to •elati c2524 9b89b -c082 Hub" , " : "6b 9b89b -c082 : '2.3 tion_ 24978 isten corre 2fcfc nning ' , "sou Oad7- age" , " : "6b Q Search Windows Server 2025 Datacenter Build 26100.ge_release240331-1435 9:29 PM 10/8/2026
[shot] tds-242-mgw0 (1024x768)
[21:29:34] [tds] screen tds-242-mgw0 : Recyc TallyPrime MANAGE EDU K: Company Y: Data Z: Exchange FinCom • ke Co Master Alteration List of Locations MA Godown IR Main Location MA T4 MB GIX MB Godown IR MB Godown 2 MH Main O: Import Create Back E: Export M: Share p: print Firefo Googl Chron Micros lyp Unity Quit x Fl: Help nt to •elati c2524 9b89b -c082 Hub" , " : "6b 9b89b -c082 : '2.3 tion_ 24978 isten corre 2fcfc nning ' , "sou Oad7- age" , " : "6b Q Search Windows Server 2025 Datacenter Build 26100.ge_release240331-1435 9:29 PM 10/8/2026
[keys] '{ESC}' -> Tally 'TallyPrime:9000'
[shot] tds-243-mgw1 (1024x768)
[21:29:36] [tds] screen tds-243-mgw1 : TallyPrime MANAGE Recyc EDU Firefo Googl Chron Micros Unity Quit K: Company Y: Data Z: Exchange FinCom • ke Co Master Alteration List of Masters Accounting Masters Group Ledger Cost Centre Currency Voucher Type Inventory Masters Stock Group Stock Category Stock Item Unit Location Payroll Masters Employee Group Employee Units (Work) Attendance/Production Type Pay Heads Payroll Voucher Type Statutory Masters GST Registration GST Classification Statutory Details Company GST Details O: Import Change Company Expand All Show More E: Export M: Share Q Search 161 p: print Fl: Help x nt to •elati c2524...
[keys] '{ESC}' -> Tally 'TallyPrime:9000'
[shot] tds-244-mgw2 (1024x768)
[21:29:39] [tds] screen tds-244-mgw2 : TallyPrime MANAGE Recyc EDU K: Company Gatewa of Tall Y: Data Z: Exchange CURRENT OATE Wednesday, I-Apr-2026 O: Import E: Export M: Share p: print Fl: Help Date Company Firefo Googl Chro Micros 46 IypÅ Unity CURRENT PERIOD I-Apr-26 to 31-Mar-27 NAME OF COMPANY FinCom Spike Co Gateway of Tally MASTERS Create Alter CHart of Accounts TRANSACTIONS Vouchers Day 800K UTILITIES BaNking REPORTS Balance Sheet Profit & Loss A/c Stock Summary Ratio Analysis Display More Reports DashbOard Quit 161 nt to •elati c2524 9b89b -c082 Hub" , " : "6b 9b89b -c082 tion_ 24978 isten corre 2fcfc nning ' , "sou Oad7- ...
  INFO mh B G5-alter-under: stored as typed True; error ''; Ctrl+A 3225.5 ms; add-on lines: none
[21:29:40] ---- mh B S1-create (Stock Item 'MB Item 1')
[shot] tds-245-mgw0 (1024x768)
[21:29:41] [tds] screen tds-245-mgw0 : TallyPrime MANAGE Recyc EDU K: Company Gatewa of Tall Y: Data Z: Exchange CURRENT OATE Wednesday, I-Apr-2026 O: Import E: Export M: Share p: print Fl: Help Date Company Firefo Googl Chro Micros 46 IypÅ Unity CURRENT PERIOD I-Apr-26 to 31-Mar-27 NAME OF COMPANY FinCom Spike Co Gateway of Tally MASTERS Create Alter CHart of Accounts TRANSACTIONS Vouchers Day 800K UTILITIES BaNking REPORTS Balance Sheet Profit & Loss A/c Stock Summary Ratio Analysis Display More Reports DashbOard Quit 161 nt to •elati c2524 9b89b -c082 Hub" , " : "6b 9b89b -c082 tion_ 24978 isten corre 2fcfc nning ' , "sou Oad7- ...
[keys] 'c' -> Tally 'TallyPrime:9000'
[keys] '{BACKSPACE}{BACKSPACE}{BACKSPACE}{BACKSPACE}{BACKSPACE}{BACKSPACE}{BACKSPACE}{BACKSPACE}{BACKSPACE}{BACKSPACE}{BACKSPACE}{BACKSPACE}{BACKSPACE}{BACKSPACE}{BACKSPACE}{BACKSPACE}{BACKSPACE}{BACKSPACE}{BACKSPACE}{BACKSPACE}' -> Tally 'TallyPrime:9000'
[keys] 'Stock Item' -> Tally 'TallyPrime:9000'
[keys] '{ENTER}' -> Tally 'TallyPrime:9000'
[shot] mh-0381-S1-form (1024x768)
[mh] mh-0381-S1-form: field 137,116,241x15 left 'Name' heads 'Stock Item Creation / K: Company / Y: Data' value '' (boxes: 137,116,241x15[Name|Stock Item Creation/K: Company/Y: Data]) | TallyPrime MANAGE Recyc EDU K: Company Stock Item Creation Name (alias) Firefo Under Googl Units Chro Micros 46 IypÅ Unity Quit Y: Data Z: Exchange primary Not Applicable O: Import E: Export M: Share p: print x FinCom • ke Co Statutory Details GST applicability HSWSAC & Related Details HSN/SAC Details Source of details HSN/SAC Description GST Rate & Related Details GST Rate Details Source of details Taxability Type GST Rate Type of Supply Fl: Help F2: period Company • Applicable As per Company/Stock Group Not Available As per Company/Stock Group Not Available Goods 1 FIO: Other Masters Quantity 161 nt to •elati c2524 9b89b -c082 Hub" , " : "6b 9b89b -c082 tion_ 24978 isten corre 2fcfc nning ' , "sou Oad7- age" , " : "6b Opening Balance Accept Q Search Rate per p: Delete Value More Details B Get HSN 'SAC Info Configure Windows Server 2025 Datacenter Build 26100.ge_release240331-1435 9:29 PM 10/8/2026
[shot] mh-0382-S1-w1 (1024x768)
[mh] mh-0382-S1-w1: field 137,116,241x15 left 'Name' heads 'Stock Item Creation / K: Company / Y: Data' value '' (boxes: 137,116,241x15[Name|Stock Item Creation/K: Company/Y: Data]) | TallyPrime MANAGE Recyc EDU K: Company Stock Item Creation Name (alias) Firefo Under Googl Units Chro Micros 46 IypÅ Unity Quit Y: Data Z: Exchange primary Not Applicable O: Import E: Export M: Share p: print x FinCom • ke Co Statutory Details GST applicability HSWSAC & Related Details HSN/SAC Details Source of details HSN/SAC Description GST Rate & Related Details GST Rate Details Source of details Taxability Type GST Rate Type of Supply Fl: Help F2: period Company • Applicable As per Company/Stock Group Not Available As per Company/Stock Group Not Available Goods 1 FIO: Other Masters Quantity 161 nt to •elati c2524 9b89b -c082 Hub" , " : "6b 9b89b -c082 tion_ 24978 isten corre 2fcfc nning ' , "sou Oad7- age" , " : "6b Opening Balance Accept Q Search Rate per p: Delete Value More Details B Get HSN 'SAC Info Configure Windows Server 2025 Datacenter Build 26100.ge_release240331-1435 9:29 PM 10/8/2026
[mh] S1 rule 0 ((^|\W)Name$) on 'Name|Stock Item Creation': keys 'MB Item 1{ENTER}'
[keys] 'MB Item 1' -> Tally 'TallyPrime:9000'
[keys] '{ENTER}' -> Tally 'TallyPrime:9000'
[shot] mh-0383-S1-w2 (1024x768)
[mh] mh-0383-S1-w2: field 137,133,241x15 left '' heads 'Stock Item Creation / K: Company Y: Data / Z: Exchange' value '' (boxes: 137,133,241x15[|Stock Item Creation/K: Company Y: Data/Z: Exchange]) | TallyPrime MANAGE Recyc EDU K: Company Y: Data Stock Item Creation Z: Exchange primary Not Applicable O: Import E: Export M: Share p: print x FinCom • ke Co Statutory Details GST applicability HSWSAC & Related Details HSN/SAC Details Source of details HSN/SAC Description GST Rate & Related Details GST Rate Details Source of details Taxability Type GST Rate Type of Supply Fl: Help F2: period Company Firefo Under Googl Units Chro Micros 46 IypÅ Unity Quit • Applicable As per Company/Stock Group Not Available As per Company/Stock Group Not Available Goods 1 FIO: Other Masters Quantity 161 nt to •elati c2524 9b89b -c082 Hub" , " : "6b 9b89b -c082 tion_ 24978 isten corre 2fcfc nning ' , "sou Oad7- age" , " : "6b Opening Balance Accept Q Search Rate per p: Delete Value More Details B Get HSN 'SAC Info Configure Windows Server 2025 Datacenter Build 26100.ge_release240331-1435 9:29 PM 10/8/2026
[keys] '{ENTER}' -> Tally 'TallyPrime:9000'
[shot] mh-0384-S1-w3 (1024x768)
[mh] mh-0384-S1-w3: field 280,242,186x15 left 'Under' heads 'FinCom • ke Co / Z: Exchange' value 'Primary' (boxes: 280,242,186x15[Under|FinCom • ke Co/Z: Exchange]) | TallyPrime MANAGE Recyc EDU K: Company Stock Item Creation Y: Data Z: Exchange Primary Not Applicable FinCom • ke Co Statutory Detail GST applicability HSWSAC & Rel HSN/SAC Detail Source of detail HSN/SAC Description GST Rate & Re GST Rate Detail Source of detail Taxability Type GST Rate Type of Supply O: Import List of Grou s • Primary E: Export M: Share Name (alias) Firefo Under Googl Units Chro Micros 46 IypÅ Unity Quit MB Item 1 p: print x Create Fl: Help F2: period Company FIO: Other Masters Quantity 161 nt to •elati c2524 9b89b -c082 Hub" , " : "6b 9b89b -c082 tion_ 24978 isten corre 2fcfc nning ' , "sou Oad7- age" , " : "6b Opening Balance Accept Q Search Rate per p: Delete More Details B Get HSN 'SAC Info Configure Windows Server 2025 Datacenter Build 26100.ge_release240331-1435 9:29 PM 10/8/2026
[mh] S1 rule 2 ((^|\W)Under$) on 'Under|FinCom • ke Co': keys 'Primary{ENTER}'
[keys] 'Primary' -> Tally 'TallyPrime:9000'
[keys] '{ENTER}' -> Tally 'TallyPrime:9000'
[shot] mh-0385-S1-w4 (1024x768)
[mh] mh-0385-S1-w4: field none left '' heads '' value '' (boxes: ) | TallyPrime MANAGE Recyc EDU K: Company Stock Item Creation Y: Data Z: Exchange primary • Not Applicable FinCom • ke Co Units Not Applicable Days Kgs Nos Description O: Import Create ils E: Export M: Share p: print x Name (alias) Firefo Under Googl Units Chro Micros 46 IypÅ Unity Quit MB Item 1 Fl: Help F2: period Company • Applicable As per Company/Stock Group Not Available As per Company/Stock Group Not Available Goods 1 FIO: Other Masters GST Rate & Related Details GST Rate Details Source of details Taxability Type GST Rate Type of Supply Quantity 161 nt to •elati c2524 9b89b -c082 Hub" , " : "6b 9b89b -c082 tion_ 24978 isten corre 2fcfc nning ' , "sou Oad7- age" , " : "6b Opening Balance Accept Q Search Rate per p: Delete Value More Details B Get HSN 'SAC Info Configure Windows Server 2025 Datacenter Build 26100.ge_release240331-1435 9:30 PM 10/8/2026
[keys] '{ENTER}' -> Tally 'TallyPrime:9000'
[shot] mh-0386-S1-w5 (1024x768)
[mh] mh-0386-S1-w5: field 677,266,186x15 left 'GST applicability' heads 'E: Export / M: Share / p: print' value '' (boxes: 677,266,186x15[GST applicability|E: Export/M: Share/p: print]) | TallyPrime MANAGE Recyc EDU K: Company Stock Item Creation Y: Data Z: Exchange primary Not Applicable O: Import E: Export M: Share p: print x Name (alias) Firefo Under Googl Units Chro Micros 46 IypÅ Unity Quit MB Item 1 FinCom • ke Co Statutory Details GST applicability HSWSAC & Related Details HSN/SAC Details Source of details HSN/SAC Description GST Rate & Related Details GST Rate Details Source of details Taxability Type GST Rate Type of Supply Fl: Help F2: period Company As per Company/Stock Group Not Available As per Company/Stock Group Not Available Goods 1 FIO: Other Masters Quantity 161 nt to •elati c2524 9b89b -c082 Hub" , " : "6b 9b89b -c082 tion_ 24978 isten corre 2fcfc nning ' , "sou Oad7- age" , " : "6b Opening Balance Accept Q Search Rate per p: Delete Value More Details B Get HSN 'SAC Info Configure Windows Server 2025 Datacenter Build 26100.ge_release240331-1435 9:30 PM 10/8/2026
[keys] '{ENTER}' -> Tally 'TallyPrime:9000'
[shot] mh-0387-S1-w6 (1024x768)
[mh] mh-0387-S1-w6: field none left '' heads '' value '' (boxes: ) | TallyPrime MANAGE Recyc EDU K: Company Stock Item Creation Y: Data Z: Exchange primary Not Applicable O: Import E: Export M: Share p: print x Name (alias) Firefo Under Googl Units Chro Micros 46 IypÅ Unity Quit MB Item 1 FinCom • ke Co Statutory Details GST applicability HSWSAC & Related Details HSN/SAC Details Source of details HSN/SAC Description GST Rate & Related Detail GST Rate Details Source of details Taxability Type GST Rate Type of Supply Fl: Help F2: period Company • Applicable • as per Company/Stock Group List of Actions Show More As per Company/Stock Group Specify Details Here Use GST Classification Goods 1 FIO: Other Masters Quantity 161 nt to •elati c2524 9b89b -c082 Hub" , " : "6b 9b89b -c082 tion_ 24978 isten corre 2fcfc nning ' , "sou Oad7- age" , " : "6b Opening Balance Accept Q Search Rate per p: Delete Value More Details B Get HSN 'SAC Info Configure Windows Server 2025 Datacenter Build 26100.ge_release240331-1435 9:30 PM 10/8/2026
[keys] '{ENTER}' -> Tally 'TallyPrime:9000'
[shot] mh-0388-S1-w7 (1024x768)
[mh] mh-0388-S1-w7: field none left '' heads '' value '' (boxes: ) | TallyPrime MANAGE Recyc EDU K: Company Stock Item Creation Y: Data Z: Exchange primary Not Applicable O: Import E: Export M: Share p: print x Name (alias) Firefo Under Googl Units Chro Micros 46 IypÅ Unity Quit MB Item 1 FinCom • ke Co Statutory Details GST applicability HSWSAC & Related Details HSN/SAC Details Source of details HSN/SAC Description GST Rate & Related Details GST Rate Details Source of details Taxability Type GST Rate Type of Supply Fl: Help F2: period Company • Applicable As per Company/Stock Group Not Available as per Company/Stock Group List of Actions Show More As per Company/Stock Group Specify Details Here Use GST Classification FIO: Other Masters Quantity 161 nt to •elati c2524 9b89b -c082 Hub" , " : "6b 9b89b -c082 tion_ 24978 isten corre 2fcfc nning ' , "sou Oad7- age" , " : "6b Opening Balance Accept Q Search Rate per p: Delete Value More Details B Get HSN 'SAC Info Configure Windows Server 2025 Datacenter Build 26100.ge_release240331-1435 9:30 PM 10/8/2026
[keys] '{ENTER}' -> Tally 'TallyPrime:9000'
[shot] mh-0389-S1-w8 (1024x768)
[mh] mh-0389-S1-w8: field 677,472,186x16 left 'Type of Supply' heads 'Serices / Goods / Not' value 'S' (boxes: 677,472,186x16[Type of Supply|Serices/Goods/Not]) | TallyPrime MANAGE Recyc EDU K: Company Stock Item Creation Y: Data Z: Exchange primary Not Applicable O: Import E: Export M: Share p: print x Name (alias) Firefo Under Googl Units Chro Micros 46 IypÅ Unity Quit MB Item 1 FinCom • ke Co Statutory Details GST applicability HSWSAC & Related Details HSN/SAC Details Source of details HSN/SAC Description GST Rate & Related Details GST Rate Details Source of details Taxability Type GST Rate Type of Supply Fl: Help F2: period Company • Applicable As per Company/Stock Group Not Available T sof su As Capital Goods Not Goods Serices S FIO: Other Masters up 1 Quantity 161 nt to •elati c2524 9b89b -c082 Hub" , " : "6b 9b89b -c082 tion_ 24978 isten corre 2fcfc nning ' , "sou Oad7- age" , " : "6b Opening Balance Accept Q Search Rate per p: Delete Value More Details B Get HSN 'SAC Info Configure Windows Server 2025 Datacenter Build 26100.ge_release240331-1435 9:30 PM 10/8/2026
[keys] '{ENTER}' -> Tally 'TallyPrime:9000'
[shot] mh-0390-S1-w9 (1024x768)
[mh] mh-0390-S1-w9: field 677,487,68x16 left 'Rate of Duty (eg 5)' heads 'Goods / Not Available / As per Company/Stock Group' value '' (boxes: 677,487,68x16[Rate of Duty (eg 5)|Goods/Not Available/As per Company/Stock Group]) | TallyPrime MANAGE Recyc EDU K: Company Stock Item Creation Y: Data Z: Exchange • Not Applicable O: Import E: Export M: Share p: print x Name (alias) Firefo Units Googl Chro Micros 46 IypÅ Unity Quit MB Item 1 FinCom • ke Co GST applicability HSWSAC & Related Details HSN/SAC Details Source of details HSN/SAC Description GST Rate & Related Details GST Rate Details Source of details Taxability Type GST Rate Type of Supply Rate of Duty (eg 5) Fl: Help F2: period Company • Applicable As per Company/Stock Group Not Available As per Company/Stock Group Not Available Goods FIO: Other Masters Quantity 161 nt to •elati c2524 9b89b -c082 Hub" , " : "6b 9b89b -c082 tion_ 24978 isten corre 2fcfc nning ' , "sou Oad7- age" , " : "6b Opening Balance Accept Q Search Rate per p: Delete Value More Details B Get HSN 'SAC Info Configure Windows Server 2025 Datacenter Build 26100.ge_release240331-1435 9:30 PM 10/8/2026
[keys] '{ENTER}' -> Tally 'TallyPrime:9000'
[shot] mh-0391-S1-w10 (1024x768)
[mh] mh-0391-S1-w10: field 579,553,99x15 left 'Opening Balance' heads 'Value / Rate of Duty (eg 5) / GST Rate Details' value '' (boxes: 579,553,99x15[Opening Balance|Value/Rate of Duty (eg 5)/GST Rate Details]) | TallyPrime MANAGE Recyc EDU K: Company Stock Item Creation Y: Data Z: Exchange • Not Applicable O: Import E: Export M: Share p: print x Name (alias) Firefo Units Googl Chro Micros 46 IypÅ Unity Quit MB Item 1 FinCom • ke Co GST applicability HSWSAC & Related Details HSN/SAC Details Source of details HSN/SAC Description GST Rate & Related Details GST Rate Details Source of details Taxability Type GST Rate Type of Supply Rate of Duty (eg 5) Fl: Help F2: period Company • Applicable As per Company/Stock Group Not Available As per Company/Stock Group Not Available Goods FIO: Other Masters Quantity 161 nt to •elati c2524 9b89b -c082 Hub" , " : "6b 9b89b -c082 tion_ 24978 isten corre 2fcfc nning ' , "sou Oad7- age" , " : "6b Opening Balance Accept Q Search Rate per p: Delete Value More Details B Get HSN 'SAC Info Configure Windows Server 2025 Datacenter Build 26100.ge_release240331-1435 9:30 PM 10/8/2026
[keys] '{ENTER}' -> Tally 'TallyPrime:9000'
[shot] mh-0392-S1-w11 (1024x768)
[mh] mh-0392-S1-w11: field none left '' heads '' value '' (boxes: ) | TallyPrime MANAGE Recyc EDU K: Company Stock Item Creation Y: Data Z: Exchange • Not Applicable O: Import E: Export M: Share FinCom p: print x Name (alias) Firefo Units Googl Chro Micros 46 IypÅ Unity Q: Quit MB Item 1 Fl: Help F2: period F3: Company GST applicability HSWSAC & Related Details HSN/SAC Details Source of details HSN/SAC Description GST Rate & Related Details GST Rate Details Source of details Taxability Type GST Rate Type of Supply Rate of Duty (eg 5) • Applicable As per Company/Stock Group Not Available As per Company/Stock Group Not Available Goods Accept Q Yes or No FIO : Other Masters Quantity Value 161 nt to •elati c2524 9b89b -c082 Hub" , " : "6b 9b89b -c082 tion_ 24978 isten corre 2fcfc nning ' , "sou Oad7- age" , " : "6b Opening Balance IA _ : Accept Q Search Rate per p: Delete l: More Details B: Get HSN - ISAC Info F 12: Configure Windows Server 2025 Datacenter Build 26100.ge_release240331-1435 9:30 PM 10/8/2026
[mh] S1 a question is up: stop
[shot] mh-0393-S1-before-save (1024x768)
[mh] mh-0393-S1-before-save: field none left '' heads '' value '' (boxes: ) | TallyPrime MANAGE Recyc EDU K: Company Stock Item Creation Y: Data Z: Exchange • Not Applicable O: Import E: Export M: Share FinCom p: print x Name (alias) Firefo Units Googl Chro Micros 46 IypÅ Unity Q: Quit MB Item 1 Fl: Help F2: period F3: Company GST applicability HSWSAC & Related Details HSN/SAC Details Source of details HSN/SAC Description GST Rate & Related Details GST Rate Details Source of details Taxability Type GST Rate Type of Supply Rate of Duty (eg 5) • Applicable As per Company/Stock Group Not Available As per Company/Stock Group Not Available Goods Accept Q Yes or No FIO : Other Masters Quantity Value 161 nt to •elati c2524 9b89b -c082 Hub" , " : "6b 9b89b -c082 tion_ 24978 isten corre 2fcfc nning ' , "sou Oad7- age" , " : "6b Opening Balance IA _ : Accept Q Search Rate per p: Delete l: More Details B: Get HSN - ISAC Info F 12: Configure Windows Server 2025 Datacenter Build 26100.ge_release240331-1435 9:30 PM 10/8/2026
[keys] '' -> Tally 'TallyPrime:9000'
[shot] mh-0394-S1-saved1 (1024x768)
[mh] mh-0394-S1-saved1: field 137,116,241x15 left 'Name' heads 'Stock Item Creation / K: Company / Y: Data' value '' (boxes: 137,116,241x15[Name|Stock Item Creation/K: Company/Y: Data]) | TallyPrime MANAGE Recyc EDU K: Company Stock Item Creation Name (alias) Firefo Under Googl Units Chro Micros 46 IypÅ Unity Quit Y: Data Z: Exchange primary Not Applicable O: Import E: Export M: Share p: print x FinCom • ke Co Statutory Details GST applicability HSWSAC & Related Details HSN/SAC Details Source of details HSN/SAC Description GST Rate & Related Details GST Rate Details Source of details Taxability Type GST Rate Type of Supply Fl: Help F2: period Company • Applicable As per Company/Stock Group Not Available As per Company/Stock Group Not Available Goods 1 FIO: Other Masters Quantity 161 nt to •elati c2524 9b89b -c082 Hub" , " : "6b 9b89b -c082 tion_ 24978 isten corre 2fcfc nning ' , "sou Oad7- age" , " : "6b Opening Balance Accept Q Search Rate per p: Delete Value More Details B Get HSN 'SAC Info Configure Windows Server 2025 Datacenter Build 26100.ge_release240331-1435 9:30 PM 10/8/2026
[shot] tds-246-mgw0 (1024x768)
[21:30:24] [tds] screen tds-246-mgw0 : TallyPrime MANAGE Recyc EDU K: Company Stock Item Creation Name (alias) Firefo Under Googl Units Chro Micros 46 IypÅ Unity Quit Y: Data Z: Exchange primary Not Applicable O: Import E: Export M: Share p: print x FinCom • ke Co Statutory Details GST applicability HSWSAC & Related Details HSN/SAC Details Source of details HSN/SAC Description GST Rate & Related Details GST Rate Details Source of details Taxability Type GST Rate Type of Supply Fl: Help F2: period Company • Applicable As per Company/Stock Group Not Available As per Company/Stock Group Not Available Goods 1 FIO: Other Masters Quantit...
[keys] '{ESC}' -> Tally 'TallyPrime:9000'
[shot] tds-247-mgw1 (1024x768)
[21:30:27] [tds] screen tds-247-mgw1 : TallyPrime MANAGE Recyc EDU K: Company Stock Item Creation Name (alias) Firefo Under Googl Units Chro Micros 46 IypÅ Unity Q: Quit Y: Data Z: Exchange primary Not Applicable O: Import E: Export M: Share FinCom p: print x Fl: Help F2: period F3: Company Statutory Details GST applicability HSWSAC & Related Details HSN/SAC Details Source of details HSN/SAC Description GST Rate & Related Details GST Rate Details Source of details Taxability Type GST Rate Type of Supply • Applicable As per Company/Stock Group Not Available As per Company/Stock Group Not Available Goods Quit o Yes or No FIO : Other ...
[keys] 'n' -> Tally 'TallyPrime:9000'
[shot] tds-248-mgw2 (1024x768)
[21:30:30] [tds] screen tds-248-mgw2 : TallyPrime MANAGE Recyc EDU K: Company Stock Item Creation Name (alias) Firefo Under Googl Units Chro Micros 46 IypÅ Unity Quit Y: Data Z: Exchange primary Not Applicable O: Import E: Export M: Share p: print x FinCom • ke Co Statutory Details GST applicability HSWSAC & Related Details HSN/SAC Details Source of details HSN/SAC Description GST Rate & Related Details GST Rate Details Source of details Taxability Type GST Rate Type of Supply Fl: Help F2: period Company • Applicable As per Company/Stock Group Not Available As per Company/Stock Group Not Available Goods 1 FIO: Other Masters Quantit...
[keys] '{ESC}' -> Tally 'TallyPrime:9000'
[shot] tds-249-mgw3 (1024x768)
[21:30:33] [tds] screen tds-249-mgw3 : TallyPrime MANAGE Recyc EDU K: Company Stock Item Creation Name (alias) Firefo Under Googl Units Chro Micros 46 IypÅ Unity Q: Quit Y: Data Z: Exchange primary Not Applicable O: Import E: Export M: Share FinCom p: print x Fl: Help F2: period F3: Company Statutory Details GST applicability HSWSAC & Related Details HSN/SAC Details Source of details HSN/SAC Description GST Rate & Related Details GST Rate Details Source of details Taxability Type GST Rate Type of Supply • Applicable As per Company/Stock Group Not Available As per Company/Stock Group Not Available Goods Quit o Yes or No FIO : Other ...
[keys] 'n' -> Tally 'TallyPrime:9000'
[shot] tds-250-mgw4 (1024x768)
[21:30:36] [tds] screen tds-250-mgw4 : TallyPrime MANAGE Recyc EDU K: Company Stock Item Creation Name (alias) Firefo Under Googl Units Chro Micros 46 IypÅ Unity Quit Y: Data Z: Exchange primary Not Applicable O: Import E: Export M: Share p: print x FinCom • ke Co Statutory Details GST applicability HSWSAC & Related Details HSN/SAC Details Source of details HSN/SAC Description GST Rate & Related Details GST Rate Details Source of details Taxability Type GST Rate Type of Supply Fl: Help F2: period Company • Applicable As per Company/Stock Group Not Available As per Company/Stock Group Not Available Goods 1 FIO: Other Masters Quantit...
[keys] '{ESC}' -> Tally 'TallyPrime:9000'
[shot] tds-251-mgw5 (1024x768)
[21:30:39] [tds] screen tds-251-mgw5 : TallyPrime MANAGE Recyc EDU K: Company Stock Item Creation Name (alias) Firefo Under Googl Units Chro Micros 46 IypÅ Unity Q: Quit Y: Data Z: Exchange primary Not Applicable O: Import E: Export M: Share FinCom p: print x Fl: Help F2: period F3: Company Statutory Details GST applicability HSWSAC & Related Details HSN/SAC Details Source of details HSN/SAC Description GST Rate & Related Details GST Rate Details Source of details Taxability Type GST Rate Type of Supply • Applicable As per Company/Stock Group Not Available As per Company/Stock Group Not Available Goods Quit o Yes or No FIO : Other ...
[keys] 'n' -> Tally 'TallyPrime:9000'
[shot] tds-252-mgw6 (1024x768)
[21:30:42] [tds] screen tds-252-mgw6 : TallyPrime MANAGE Recyc EDU K: Company Stock Item Creation Name (alias) Firefo Under Googl Units Chro Micros 46 IypÅ Unity Quit Y: Data Z: Exchange primary Not Applicable O: Import E: Export M: Share p: print x FinCom • ke Co Statutory Details GST applicability HSWSAC & Related Details HSN/SAC Details Source of details HSN/SAC Description GST Rate & Related Details GST Rate Details Source of details Taxability Type GST Rate Type of Supply Fl: Help F2: period Company • Applicable As per Company/Stock Group Not Available As per Company/Stock Group Not Available Goods 1 FIO: Other Masters Quantit...
[keys] '{ESC}' -> Tally 'TallyPrime:9000'
[shot] tds-253-mgw7 (1024x768)
[21:30:45] [tds] screen tds-253-mgw7 : TallyPrime MANAGE Recyc EDU K: Company Stock Item Creation Name (alias) Firefo Under Googl Units Chro Micros 46 IypÅ Unity Q: Quit Y: Data Z: Exchange primary Not Applicable O: Import E: Export M: Share FinCom p: print x Fl: Help F2: period F3: Company Statutory Details GST applicability HSWSAC & Related Details HSN/SAC Details Source of details HSN/SAC Description GST Rate & Related Details GST Rate Details Source of details Taxability Type GST Rate Type of Supply • Applicable As per Company/Stock Group Not Available As per Company/Stock Group Not Available Goods Quit o Yes or No FIO : Other ...
[keys] 'n' -> Tally 'TallyPrime:9000'
[21:30:48] [tds] the Gateway not reached (after S1-create): Tally started again
[keys] 'a' -> Tally 'TallyPrime:9000'
[keys] 't' -> Tally 'TallyPrime:9000'
[shot] tds-254-mh-start-0 (1024x768)
[21:31:22] [tds] screen tds-254-mh-start-0 : TallyPrime MANAGE Recyc EDU K: Company Gatewa of Tall Y: Data Z: Exchange CURRENT OATE Wednesday, I-Apr-2026 O: Import E: Export M: Share p: print Fl: Help Date Company Firefo Googl Chro Micros 46 IypÅ Unity CURRENT PERIOD I-Apr-26 to 31-Mar-27 NAME OF COMPANY FinCom Spike Co Gateway of Tally MASTERS Create Alter CHart of Accounts TRANSACTIONS Vouchers Day 800K UTILITIES BaNking REPORTS Balance Sheet Profit & Loss A/c Stock Summary Ratio Analysis Display More Reports DashbOard Quit 161 nt to •elati c2524 9b89b -c082 Hub" , " : "6b 9b89b -c082 tion_ 24978 isten corre 2fcfc nning ' , "sou Oad7- ...
  INFO mh B S1-create: stored as typed False (missing: NAME=MB\ I1; BASEUNITS=Nos); error ''; Ctrl+A 610.4 ms; add-on lines: none
[21:31:23] ---- mh B S2-alter-alias (Stock Item 'MB Item 1')
[shot] tds-255-mgw0 (1024x768)
[21:31:23] [tds] screen tds-255-mgw0 : TallyPrime MANAGE Recyc EDU K: Company Gatewa of Tall Y: Data Z: Exchange CURRENT OATE Wednesday, I-Apr-2026 O: Import E: Export M: Share p: print Fl: Help Date Company Firefo Googl Chro Micros 46 IypÅ Unity CURRENT PERIOD I-Apr-26 to 31-Mar-27 NAME OF COMPANY FinCom Spike Co Gateway of Tally MASTERS Create Alter CHart of Accounts TRANSACTIONS Vouchers Day 800K UTILITIES BaNking REPORTS Balance Sheet Profit & Loss A/c Stock Summary Ratio Analysis Display More Reports DashbOard Quit 161 nt to •elati c2524 9b89b -c082 Hub" , " : "6b 9b89b -c082 tion_ 24978 isten corre 2fcfc nning ' , "sou Oad7- ...
[keys] 'a' -> Tally 'TallyPrime:9000'
[keys] '{BACKSPACE}{BACKSPACE}{BACKSPACE}{BACKSPACE}{BACKSPACE}{BACKSPACE}{BACKSPACE}{BACKSPACE}{BACKSPACE}{BACKSPACE}{BACKSPACE}{BACKSPACE}{BACKSPACE}{BACKSPACE}{BACKSPACE}{BACKSPACE}{BACKSPACE}{BACKSPACE}{BACKSPACE}{BACKSPACE}' -> Tally 'TallyPrime:9000'
[keys] 'Stock Item' -> Tally 'TallyPrime:9000'
[keys] '{ENTER}' -> Tally 'TallyPrime:9000'
[keys] 'MB Item 1' -> Tally 'TallyPrime:9000'
[keys] '{ENTER}' -> Tally 'TallyPrime:9000'
[shot] mh-0395-S2-form (1024x768)
[mh] mh-0395-S2-form: field 137,116,241x15 left 'Name' heads 'Stock Item Alteration / K: Company / Y: Data' value 'B Item 1' (boxes: 137,116,241x15[Name|Stock Item Alteration/K: Company/Y: Data]) | TallyPrime MANAGE Recyc EDU K: Company Stock Item Alteration Y: Data Z: Exchange primary Not Applicable O: Import E: Export M: Share p: print x Name (alias) Firefo Under Googl Units Chro Micros 46 IypÅ Unity Quit B Item 1 FinCom • ke Co Statutory Details GST applicability HSWSAC & Related Details HSN/SAC Details Source of details HSN/SAC Description GST Rate & Related Details GST Rate Details Source of details Taxability Type GST Rate Type of Supply Fl: Help F2: period Company • Applicable As per Company/Stock Group Not Available As per Company/Stock Group Not Available Goods 1 FIO: Other Masters Quantity 161 nt to •elati c2524 9b89b -c082 Hub" , " : "6b 9b89b -c082 tion_ 24978 isten corre 2fcfc nning ' , "sou Oad7- age" , " : "6b Opening Balance Accept Q Search Rate per Ip: Delete Value More Details B Get HSN 'SAC Info Configure Windows Server 2025 Datacenter Build 26100.ge_release240331-1435 9:31 PM 10/8/2026
[mh] S2 the alteration form open is 'B Item 1', not 'MB Item 1': left
[shot] tds-256-mgw0 (1024x768)
[21:31:40] [tds] screen tds-256-mgw0 : TallyPrime MANAGE Recyc EDU K: Company Stock Item Alteration Y: Data Z: Exchange primary Not Applicable O: Import E: Export M: Share p: print x Name (alias) Firefo Under Googl Units Chro Micros 46 IypÅ Unity Quit B Item 1 FinCom • ke Co Statutory Details GST applicability HSWSAC & Related Details HSN/SAC Details Source of details HSN/SAC Description GST Rate & Related Details GST Rate Details Source of details Taxability Type GST Rate Type of Supply Fl: Help F2: period Company • Applicable As per Company/Stock Group Not Available As per Company/Stock Group Not Available Goods 1 FIO: Other Mast...
[keys] '{ESC}' -> Tally 'TallyPrime:9000'
[shot] tds-257-mgw1 (1024x768)
[21:31:43] [tds] screen tds-257-mgw1 : TallyPrime MANAGE Recyc EDU K: Company Stock Item Alteration Name (alias) Firefo Under Googl Units Chro Micros 46 IypÅ Unity Quit Y: Data Z: Exchange primary Not Applicable O: Import E: Export M: Share p: print x FinCom • ke Co Statutory Details GST applicability HSWSAC & Related Details HSN/SAC Details Source of details HSN/SAC Description GST Rate & Related Details GST Rate Details Source of details Taxability Type GST Rate Type of Supply Fl: Help F2: period Company • Applicable As per Company/Stock Group Not Available As per Company/Stock Group Not Available Goods 1 FIO: Other Masters Quant...
[keys] '{ESC}' -> Tally 'TallyPrime:9000'
[shot] tds-258-mgw2 (1024x768)
[21:31:46] [tds] screen tds-258-mgw2 : TallyPrime MANAGE Recyc EDU K: Company Stock Item Alteration Name (alias) Firefo Under Googl Units Chro Micros 46 IypÅ Unity Q: Quit Y: Data Z: Exchange primary Not Applicable O: Import E: Export M: Share FinCom p: print x Fl: Help F2: period F3: Company Statutory Details GST applicability HSWSAC & Related Details HSN/SAC Details Source of details HSN/SAC Description GST Rate & Related Details GST Rate Details Source of details Taxability Type GST Rate Type of Supply • Applicable As per Company/Stock Group Not Available As per Company/Stock Group Not Available Goods Quit o Yes or No FIO : Othe...
[keys] 'n' -> Tally 'TallyPrime:9000'
[shot] tds-259-mgw3 (1024x768)
[21:31:49] [tds] screen tds-259-mgw3 : TallyPrime MANAGE Recyc EDU K: Company Stock Item Alteration Name (alias) Firefo Under Googl Units Chro Micros 46 IypÅ Unity Quit Y: Data Z: Exchange primary Not Applicable O: Import E: Export M: Share p: print x FinCom • ke Co Statutory Details GST applicability HSWSAC & Related Details HSN/SAC Details Source of details HSN/SAC Description GST Rate & Related Details GST Rate Details Source of details Taxability Type GST Rate Type of Supply Fl: Help F2: period Company • Applicable As per Company/Stock Group Not Available As per Company/Stock Group Not Available Goods 1 FIO: Other Masters Quant...
[keys] '{ESC}' -> Tally 'TallyPrime:9000'
[shot] tds-260-mgw4 (1024x768)
[21:31:52] [tds] screen tds-260-mgw4 : TallyPrime MANAGE Recyc EDU K: Company Stock Item Alteration Name (alias) Firefo Under Googl Units Chro Micros 46 IypÅ Unity Q: Quit Y: Data Z: Exchange primary Not Applicable O: Import E: Export M: Share FinCom p: print x Fl: Help F2: period F3: Company Statutory Details GST applicability HSWSAC & Related Details HSN/SAC Details Source of details HSN/SAC Description GST Rate & Related Details GST Rate Details Source of details Taxability Type GST Rate Type of Supply • Applicable As per Company/Stock Group Not Available As per Company/Stock Group Not Available Goods Quit o Yes or No FIO : Othe...
[keys] 'n' -> Tally 'TallyPrime:9000'
[shot] tds-261-mgw5 (1024x768)
[21:31:55] [tds] screen tds-261-mgw5 : TallyPrime MANAGE Recyc EDU K: Company Stock Item Alteration Name (alias) Firefo Under Googl Units Chro Micros 46 IypÅ Unity Quit Y: Data Z: Exchange primary Not Applicable O: Import E: Export M: Share p: print x FinCom • ke Co Statutory Details GST applicability HSWSAC & Related Details HSN/SAC Details Source of details HSN/SAC Description GST Rate & Related Details GST Rate Details Source of details Taxability Type GST Rate Type of Supply Fl: Help F2: period Company • Applicable As per Company/Stock Group Not Available As per Company/Stock Group Not Available Goods 1 FIO: Other Masters Quant...
[keys] '{ESC}' -> Tally 'TallyPrime:9000'
[shot] tds-262-mgw6 (1024x768)
[21:31:58] [tds] screen tds-262-mgw6 : TallyPrime MANAGE Recyc EDU K: Company Stock Item Alteration Name (alias) Firefo Under Googl Units Chro Micros 46 IypÅ Unity Q: Quit Y: Data Z: Exchange primary Not Applicable O: Import E: Export M: Share FinCom p: print x Fl: Help F2: period F3: Company Statutory Details GST applicability HSWSAC & Related Details HSN/SAC Details Source of details HSN/SAC Description GST Rate & Related Details GST Rate Details Source of details Taxability Type GST Rate Type of Supply • Applicable As per Company/Stock Group Not Available As per Company/Stock Group Not Available Goods Quit o Yes or No FIO : Othe...
[keys] 'n' -> Tally 'TallyPrime:9000'
[shot] tds-263-mgw7 (1024x768)
[21:32:01] [tds] screen tds-263-mgw7 : TallyPrime MANAGE Recyc EDU K: Company Stock Item Alteration Name (alias) Firefo Under Googl Units Chro Micros 46 IypÅ Unity Quit Y: Data Z: Exchange primary Not Applicable O: Import E: Export M: Share p: print x FinCom • ke Co Statutory Details GST applicability HSWSAC & Related Details HSN/SAC Details Source of details HSN/SAC Description GST Rate & Related Details GST Rate Details Source of details Taxability Type GST Rate Type of Supply Fl: Help F2: period Company • Applicable As per Company/Stock Group Not Available As per Company/Stock Group Not Available Goods 1 FIO: Other Masters Quant...
[keys] '{ESC}' -> Tally 'TallyPrime:9000'
[21:32:03] [tds] the Gateway not reached (after S2-alter-alias): Tally started again
[keys] 'a' -> Tally 'TallyPrime:9000'
[keys] 't' -> Tally 'TallyPrime:9000'
[shot] tds-264-mh-start-0 (1024x768)
[21:32:37] [tds] screen tds-264-mh-start-0 : TallyPrime MANAGE Recyc EDU K: Company Gatewa of Tall Y: Data Z: Exchange CURRENT OATE Wednesday, I-Apr-2026 O: Import E: Export M: Share p: print Fl: Help Date Company Firefo Googl Chro Micros 46 IypÅ Unity CURRENT PERIOD I-Apr-26 to 31-Mar-27 NAME OF COMPANY FinCom Spike Co Gateway of Tally MASTERS Create Alter CHart of Accounts TRANSACTIONS Vouchers Day 800K UTILITIES BaNking REPORTS Balance Sheet Profit & Loss A/c Stock Summary Ratio Analysis Display More Reports DashbOard Quit 161 nt to •elati c2524 9b89b -c082 Hub" , " : "6b 9b89b -c082 tion_ 24978 isten corre 2fcfc nning ' , "sou Oad7- ...
  INFO mh B S2-alter-alias: stored as typed False (missing: NAME=MB\ I1X); error 'no save'; Ctrl+A -1 ms; add-on lines: none
[21:32:38] ---- mh B S3-rename (Stock Item 'MB Item 1R')
[shot] tds-265-mgw0 (1024x768)
[21:32:39] [tds] screen tds-265-mgw0 : TallyPrime MANAGE Recyc EDU K: Company Gatewa of Tall Y: Data Z: Exchange CURRENT OATE Wednesday, I-Apr-2026 O: Import E: Export M: Share p: print Fl: Help Date Company Firefo Googl Chro Micros 46 IypÅ Unity CURRENT PERIOD I-Apr-26 to 31-Mar-27 NAME OF COMPANY FinCom Spike Co Gateway of Tally MASTERS Create Alter CHart of Accounts TRANSACTIONS Vouchers Day 800K UTILITIES BaNking REPORTS Balance Sheet Profit & Loss A/c Stock Summary Ratio Analysis Display More Reports DashbOard Quit 161 nt to •elati c2524 9b89b -c082 Hub" , " : "6b 9b89b -c082 tion_ 24978 isten corre 2fcfc nning ' , "sou Oad7- ...
[keys] 'a' -> Tally 'TallyPrime:9000'
[keys] '{BACKSPACE}{BACKSPACE}{BACKSPACE}{BACKSPACE}{BACKSPACE}{BACKSPACE}{BACKSPACE}{BACKSPACE}{BACKSPACE}{BACKSPACE}{BACKSPACE}{BACKSPACE}{BACKSPACE}{BACKSPACE}{BACKSPACE}{BACKSPACE}{BACKSPACE}{BACKSPACE}{BACKSPACE}{BACKSPACE}' -> Tally 'TallyPrime:9000'
[keys] 'Stock Item' -> Tally 'TallyPrime:9000'
[keys] '{ENTER}' -> Tally 'TallyPrime:9000'
[keys] 'MB Item 1' -> Tally 'TallyPrime:9000'
[keys] '{ENTER}' -> Tally 'TallyPrime:9000'
[shot] mh-0396-S3-form (1024x768)
[mh] mh-0396-S3-form: field 137,116,241x15 left 'Name' heads 'Stock Item Alteration / K: Company / Y: Data' value 'B Item 1' (boxes: 137,116,241x15[Name|Stock Item Alteration/K: Company/Y: Data]) | TallyPrime MANAGE Recyc EDU K: Company Stock Item Alteration Y: Data Z: Exchange primary Not Applicable O: Import E: Export M: Share p: print x Name (alias) Firefo Under Googl Units Chro Micros 46 IypÅ Unity Quit B Item 1 FinCom • ke Co Statutory Details GST applicability HSWSAC & Related Details HSN/SAC Details Source of details HSN/SAC Description GST Rate & Related Details GST Rate Details Source of details Taxability Type GST Rate Type of Supply Fl: Help F2: period Company • Applicable As per Company/Stock Group Not Available As per Company/Stock Group Not Available Goods 1 FIO: Other Masters Quantity 161 nt to •elati c2524 9b89b -c082 Hub" , " : "6b 9b89b -c082 tion_ 24978 isten corre 2fcfc nning ' , "sou Oad7- age" , " : "6b Opening Balance Accept Q Search Rate per Ip: Delete Value More Details B Get HSN 'SAC Info Configure Windows Server 2025 Datacenter Build 26100.ge_release240331-1435 9:32 PM 10/8/2026
[mh] S3 the alteration form open is 'B Item 1', not 'MB Item 1': left
[shot] tds-266-mgw0 (1024x768)
[21:32:56] [tds] screen tds-266-mgw0 : TallyPrime MANAGE Recyc EDU K: Company Stock Item Alteration Y: Data Z: Exchange primary Not Applicable O: Import E: Export M: Share p: print x Name (alias) Firefo Under Googl Units Chro Micros 46 IypÅ Unity Quit B Item 1 FinCom • ke Co Statutory Details GST applicability HSWSAC & Related Details HSN/SAC Details Source of details HSN/SAC Description GST Rate & Related Details GST Rate Details Source of details Taxability Type GST Rate Type of Supply Fl: Help F2: period Company • Applicable As per Company/Stock Group Not Available As per Company/Stock Group Not Available Goods 1 FIO: Other Mast...
[keys] '{ESC}' -> Tally 'TallyPrime:9000'
[shot] tds-267-mgw1 (1024x768)
[21:32:58] [tds] screen tds-267-mgw1 : TallyPrime MANAGE Recyc EDU K: Company Stock Item Alteration Name (alias) Firefo Under Googl Units Chro Micros 46 IypÅ Unity Quit Y: Data Z: Exchange primary Not Applicable O: Import E: Export M: Share p: print x FinCom • ke Co Statutory Details GST applicability HSWSAC & Related Details HSN/SAC Details Source of details HSN/SAC Description GST Rate & Related Details GST Rate Details Source of details Taxability Type GST Rate Type of Supply Fl: Help F2: period Company • Applicable As per Company/Stock Group Not Available As per Company/Stock Group Not Available Goods 1 FIO: Other Masters Quant...
[keys] '{ESC}' -> Tally 'TallyPrime:9000'
[shot] tds-268-mgw2 (1024x768)
[21:33:01] [tds] screen tds-268-mgw2 : TallyPrime MANAGE Recyc EDU K: Company Stock Item Alteration Name (alias) Firefo Under Googl Units Chro Micros 46 IypÅ Unity Q: Quit Y: Data Z: Exchange primary Not Applicable O: Import E: Export M: Share FinCom p: print x Fl: Help F2: period F3: Company Statutory Details GST applicability HSWSAC & Related Details HSN/SAC Details Source of details HSN/SAC Description GST Rate & Related Details GST Rate Details Source of details Taxability Type GST Rate Type of Supply • Applicable As per Company/Stock Group Not Available As per Company/Stock Group Not Available Goods Quit o Yes or No FIO : Othe...
[keys] 'n' -> Tally 'TallyPrime:9000'
[shot] tds-269-mgw3 (1024x768)
[21:33:04] [tds] screen tds-269-mgw3 : TallyPrime MANAGE Recyc EDU K: Company Stock Item Alteration Name (alias) Firefo Under Googl Units Chro Micros 46 IypÅ Unity Quit Y: Data Z: Exchange primary Not Applicable O: Import E: Export M: Share p: print x FinCom • ke Co Statutory Details GST applicability HSWSAC & Related Details HSN/SAC Details Source of details HSN/SAC Description GST Rate & Related Details GST Rate Details Source of details Taxability Type GST Rate Type of Supply Fl: Help F2: period Company • Applicable As per Company/Stock Group Not Available As per Company/Stock Group Not Available Goods 1 FIO: Other Masters Quant...
[keys] '{ESC}' -> Tally 'TallyPrime:9000'
[shot] tds-270-mgw4 (1024x768)
[21:33:07] [tds] screen tds-270-mgw4 : TallyPrime MANAGE Recyc EDU K: Company Stock Item Alteration Name (alias) Firefo Under Googl Units Chro Micros 46 IypÅ Unity Q: Quit Y: Data Z: Exchange primary Not Applicable O: Import E: Export M: Share FinCom p: print x Fl: Help F2: period F3: Company Statutory Details GST applicability HSWSAC & Related Details HSN/SAC Details Source of details HSN/SAC Description GST Rate & Related Details GST Rate Details Source of details Taxability Type GST Rate Type of Supply • Applicable As per Company/Stock Group Not Available As per Company/Stock Group Not Available Goods Quit o Yes or No FIO : Othe...
[keys] 'n' -> Tally 'TallyPrime:9000'
[shot] tds-271-mgw5 (1024x768)
[21:33:11] [tds] screen tds-271-mgw5 : TallyPrime MANAGE Recyc EDU K: Company Stock Item Alteration Name (alias) Firefo Under Googl Units Chro Micros 46 IypÅ Unity Quit Y: Data Z: Exchange primary Not Applicable O: Import E: Export M: Share p: print x FinCom • ke Co Statutory Details GST applicability HSWSAC & Related Details HSN/SAC Details Source of details HSN/SAC Description GST Rate & Related Details GST Rate Details Source of details Taxability Type GST Rate Type of Supply Fl: Help F2: period Company • Applicable As per Company/Stock Group Not Available As per Company/Stock Group Not Available Goods 1 FIO: Other Masters Quant...
[keys] '{ESC}' -> Tally 'TallyPrime:9000'
[shot] tds-272-mgw6 (1024x768)
[21:33:13] [tds] screen tds-272-mgw6 : TallyPrime MANAGE Recyc EDU K: Company Stock Item Alteration Name (alias) Firefo Under Googl Units Chro Micros 46 IypÅ Unity Q: Quit Y: Data Z: Exchange primary Not Applicable O: Import E: Export M: Share FinCom p: print x Fl: Help F2: period F3: Company Statutory Details GST applicability HSWSAC & Related Details HSN/SAC Details Source of details HSN/SAC Description GST Rate & Related Details GST Rate Details Source of details Taxability Type GST Rate Type of Supply • Applicable As per Company/Stock Group Not Available As per Company/Stock Group Not Available Goods Quit o Yes or No FIO : Othe...
[keys] 'n' -> Tally 'TallyPrime:9000'
[shot] tds-273-mgw7 (1024x768)
[21:33:17] [tds] screen tds-273-mgw7 : TallyPrime MANAGE Recyc EDU K: Company Stock Item Alteration Name (alias) Firefo Under Googl Units Chro Micros 46 IypÅ Unity Quit Y: Data Z: Exchange primary Not Applicable O: Import E: Export M: Share p: print x FinCom • ke Co Statutory Details GST applicability HSWSAC & Related Details HSN/SAC Details Source of details HSN/SAC Description GST Rate & Related Details GST Rate Details Source of details Taxability Type GST Rate Type of Supply Fl: Help F2: period Company • Applicable As per Company/Stock Group Not Available As per Company/Stock Group Not Available Goods 1 FIO: Other Masters Quant...
[keys] '{ESC}' -> Tally 'TallyPrime:9000'
[21:33:19] [tds] the Gateway not reached (after S3-rename): Tally started again
[keys] 'a' -> Tally 'TallyPrime:9000'
[keys] 't' -> Tally 'TallyPrime:9000'
[shot] tds-274-mh-start-0 (1024x768)
[21:33:53] [tds] screen tds-274-mh-start-0 : TallyPrime MANAGE Recyc EDU K: Company Gatewa of Tall Y: Data Z: Exchange CURRENT OATE Wednesday, I-Apr-2026 O: Import E: Export M: Share p: print Fl: Help Date Company Firefo Googl Chro Micros 46 IypÅ Unity CURRENT PERIOD I-Apr-26 to 31-Mar-27 NAME OF COMPANY FinCom Spike Co Gateway of Tally MASTERS Create Alter CHart of Accounts TRANSACTIONS Vouchers Day 800K UTILITIES BaNking REPORTS Balance Sheet Profit & Loss A/c Stock Summary Ratio Analysis Display More Reports DashbOard Quit 161 nt to •elati c2524 9b89b -c082 Hub" , " : "6b 9b89b -c082 tion_ 24978 isten corre 2fcfc nning ' , "sou Oad7- ...
  INFO mh B S3-rename: stored as typed False (missing: not in Tally by name; old name 'MB Item 1' still in Tally); error 'no save'; Ctrl+A -1 ms; add-on lines: none
[21:33:54] ---- mh B S4-gst-hsn (Stock Item 'MB Item 1R')
[shot] tds-275-mgw0 (1024x768)
[21:33:54] [tds] screen tds-275-mgw0 : TallyPrime MANAGE Recyc EDU K: Company Gatewa of Tall Y: Data Z: Exchange CURRENT OATE Wednesday, I-Apr-2026 O: Import E: Export M: Share p: print Fl: Help Date Company Firefo Googl Chro Micros 46 IypÅ Unity CURRENT PERIOD I-Apr-26 to 31-Mar-27 NAME OF COMPANY FinCom Spike Co Gateway of Tally MASTERS Create Alter CHart of Accounts TRANSACTIONS Vouchers Day 800K UTILITIES BaNking REPORTS Balance Sheet Profit & Loss A/c Stock Summary Ratio Analysis Display More Reports DashbOard Quit 161 nt to •elati c2524 9b89b -c082 Hub" , " : "6b 9b89b -c082 tion_ 24978 isten corre 2fcfc nning ' , "sou Oad7- ...
[keys] 'a' -> Tally 'TallyPrime:9000'
[keys] '{BACKSPACE}{BACKSPACE}{BACKSPACE}{BACKSPACE}{BACKSPACE}{BACKSPACE}{BACKSPACE}{BACKSPACE}{BACKSPACE}{BACKSPACE}{BACKSPACE}{BACKSPACE}{BACKSPACE}{BACKSPACE}{BACKSPACE}{BACKSPACE}{BACKSPACE}{BACKSPACE}{BACKSPACE}{BACKSPACE}' -> Tally 'TallyPrime:9000'
[keys] 'Stock Item' -> Tally 'TallyPrime:9000'
[keys] '{ENTER}' -> Tally 'TallyPrime:9000'
[keys] 'MB Item 1R' -> Tally 'TallyPrime:9000'
[keys] '{ENTER}' -> Tally 'TallyPrime:9000'
[shot] mh-0397-S4-form (1024x768)
[mh] mh-0397-S4-form: field 341,142,245x16 left '' heads 'Master Alteration / FinCom • ke Co / Z: Exchange' value 'MB Item 1' (boxes: 341,142,245x16[|Master Alteration/FinCom • ke Co/Z: Exchange]) | Recyc TallyPrime MANAGE EDU K: Company Y: Data Z: Exchange FinCom • ke Co Master Alteration MB Item 1 List of Stock Items MB Item 1 O: Import Create Back E: Export M: Share p: print Firefo Googl Chron Micros lyp Unity Quit x Fl: Help nt to •elati c2524 9b89b -c082 Hub" , " : "6b 9b89b -c082 : '2.3 tion_ 24978 isten corre 2fcfc nning ' , "sou Oad7- age" , " : "6b Q Search Windows Server 2025 Datacenter Build 26100.ge_release240331-1435 9:34 PM 10/8/2026
[mh] S4 no alteration form of 'MB Item 1R' after Alter > Stock Item
[shot] tds-276-mgw0 (1024x768)
[21:34:11] [tds] screen tds-276-mgw0 : Recyc TallyPrime MANAGE EDU K: Company Y: Data Z: Exchange FinCom • ke Co Master Alteration MB Item 1_ List of Stock Items MB Item 1 O: Import Create Back E: Export M: Share p: print Firefo Googl Chron Micros lyp Unity Quit x Fl: Help nt to •elati c2524 9b89b -c082 Hub" , " : "6b 9b89b -c082 : '2.3 tion_ 24978 isten corre 2fcfc nning ' , "sou Oad7- age" , " : "6b Q Search Windows Server 2025 Datacenter Build 26100.ge_release240331-1435 9:34 PM 10/8/2026
[keys] '{ESC}' -> Tally 'TallyPrime:9000'
[shot] tds-277-mgw1 (1024x768)
[21:34:14] [tds] screen tds-277-mgw1 : Recyc TallyPrime MANAGE EDU K: Company Y: Data Z: Exchange FinCom • ke Co Master Alteration List of Stock Items MA Item IR MB Item 1 O: Import Create Back E: Export M: Share p: print Firefo Googl Chron Micros lyp Unity Quit x Fl: Help nt to •elati c2524 9b89b -c082 Hub" , " : "6b 9b89b -c082 : '2.3 tion_ 24978 isten corre 2fcfc nning ' , "sou Oad7- age" , " : "6b Q Search Windows Server 2025 Datacenter Build 26100.ge_release240331-1435 9:34 PM 10/8/2026
[keys] '{ESC}' -> Tally 'TallyPrime:9000'
[shot] tds-278-mgw2 (1024x768)
[21:34:17] [tds] screen tds-278-mgw2 : TallyPrime MANAGE Recyc EDU Firefo Googl Chron Micros Unity Quit K: Company Y: Data Z: Exchange FinCom • ke Co Master Alteration List of Masters Accounting Masters Group Ledger Cost Centre Currency Voucher Type Inventory Masters Stock Group Stock Category Stock Item Unit Location Payroll Masters Employee Group Employee Units (Work) Attendance/Production Type Pay Heads Payroll Voucher Type Statutory Masters GST Registration GST Classification Statutory Details Company GST Details O: Import Change Company Expand All Show More E: Export M: Share Q Search 161 p: print Fl: Help x nt to •elati c2524...
[keys] '{ESC}' -> Tally 'TallyPrime:9000'
[shot] tds-279-mgw3 (1024x768)
[21:34:19] [tds] screen tds-279-mgw3 : TallyPrime MANAGE Recyc EDU K: Company Gatewa of Tall Y: Data Z: Exchange CURRENT OATE Wednesday, I-Apr-2026 O: Import E: Export M: Share p: print Fl: Help Date Company Firefo Googl Chro Micros 46 IypÅ Unity CURRENT PERIOD I-Apr-26 to 31-Mar-27 NAME OF COMPANY FinCom Spike Co Gateway of Tally MASTERS Create Alter CHart of Accounts TRANSACTIONS Vouchers Day 800K UTILITIES BaNking REPORTS Balance Sheet Profit & Loss A/c Stock Summary Ratio Analysis Display More Reports DashbOard Quit 161 nt to •elati c2524 9b89b -c082 Hub" , " : "6b 9b89b -c082 tion_ 24978 isten corre 2fcfc nning ' , "sou Oad7- ...
  INFO mh B S4-gst-hsn: stored as typed False (missing: not in Tally by name; [A-Z.]*HSN[A-Z.]*=84713010; [A-Z.]*RATE[A-Z.]*=18(\.0+)?( ?%)?); error 'no save'; Ctrl+A -1 ms; add-on lines: none
[21:34:20] ---- mh B S5-unit-change (Stock Item 'MB Item 1R')
[shot] tds-280-mgw0 (1024x768)
[21:34:21] [tds] screen tds-280-mgw0 : TallyPrime MANAGE Recyc EDU K: Company Gatewa of Tall Y: Data Z: Exchange CURRENT OATE Wednesday, I-Apr-2026 O: Import E: Export M: Share p: print Fl: Help Date Company Firefo Googl Chro Micros 46 IypÅ Unity CURRENT PERIOD I-Apr-26 to 31-Mar-27 NAME OF COMPANY FinCom Spike Co Gateway of Tally MASTERS Create Alter CHart of Accounts TRANSACTIONS Vouchers Day 800K UTILITIES BaNking REPORTS Balance Sheet Profit & Loss A/c Stock Summary Ratio Analysis Display More Reports DashbOard Quit 161 nt to •elati c2524 9b89b -c082 Hub" , " : "6b 9b89b -c082 tion_ 24978 isten corre 2fcfc nning ' , "sou Oad7- ...
[keys] 'a' -> Tally 'TallyPrime:9000'
[keys] '{BACKSPACE}{BACKSPACE}{BACKSPACE}{BACKSPACE}{BACKSPACE}{BACKSPACE}{BACKSPACE}{BACKSPACE}{BACKSPACE}{BACKSPACE}{BACKSPACE}{BACKSPACE}{BACKSPACE}{BACKSPACE}{BACKSPACE}{BACKSPACE}{BACKSPACE}{BACKSPACE}{BACKSPACE}{BACKSPACE}' -> Tally 'TallyPrime:9000'
[keys] 'Stock Item' -> Tally 'TallyPrime:9000'
[keys] '{ENTER}' -> Tally 'TallyPrime:9000'
[keys] 'MB Item 1R' -> Tally 'TallyPrime:9000'
[keys] '{ENTER}' -> Tally 'TallyPrime:9000'
[shot] mh-0398-S5-form (1024x768)
[mh] mh-0398-S5-form: field 341,142,245x16 left '' heads 'Master Alteration / FinCom • ke Co / Z: Exchange' value 'MB Item 1' (boxes: 341,142,245x16[|Master Alteration/FinCom • ke Co/Z: Exchange]) | Recyc TallyPrime MANAGE EDU K: Company Y: Data Z: Exchange FinCom • ke Co Master Alteration MB Item 1 List of Stock Items MB Item 1 O: Import Create Back E: Export M: Share p: print Firefo Googl Chron Micros lyp Unity Quit x Fl: Help nt to •elati c2524 9b89b -c082 Hub" , " : "6b 9b89b -c082 : '2.3 tion_ 24978 isten corre 2fcfc nning ' , "sou Oad7- age" , " : "6b Q Search Windows Server 2025 Datacenter Build 26100.ge_release240331-1435 9:34 PM 10/8/2026
[mh] S5 no alteration form of 'MB Item 1R' after Alter > Stock Item
[shot] tds-281-mgw0 (1024x768)
[21:34:38] [tds] screen tds-281-mgw0 : Recyc TallyPrime MANAGE EDU K: Company Y: Data Z: Exchange FinCom • ke Co Master Alteration MB Item 1_ List of Stock Items MB Item 1 O: Import Create Back E: Export M: Share p: print Firefo Googl Chron Micros lyp Unity Quit x Fl: Help nt to •elati c2524 9b89b -c082 Hub" , " : "6b 9b89b -c082 : '2.3 tion_ 24978 isten corre 2fcfc nning ' , "sou Oad7- age" , " : "6b Q Search Windows Server 2025 Datacenter Build 26100.ge_release240331-1435 9:34 PM 10/8/2026
[keys] '{ESC}' -> Tally 'TallyPrime:9000'
[shot] tds-282-mgw1 (1024x768)
[21:34:40] [tds] screen tds-282-mgw1 : Recyc TallyPrime MANAGE EDU K: Company Y: Data Z: Exchange FinCom • ke Co Master Alteration List of Stock Items MA Item IR MB Item 1 O: Import Create Back E: Export M: Share p: print Firefo Googl Chron Micros lyp Unity Quit x Fl: Help nt to •elati c2524 9b89b -c082 Hub" , " : "6b 9b89b -c082 : '2.3 tion_ 24978 isten corre 2fcfc nning ' , "sou Oad7- age" , " : "6b Q Search Windows Server 2025 Datacenter Build 26100.ge_release240331-1435 9:34 PM 10/8/2026
[keys] '{ESC}' -> Tally 'TallyPrime:9000'
[shot] tds-283-mgw2 (1024x768)
[21:34:43] [tds] screen tds-283-mgw2 : TallyPrime MANAGE Recyc EDU Firefo Googl Chron Micros Unity Quit K: Company Y: Data Z: Exchange FinCom • ke Co Master Alteration List of Masters Accounting Masters Group Ledger Cost Centre Currency Voucher Type Inventory Masters Stock Group Stock Category Stock Item Unit Location Payroll Masters Employee Group Employee Units (Work) Attendance/Production Type Pay Heads Payroll Voucher Type Statutory Masters GST Registration GST Classification Statutory Details Company GST Details O: Import Change Company Expand All Show More E: Export M: Share Q Search 161 p: print Fl: Help x nt to •elati c2524...
[keys] '{ESC}' -> Tally 'TallyPrime:9000'
[shot] tds-284-mgw3 (1024x768)
[21:34:46] [tds] screen tds-284-mgw3 : TallyPrime MANAGE Recyc EDU K: Company Gatewa of Tall Y: Data Z: Exchange CURRENT OATE Wednesday, I-Apr-2026 O: Import E: Export M: Share p: print Fl: Help Date Company Firefo Googl Chro Micros 46 IypÅ Unity CURRENT PERIOD I-Apr-26 to 31-Mar-27 NAME OF COMPANY FinCom Spike Co Gateway of Tally MASTERS Create Alter CHart of Accounts TRANSACTIONS Vouchers Day 800K UTILITIES BaNking REPORTS Balance Sheet Profit & Loss A/c Stock Summary Ratio Analysis Display More Reports DashbOard Quit 161 nt to •elati c2524 9b89b -c082 Hub" , " : "6b 9b89b -c082 tion_ 24978 isten corre 2fcfc nning ' , "sou Oad7- ...
  INFO mh B S5-unit-change: stored as typed False (missing: not in Tally by name; BASEUNITS=Kgs); error 'no save'; Ctrl+A -1 ms; add-on lines: none
[21:34:47] ---- mh B S6-opening-batches (Stock Item 'MB Item B')
[shot] tds-285-mgw0 (1024x768)
[21:34:48] [tds] screen tds-285-mgw0 : TallyPrime MANAGE Recyc EDU K: Company Gatewa of Tall Y: Data Z: Exchange CURRENT OATE Wednesday, I-Apr-2026 O: Import E: Export M: Share p: print Fl: Help Date Company Firefo Googl Chro Micros 46 IypÅ Unity CURRENT PERIOD I-Apr-26 to 31-Mar-27 NAME OF COMPANY FinCom Spike Co Gateway of Tally MASTERS Create Alter CHart of Accounts TRANSACTIONS Vouchers Day 800K UTILITIES BaNking REPORTS Balance Sheet Profit & Loss A/c Stock Summary Ratio Analysis Display More Reports DashbOard Quit 161 nt to •elati c2524 9b89b -c082 Hub" , " : "6b 9b89b -c082 tion_ 24978 isten corre 2fcfc nning ' , "sou Oad7- ...
[keys] 'c' -> Tally 'TallyPrime:9000'
[keys] '{BACKSPACE}{BACKSPACE}{BACKSPACE}{BACKSPACE}{BACKSPACE}{BACKSPACE}{BACKSPACE}{BACKSPACE}{BACKSPACE}{BACKSPACE}{BACKSPACE}{BACKSPACE}{BACKSPACE}{BACKSPACE}{BACKSPACE}{BACKSPACE}{BACKSPACE}{BACKSPACE}{BACKSPACE}{BACKSPACE}' -> Tally 'TallyPrime:9000'
[keys] 'Stock Item' -> Tally 'TallyPrime:9000'
[keys] '{ENTER}' -> Tally 'TallyPrime:9000'
[shot] mh-0399-S6-form (1024x768)
[mh] mh-0399-S6-form: field 137,116,241x15 left 'Name' heads 'Stock Item Creation / K: Company / Y: Data' value '' (boxes: 137,116,241x15[Name|Stock Item Creation/K: Company/Y: Data]) | TallyPrime MANAGE Recyc EDU K: Company Stock Item Creation Name (alias) Firefo Under Googl Units Chro Micros 46 IypÅ Unity Quit Y: Data Z: Exchange primary Not Applicable O: Import E: Export M: Share p: print x FinCom • ke Co Statutory Details GST applicability HSWSAC & Related Details HSN/SAC Details Source of details HSN/SAC Description GST Rate & Related Details GST Rate Details Source of details Taxability Type GST Rate Type of Supply Fl: Help F2: period Company • Applicable As per Company/Stock Group Not Available As per Company/Stock Group Not Available Goods 1 FIO: Other Masters Quantity 161 nt to •elati c2524 9b89b -c082 Hub" , " : "6b 9b89b -c082 tion_ 24978 isten corre 2fcfc nning ' , "sou Oad7- age" , " : "6b Opening Balance Accept Q Search Rate per p: Delete Value More Details B Get HSN 'SAC Info Configure Windows Server 2025 Datacenter Build 26100.ge_release240331-1435 9:34 PM 10/8/2026
[shot] mh-0400-S6-w1 (1024x768)
[mh] mh-0400-S6-w1: field 137,116,241x15 left 'Name' heads 'Stock Item Creation / K: Company / Y: Data' value '' (boxes: 137,116,241x15[Name|Stock Item Creation/K: Company/Y: Data]) | TallyPrime MANAGE Recyc EDU K: Company Stock Item Creation Name (alias) Firefo Under Googl Units Chro Micros 46 IypÅ Unity Quit Y: Data Z: Exchange primary Not Applicable O: Import E: Export M: Share p: print x FinCom • ke Co Statutory Details GST applicability HSWSAC & Related Details HSN/SAC Details Source of details HSN/SAC Description GST Rate & Related Details GST Rate Details Source of details Taxability Type GST Rate Type of Supply Fl: Help F2: period Company • Applicable As per Company/Stock Group Not Available As per Company/Stock Group Not Available Goods 1 FIO: Other Masters Quantity 161 nt to •elati c2524 9b89b -c082 Hub" , " : "6b 9b89b -c082 tion_ 24978 isten corre 2fcfc nning ' , "sou Oad7- age" , " : "6b Opening Balance Accept Q Search Rate per p: Delete Value More Details B Get HSN 'SAC Info Configure Windows Server 2025 Datacenter Build 26100.ge_release240331-1435 9:34 PM 10/8/2026
[mh] S6 rule 0 ((^|\W)Name$) on 'Name|Stock Item Creation': keys 'MB Item B{ENTER}'
[keys] 'MB Item B' -> Tally 'TallyPrime:9000'
[keys] '{ENTER}' -> Tally 'TallyPrime:9000'
[shot] mh-0401-S6-w2 (1024x768)
[mh] mh-0401-S6-w2: field 137,133,241x15 left '' heads 'Stock Item Creation / K: Company Y: Data / Z: Exchange' value '' (boxes: 137,133,241x15[|Stock Item Creation/K: Company Y: Data/Z: Exchange]) | TallyPrime MANAGE Recyc EDU K: Company Y: Data Stock Item Creation Z: Exchange primary Not Applicable O: Import E: Export M: Share p: print x FinCom • ke Co Statutory Details GST applicability HSWSAC & Related Details HSN/SAC Details Source of details HSN/SAC Description GST Rate & Related Details GST Rate Details Source of details Taxability Type GST Rate Type of Supply Fl: Help F2: period Company Firefo Under Googl Units Chro Micros 46 IypÅ Unity Quit • Applicable As per Company/Stock Group Not Available As per Company/Stock Group Not Available Goods 1 FIO: Other Masters Quantity 161 nt to •elati c2524 9b89b -c082 Hub" , " : "6b 9b89b -c082 tion_ 24978 isten corre 2fcfc nning ' , "sou Oad7- age" , " : "6b Opening Balance Accept Q Search Rate per p: Delete Value More Details B Get HSN 'SAC Info Configure Windows Server 2025 Datacenter Build 26100.ge_release240331-1435 9:35 PM 10/8/2026
[keys] '{ENTER}' -> Tally 'TallyPrime:9000'
[shot] mh-0402-S6-w3 (1024x768)
[mh] mh-0402-S6-w3: field 280,242,186x15 left 'Under' heads 'FinCom • ke Co / Z: Exchange' value 'Primary' (boxes: 280,242,186x15[Under|FinCom • ke Co/Z: Exchange]) | TallyPrime MANAGE Recyc EDU K: Company Stock Item Creation Y: Data Z: Exchange Primary Not Applicable FinCom • ke Co Statutory Detail GST applicability HSWSAC & Rel HSN/SAC Detail Source of detail HSN/SAC Description GST Rate & Re GST Rate Detail Source of detail Taxability Type GST Rate Type of Supply O: Import List of Grou s • Primary E: Export M: Share Name (alias) Firefo Under Googl Units Chro Micros 46 IypÅ Unity Quit MB Item B p: print x Create Fl: Help F2: period Company FIO: Other Masters Quantity 161 nt to •elati c2524 9b89b -c082 Hub" , " : "6b 9b89b -c082 tion_ 24978 isten corre 2fcfc nning ' , "sou Oad7- age" , " : "6b Opening Balance Accept Q Search Rate per p: Delete More Details B Get HSN 'SAC Info Configure Windows Server 2025 Datacenter Build 26100.ge_release240331-1435 9:35 PM 10/8/2026
[keys] '{ENTER}' -> Tally 'TallyPrime:9000'
[shot] mh-0403-S6-w4 (1024x768)
[mh] mh-0403-S6-w4: field none left '' heads '' value '' (boxes: ) | TallyPrime MANAGE Recyc EDU K: Company Stock Item Creation Y: Data Z: Exchange primary FinCom • ke Co Units Not Applicable Days Kgs Nos Description O: Import Create ils E: Export M: Share p: print x Name (alias) Firefo Under Googl Units Chro Micros 46 IypÅ Unity Quit MB Item B Fl: Help F2: period Company • Applicable As per Company/Stock Group Not Available As per Company/Stock Group Not Available Goods 1 FIO: Other Masters GST Rate & Related Details GST Rate Details Source of details Taxability Type GST Rate Type of Supply Quantity 161 nt to •elati c2524 9b89b -c082 Hub" , " : "6b 9b89b -c082 tion_ 24978 isten corre 2fcfc nning ' , "sou Oad7- age" , " : "6b Opening Balance Accept Q Search Rate per p: Delete Value More Details B Get HSN 'SAC Info Configure Windows Server 2025 Datacenter Build 26100.ge_release240331-1435 9:35 PM 10/8/2026
[keys] '{ENTER}' -> Tally 'TallyPrime:9000'
[shot] mh-0404-S6-w5 (1024x768)
[mh] mh-0404-S6-w5: field 677,266,186x15 left 'GST applicability' heads 'E: Export / M: Share / p: print' value '' (boxes: 677,266,186x15[GST applicability|E: Export/M: Share/p: print]) | TallyPrime MANAGE Recyc EDU K: Company Stock Item Creation Y: Data Z: Exchange primary Not Applicable O: Import E: Export M: Share p: print x Name (alias) Firefo Under Googl Units Chro Micros 46 IypÅ Unity Quit MB Item B FinCom • ke Co Statutory Details GST applicability HSWSAC & Related Details HSN/SAC Details Source of details HSN/SAC Description GST Rate & Related Details GST Rate Details Source of details Taxability Type GST Rate Type of Supply Fl: Help F2: period Company As per Company/Stock Group Not Available As per Company/Stock Group Not Available Goods 1 FIO: Other Masters Quantity 161 nt to •elati c2524 9b89b -c082 Hub" , " : "6b 9b89b -c082 tion_ 24978 isten corre 2fcfc nning ' , "sou Oad7- age" , " : "6b Opening Balance Accept Q Search Rate per p: Delete Value More Details B Get HSN 'SAC Info Configure Windows Server 2025 Datacenter Build 26100.ge_release240331-1435 9:35 PM 10/8/2026
[keys] '{ENTER}' -> Tally 'TallyPrime:9000'
[shot] mh-0405-S6-w6 (1024x768)
[mh] mh-0405-S6-w6: field none left '' heads '' value '' (boxes: ) | TallyPrime MANAGE Recyc EDU K: Company Stock Item Creation Y: Data Z: Exchange primary Not Applicable O: Import E: Export M: Share p: print x Name (alias) Firefo Under Googl Units Chro Micros 46 IypÅ Unity Quit MB Item B FinCom • ke Co Statutory Details GST applicability HSWSAC & Related Details HSN/SAC Details Source of details HSN/SAC Description GST Rate & Related Detail GST Rate Details Source of details Taxability Type GST Rate Type of Supply Fl: Help F2: period Company • Applicable • as per Company/Stock Group List of Actions Show More As per Company/Stock Group Specify Details Here Use GST Classification Goods 1 FIO: Other Masters Quantity 161 nt to •elati c2524 9b89b -c082 Hub" , " : "6b 9b89b -c082 tion_ 24978 isten corre 2fcfc nning ' , "sou Oad7- age" , " : "6b Opening Balance Accept Q Search Rate per p: Delete Value More Details B Get HSN 'SAC Info Configure Windows Server 2025 Datacenter Build 26100.ge_release240331-1435 9:35 PM 10/8/2026
[keys] '{ENTER}' -> Tally 'TallyPrime:9000'
[shot] mh-0406-S6-w7 (1024x768)
[mh] mh-0406-S6-w7: field none left '' heads '' value '' (boxes: ) | TallyPrime MANAGE Recyc EDU K: Company Stock Item Creation Y: Data Z: Exchange primary Not Applicable O: Import E: Export M: Share p: print x Name (alias) Firefo Under Googl Units Chro Micros 46 IypÅ Unity Quit MB Item B FinCom • ke Co Statutory Details GST applicability HSWSAC & Related Details HSN/SAC Details Source of details HSN/SAC Description GST Rate & Related Details GST Rate Details Source of details Taxability Type GST Rate Type of Supply Fl: Help F2: period Company • Applicable As per Company/Stock Group Not Available as per Company/Stock Group List of Actions Show More As per Company/Stock Group Specify Details Here Use GST Classification FIO: Other Masters Quantity 161 nt to •elati c2524 9b89b -c082 Hub" , " : "6b 9b89b -c082 tion_ 24978 isten corre 2fcfc nning ' , "sou Oad7- age" , " : "6b Opening Balance Accept Q Search Rate per p: Delete Value More Details B Get HSN 'SAC Info Configure Windows Server 2025 Datacenter Build 26100.ge_release240331-1435 9:35 PM 10/8/2026
[keys] '{ENTER}' -> Tally 'TallyPrime:9000'
[shot] mh-0407-S6-w8 (1024x768)
[mh] mh-0407-S6-w8: field 677,472,186x16 left 'Type of Supply' heads 'Serices / Goods / Not' value 'S' (boxes: 677,472,186x16[Type of Supply|Serices/Goods/Not]) | TallyPrime MANAGE Recyc EDU K: Company Stock Item Creation Y: Data Z: Exchange primary Not Applicable O: Import E: Export M: Share p: print x Name (alias) Firefo Under Googl Units Chro Micros 46 IypÅ Unity Quit MB Item B FinCom • ke Co Statutory Details GST applicability HSWSAC & Related Details HSN/SAC Details Source of details HSN/SAC Description GST Rate & Related Details GST Rate Details Source of details Taxability Type GST Rate Type of Supply Fl: Help F2: period Company • Applicable As per Company/Stock Group Not Available T sof su As Capital Goods Not Goods Serices S FIO: Other Masters up 1 Quantity 161 nt to •elati c2524 9b89b -c082 Hub" , " : "6b 9b89b -c082 tion_ 24978 isten corre 2fcfc nning ' , "sou Oad7- age" , " : "6b Opening Balance Accept Q Search Rate per p: Delete Value More Details B Get HSN 'SAC Info Configure Windows Server 2025 Datacenter Build 26100.ge_release240331-1435 9:35 PM 10/8/2026
[keys] '{ENTER}' -> Tally 'TallyPrime:9000'
[shot] mh-0408-S6-w9 (1024x768)
[mh] mh-0408-S6-w9: field 677,487,68x16 left 'Rate of Duty (eg 5)' heads 'Goods / Not Available / As per Company/Stock Group' value '' (boxes: 677,487,68x16[Rate of Duty (eg 5)|Goods/Not Available/As per Company/Stock Group]) | TallyPrime MANAGE Recyc EDU K: Company Stock Item Creation Y: Data Z: Exchange • Not Applicable O: Import E: Export M: Share p: print x Name (alias) Firefo Units Googl Chro Micros 46 IypÅ Unity Quit MB Item B FinCom • ke Co GST applicability HSWSAC & Related Details HSN/SAC Details Source of details HSN/SAC Description GST Rate & Related Details GST Rate Details Source of details Taxability Type GST Rate Type of Supply Rate of Duty (eg 5) Fl: Help F2: period Company • Applicable As per Company/Stock Group Not Available As per Company/Stock Group Not Available Goods FIO: Other Masters Quantity 161 nt to •elati c2524 9b89b -c082 Hub" , " : "6b 9b89b -c082 tion_ 24978 isten corre 2fcfc nning ' , "sou Oad7- age" , " : "6b Opening Balance Accept Q Search Rate per p: Delete Value More Details B Get HSN 'SAC Info Configure Windows Server 2025 Datacenter Build 26100.ge_release240331-1435 9:35 PM 10/8/2026
[keys] '{ENTER}' -> Tally 'TallyPrime:9000'
[shot] mh-0409-S6-w10 (1024x768)
[mh] mh-0409-S6-w10: field 579,553,99x15 left 'Opening Balance' heads 'Value / Rate of Duty (eg 5) / GST Rate Details' value '' (boxes: 579,553,99x15[Opening Balance|Value/Rate of Duty (eg 5)/GST Rate Details]) | TallyPrime MANAGE Recyc EDU K: Company Stock Item Creation Y: Data Z: Exchange • Not Applicable O: Import E: Export M: Share p: print x Name (alias) Firefo Units Googl Chro Micros 46 IypÅ Unity Quit MB Item B FinCom • ke Co GST applicability HSWSAC & Related Details HSN/SAC Details Source of details HSN/SAC Description GST Rate & Related Details GST Rate Details Source of details Taxability Type GST Rate Type of Supply Rate of Duty (eg 5) Fl: Help F2: period Company • Applicable As per Company/Stock Group Not Available As per Company/Stock Group Not Available Goods FIO: Other Masters Quantity 161 nt to •elati c2524 9b89b -c082 Hub" , " : "6b 9b89b -c082 tion_ 24978 isten corre 2fcfc nning ' , "sou Oad7- age" , " : "6b Opening Balance Accept Q Search Rate per p: Delete Value More Details B Get HSN 'SAC Info Configure Windows Server 2025 Datacenter Build 26100.ge_release240331-1435 9:35 PM 10/8/2026
[mh] S6 rule 3 (Opening Balance) on 'Opening Balance|Value': keys '15{ENTER}'
[keys] '15' -> Tally 'TallyPrime:9000'
[keys] '{ENTER}' -> Tally 'TallyPrime:9000'
[shot] mh-0410-S6-w11 (1024x768)
[mh] mh-0410-S6-w11: field 338,234,101x16 left '' heads 'Location / for: 15.00 / Allocations of: MB Item B' value '' (boxes: 338,234,101x16[|Location/for: 15.00/Allocations of: MB Item B]) | x Recyc Firefo TallyPrime MANAGE EDU K: Company Stock Item Allocation Y: Data Z: Exchange FinCom Spike Co Allocations of: MB Item B O: Import E: Export List of Locations MA Godown IR Main Location MA T4 MB GIX MB Godown IR MB Godown 2 MH Main M: Share p: print Create Fl: Help Googl Chron Micros lyp Unity Quit for: 15.00 Location A Accept Q Search Amou 15. 15. nt to •elati c2524 9b89b -c082 Hub" , " : "6b 9b89b -c082 : '2.3 tion_ 24978 isten corre 2fcfc nning ' , "sou Oad7- age" , " : "6b Windows Server 2025 Datacenter Build 26100.ge_release240331-1435 9:35 PM 10/8/2026
[mh] S6 rule 4 (Godown|Location) on '|Location': keys 'MH Main{ENTER}'
[keys] 'MH Main' -> Tally 'TallyPrime:9000'
[keys] '{ENTER}' -> Tally 'TallyPrime:9000'
[shot] mh-0411-S6-w12 (1024x768)
[mh] mh-0411-S6-w12: field 512,234,77x16 left 'Main' heads 'Amount / Allocations of: MB Item B' value '15.00' (boxes: 512,234,77x16[Main|Amount/Allocations of: MB Item B]) | x Recyc Firefo TallyPrime MANAGE EDU K: Company Stock Item Allocation Y: Data Z: Exchange O: Import E: Export M: Share p: print Fl: Help FinCom Spike Co Allocations of: MB Item B Googl Chron Micros lyp Unity Quit Location MH Main A Accept Q Search for: 15.00 Amount 15.00 15.00 nt to •elati c2524 9b89b -c082 Hub" , " : "6b 9b89b -c082 : '2.3 tion_ 24978 isten corre 2fcfc nning ' , "sou Oad7- age" , " : "6b Windows Server 2025 Datacenter Build 26100.ge_release240331-1435 9:35 PM 10/8/2026
[mh] S6 rule 8 (Godown|Location) on 'Main|Amount': keys 'MH Main{ENTER}'
[keys] 'MH Main' -> Tally 'TallyPrime:9000'
[keys] '{ENTER}' -> Tally 'TallyPrime:9000'
[shot] mh-0412-S6-w13 (1024x768)
[mh] mh-0412-S6-w13: field 512,234,77x16 left 'Main' heads 'Amount / Allocations of: MB Item B' value 'MH Main' (boxes: 512,234,77x16[Main|Amount/Allocations of: MB Item B]) | x Recyc Firefo TallyPrime MANAGE EDU K: Company Stock Item Allocation Y: Data Z: Exchange O: Import E: Export M: Share p: print Fl: Help FinCom Spike Co Allocations of: MB Item B Googl Chron Micros lyp Unity Quit for: 15.00 Location MH Main A Accept Q Search Amount MH Main 15.00 nt to •elati c2524 9b89b -c082 Hub" , " : "6b 9b89b -c082 : '2.3 tion_ 24978 isten corre 2fcfc nning ' , "sou Oad7- age" , " : "6b Windows Server 2025 Datacenter Build 26100.ge_release240331-1435 9:35 PM 10/8/2026
[mh] S6 rule 12 (Godown|Location) on 'Main|Amount': keys 'End of List{ENTER}'
[keys] 'End of List' -> Tally 'TallyPrime:9000'
[keys] '{ENTER}' -> Tally 'TallyPrime:9000'
[shot] mh-0413-S6-w14 (1024x768)
[mh] mh-0413-S6-w14: field none left '' heads '' value '' (boxes: ) | x Recyc Firefo TallyPrime MANAGE EDU K: Company Stock Item Allocation Y: Data Z: Exchange O: Import E: Export M: Share p: print Fl: Help FinCom Spike Co Allocations of: MB Item B Googl Chron Micros lyp Unity Quit Location MH Main A Accept Q Search for: 15.00 Amount End of List 15.00 nt to •elati c2524 9b89b -c082 Hub" , " : "6b 9b89b -c082 : '2.3 tion_ 24978 isten corre 2fcfc nning ' , "sou Oad7- age" , " : "6b Windows Server 2025 Datacenter Build 26100.ge_release240331-1435 9:35 PM 10/8/2026
[keys] '{ENTER}' -> Tally 'TallyPrime:9000'
[shot] mh-0414-S6-w15 (1024x768)
[mh] mh-0414-S6-w15: field none left '' heads '' value '' (boxes: ) | x Recyc Firefo TallyPrime MANAGE EDU K: Company Stock Item Allocation Y: Data Z: Exchange O: Import E: Export M: Share p: print Fl: Help FinCom Spike Co Allocations of: MB Item B Googl Chron Micros lyp Unity Quit Location MH Main A Accept Q Search for: 15.00 Amount End of Lis 15.00 nt to •elati c2524 9b89b -c082 Hub" , " : "6b 9b89b -c082 : '2.3 tion_ 24978 isten corre 2fcfc nning ' , "sou Oad7- age" , " : "6b Windows Server 2025 Datacenter Build 26100.ge_release240331-1435 9:35 PM 10/8/2026
[keys] '{ENTER}' -> Tally 'TallyPrime:9000'
[shot] mh-0415-S6-w16 (1024x768)
[mh] mh-0415-S6-w16: field none left '' heads '' value '' (boxes: ) | x Recyc Firefo TallyPrime MANAGE EDU K: Company Stock Item Allocation Y: Data Z: Exchange O: Import E: Export M: Share p: print Fl: Help FinCom Spike Co Allocations of: MB Item B Googl Chron Micros lyp Unity Quit Location MH Main A Accept Q Search for: 15.00 Amount End of Lis 15.00 nt to •elati c2524 9b89b -c082 Hub" , " : "6b 9b89b -c082 : '2.3 tion_ 24978 isten corre 2fcfc nning ' , "sou Oad7- age" , " : "6b Windows Server 2025 Datacenter Build 26100.ge_release240331-1435 9:35 PM 10/8/2026
[keys] '{ENTER}' -> Tally 'TallyPrime:9000'
[shot] mh-0416-S6-w17 (1024x768)
[mh] mh-0416-S6-w17: field none left '' heads '' value '' (boxes: ) | x Recyc Firefo TallyPrime MANAGE EDU K: Company Stock Item Allocation Y: Data Z: Exchange O: Import E: Export M: Share p: print Fl: Help FinCom Spike Co Allocations of: MB Item B Googl Chron Micros lyp Unity Quit Location MH Main A Accept Q Search for: 15.00 Amount End of Lis 15.00 nt to •elati c2524 9b89b -c082 Hub" , " : "6b 9b89b -c082 : '2.3 tion_ 24978 isten corre 2fcfc nning ' , "sou Oad7- age" , " : "6b Windows Server 2025 Datacenter Build 26100.ge_release240331-1435 9:35 PM 10/8/2026
[keys] '{ENTER}' -> Tally 'TallyPrime:9000'
[shot] mh-0417-S6-w18 (1024x768)
[mh] mh-0417-S6-w18: field none left '' heads '' value '' (boxes: ) | x Recyc Firefo TallyPrime MANAGE EDU K: Company Stock Item Allocation Y: Data Z: Exchange O: Import E: Export M: Share p: print Fl: Help FinCom Spike Co Allocations of: MB Item B Googl Chron Micros lyp Unity Quit Location MH Main A Accept Q Search for: 15.00 Amount End of List 15.00 nt to •elati c2524 9b89b -c082 Hub" , " : "6b 9b89b -c082 : '2.3 tion_ 24978 isten corre 2fcfc nning ' , "sou Oad7- age" , " : "6b Windows Server 2025 Datacenter Build 26100.ge_release240331-1435 9:35 PM 10/8/2026
[keys] '{ENTER}' -> Tally 'TallyPrime:9000'
[shot] mh-0418-S6-w19 (1024x768)
[mh] mh-0418-S6-w19: field none left '' heads '' value '' (boxes: ) | x Recyc Firefo TallyPrime MANAGE EDU K: Company Stock Item Allocation Y: Data Z: Exchange O: Import E: Export M: Share p: print Fl: Help FinCom Spike Co Allocations of: MB Item B Googl Chron Micros lyp Unity Quit Location MH Main A Accept Q Search for: 15.00 Amount End of Lis 15.00 nt to •elati c2524 9b89b -c082 Hub" , " : "6b 9b89b -c082 : '2.3 tion_ 24978 isten corre 2fcfc nning ' , "sou Oad7- age" , " : "6b Windows Server 2025 Datacenter Build 26100.ge_release240331-1435 9:35 PM 10/8/2026
[keys] '{ENTER}' -> Tally 'TallyPrime:9000'
[shot] mh-0419-S6-w20 (1024x768)
[mh] mh-0419-S6-w20: field none left '' heads '' value '' (boxes: ) | x Recyc Firefo TallyPrime MANAGE EDU K: Company Stock Item Allocation Y: Data Z: Exchange O: Import E: Export M: Share p: print Fl: Help FinCom Spike Co Allocations of: MB Item B Googl Chron Micros lyp Unity Quit Location MH Main A Accept Q Search for: 15.00 Amount End of Lis 15.00 nt to •elati c2524 9b89b -c082 Hub" , " : "6b 9b89b -c082 : '2.3 tion_ 24978 isten corre 2fcfc nning ' , "sou Oad7- age" , " : "6b Windows Server 2025 Datacenter Build 26100.ge_release240331-1435 9:35 PM 10/8/2026
[keys] '{ENTER}' -> Tally 'TallyPrime:9000'
[shot] mh-0420-S6-w21 (1024x768)
[mh] mh-0420-S6-w21: field none left '' heads '' value '' (boxes: ) | x Recyc Firefo TallyPrime MANAGE EDU K: Company Stock Item Allocation Y: Data Z: Exchange O: Import E: Export M: Share p: print Fl: Help FinCom Spike Co Allocations of: MB Item B Googl Chron Micros lyp Unity Quit Location MH Main A Accept Q Search for: 15.00 Amount End of Lis 15.00 nt to •elati c2524 9b89b -c082 Hub" , " : "6b 9b89b -c082 : '2.3 tion_ 24978 isten corre 2fcfc nning ' , "sou Oad7- age" , " : "6b Windows Server 2025 Datacenter Build 26100.ge_release240331-1435 9:36 PM 10/8/2026
[keys] '{ENTER}' -> Tally 'TallyPrime:9000'
[shot] mh-0421-S6-w22 (1024x768)
[mh] mh-0421-S6-w22: field none left '' heads '' value '' (boxes: ) | x Recyc Firefo TallyPrime MANAGE EDU K: Company Stock Item Allocation Y: Data Z: Exchange O: Import E: Export M: Share p: print Fl: Help FinCom Spike Co Allocations of: MB Item B Googl Chron Micros lyp Unity Quit Location MH Main A Accept Q Search for: 15.00 Amount End of Lis 15.00 nt to •elati c2524 9b89b -c082 Hub" , " : "6b 9b89b -c082 : '2.3 tion_ 24978 isten corre 2fcfc nning ' , "sou Oad7- age" , " : "6b Windows Server 2025 Datacenter Build 26100.ge_release240331-1435 9:36 PM 10/8/2026
[keys] '{ENTER}' -> Tally 'TallyPrime:9000'
[shot] mh-0422-S6-w23 (1024x768)
[mh] mh-0422-S6-w23: field none left '' heads '' value '' (boxes: ) | x Recyc Firefo TallyPrime MANAGE EDU K: Company Stock Item Allocation Y: Data Z: Exchange O: Import E: Export M: Share p: print Fl: Help FinCom Spike Co Allocations of: MB Item B Googl Chron Micros lyp Unity Quit Location MH Main A Accept Q Search for: 15.00 Amount End of List 15.00 nt to •elati c2524 9b89b -c082 Hub" , " : "6b 9b89b -c082 : '2.3 tion_ 24978 isten corre 2fcfc nning ' , "sou Oad7- age" , " : "6b Windows Server 2025 Datacenter Build 26100.ge_release240331-1435 9:36 PM 10/8/2026
[keys] '{ENTER}' -> Tally 'TallyPrime:9000'
[shot] mh-0423-S6-w24 (1024x768)
[mh] mh-0423-S6-w24: field none left '' heads '' value '' (boxes: ) | x Recyc Firefo TallyPrime MANAGE EDU K: Company Stock Item Allocation Y: Data Z: Exchange O: Import E: Export M: Share p: print Fl: Help FinCom Spike Co Allocations of: MB Item B Googl Chron Micros lyp Unity Quit Location MH Main A Accept Q Search for: 15.00 Amount End of Lis 15.00 nt to •elati c2524 9b89b -c082 Hub" , " : "6b 9b89b -c082 : '2.3 tion_ 24978 isten corre 2fcfc nning ' , "sou Oad7- age" , " : "6b Windows Server 2025 Datacenter Build 26100.ge_release240331-1435 9:36 PM 10/8/2026
[keys] '{ENTER}' -> Tally 'TallyPrime:9000'
[shot] mh-0424-S6-w25 (1024x768)
[mh] mh-0424-S6-w25: field none left '' heads '' value '' (boxes: ) | x Recyc Firefo TallyPrime MANAGE EDU K: Company Stock Item Allocation Y: Data Z: Exchange O: Import E: Export M: Share p: print Fl: Help FinCom Spike Co Allocations of: MB Item B Googl Chron Micros lyp Unity Quit Location MH Main A Accept Q Search for: 15.00 Amount End of List 15.00 nt to •elati c2524 9b89b -c082 Hub" , " : "6b 9b89b -c082 : '2.3 tion_ 24978 isten corre 2fcfc nning ' , "sou Oad7- age" , " : "6b Windows Server 2025 Datacenter Build 26100.ge_release240331-1435 9:36 PM 10/8/2026
[keys] '{ENTER}' -> Tally 'TallyPrime:9000'
[shot] mh-0425-S6-w26 (1024x768)
[mh] mh-0425-S6-w26: field none left '' heads '' value '' (boxes: ) | x Recyc Firefo TallyPrime MANAGE EDU K: Company Stock Item Allocation Y: Data Z: Exchange O: Import E: Export M: Share p: print Fl: Help FinCom Spike Co Allocations of: MB Item B Googl Chron Micros lyp Unity Quit Location MH Main A Accept Q Search for: 15.00 Amount End of List 15.00 nt to •elati c2524 9b89b -c082 Hub" , " : "6b 9b89b -c082 : '2.3 tion_ 24978 isten corre 2fcfc nning ' , "sou Oad7- age" , " : "6b Windows Server 2025 Datacenter Build 26100.ge_release240331-1435 9:36 PM 10/8/2026
[keys] '{ENTER}' -> Tally 'TallyPrime:9000'
[shot] mh-0426-S6-w27 (1024x768)
[mh] mh-0426-S6-w27: field none left '' heads '' value '' (boxes: ) | x Recyc Firefo TallyPrime MANAGE EDU K: Company Stock Item Allocation Y: Data Z: Exchange O: Import E: Export M: Share p: print Fl: Help FinCom Spike Co Allocations of: MB Item B Googl Chron Micros lyp Unity Quit Location MH Main A Accept Q Search for: 15.00 Amount End of Lis 15.00 nt to •elati c2524 9b89b -c082 Hub" , " : "6b 9b89b -c082 : '2.3 tion_ 24978 isten corre 2fcfc nning ' , "sou Oad7- age" , " : "6b Windows Server 2025 Datacenter Build 26100.ge_release240331-1435 9:36 PM 10/8/2026
[keys] '{ENTER}' -> Tally 'TallyPrime:9000'
[shot] mh-0427-S6-w28 (1024x768)
[mh] mh-0427-S6-w28: field none left '' heads '' value '' (boxes: ) | x Recyc Firefo TallyPrime MANAGE EDU K: Company Stock Item Allocation Y: Data Z: Exchange O: Import E: Export M: Share p: print Fl: Help FinCom Spike Co Allocations of: MB Item B Googl Chron Micros lyp Unity Quit Location MH Main A Accept Q Search for: 15.00 Amount End of Lis 15.00 nt to •elati c2524 9b89b -c082 Hub" , " : "6b 9b89b -c082 : '2.3 tion_ 24978 isten corre 2fcfc nning ' , "sou Oad7- age" , " : "6b Windows Server 2025 Datacenter Build 26100.ge_release240331-1435 9:36 PM 10/8/2026
[keys] '{ENTER}' -> Tally 'TallyPrime:9000'
[shot] mh-0428-S6-w29 (1024x768)
[mh] mh-0428-S6-w29: field none left '' heads '' value '' (boxes: ) | x Recyc Firefo TallyPrime MANAGE EDU K: Company Stock Item Allocation Y: Data Z: Exchange O: Import E: Export M: Share p: print Fl: Help FinCom Spike Co Allocations of: MB Item B Googl Chron Micros lyp Unity Quit Location MH Main A Accept Q Search for: 15.00 Amount End of Lis 15.00 nt to •elati c2524 9b89b -c082 Hub" , " : "6b 9b89b -c082 : '2.3 tion_ 24978 isten corre 2fcfc nning ' , "sou Oad7- age" , " : "6b Windows Server 2025 Datacenter Build 26100.ge_release240331-1435 9:36 PM 10/8/2026
[keys] '{ENTER}' -> Tally 'TallyPrime:9000'
[shot] mh-0429-S6-w30 (1024x768)
[mh] mh-0429-S6-w30: field none left '' heads '' value '' (boxes: ) | x Recyc Firefo TallyPrime MANAGE EDU K: Company Stock Item Allocation Y: Data Z: Exchange O: Import E: Export M: Share p: print Fl: Help FinCom Spike Co Allocations of: MB Item B Googl Chron Micros lyp Unity Quit Location MH Main A Accept Q Search for: 15.00 Amount End of Lis 15.00 nt to •elati c2524 9b89b -c082 Hub" , " : "6b 9b89b -c082 : '2.3 tion_ 24978 isten corre 2fcfc nning ' , "sou Oad7- age" , " : "6b Windows Server 2025 Datacenter Build 26100.ge_release240331-1435 9:36 PM 10/8/2026
[keys] '{ENTER}' -> Tally 'TallyPrime:9000'
[shot] mh-0430-S6-w31 (1024x768)
[mh] mh-0430-S6-w31: field none left '' heads '' value '' (boxes: ) | x Recyc Firefo TallyPrime MANAGE EDU K: Company Stock Item Allocation Y: Data Z: Exchange O: Import E: Export M: Share p: print Fl: Help FinCom Spike Co Allocations of: MB Item B Googl Chron Micros lyp Unity Quit Location MH Main A Accept Q Search for: 15.00 Amount End of Lis 15.00 nt to •elati c2524 9b89b -c082 Hub" , " : "6b 9b89b -c082 : '2.3 tion_ 24978 isten corre 2fcfc nning ' , "sou Oad7- age" , " : "6b Windows Server 2025 Datacenter Build 26100.ge_release240331-1435 9:36 PM 10/8/2026
[keys] '{ENTER}' -> Tally 'TallyPrime:9000'
[shot] mh-0431-S6-w32 (1024x768)
[mh] mh-0431-S6-w32: field none left '' heads '' value '' (boxes: ) | x Recyc Firefo TallyPrime MANAGE EDU K: Company Stock Item Allocation Y: Data Z: Exchange O: Import E: Export M: Share p: print Fl: Help FinCom Spike Co Allocations of: MB Item B Googl Chron Micros lyp Unity Quit Location MH Main A Accept Q Search for: 15.00 Amount End of List 15.00 nt to •elati c2524 9b89b -c082 Hub" , " : "6b 9b89b -c082 : '2.3 tion_ 24978 isten corre 2fcfc nning ' , "sou Oad7- age" , " : "6b Windows Server 2025 Datacenter Build 26100.ge_release240331-1435 9:36 PM 10/8/2026
[keys] '{ENTER}' -> Tally 'TallyPrime:9000'
[shot] mh-0432-S6-w33 (1024x768)
[mh] mh-0432-S6-w33: field none left '' heads '' value '' (boxes: ) | x Recyc Firefo TallyPrime MANAGE EDU K: Company Stock Item Allocation Y: Data Z: Exchange O: Import E: Export M: Share p: print Fl: Help FinCom Spike Co Allocations of: MB Item B Googl Chron Micros lyp Unity Quit Location MH Main A Accept Q Search for: 15.00 Amount End of Lis 15.00 nt to •elati c2524 9b89b -c082 Hub" , " : "6b 9b89b -c082 : '2.3 tion_ 24978 isten corre 2fcfc nning ' , "sou Oad7- age" , " : "6b Windows Server 2025 Datacenter Build 26100.ge_release240331-1435 9:36 PM 10/8/2026
[keys] '{ENTER}' -> Tally 'TallyPrime:9000'
[shot] mh-0433-S6-w34 (1024x768)
[mh] mh-0433-S6-w34: field none left '' heads '' value '' (boxes: ) | x Recyc Firefo TallyPrime MANAGE EDU K: Company Stock Item Allocation Y: Data Z: Exchange O: Import E: Export M: Share p: print Fl: Help FinCom Spike Co Allocations of: MB Item B Googl Chron Micros lyp Unity Quit Location MH Main A Accept Q Search for: 15.00 Amount End of Lis 15.00 nt to •elati c2524 9b89b -c082 Hub" , " : "6b 9b89b -c082 : '2.3 tion_ 24978 isten corre 2fcfc nning ' , "sou Oad7- age" , " : "6b Windows Server 2025 Datacenter Build 26100.ge_release240331-1435 9:36 PM 10/8/2026
[keys] '{ENTER}' -> Tally 'TallyPrime:9000'
[shot] mh-0434-S6-w35 (1024x768)
[mh] mh-0434-S6-w35: field none left '' heads '' value '' (boxes: ) | x Recyc Firefo TallyPrime MANAGE EDU K: Company Stock Item Allocation Y: Data Z: Exchange O: Import E: Export M: Share p: print Fl: Help FinCom Spike Co Allocations of: MB Item B Googl Chron Micros lyp Unity Quit Location MH Main A Accept Q Search for: 15.00 Amount End of Lis 15.00 nt to •elati c2524 9b89b -c082 Hub" , " : "6b 9b89b -c082 : '2.3 tion_ 24978 isten corre 2fcfc nning ' , "sou Oad7- age" , " : "6b Windows Server 2025 Datacenter Build 26100.ge_release240331-1435 9:36 PM 10/8/2026
[keys] '{ENTER}' -> Tally 'TallyPrime:9000'
[shot] mh-0435-S6-w36 (1024x768)
[mh] mh-0435-S6-w36: field none left '' heads '' value '' (boxes: ) | x Recyc Firefo TallyPrime MANAGE EDU K: Company Stock Item Allocation Y: Data Z: Exchange O: Import E: Export M: Share p: print Fl: Help FinCom Spike Co Allocations of: MB Item B Googl Chron Micros lyp Unity Quit Location MH Main A Accept Q Search for: 15.00 Amount End of Lis 15.00 nt to •elati c2524 9b89b -c082 Hub" , " : "6b 9b89b -c082 : '2.3 tion_ 24978 isten corre 2fcfc nning ' , "sou Oad7- age" , " : "6b Windows Server 2025 Datacenter Build 26100.ge_release240331-1435 9:36 PM 10/8/2026
[keys] '{ENTER}' -> Tally 'TallyPrime:9000'
[shot] mh-0436-S6-w37 (1024x768)
[mh] mh-0436-S6-w37: field none left '' heads '' value '' (boxes: ) | x Recyc Firefo TallyPrime MANAGE EDU K: Company Stock Item Allocation Y: Data Z: Exchange O: Import E: Export M: Share p: print Fl: Help FinCom Spike Co Allocations of: MB Item B Googl Chron Micros lyp Unity Quit Location MH Main A Accept Q Search for: 15.00 Amount End of Lis 15.00 nt to •elati c2524 9b89b -c082 Hub" , " : "6b 9b89b -c082 : '2.3 tion_ 24978 isten corre 2fcfc nning ' , "sou Oad7- age" , " : "6b Windows Server 2025 Datacenter Build 26100.ge_release240331-1435 9:36 PM 10/8/2026
[keys] '{ENTER}' -> Tally 'TallyPrime:9000'
[shot] mh-0437-S6-w38 (1024x768)
[mh] mh-0437-S6-w38: field none left '' heads '' value '' (boxes: ) | x Recyc Firefo TallyPrime MANAGE EDU K: Company Stock Item Allocation Y: Data Z: Exchange O: Import E: Export M: Share p: print Fl: Help FinCom Spike Co Allocations of: MB Item B Googl Chron Micros lyp Unity Quit Location MH Main A Accept Q Search for: 15.00 Amount End of Lis 15.00 nt to •elati c2524 9b89b -c082 Hub" , " : "6b 9b89b -c082 : '2.3 tion_ 24978 isten corre 2fcfc nning ' , "sou Oad7- age" , " : "6b Windows Server 2025 Datacenter Build 26100.ge_release240331-1435 9:36 PM 10/8/2026
[keys] '{ENTER}' -> Tally 'TallyPrime:9000'
[shot] mh-0438-S6-w39 (1024x768)
[mh] mh-0438-S6-w39: field none left '' heads '' value '' (boxes: ) | x Recyc Firefo TallyPrime MANAGE EDU K: Company Stock Item Allocation Y: Data Z: Exchange O: Import E: Export M: Share p: print Fl: Help FinCom Spike Co Allocations of: MB Item B Googl Chron Micros lyp Unity Quit Location MH Main A Accept Q Search for: 15.00 Amount End of Lis 15.00 nt to •elati c2524 9b89b -c082 Hub" , " : "6b 9b89b -c082 : '2.3 tion_ 24978 isten corre 2fcfc nning ' , "sou Oad7- age" , " : "6b Windows Server 2025 Datacenter Build 26100.ge_release240331-1435 9:36 PM 10/8/2026
[keys] '{ENTER}' -> Tally 'TallyPrime:9000'
[shot] mh-0439-S6-w40 (1024x768)
[mh] mh-0439-S6-w40: field none left '' heads '' value '' (boxes: ) | x Recyc Firefo TallyPrime MANAGE EDU K: Company Stock Item Allocation Y: Data Z: Exchange O: Import E: Export M: Share p: print Fl: Help FinCom Spike Co Allocations of: MB Item B Googl Chron Micros lyp Unity Quit Location MH Main A Accept Q Search for: 15.00 Amount End of Lis 15.00 nt to •elati c2524 9b89b -c082 Hub" , " : "6b 9b89b -c082 : '2.3 tion_ 24978 isten corre 2fcfc nning ' , "sou Oad7- age" , " : "6b Windows Server 2025 Datacenter Build 26100.ge_release240331-1435 9:36 PM 10/8/2026
[keys] '{ENTER}' -> Tally 'TallyPrime:9000'
[shot] mh-0440-S6-w41 (1024x768)
[mh] mh-0440-S6-w41: field none left '' heads '' value '' (boxes: ) | x Recyc Firefo TallyPrime MANAGE EDU K: Company Stock Item Allocation Y: Data Z: Exchange O: Import E: Export M: Share p: print Fl: Help FinCom Spike Co Allocations of: MB Item B Googl Chron Micros lyp Unity Quit Location MH Main A Accept Q Search for: 15.00 Amount End of Lis 15.00 nt to •elati c2524 9b89b -c082 Hub" , " : "6b 9b89b -c082 : '2.3 tion_ 24978 isten corre 2fcfc nning ' , "sou Oad7- age" , " : "6b Windows Server 2025 Datacenter Build 26100.ge_release240331-1435 9:36 PM 10/8/2026
[keys] '{ENTER}' -> Tally 'TallyPrime:9000'
[shot] mh-0441-S6-w42 (1024x768)
[mh] mh-0441-S6-w42: field none left '' heads '' value '' (boxes: ) | x Recyc Firefo TallyPrime MANAGE EDU K: Company Stock Item Allocation Y: Data Z: Exchange O: Import E: Export M: Share p: print Fl: Help FinCom Spike Co Allocations of: MB Item B Googl Chron Micros lyp Unity Quit Location MH Main A Accept Q Search for: 15.00 Amount End of Lis 15.00 nt to •elati c2524 9b89b -c082 Hub" , " : "6b 9b89b -c082 : '2.3 tion_ 24978 isten corre 2fcfc nning ' , "sou Oad7- age" , " : "6b Windows Server 2025 Datacenter Build 26100.ge_release240331-1435 9:36 PM 10/8/2026
[keys] '{ENTER}' -> Tally 'TallyPrime:9000'
[shot] mh-0442-S6-w43 (1024x768)
[mh] mh-0442-S6-w43: field none left '' heads '' value '' (boxes: ) | x Recyc Firefo TallyPrime MANAGE EDU K: Company Stock Item Allocation Y: Data Z: Exchange O: Import E: Export M: Share p: print Fl: Help FinCom Spike Co Allocations of: MB Item B Googl Chron Micros lyp Unity Quit Location MH Main A Accept Q Search for: 15.00 Amount End of List 15.00 nt to •elati c2524 9b89b -c082 Hub" , " : "6b 9b89b -c082 : '2.3 tion_ 24978 isten corre 2fcfc nning ' , "sou Oad7- age" , " : "6b Windows Server 2025 Datacenter Build 26100.ge_release240331-1435 9:36 PM 10/8/2026
[keys] '{ENTER}' -> Tally 'TallyPrime:9000'
[shot] mh-0443-S6-w44 (1024x768)
[mh] mh-0443-S6-w44: field none left '' heads '' value '' (boxes: ) | x Recyc Firefo TallyPrime MANAGE EDU K: Company Stock Item Allocation Y: Data Z: Exchange O: Import E: Export M: Share p: print Fl: Help FinCom Spike Co Allocations of: MB Item B Googl Chron Micros lyp Unity Quit Location MH Main A Accept Q Search for: 15.00 Amount End of Lis 15.00 nt to •elati c2524 9b89b -c082 Hub" , " : "6b 9b89b -c082 : '2.3 tion_ 24978 isten corre 2fcfc nning ' , "sou Oad7- age" , " : "6b Windows Server 2025 Datacenter Build 26100.ge_release240331-1435 9:36 PM 10/8/2026
[keys] '{ENTER}' -> Tally 'TallyPrime:9000'
[shot] mh-0444-S6-w45 (1024x768)
[mh] mh-0444-S6-w45: field none left '' heads '' value '' (boxes: ) | x Recyc Firefo TallyPrime MANAGE EDU K: Company Stock Item Allocation Y: Data Z: Exchange O: Import E: Export M: Share p: print Fl: Help FinCom Spike Co Allocations of: MB Item B Googl Chron Micros lyp Unity Quit Location MH Main A Accept Q Search for: 15.00 Amount End of Lis 15.00 nt to •elati c2524 9b89b -c082 Hub" , " : "6b 9b89b -c082 : '2.3 tion_ 24978 isten corre 2fcfc nning ' , "sou Oad7- age" , " : "6b Windows Server 2025 Datacenter Build 26100.ge_release240331-1435 9:36 PM 10/8/2026
[keys] '{ENTER}' -> Tally 'TallyPrime:9000'
[shot] mh-0445-S6-w46 (1024x768)
[mh] mh-0445-S6-w46: field none left '' heads '' value '' (boxes: ) | x Recyc Firefo TallyPrime MANAGE EDU K: Company Stock Item Allocation Y: Data Z: Exchange O: Import E: Export M: Share p: print Fl: Help FinCom Spike Co Allocations of: MB Item B Googl Chron Micros lyp Unity Quit Location MH Main A Accept Q Search for: 15.00 Amount End of Lis 15.00 nt to •elati c2524 9b89b -c082 Hub" , " : "6b 9b89b -c082 : '2.3 tion_ 24978 isten corre 2fcfc nning ' , "sou Oad7- age" , " : "6b Windows Server 2025 Datacenter Build 26100.ge_release240331-1435 9:37 PM 10/8/2026
[keys] '{ENTER}' -> Tally 'TallyPrime:9000'
[shot] mh-0446-S6-w47 (1024x768)
[mh] mh-0446-S6-w47: field none left '' heads '' value '' (boxes: ) | x Recyc Firefo TallyPrime MANAGE EDU K: Company Stock Item Allocation Y: Data Z: Exchange O: Import E: Export M: Share p: print Fl: Help FinCom Spike Co Allocations of: MB Item B Googl Chron Micros lyp Unity Quit Location MH Main A Accept Q Search for: 15.00 Amount End of Lis 15.00 nt to •elati c2524 9b89b -c082 Hub" , " : "6b 9b89b -c082 : '2.3 tion_ 24978 isten corre 2fcfc nning ' , "sou Oad7- age" , " : "6b Windows Server 2025 Datacenter Build 26100.ge_release240331-1435 9:37 PM 10/8/2026
[keys] '{ENTER}' -> Tally 'TallyPrime:9000'
[shot] mh-0447-S6-w48 (1024x768)
[mh] mh-0447-S6-w48: field none left '' heads '' value '' (boxes: ) | x Recyc Firefo TallyPrime MANAGE EDU K: Company Stock Item Allocation Y: Data Z: Exchange O: Import E: Export M: Share p: print Fl: Help FinCom Spike Co Allocations of: MB Item B Googl Chron Micros lyp Unity Quit Location MH Main A Accept Q Search for: 15.00 Amount End of Lis 15.00 nt to •elati c2524 9b89b -c082 Hub" , " : "6b 9b89b -c082 : '2.3 tion_ 24978 isten corre 2fcfc nning ' , "sou Oad7- age" , " : "6b Windows Server 2025 Datacenter Build 26100.ge_release240331-1435 9:37 PM 10/8/2026
[keys] '{ENTER}' -> Tally 'TallyPrime:9000'
[shot] mh-0448-S6-w49 (1024x768)
[mh] mh-0448-S6-w49: field none left '' heads '' value '' (boxes: ) | x Recyc Firefo TallyPrime MANAGE EDU K: Company Stock Item Allocation Y: Data Z: Exchange O: Import E: Export M: Share p: print Fl: Help FinCom Spike Co Allocations of: MB Item B Googl Chron Micros lyp Unity Quit Location MH Main A Accept Q Search for: 15.00 Amount End of Lis 15.00 nt to •elati c2524 9b89b -c082 Hub" , " : "6b 9b89b -c082 : '2.3 tion_ 24978 isten corre 2fcfc nning ' , "sou Oad7- age" , " : "6b Windows Server 2025 Datacenter Build 26100.ge_release240331-1435 9:37 PM 10/8/2026
[keys] '{ENTER}' -> Tally 'TallyPrime:9000'
[shot] mh-0449-S6-w50 (1024x768)
[mh] mh-0449-S6-w50: field none left '' heads '' value '' (boxes: ) | x Recyc Firefo TallyPrime MANAGE EDU K: Company Stock Item Allocation Y: Data Z: Exchange O: Import E: Export M: Share p: print Fl: Help FinCom Spike Co Allocations of: MB Item B Googl Chron Micros lyp Unity Quit Location MH Main A Accept Q Search for: 15.00 Amount End of Lis 15.00 nt to •elati c2524 9b89b -c082 Hub" , " : "6b 9b89b -c082 : '2.3 tion_ 24978 isten corre 2fcfc nning ' , "sou Oad7- age" , " : "6b Windows Server 2025 Datacenter Build 26100.ge_release240331-1435 9:37 PM 10/8/2026
[keys] '{ENTER}' -> Tally 'TallyPrime:9000'
[shot] mh-0450-S6-w51 (1024x768)
[mh] mh-0450-S6-w51: field none left '' heads '' value '' (boxes: ) | x Recyc Firefo TallyPrime MANAGE EDU K: Company Stock Item Allocation Y: Data Z: Exchange O: Import E: Export M: Share p: print Fl: Help FinCom Spike Co Allocations of: MB Item B Googl Chron Micros lyp Unity Quit Location MH Main A Accept Q Search for: 15.00 Amount End of Lis 15.00 nt to •elati c2524 9b89b -c082 Hub" , " : "6b 9b89b -c082 : '2.3 tion_ 24978 isten corre 2fcfc nning ' , "sou Oad7- age" , " : "6b Windows Server 2025 Datacenter Build 26100.ge_release240331-1435 9:37 PM 10/8/2026
[keys] '{ENTER}' -> Tally 'TallyPrime:9000'
[shot] mh-0451-S6-w52 (1024x768)
[mh] mh-0451-S6-w52: field none left '' heads '' value '' (boxes: ) | x Recyc Firefo TallyPrime MANAGE EDU K: Company Stock Item Allocation Y: Data Z: Exchange O: Import E: Export M: Share p: print Fl: Help FinCom Spike Co Allocations of: MB Item B Googl Chron Micros lyp Unity Quit Location MH Main A Accept Q Search for: 15.00 Amount End of List 15.00 nt to •elati c2524 9b89b -c082 Hub" , " : "6b 9b89b -c082 : '2.3 tion_ 24978 isten corre 2fcfc nning ' , "sou Oad7- age" , " : "6b Windows Server 2025 Datacenter Build 26100.ge_release240331-1435 9:37 PM 10/8/2026
[keys] '{ENTER}' -> Tally 'TallyPrime:9000'
[shot] mh-0452-S6-w53 (1024x768)
[mh] mh-0452-S6-w53: field none left '' heads '' value '' (boxes: ) | x Recyc Firefo TallyPrime MANAGE EDU K: Company Stock Item Allocation Y: Data Z: Exchange O: Import E: Export M: Share p: print Fl: Help FinCom Spike Co Allocations of: MB Item B Googl Chron Micros lyp Unity Quit Location MH Main A Accept Q Search for: 15.00 Amount End of List 15.00 nt to •elati c2524 9b89b -c082 Hub" , " : "6b 9b89b -c082 : '2.3 tion_ 24978 isten corre 2fcfc nning ' , "sou Oad7- age" , " : "6b Windows Server 2025 Datacenter Build 26100.ge_release240331-1435 9:37 PM 10/8/2026
[keys] '{ENTER}' -> Tally 'TallyPrime:9000'
[shot] mh-0453-S6-w54 (1024x768)
[mh] mh-0453-S6-w54: field none left '' heads '' value '' (boxes: ) | x Recyc Firefo TallyPrime MANAGE EDU K: Company Stock Item Allocation Y: Data Z: Exchange O: Import E: Export M: Share p: print Fl: Help FinCom Spike Co Allocations of: MB Item B Googl Chron Micros lyp Unity Quit Location MH Main A Accept Q Search for: 15.00 Amount End of List 15.00 nt to •elati c2524 9b89b -c082 Hub" , " : "6b 9b89b -c082 : '2.3 tion_ 24978 isten corre 2fcfc nning ' , "sou Oad7- age" , " : "6b Windows Server 2025 Datacenter Build 26100.ge_release240331-1435 9:37 PM 10/8/2026
[keys] '{ENTER}' -> Tally 'TallyPrime:9000'
[shot] mh-0454-S6-w55 (1024x768)
[mh] mh-0454-S6-w55: field none left '' heads '' value '' (boxes: ) | x Recyc Firefo TallyPrime MANAGE EDU K: Company Stock Item Allocation Y: Data Z: Exchange O: Import E: Export M: Share p: print Fl: Help FinCom Spike Co Allocations of: MB Item B Googl Chron Micros lyp Unity Quit Location MH Main A Accept Q Search for: 15.00 Amount End of Lis 15.00 nt to •elati c2524 9b89b -c082 Hub" , " : "6b 9b89b -c082 : '2.3 tion_ 24978 isten corre 2fcfc nning ' , "sou Oad7- age" , " : "6b Windows Server 2025 Datacenter Build 26100.ge_release240331-1435 9:37 PM 10/8/2026
[keys] '{ENTER}' -> Tally 'TallyPrime:9000'
[shot] mh-0455-S6-w56 (1024x768)
[mh] mh-0455-S6-w56: field none left '' heads '' value '' (boxes: ) | x Recyc Firefo TallyPrime MANAGE EDU K: Company Stock Item Allocation Y: Data Z: Exchange O: Import E: Export M: Share p: print Fl: Help FinCom Spike Co Allocations of: MB Item B Googl Chron Micros lyp Unity Quit Location MH Main A Accept Q Search for: 15.00 Amount End of Lis 15.00 nt to •elati c2524 9b89b -c082 Hub" , " : "6b 9b89b -c082 : '2.3 tion_ 24978 isten corre 2fcfc nning ' , "sou Oad7- age" , " : "6b Windows Server 2025 Datacenter Build 26100.ge_release240331-1435 9:37 PM 10/8/2026
[keys] '{ENTER}' -> Tally 'TallyPrime:9000'
[shot] mh-0456-S6-w57 (1024x768)
[mh] mh-0456-S6-w57: field none left '' heads '' value '' (boxes: ) | x Recyc Firefo TallyPrime MANAGE EDU K: Company Stock Item Allocation Y: Data Z: Exchange O: Import E: Export M: Share p: print Fl: Help FinCom Spike Co Allocations of: MB Item B Googl Chron Micros lyp Unity Quit Location MH Main A Accept Q Search for: 15.00 Amount End of List 15.00 nt to •elati c2524 9b89b -c082 Hub" , " : "6b 9b89b -c082 : '2.3 tion_ 24978 isten corre 2fcfc nning ' , "sou Oad7- age" , " : "6b Windows Server 2025 Datacenter Build 26100.ge_release240331-1435 9:37 PM 10/8/2026
[keys] '{ENTER}' -> Tally 'TallyPrime:9000'
[shot] mh-0457-S6-w58 (1024x768)
[mh] mh-0457-S6-w58: field none left '' heads '' value '' (boxes: ) | x Recyc Firefo TallyPrime MANAGE EDU K: Company Stock Item Allocation Y: Data Z: Exchange O: Import E: Export M: Share p: print Fl: Help FinCom Spike Co Allocations of: MB Item B Googl Chron Micros lyp Unity Quit Location MH Main A Accept Q Search for: 15.00 Amount End of Lis 15.00 nt to •elati c2524 9b89b -c082 Hub" , " : "6b 9b89b -c082 : '2.3 tion_ 24978 isten corre 2fcfc nning ' , "sou Oad7- age" , " : "6b Windows Server 2025 Datacenter Build 26100.ge_release240331-1435 9:37 PM 10/8/2026
[keys] '{ENTER}' -> Tally 'TallyPrime:9000'
[shot] mh-0458-S6-w59 (1024x768)
[mh] mh-0458-S6-w59: field none left '' heads '' value '' (boxes: ) | x Recyc Firefo TallyPrime MANAGE EDU K: Company Stock Item Allocation Y: Data Z: Exchange O: Import E: Export M: Share p: print Fl: Help FinCom Spike Co Allocations of: MB Item B Googl Chron Micros lyp Unity Quit Location MH Main A Accept Q Search for: 15.00 Amount End of Lis 15.00 nt to •elati c2524 9b89b -c082 Hub" , " : "6b 9b89b -c082 : '2.3 tion_ 24978 isten corre 2fcfc nning ' , "sou Oad7- age" , " : "6b Windows Server 2025 Datacenter Build 26100.ge_release240331-1435 9:37 PM 10/8/2026
[keys] '{ENTER}' -> Tally 'TallyPrime:9000'
[shot] mh-0459-S6-w60 (1024x768)
[mh] mh-0459-S6-w60: field none left '' heads '' value '' (boxes: ) | x Recyc Firefo TallyPrime MANAGE EDU K: Company Stock Item Allocation Y: Data Z: Exchange O: Import E: Export M: Share p: print Fl: Help FinCom Spike Co Allocations of: MB Item B Googl Chron Micros lyp Unity Quit Location MH Main A Accept Q Search for: 15.00 Amount End of Lis 15.00 nt to •elati c2524 9b89b -c082 Hub" , " : "6b 9b89b -c082 : '2.3 tion_ 24978 isten corre 2fcfc nning ' , "sou Oad7- age" , " : "6b Windows Server 2025 Datacenter Build 26100.ge_release240331-1435 9:37 PM 10/8/2026
[keys] '{ENTER}' -> Tally 'TallyPrime:9000'
[shot] mh-0460-S6-before-save (1024x768)
[mh] mh-0460-S6-before-save: field none left '' heads '' value '' (boxes: ) | x Recyc Firefo TallyPrime MANAGE EDU K: Company Stock Item Allocation Y: Data Z: Exchange O: Import E: Export M: Share p: print Fl: Help FinCom Spike Co Allocations of: MB Item B Googl Chron Micros lyp Unity Quit Location MH Main A Accept Q Search for: 15.00 Amount End of Lis 15.00 nt to •elati c2524 9b89b -c082 Hub" , " : "6b 9b89b -c082 : '2.3 tion_ 24978 isten corre 2fcfc nning ' , "sou Oad7- age" , " : "6b Windows Server 2025 Datacenter Build 26100.ge_release240331-1435 9:37 PM 10/8/2026
[keys] '' -> Tally 'TallyPrime:9000'
[shot] mh-0461-S6-saved1 (1024x768)
[mh] mh-0461-S6-saved1: field none left '' heads '' value '' (boxes: ) | x Recyc Firefo TallyPrime MANAGE EDU K: Company Stock Item Allocation Y: Data Z: Exchange O: Import E: Export M: Share p: print Fl: Help FinCom Spike Co Allocations of: MB Item B Googl Chron Micros lyp Unity Quit Location MH Main A Accept Q Search for: 15.00 Amount End of Lis 15.00 nt to •elati c2524 9b89b -c082 Hub" , " : "6b 9b89b -c082 : '2.3 tion_ 24978 isten corre 2fcfc nning ' , "sou Oad7- age" , " : "6b Windows Server 2025 Datacenter Build 26100.ge_release240331-1435 9:37 PM 10/8/2026
[mh] S6 still in the form after Ctrl+A 1 (a sub-screen accepted?): Ctrl+A again
[keys] '' -> Tally 'TallyPrime:9000'
[shot] mh-0462-S6-saved2 (1024x768)
[mh] mh-0462-S6-saved2: field none left '' heads '' value '' (boxes: ) | x Recyc Firefo TallyPrime MANAGE EDU K: Company Stock Item Allocation Y: Data Z: Exchange O: Import E: Export M: Share p: print Fl: Help FinCom Spike Co Allocations of: MB Item B Googl Chron Micros lyp Unity Quit Location MH Main A Accept Q Search for: 15.00 Amount End of Lis 15.00 nt to •elati c2524 9b89b -c082 Hub" , " : "6b 9b89b -c082 : '2.3 tion_ 24978 isten corre 2fcfc nning ' , "sou Oad7- age" , " : "6b Windows Server 2025 Datacenter Build 26100.ge_release240331-1435 9:38 PM 10/8/2026
[mh] S6 still in the form after Ctrl+A 2 (a sub-screen accepted?): Ctrl+A again
[keys] '' -> Tally 'TallyPrime:9000'
[shot] mh-0463-S6-saved3 (1024x768)
[mh] mh-0463-S6-saved3: field none left '' heads '' value '' (boxes: ) | x Recyc Firefo TallyPrime MANAGE EDU K: Company Stock Item Allocation Y: Data Z: Exchange O: Import E: Export M: Share p: print Fl: Help FinCom Spike Co Allocations of: MB Item B Googl Chron Micros lyp Unity Quit Location MH Main A Accept Q Search for: 15.00 Amount End of List 15.00 nt to •elati c2524 9b89b -c082 Hub" , " : "6b 9b89b -c082 : '2.3 tion_ 24978 isten corre 2fcfc nning ' , "sou Oad7- age" , " : "6b Windows Server 2025 Datacenter Build 26100.ge_release240331-1435 9:38 PM 10/8/2026
[mh] S6 still in the form after Ctrl+A 3 (a sub-screen accepted?): Ctrl+A again
[shot] tds-286-mgw0 (1024x768)
[21:38:18] [tds] screen tds-286-mgw0 : x Recyc Firefo TallyPrime MANAGE EDU K: Company Stock Item Allocation Y: Data Z: Exchange O: Import E: Export M: Share p: print Fl: Help FinCom Spike Co Allocations of: MB Item B Googl Chron Micros lyp Unity Quit Location MH Main A Accept Q Search for: 15.00 Amount End of List 15.00 nt to •elati c2524 9b89b -c082 Hub" , " : "6b 9b89b -c082 : '2.3 tion_ 24978 isten corre 2fcfc nning ' , "sou Oad7- age" , " : "6b Windows Server 2025 Datacenter Build 26100.ge_release240331-1435 9:38 PM 10/8/2026
[keys] '{ESC}' -> Tally 'TallyPrime:9000'
[shot] tds-287-mgw1 (1024x768)
[21:38:21] [tds] screen tds-287-mgw1 : x Recyc Firefo TallyPrime MANAGE EDU K: Company Stock Item Allocation Y: Data Z: Exchange O: Import E: Export M: Share p: print Fl: Help FinCom Spike Co Allocations of: MB Item B Googl Chron Micros lyp Unity Quit Location MH Main A Accept Q Search for: 15.00 Amount 15.00 nt to •elati c2524 9b89b -c082 Hub" , " : "6b 9b89b -c082 : '2.3 tion_ 24978 isten corre 2fcfc nning ' , "sou Oad7- age" , " : "6b Windows Server 2025 Datacenter Build 26100.ge_release240331-1435 9:38 PM 10/8/2026
[keys] '{ESC}' -> Tally 'TallyPrime:9000'
[shot] tds-288-mgw2 (1024x768)
[21:38:23] [tds] screen tds-288-mgw2 : x Recyc Firefo TallyPrime MANAGE EDU K: Company Stock Item Allocation Y: Data Z: Exchange FinCom Spike Co Allocations of: MB Item B O: Import E: Export M: Share p: print Fl: Help Location MH Main Googl Chron Micros lyp Unity Q: Quit for: 15.00 Amount Quit o Yes or No IA _ : Accept Q Search nt to •elati c2524 9b89b -c082 Hub" , " : "6b 9b89b -c082 : '2.3 tion_ 24978 isten corre 2fcfc nning ' , "sou Oad7- age" , " : "6b Windows Server 2025 Datacenter Build 26100.ge_release240331-1435 9:38 PM 10/8/2026
[keys] 'y' -> Tally 'TallyPrime:9000'
[shot] tds-289-mgw3 (1024x768)
[21:38:27] [tds] screen tds-289-mgw3 : TallyPrime MANAGE Recyc EDU K: Company Stock Item Creation Y: Data Z: Exchange • Not Applicable O: Import E: Export M: Share p: print x Name (alias) Firefo Units Googl Chro Micros 46 IypÅ Unity Quit MB Item B FinCom • ke Co GST applicability HSWSAC & Related Details HSN/SAC Details Source of details HSN/SAC Description GST Rate & Related Details GST Rate Details Source of details Taxability Type GST Rate Type of Supply Rate of Duty (eg 5) Fl: Help F2: period Company • Applicable As per Company/Stock Group Not Available As per Company/Stock Group Not Available Goods FIO: Other Masters Quantity ...
[keys] '{ESC}' -> Tally 'TallyPrime:9000'
[shot] tds-290-mgw4 (1024x768)
[21:38:29] [tds] screen tds-290-mgw4 : TallyPrime MANAGE Recyc EDU K: Company Stock Item Creation Y: Data Z: Exchange • Not Applicable O: Import E: Export M: Share p: print x Name (alias) Firefo Units Googl Chro Micros 46 IypÅ Unity Quit MB Item B FinCom • ke Co GST applicability HSWSAC & Related Details HSN/SAC Details Source of details HSN/SAC Description GST Rate & Related Details GST Rate Details Source of details Taxability Type GST Rate Type of Supply Rate of Duty (eg 5) Fl: Help F2: period Company • Applicable As per Company/Stock Group Not Available As per Company/Stock Group Not Available Goods FIO: Other Masters Quantity ...
[keys] '{ESC}' -> Tally 'TallyPrime:9000'
[shot] tds-291-mgw5 (1024x768)
[21:38:32] [tds] screen tds-291-mgw5 : TallyPrime MANAGE Recyc EDU K: Company Stock Item Creation Y: Data Z: Exchange • Not Applicable O: Import E: Export M: Share FinCom p: print x Name (alias) Firefo Units Googl Chro Micros 46 IypÅ Unity Q: Quit MB Item B Fl: Help F2: period F3: Company GST applicability HSWSAC & Related Details HSN/SAC Details Source of details HSN/SAC Description GST Rate & Related Details GST Rate Details Source of details Taxability Type GST Rate Type of Supply Rate of Duty (eg 5) • Applicable As per Company/Stock Group Not Available As per Company/Stock Group Not Available Goods Quit o Yes or No FIO : Other ...
[keys] 'n' -> Tally 'TallyPrime:9000'
[shot] tds-292-mgw6 (1024x768)
[21:38:35] [tds] screen tds-292-mgw6 : TallyPrime MANAGE Recyc EDU K: Company Stock Item Creation Y: Data Z: Exchange • Not Applicable O: Import E: Export M: Share p: print x Name (alias) Firefo Units Googl Chro Micros 46 IypÅ Unity Quit MB Item B FinCom • ke Co GST applicability HSWSAC & Related Details HSN/SAC Details Source of details HSN/SAC Description GST Rate & Related Details GST Rate Details Source of details Taxability Type GST Rate Type of Supply Rate of Duty (eg 5) Fl: Help F2: period Company • Applicable As per Company/Stock Group Not Available As per Company/Stock Group Not Available Goods FIO: Other Masters Quantity ...
[keys] '{ESC}' -> Tally 'TallyPrime:9000'
[shot] tds-293-mgw7 (1024x768)
[21:38:38] [tds] screen tds-293-mgw7 : TallyPrime MANAGE Recyc EDU K: Company Stock Item Creation Y: Data Z: Exchange • Not Applicable O: Import E: Export M: Share FinCom p: print x Name (alias) Firefo Units Googl Chro Micros 46 IypÅ Unity Q: Quit MB Item B Fl: Help F2: period F3: Company GST applicability HSWSAC & Related Details HSN/SAC Details Source of details HSN/SAC Description GST Rate & Related Details GST Rate Details Source of details Taxability Type GST Rate Type of Supply Rate of Duty (eg 5) • Applicable As per Company/Stock Group Not Available As per Company/Stock Group Not Available Goods Quit o Yes or No FIO : Other ...
[keys] 'n' -> Tally 'TallyPrime:9000'
[21:38:41] [tds] the Gateway not reached (after S6-opening-batches): Tally started again
[keys] 'a' -> Tally 'TallyPrime:9000'
[keys] 't' -> Tally 'TallyPrime:9000'
[shot] tds-294-mh-start-0 (1024x768)
[21:39:15] [tds] screen tds-294-mh-start-0 : TallyPrime MANAGE Recyc EDU K: Company Gatewa of Tall Y: Data Z: Exchange CURRENT OATE Wednesday, I-Apr-2026 O: Import E: Export M: Share p: print Fl: Help Date Company Firefo Googl Chro Micros 46 IypÅ Unity CURRENT PERIOD I-Apr-26 to 31-Mar-27 NAME OF COMPANY FinCom Spike Co Gateway of Tally MASTERS Create Alter CHart of Accounts TRANSACTIONS Vouchers Day 800K UTILITIES BaNking REPORTS Balance Sheet Profit & Loss A/c Stock Summary Ratio Analysis Display More Reports DashbOard Quit 161 nt to •elati c2524 9b89b -c082 Hub" , " : "6b 9b89b -c082 tion_ 24978 isten corre 2fcfc nning ' , "sou Oad7- ...
  INFO mh B S6-opening-batches: stored as typed False (missing: not in Tally by name; ISBATCHWISEON=Yes; BATCHNAME=MB\ B1; BATCHNAME=MB\ B2; OPENINGBALANCE=15 Nos; [A-Z.]*OPENINGBALANCE=10 Nos; [A-Z.]*OPENINGBALANCE=5 Nos); error ''; Ctrl+A -1 ms; add-on lines: none
[21:39:16] ---- mh B S7-create-in-voucher (Stock Item 'MB Item V')
[shot] tds-295-mgw0 (1024x768)
[21:39:16] [tds] screen tds-295-mgw0 : TallyPrime MANAGE Recyc EDU K: Company Gatewa of Tall Y: Data Z: Exchange CURRENT OATE Wednesday, I-Apr-2026 O: Import E: Export M: Share p: print Fl: Help Date Company Firefo Googl Chro Micros 46 IypÅ Unity CURRENT PERIOD I-Apr-26 to 31-Mar-27 NAME OF COMPANY FinCom Spike Co Gateway of Tally MASTERS Create Alter CHart of Accounts TRANSACTIONS Vouchers Day 800K UTILITIES BaNking REPORTS Balance Sheet Profit & Loss A/c Stock Summary Ratio Analysis Display More Reports DashbOard Quit 161 nt to •elati c2524 9b89b -c082 Hub" , " : "6b 9b89b -c082 tion_ 24978 isten corre 2fcfc nning ' , "sou Oad7- ...
[keys] 'v' -> Tally 'TallyPrime:9000'
[keys] '{F8}' -> Tally 'TallyPrime:9000'
[shot] mh-0464-S7v-w1 (1024x768)
[mh] mh-0464-S7v-w1: field 134,158,205x16 left 'Party Alc narne.' heads 'Accounting Voucher Creation / K: Company / Y: Data' value '' (boxes: 134,158,205x16[Party Alc narne.|Accounting Voucher Creation/K: Company/Y: Data]) | Recyc Firef Googl Chro Micros 46 IypÅ Unity TallyPrime MANAGE EDU K: Company Accounting Voucher Creation Sales Party Alc narne. Current balance: Sales ledger: Current balance: Name of Item Narration: Quit Y: Data Z: Exchange A Accept Q Search FinCom • ke Co O: Import E: Export List of Led er Accounts Cash Spike Party Spike Party 2 Ul Party M: Share p: print x Create Fl: Help Date Company F4: Contra F5: Payment Receipt Journal F8: Sales 161 nt to •elati c2524 9b89b -c082 Hub" , " : "6b 9b89b Purchase ( • -c082 Fl 0: 0åHVouctg•s F: Autofill Change Mode More Details o: L: tion_ 24978 isten corre 2fcfc nning ' , "sou Oad7- age" , " : "6b D: Delete Cancel Vch Related Reports Optional post -Dated Configure Windows Server 2025 Datacenter Build 26100.ge_release240331-1435 9:39 PM 10/8/2026
[keys] '{ENTER}' -> Tally 'TallyPrime:9000'
[shot] mh-0465-S7v-w2 (1024x768)
[mh] mh-0465-S7v-w2: field 108,361,149x16 left 'Micros' heads 'Delivery Note No(s)' value '' (boxes: 108,361,149x16[Micros|Delivery Note No(s)]) | Recyc Firefo Googl Chron TallyPrime MANAGE EDU K: Company Details Y: Data Z: Exchange A Accept Q Search O: Import E: Export M: Share p: print Fl: Help FinCom Spike Co Dispatch Details Dispatch Doc No. Dispatched through Destination Carrier Name/Agent Bill of No. Motor Vehicle No. Delivery Note No(s) Micros lyp Unity Quit Date: x nt to •elati c2524 9b89b -c082 Hub" , " : "6b 9b89b -c082 : '2.3 tion_ 24978 isten corre 2fcfc nning ' , "sou Oad7- age" , " : "6b Windows Server 2025 Datacenter Build 26100.ge_release240331-1435 9:39 PM 10/8/2026
[keys] '{ENTER}' -> Tally 'TallyPrime:9000'
[shot] mh-0466-S7v-w3 (1024x768)
[mh] mh-0466-S7v-w3: field 592,329,125x16 left 'Dispatch Doc No.' heads '' value '' (boxes: 592,329,125x16[Dispatch Doc No.|]) | x Recyc Firefo Googl Chron Micros lyp Unity TallyPrime MANAGE EDU K: Company Details Y: Data Z: Exchange A Accept Q Search O: Import E: Export M: Share p: print Fl: Help Delivery Note No(s) FinCom Spike Co Dispatch Details Dispatch Doc No. Dispatched through Destination Carrier Name/Agent Bill of No. Motor Vehicle No. Date: Quit nt to •elati c2524 9b89b -c082 Hub" , " : "6b 9b89b -c082 : '2.3 tion_ 24978 isten corre 2fcfc nning ' , "sou Oad7- age" , " : "6b Windows Server 2025 Datacenter Build 26100.ge_release240331-1435 9:39 PM 10/8/2026
[mh] S7v rule 1 (Delivery Note|Dispatch Doc|Buyer|Mailing Name|Order No) on 'Dispatch Doc No.|': keys '^a'
[keys] '^a' -> Tally 'TallyPrime:9000'
[shot] mh-0467-S7v-w4 (1024x768)
[mh] mh-0467-S7v-w4: field 396,250,285x16 left 'Buyer (Bill to)' heads 'Party Details / FinCom Spike Co / O: Import' value 'Cash' (boxes: 396,250,285x16[Buyer (Bill to)|Party Details/FinCom Spike Co/O: Import]) | Recyc TallyPrime MANAGE EDU K: Company Details Y: Data Z: Exchange FinCom Spike Co Party Details Cash List of Led er Accounts Cash Spike Party Spike Party 2 Ul Party O: Import Create New Party E: Export M: Share p: print Firefo Googl Chron Micros lyp Unity Quit Buyer (Bill to) Mailing Name Address State Country GST Registration type GSTIN/UIN Place of Supply A Accept Q Search x Fl: Help nt to •elati c2524 9b89b -c082 Hub" , " : "6b 9b89b -c082 : '2.3 tion_ 24978 isten corre 2fcfc nning ' , "sou Oad7- age" , " : "6b Configure Windows Server 2025 Datacenter Build 26100.ge_release240331-1435 9:39 PM 10/8/2026
[keys] '{ENTER}' -> Tally 'TallyPrime:9000'
[shot] mh-0468-S7v-w5 (1024x768)
[mh] mh-0468-S7v-w5: field 396,268,285x16 left 'Mailing Name' heads 'Cash / Party Details / FinCom Spike Co' value 'Cash' (boxes: 396,268,285x16[Mailing Name|Cash/Party Details/FinCom Spike Co]) | Recyc TallyPrime MANAGE EDU K: Company Details Y: Data Z: Exchange O: Import E: Export M: Share p: print Firefo Googl Chron Micros lyp Unity Quit Buyer (Bill to) Mailing Name Address State Country GST Registration type GSTIN/UIN Place of Supply A Accept Q Search FinCom Spike Co Party Details Cash Cash Not Applicable India Unregistered/Consumer Not Applicable x Fl: Help nt to •elati c2524 9b89b -c082 Hub" , " : "6b 9b89b -c082 : '2.3 tion_ 24978 isten corre 2fcfc nning ' , "sou Oad7- age" , " : "6b Configure Windows Server 2025 Datacenter Build 26100.ge_release240331-1435 9:39 PM 10/8/2026
[keys] '{ENTER}' -> Tally 'TallyPrime:9000'
[shot] mh-0469-S7v-w6 (1024x768)
[mh] mh-0469-S7v-w6: field 396,286,285x16 left 'Address' heads 'Cash / Cash / Party Details' value '' (boxes: 396,286,285x16[Address|Cash/Cash/Party Details]) | Recyc TallyPrime MANAGE EDU K: Company Details Y: Data Z: Exchange O: Import E: Export M: Share p: print Firefo Googl Chron Micros lyp Unity Quit Buyer (Bill to) Mailing Name Address State Country GST Registration type GSTIN/UIN Place of Supply A Accept Q Search FinCom Spike Co Party Details Cash Cash Not Applicable India Unregistered/Consumer Not Applicable x Fl: Help nt to •elati c2524 9b89b -c082 Hub" , " : "6b 9b89b -c082 : '2.3 tion_ 24978 isten corre 2fcfc nning ' , "sou Oad7- age" , " : "6b Configure Windows Server 2025 Datacenter Build 26100.ge_release240331-1435 9:39 PM 10/8/2026
[keys] '{ENTER}' -> Tally 'TallyPrime:9000'
[shot] mh-0470-S7v-w7 (1024x768)
[mh] mh-0470-S7v-w7: field 396,446,189x16 left 'State' heads 'Cash / Cash' value 'licable' (boxes: 396,446,189x16[State|Cash/Cash]) | TallyPrime MANAGE Recyc 31 V EDU Details Quit K: Company Y: Data Z: Exchange O: Import E: Export M: Share Firefo Googl Chron Micros Unity Buyer (Bill to) Mailing Name Address FinCom Spike Co Party Details Cash Cash licable State Coun GST GSTI Plac List of States • Not Applicable Andaman & Nicobar Islands Andhra Pradesh Arunachal Pradesh Assam Bihar Accept Q Search New State Change Country p: print Fl: Help x Configure 161 nt to •elati c2524 9b89b -c082 Hub" , " : "6b 9b89b -c082 tion_ 24978 isten corre 2fcfc nning ' , "sou Oad7- age" , " : "6b Windows Server 2025 Datacenter Build 26100.ge_release240331-1435 9:39 PM 10/8/2026
[keys] '{ENTER}' -> Tally 'TallyPrime:9000'
[shot] mh-0471-S7v-w8 (1024x768)
[mh] mh-0471-S7v-w8: field 396,464,189x16 left 'Country' heads 'Not Applicable / Cash' value 'Ondia' (boxes: 396,464,189x16[Country|Not Applicable/Cash]) | TallyPrime MANAGE Recyc EDU Details Quit K: Company Y: Data Z: Exchange FinCom Spike Co Party Details Cash Cash Not Applicable Ondia O: Import 24 v E: Export M: Share Firefo Googl Chron Micros Unity Buyer (Bill to) Mailing Name Address State Country GST Registrati • List of Countries GSTIN/UIN Bangladesh Place of Suppl Bhutan Botswana Egypt Ghana Hong Kong India Accept Q Search p: print Fl: Help x Configure 161 nt to •elati c2524 9b89b -c082 Hub" , " : "6b 9b89b -c082 tion_ 24978 isten corre 2fcfc nning ' , "sou Oad7- age" , " : "6b Windows Server 2025 Datacenter Build 26100.ge_release240331-1435 9:39 PM 10/8/2026
[keys] '{ENTER}' -> Tally 'TallyPrime:9000'
[shot] mh-0472-S7v-w9 (1024x768)
[mh] mh-0472-S7v-w9: field 396,485,189x16 left 'GST Registration type' heads 'India / Not Applicable' value '' (boxes: 396,485,189x16[GST Registration type|India/Not Applicable]) | TallyPrime MANAGE Recyc EDU Details Quit K: Company Y: Data Z: Exchange O: Import E: Export M: Share Firefo Googl Chron Micros Unity Buyer (Bill to) Mailing Name Address State Country GST Registration type GSTIN/UIN Place of Supply Accept Q Search FinCom Spike Co Party Details Cash Cash Not Applicable India Not Applicable GSTR istration Tv Show More • Unknown Composition Regular Unregistered/Consumer p: print Fl: Help x Configure 161 nt to •elati c2524 9b89b -c082 Hub" , " : "6b 9b89b -c082 tion_ 24978 isten corre 2fcfc nning ' , "sou Oad7- age" , " : "6b Windows Server 2025 Datacenter Build 26100.ge_release240331-1435 9:39 PM 10/8/2026
[keys] '{ENTER}' -> Tally 'TallyPrime:9000'
[shot] mh-0473-S7v-w10 (1024x768)
[mh] mh-0473-S7v-w10: field 396,503,189x16 left 'GSTIN/UIN' heads 'Unregistered/Consumer / India / Not Applicable' value '' (boxes: 396,503,189x16[GSTIN/UIN|Unregistered/Consumer/India/Not Applicable]) | Recyc TallyPrime MANAGE EDU K: Company Details Y: Data Z: Exchange O: Import E: Export M: Share p: print Firefo Googl Chron Micros lyp Unity Quit Buyer (Bill to) Mailing Name Address State Country GST Registration type GSTIN/UIN Place of Supply A Accept Q Search FinCom Spike Co Party Details Cash Cash Not Applicable India Unregistered/Consumer Not Applicable x Fl: Help nt to •elati c2524 9b89b -c082 Hub" , " : "6b 9b89b -c082 : '2.3 tion_ 24978 isten corre 2fcfc nning ' , "sou Oad7- age" , " : "6b Configure Windows Server 2025 Datacenter Build 26100.ge_release240331-1435 9:39 PM 10/8/2026
[keys] '{ENTER}' -> Tally 'TallyPrime:9000'
[shot] mh-0474-S7v-w11 (1024x768)
[mh] mh-0474-S7v-w11: field 396,528,189x16 left 'Place of Supply' heads 'Madhya Pradesh / Lakshadweep / Karnataka' value '' (boxes: 396,528,189x16[Place of Supply|Madhya Pradesh/Lakshadweep/Karnataka]) | TallyPrime MANAGE Recyc 17 V EDU Details Quit K: Company Y: Data Z: Exchange FinCom Spike Co List of States • Not Applicable Andaman & Nicobar Islands Andhra Pradesh Arunachal Pradesh Assam Bihar Chandigarh Chhattisgarh O: Import New State E: Export M: Share Firefo Googl Chron Micros Unity Buyer (Bill to) Mailing Name Address State Country GST Registratio GSTIN/UIN Place of Supply Dadra & Nagar Haveli and Daman & Diu Delhi Goa Gujarat Haryana Himachal Pradesh Jammu & Kashmir Jharkhand Karnataka Kerala Ladakh Lakshadweep Madhya Pradesh p: print Fl: Help x Configure 161 nt to •elati c2524 9b89b -c082 Hub" , " : "6b 9b89b -c082 tion_ 24978 isten corre 2fcfc nning ' , "sou Oad7- age" , " : "6b Accept Q Search Windows Server 2025 Datacenter Build 26100.ge_release240331-1435 9:39 PM 10/8/2026
[keys] '{ENTER}' -> Tally 'TallyPrime:9000'
[shot] mh-0475-S7v-w12 (1024x768)
[mh] mh-0475-S7v-w12: field 134,195,205x16 left 'Sales ledger' heads 'PartyA/c narne: Cash / Accounting Voucher Creation / K: Company' value '' (boxes: 134,195,205x16[Sales ledger|PartyA/c narne: Cash/Accounting Voucher Creation/K: Company]) | Recyc Firef Googl Chro Micros 46 IypÅ Unity TallyPrime MANAGE EDU K: Company Accounting Voucher Creation Sales PartyA/c narne: Cash Current balance: Sales ledger: Current balance: Name of Item Narration: Quit Y: Data Z: Exchange A Accept Q Search FinCom • ke Co O: Import E: Export List of Led er Accounts MH Sales M: Share p: print x Create Show More Fl: Help Date Company F4: Contra F5: Payment Receipt Journal F8: Sales 161 nt to •elati c2524 9b89b -c082 Hub" , " : "6b 9b89b Purchase ( • -c082 Fl 0: 0åHVouctg•s F: Autofill Change Mode More Details o: L: tion_ 24978 isten corre 2fcfc nning ' , "sou Oad7- age" , " : "6b D: Delete Cancel Vch Related Reports Optional post -Dated Configure Windows Server 2025 Datacenter Build 26100.ge_release240331-1435 9:39 PM 10/8/2026
[mh] S7v rule 2 (Sales ledger) on 'Sales ledger|PartyA/c narne: Cash': keys 'MH Sales{ENTER}'
[keys] 'MH Sales' -> Tally 'TallyPrime:9000'
[keys] '{ENTER}' -> Tally 'TallyPrime:9000'
[shot] mh-0476-S7v-w13 (1024x768)
[mh] mh-0476-S7v-w13: field 52,274,245x16 left 'Chron' heads 'Name of Item / Current balance / Sales ledger: MH Sales' value '' (boxes: 52,274,245x16[Chron|Name of Item/Current balance/Sales ledger: MH Sales]) | TallyPrime MANAGE Recyc EDU K: Company Accounting Voucher Creation Sales Firef PartyA/c narne: Cash Current balance: Sales ledger: MH Sales Current balance: Name of Item Googl Chron Micros 46 IypÅ Narration: Unity Quit Y: Data Z: Exchange A Accept Q Search FinCom • ke Co O: Import Quantity E: Export Rate M: Share per p: print upr-26 Wednesday Amount Fl: Help Date Company F4: Contra F5: Payment Receipt Journal F8: Sales 161 nt to •elati c2524 9b89b -c082 Hub" , " : "6b 9b89b Purchase ( • -c082 Fl 0: 0åHVouctg•s F: Autofill Change Mode More Details o: L: Related Reports Optional post -Dated tion_ 24978 isten corre 2fcfc nning ' , "sou Oad7- age" , " : "6b D: Delete x: Cancel Vch F12: Configure Windows Server 2025 Datacenter Build 26100.ge_release240331-1435 9:39 PM 10/8/2026
[mh] S7v rule 3 (Name of Item) on 'Chron|Name of Item': keys '%c'
[keys] '%c' -> Tally 'TallyPrime:9000'
[shot] mh-0477-S7-item-form (1024x768)
[mh] mh-0477-S7-item-form: field 137,116,241x15 left 'Name' heads 'Stock Item Creation (Secondary / K: Company Y: Data / Z: Exchange' value '' (boxes: 137,116,241x15[Name|Stock Item Creation (Secondary/K: Company Y: Data/Z: Exchange]) | TallyPrime MANAGE Recyc EDU K: Company Y: Data Stock Item Creation (Secondary Name (alias) Firefo Under Googl Units Chro Micros 46 Unity Quit Z: Exchange primary Not Applicable Accept Q Search O: Import E: Export M: Share p: print x FinCom • ke Co Statutory Details GST applicability HSWSAC & Related Details HSN/SAC Details Source of details HSN/SAC Description GST Rate & Related Details GST Rate Details Source of details Taxability Type GST Rate Type of Supply p: Delete Fl: Help F2: period Company • Applicable As per Company/Stock Group Not Available As per Company/Stock Group Not Available Goods 1 FIO: Other Masters More Details B Get HSN 'SAC Info Configure 161 nt to •elati c2524 9b89b -c082 Hub" , " : "6b 9b89b -c082 tion_ 24978 isten corre 2fcfc nning ' , "sou Oad7- age" , " : "6b Windows Server 2025 Datacenter Build 26100.ge_release240331-1435 9:39 PM 10/8/2026
[shot] mh-0478-S7-w1 (1024x768)
[mh] mh-0478-S7-w1: field 137,116,241x15 left 'Name' heads 'Stock Item Creation (Secondary / K: Company Y: Data / Z: Exchange' value '' (boxes: 137,116,241x15[Name|Stock Item Creation (Secondary/K: Company Y: Data/Z: Exchange]) | TallyPrime MANAGE Recyc EDU K: Company Y: Data Stock Item Creation (Secondary Name (alias) Firefo Under Googl Units Chro Micros 46 Unity Quit Z: Exchange primary Not Applicable Accept Q Search O: Import E: Export M: Share p: print x FinCom • ke Co Statutory Details GST applicability HSWSAC & Related Details HSN/SAC Details Source of details HSN/SAC Description GST Rate & Related Details GST Rate Details Source of details Taxability Type GST Rate Type of Supply p: Delete Fl: Help F2: period Company • Applicable As per Company/Stock Group Not Available As per Company/Stock Group Not Available Goods 1 FIO: Other Masters More Details B Get HSN 'SAC Info Configure 161 nt to •elati c2524 9b89b -c082 Hub" , " : "6b 9b89b -c082 tion_ 24978 isten corre 2fcfc nning ' , "sou Oad7- age" , " : "6b Windows Server 2025 Datacenter Build 26100.ge_release240331-1435 9:39 PM 10/8/2026
[mh] S7 rule 0 ((^|\W)Name$) on 'Name|Stock Item Creation (Secondary': keys 'MB Item V{ENTER}'
[keys] 'MB Item V' -> Tally 'TallyPrime:9000'
[keys] '{ENTER}' -> Tally 'TallyPrime:9000'
[shot] mh-0479-S7-w2 (1024x768)
[mh] mh-0479-S7-w2: field 137,133,241x15 left '' heads 'Stock Item Creation / K: Company Y: Data / Z: Exchange' value '' (boxes: 137,133,241x15[|Stock Item Creation/K: Company Y: Data/Z: Exchange]) | TallyPrime MANAGE Recyc EDU K: Company Y: Data Stock Item Creation Firefo Under Googl Units Chro Micros 46 Unity Quit Z: Exchange primary Not Applicable Accept Q Search O: Import E: Export M: Share p: print x FinCom • ke Co Statutory Details GST applicability HSWSAC & Related Details HSN/SAC Details Source of details HSN/SAC Description GST Rate & Related Details GST Rate Details Source of details Taxability Type GST Rate Type of Supply p: Delete Fl: Help F2: period Company • Applicable As per Company/Stock Group Not Available As per Company/Stock Group Not Available Goods 1 FIO: Other Masters More Details B Get HSN 'SAC Info Configure 161 nt to •elati c2524 9b89b -c082 Hub" , " : "6b 9b89b -c082 tion_ 24978 isten corre 2fcfc nning ' , "sou Oad7- age" , " : "6b Windows Server 2025 Datacenter Build 26100.ge_release240331-1435 9:40 PM 10/8/2026
[keys] '{ENTER}' -> Tally 'TallyPrime:9000'
[shot] mh-0480-S7-w3 (1024x768)
[mh] mh-0480-S7-w3: field 280,242,186x15 left 'Under' heads 'FinCom • ke Co / Z: Exchange' value 'Primary' (boxes: 280,242,186x15[Under|FinCom • ke Co/Z: Exchange]) | TallyPrime MANAGE Recyc EDU K: Company Stock Item Creation Y: Data Z: Exchange Primary Not Applicable Accept Q Search FinCom • ke Co Statutory Detail GST applicability HSWSAC & Rel HSN/SAC Detail Source of detail HSN/SAC Description GST Rate & Re GST Rate Detail Source of detail Taxability Type GST Rate Type of Supply O: Import List of Grou s • Primary E: Export M: Share Name (alias) Firefo Under Googl Units Chro Micros 46 Unity Quit MB Item V p: print x Create Fl: Help F2: period Company FIO: Other Masters More Details B Get HSN 'SAC Info Configure 161 nt to •elati c2524 9b89b -c082 Hub" , " : "6b 9b89b -c082 tion_ 24978 isten corre 2fcfc nning ' , "sou Oad7- age" , " : "6b p: Delete Windows Server 2025 Datacenter Build 26100.ge_release240331-1435 9:40 PM 10/8/2026
[keys] '{ENTER}' -> Tally 'TallyPrime:9000'
[shot] mh-0481-S7-w4 (1024x768)
[mh] mh-0481-S7-w4: field none left '' heads '' value '' (boxes: ) | TallyPrime MANAGE Recyc EDU K: Company Stock Item Creation Y: Data Z: Exchange primary Accept Q Search FinCom • ke Co Units Not Applicable Days Kgs Nos Description O: Import Create ils E: Export M: Share p: print x Name (alias) Firefo Under Googl Units Chro Micros 46 Unity Quit MB Item V Fl: Help F2: period Company • Applicable As per Company/Stock Group Not Available As per Company/Stock Group Not Available Goods 1 FIO: Other Masters GST Rate & Related Details GST Rate Details Source of details Taxability Type GST Rate Type of Supply p: Delete More Details B Get HSN 'SAC Info Configure 161 nt to •elati c2524 9b89b -c082 Hub" , " : "6b 9b89b -c082 tion_ 24978 isten corre 2fcfc nning ' , "sou Oad7- age" , " : "6b Windows Server 2025 Datacenter Build 26100.ge_release240331-1435 9:40 PM 10/8/2026
[keys] '{ENTER}' -> Tally 'TallyPrime:9000'
[shot] mh-0482-S7-w5 (1024x768)
[mh] mh-0482-S7-w5: field 677,266,186x15 left 'GST applicability' heads 'E: Export / M: Share / p: print' value '' (boxes: 677,266,186x15[GST applicability|E: Export/M: Share/p: print]) | TallyPrime MANAGE Recyc EDU K: Company Stock Item Creation Y: Data Z: Exchange primary Not Applicable Accept Q Search O: Import E: Export M: Share p: print x Name (alias) Firefo Under Googl Units Chro Micros 46 Unity Quit MB Item V FinCom • ke Co Statutory Details GST applicability HSWSAC & Related Details HSN/SAC Details Source of details HSN/SAC Description GST Rate & Related Details GST Rate Details Source of details Taxability Type GST Rate Type of Supply p: Delete Fl: Help F2: period Company As per Company/Stock Group Not Available As per Company/Stock Group Not Available Goods 1 FIO: Other Masters More Details B Get HSN 'SAC Info Configure 161 nt to •elati c2524 9b89b -c082 Hub" , " : "6b 9b89b -c082 tion_ 24978 isten corre 2fcfc nning ' , "sou Oad7- age" , " : "6b Windows Server 2025 Datacenter Build 26100.ge_release240331-1435 9:40 PM 10/8/2026
[keys] '{ENTER}' -> Tally 'TallyPrime:9000'
[shot] mh-0483-S7-w6 (1024x768)
[mh] mh-0483-S7-w6: field none left '' heads '' value '' (boxes: ) | TallyPrime MANAGE Recyc EDU K: Company Stock Item Creation Y: Data Z: Exchange primary Not Applicable Accept Q Search O: Import E: Export M: Share p: print x Name (alias) Firefo Under Googl Units Chro Micros 46 Unity Quit MB Item V FinCom • ke Co Statutory Details GST applicability HSWSAC & Related Details HSN/SAC Details Source of details HSN/SAC Description GST Rate & Related Detail GST Rate Details Source of details Taxability Type GST Rate Type of Supply p: Delete Fl: Help F2: period Company • Applicable • as per Company/Stock Group List of Actions Show More As per Company/Stock Group Specify Details Here Use GST Classification Goods 1 FIO: Other Masters More Details B Get HSN 'SAC Info Configure 161 nt to •elati c2524 9b89b -c082 Hub" , " : "6b 9b89b -c082 tion_ 24978 isten corre 2fcfc nning ' , "sou Oad7- age" , " : "6b Windows Server 2025 Datacenter Build 26100.ge_release240331-1435 9:40 PM 10/8/2026
[keys] '{ENTER}' -> Tally 'TallyPrime:9000'
[shot] mh-0484-S7-w7 (1024x768)
[mh] mh-0484-S7-w7: field none left '' heads '' value '' (boxes: ) | TallyPrime MANAGE Recyc EDU K: Company Stock Item Creation Y: Data Z: Exchange primary Not Applicable Accept Q Search O: Import E: Export M: Share p: print x Name (alias) Firefo Under Googl Units Chro Micros 46 Unity Quit MB Item V FinCom • ke Co Statutory Details GST applicability HSWSAC & Related Details HSN/SAC Details Source of details HSN/SAC Description GST Rate & Related Details GST Rate Details Source of details Taxability Type GST Rate Type of Supply p: Delete Fl: Help F2: period Company • Applicable As per Company/Stock Group Not Available As per Company/Stock Group List of Actions Show More As per Company/Stock Group Specify Details Here Use GST Classification FIO: Other Masters More Details B Get HSN 'SAC Info Configure 161 nt to •elati c2524 9b89b -c082 Hub" , " : "6b 9b89b -c082 tion_ 24978 isten corre 2fcfc nning ' , "sou Oad7- age" , " : "6b Windows Server 2025 Datacenter Build 26100.ge_release240331-1435 9:40 PM 10/8/2026
[keys] '{ENTER}' -> Tally 'TallyPrime:9000'
[shot] mh-0485-S7-w8 (1024x768)
[mh] mh-0485-S7-w8: field 677,472,186x16 left 'Type of Supply' heads 'Serices / Goods / Not' value 'S' (boxes: 677,472,186x16[Type of Supply|Serices/Goods/Not]) | TallyPrime MANAGE Recyc EDU K: Company Stock Item Creation Y: Data Z: Exchange primary Not Applicable Accept Q Search O: Import E: Export M: Share p: print x Name (alias) Firefo Under Googl Units Chro Micros 46 Unity Quit MB Item V FinCom • ke Co Statutory Details GST applicability HSWSAC & Related Details HSN/SAC Details Source of details HSN/SAC Description GST Rate & Related Details GST Rate Details Source of details Taxability Type GST Rate Type of Supply p: Delete Fl: Help F2: period Company • Applicable As per Company/Stock Group Not Available T sof su As Capital Goods Not Goods Serices S FIO: Other Masters up 1 More Details B Get HSN 'SAC Info Configure 161 nt to •elati c2524 9b89b -c082 Hub" , " : "6b 9b89b -c082 tion_ 24978 isten corre 2fcfc nning ' , "sou Oad7- age" , " : "6b Windows Server 2025 Datacenter Build 26100.ge_release240331-1435 9:40 PM 10/8/2026
[keys] '{ENTER}' -> Tally 'TallyPrime:9000'
[shot] mh-0486-S7-w9 (1024x768)
[mh] mh-0486-S7-w9: field 677,487,68x16 left 'Rate of Duty (eg 5)' heads 'Goods / Not Available / As per Company/Stock Group' value '' (boxes: 677,487,68x16[Rate of Duty (eg 5)|Goods/Not Available/As per Company/Stock Group]) | TallyPrime MANAGE Recyc EDU K: Company Stock Item Creation Y: Data Z: Exchange • Not Applicable Accept Q Search O: Import E: Export M: Share p: print x Name (alias) Firefo Units Googl Chro Micros 46 Unity Quit MB Item V FinCom • ke Co GST applicability HSWSAC & Related Details HSN/SAC Details Source of details HSN/SAC Description GST Rate & Related Details GST Rate Details Source of details Taxability Type GST Rate Type of Supply Rate of Duty (eg 5) p: Delete Fl: Help F2: period Company • Applicable As per Company/Stock Group Not Available As per Company/Stock Group Not Available Goods FIO: Other Masters More Details B Get HSN 'SAC Info Configure 161 nt to •elati c2524 9b89b -c082 Hub" , " : "6b 9b89b -c082 tion_ 24978 isten corre 2fcfc nning ' , "sou Oad7- age" , " : "6b Windows Server 2025 Datacenter Build 26100.ge_release240331-1435 9:40 PM 10/8/2026
[keys] '{ENTER}' -> Tally 'TallyPrime:9000'
[shot] mh-0487-S7-w10 (1024x768)
[mh] mh-0487-S7-w10: field none left '' heads '' value '' (boxes: ) | TallyPrime MANAGE Recyc EDU K: Company Stock Item Creation Y: Data Z: Exchange • Not Applicable IA _ : Accept Q Search O: Import E: Export M: Share FinCom p: print x Name (alias) Firefo Units Googl Chro Micros 46 Unity Q: Quit MB Item V Fl: Help F2: period F3: Company GST applicability HSWSAC & Related Details HSN/SAC Details Source of details HSN/SAC Description GST Rate & Related Details GST Rate Details Source of details Taxability Type GST Rate Type of Supply Rate of Duty (eg 5) p: Delete • Applicable As per Company/Stock Group Not Available As per Company/Stock Group Not Available Goods Accept Q Yes or No FIO : Other Masters l: More Details B: Get HSN - ISAC Info Fl 2: Configure 161 nt to •elati c2524 9b89b -c082 Hub" , " : "6b 9b89b -c082 tion_ 24978 isten corre 2fcfc nning ' , "sou Oad7- age" , " : "6b Windows Server 2025 Datacenter Build 26100.ge_release240331-1435 9:40 PM 10/8/2026
[mh] S7 a question is up: stop
[shot] mh-0488-S7-before-save (1024x768)
[mh] mh-0488-S7-before-save: field none left '' heads '' value '' (boxes: ) | TallyPrime MANAGE Recyc EDU K: Company Stock Item Creation Y: Data Z: Exchange • Not Applicable IA _ : Accept Q Search O: Import E: Export M: Share FinCom p: print x Name (alias) Firefo Units Googl Chro Micros 46 Unity Q: Quit MB Item V Fl: Help F2: period F3: Company GST applicability HSWSAC & Related Details HSN/SAC Details Source of details HSN/SAC Description GST Rate & Related Details GST Rate Details Source of details Taxability Type GST Rate Type of Supply Rate of Duty (eg 5) p: Delete • Applicable As per Company/Stock Group Not Available As per Company/Stock Group Not Available Goods Accept Q Yes or No FIO : Other Masters l: More Details B: Get HSN - ISAC Info Fl 2: Configure 161 nt to •elati c2524 9b89b -c082 Hub" , " : "6b 9b89b -c082 tion_ 24978 isten corre 2fcfc nning ' , "sou Oad7- age" , " : "6b Windows Server 2025 Datacenter Build 26100.ge_release240331-1435 9:40 PM 10/8/2026
[keys] '' -> Tally 'TallyPrime:9000'
[shot] mh-0489-S7-saved1 (1024x768)
[mh] mh-0489-S7-saved1: field 283,218,93x16 left '' heads 'Location / Item Allocations for : MB Item V / Z: Exchange' value '' (boxes: 283,218,93x16[|Location/Item Allocations for : MB Item V/Z: Exchange]) | Recyc Firefo Googl Chron Micros lyp Unity TallyPrime MANAGE EDU K: Company Stock Item Allocations Quit Y: Data Z: Exchange FinCom Spike Co Item Allocations for : MB Item V Location Quantity Rate per A Accept Q Search O: Import Amount E: Export M: Share p: print x Fl: Help nt to •elati c2524 9b89b -c082 Hub" , " : "6b 9b89b -c082 : '2.3 tion_ 24978 isten corre 2fcfc nning ' , "sou Oad7- age" , " : "6b Windows Server 2025 Datacenter Build 26100.ge_release240331-1435 9:40 PM 10/8/2026
[mh] S7 still in the form after Ctrl+A 1 (a sub-screen accepted?): Ctrl+A again
[keys] '' -> Tally 'TallyPrime:9000'
[shot] mh-0490-S7-saved2 (1024x768)
[mh] mh-0490-S7-saved2: field none left '' heads '' value '' (boxes: ) | Recyc Firef Googl Chro Micros 46 IypÅ Unity TallyPrime MANAGE EDU K: Company Accounting Voucher Creation Sales PartyA/c narne: Cash Current balance: Sales ledger: MH Sales Current balance: Name of Item MB Item V Narration: Quit Y: Data Z: Exchange A Accept Q Search FinCom • ke Co O: Import Quantity E: Export Rate M: Share per p: print upr-26 Wednesday Amount Fl: Help Date Company F4: Contra F5: Payment Receipt Journal F8: Sales 161 nt to •elati c2524 9b89b -c082 Hub" , " : "6b 9b89b Purchase ( • -c082 Fl 0: 0åHVouctg•s F: Autofill Change Mode More Details o: L: Related Reports Optional post -Dated tion_ 24978 isten corre 2fcfc nning ' , "sou Oad7- age" , " : "6b D: Delete x: Cancel Vch F12: Configure Windows Server 2025 Datacenter Build 26100.ge_release240331-1435 9:40 PM 10/8/2026
[mh] S7 still in the form after Ctrl+A 2 (a sub-screen accepted?): Ctrl+A again
[keys] '' -> Tally 'TallyPrime:9000'
[shot] mh-0491-S7-saved3 (1024x768)
[mh] mh-0491-S7-saved3: field none left '' heads '' value '' (boxes: ) | TallyPrime MANAGE Recyc EDU K: Company Accounting Voucher Creation Firefo Googl Chron Micros Unity Q: Quit Y: Data Z: Exchange O: Import E: Export M: Share p: print FinCom Spike Co x Fl: Help F2: Date F3: Company Error Oops! No Entries in Voucher! 161 nt to •elati c2524 9b89b -c082 Hub" , " : "6b 9b89b -c082 tion_ 24978 isten corre 2fcfc nning ' , "sou Oad7- age" , " : "6b IA _ : Accept Q Search p: Delete cancel vch I F4: Contra F5: Payment t F6: Receipt F7: Journal F8: Sales F9: Purchase F: Autofill H: Change Mode l: More Details O: Related Reports k: Optional T: post -Dated Fl 2: Configure Windows Server 2025 Datacenter Build 26100.ge_release240331-1435 9:40 PM 10/8/2026
[shot] mh-0492-S7-back-in-voucher (1024x768)
[mh] mh-0492-S7-back-in-voucher: field none left '' heads '' value '' (boxes: ) | TallyPrime MANAGE Recyc EDU K: Company Accounting Voucher Creation Firefo Googl Chron Micros Unity Q: Quit Y: Data Z: Exchange O: Import E: Export M: Share p: print FinCom Spike Co x Fl: Help F2: Date F3: Company Error Oops! No Entries in Voucher! 161 nt to •elati c2524 9b89b -c082 Hub" , " : "6b 9b89b -c082 tion_ 24978 isten corre 2fcfc nning ' , "sou Oad7- age" , " : "6b IA _ : Accept Q Search p: Delete cancel vch I F4: Contra F5: Payment t F6: Receipt F7: Journal F8: Sales F9: Purchase F: Autofill H: Change Mode l: More Details O: Related Reports k: Optional T: post -Dated Fl 2: Configure Windows Server 2025 Datacenter Build 26100.ge_release240331-1435 9:40 PM 10/8/2026
[shot] tds-296-mgw0 (1024x768)
[21:40:31] [tds] screen tds-296-mgw0 : TallyPrime MANAGE Recyc EDU K: Company Accounting Voucher Creation Firefo Googl Chron Micros Unity Q: Quit Y: Data Z: Exchange O: Import E: Export M: Share p: print FinCom Spike Co x Fl: Help F2: Date F3: Company Error Oops! No Entries in Voucher! 161 nt to •elati c2524 9b89b -c082 Hub" , " : "6b 9b89b -c082 tion_ 24978 isten corre 2fcfc nning ' , "sou Oad7- age" , " : "6b IA _ : Accept Q Search p: Delete cancel vch I F4: Contra F5: Payment t F6: Receipt F7: Journal F8: Sales F9: Purchase F: Autofill H: Change Mode l: More Details O: Related Reports k: Optional T: post -Dated Fl 2: Configure W...
[keys] '{ESC}' -> Tally 'TallyPrime:9000'
[shot] tds-297-mgw1 (1024x768)
[21:40:34] [tds] screen tds-297-mgw1 : Recyc Firef Googl Chro Micros 46 IypÅ Unity TallyPrime MANAGE EDU K: Company Accounting Voucher Creation Sales PartyA/c narne: Cash Current balance: Sales ledger: MH Sales Current balance: Name of Item MB Item V End of List Narration: Quit Y: Data Z: Exchange A Accept Q Search O: Import E: Export List of Led er Accounts Cash Spike Party Spike Party 2 Ul Party M: Share FinCom • ke Co p: print x Create Fl: Help Date Company F4: Contra F5: Payment Receipt Journal F8: Sales 161 nt to •elati c2524 9b89b -c082 Hub" , " : "6b 9b89b Purchase ( • -c082 Fl 0: 0åHVouctg•s F: Autofill Change Mode More Det...
[keys] '{ESC}' -> Tally 'TallyPrime:9000'
[shot] tds-298-mgw2 (1024x768)
[21:40:37] [tds] screen tds-298-mgw2 : Recyc Firef Googl Chro Micros 46 IypÅ Unity TallyPrime MANAGE EDU K: Company Accounting Voucher Creation Sales Party Alc narne. Current balance: Sales ledger: MH Sales Current balance: Name of Item MB Item V End of List Narration: Quit Y: Data Z: Exchange A Accept Q Search FinCom • ke Co O: Import E: Export List of Led er Accounts Cash Spike Party Spike Party 2 Ul Party M: Share p: print x Create Fl: Help Date Company F4: Contra F5: Payment Receipt Journal F8: Sales 161 nt to •elati c2524 9b89b -c082 Hub" , " : "6b 9b89b Purchase ( • -c082 Fl 0: 0åHVouctg•s F: Autofill Change Mode More Details...
[keys] '{ESC}' -> Tally 'TallyPrime:9000'
[shot] tds-299-mgw3 (1024x768)
[21:40:39] [tds] screen tds-299-mgw3 : Recyc Firef Googl Chro Micros 46 IypÅ Unity TallyPrime MANAGE EDU K: Company Accounting Voucher Creation Sales Party Alc narne. Current balance: Sales ledger: MH Sales Current balance: Name of Item MB Item V End of List Narration: Q: Quit Y: Data Z: Exchange A: Accept Q Search FinCom O: Import Quantity E: Export Rate M: Share per p: print upr-26 Wednesday Amount Quit o Yes or No Fl: Help F2: Date F3: Company F4: Contra F5: Payment F6: Receipt F7: Journal F8: Sales F9: Purchase F: Autofill H: Change Mode l: More Details O: Related Reports k: Optional T: post -Dated Fl 2: Configure 161 nt to •el...
[keys] 'n' -> Tally 'TallyPrime:9000'
[shot] tds-300-mgw4 (1024x768)
[21:40:43] [tds] screen tds-300-mgw4 : Recyc Firef Googl Chro Micros 46 IypÅ Unity TallyPrime MANAGE EDU K: Company Accounting Voucher Creation Sales Party Alc narne. Current balance: Sales ledger: MH Sales Current balance: Name of Item MB Item V End of List Narration: Quit Y: Data Z: Exchange A Accept Q Search FinCom • ke Co O: Import E: Export List of Led er Accounts Cash Spike Party Spike Party 2 Ul Party M: Share p: print x Create Fl: Help Date Company F4: Contra F5: Payment Receipt Journal F8: Sales 161 nt to •elati c2524 9b89b -c082 Hub" , " : "6b 9b89b Purchase ( • -c082 Fl 0: 0åHVouctg•s F: Autofill Change Mode More Details...
[keys] '{ESC}' -> Tally 'TallyPrime:9000'
[shot] tds-301-mgw5 (1024x768)
[21:40:45] [tds] screen tds-301-mgw5 : Recyc Firef Googl Chro Micros 46 IypÅ Unity TallyPrime MANAGE EDU K: Company Accounting Voucher Creation Sales Party Alc narne. Current balance: Sales ledger: MH Sales Current balance: Name of Item MB Item V End of List Narration: Q: Quit Y: Data Z: Exchange A: Accept Q Search FinCom O: Import Quantity E: Export Rate M: Share per p: print upr-26 Wednesday Amount Quit o Yes or No Fl: Help F2: Date F3: Company F4: Contra F5: Payment F6: Receipt F7: Journal F8: Sales F9: Purchase F: Autofill H: Change Mode l: More Details O: Related Reports k: Optional T: post -Dated Fl 2: Configure 161 nt to •el...
[keys] 'n' -> Tally 'TallyPrime:9000'
[shot] tds-302-mgw6 (1024x768)
[21:40:49] [tds] screen tds-302-mgw6 : Recyc Firef Googl Chro Micros 46 IypÅ Unity TallyPrime MANAGE EDU K: Company Accounting Voucher Creation Sales Party Alc narne. Current balance: Sales ledger: MH Sales Current balance: Name of Item MB Item V End of List Narration: Quit Y: Data Z: Exchange A Accept Q Search FinCom • ke Co O: Import E: Export List of Led er Accounts Cash Spike Party Spike Party 2 Ul Party M: Share p: print x Create Fl: Help Date Company F4: Contra F5: Payment Receipt Journal F8: Sales 161 nt to •elati c2524 9b89b -c082 Hub" , " : "6b 9b89b Purchase ( • -c082 Fl 0: 0åHVouctg•s F: Autofill Change Mode More Details...
[keys] '{ESC}' -> Tally 'TallyPrime:9000'
[shot] tds-303-mgw7 (1024x768)
[21:40:51] [tds] screen tds-303-mgw7 : Recyc Firef Googl Chro Micros 46 IypÅ Unity TallyPrime MANAGE EDU K: Company Accounting Voucher Creation Sales Party Alc narne. Current balance: Sales ledger: MH Sales Current balance: Name of Item MB Item V End of List Narration: Q: Quit Y: Data Z: Exchange A: Accept Q Search FinCom O: Import Quantity E: Export Rate M: Share per p: print upr-26 Wednesday Amount Quit o Yes or No Fl: Help F2: Date F3: Company F4: Contra F5: Payment F6: Receipt F7: Journal F8: Sales F9: Purchase F: Autofill H: Change Mode l: More Details O: Related Reports k: Optional T: post -Dated Fl 2: Configure 161 nt to •el...
[keys] 'n' -> Tally 'TallyPrime:9000'
[21:40:54] [tds] the Gateway not reached (after S7-create-in-voucher): Tally started again
[keys] 'a' -> Tally 'TallyPrime:9000'
[keys] 't' -> Tally 'TallyPrime:9000'
[shot] tds-304-mh-start-0 (1024x768)
[21:41:28] [tds] screen tds-304-mh-start-0 : TallyPrime MANAGE Recyc EDU K: Company Gatewa of Tall Y: Data Z: Exchange CURRENT OATE Wednesday, I-Apr-2026 O: Import E: Export M: Share p: print Fl: Help Date Company Firefo Googl Chro Micros 46 IypÅ Unity CURRENT PERIOD I-Apr-26 to 31-Mar-27 NAME OF COMPANY FinCom Spike Co Gateway of Tally MASTERS Create Alter CHart of Accounts TRANSACTIONS Vouchers Day 800K UTILITIES BaNking REPORTS Balance Sheet Profit & Loss A/c Stock Summary Ratio Analysis Display More Reports DashbOard Quit 161 nt to •elati c2524 9b89b -c082 Hub" , " : "6b 9b89b -c082 tion_ 24978 isten corre 2fcfc nning ' , "sou Oad7- ...
  INFO mh B S7-create-in-voucher: stored as typed False (missing: BASEUNITS=Nos); error 'Error Oops! No Entries in Voucher! 161 nt to •elati c2524 9b89b -c082 Hub" , " : "6b 9b89b -c082 tion_ 24978 isten corre 2fcf'; Ctrl+A 101 ms; add-on lines: none
[21:41:29] ---- mh B P1-create-user-defined (Pay Head 'MB Basic')
[shot] tds-305-mgw0 (1024x768)
[21:41:30] [tds] screen tds-305-mgw0 : TallyPrime MANAGE Recyc EDU K: Company Gatewa of Tall Y: Data Z: Exchange CURRENT OATE Wednesday, I-Apr-2026 O: Import E: Export M: Share p: print Fl: Help Date Company Firefo Googl Chro Micros 46 IypÅ Unity CURRENT PERIOD I-Apr-26 to 31-Mar-27 NAME OF COMPANY FinCom Spike Co Gateway of Tally MASTERS Create Alter CHart of Accounts TRANSACTIONS Vouchers Day 800K UTILITIES BaNking REPORTS Balance Sheet Profit & Loss A/c Stock Summary Ratio Analysis Display More Reports DashbOard Quit 161 nt to •elati c2524 9b89b -c082 Hub" , " : "6b 9b89b -c082 tion_ 24978 isten corre 2fcfc nning ' , "sou Oad7- ...
[keys] 'c' -> Tally 'TallyPrime:9000'
[keys] '{BACKSPACE}{BACKSPACE}{BACKSPACE}{BACKSPACE}{BACKSPACE}{BACKSPACE}{BACKSPACE}{BACKSPACE}{BACKSPACE}{BACKSPACE}{BACKSPACE}{BACKSPACE}{BACKSPACE}{BACKSPACE}{BACKSPACE}{BACKSPACE}{BACKSPACE}{BACKSPACE}{BACKSPACE}{BACKSPACE}' -> Tally 'TallyPrime:9000'
[keys] 'Pay Head' -> Tally 'TallyPrime:9000'
[keys] '{ENTER}' -> Tally 'TallyPrime:9000'
[shot] mh-0493-P1-form (1024x768)
[mh] mh-0493-P1-form: field 139,113,245x16 left 'Name' heads 'Pa Head Creation / K: Company / Y: Data' value '' (boxes: 139,113,245x16[Name|Pa Head Creation/K: Company/Y: Data]) | TallyPrime MANAGE Recyc EDU K: Company Y: Data Z: Exchange O: Import Pa Head Creation Name (alias) Firefo Googl Pay head type Chro Income type Under Affect net salary Micros FinCom Spike Co E: Export M: Share P: Print Total Opening Balance Fl: Help F2: period Company Pay Head Information Earnings for Employees Fixed Direct Expenses Yes FIO: Name to be displayed in payslip Use for calculation of gratuity Calculation type 46 IypÅ Unity Quit Other Masters No As User Defined Value Opening Balance A Accept Q Search 161 nt to •elati c2524 9b89b -c082 Hub" , " : "6b 9b89b -c082 tion_ 24978 isten corre 2fcfc nning ' , "sou Oad7- age" , " : "6b ( on I-Apr-26) : D: Delete W: Show All Periods Configure Windows Server 2025 Datacenter Build 26100.ge_release240331-1435 9:41 PM 10/8/2026
[shot] mh-0494-P1-w1 (1024x768)
[mh] mh-0494-P1-w1: field 139,113,245x16 left 'Name' heads 'Pa Head Creation / K: Company / Y: Data' value '' (boxes: 139,113,245x16[Name|Pa Head Creation/K: Company/Y: Data]) | TallyPrime MANAGE Recyc EDU K: Company Y: Data Z: Exchange O: Import Pa Head Creation Name (alias) Firefo Googl Pay head type Chro Income type Under Affect net salary Micros FinCom Spike Co E: Export M: Share P: Print Total Opening Balance Fl: Help F2: period Company Pay Head Information Earnings for Employees Fixed Direct Expenses Yes FIO: Name to be displayed in payslip Use for calculation of gratuity Calculation type 46 IypÅ Unity Quit Other Masters No As User Defined Value Opening Balance A Accept Q Search 161 nt to •elati c2524 9b89b -c082 Hub" , " : "6b 9b89b -c082 tion_ 24978 isten corre 2fcfc nning ' , "sou Oad7- age" , " : "6b ( on I-Apr-26) : D: Delete W: Show All Periods Configure Windows Server 2025 Datacenter Build 26100.ge_release240331-1435 9:41 PM 10/8/2026
[mh] P1 rule 0 ((^|\W)Name$) on 'Name|Pa Head Creation': keys 'MB Basic{ENTER}'
[keys] 'MB Basic' -> Tally 'TallyPrime:9000'
[keys] '{ENTER}' -> Tally 'TallyPrime:9000'
[shot] mh-0495-P1-w2 (1024x768)
[mh] mh-0495-P1-w2: field 139,131,245x16 left '' heads 'MB Basic / Pa Head Creation / K: Company' value '' (boxes: 139,131,245x16[|MB Basic/Pa Head Creation/K: Company]) | TallyPrime MANAGE Recyc EDU K: Company Pa Head Creation Y: Data Z: Exchange O: Import FinCom • ke Co E: Export M: Share P: Print Total Opening Balance Name Firefo Googl Pay head type Chro MB Basic Pay Head Information Fl: Help F2: period Company Income type Under Affect net salary Micros Name to be displayed in payslip Use for calculation of gratuity Calculation type 46 IypÅ Unity Quit Earnings for Employees Fixed Direct Expenses Yes MB Basic No As User Defined Value Opening Balance A Accept Q Search FIO: Other Masters 161 nt to •elati c2524 9b89b -c082 Hub" , " : "6b 9b89b -c082 tion_ 24978 isten corre 2fcfc nning ' , "sou Oad7- age" , " : "6b ( on I-Apr-26) : D: Delete W: Show All Periods Configure Windows Server 2025 Datacenter Build 26100.ge_release240331-1435 9:41 PM 10/8/2026
[keys] '{ENTER}' -> Tally 'TallyPrime:9000'
[shot] mh-0496-P1-w3 (1024x768)
[mh] mh-0496-P1-w3: field 273,262,168x16 left 'Pay head type' heads 'Pay Head Information / FinCom • ke Co / Z: Exchange' value '' (boxes: 273,262,168x16[Pay head type|Pay Head Information/FinCom • ke Co/Z: Exchange]) | TallyPrime MANAGE Recyc EDU K: Company Pa Head Creation Y: Data Z: Exchange FinCom • ke Co List of Pa Head T • Not Applicable O: Import S E: Export M: Share P: Print Total Opening Balance Name (alias) Firefo Googl MB Basic Pay Head Information Fl: Help F2: period Company Pay head type Chro Income type Under Affect net salary Micros Name to be displayed in payslip Use for calculation of gratuity Calculation type 46 IypÅ Unity Quit Fixed Direct Expenses Yes MB Basic No As User Defined Value Opening Balance A Accept Q Search Deductions From Employees Earnings for Employees Employees' Statutory Deductions Employeis Statutory Contributions Gratuity Loans and Advances Reimbursements to Employees ( on I-Apr-26) : D: Delete FIO: Other Masters W: Show All Periods Configure 161 nt to •elati c2524 9b89b -c082 Hub" , " : "6b 9b89b -c082 tion_ 24978 isten corre 2fcfc nning ' , "sou Oad7- age" , " : "6b Windows Server 2025 Datacenter Build 26100.ge_release240331-1435 9:41 PM 10/8/2026
[mh] P1 rule 1 (Pay ?head type) on 'Pay head type|Pay Head Information': keys 'Earnings for Employees{ENTER}'
[keys] 'Earnings for Employees' -> Tally 'TallyPrime:9000'
[keys] '{ENTER}' -> Tally 'TallyPrime:9000'
[shot] mh-0497-P1-w4 (1024x768)
[mh] mh-0497-P1-w4: field 273,284,168x16 left 'Income type' heads 'Earnings for Employees / Pay Head Information / FinCom • ke Co' value '' (boxes: 273,284,168x16[Income type|Earnings for Employees/Pay Head Information/FinCom • ke Co]) | TallyPrime MANAGE Recyc EDU K: Company Pa Head Creation Y: Data Z: Exchange O: Import FinCom • ke Co E: Export M: Share P: Print Total Opening Balance Name (alias) Firefo Googl Pay head type Chro Income type Under MB Basic Pay Head Information Fl: Help F2: period Company Affect net salary Micros Name to be displayed in payslip Use for calculation of gratuity Calculation type 46 IypÅ Unity Quit Earnings for Employees Direct Expenses Yes MB Basic No As User Defined Value Opening Balance A Accept Q Search Income TV Fixed Variable ( on I-Apr-26) : FIO: Other Masters W: Show All Periods Configure 161 nt to •elati c2524 9b89b -c082 Hub" , " : "6b 9b89b -c082 tion_ 24978 isten corre 2fcfc nning ' , "sou Oad7- age" , " : "6b D: Delete Windows Server 2025 Datacenter Build 26100.ge_release240331-1435 9:41 PM 10/8/2026
[keys] '{ENTER}' -> Tally 'TallyPrime:9000'
[shot] mh-0498-P1-w5 (1024x768)
[mh] mh-0498-P1-w5: field 273,302,168x16 left 'Under' heads 'Fixed / Earnings for Employees / Pay Head Information' value 'Direct Ex nses' (boxes: 273,302,168x16[Under|Fixed/Earnings for Employees/Pay Head Information]) | TallyPrime MANAGE Recyc EDU K: Company Pa Head Creation Y: Data Z: Exchange FinCom • ke Co O: Import E: Export List of Grou s Direct Expenses Expenses (Direct) Expenses (Indirect) Indirect Expenses M: Share Name (alias) Firefo Googl Pay head type Chro MB Basic Pay Head Information p: print x Create Fl: Help F2: period Company Misc. D: Delete Expenses (ASSET) Income type Under Affect net salary Micros Name to be displayed in payslip Use for calculation of gratuity Calculation type 46 IypÅ Unity Quit Earnings for Employees Fixed Direct Ex nses Yes MB Basic No As User Defined Value Opening Balance A Accept Q Search FIO: Other Masters 161 nt to •elati c2524 9b89b -c082 Hub" , " : "6b 9b89b -c082 tion_ 24978 isten corre 2fcfc nning ' , "sou Oad7- age" , " : "6b ( on I-Apr-26) : W: Show All Periods Configure Windows Server 2025 Datacenter Build 26100.ge_release240331-1435 9:41 PM 10/8/2026
[mh] P1 rule 2 ((^|\W)Under$) on 'Under|Fixed': keys 'Indirect Expenses{ENTER}'
[keys] 'Indirect Expenses' -> Tally 'TallyPrime:9000'
[keys] '{ENTER}' -> Tally 'TallyPrime:9000'
[shot] mh-0499-P1-w6 (1024x768)
[mh] mh-0499-P1-w6: field 273,344,46x16 left 'Affect net salary' heads 'Indirect Expenses / Fixed / Earnings for Employees' value 'Yes' (boxes: 273,344,46x16[Affect net salary|Indirect Expenses/Fixed/Earnings for Employees]) | TallyPrime MANAGE Recyc EDU K: Company Pa Head Creation Y: Data Z: Exchange O: Import FinCom • ke Co E: Export M: Share P: Print Total Opening Balance Name (alias) Firefo Googl Pay head type Chro MB Basic Pay Head Information Fl: Help F2: period Company Income type Under Affect net salary Micros Name to be displayed in payslip Use for calculation of gratuity Calculation type 46 IypÅ Unity Quit Earnings for Employees Fixed Indirect Expenses Yes MB Basic No As User Defined Value Opening Balance A Accept Q Search FIO: Other Masters 161 nt to •elati c2524 9b89b -c082 Hub" , " : "6b 9b89b -c082 tion_ 24978 isten corre 2fcfc nning ' , "sou Oad7- age" , " : "6b ( on I-Apr-26) : D: Delete W: Show All Periods Configure Windows Server 2025 Datacenter Build 26100.ge_release240331-1435 9:41 PM 10/8/2026
[mh] P1 rule 3 (Affect net salary) on 'Affect net salary|Indirect Expenses': keys 'y{ENTER}'
[keys] 'y' -> Tally 'TallyPrime:9000'
[keys] '{ENTER}' -> Tally 'TallyPrime:9000'
[shot] mh-0500-P1-w7 (1024x768)
[mh] mh-0500-P1-w7: field 273,362,168x16 left 'Name to be displayed in payslip' heads 'Yes / Indirect Expenses / Fixed' value 'MB Basic' (boxes: 273,362,168x16[Name to be displayed in payslip|Yes/Indirect Expenses/Fixed]) | TallyPrime MANAGE Recyc EDU K: Company Pa Head Creation Y: Data Z: Exchange O: Import FinCom • ke Co E: Export M: Share P: Print Total Opening Balance Name (alias) Firefo Googl Pay head type Chro MB Basic Pay Head Information Fl: Help F2: period Company Income type Under Affect net salary Micros Name to be displayed in payslip Use for calculation of gratuity Calculation type 46 IypÅ Unity Quit Earnings for Employees Fixed Indirect Expenses Yes MB Basic No As User Defined Value Opening Balance A Accept Q Search FIO: Other Masters 161 nt to •elati c2524 9b89b -c082 Hub" , " : "6b 9b89b -c082 tion_ 24978 isten corre 2fcfc nning ' , "sou Oad7- age" , " : "6b ( on I-Apr-26) : D: Delete W: Show All Periods Configure Windows Server 2025 Datacenter Build 26100.ge_release240331-1435 9:42 PM 10/8/2026
[keys] '{ENTER}' -> Tally 'TallyPrime:9000'
[shot] mh-0501-P1-w8 (1024x768)
[mh] mh-0501-P1-w8: field 273,380,46x16 left 'Use for calculation of gratuity' heads 'MB Basic / Yes / Indirect Expenses' value '' (boxes: 273,380,46x16[Use for calculation of gratuity|MB Basic/Yes/Indirect Expenses]) | TallyPrime MANAGE Recyc EDU K: Company Pa Head Creation Y: Data Z: Exchange O: Import FinCom • ke Co E: Export M: Share P: Print Total Opening Balance Name (alias) Firefo Googl Pay head type Chro MB Basic Pay Head Information Fl: Help F2: period Company Income type Under Affect net salary Micros Name to be displayed in payslip Use for calculation of gratuity Calculation type 46 IypÅ Unity Quit Earnings for Employees Fixed Indirect Expenses Yes MB Basic As User Defined Value Opening Balance A Accept Q Search FIO: Other Masters 161 nt to •elati c2524 9b89b -c082 Hub" , " : "6b 9b89b -c082 tion_ 24978 isten corre 2fcfc nning ' , "sou Oad7- age" , " : "6b ( on I-Apr-26) : D: Delete W: Show All Periods Configure Windows Server 2025 Datacenter Build 26100.ge_release240331-1435 9:42 PM 10/8/2026
[keys] '{ENTER}' -> Tally 'TallyPrime:9000'
[shot] mh-0502-P1-w9 (1024x768)
[mh] mh-0502-P1-w9: field 273,398,168x16 left 'Calculation type' heads 'No / MB Basic / Yes' value 'As User Defined Value' (boxes: 273,398,168x16[Calculation type|No/MB Basic/Yes]) | TallyPrime MANAGE Recyc EDU K: Company Pa Head Creation Y: Data Z: Exchange O: Import FinCom • ke Co E: Export M: Share P: Print Total Opening Balance Name (alias) Firefo Googl Pay head type Chro MB Basic Pay Head Information Fl: Help F2: period Company Income type Under Affect net salary Micros Name to be displayed in payslip Use for calculation of gratuity Calculation type 46 IypÅ Unity Quit Earnings for Employees Fixed Indirect Expenses Yes MB Basic No As User Defined Value Opening Balance A Accept Q Search FIO: T of Calculations As Computed Value As User Defined Value Flat Rate On Attendance On Production ( on I-Apr-26) : D: Delete Other Masters W: Show All Periods Configure 161 nt to •elati c2524 9b89b -c082 Hub" , " : "6b 9b89b -c082 tion_ 24978 isten corre 2fcfc nning ' , "sou Oad7- age" , " : "6b Windows Server 2025 Datacenter Build 26100.ge_release240331-1435 9:42 PM 10/8/2026
[mh] P1 rule 4 (Calculation type) on 'Calculation type|No': keys 'As User Defined Value{ENTER}'
[keys] 'As User Defined Value' -> Tally 'TallyPrime:9000'
[keys] '{ENTER}' -> Tally 'TallyPrime:9000'
[shot] mh-0503-P1-before-save (1024x768)
[mh] mh-0503-P1-before-save: field 531,630,69x16 left '( on I-Apr-26)' heads '' value '' (boxes: 531,630,69x16[( on I-Apr-26)|]) | TallyPrime MANAGE Recyc EDU K: Company Pa Head Creation Y: Data Z: Exchange O: Import FinCom • ke Co E: Export M: Share P: Print Total Opening Balance Name (alias) Firefo Googl Pay head type Chro MB Basic Pay Head Information Fl: Help F2: period Company Income type Under Affect net salary Micros Name to be displayed in payslip Use for calculation of gratuity Calculation type 46 IypÅ Unity Quit Earnings for Employees Fixed Indirect Expenses Yes MB Basic No As User Defined Value Opening Balance A Accept Q Search FIO: Other Masters 161 nt to •elati c2524 9b89b -c082 Hub" , " : "6b 9b89b -c082 tion_ 24978 isten corre 2fcfc nning ' , "sou Oad7- age" , " : "6b ( on I-Apr-26) : D: Delete W: Show All Periods Configure Windows Server 2025 Datacenter Build 26100.ge_release240331-1435 9:42 PM 10/8/2026
[keys] '' -> Tally 'TallyPrime:9000'
[shot] mh-0504-P1-saved1 (1024x768)
[mh] mh-0504-P1-saved1: field 139,113,245x16 left 'Name' heads 'Pa Head Creation / K: Company / Y: Data' value '' (boxes: 139,113,245x16[Name|Pa Head Creation/K: Company/Y: Data]) | TallyPrime MANAGE Recyc EDU K: Company Y: Data Z: Exchange O: Import Pa Head Creation Name (alias) Firefo Googl Pay head type Chro Income type Under Affect net salary Micros FinCom Spike Co E: Export M: Share P: Print Total Opening Balance Fl: Help F2: period Company Pay Head Information Earnings for Employees Fixed Direct Expenses Yes FIO: Name to be displayed in payslip Use for calculation of gratuity Calculation type 46 IypÅ Unity Quit Other Masters No As User Defined Value Opening Balance A Accept Q Search 161 nt to •elati c2524 9b89b -c082 Hub" , " : "6b 9b89b -c082 tion_ 24978 isten corre 2fcfc nning ' , "sou Oad7- age" , " : "6b ( on I-Apr-26) : D: Delete W: Show All Periods Configure Windows Server 2025 Datacenter Build 26100.ge_release240331-1435 9:42 PM 10/8/2026
[shot] tds-306-mgw0 (1024x768)
[21:42:15] [tds] screen tds-306-mgw0 : TallyPrime MANAGE Recyc EDU K: Company Y: Data Z: Exchange O: Import Pa Head Creation Name (alias) Firefo Googl Pay head type Chro Income type Under Affect net salary Micros FinCom Spike Co E: Export M: Share P: Print Total Opening Balance Fl: Help F2: period Company Pay Head Information Earnings for Employees Fixed Direct Expenses Yes FIO: Name to be displayed in payslip Use for calculation of gratuity Calculation type 46 IypÅ Unity Quit Other Masters No As User Defined Value Opening Balance A Accept Q Search 161 nt to •elati c2524 9b89b -c082 Hub" , " : "6b 9b89b -c082 tion_ 24978 isten corr...
[keys] '{ESC}' -> Tally 'TallyPrime:9000'
[shot] tds-307-mgw1 (1024x768)
[21:42:18] [tds] screen tds-307-mgw1 : TallyPrime MANAGE Recyc EDU K: Company Y: Data Z: Exchange FinCom Spike Co O: Import Pa Head Creation Name (alias) Firefo Googl Pay head type Chro Income type Under Affect net salary Micros E: Export M: Share P: Print Total Opening Balance Quit o Yes or No Fl: Help F2: period F3: Company Pay Head Information Earnings for Employees Fixed Direct Expenses Yes FIO Name to be displayed in payslip Use for calculation of gratuity Calculation type 46 IypÅ Unity Q: Quit : Other Masters No As User Defined Value Opening Balance A: Accept Q Search W: Show All Periods 161 nt to •elati c2524 9b89b -c082 Hub...
[keys] 'n' -> Tally 'TallyPrime:9000'
[shot] tds-308-mgw2 (1024x768)
[21:42:21] [tds] screen tds-308-mgw2 : TallyPrime MANAGE Recyc EDU K: Company Y: Data Z: Exchange O: Import Pa Head Creation Name (alias) Firefo Googl Pay head type Chro Income type Under Affect net salary Micros FinCom Spike Co E: Export M: Share P: Print Total Opening Balance Fl: Help F2: period Company Pay Head Information Earnings for Employees Fixed Direct Expenses Yes FIO: Name to be displayed in payslip Use for calculation of gratuity Calculation type 46 IypÅ Unity Quit Other Masters No As User Defined Value Opening Balance A Accept Q Search 161 nt to •elati c2524 9b89b -c082 Hub" , " : "6b 9b89b -c082 tion_ 24978 isten corr...
[keys] '{ESC}' -> Tally 'TallyPrime:9000'
[shot] tds-309-mgw3 (1024x768)
[21:42:24] [tds] screen tds-309-mgw3 : TallyPrime MANAGE Recyc EDU K: Company Y: Data Z: Exchange FinCom Spike Co O: Import Pa Head Creation Name (alias) Firefo Googl Pay head type Chro Income type Under Affect net salary Micros E: Export M: Share P: Print Total Opening Balance Quit o Yes or No Fl: Help F2: period F3: Company Pay Head Information Earnings for Employees Fixed Direct Expenses Yes FIO Name to be displayed in payslip Use for calculation of gratuity Calculation type 46 IypÅ Unity Q: Quit : Other Masters No As User Defined Value Opening Balance A: Accept Q Search W: Show All Periods 161 nt to •elati c2524 9b89b -c082 Hub...
[keys] 'n' -> Tally 'TallyPrime:9000'
[shot] tds-310-mgw4 (1024x768)
[21:42:27] [tds] screen tds-310-mgw4 : TallyPrime MANAGE Recyc EDU K: Company Y: Data Z: Exchange O: Import Pa Head Creation Name (alias) Firefo Googl Pay head type Chro Income type Under Affect net salary Micros FinCom Spike Co E: Export M: Share P: Print Total Opening Balance Fl: Help F2: period Company Pay Head Information Earnings for Employees Fixed Direct Expenses Yes FIO: Name to be displayed in payslip Use for calculation of gratuity Calculation type 46 IypÅ Unity Quit Other Masters No As User Defined Value Opening Balance A Accept Q Search 161 nt to •elati c2524 9b89b -c082 Hub" , " : "6b 9b89b -c082 tion_ 24978 isten corr...
[keys] '{ESC}' -> Tally 'TallyPrime:9000'
[shot] tds-311-mgw5 (1024x768)
[21:42:30] [tds] screen tds-311-mgw5 : TallyPrime MANAGE Recyc EDU K: Company Y: Data Z: Exchange FinCom Spike Co O: Import Pa Head Creation Name (alias) Firefo Googl Pay head type Chro Income type Under Affect net salary Micros E: Export M: Share P: Print Total Opening Balance Quit o Yes or No Fl: Help F2: period F3: Company Pay Head Information Earnings for Employees Fixed Direct Expenses Yes FIO Name to be displayed in payslip Use for calculation of gratuity Calculation type 46 IypÅ Unity Q: Quit : Other Masters No As User Defined Value Opening Balance A: Accept Q Search W: Show All Periods 161 nt to •elati c2524 9b89b -c082 Hub...
[keys] 'n' -> Tally 'TallyPrime:9000'
[shot] tds-312-mgw6 (1024x768)
[21:42:33] [tds] screen tds-312-mgw6 : TallyPrime MANAGE Recyc EDU K: Company Y: Data Z: Exchange O: Import Pa Head Creation Name (alias) Firefo Googl Pay head type Chro Income type Under Affect net salary Micros FinCom Spike Co E: Export M: Share P: Print Total Opening Balance Fl: Help F2: period Company Pay Head Information Earnings for Employees Fixed Direct Expenses Yes FIO: Name to be displayed in payslip Use for calculation of gratuity Calculation type 46 IypÅ Unity Quit Other Masters No As User Defined Value Opening Balance A Accept Q Search 161 nt to •elati c2524 9b89b -c082 Hub" , " : "6b 9b89b -c082 tion_ 24978 isten corr...
[keys] '{ESC}' -> Tally 'TallyPrime:9000'
[shot] tds-313-mgw7 (1024x768)
[21:42:36] [tds] screen tds-313-mgw7 : TallyPrime MANAGE Recyc EDU K: Company Y: Data Z: Exchange FinCom Spike Co O: Import Pa Head Creation Name (alias) Firefo Googl Pay head type Chro Income type Under Affect net salary Micros E: Export M: Share P: Print Total Opening Balance Quit o Yes or No Fl: Help F2: period F3: Company Pay Head Information Earnings for Employees Fixed Direct Expenses Yes FIO Name to be displayed in payslip Use for calculation of gratuity Calculation type 46 IypÅ Unity Q: Quit : Other Masters No As User Defined Value Opening Balance A: Accept Q Search W: Show All Periods 161 nt to •elati c2524 9b89b -c082 Hub...
[keys] 'n' -> Tally 'TallyPrime:9000'
[21:42:39] [tds] the Gateway not reached (after P1-create-user-defined): Tally started again
[keys] 'a' -> Tally 'TallyPrime:9000'
[keys] 't' -> Tally 'TallyPrime:9000'
[shot] tds-314-mh-start-0 (1024x768)
[21:43:13] [tds] screen tds-314-mh-start-0 : TallyPrime MANAGE Recyc EDU K: Company Gatewa of Tall Y: Data Z: Exchange CURRENT OATE Wednesday, I-Apr-2026 O: Import E: Export M: Share p: print Fl: Help Date Company Firefo Googl Chro Micros 46 IypÅ Unity CURRENT PERIOD I-Apr-26 to 31-Mar-27 NAME OF COMPANY FinCom Spike Co Gateway of Tally MASTERS Create Alter CHart of Accounts TRANSACTIONS Vouchers Day 800K UTILITIES BaNking REPORTS Balance Sheet Profit & Loss A/c Stock Summary Ratio Analysis Display More Reports DashbOard Quit 161 nt to •elati c2524 9b89b -c082 Hub" , " : "6b 9b89b -c082 tion_ 24978 isten corre 2fcfc nning ' , "sou Oad7- ...
  INFO mh B P1-create-user-defined: stored as typed True; error ''; Ctrl+A 48.1 ms; add-on lines: none
[21:43:14] ---- mh B P2-create-computed-slab (Pay Head 'MB HRA')
[shot] tds-315-mgw0 (1024x768)
[21:43:14] [tds] screen tds-315-mgw0 : TallyPrime MANAGE Recyc EDU K: Company Gatewa of Tall Y: Data Z: Exchange CURRENT OATE Wednesday, I-Apr-2026 O: Import E: Export M: Share p: print Fl: Help Date Company Firefo Googl Chro Micros 46 IypÅ Unity CURRENT PERIOD I-Apr-26 to 31-Mar-27 NAME OF COMPANY FinCom Spike Co Gateway of Tally MASTERS Create Alter CHart of Accounts TRANSACTIONS Vouchers Day 800K UTILITIES BaNking REPORTS Balance Sheet Profit & Loss A/c Stock Summary Ratio Analysis Display More Reports DashbOard Quit 161 nt to •elati c2524 9b89b -c082 Hub" , " : "6b 9b89b -c082 tion_ 24978 isten corre 2fcfc nning ' , "sou Oad7- ...
[keys] 'c' -> Tally 'TallyPrime:9000'
[keys] '{BACKSPACE}{BACKSPACE}{BACKSPACE}{BACKSPACE}{BACKSPACE}{BACKSPACE}{BACKSPACE}{BACKSPACE}{BACKSPACE}{BACKSPACE}{BACKSPACE}{BACKSPACE}{BACKSPACE}{BACKSPACE}{BACKSPACE}{BACKSPACE}{BACKSPACE}{BACKSPACE}{BACKSPACE}{BACKSPACE}' -> Tally 'TallyPrime:9000'
[keys] 'Pay Head' -> Tally 'TallyPrime:9000'
[keys] '{ENTER}' -> Tally 'TallyPrime:9000'
[shot] mh-0505-P2-form (1024x768)
[mh] mh-0505-P2-form: field 139,113,245x16 left 'Name' heads 'Pa Head Creation / K: Company / Y: Data' value '' (boxes: 139,113,245x16[Name|Pa Head Creation/K: Company/Y: Data]) | TallyPrime MANAGE Recyc EDU K: Company Y: Data Z: Exchange O: Import Pa Head Creation Name (alias) Firefo Googl Pay head type Chro Income type Under Affect net salary Micros FinCom Spike Co E: Export M: Share P: Print Total Opening Balance Fl: Help F2: period Company Pay Head Information Earnings for Employees Fixed Direct Expenses Yes FIO: Name to be displayed in payslip Use for calculation of gratuity Calculation type 46 IypÅ Unity Quit Other Masters No As User Defined Value Opening Balance A Accept Q Search 161 nt to •elati c2524 9b89b -c082 Hub" , " : "6b 9b89b -c082 tion_ 24978 isten corre 2fcfc nning ' , "sou Oad7- age" , " : "6b ( on I-Apr-26) : D: Delete W: Show All Periods Configure Windows Server 2025 Datacenter Build 26100.ge_release240331-1435 9:43 PM 10/8/2026
[shot] mh-0506-P2-w1 (1024x768)
[mh] mh-0506-P2-w1: field 139,113,245x16 left 'Name' heads 'Pa Head Creation / K: Company / Y: Data' value '' (boxes: 139,113,245x16[Name|Pa Head Creation/K: Company/Y: Data]) | TallyPrime MANAGE Recyc EDU K: Company Y: Data Z: Exchange O: Import Pa Head Creation Name (alias) Firefo Googl Pay head type Chro Income type Under Affect net salary Micros FinCom Spike Co E: Export M: Share P: Print Total Opening Balance Fl: Help F2: period Company Pay Head Information Earnings for Employees Fixed Direct Expenses Yes FIO: Name to be displayed in payslip Use for calculation of gratuity Calculation type 46 IypÅ Unity Quit Other Masters No As User Defined Value Opening Balance A Accept Q Search 161 nt to •elati c2524 9b89b -c082 Hub" , " : "6b 9b89b -c082 tion_ 24978 isten corre 2fcfc nning ' , "sou Oad7- age" , " : "6b ( on I-Apr-26) : D: Delete W: Show All Periods Configure Windows Server 2025 Datacenter Build 26100.ge_release240331-1435 9:43 PM 10/8/2026
[mh] P2 rule 0 ((^|\W)Name$) on 'Name|Pa Head Creation': keys 'MB HRA{ENTER}'
[keys] 'MB HRA' -> Tally 'TallyPrime:9000'
[keys] '{ENTER}' -> Tally 'TallyPrime:9000'
[shot] mh-0507-P2-w2 (1024x768)
[mh] mh-0507-P2-w2: field 139,131,245x16 left '' heads 'MB HRA / Pa Head Creation / K: Company' value '' (boxes: 139,131,245x16[|MB HRA/Pa Head Creation/K: Company]) | TallyPrime MANAGE Recyc EDU K: Company Pa Head Creation Y: Data Z: Exchange O: Import FinCom • ke Co E: Export M: Share P: Print Total Opening Balance Name Firefo Googl Pay head type Chro MB HRA Pay Head Information Fl: Help F2: period Company Income type Under Affect net salary Micros Name to be displayed in payslip Use for calculation of gratuity Calculation type 46 IypÅ Unity Quit Earnings for Employees Fixed Direct Expenses Yes MB HRA No As User Defined Value Opening Balance A Accept Q Search FIO: Other Masters 161 nt to •elati c2524 9b89b -c082 Hub" , " : "6b 9b89b -c082 tion_ 24978 isten corre 2fcfc nning ' , "sou Oad7- age" , " : "6b ( on I-Apr-26) : D: Delete W: Show All Periods Configure Windows Server 2025 Datacenter Build 26100.ge_release240331-1435 9:43 PM 10/8/2026
[keys] '{ENTER}' -> Tally 'TallyPrime:9000'
[shot] mh-0508-P2-w3 (1024x768)
[mh] mh-0508-P2-w3: field 273,262,168x16 left 'Pay head type' heads 'Pay Head Information / FinCom • ke Co / Z: Exchange' value '' (boxes: 273,262,168x16[Pay head type|Pay Head Information/FinCom • ke Co/Z: Exchange]) | TallyPrime MANAGE Recyc EDU K: Company Pa Head Creation Y: Data Z: Exchange FinCom • ke Co List of Pa Head T • Not Applicable O: Import S E: Export M: Share P: Print Total Opening Balance Name (alias) Firefo Googl MB HRA Pay Head Information Fl: Help F2: period Company Pay head type Chro Income type Under Affect net salary Micros Name to be displayed in payslip Use for calculation of gratuity Calculation type 46 IypÅ Unity Quit Fixed Direct Expenses Yes MB HRA No As User Defined Value Opening Balance A Accept Q Search Deductions From Employees Earnings for Employees Employees' Statutory Deductions Employeis Statutory Contributions Gratuity Loans and Advances Reimbursements to Employees ( on I-Apr-26) : D: Delete FIO: Other Masters W: Show All Periods Configure 161 nt to •elati c2524 9b89b -c082 Hub" , " : "6b 9b89b -c082 tion_ 24978 isten corre 2fcfc nning ' , "sou Oad7- age" , " : "6b Windows Server 2025 Datacenter Build 26100.ge_release240331-1435 9:43 PM 10/8/2026
[mh] P2 rule 1 (Pay ?head type) on 'Pay head type|Pay Head Information': keys 'Earnings for Employees{ENTER}'
[keys] 'Earnings for Employees' -> Tally 'TallyPrime:9000'
[keys] '{ENTER}' -> Tally 'TallyPrime:9000'
[shot] mh-0509-P2-w4 (1024x768)
[mh] mh-0509-P2-w4: field 273,284,168x16 left 'Income type' heads 'Earnings for Employees / Pay Head Information / FinCom • ke Co' value '' (boxes: 273,284,168x16[Income type|Earnings for Employees/Pay Head Information/FinCom • ke Co]) | TallyPrime MANAGE Recyc EDU K: Company Pa Head Creation Y: Data Z: Exchange O: Import FinCom • ke Co E: Export M: Share P: Print Total Opening Balance Name (alias) Firefo Googl Pay head type Chro Income type Under MB HRA Pay Head Information Fl: Help F2: period Company Affect net salary Micros Name to be displayed in payslip Use for calculation of gratuity Calculation type 46 IypÅ Unity Quit Earnings for Employees Direct Expenses Yes MB HRA No As User Defined Value Opening Balance A Accept Q Search Income TV Fixed Variable ( on I-Apr-26) : FIO: Other Masters W: Show All Periods Configure 161 nt to •elati c2524 9b89b -c082 Hub" , " : "6b 9b89b -c082 tion_ 24978 isten corre 2fcfc nning ' , "sou Oad7- age" , " : "6b D: Delete Windows Server 2025 Datacenter Build 26100.ge_release240331-1435 9:43 PM 10/8/2026
[keys] '{ENTER}' -> Tally 'TallyPrime:9000'
[shot] mh-0510-P2-w5 (1024x768)
[mh] mh-0510-P2-w5: field 273,302,168x16 left 'Under' heads 'Fixed / Earnings for Employees / Pay Head Information' value 'Direct Ex nses' (boxes: 273,302,168x16[Under|Fixed/Earnings for Employees/Pay Head Information]) | TallyPrime MANAGE Recyc EDU K: Company Pa Head Creation Y: Data Z: Exchange FinCom • ke Co O: Import E: Export List of Grou s Direct Expenses Expenses (Direct) Expenses (Indirect) Indirect Expenses M: Share Name (alias) Firefo Googl Pay head type Chro MB HRA Pay Head Information p: print x Create Fl: Help F2: period Company Misc. D: Delete Expenses (ASSET) Income type Under Affect net salary Micros Name to be displayed in payslip Use for calculation of gratuity Calculation type 46 IypÅ Unity Quit Earnings for Employees Fixed Direct Ex nses Yes MB HRA No As User Defined Value Opening Balance A Accept Q Search FIO: Other Masters 161 nt to •elati c2524 9b89b -c082 Hub" , " : "6b 9b89b -c082 tion_ 24978 isten corre 2fcfc nning ' , "sou Oad7- age" , " : "6b ( on I-Apr-26) : W: Show All Periods Configure Windows Server 2025 Datacenter Build 26100.ge_release240331-1435 9:43 PM 10/8/2026
[mh] P2 rule 2 ((^|\W)Under$) on 'Under|Fixed': keys 'Indirect Expenses{ENTER}'
[keys] 'Indirect Expenses' -> Tally 'TallyPrime:9000'
[keys] '{ENTER}' -> Tally 'TallyPrime:9000'
[shot] mh-0511-P2-w6 (1024x768)
[mh] mh-0511-P2-w6: field 273,344,46x16 left 'Affect net salary' heads 'Indirect Expenses / Fixed / Earnings for Employees' value 'Yes' (boxes: 273,344,46x16[Affect net salary|Indirect Expenses/Fixed/Earnings for Employees]) | TallyPrime MANAGE Recyc EDU K: Company Pa Head Creation Y: Data Z: Exchange O: Import FinCom • ke Co E: Export M: Share P: Print Total Opening Balance Name (alias) Firefo Googl Pay head type Chro MB HRA Pay Head Information Fl: Help F2: period Company Income type Under Affect net salary Micros Name to be displayed in payslip Use for calculation of gratuity Calculation type 46 IypÅ Unity Quit Earnings for Employees Fixed Indirect Expenses Yes MB HRA No As User Defined Value Opening Balance A Accept Q Search FIO: Other Masters 161 nt to •elati c2524 9b89b -c082 Hub" , " : "6b 9b89b -c082 tion_ 24978 isten corre 2fcfc nning ' , "sou Oad7- age" , " : "6b ( on I-Apr-26) : D: Delete W: Show All Periods Configure Windows Server 2025 Datacenter Build 26100.ge_release240331-1435 9:43 PM 10/8/2026
[mh] P2 rule 3 (Affect net salary) on 'Affect net salary|Indirect Expenses': keys 'y{ENTER}'
[keys] 'y' -> Tally 'TallyPrime:9000'
[keys] '{ENTER}' -> Tally 'TallyPrime:9000'
[shot] mh-0512-P2-w7 (1024x768)
[mh] mh-0512-P2-w7: field 273,362,168x16 left 'Name to be displayed in payslip' heads 'Yes / Indirect Expenses / Fixed' value 'MB HRA' (boxes: 273,362,168x16[Name to be displayed in payslip|Yes/Indirect Expenses/Fixed]) | TallyPrime MANAGE Recyc EDU K: Company Pa Head Creation Y: Data Z: Exchange O: Import FinCom • ke Co E: Export M: Share P: Print Total Opening Balance Name (alias) Firefo Googl Pay head type Chro MB HRA Pay Head Information Fl: Help F2: period Company Income type Under Affect net salary Micros Name to be displayed in payslip Use for calculation of gratuity Calculation type 46 IypÅ Unity Quit Earnings for Employees Fixed Indirect Expenses Yes MB HRA No As User Defined Value Opening Balance A Accept Q Search FIO: Other Masters 161 nt to •elati c2524 9b89b -c082 Hub" , " : "6b 9b89b -c082 tion_ 24978 isten corre 2fcfc nning ' , "sou Oad7- age" , " : "6b ( on I-Apr-26) : D: Delete W: Show All Periods Configure Windows Server 2025 Datacenter Build 26100.ge_release240331-1435 9:43 PM 10/8/2026
[keys] '{ENTER}' -> Tally 'TallyPrime:9000'
[shot] mh-0513-P2-w8 (1024x768)
[mh] mh-0513-P2-w8: field 273,380,46x16 left 'Use for calculation of gratuity' heads 'MB HRA / Yes / Indirect Expenses' value '' (boxes: 273,380,46x16[Use for calculation of gratuity|MB HRA/Yes/Indirect Expenses]) | TallyPrime MANAGE Recyc EDU K: Company Pa Head Creation Y: Data Z: Exchange O: Import FinCom • ke Co E: Export M: Share P: Print Total Opening Balance Name (alias) Firefo Googl Pay head type Chro MB HRA Pay Head Information Fl: Help F2: period Company Income type Under Affect net salary Micros Name to be displayed in payslip Use for calculation of gratuity Calculation type 46 IypÅ Unity Quit Earnings for Employees Fixed Indirect Expenses Yes MB HRA As User Defined Value Opening Balance A Accept Q Search FIO: Other Masters 161 nt to •elati c2524 9b89b -c082 Hub" , " : "6b 9b89b -c082 tion_ 24978 isten corre 2fcfc nning ' , "sou Oad7- age" , " : "6b ( on I-Apr-26) : D: Delete W: Show All Periods Configure Windows Server 2025 Datacenter Build 26100.ge_release240331-1435 9:43 PM 10/8/2026
[keys] '{ENTER}' -> Tally 'TallyPrime:9000'
[shot] mh-0514-P2-w9 (1024x768)
[mh] mh-0514-P2-w9: field 273,398,168x16 left 'Calculation type' heads 'No / MB HRA / Yes' value 'As User Defined Value' (boxes: 273,398,168x16[Calculation type|No/MB HRA/Yes]) | TallyPrime MANAGE Recyc EDU K: Company Pa Head Creation Y: Data Z: Exchange O: Import FinCom • ke Co E: Export M: Share P: Print Total Opening Balance Name (alias) Firefo Googl Pay head type Chro MB HRA Pay Head Information Fl: Help F2: period Company Income type Under Affect net salary Micros Name to be displayed in payslip Use for calculation of gratuity Calculation type 46 IypÅ Unity Quit Earnings for Employees Fixed Indirect Expenses Yes MB HRA No As User Defined Value Opening Balance A Accept Q Search FIO: T of Calculations As Computed Value As User Defined Value Flat Rate On Attendance On Production ( on I-Apr-26) : D: Delete Other Masters W: Show All Periods Configure 161 nt to •elati c2524 9b89b -c082 Hub" , " : "6b 9b89b -c082 tion_ 24978 isten corre 2fcfc nning ' , "sou Oad7- age" , " : "6b Windows Server 2025 Datacenter Build 26100.ge_release240331-1435 9:43 PM 10/8/2026
[mh] P2 rule 4 (Calculation type) on 'Calculation type|No': keys 'As Computed Value{ENTER}'
[keys] 'As Computed Value' -> Tally 'TallyPrime:9000'
[keys] '{ENTER}' -> Tally 'TallyPrime:9000'
[shot] mh-0515-P2-w10 (1024x768)
[mh] mh-0515-P2-w10: field 174,601,153x16 left 'Rounding Method' heads 'Rounding Off Informatio / Months' value '' (boxes: 174,601,153x16[Rounding Method|Rounding Off Informatio/Months]) | TallyPrime MANAGE Recyc EDU K: Company Pa Head Creation Y: Data Z: Exchange O: Import FinCom • ke Co E: Export M: Share P: Print Total Opening Balance Name (alias) Firefo Googl Pay head type Chro MB HRA Pay Head Information Fl: Help F2: period Company Computation Information On Current Earnings Total Income type Under Affect net salary Micros Name to be displayed in payslip Use for calculation of gratuity Calculation type Earnings for Employees Fixed Indirect Expenses Yes MB HRA No As Computed Value Months Compute Effective From upr-26 Amount Amount Up Greater Than To D: Delete Slab Type Value FIO: Other Masters Calculation period 46 IypÅ Rounding Method Unity Quit List of Round Methods Not Applicable Downward Rounding Rounding Off Informatio Normal Rounding Upward Rounding W: Show All Periods Configure 161 nt to •elati c2524 9b89b -c082 Hub" , " : "6b 9b89b -c082 tion_ 24978 isten corre 2fcfc nning ' , "sou Oad7- age" , " : "6b Opening a ance A Accept Q Search on pr-26) : Windows Server 2025 Datacenter Build 26100.ge_release240331-1435 9:43 PM 10/8/2026
[keys] '{ENTER}' -> Tally 'TallyPrime:9000'
[shot] mh-0516-P2-w11 (1024x768)
[mh] mh-0516-P2-w11: field 588,262,189x16 left 'Compute' heads 'Computation Information / Total Opening Balance / O: Import' value 'Cn Current Earnin s Total' (boxes: 588,262,189x16[Compute|Computation Information/Total Opening Balance/O: Import]) | TallyPrime MANAGE Recyc EDU K: Company Pa Head Creation Y: Data Z: Exchange O: Import FinCom • ke Co E: Export M: Share P: Print Total Opening Balance Name (alias) Firefo Googl Pay head type Chro MB HRA Pay Head Information Fl: Help F2: period Company Income type Under Affect net salary Micros Name to be displayed in payslip Use for calculation of gratuity Calculation type Earnings for Employees Fixed Indirect Expenses Yes MB HRA No As Computed Value Months Compute Effective From upr-26 ( on I-Apr-26) : Am Great Computation Information Cn Current Earnin s Total Methods of Com utation On Current Deductions Total On Current Earnings Total On Current SubTotal On Specified Formula Value FIO: Other Masters Calculation period 46 IypÅ Rounding Method Unity Quit W: Show All Periods Configure 161 nt to •elati c2524 9b89b -c082 Hub" , " : "6b 9b89b -c082 tion_ 24978 isten corre 2fcfc nning ' , "sou Oad7- age" , " : "6b Rounding Off Information Not Applicable Opening Balance A Accept Q Search D: Delete Windows Server 2025 Datacenter Build 26100.ge_release240331-1435 9:43 PM 10/8/2026
[mh] P2 rule 5 ((^|\W)Compute$) on 'Compute|Computation Information': keys '{ENTER}'
[keys] '{ENTER}' -> Tally 'TallyPrime:9000'
[shot] mh-0517-P2-w12 (1024x768)
[mh] mh-0517-P2-w12: field 461,319,73x14 left '' heads 'From / Effective / Compute' value 'I-A r-26' (boxes: 461,319,73x14[|From/Effective/Compute]) | TallyPrime MANAGE Recyc EDU K: Company Pa Head Creation Y: Data Z: Exchange O: Import FinCom • ke Co E: Export M: Share P: Print Total Opening Balance Name (alias) Firefo Googl Pay head type Chro MB HRA Pay Head Information Fl: Help F2: period Company Computation Information On Current Earnings Total Income type Under Affect net salary Micros Name to be displayed in payslip Use for calculation of gratuity Calculation type Earnings for Employees Fixed Indirect Expenses Yes MB HRA No As Computed Value Months Compute Effective From I-A r-26 ( on I-Apr-26) : Amount Amount Up Greater Than To D: Delete Slab Type Value FIO: Other Masters Calculation period 46 IypÅ Rounding Method Unity Quit W: Show All Periods Configure 161 nt to •elati c2524 9b89b -c082 Hub" , " : "6b 9b89b -c082 tion_ 24978 isten corre 2fcfc nning ' , "sou Oad7- age" , " : "6b Rounding Off Information Not Applicable Opening Balance A Accept Q Search Windows Server 2025 Datacenter Build 26100.ge_release240331-1435 9:44 PM 10/8/2026
[keys] '{ENTER}' -> Tally 'TallyPrime:9000'
[shot] mh-0518-P2-w13 (1024x768)
[mh] mh-0518-P2-w13: field 625,335,87x14 left 'Yes' heads 'To / Amount Up / On Current Earnings Total' value '' (boxes: 625,335,87x14[Yes|To/Amount Up/On Current Earnings Total]) | TallyPrime MANAGE Recyc EDU K: Company Pa Head Creation Y: Data Z: Exchange O: Import FinCom • ke Co E: Export M: Share P: Print Total Opening Balance Name (alias) Firefo Googl Pay head type Chro MB HRA Pay Head Information Fl: Help F2: period Company Computation Information On Current Earnings Total Income type Under Affect net salary Micros Name to be displayed in payslip Use for calculation of gratuity Calculation type Earnings for Employees Fixed Indirect Expenses Yes MB HRA No As Computed Value Months Compute Effective From upr-26 ( on I-Apr-26) : Amount Amount Up Greater Than To D: Delete Slab Type Value FIO: Other Masters Calculation period 46 IypÅ Rounding Method Unity Quit W: Show All Periods Configure 161 nt to •elati c2524 9b89b -c082 Hub" , " : "6b 9b89b -c082 tion_ 24978 isten corre 2fcfc nning ' , "sou Oad7- age" , " : "6b Rounding Off Information Not Applicable Opening Balance A Accept Q Search Windows Server 2025 Datacenter Build 26100.ge_release240331-1435 9:44 PM 10/8/2026
[keys] '{ENTER}' -> Tally 'TallyPrime:9000'
[shot] mh-0519-P2-w14 (1024x768)
[mh] mh-0519-P2-w14: field 714,335,73x14 left 'Yes' heads 'Amount Up Slab Type / On Current Earnings Total / Computation Information' value '' (boxes: 714,335,73x14[Yes|Amount Up Slab Type/On Current Earnings Total/Computation Information]) | TallyPrime MANAGE Recyc EDU K: Company Pa Head Creation Y: Data Z: Exchange O: Import FinCom • ke Co E: Export M: Share P: Print Total Opening Balance Name (alias) Firefo Googl Pay head type Chro MB HRA Pay Head Information Fl: Help F2: period Company Earnings for Employees Fixed Indirect Expenses Yes MB HRA No As Computed Value Months Compute Effective From upr-26 ( on I-Apr-26) : Computation Information On Current Earnings Total Amount Amount Up Slab Type Income type Under Affect net salary Micros Name to be displayed in payslip Use for calculation of gratuity Calculation type Value Greater Than D: Delete To T s of Slabs Percentage Value FIO: Other Masters Calculation period 46 IypÅ Rounding Method Unity Quit W: Show All Periods Configure 161 nt to •elati c2524 9b89b -c082 Hub" , " : "6b 9b89b -c082 tion_ 24978 isten corre 2fcfc nning ' , "sou Oad7- age" , " : "6b Rounding Off Information Not Applicable Opening Balance A Accept Q Search Windows Server 2025 Datacenter Build 26100.ge_release240331-1435 9:44 PM 10/8/2026
[mh] P2 rule 7 (Slab Type) on 'Yes|Amount Up Slab Type': keys 'Percentage{ENTER}'
[keys] 'Percentage' -> Tally 'TallyPrime:9000'
[keys] '{ENTER}' -> Tally 'TallyPrime:9000'
[shot] mh-0520-P2-w15 (1024x768)
[mh] mh-0520-P2-w15: field 789,335,51x14 left 'Percentage' heads 'Value' value '' (boxes: 789,335,51x14[Percentage|Value]) | TallyPrime MANAGE Recyc EDU K: Company Pa Head Creation Y: Data Z: Exchange O: Import FinCom • ke Co E: Export M: Share P: Print Total Opening Balance Name (alias) Firefo Googl Pay head type Chro MB HRA Pay Head Information Fl: Help F2: period Company Computation Information On Current Earnings Total Income type Under Affect net salary Micros Name to be displayed in payslip Use for calculation of gratuity Calculation type Earnings for Employees Fixed Indirect Expenses Yes MB HRA No As Computed Value Months Compute Effective From upr-26 ( on I-Apr-26) : Amount Amount Up Slab Type Percentage Value Greater Than D: Delete To FIO: Other Masters Calculation period 46 IypÅ Rounding Method Unity Quit W: Show All Periods Configure 161 nt to •elati c2524 9b89b -c082 Hub" , " : "6b 9b89b -c082 tion_ 24978 isten corre 2fcfc nning ' , "sou Oad7- age" , " : "6b Rounding Off Information Not Applicable Opening Balance A Accept Q Search Windows Server 2025 Datacenter Build 26100.ge_release240331-1435 9:44 PM 10/8/2026
[mh] P2 rule 8 (^Value|Percent) on 'Percentage|Value': keys '40{ENTER}'
[keys] '40' -> Tally 'TallyPrime:9000'
[keys] '{ENTER}' -> Tally 'TallyPrime:9000'
[shot] mh-0521-P2-w16 (1024x768)
[mh] mh-0521-P2-w16: field 461,351,73x14 left 'Yes' heads 'upr-26 / From / Effective' value '' (boxes: 461,351,73x14[Yes|upr-26/From/Effective]) | TallyPrime MANAGE Recyc EDU K: Company Pa Head Creation Y: Data Z: Exchange O: Import FinCom • ke Co E: Export M: Share P: Print Total Opening Balance Name (alias) Firefo Googl Pay head type Chro MB HRA Pay Head Information Fl: Help F2: period Company Computation Information On Current Earnings Total Income type Under Affect net salary Micros Name to be displayed in payslip Use for calculation of gratuity Calculation type Earnings for Employees Fixed Indirect Expenses Yes MB HRA No As Computed Value Months Compute Effective From upr-26 ( on I-Apr-26) : Amount Amount Up Greater Than D: Delete To Slab Type Percentage Value 40 % FIO: Other Masters Calculation period 46 IypÅ Rounding Method Unity Quit W: Show All Periods Configure 161 nt to •elati c2524 9b89b -c082 Hub" , " : "6b 9b89b -c082 tion_ 24978 isten corre 2fcfc nning ' , "sou Oad7- age" , " : "6b Rounding Off Information Not Applicable Opening Balance A Accept Q Search Windows Server 2025 Datacenter Build 26100.ge_release240331-1435 9:44 PM 10/8/2026
[keys] '{ENTER}' -> Tally 'TallyPrime:9000'
[shot] mh-0522-P2-w17 (1024x768)
[mh] mh-0522-P2-w17: field 531,630,69x16 left '( on I-Apr-26)' heads '' value '' (boxes: 531,630,69x16[( on I-Apr-26)|]) | TallyPrime MANAGE Recyc EDU K: Company Pa Head Creation Y: Data Z: Exchange O: Import FinCom • ke Co E: Export M: Share P: Print Total Opening Balance Name (alias) Firefo Googl Pay head type Chro MB HRA Pay Head Information Fl: Help F2: period Company Computation Information On Current Earnings Total Income type Under Affect net salary Micros Name to be displayed in payslip Use for calculation of gratuity Calculation type Earnings for Employees Fixed Indirect Expenses Yes MB HRA No As Computed Value Months Compute Effective From upr-26 ( on I-Apr-26) : Amount Amount Up Greater Than D: Delete To Slab Type Percentage Value 40 % FIO: Other Masters Calculation period 46 IypÅ Rounding Method Unity Quit W: Show All Periods Configure 161 nt to •elati c2524 9b89b -c082 Hub" , " : "6b 9b89b -c082 tion_ 24978 isten corre 2fcfc nning ' , "sou Oad7- age" , " : "6b Rounding Off Information Not Applicable Opening Balance A Accept Q Search Windows Server 2025 Datacenter Build 26100.ge_release240331-1435 9:44 PM 10/8/2026
[keys] '{ENTER}' -> Tally 'TallyPrime:9000'
[shot] mh-0523-P2-w18 (1024x768)
[mh] mh-0523-P2-w18: field none left '' heads '' value '' (boxes: ) | TallyPrime MANAGE Recyc EDU K: Company Pa Head Creation Y: Data Z: Exchange FinCom O: Import E: Export M: Share P: Print Total Opening Balance Name (alias) Firefo Googl Pay head type Chro MB HRA Pay Head Information Fl: Help F2: period F3: Company Computation Information On Current Earnings Total Income type Under Affect net salary Micros Name to be displayed in payslip Use for calculation of gratuity Calculation type Earnings for Employees Fixed Indirect Expenses Yes MB HRA No As Computed Value Months Compute Effective From upr-26 ( on I-Apr-26) : Amount Amount Up Greater Than To D: Delete Slab Type Percentage Value 40 % Accept Q Yes or No FIO : Other Masters Calculation period 46 IypÅ Rounding Method Unity Q: Quit W: Show All Periods 161 nt to •elati c2524 9b89b -c082 Hub" , " : "6b 9b89b -c082 tion_ 24978 isten corre 2fcfc nning ' , "sou Oad7- age" , " : "6b Rounding Off Information Not Applicable Opening Balance A: Accept Q Search F 12: Configure Windows Server 2025 Datacenter Build 26100.ge_release240331-1435 9:44 PM 10/8/2026
[mh] P2 a question is up: stop
[shot] mh-0524-P2-before-save (1024x768)
[mh] mh-0524-P2-before-save: field none left '' heads '' value '' (boxes: ) | TallyPrime MANAGE Recyc EDU K: Company Pa Head Creation Y: Data Z: Exchange FinCom O: Import E: Export M: Share P: Print Total Opening Balance Name (alias) Firefo Googl Pay head type Chro MB HRA Pay Head Information Fl: Help F2: period F3: Company Computation Information On Current Earnings Total Income type Under Affect net salary Micros Name to be displayed in payslip Use for calculation of gratuity Calculation type Earnings for Employees Fixed Indirect Expenses Yes MB HRA No As Computed Value Months Compute Effective From upr-26 ( on I-Apr-26) : Amount Amount Up Greater Than To D: Delete Slab Type Percentage Value 40 % Accept Q Yes or No FIO : Other Masters Calculation period 46 IypÅ Rounding Method Unity Q: Quit W: Show All Periods 161 nt to •elati c2524 9b89b -c082 Hub" , " : "6b 9b89b -c082 tion_ 24978 isten corre 2fcfc nning ' , "sou Oad7- age" , " : "6b Rounding Off Information Not Applicable Opening Balance A: Accept Q Search F 12: Configure Windows Server 2025 Datacenter Build 26100.ge_release240331-1435 9:44 PM 10/8/2026
[keys] '' -> Tally 'TallyPrime:9000'
[shot] mh-0525-P2-saved1 (1024x768)
[mh] mh-0525-P2-saved1: field 139,113,245x16 left 'Name' heads 'Pa Head Creation / K: Company / Y: Data' value '' (boxes: 139,113,245x16[Name|Pa Head Creation/K: Company/Y: Data]) | TallyPrime MANAGE Recyc EDU K: Company Y: Data Z: Exchange O: Import Pa Head Creation Name (alias) Firefo Googl Pay head type Chro Income type Under Affect net salary Micros FinCom Spike Co E: Export M: Share P: Print Total Opening Balance Fl: Help F2: period Company Pay Head Information Earnings for Employees Fixed Direct Expenses Yes FIO: Name to be displayed in payslip Use for calculation of gratuity Calculation type 46 IypÅ Unity Quit Other Masters No As User Defined Value Opening Balance A Accept Q Search 161 nt to •elati c2524 9b89b -c082 Hub" , " : "6b 9b89b -c082 tion_ 24978 isten corre 2fcfc nning ' , "sou Oad7- age" , " : "6b ( on I-Apr-26) : D: Delete W: Show All Periods Configure Windows Server 2025 Datacenter Build 26100.ge_release240331-1435 9:44 PM 10/8/2026
[shot] tds-316-mgw0 (1024x768)
[21:44:23] [tds] screen tds-316-mgw0 : TallyPrime MANAGE Recyc EDU K: Company Y: Data Z: Exchange O: Import Pa Head Creation Name (alias) Firefo Googl Pay head type Chro Income type Under Affect net salary Micros FinCom Spike Co E: Export M: Share P: Print Total Opening Balance Fl: Help F2: period Company Pay Head Information Earnings for Employees Fixed Direct Expenses Yes FIO: Name to be displayed in payslip Use for calculation of gratuity Calculation type 46 IypÅ Unity Quit Other Masters No As User Defined Value Opening Balance A Accept Q Search 161 nt to •elati c2524 9b89b -c082 Hub" , " : "6b 9b89b -c082 tion_ 24978 isten corr...
[keys] '{ESC}' -> Tally 'TallyPrime:9000'
[shot] tds-317-mgw1 (1024x768)
[21:44:26] [tds] screen tds-317-mgw1 : TallyPrime MANAGE Recyc EDU K: Company Y: Data Z: Exchange FinCom Spike Co O: Import Pa Head Creation Name (alias) Firefo Googl Pay head type Chro Income type Under Affect net salary Micros E: Export M: Share P: Print Total Opening Balance Quit o Yes or No Fl: Help F2: period F3: Company Pay Head Information Earnings for Employees Fixed Direct Expenses Yes FIO Name to be displayed in payslip Use for calculation of gratuity Calculation type 46 IypÅ Unity Q: Quit : Other Masters No As User Defined Value Opening Balance A: Accept Q Search W: Show All Periods 161 nt to •elati c2524 9b89b -c082 Hub...
[keys] 'n' -> Tally 'TallyPrime:9000'
[shot] tds-318-mgw2 (1024x768)
[21:44:29] [tds] screen tds-318-mgw2 : TallyPrime MANAGE Recyc EDU K: Company Y: Data Z: Exchange O: Import Pa Head Creation Name (alias) Firefo Googl Pay head type Chro Income type Under Affect net salary Micros FinCom Spike Co E: Export M: Share P: Print Total Opening Balance Fl: Help F2: period Company Pay Head Information Earnings for Employees Fixed Direct Expenses Yes FIO: Name to be displayed in payslip Use for calculation of gratuity Calculation type 46 IypÅ Unity Quit Other Masters No As User Defined Value Opening Balance A Accept Q Search 161 nt to •elati c2524 9b89b -c082 Hub" , " : "6b 9b89b -c082 tion_ 24978 isten corr...
[keys] '{ESC}' -> Tally 'TallyPrime:9000'
[shot] tds-319-mgw3 (1024x768)
[21:44:32] [tds] screen tds-319-mgw3 : TallyPrime MANAGE Recyc EDU K: Company Y: Data Z: Exchange FinCom Spike Co O: Import Pa Head Creation Name (alias) Firefo Googl Pay head type Chro Income type Under Affect net salary Micros E: Export M: Share P: Print Total Opening Balance Quit o Yes or No Fl: Help F2: period F3: Company Pay Head Information Earnings for Employees Fixed Direct Expenses Yes FIO Name to be displayed in payslip Use for calculation of gratuity Calculation type 46 IypÅ Unity Q: Quit : Other Masters No As User Defined Value Opening Balance A: Accept Q Search W: Show All Periods 161 nt to •elati c2524 9b89b -c082 Hub...
[keys] 'n' -> Tally 'TallyPrime:9000'
[shot] tds-320-mgw4 (1024x768)
[21:44:35] [tds] screen tds-320-mgw4 : TallyPrime MANAGE Recyc EDU K: Company Y: Data Z: Exchange O: Import Pa Head Creation Name (alias) Firefo Googl Pay head type Chro Income type Under Affect net salary Micros FinCom Spike Co E: Export M: Share P: Print Total Opening Balance Fl: Help F2: period Company Pay Head Information Earnings for Employees Fixed Direct Expenses Yes FIO: Name to be displayed in payslip Use for calculation of gratuity Calculation type 46 IypÅ Unity Quit Other Masters No As User Defined Value Opening Balance A Accept Q Search 161 nt to •elati c2524 9b89b -c082 Hub" , " : "6b 9b89b -c082 tion_ 24978 isten corr...
[keys] '{ESC}' -> Tally 'TallyPrime:9000'
[shot] tds-321-mgw5 (1024x768)
[21:44:38] [tds] screen tds-321-mgw5 : TallyPrime MANAGE Recyc EDU K: Company Y: Data Z: Exchange FinCom Spike Co O: Import Pa Head Creation Name (alias) Firefo Googl Pay head type Chro Income type Under Affect net salary Micros E: Export M: Share P: Print Total Opening Balance Quit o Yes or No Fl: Help F2: period F3: Company Pay Head Information Earnings for Employees Fixed Direct Expenses Yes FIO Name to be displayed in payslip Use for calculation of gratuity Calculation type 46 IypÅ Unity Q: Quit : Other Masters No As User Defined Value Opening Balance A: Accept Q Search W: Show All Periods 161 nt to •elati c2524 9b89b -c082 Hub...
[keys] 'n' -> Tally 'TallyPrime:9000'
[shot] tds-322-mgw6 (1024x768)
[21:44:41] [tds] screen tds-322-mgw6 : TallyPrime MANAGE Recyc EDU K: Company Y: Data Z: Exchange O: Import Pa Head Creation Name (alias) Firefo Googl Pay head type Chro Income type Under Affect net salary Micros FinCom Spike Co E: Export M: Share P: Print Total Opening Balance Fl: Help F2: period Company Pay Head Information Earnings for Employees Fixed Direct Expenses Yes FIO: Name to be displayed in payslip Use for calculation of gratuity Calculation type 46 IypÅ Unity Quit Other Masters No As User Defined Value Opening Balance A Accept Q Search 161 nt to •elati c2524 9b89b -c082 Hub" , " : "6b 9b89b -c082 tion_ 24978 isten corr...
[keys] '{ESC}' -> Tally 'TallyPrime:9000'
[shot] tds-323-mgw7 (1024x768)
[21:44:44] [tds] screen tds-323-mgw7 : TallyPrime MANAGE Recyc EDU K: Company Y: Data Z: Exchange FinCom Spike Co O: Import Pa Head Creation Name (alias) Firefo Googl Pay head type Chro Income type Under Affect net salary Micros E: Export M: Share P: Print Total Opening Balance Quit o Yes or No Fl: Help F2: period F3: Company Pay Head Information Earnings for Employees Fixed Direct Expenses Yes FIO Name to be displayed in payslip Use for calculation of gratuity Calculation type 46 IypÅ Unity Q: Quit : Other Masters No As User Defined Value Opening Balance A: Accept Q Search W: Show All Periods 161 nt to •elati c2524 9b89b -c082 Hub...
[keys] 'n' -> Tally 'TallyPrime:9000'
[21:44:47] [tds] the Gateway not reached (after P2-create-computed-slab): Tally started again
[keys] 'a' -> Tally 'TallyPrime:9000'
[keys] 't' -> Tally 'TallyPrime:9000'
[shot] tds-324-mh-start-0 (1024x768)
[21:45:21] [tds] screen tds-324-mh-start-0 : TallyPrime MANAGE Recyc EDU K: Company Gatewa of Tall Y: Data Z: Exchange CURRENT OATE Wednesday, I-Apr-2026 O: Import E: Export M: Share p: print Fl: Help Date Company Firefo Googl Chro Micros 46 IypÅ Unity CURRENT PERIOD I-Apr-26 to 31-Mar-27 NAME OF COMPANY FinCom Spike Co Gateway of Tally MASTERS Create Alter CHart of Accounts TRANSACTIONS Vouchers Day 800K UTILITIES BaNking REPORTS Balance Sheet Profit & Loss A/c Stock Summary Ratio Analysis Display More Reports DashbOard Quit 161 nt to •elati c2524 9b89b -c082 Hub" , " : "6b 9b89b -c082 tion_ 24978 isten corre 2fcfc nning ' , "sou Oad7- ...
  INFO mh B P2-create-computed-slab: stored as typed True; error ''; Ctrl+A 75.3 ms; add-on lines: none
[21:45:22] ---- mh B P3-create-attendance (Pay Head 'MB Attend')
[shot] tds-325-mgw0 (1024x768)
[21:45:22] [tds] screen tds-325-mgw0 : TallyPrime MANAGE Recyc EDU K: Company Gatewa of Tall Y: Data Z: Exchange CURRENT OATE Wednesday, I-Apr-2026 O: Import E: Export M: Share p: print Fl: Help Date Company Firefo Googl Chro Micros 46 IypÅ Unity CURRENT PERIOD I-Apr-26 to 31-Mar-27 NAME OF COMPANY FinCom Spike Co Gateway of Tally MASTERS Create Alter CHart of Accounts TRANSACTIONS Vouchers Day 800K UTILITIES BaNking REPORTS Balance Sheet Profit & Loss A/c Stock Summary Ratio Analysis Display More Reports DashbOard Quit 161 nt to •elati c2524 9b89b -c082 Hub" , " : "6b 9b89b -c082 tion_ 24978 isten corre 2fcfc nning ' , "sou Oad7- ...
[keys] 'c' -> Tally 'TallyPrime:9000'
[keys] '{BACKSPACE}{BACKSPACE}{BACKSPACE}{BACKSPACE}{BACKSPACE}{BACKSPACE}{BACKSPACE}{BACKSPACE}{BACKSPACE}{BACKSPACE}{BACKSPACE}{BACKSPACE}{BACKSPACE}{BACKSPACE}{BACKSPACE}{BACKSPACE}{BACKSPACE}{BACKSPACE}{BACKSPACE}{BACKSPACE}' -> Tally 'TallyPrime:9000'
[keys] 'Pay Head' -> Tally 'TallyPrime:9000'
[keys] '{ENTER}' -> Tally 'TallyPrime:9000'
[shot] mh-0526-P3-form (1024x768)
[mh] mh-0526-P3-form: field 139,113,245x16 left 'Name' heads 'Pa Head Creation / K: Company / Y: Data' value '' (boxes: 139,113,245x16[Name|Pa Head Creation/K: Company/Y: Data]) | TallyPrime MANAGE Recyc EDU K: Company Y: Data Z: Exchange O: Import Pa Head Creation Name (alias) Firefo Googl Pay head type Chro Income type Under Affect net salary Micros FinCom Spike Co E: Export M: Share P: Print Total Opening Balance Fl: Help F2: period Company Pay Head Information Earnings for Employees Fixed Direct Expenses Yes FIO: Name to be displayed in payslip Use for calculation of gratuity Calculation type 46 IypÅ Unity Quit Other Masters No As User Defined Value Opening Balance A Accept Q Search 161 nt to •elati c2524 9b89b -c082 Hub" , " : "6b 9b89b -c082 tion_ 24978 isten corre 2fcfc nning ' , "sou Oad7- age" , " : "6b ( on I-Apr-26) : D: Delete W: Show All Periods Configure Windows Server 2025 Datacenter Build 26100.ge_release240331-1435 9:45 PM 10/8/2026
[shot] mh-0527-P3-w1 (1024x768)
[mh] mh-0527-P3-w1: field 139,113,245x16 left 'Name' heads 'Pa Head Creation / K: Company / Y: Data' value '' (boxes: 139,113,245x16[Name|Pa Head Creation/K: Company/Y: Data]) | TallyPrime MANAGE Recyc EDU K: Company Y: Data Z: Exchange O: Import Pa Head Creation Name (alias) Firefo Googl Pay head type Chro Income type Under Affect net salary Micros FinCom Spike Co E: Export M: Share P: Print Total Opening Balance Fl: Help F2: period Company Pay Head Information Earnings for Employees Fixed Direct Expenses Yes FIO: Name to be displayed in payslip Use for calculation of gratuity Calculation type 46 IypÅ Unity Quit Other Masters No As User Defined Value Opening Balance A Accept Q Search 161 nt to •elati c2524 9b89b -c082 Hub" , " : "6b 9b89b -c082 tion_ 24978 isten corre 2fcfc nning ' , "sou Oad7- age" , " : "6b ( on I-Apr-26) : D: Delete W: Show All Periods Configure Windows Server 2025 Datacenter Build 26100.ge_release240331-1435 9:45 PM 10/8/2026
[mh] P3 rule 0 ((^|\W)Name$) on 'Name|Pa Head Creation': keys 'MB Attend{ENTER}'
[keys] 'MB Attend' -> Tally 'TallyPrime:9000'
[keys] '{ENTER}' -> Tally 'TallyPrime:9000'
[shot] mh-0528-P3-w2 (1024x768)
[mh] mh-0528-P3-w2: field 139,131,245x16 left '' heads 'MB Attend / Pa Head Creation / K: Company' value '' (boxes: 139,131,245x16[|MB Attend/Pa Head Creation/K: Company]) | TallyPrime MANAGE Recyc EDU K: Company Pa Head Creation Y: Data Z: Exchange O: Import FinCom • ke Co E: Export M: Share P: Print Total Opening Balance Name Firefo Googl Pay head type Chro MB Attend Pay Head Information Fl: Help F2: period Company Income type Under Affect net salary Micros Name to be displayed in payslip Use for calculation of gratuity Calculation type 46 IypÅ Unity Quit Earnings for Employees Fixed Direct Expenses Yes MB Attend No As User Defined Value Opening Balance A Accept Q Search FIO: Other Masters 161 nt to •elati c2524 9b89b -c082 Hub" , " : "6b 9b89b -c082 tion_ 24978 isten corre 2fcfc nning ' , "sou Oad7- age" , " : "6b ( on I-Apr-26) : D: Delete W: Show All Periods Configure Windows Server 2025 Datacenter Build 26100.ge_release240331-1435 9:45 PM 10/8/2026
[keys] '{ENTER}' -> Tally 'TallyPrime:9000'
[shot] mh-0529-P3-w3 (1024x768)
[mh] mh-0529-P3-w3: field 273,262,168x16 left 'Pay head type' heads 'Pay Head Information / FinCom • ke Co / Z: Exchange' value '' (boxes: 273,262,168x16[Pay head type|Pay Head Information/FinCom • ke Co/Z: Exchange]) | TallyPrime MANAGE Recyc EDU K: Company Pa Head Creation Y: Data Z: Exchange FinCom • ke Co List of Pa Head T • Not Applicable O: Import S E: Export M: Share P: Print Total Opening Balance Name (alias) Firefo Googl MB Attend Pay Head Information Fl: Help F2: period Company Pay head type Chro Income type Under Affect net salary Micros Name to be displayed in payslip Use for calculation of gratuity Calculation type 46 IypÅ Unity Quit Fixed Direct Expenses Yes MB Attend No As User Defined Value Opening Balance A Accept Q Search Deductions From Employees Earnings for Employees Employees' Statutory Deductions Employeis Statutory Contributions Gratuity Loans and Advances Reimbursements to Employees ( on I-Apr-26) : D: Delete FIO: Other Masters W: Show All Periods Configure 161 nt to •elati c2524 9b89b -c082 Hub" , " : "6b 9b89b -c082 tion_ 24978 isten corre 2fcfc nning ' , "sou Oad7- age" , " : "6b Windows Server 2025 Datacenter Build 26100.ge_release240331-1435 9:45 PM 10/8/2026
[mh] P3 rule 1 (Pay ?head type) on 'Pay head type|Pay Head Information': keys 'Earnings for Employees{ENTER}'
[keys] 'Earnings for Employees' -> Tally 'TallyPrime:9000'
[keys] '{ENTER}' -> Tally 'TallyPrime:9000'
[shot] mh-0530-P3-w4 (1024x768)
[mh] mh-0530-P3-w4: field 273,284,168x16 left 'Income type' heads 'Earnings for Employees / Pay Head Information / FinCom • ke Co' value '' (boxes: 273,284,168x16[Income type|Earnings for Employees/Pay Head Information/FinCom • ke Co]) | TallyPrime MANAGE Recyc EDU K: Company Pa Head Creation Y: Data Z: Exchange O: Import FinCom • ke Co E: Export M: Share P: Print Total Opening Balance Name (alias) Firefo Googl Pay head type Chro Income type Under MB Attend Pay Head Information Fl: Help F2: period Company Affect net salary Micros Name to be displayed in payslip Use for calculation of gratuity Calculation type 46 IypÅ Unity Quit Earnings for Employees Direct Expenses Yes MB Attend No As User Defined Value Opening Balance A Accept Q Search Income TV Fixed Variable ( on I-Apr-26) : FIO: Other Masters W: Show All Periods Configure 161 nt to •elati c2524 9b89b -c082 Hub" , " : "6b 9b89b -c082 tion_ 24978 isten corre 2fcfc nning ' , "sou Oad7- age" , " : "6b D: Delete Windows Server 2025 Datacenter Build 26100.ge_release240331-1435 9:45 PM 10/8/2026
[keys] '{ENTER}' -> Tally 'TallyPrime:9000'
[shot] mh-0531-P3-w5 (1024x768)
[mh] mh-0531-P3-w5: field 273,302,168x16 left 'Under' heads 'Fixed / Earnings for Employees / Pay Head Information' value 'Direct Ex nses' (boxes: 273,302,168x16[Under|Fixed/Earnings for Employees/Pay Head Information]) | TallyPrime MANAGE Recyc EDU K: Company Pa Head Creation Y: Data Z: Exchange FinCom • ke Co O: Import E: Export List of Grou s Direct Expenses Expenses (Direct) Expenses (Indirect) Indirect Expenses M: Share Name (alias) Firefo Googl Pay head type Chro MB Attend Pay Head Information p: print x Create Fl: Help F2: period Company Misc. D: Delete Expenses (ASSET) Income type Under Affect net salary Micros Name to be displayed in payslip Use for calculation of gratuity Calculation type 46 IypÅ Unity Quit Earnings for Employees Fixed Direct Ex nses Yes MB Attend No As User Defined Value Opening Balance A Accept Q Search FIO: Other Masters 161 nt to •elati c2524 9b89b -c082 Hub" , " : "6b 9b89b -c082 tion_ 24978 isten corre 2fcfc nning ' , "sou Oad7- age" , " : "6b ( on I-Apr-26) : W: Show All Periods Configure Windows Server 2025 Datacenter Build 26100.ge_release240331-1435 9:45 PM 10/8/2026
[mh] P3 rule 2 ((^|\W)Under$) on 'Under|Fixed': keys 'Indirect Expenses{ENTER}'
[keys] 'Indirect Expenses' -> Tally 'TallyPrime:9000'
[keys] '{ENTER}' -> Tally 'TallyPrime:9000'
[shot] mh-0532-P3-w6 (1024x768)
[mh] mh-0532-P3-w6: field 273,344,46x16 left 'Affect net salary' heads 'Indirect Expenses / Fixed / Earnings for Employees' value 'Yes' (boxes: 273,344,46x16[Affect net salary|Indirect Expenses/Fixed/Earnings for Employees]) | TallyPrime MANAGE Recyc EDU K: Company Pa Head Creation Y: Data Z: Exchange O: Import FinCom • ke Co E: Export M: Share P: Print Total Opening Balance Name (alias) Firefo Googl Pay head type Chro MB Attend Pay Head Information Fl: Help F2: period Company Income type Under Affect net salary Micros Name to be displayed in payslip Use for calculation of gratuity Calculation type 46 IypÅ Unity Quit Earnings for Employees Fixed Indirect Expenses Yes MB Attend No As User Defined Value Opening Balance A Accept Q Search FIO: Other Masters 161 nt to •elati c2524 9b89b -c082 Hub" , " : "6b 9b89b -c082 tion_ 24978 isten corre 2fcfc nning ' , "sou Oad7- age" , " : "6b ( on I-Apr-26) : D: Delete W: Show All Periods Configure Windows Server 2025 Datacenter Build 26100.ge_release240331-1435 9:45 PM 10/8/2026
[mh] P3 rule 3 (Affect net salary) on 'Affect net salary|Indirect Expenses': keys 'y{ENTER}'
[keys] 'y' -> Tally 'TallyPrime:9000'
[keys] '{ENTER}' -> Tally 'TallyPrime:9000'
[shot] mh-0533-P3-w7 (1024x768)
[mh] mh-0533-P3-w7: field 273,362,168x16 left 'Name to be displayed in payslip' heads 'Yes / Indirect Expenses / Fixed' value 'MB Attend' (boxes: 273,362,168x16[Name to be displayed in payslip|Yes/Indirect Expenses/Fixed]) | TallyPrime MANAGE Recyc EDU K: Company Pa Head Creation Y: Data Z: Exchange O: Import FinCom • ke Co E: Export M: Share P: Print Total Opening Balance Name (alias) Firefo Googl Pay head type Chro MB Attend Pay Head Information Fl: Help F2: period Company Income type Under Affect net salary Micros Name to be displayed in payslip Use for calculation of gratuity Calculation type 46 IypÅ Unity Quit Earnings for Employees Fixed Indirect Expenses Yes MB Attend No As User Defined Value Opening Balance A Accept Q Search FIO: Other Masters 161 nt to •elati c2524 9b89b -c082 Hub" , " : "6b 9b89b -c082 tion_ 24978 isten corre 2fcfc nning ' , "sou Oad7- age" , " : "6b ( on I-Apr-26) : D: Delete W: Show All Periods Configure Windows Server 2025 Datacenter Build 26100.ge_release240331-1435 9:45 PM 10/8/2026
[keys] '{ENTER}' -> Tally 'TallyPrime:9000'
[shot] mh-0534-P3-w8 (1024x768)
[mh] mh-0534-P3-w8: field 273,380,46x16 left 'Use for calculation of gratuity' heads 'MB Attend / Yes / Indirect Expenses' value '' (boxes: 273,380,46x16[Use for calculation of gratuity|MB Attend/Yes/Indirect Expenses]) | TallyPrime MANAGE Recyc EDU K: Company Pa Head Creation Y: Data Z: Exchange O: Import FinCom • ke Co E: Export M: Share P: Print Total Opening Balance Name (alias) Firefo Googl Pay head type Chro MB Attend Pay Head Information Fl: Help F2: period Company Income type Under Affect net salary Micros Name to be displayed in payslip Use for calculation of gratuity Calculation type 46 IypÅ Unity Quit Earnings for Employees Fixed Indirect Expenses Yes MB Attend As User Defined Value Opening Balance A Accept Q Search FIO: Other Masters 161 nt to •elati c2524 9b89b -c082 Hub" , " : "6b 9b89b -c082 tion_ 24978 isten corre 2fcfc nning ' , "sou Oad7- age" , " : "6b ( on I-Apr-26) : D: Delete W: Show All Periods Configure Windows Server 2025 Datacenter Build 26100.ge_release240331-1435 9:45 PM 10/8/2026
[keys] '{ENTER}' -> Tally 'TallyPrime:9000'
[shot] mh-0535-P3-w9 (1024x768)
[mh] mh-0535-P3-w9: field 273,398,168x16 left 'Calculation type' heads 'No / MB Attend / Yes' value 'As User Defined Value' (boxes: 273,398,168x16[Calculation type|No/MB Attend/Yes]) | TallyPrime MANAGE Recyc EDU K: Company Pa Head Creation Y: Data Z: Exchange O: Import FinCom • ke Co E: Export M: Share P: Print Total Opening Balance Name (alias) Firefo Googl Pay head type Chro MB Attend Pay Head Information Fl: Help F2: period Company Income type Under Affect net salary Micros Name to be displayed in payslip Use for calculation of gratuity Calculation type 46 IypÅ Unity Quit Earnings for Employees Fixed Indirect Expenses Yes MB Attend No As User Defined Value Opening Balance A Accept Q Search FIO: T of Calculations As Computed Value As User Defined Value Flat Rate On Attendance On Production ( on I-Apr-26) : D: Delete Other Masters W: Show All Periods Configure 161 nt to •elati c2524 9b89b -c082 Hub" , " : "6b 9b89b -c082 tion_ 24978 isten corre 2fcfc nning ' , "sou Oad7- age" , " : "6b Windows Server 2025 Datacenter Build 26100.ge_release240331-1435 9:45 PM 10/8/2026
[mh] P3 rule 4 (Calculation type) on 'Calculation type|No': keys 'On Attendance{ENTER}'
[keys] 'On Attendance' -> Tally 'TallyPrime:9000'
[keys] '{ENTER}' -> Tally 'TallyPrime:9000'
[shot] mh-0536-P3-w10 (1024x768)
[mh] mh-0536-P3-w10: field 273,416,168x16 left 'Attendance/leave with pay' heads 'On Attendance / No / MB Attend' value '' (boxes: 273,416,168x16[Attendance/leave with pay|On Attendance/No/MB Attend]) | TallyPrime MANAGE Recyc EDU K: Company Pa Head Creation Y: Data Z: Exchange O: Import FinCom • ke Co Name (alias) Firefo Googl Pay head type Chro MB Attend Pay Head Information E: Export M: Share P: Print Total Opening Balance Create Fl: Help F2: period Company Income type Under Affect net salary Micros Name to be displayed in payslip Use for calculation of gratuity Calculation type Attendance/leave with pay Earnings for Employees Fixed Indirect Expenses Yes MB Attend No On Attendance FIO: List of Attendance Tv Not Applicable MH Present ( on I-Apr-26) : D: Delete s Other Masters 46 IypÅ Rounding Method Unity Quit W: Show All Periods Configure 161 nt to •elati c2524 9b89b -c082 Hub" , " : "6b 9b89b -c082 tion_ 24978 isten corre 2fcfc nning ' , "sou Oad7- age" , " : "6b Rounding Off Information Not Applicable Opening Balance A Accept Q Search Windows Server 2025 Datacenter Build 26100.ge_release240331-1435 9:46 PM 10/8/2026
[mh] P3 rule 5 (Attendance.?Leave with pay) on 'Attendance/leave with pay|On Attendance': keys 'MH Present{ENTER}'
[keys] 'MH Present' -> Tally 'TallyPrime:9000'
[keys] '{ENTER}' -> Tally 'TallyPrime:9000'
[shot] mh-0537-P3-w11 (1024x768)
[mh] mh-0537-P3-w11: field 273,460,168x16 left 'Calculation period' heads 'MH Present / On Attendance / No' value '' (boxes: 273,460,168x16[Calculation period|MH Present/On Attendance/No]) | TallyPrime MANAGE Recyc EDU K: Company Pa Head Creation Y: Data Z: Exchange O: Import FinCom • ke Co E: Export M: Share P: Print Total Opening Balance Name (alias) Firefo Googl Pay head type Chro MB Attend Pay Head Information Fl: Help F2: period Company Income type Under Affect net salary Micros Name to be displayed in payslip Use for calculation of gratuity Calculation type Attendance/leave with pay Earnings for Employees Fixed Indirect Expenses Yes MB Attend No On Attendance MH Present FIO: Other Masters 46 Calculation period IypÅ Rounding Method Unity Quit List of Periods Days Fortnights Months Weeks ( on I-Apr-26) : 161 nt to •elati c2524 9b89b -c082 Hub" , " : "6b 9b89b -c082 tion_ 24978 isten corre 2fcfc nning ' , "sou Oad7- age" , " : "6b Rounding Off Information Not Applicable Opening Balance A Accept Q Search D: Delete W: Show All Periods Configure Windows Server 2025 Datacenter Build 26100.ge_release240331-1435 9:46 PM 10/8/2026
[mh] P3 rule 6 (Calculation period) on 'Calculation period|MH Present': keys 'Months{ENTER}'
[keys] 'Months' -> Tally 'TallyPrime:9000'
[keys] '{ENTER}' -> Tally 'TallyPrime:9000'
[shot] mh-0538-P3-w12 (1024x768)
[mh] mh-0538-P3-w12: field 273,478,168x16 left 'Basis of calculation (per day)' heads 'Months / MH Present / On Attendance' value '' (boxes: 273,478,168x16[Basis of calculation (per day)|Months/MH Present/On Attendance]) | TallyPrime MANAGE Recyc EDU K: Company Pa Head Creation Y: Data Z: Exchange O: Import FinCom • ke Co E: Export M: Share P: Print Total Opening Balance Name (alias) Firefo Googl Pay head type Chro MB Attend Pay Head Information Fl: Help F2: period Company Income type Under Affect net salary Micros Name to be displayed in payslip Use for calculation of gratuity Calculation type Attendance/leave with pay 46 Calculation period Basis of calculation (per day) Earnings for Employees Fixed Indirect Expenses Yes MB Attend No On Attendance MH Present Months FIO: Other Masters IypÅ Rounding Method Unity Quit Basis of Calculation As per Calendar Period User Defined User Defined Calendar Type ( on I-Apr-26) : D: Delete W: Show All Periods Configure 161 nt to •elati c2524 9b89b -c082 Hub" , " : "6b 9b89b -c082 tion_ 24978 isten corre 2fcfc nning ' , "sou Oad7- age" , " : "6b Rounding Off Information Not Applicable Opening Balance A Accept Q Search Windows Server 2025 Datacenter Build 26100.ge_release240331-1435 9:46 PM 10/8/2026
[keys] '{ENTER}' -> Tally 'TallyPrime:9000'
[shot] mh-0539-P3-w13 (1024x768)
[mh] mh-0539-P3-w13: field 174,601,153x16 left 'Rounding Method' heads 'Rounding Off Informatio / Basis of calculation (per day) / As per Calendar Period' value '' (boxes: 174,601,153x16[Rounding Method|Rounding Off Informatio/Basis of calculation (per day)/As per Calendar Period]) | TallyPrime MANAGE Recyc EDU K: Company Pa Head Creation Y: Data Z: Exchange O: Import FinCom • ke Co E: Export M: Share P: Print Total Opening Balance Name (alias) Firefo Googl Pay head type Chro MB Attend Pay Head Information Fl: Help F2: period Company Income type Under Affect net salary Micros Name to be displayed in payslip Use for calculation of gratuity Calculation type Attendance/leave with pay 46 Calculation period Basis of calculation (per day) Earnings for Employees Fixed Indirect Expenses Yes MB Attend No On Attendance MH Present Months As per Calendar Period List of Round Methods Not Applicable FIO: Other Masters IypÅ Rounding Method Unity Quit Downward Rounding Rounding Off Informatio Normal Rounding Upward Rounding 161 nt to •elati c2524 9b89b -c082 Hub" , " : "6b 9b89b -c082 tion_ 24978 isten corre 2fcfc nning ' , "sou Oad7- age" , " : "6b pr-26) : D: Delete W: Show All Periods Configure Opening a ance A Accept Q Search on Windows Server 2025 Datacenter Build 26100.ge_release240331-1435 9:46 PM 10/8/2026
[keys] '{ENTER}' -> Tally 'TallyPrime:9000'
[shot] mh-0540-P3-w14 (1024x768)
[mh] mh-0540-P3-w14: field 531,630,69x16 left '( on I-Apr-26)' heads '' value '' (boxes: 531,630,69x16[( on I-Apr-26)|]) | TallyPrime MANAGE Recyc EDU K: Company Pa Head Creation Y: Data Z: Exchange O: Import FinCom • ke Co E: Export M: Share P: Print Total Opening Balance Name (alias) Firefo Googl Pay head type Chro MB Attend Pay Head Information Fl: Help F2: period Company Income type Under Affect net salary Micros Name to be displayed in payslip Use for calculation of gratuity Calculation type Attendance/leave with pay 46 Calculation period Basis of calculation (per day) Earnings for Employees Fixed Indirect Expenses Yes MB Attend No On Attendance MH Present Months As per Calendar Period FIO: Other Masters IypÅ Rounding Method Unity Quit 161 nt to •elati c2524 9b89b -c082 Hub" , " : "6b 9b89b -c082 tion_ 24978 isten corre 2fcfc nning ' , "sou Oad7- age" , " : "6b Rounding Off Information Not Applicable Opening Balance A Accept Q Search ( on I-Apr-26) : D: Delete W: Show All Periods Configure Windows Server 2025 Datacenter Build 26100.ge_release240331-1435 9:46 PM 10/8/2026
[keys] '{ENTER}' -> Tally 'TallyPrime:9000'
[shot] mh-0541-P3-w15 (1024x768)
[mh] mh-0541-P3-w15: field none left '' heads '' value '' (boxes: ) | TallyPrime MANAGE Recyc EDU K: Company Pa Head Creation Y: Data Z: Exchange FinCom O: Import Name (alias) Firefo Googl Pay head type Chro MB Attend Pay Head Information E: Export M: Share P: Print Total Opening Balance Accept Q Yes or No Fl: Help F2: period F3: Company Income type Under Affect net salary Micros Name to be displayed in payslip Use for calculation of gratuity Calculation type Attendance/leave with pay 46 Calculation period Basis of calculation (per day) Earnings for Employees Fixed Indirect Expenses Yes MB Attend No On Attendance MH Present Months As per Calendar Period FIO : Other Masters W: Show All Periods IypÅ Rounding Method Unity Q: Quit 161 nt to •elati c2524 9b89b -c082 Hub" , " : "6b 9b89b -c082 tion_ 24978 isten corre 2fcfc nning ' , "sou Oad7- age" , " : "6b Rounding Off Information Not Applicable Opening Balance A: Accept Q Search ( on I-Apr-26) : D: Delete F 12: Configure Windows Server 2025 Datacenter Build 26100.ge_release240331-1435 9:46 PM 10/8/2026
[mh] P3 a question is up: stop
[shot] mh-0542-P3-before-save (1024x768)
[mh] mh-0542-P3-before-save: field none left '' heads '' value '' (boxes: ) | TallyPrime MANAGE Recyc EDU K: Company Pa Head Creation Y: Data Z: Exchange FinCom O: Import Name (alias) Firefo Googl Pay head type Chro MB Attend Pay Head Information E: Export M: Share P: Print Total Opening Balance Accept Q Yes or No Fl: Help F2: period F3: Company Income type Under Affect net salary Micros Name to be displayed in payslip Use for calculation of gratuity Calculation type Attendance/leave with pay 46 Calculation period Basis of calculation (per day) Earnings for Employees Fixed Indirect Expenses Yes MB Attend No On Attendance MH Present Months As per Calendar Period FIO : Other Masters W: Show All Periods IypÅ Rounding Method Unity Q: Quit 161 nt to •elati c2524 9b89b -c082 Hub" , " : "6b 9b89b -c082 tion_ 24978 isten corre 2fcfc nning ' , "sou Oad7- age" , " : "6b Rounding Off Information Not Applicable Opening Balance A: Accept Q Search ( on I-Apr-26) : D: Delete F 12: Configure Windows Server 2025 Datacenter Build 26100.ge_release240331-1435 9:46 PM 10/8/2026
[keys] '' -> Tally 'TallyPrime:9000'
[shot] mh-0543-P3-saved1 (1024x768)
[mh] mh-0543-P3-saved1: field 139,113,245x16 left 'Name' heads 'Pa Head Creation / K: Company / Y: Data' value '' (boxes: 139,113,245x16[Name|Pa Head Creation/K: Company/Y: Data]) | TallyPrime MANAGE Recyc EDU K: Company Y: Data Z: Exchange O: Import Pa Head Creation Name (alias) Firefo Googl Pay head type Chro Income type Under Affect net salary Micros FinCom Spike Co E: Export M: Share P: Print Total Opening Balance Fl: Help F2: period Company Pay Head Information Earnings for Employees Fixed Direct Expenses Yes FIO: Name to be displayed in payslip Use for calculation of gratuity Calculation type 46 IypÅ Unity Quit Other Masters No As User Defined Value Opening Balance A Accept Q Search 161 nt to •elati c2524 9b89b -c082 Hub" , " : "6b 9b89b -c082 tion_ 24978 isten corre 2fcfc nning ' , "sou Oad7- age" , " : "6b ( on I-Apr-26) : D: Delete W: Show All Periods Configure Windows Server 2025 Datacenter Build 26100.ge_release240331-1435 9:46 PM 10/8/2026
[shot] tds-326-mgw0 (1024x768)
[21:46:24] [tds] screen tds-326-mgw0 : TallyPrime MANAGE Recyc EDU K: Company Y: Data Z: Exchange O: Import Pa Head Creation Name (alias) Firefo Googl Pay head type Chro Income type Under Affect net salary Micros FinCom Spike Co E: Export M: Share P: Print Total Opening Balance Fl: Help F2: period Company Pay Head Information Earnings for Employees Fixed Direct Expenses Yes FIO: Name to be displayed in payslip Use for calculation of gratuity Calculation type 46 IypÅ Unity Quit Other Masters No As User Defined Value Opening Balance A Accept Q Search 161 nt to •elati c2524 9b89b -c082 Hub" , " : "6b 9b89b -c082 tion_ 24978 isten corr...
[keys] '{ESC}' -> Tally 'TallyPrime:9000'
[shot] tds-327-mgw1 (1024x768)
[21:46:27] [tds] screen tds-327-mgw1 : TallyPrime MANAGE Recyc EDU K: Company Y: Data Z: Exchange FinCom Spike Co O: Import Pa Head Creation Name (alias) Firefo Googl Pay head type Chro Income type Under Affect net salary Micros E: Export M: Share P: Print Total Opening Balance Quit o Yes or No Fl: Help F2: period F3: Company Pay Head Information Earnings for Employees Fixed Direct Expenses Yes FIO Name to be displayed in payslip Use for calculation of gratuity Calculation type 46 IypÅ Unity Q: Quit : Other Masters No As User Defined Value Opening Balance A: Accept Q Search W: Show All Periods 161 nt to •elati c2524 9b89b -c082 Hub...
[keys] 'n' -> Tally 'TallyPrime:9000'
[shot] tds-328-mgw2 (1024x768)
[21:46:30] [tds] screen tds-328-mgw2 : TallyPrime MANAGE Recyc EDU K: Company Y: Data Z: Exchange O: Import Pa Head Creation Name (alias) Firefo Googl Pay head type Chro Income type Under Affect net salary Micros FinCom Spike Co E: Export M: Share P: Print Total Opening Balance Fl: Help F2: period Company Pay Head Information Earnings for Employees Fixed Direct Expenses Yes FIO: Name to be displayed in payslip Use for calculation of gratuity Calculation type 46 IypÅ Unity Quit Other Masters No As User Defined Value Opening Balance A Accept Q Search 161 nt to •elati c2524 9b89b -c082 Hub" , " : "6b 9b89b -c082 tion_ 24978 isten corr...
[keys] '{ESC}' -> Tally 'TallyPrime:9000'
[shot] tds-329-mgw3 (1024x768)
[21:46:33] [tds] screen tds-329-mgw3 : TallyPrime MANAGE Recyc EDU K: Company Y: Data Z: Exchange FinCom Spike Co O: Import Pa Head Creation Name (alias) Firefo Googl Pay head type Chro Income type Under Affect net salary Micros E: Export M: Share P: Print Total Opening Balance Quit o Yes or No Fl: Help F2: period F3: Company Pay Head Information Earnings for Employees Fixed Direct Expenses Yes FIO Name to be displayed in payslip Use for calculation of gratuity Calculation type 46 IypÅ Unity Q: Quit : Other Masters No As User Defined Value Opening Balance A: Accept Q Search W: Show All Periods 161 nt to •elati c2524 9b89b -c082 Hub...
[keys] 'n' -> Tally 'TallyPrime:9000'
[shot] tds-330-mgw4 (1024x768)
[21:46:36] [tds] screen tds-330-mgw4 : TallyPrime MANAGE Recyc EDU K: Company Y: Data Z: Exchange O: Import Pa Head Creation Name (alias) Firefo Googl Pay head type Chro Income type Under Affect net salary Micros FinCom Spike Co E: Export M: Share P: Print Total Opening Balance Fl: Help F2: period Company Pay Head Information Earnings for Employees Fixed Direct Expenses Yes FIO: Name to be displayed in payslip Use for calculation of gratuity Calculation type 46 IypÅ Unity Quit Other Masters No As User Defined Value Opening Balance A Accept Q Search 161 nt to •elati c2524 9b89b -c082 Hub" , " : "6b 9b89b -c082 tion_ 24978 isten corr...
[keys] '{ESC}' -> Tally 'TallyPrime:9000'
[shot] tds-331-mgw5 (1024x768)
[21:46:39] [tds] screen tds-331-mgw5 : TallyPrime MANAGE Recyc EDU K: Company Y: Data Z: Exchange FinCom Spike Co O: Import Pa Head Creation Name (alias) Firefo Googl Pay head type Chro Income type Under Affect net salary Micros E: Export M: Share P: Print Total Opening Balance Quit o Yes or No Fl: Help F2: period F3: Company Pay Head Information Earnings for Employees Fixed Direct Expenses Yes FIO Name to be displayed in payslip Use for calculation of gratuity Calculation type 46 IypÅ Unity Q: Quit : Other Masters No As User Defined Value Opening Balance A: Accept Q Search W: Show All Periods 161 nt to •elati c2524 9b89b -c082 Hub...
[keys] 'n' -> Tally 'TallyPrime:9000'
[shot] tds-332-mgw6 (1024x768)
[21:46:42] [tds] screen tds-332-mgw6 : TallyPrime MANAGE Recyc EDU K: Company Y: Data Z: Exchange O: Import Pa Head Creation Name (alias) Firefo Googl Pay head type Chro Income type Under Affect net salary Micros FinCom Spike Co E: Export M: Share P: Print Total Opening Balance Fl: Help F2: period Company Pay Head Information Earnings for Employees Fixed Direct Expenses Yes FIO: Name to be displayed in payslip Use for calculation of gratuity Calculation type 46 IypÅ Unity Quit Other Masters No As User Defined Value Opening Balance A Accept Q Search 161 nt to •elati c2524 9b89b -c082 Hub" , " : "6b 9b89b -c082 tion_ 24978 isten corr...
[keys] '{ESC}' -> Tally 'TallyPrime:9000'
[shot] tds-333-mgw7 (1024x768)
[21:46:45] [tds] screen tds-333-mgw7 : TallyPrime MANAGE Recyc EDU K: Company Y: Data Z: Exchange FinCom Spike Co O: Import Pa Head Creation Name (alias) Firefo Googl Pay head type Chro Income type Under Affect net salary Micros E: Export M: Share P: Print Total Opening Balance Quit o Yes or No Fl: Help F2: period F3: Company Pay Head Information Earnings for Employees Fixed Direct Expenses Yes FIO Name to be displayed in payslip Use for calculation of gratuity Calculation type 46 IypÅ Unity Q: Quit : Other Masters No As User Defined Value Opening Balance A: Accept Q Search W: Show All Periods 161 nt to •elati c2524 9b89b -c082 Hub...
[keys] 'n' -> Tally 'TallyPrime:9000'
[21:46:47] [tds] the Gateway not reached (after P3-create-attendance): Tally started again
[keys] 'a' -> Tally 'TallyPrime:9000'
[keys] 't' -> Tally 'TallyPrime:9000'
[shot] tds-334-mh-start-0 (1024x768)
[21:47:22] [tds] screen tds-334-mh-start-0 : TallyPrime MANAGE Recyc EDU K: Company Gatewa of Tall Y: Data Z: Exchange CURRENT OATE Wednesday, I-Apr-2026 O: Import E: Export M: Share p: print Fl: Help Date Company Firefo Googl Chro Micros 46 IypÅ Unity CURRENT PERIOD I-Apr-26 to 31-Mar-27 NAME OF COMPANY FinCom Spike Co Gateway of Tally MASTERS Create Alter CHart of Accounts TRANSACTIONS Vouchers Day 800K UTILITIES BaNking REPORTS Balance Sheet Profit & Loss A/c Stock Summary Ratio Analysis Display More Reports DashbOard Quit 161 nt to •elati c2524 9b89b -c082 Hub" , " : "6b 9b89b -c082 tion_ 24978 isten corre 2fcfc nning ' , "sou Oad7- ...
  INFO mh B P3-create-attendance: stored as typed True; error ''; Ctrl+A 72.6 ms; add-on lines: none
[21:47:23] ---- mh B P4-create-production (Pay Head 'MB Piece')
[shot] tds-335-mgw0 (1024x768)
[21:47:23] [tds] screen tds-335-mgw0 : TallyPrime MANAGE Recyc EDU K: Company Gatewa of Tall Y: Data Z: Exchange CURRENT OATE Wednesday, I-Apr-2026 O: Import E: Export M: Share p: print Fl: Help Date Company Firefo Googl Chro Micros 46 IypÅ Unity CURRENT PERIOD I-Apr-26 to 31-Mar-27 NAME OF COMPANY FinCom Spike Co Gateway of Tally MASTERS Create Alter CHart of Accounts TRANSACTIONS Vouchers Day 800K UTILITIES BaNking REPORTS Balance Sheet Profit & Loss A/c Stock Summary Ratio Analysis Display More Reports DashbOard Quit 161 nt to •elati c2524 9b89b -c082 Hub" , " : "6b 9b89b -c082 tion_ 24978 isten corre 2fcfc nning ' , "sou Oad7- ...
[keys] 'c' -> Tally 'TallyPrime:9000'
[keys] '{BACKSPACE}{BACKSPACE}{BACKSPACE}{BACKSPACE}{BACKSPACE}{BACKSPACE}{BACKSPACE}{BACKSPACE}{BACKSPACE}{BACKSPACE}{BACKSPACE}{BACKSPACE}{BACKSPACE}{BACKSPACE}{BACKSPACE}{BACKSPACE}{BACKSPACE}{BACKSPACE}{BACKSPACE}{BACKSPACE}' -> Tally 'TallyPrime:9000'
[keys] 'Pay Head' -> Tally 'TallyPrime:9000'
[keys] '{ENTER}' -> Tally 'TallyPrime:9000'
[shot] mh-0544-P4-form (1024x768)
[mh] mh-0544-P4-form: field 139,113,245x16 left 'Name' heads 'Pa Head Creation / K: Company / Y: Data' value '' (boxes: 139,113,245x16[Name|Pa Head Creation/K: Company/Y: Data]) | TallyPrime MANAGE Recyc EDU K: Company Y: Data Z: Exchange O: Import Pa Head Creation Name (alias) Firefo Googl Pay head type Chro Income type Under Affect net salary Micros FinCom Spike Co E: Export M: Share P: Print Total Opening Balance Fl: Help F2: period Company Pay Head Information Earnings for Employees Fixed Direct Expenses Yes FIO: Name to be displayed in payslip Use for calculation of gratuity Calculation type 46 IypÅ Unity Quit Other Masters No As User Defined Value Opening Balance A Accept Q Search 161 nt to •elati c2524 9b89b -c082 Hub" , " : "6b 9b89b -c082 tion_ 24978 isten corre 2fcfc nning ' , "sou Oad7- age" , " : "6b ( on I-Apr-26) : D: Delete W: Show All Periods Configure Windows Server 2025 Datacenter Build 26100.ge_release240331-1435 9:47 PM 10/8/2026
[shot] mh-0545-P4-w1 (1024x768)
[mh] mh-0545-P4-w1: field 139,113,245x16 left 'Name' heads 'Pa Head Creation / K: Company / Y: Data' value '' (boxes: 139,113,245x16[Name|Pa Head Creation/K: Company/Y: Data]) | TallyPrime MANAGE Recyc EDU K: Company Y: Data Z: Exchange O: Import Pa Head Creation Name (alias) Firefo Googl Pay head type Chro Income type Under Affect net salary Micros FinCom Spike Co E: Export M: Share P: Print Total Opening Balance Fl: Help F2: period Company Pay Head Information Earnings for Employees Fixed Direct Expenses Yes FIO: Name to be displayed in payslip Use for calculation of gratuity Calculation type 46 IypÅ Unity Quit Other Masters No As User Defined Value Opening Balance A Accept Q Search 161 nt to •elati c2524 9b89b -c082 Hub" , " : "6b 9b89b -c082 tion_ 24978 isten corre 2fcfc nning ' , "sou Oad7- age" , " : "6b ( on I-Apr-26) : D: Delete W: Show All Periods Configure Windows Server 2025 Datacenter Build 26100.ge_release240331-1435 9:47 PM 10/8/2026
[mh] P4 rule 0 ((^|\W)Name$) on 'Name|Pa Head Creation': keys 'MB Piece{ENTER}'
[keys] 'MB Piece' -> Tally 'TallyPrime:9000'
[keys] '{ENTER}' -> Tally 'TallyPrime:9000'
[shot] mh-0546-P4-w2 (1024x768)
[mh] mh-0546-P4-w2: field 139,131,245x16 left '' heads 'MB Piece / Pa Head Creation / K: Company' value '' (boxes: 139,131,245x16[|MB Piece/Pa Head Creation/K: Company]) | TallyPrime MANAGE Recyc EDU K: Company Pa Head Creation Y: Data Z: Exchange O: Import FinCom • ke Co E: Export M: Share P: Print Total Opening Balance Name Firefo Googl Pay head type Chro MB Piece Pay Head Information Fl: Help F2: period Company Income type Under Affect net salary Micros Name to be displayed in payslip Use for calculation of gratuity Calculation type 46 IypÅ Unity Quit Earnings for Employees Fixed Direct Expenses Yes MB Piece No As User Defined Value Opening Balance A Accept Q Search FIO: Other Masters 161 nt to •elati c2524 9b89b -c082 Hub" , " : "6b 9b89b -c082 tion_ 24978 isten corre 2fcfc nning ' , "sou Oad7- age" , " : "6b ( on I-Apr-26) : D: Delete W: Show All Periods Configure Windows Server 2025 Datacenter Build 26100.ge_release240331-1435 9:47 PM 10/8/2026
[keys] '{ENTER}' -> Tally 'TallyPrime:9000'
[shot] mh-0547-P4-w3 (1024x768)
[mh] mh-0547-P4-w3: field 273,262,168x16 left 'Pay head type' heads 'Pay Head Information / FinCom • ke Co / Z: Exchange' value '' (boxes: 273,262,168x16[Pay head type|Pay Head Information/FinCom • ke Co/Z: Exchange]) | TallyPrime MANAGE Recyc EDU K: Company Pa Head Creation Y: Data Z: Exchange FinCom • ke Co List of Pa Head T • Not Applicable O: Import S E: Export M: Share P: Print Total Opening Balance Name (alias) Firefo Googl MB Piece Pay Head Information Fl: Help F2: period Company Pay head type Chro Income type Under Affect net salary Micros Name to be displayed in payslip Use for calculation of gratuity Calculation type 46 IypÅ Unity Quit Fixed Direct Expenses Yes MB Piece No As User Defined Value Opening Balance A Accept Q Search Deductions From Employees Earnings for Employees Employees' Statutory Deductions Employeis Statutory Contributions Gratuity Loans and Advances Reimbursements to Employees ( on I-Apr-26) : D: Delete FIO: Other Masters W: Show All Periods Configure 161 nt to •elati c2524 9b89b -c082 Hub" , " : "6b 9b89b -c082 tion_ 24978 isten corre 2fcfc nning ' , "sou Oad7- age" , " : "6b Windows Server 2025 Datacenter Build 26100.ge_release240331-1435 9:47 PM 10/8/2026
[mh] P4 rule 1 (Pay ?head type) on 'Pay head type|Pay Head Information': keys 'Earnings for Employees{ENTER}'
[keys] 'Earnings for Employees' -> Tally 'TallyPrime:9000'
[keys] '{ENTER}' -> Tally 'TallyPrime:9000'
[shot] mh-0548-P4-w4 (1024x768)
[mh] mh-0548-P4-w4: field 273,284,168x16 left 'Income type' heads 'Earnings for Employees / Pay Head Information / FinCom • ke Co' value '' (boxes: 273,284,168x16[Income type|Earnings for Employees/Pay Head Information/FinCom • ke Co]) | TallyPrime MANAGE Recyc EDU K: Company Pa Head Creation Y: Data Z: Exchange O: Import FinCom • ke Co E: Export M: Share P: Print Total Opening Balance Name (alias) Firefo Googl Pay head type Chro Income type Under MB Piece Pay Head Information Fl: Help F2: period Company Affect net salary Micros Name to be displayed in payslip Use for calculation of gratuity Calculation type 46 IypÅ Unity Quit Earnings for Employees Direct Expenses Yes MB Piece No As User Defined Value Opening Balance A Accept Q Search Income TV Fixed Variable ( on I-Apr-26) : FIO: Other Masters W: Show All Periods Configure 161 nt to •elati c2524 9b89b -c082 Hub" , " : "6b 9b89b -c082 tion_ 24978 isten corre 2fcfc nning ' , "sou Oad7- age" , " : "6b D: Delete Windows Server 2025 Datacenter Build 26100.ge_release240331-1435 9:47 PM 10/8/2026
[keys] '{ENTER}' -> Tally 'TallyPrime:9000'
[shot] mh-0549-P4-w5 (1024x768)
[mh] mh-0549-P4-w5: field 273,302,168x16 left 'Under' heads 'Fixed / Earnings for Employees / Pay Head Information' value 'Direct Ex nses' (boxes: 273,302,168x16[Under|Fixed/Earnings for Employees/Pay Head Information]) | TallyPrime MANAGE Recyc EDU K: Company Pa Head Creation Y: Data Z: Exchange FinCom • ke Co O: Import E: Export List of Grou s Direct Expenses Expenses (Direct) Expenses (Indirect) Indirect Expenses M: Share Name (alias) Firefo Googl Pay head type Chro MB Piece Pay Head Information p: print x Create Fl: Help F2: period Company Misc. D: Delete Expenses (ASSET) Income type Under Affect net salary Micros Name to be displayed in payslip Use for calculation of gratuity Calculation type 46 IypÅ Unity Quit Earnings for Employees Fixed Direct Ex nses Yes MB Piece No As User Defined Value Opening Balance A Accept Q Search FIO: Other Masters 161 nt to •elati c2524 9b89b -c082 Hub" , " : "6b 9b89b -c082 tion_ 24978 isten corre 2fcfc nning ' , "sou Oad7- age" , " : "6b ( on I-Apr-26) : W: Show All Periods Configure Windows Server 2025 Datacenter Build 26100.ge_release240331-1435 9:47 PM 10/8/2026
[mh] P4 rule 2 ((^|\W)Under$) on 'Under|Fixed': keys 'Indirect Expenses{ENTER}'
[keys] 'Indirect Expenses' -> Tally 'TallyPrime:9000'
[keys] '{ENTER}' -> Tally 'TallyPrime:9000'
[shot] mh-0550-P4-w6 (1024x768)
[mh] mh-0550-P4-w6: field 273,344,46x16 left 'Affect net salary' heads 'Indirect Expenses / Fixed / Earnings for Employees' value 'Yes' (boxes: 273,344,46x16[Affect net salary|Indirect Expenses/Fixed/Earnings for Employees]) | TallyPrime MANAGE Recyc EDU K: Company Pa Head Creation Y: Data Z: Exchange O: Import FinCom • ke Co E: Export M: Share P: Print Total Opening Balance Name (alias) Firefo Googl Pay head type Chro MB Piece Pay Head Information Fl: Help F2: period Company Income type Under Affect net salary Micros Name to be displayed in payslip Use for calculation of gratuity Calculation type 46 IypÅ Unity Quit Earnings for Employees Fixed Indirect Expenses Yes MB Piece No As User Defined Value Opening Balance A Accept Q Search FIO: Other Masters 161 nt to •elati c2524 9b89b -c082 Hub" , " : "6b 9b89b -c082 tion_ 24978 isten corre 2fcfc nning ' , "sou Oad7- age" , " : "6b ( on I-Apr-26) : D: Delete W: Show All Periods Configure Windows Server 2025 Datacenter Build 26100.ge_release240331-1435 9:47 PM 10/8/2026
[mh] P4 rule 3 (Affect net salary) on 'Affect net salary|Indirect Expenses': keys 'y{ENTER}'
[keys] 'y' -> Tally 'TallyPrime:9000'
[keys] '{ENTER}' -> Tally 'TallyPrime:9000'
[shot] mh-0551-P4-w7 (1024x768)
[mh] mh-0551-P4-w7: field 273,362,168x16 left 'Name to be displayed in payslip' heads 'Yes / Indirect Expenses / Fixed' value 'MB Piece' (boxes: 273,362,168x16[Name to be displayed in payslip|Yes/Indirect Expenses/Fixed]) | TallyPrime MANAGE Recyc EDU K: Company Pa Head Creation Y: Data Z: Exchange O: Import FinCom • ke Co E: Export M: Share P: Print Total Opening Balance Name (alias) Firefo Googl Pay head type Chro MB Piece Pay Head Information Fl: Help F2: period Company Income type Under Affect net salary Micros Name to be displayed in payslip Use for calculation of gratuity Calculation type 46 IypÅ Unity Quit Earnings for Employees Fixed Indirect Expenses Yes MB Piece No As User Defined Value Opening Balance A Accept Q Search FIO: Other Masters 161 nt to •elati c2524 9b89b -c082 Hub" , " : "6b 9b89b -c082 tion_ 24978 isten corre 2fcfc nning ' , "sou Oad7- age" , " : "6b ( on I-Apr-26) : D: Delete W: Show All Periods Configure Windows Server 2025 Datacenter Build 26100.ge_release240331-1435 9:47 PM 10/8/2026
[keys] '{ENTER}' -> Tally 'TallyPrime:9000'
[shot] mh-0552-P4-w8 (1024x768)
[mh] mh-0552-P4-w8: field 273,380,46x16 left 'Use for calculation of gratuity' heads 'MB Piece / Yes / Indirect Expenses' value '' (boxes: 273,380,46x16[Use for calculation of gratuity|MB Piece/Yes/Indirect Expenses]) | TallyPrime MANAGE Recyc EDU K: Company Pa Head Creation Y: Data Z: Exchange O: Import FinCom • ke Co E: Export M: Share P: Print Total Opening Balance Name (alias) Firefo Googl Pay head type Chro MB Piece Pay Head Information Fl: Help F2: period Company Income type Under Affect net salary Micros Name to be displayed in payslip Use for calculation of gratuity Calculation type 46 IypÅ Unity Quit Earnings for Employees Fixed Indirect Expenses Yes MB Piece As User Defined Value Opening Balance A Accept Q Search FIO: Other Masters 161 nt to •elati c2524 9b89b -c082 Hub" , " : "6b 9b89b -c082 tion_ 24978 isten corre 2fcfc nning ' , "sou Oad7- age" , " : "6b ( on I-Apr-26) : D: Delete W: Show All Periods Configure Windows Server 2025 Datacenter Build 26100.ge_release240331-1435 9:47 PM 10/8/2026
[keys] '{ENTER}' -> Tally 'TallyPrime:9000'
[shot] mh-0553-P4-w9 (1024x768)
[mh] mh-0553-P4-w9: field 273,398,168x16 left 'Calculation type' heads 'No / MB Piece / Yes' value 'As User Defined Value' (boxes: 273,398,168x16[Calculation type|No/MB Piece/Yes]) | TallyPrime MANAGE Recyc EDU K: Company Pa Head Creation Y: Data Z: Exchange O: Import FinCom • ke Co E: Export M: Share P: Print Total Opening Balance Name (alias) Firefo Googl Pay head type Chro MB Piece Pay Head Information Fl: Help F2: period Company Income type Under Affect net salary Micros Name to be displayed in payslip Use for calculation of gratuity Calculation type 46 IypÅ Unity Quit Earnings for Employees Fixed Indirect Expenses Yes MB Piece No As User Defined Value Opening Balance A Accept Q Search FIO: T of Calculations As Computed Value As User Defined Value Flat Rate On Attendance On Production ( on I-Apr-26) : D: Delete Other Masters W: Show All Periods Configure 161 nt to •elati c2524 9b89b -c082 Hub" , " : "6b 9b89b -c082 tion_ 24978 isten corre 2fcfc nning ' , "sou Oad7- age" , " : "6b Windows Server 2025 Datacenter Build 26100.ge_release240331-1435 9:48 PM 10/8/2026
[mh] P4 rule 4 (Calculation type) on 'Calculation type|No': keys 'On Production{ENTER}'
[keys] 'On Production' -> Tally 'TallyPrime:9000'
[keys] '{ENTER}' -> Tally 'TallyPrime:9000'
[shot] mh-0554-P4-w10 (1024x768)
[mh] mh-0554-P4-w10: field 273,416,168x16 left 'Production type' heads 'On Production / No / MB Piece' value '' (boxes: 273,416,168x16[Production type|On Production/No/MB Piece]) | TallyPrime MANAGE Recyc EDU K: Company Pa Head Creation Y: Data Z: Exchange O: Import FinCom • ke Co E: Export M: Share P: Print Total Opening Balance Name (alias) Firefo Googl Pay head type Chro MB Piece Pay Head Information Fl: Help F2: period Company Income type Under Affect net salary Micros Name to be displayed in payslip Use for calculation of gratuity Calculation type Production type List of Production T 46 MH Pieces Earnings for Employees Fixed Indirect Expenses Yes MB Piece No On Production • Primary FIO: Other Masters Nos IypÅ Rounding Method Unity Quit 161 nt to •elati c2524 9b89b -c082 Hub" , " : "6b 9b89b -c082 tion_ 24978 isten corre 2fcfc nning ' , "sou Oad7- age" , " : "6b Rounding Off Information Not Applicable Opening Balance A Accept Q Search ( on I-Apr-26) : D: Delete W: Show All Periods Configure Windows Server 2025 Datacenter Build 26100.ge_release240331-1435 9:48 PM 10/8/2026
[mh] P4 rule 5 (Production type) on 'Production type|On Production': keys 'MH Pieces{ENTER}'
[keys] 'MH Pieces' -> Tally 'TallyPrime:9000'
[keys] '{ENTER}' -> Tally 'TallyPrime:9000'
[shot] mh-0555-P4-before-save (1024x768)
[mh] mh-0555-P4-before-save: field 174,601,153x16 left 'Rounding Method' heads 'Rounding Off Informatio / MH Pieces' value '' (boxes: 174,601,153x16[Rounding Method|Rounding Off Informatio/MH Pieces]) | TallyPrime MANAGE Recyc EDU K: Company Pa Head Creation Y: Data Z: Exchange O: Import FinCom • ke Co E: Export M: Share P: Print Total Opening Balance Name (alias) Firefo Googl Pay head type Chro MB Piece Pay Head Information Fl: Help F2: period Company Income type Under Affect net salary Micros Name to be displayed in payslip Use for calculation of gratuity Earnings for Employees Fixed Indirect Expenses Yes MB Piece No On Production MH Pieces List of Round Methods Not Applicable FIO: Other Masters Calculation type Production type 46 IypÅ Rounding Method Unity Quit Downward Rounding Rounding Off Informatio Normal Rounding Upward Rounding 161 nt to •elati c2524 9b89b -c082 Hub" , " : "6b 9b89b -c082 tion_ 24978 isten corre 2fcfc nning ' , "sou Oad7- age" , " : "6b pr-26) : D: Delete W: Show All Periods Configure Opening a ance A Accept Q Search on Windows Server 2025 Datacenter Build 26100.ge_release240331-1435 9:48 PM 10/8/2026
[keys] '' -> Tally 'TallyPrime:9000'
[shot] mh-0556-P4-saved1 (1024x768)
[mh] mh-0556-P4-saved1: field 139,113,245x16 left 'Name' heads 'Pa Head Creation / K: Company / Y: Data' value '' (boxes: 139,113,245x16[Name|Pa Head Creation/K: Company/Y: Data]) | TallyPrime MANAGE Recyc EDU K: Company Y: Data Z: Exchange O: Import Pa Head Creation Name (alias) Firefo Googl Pay head type Chro Income type Under Affect net salary Micros FinCom Spike Co E: Export M: Share P: Print Total Opening Balance Fl: Help F2: period Company Pay Head Information Earnings for Employees Fixed Direct Expenses Yes FIO: Name to be displayed in payslip Use for calculation of gratuity Calculation type 46 IypÅ Unity Quit Other Masters No As User Defined Value Opening Balance A Accept Q Search 161 nt to •elati c2524 9b89b -c082 Hub" , " : "6b 9b89b -c082 tion_ 24978 isten corre 2fcfc nning ' , "sou Oad7- age" , " : "6b ( on I-Apr-26) : D: Delete W: Show All Periods Configure Windows Server 2025 Datacenter Build 26100.ge_release240331-1435 9:48 PM 10/8/2026
[shot] tds-336-mgw0 (1024x768)
[21:48:13] [tds] screen tds-336-mgw0 : TallyPrime MANAGE Recyc EDU K: Company Y: Data Z: Exchange O: Import Pa Head Creation Name (alias) Firefo Googl Pay head type Chro Income type Under Affect net salary Micros FinCom Spike Co E: Export M: Share P: Print Total Opening Balance Fl: Help F2: period Company Pay Head Information Earnings for Employees Fixed Direct Expenses Yes FIO: Name to be displayed in payslip Use for calculation of gratuity Calculation type 46 IypÅ Unity Quit Other Masters No As User Defined Value Opening Balance A Accept Q Search 161 nt to •elati c2524 9b89b -c082 Hub" , " : "6b 9b89b -c082 tion_ 24978 isten corr...
[keys] '{ESC}' -> Tally 'TallyPrime:9000'
[shot] tds-337-mgw1 (1024x768)
[21:48:16] [tds] screen tds-337-mgw1 : TallyPrime MANAGE Recyc EDU K: Company Y: Data Z: Exchange FinCom Spike Co O: Import Pa Head Creation Name (alias) Firefo Googl Pay head type Chro Income type Under Affect net salary Micros E: Export M: Share P: Print Total Opening Balance Quit o Yes or No Fl: Help F2: period F3: Company Pay Head Information Earnings for Employees Fixed Direct Expenses Yes FIO Name to be displayed in payslip Use for calculation of gratuity Calculation type 46 IypÅ Unity Q: Quit : Other Masters No As User Defined Value Opening Balance A: Accept Q Search W: Show All Periods 161 nt to •elati c2524 9b89b -c082 Hub...
[keys] 'n' -> Tally 'TallyPrime:9000'
[shot] tds-338-mgw2 (1024x768)
[21:48:19] [tds] screen tds-338-mgw2 : TallyPrime MANAGE Recyc EDU K: Company Y: Data Z: Exchange O: Import Pa Head Creation Name (alias) Firefo Googl Pay head type Chro Income type Under Affect net salary Micros FinCom Spike Co E: Export M: Share P: Print Total Opening Balance Fl: Help F2: period Company Pay Head Information Earnings for Employees Fixed Direct Expenses Yes FIO: Name to be displayed in payslip Use for calculation of gratuity Calculation type 46 IypÅ Unity Quit Other Masters No As User Defined Value Opening Balance A Accept Q Search 161 nt to •elati c2524 9b89b -c082 Hub" , " : "6b 9b89b -c082 tion_ 24978 isten corr...
[keys] '{ESC}' -> Tally 'TallyPrime:9000'
[shot] tds-339-mgw3 (1024x768)
[21:48:22] [tds] screen tds-339-mgw3 : TallyPrime MANAGE Recyc EDU K: Company Y: Data Z: Exchange FinCom Spike Co O: Import Pa Head Creation Name (alias) Firefo Googl Pay head type Chro Income type Under Affect net salary Micros E: Export M: Share P: Print Total Opening Balance Quit o Yes or No Fl: Help F2: period F3: Company Pay Head Information Earnings for Employees Fixed Direct Expenses Yes FIO Name to be displayed in payslip Use for calculation of gratuity Calculation type 46 IypÅ Unity Q: Quit : Other Masters No As User Defined Value Opening Balance A: Accept Q Search W: Show All Periods 161 nt to •elati c2524 9b89b -c082 Hub...
[keys] 'n' -> Tally 'TallyPrime:9000'
[shot] tds-340-mgw4 (1024x768)
[21:48:25] [tds] screen tds-340-mgw4 : TallyPrime MANAGE Recyc EDU K: Company Y: Data Z: Exchange O: Import Pa Head Creation Name (alias) Firefo Googl Pay head type Chro Income type Under Affect net salary Micros FinCom Spike Co E: Export M: Share P: Print Total Opening Balance Fl: Help F2: period Company Pay Head Information Earnings for Employees Fixed Direct Expenses Yes FIO: Name to be displayed in payslip Use for calculation of gratuity Calculation type 46 IypÅ Unity Quit Other Masters No As User Defined Value Opening Balance A Accept Q Search 161 nt to •elati c2524 9b89b -c082 Hub" , " : "6b 9b89b -c082 tion_ 24978 isten corr...
[keys] '{ESC}' -> Tally 'TallyPrime:9000'
[shot] tds-341-mgw5 (1024x768)
[21:48:28] [tds] screen tds-341-mgw5 : TallyPrime MANAGE Recyc EDU K: Company Y: Data Z: Exchange FinCom Spike Co O: Import Pa Head Creation Name (alias) Firefo Googl Pay head type Chro Income type Under Affect net salary Micros E: Export M: Share P: Print Total Opening Balance Quit o Yes or No Fl: Help F2: period F3: Company Pay Head Information Earnings for Employees Fixed Direct Expenses Yes FIO Name to be displayed in payslip Use for calculation of gratuity Calculation type 46 IypÅ Unity Q: Quit : Other Masters No As User Defined Value Opening Balance A: Accept Q Search W: Show All Periods 161 nt to •elati c2524 9b89b -c082 Hub...
[keys] 'n' -> Tally 'TallyPrime:9000'
[shot] tds-342-mgw6 (1024x768)
[21:48:31] [tds] screen tds-342-mgw6 : TallyPrime MANAGE Recyc EDU K: Company Y: Data Z: Exchange O: Import Pa Head Creation Name (alias) Firefo Googl Pay head type Chro Income type Under Affect net salary Micros FinCom Spike Co E: Export M: Share P: Print Total Opening Balance Fl: Help F2: period Company Pay Head Information Earnings for Employees Fixed Direct Expenses Yes FIO: Name to be displayed in payslip Use for calculation of gratuity Calculation type 46 IypÅ Unity Quit Other Masters No As User Defined Value Opening Balance A Accept Q Search 161 nt to •elati c2524 9b89b -c082 Hub" , " : "6b 9b89b -c082 tion_ 24978 isten corr...
[keys] '{ESC}' -> Tally 'TallyPrime:9000'
[shot] tds-343-mgw7 (1024x768)
[21:48:34] [tds] screen tds-343-mgw7 : TallyPrime MANAGE Recyc EDU K: Company Y: Data Z: Exchange FinCom Spike Co O: Import Pa Head Creation Name (alias) Firefo Googl Pay head type Chro Income type Under Affect net salary Micros E: Export M: Share P: Print Total Opening Balance Quit o Yes or No Fl: Help F2: period F3: Company Pay Head Information Earnings for Employees Fixed Direct Expenses Yes FIO Name to be displayed in payslip Use for calculation of gratuity Calculation type 46 IypÅ Unity Q: Quit : Other Masters No As User Defined Value Opening Balance A: Accept Q Search W: Show All Periods 161 nt to •elati c2524 9b89b -c082 Hub...
[keys] 'n' -> Tally 'TallyPrime:9000'
[21:48:37] [tds] the Gateway not reached (after P4-create-production): Tally started again
[keys] 'a' -> Tally 'TallyPrime:9000'
[keys] 't' -> Tally 'TallyPrime:9000'
[shot] tds-344-mh-start-0 (1024x768)
[21:49:11] [tds] screen tds-344-mh-start-0 : TallyPrime MANAGE Recyc EDU K: Company Gatewa of Tall Y: Data Z: Exchange CURRENT OATE Wednesday, I-Apr-2026 O: Import E: Export M: Share p: print Fl: Help Date Company Firefo Googl Chro Micros 46 IypÅ Unity CURRENT PERIOD I-Apr-26 to 31-Mar-27 NAME OF COMPANY FinCom Spike Co Gateway of Tally MASTERS Create Alter CHart of Accounts TRANSACTIONS Vouchers Day 800K UTILITIES BaNking REPORTS Balance Sheet Profit & Loss A/c Stock Summary Ratio Analysis Display More Reports DashbOard Quit 161 nt to •elati c2524 9b89b -c082 Hub" , " : "6b 9b89b -c082 tion_ 24978 isten corre 2fcfc nning ' , "sou Oad7- ...
  INFO mh B P4-create-production: stored as typed True; error ''; Ctrl+A 90 ms; add-on lines: none
[21:49:12] ---- mh B P5-alter-payslip-name (Pay Head 'MB Basic')
[shot] tds-345-mgw0 (1024x768)
[21:49:12] [tds] screen tds-345-mgw0 : TallyPrime MANAGE Recyc EDU K: Company Gatewa of Tall Y: Data Z: Exchange CURRENT OATE Wednesday, I-Apr-2026 O: Import E: Export M: Share p: print Fl: Help Date Company Firefo Googl Chro Micros 46 IypÅ Unity CURRENT PERIOD I-Apr-26 to 31-Mar-27 NAME OF COMPANY FinCom Spike Co Gateway of Tally MASTERS Create Alter CHart of Accounts TRANSACTIONS Vouchers Day 800K UTILITIES BaNking REPORTS Balance Sheet Profit & Loss A/c Stock Summary Ratio Analysis Display More Reports DashbOard Quit 161 nt to •elati c2524 9b89b -c082 Hub" , " : "6b 9b89b -c082 tion_ 24978 isten corre 2fcfc nning ' , "sou Oad7- ...
[keys] 'a' -> Tally 'TallyPrime:9000'
[keys] '{BACKSPACE}{BACKSPACE}{BACKSPACE}{BACKSPACE}{BACKSPACE}{BACKSPACE}{BACKSPACE}{BACKSPACE}{BACKSPACE}{BACKSPACE}{BACKSPACE}{BACKSPACE}{BACKSPACE}{BACKSPACE}{BACKSPACE}{BACKSPACE}{BACKSPACE}{BACKSPACE}{BACKSPACE}{BACKSPACE}' -> Tally 'TallyPrime:9000'
[keys] 'Pay Head' -> Tally 'TallyPrime:9000'
[keys] '{ENTER}' -> Tally 'TallyPrime:9000'
[keys] 'MB Basic' -> Tally 'TallyPrime:9000'
[keys] '{ENTER}' -> Tally 'TallyPrime:9000'
[shot] mh-0557-P5-form (1024x768)
[mh] mh-0557-P5-form: field 139,113,245x16 left 'Name' heads 'Pa Head Alteration / K: Company / Y: Data' value '1B Basic' (boxes: 139,113,245x16[Name|Pa Head Alteration/K: Company/Y: Data]) | TallyPrime MANAGE Recyc EDU K: Company Pa Head Alteration Y: Data Z: Exchange O: Import FinCom Spike Co E: Export M: Share P: Print Total Opening Balance Name (alias) Firefo Googl Pay head type Chro 1B Basic Pay Head Information Fl: Help F2: period Company Income type Under Affect net salary Micros Name to be displayed in payslip Use for calculation of gratuity Calculation type 46 IypÅ Unity Quit Earnings for Employees Fixed Indirect Expenses Yes MB Basic No As User Defined Value Opening Balance A Accept Q Search FIO: Other Masters 161 nt to •elati c2524 9b89b -c082 Hub" , " : "6b 9b89b -c082 tion_ 24978 isten corre 2fcfc nning ' , "sou Oad7- age" , " : "6b ( on I-Apr-26) : D: Delete W: Show All Periods Configure Windows Server 2025 Datacenter Build 26100.ge_release240331-1435 9:49 PM 10/8/2026
[mh] P5 the alteration form open is '1B Basic', not 'MB Basic': left
[shot] tds-346-mgw0 (1024x768)
[21:49:29] [tds] screen tds-346-mgw0 : TallyPrime MANAGE Recyc EDU K: Company Pa Head Alteration Y: Data Z: Exchange O: Import FinCom Spike Co E: Export M: Share P: Print Total Opening Balance Name (alias) Firefo Googl Pay head type Chro 1B Basic Pay Head Information Fl: Help F2: period Company Income type Under Affect net salary Micros Name to be displayed in payslip Use for calculation of gratuity Calculation type 46 IypÅ Unity Quit Earnings for Employees Fixed Indirect Expenses Yes MB Basic No As User Defined Value Opening Balance A Accept Q Search FIO: Other Masters 161 nt to •elati c2524 9b89b -c082 Hub" , " : "6b 9b89b -c082 ...
[keys] '{ESC}' -> Tally 'TallyPrime:9000'
[shot] tds-347-mgw1 (1024x768)
[21:49:32] [tds] screen tds-347-mgw1 : TallyPrime MANAGE Recyc EDU K: Company Y: Data Z: Exchange O: Import Pa Head Alteration Name (alias) Firefo Googl Pay head type Chro Income type Under Affect net salary Micros FinCom Spike Co E: Export M: Share P: Print Total Opening Balance Fl: Help F2: period Company Pay Head Information Earnings for Employees Fixed Indirect Expenses Yes MB Basic No As User Defined Value Opening Balance A Accept Q Search FIO: Name to be displayed in payslip Use for calculation of gratuity Calculation type 46 IypÅ Unity Quit Other Masters 161 nt to •elati c2524 9b89b -c082 Hub" , " : "6b 9b89b -c082 tion_ 249...
[keys] '{ESC}' -> Tally 'TallyPrime:9000'
[shot] tds-348-mgw2 (1024x768)
[21:49:35] [tds] screen tds-348-mgw2 : TallyPrime MANAGE Recyc EDU K: Company Y: Data Z: Exchange FinCom Spike Co O: Import Pa Head Alteration Name (alias) Firefo Googl Pay head type Chro Income type Under Affect net salary Micros E: Export M: Share P: Print Total Opening Balance Quit o Yes or No Fl: Help F2: period F3: Company Pay Head Information Earnings for Employees Fixed Indirect Expenses Yes MB Basic No As User Defined Value Opening Balance A: Accept Q Search FIO Name to be displayed in payslip Use for calculation of gratuity Calculation type 46 IypÅ Unity Q: Quit : Other Masters W: Show All Periods 161 nt to •elati c2524 9b...
[keys] 'n' -> Tally 'TallyPrime:9000'
[shot] tds-349-mgw3 (1024x768)
[21:49:38] [tds] screen tds-349-mgw3 : TallyPrime MANAGE Recyc EDU K: Company Y: Data Z: Exchange O: Import Pa Head Alteration Name (alias) Firefo Googl Pay head type Chro Income type Under Affect net salary Micros FinCom Spike Co E: Export M: Share P: Print Total Opening Balance Fl: Help F2: period Company Pay Head Information Earnings for Employees Fixed Indirect Expenses Yes MB Basic No As User Defined Value Opening Balance A Accept Q Search FIO: Name to be displayed in payslip Use for calculation of gratuity Calculation type 46 IypÅ Unity Quit Other Masters 161 nt to •elati c2524 9b89b -c082 Hub" , " : "6b 9b89b -c082 tion_ 249...
[keys] '{ESC}' -> Tally 'TallyPrime:9000'
[shot] tds-350-mgw4 (1024x768)
[21:49:41] [tds] screen tds-350-mgw4 : TallyPrime MANAGE Recyc EDU K: Company Y: Data Z: Exchange FinCom Spike Co O: Import Pa Head Alteration Name (alias) Firefo Googl Pay head type Chro Income type Under Affect net salary Micros E: Export M: Share P: Print Total Opening Balance Quit o Yes or No Fl: Help F2: period F3: Company Pay Head Information Earnings for Employees Fixed Indirect Expenses Yes MB Basic No As User Defined Value Opening Balance A: Accept Q Search FIO Name to be displayed in payslip Use for calculation of gratuity Calculation type 46 IypÅ Unity Q: Quit : Other Masters W: Show All Periods 161 nt to •elati c2524 9b...
[keys] 'n' -> Tally 'TallyPrime:9000'
[shot] tds-351-mgw5 (1024x768)
[21:49:44] [tds] screen tds-351-mgw5 : TallyPrime MANAGE Recyc EDU K: Company Y: Data Z: Exchange O: Import Pa Head Alteration Name (alias) Firefo Googl Pay head type Chro Income type Under Affect net salary Micros FinCom Spike Co E: Export M: Share P: Print Total Opening Balance Fl: Help F2: period Company Pay Head Information Earnings for Employees Fixed Indirect Expenses Yes MB Basic No As User Defined Value Opening Balance A Accept Q Search FIO: Name to be displayed in payslip Use for calculation of gratuity Calculation type 46 IypÅ Unity Quit Other Masters 161 nt to •elati c2524 9b89b -c082 Hub" , " : "6b 9b89b -c082 tion_ 249...
[keys] '{ESC}' -> Tally 'TallyPrime:9000'
[shot] tds-352-mgw6 (1024x768)
[21:49:47] [tds] screen tds-352-mgw6 : TallyPrime MANAGE Recyc EDU K: Company Y: Data Z: Exchange FinCom Spike Co O: Import Pa Head Alteration Name (alias) Firefo Googl Pay head type Chro Income type Under Affect net salary Micros E: Export M: Share P: Print Total Opening Balance Quit o Yes or No Fl: Help F2: period F3: Company Pay Head Information Earnings for Employees Fixed Indirect Expenses Yes MB Basic No As User Defined Value Opening Balance A: Accept Q Search FIO Name to be displayed in payslip Use for calculation of gratuity Calculation type 46 IypÅ Unity Q: Quit : Other Masters W: Show All Periods 161 nt to •elati c2524 9b...
[keys] 'n' -> Tally 'TallyPrime:9000'
[shot] tds-353-mgw7 (1024x768)
[21:49:50] [tds] screen tds-353-mgw7 : TallyPrime MANAGE Recyc EDU K: Company Y: Data Z: Exchange O: Import Pa Head Alteration Name (alias) Firefo Googl Pay head type Chro Income type Under Affect net salary Micros FinCom Spike Co E: Export M: Share P: Print Total Opening Balance Fl: Help F2: period Company Pay Head Information Earnings for Employees Fixed Indirect Expenses Yes MB Basic No As User Defined Value Opening Balance A Accept Q Search FIO: Name to be displayed in payslip Use for calculation of gratuity Calculation type 46 IypÅ Unity Quit Other Masters 161 nt to •elati c2524 9b89b -c082 Hub" , " : "6b 9b89b -c082 tion_ 249...
[keys] '{ESC}' -> Tally 'TallyPrime:9000'
[21:49:52] [tds] the Gateway not reached (after P5-alter-payslip-name): Tally started again
[keys] 'a' -> Tally 'TallyPrime:9000'
[keys] 't' -> Tally 'TallyPrime:9000'
[shot] tds-354-mh-start-0 (1024x768)
[21:50:26] [tds] screen tds-354-mh-start-0 : TallyPrime MANAGE Recyc EDU K: Company Gatewa of Tall Y: Data Z: Exchange CURRENT OATE Wednesday, I-Apr-2026 O: Import E: Export M: Share p: print Fl: Help Date Company Firefo Googl Chro Micros 46 IypÅ Unity CURRENT PERIOD I-Apr-26 to 31-Mar-27 NAME OF COMPANY FinCom Spike Co Gateway of Tally MASTERS Create Alter CHart of Accounts TRANSACTIONS Vouchers Day 800K UTILITIES BaNking REPORTS Balance Sheet Profit & Loss A/c Stock Summary Ratio Analysis Display More Reports DashbOard Quit 161 nt to •elati c2524 9b89b -c082 Hub" , " : "6b 9b89b -c082 tion_ 24978 isten corre 2fcfc nning ' , "sou Oad7- ...
  INFO mh B P5-alter-payslip-name: stored as typed False (missing: PAYSLIPNAME=MB\ Basic\ Pay); error 'no save'; Ctrl+A -1 ms; add-on lines: none
[21:50:27] ---- mh B P5b-alter-net-salary (Pay Head 'MB Basic')
[shot] tds-355-mgw0 (1024x768)
[21:50:28] [tds] screen tds-355-mgw0 : TallyPrime MANAGE Recyc EDU K: Company Gatewa of Tall Y: Data Z: Exchange CURRENT OATE Wednesday, I-Apr-2026 O: Import E: Export M: Share p: print Fl: Help Date Company Firefo Googl Chro Micros 46 IypÅ Unity CURRENT PERIOD I-Apr-26 to 31-Mar-27 NAME OF COMPANY FinCom Spike Co Gateway of Tally MASTERS Create Alter CHart of Accounts TRANSACTIONS Vouchers Day 800K UTILITIES BaNking REPORTS Balance Sheet Profit & Loss A/c Stock Summary Ratio Analysis Display More Reports DashbOard Quit 161 nt to •elati c2524 9b89b -c082 Hub" , " : "6b 9b89b -c082 tion_ 24978 isten corre 2fcfc nning ' , "sou Oad7- ...
[keys] 'a' -> Tally 'TallyPrime:9000'
[keys] '{BACKSPACE}{BACKSPACE}{BACKSPACE}{BACKSPACE}{BACKSPACE}{BACKSPACE}{BACKSPACE}{BACKSPACE}{BACKSPACE}{BACKSPACE}{BACKSPACE}{BACKSPACE}{BACKSPACE}{BACKSPACE}{BACKSPACE}{BACKSPACE}{BACKSPACE}{BACKSPACE}{BACKSPACE}{BACKSPACE}' -> Tally 'TallyPrime:9000'
[keys] 'Pay Head' -> Tally 'TallyPrime:9000'
[keys] '{ENTER}' -> Tally 'TallyPrime:9000'
[keys] 'MB Basic' -> Tally 'TallyPrime:9000'
[keys] '{ENTER}' -> Tally 'TallyPrime:9000'
[shot] mh-0558-P5b-form (1024x768)
[mh] mh-0558-P5b-form: field 139,113,245x16 left 'Name' heads 'Pa Head Alteration / K: Company / Y: Data' value '1B Basic' (boxes: 139,113,245x16[Name|Pa Head Alteration/K: Company/Y: Data]) | TallyPrime MANAGE Recyc EDU K: Company Pa Head Alteration Y: Data Z: Exchange O: Import FinCom Spike Co E: Export M: Share P: Print Total Opening Balance Name (alias) Firefo Googl Pay head type Chro 1B Basic Pay Head Information Fl: Help F2: period Company Income type Under Affect net salary Micros Name to be displayed in payslip Use for calculation of gratuity Calculation type 46 IypÅ Unity Quit Earnings for Employees Fixed Indirect Expenses Yes MB Basic No As User Defined Value Opening Balance A Accept Q Search FIO: Other Masters 161 nt to •elati c2524 9b89b -c082 Hub" , " : "6b 9b89b -c082 tion_ 24978 isten corre 2fcfc nning ' , "sou Oad7- age" , " : "6b ( on I-Apr-26) : D: Delete W: Show All Periods Configure Windows Server 2025 Datacenter Build 26100.ge_release240331-1435 9:50 PM 10/8/2026
[mh] P5b the alteration form open is '1B Basic', not 'MB Basic': left
[shot] tds-356-mgw0 (1024x768)
[21:50:45] [tds] screen tds-356-mgw0 : TallyPrime MANAGE Recyc EDU K: Company Pa Head Alteration Y: Data Z: Exchange O: Import FinCom Spike Co E: Export M: Share P: Print Total Opening Balance Name (alias) Firefo Googl Pay head type Chro 1B Basic Pay Head Information Fl: Help F2: period Company Income type Under Affect net salary Micros Name to be displayed in payslip Use for calculation of gratuity Calculation type 46 IypÅ Unity Quit Earnings for Employees Fixed Indirect Expenses Yes MB Basic No As User Defined Value Opening Balance A Accept Q Search FIO: Other Masters 161 nt to •elati c2524 9b89b -c082 Hub" , " : "6b 9b89b -c082 ...
[keys] '{ESC}' -> Tally 'TallyPrime:9000'
[shot] tds-357-mgw1 (1024x768)
[21:50:47] [tds] screen tds-357-mgw1 : TallyPrime MANAGE Recyc EDU K: Company Y: Data Z: Exchange O: Import Pa Head Alteration Name (alias) Firefo Googl Pay head type Chro Income type Under Affect net salary Micros FinCom Spike Co E: Export M: Share P: Print Total Opening Balance Fl: Help F2: period Company Pay Head Information Earnings for Employees Fixed Indirect Expenses Yes MB Basic No As User Defined Value Opening Balance A Accept Q Search FIO: Name to be displayed in payslip Use for calculation of gratuity Calculation type 46 IypÅ Unity Quit Other Masters 161 nt to •elati c2524 9b89b -c082 Hub" , " : "6b 9b89b -c082 tion_ 249...
[keys] '{ESC}' -> Tally 'TallyPrime:9000'
[shot] tds-358-mgw2 (1024x768)
[21:50:50] [tds] screen tds-358-mgw2 : TallyPrime MANAGE Recyc EDU K: Company Y: Data Z: Exchange FinCom Spike Co O: Import Pa Head Alteration Name (alias) Firefo Googl Pay head type Chro Income type Under Affect net salary Micros E: Export M: Share P: Print Total Opening Balance Quit o Yes or No Fl: Help F2: period F3: Company Pay Head Information Earnings for Employees Fixed Indirect Expenses Yes MB Basic No As User Defined Value Opening Balance A: Accept Q Search FIO Name to be displayed in payslip Use for calculation of gratuity Calculation type 46 IypÅ Unity Q: Quit : Other Masters W: Show All Periods 161 nt to •elati c2524 9b...
[keys] 'n' -> Tally 'TallyPrime:9000'
[shot] tds-359-mgw3 (1024x768)
[21:50:53] [tds] screen tds-359-mgw3 : TallyPrime MANAGE Recyc EDU K: Company Y: Data Z: Exchange O: Import Pa Head Alteration Name (alias) Firefo Googl Pay head type Chro Income type Under Affect net salary Micros FinCom Spike Co E: Export M: Share P: Print Total Opening Balance Fl: Help F2: period Company Pay Head Information Earnings for Employees Fixed Indirect Expenses Yes MB Basic No As User Defined Value Opening Balance A Accept Q Search FIO: Name to be displayed in payslip Use for calculation of gratuity Calculation type 46 IypÅ Unity Quit Other Masters 161 nt to •elati c2524 9b89b -c082 Hub" , " : "6b 9b89b -c082 tion_ 249...
[keys] '{ESC}' -> Tally 'TallyPrime:9000'
[shot] tds-360-mgw4 (1024x768)
[21:50:56] [tds] screen tds-360-mgw4 : TallyPrime MANAGE Recyc EDU K: Company Y: Data Z: Exchange FinCom Spike Co O: Import Pa Head Alteration Name (alias) Firefo Googl Pay head type Chro Income type Under Affect net salary Micros E: Export M: Share P: Print Total Opening Balance Quit o Yes or No Fl: Help F2: period F3: Company Pay Head Information Earnings for Employees Fixed Indirect Expenses Yes MB Basic No As User Defined Value Opening Balance A: Accept Q Search FIO Name to be displayed in payslip Use for calculation of gratuity Calculation type 46 IypÅ Unity Q: Quit : Other Masters W: Show All Periods 161 nt to •elati c2524 9b...
[keys] 'n' -> Tally 'TallyPrime:9000'
[shot] tds-361-mgw5 (1024x768)
[21:50:59] [tds] screen tds-361-mgw5 : TallyPrime MANAGE Recyc EDU K: Company Y: Data Z: Exchange O: Import Pa Head Alteration Name (alias) Firefo Googl Pay head type Chro Income type Under Affect net salary Micros FinCom Spike Co E: Export M: Share P: Print Total Opening Balance Fl: Help F2: period Company Pay Head Information Earnings for Employees Fixed Indirect Expenses Yes MB Basic No As User Defined Value Opening Balance A Accept Q Search FIO: Name to be displayed in payslip Use for calculation of gratuity Calculation type 46 IypÅ Unity Quit Other Masters 161 nt to •elati c2524 9b89b -c082 Hub" , " : "6b 9b89b -c082 tion_ 249...
[keys] '{ESC}' -> Tally 'TallyPrime:9000'
[shot] tds-362-mgw6 (1024x768)
[21:51:02] [tds] screen tds-362-mgw6 : TallyPrime MANAGE Recyc EDU K: Company Y: Data Z: Exchange FinCom Spike Co O: Import Pa Head Alteration Name (alias) Firefo Googl Pay head type Chro Income type Under Affect net salary Micros E: Export M: Share P: Print Total Opening Balance Quit o Yes or No Fl: Help F2: period F3: Company Pay Head Information Earnings for Employees Fixed Indirect Expenses Yes MB Basic No As User Defined Value Opening Balance A: Accept Q Search FIO Name to be displayed in payslip Use for calculation of gratuity Calculation type 46 IypÅ Unity Q: Quit : Other Masters W: Show All Periods 161 nt to •elati c2524 9b...
[keys] 'n' -> Tally 'TallyPrime:9000'
[shot] tds-363-mgw7 (1024x768)
[21:51:05] [tds] screen tds-363-mgw7 : TallyPrime MANAGE Recyc EDU K: Company Y: Data Z: Exchange O: Import Pa Head Alteration Name (alias) Firefo Googl Pay head type Chro Income type Under Affect net salary Micros FinCom Spike Co E: Export M: Share P: Print Total Opening Balance Fl: Help F2: period Company Pay Head Information Earnings for Employees Fixed Indirect Expenses Yes MB Basic No As User Defined Value Opening Balance A Accept Q Search FIO: Name to be displayed in payslip Use for calculation of gratuity Calculation type 46 IypÅ Unity Quit Other Masters 161 nt to •elati c2524 9b89b -c082 Hub" , " : "6b 9b89b -c082 tion_ 249...
[keys] '{ESC}' -> Tally 'TallyPrime:9000'
[21:51:08] [tds] the Gateway not reached (after P5b-alter-net-salary): Tally started again
[keys] 'a' -> Tally 'TallyPrime:9000'
[keys] 't' -> Tally 'TallyPrime:9000'
[shot] tds-364-mh-start-0 (1024x768)
[21:51:42] [tds] screen tds-364-mh-start-0 : TallyPrime MANAGE Recyc EDU K: Company Gatewa of Tall Y: Data Z: Exchange CURRENT OATE Wednesday, I-Apr-2026 O: Import E: Export M: Share p: print Fl: Help Date Company Firefo Googl Chro Micros 46 IypÅ Unity CURRENT PERIOD I-Apr-26 to 31-Mar-27 NAME OF COMPANY FinCom Spike Co Gateway of Tally MASTERS Create Alter CHart of Accounts TRANSACTIONS Vouchers Day 800K UTILITIES BaNking REPORTS Balance Sheet Profit & Loss A/c Stock Summary Ratio Analysis Display More Reports DashbOard Quit 161 nt to •elati c2524 9b89b -c082 Hub" , " : "6b 9b89b -c082 tion_ 24978 isten corre 2fcfc nning ' , "sou Oad7- ...
  INFO mh B P5b-alter-net-salary: stored as typed False (missing: SHOWINPAYSLIP=No); error 'no save'; Ctrl+A -1 ms; add-on lines: none
[21:51:43] ---- mh B P6-alter-slab (Pay Head 'MB HRA')
[shot] tds-365-mgw0 (1024x768)
[21:51:43] [tds] screen tds-365-mgw0 : TallyPrime MANAGE Recyc EDU K: Company Gatewa of Tall Y: Data Z: Exchange CURRENT OATE Wednesday, I-Apr-2026 O: Import E: Export M: Share p: print Fl: Help Date Company Firefo Googl Chro Micros 46 IypÅ Unity CURRENT PERIOD I-Apr-26 to 31-Mar-27 NAME OF COMPANY FinCom Spike Co Gateway of Tally MASTERS Create Alter CHart of Accounts TRANSACTIONS Vouchers Day 800K UTILITIES BaNking REPORTS Balance Sheet Profit & Loss A/c Stock Summary Ratio Analysis Display More Reports DashbOard Quit 161 nt to •elati c2524 9b89b -c082 Hub" , " : "6b 9b89b -c082 tion_ 24978 isten corre 2fcfc nning ' , "sou Oad7- ...
[keys] 'a' -> Tally 'TallyPrime:9000'
[keys] '{BACKSPACE}{BACKSPACE}{BACKSPACE}{BACKSPACE}{BACKSPACE}{BACKSPACE}{BACKSPACE}{BACKSPACE}{BACKSPACE}{BACKSPACE}{BACKSPACE}{BACKSPACE}{BACKSPACE}{BACKSPACE}{BACKSPACE}{BACKSPACE}{BACKSPACE}{BACKSPACE}{BACKSPACE}{BACKSPACE}' -> Tally 'TallyPrime:9000'
[keys] 'Pay Head' -> Tally 'TallyPrime:9000'
[keys] '{ENTER}' -> Tally 'TallyPrime:9000'
[keys] 'MB HRA' -> Tally 'TallyPrime:9000'
[keys] '{ENTER}' -> Tally 'TallyPrime:9000'
[shot] mh-0559-P6-form (1024x768)
[mh] mh-0559-P6-form: field 139,113,245x16 left 'Name' heads 'Pa Head Alteration / K: Company / Y: Data' value 'MB HRA' (boxes: 139,113,245x16[Name|Pa Head Alteration/K: Company/Y: Data]) | TallyPrime MANAGE Recyc EDU K: Company Pa Head Alteration Y: Data Z: Exchange O: Import FinCom Spike Co E: Export M: Share P: Print Total Opening Balance Name (alias) Firefo Googl Pay head type Chro MB HRA Pay Head Information Fl: Help F2: period Company Computation Information On Current Earnings Total Income type Under Affect net salary Micros Name to be displayed in payslip Use for calculation of gratuity Calculation type Earnings for Employees Fixed Indirect Expenses Yes MB HRA No As Computed Value Months Compute Effective From upr-26 ( on I-Apr-26) : Amount Amount Up Greater Than To Slab Type Percentage Value 40 % FIO: Other Masters Calculation period 46 IypÅ Rounding Method Unity Quit 161 nt to •elati c2524 9b89b -c082 Hub" , " : "6b 9b89b -c082 tion_ 24978 isten corre 2fcfc nning ' , "sou Oad7- age" , " : "6b Rounding Off Information Not Applicable Opening Balance A Accept Q Search D: Delete W: Show All Periods Configure Windows Server 2025 Datacenter Build 26100.ge_release240331-1435 9:51 PM 10/8/2026
[shot] mh-0560-P6-w1 (1024x768)
[mh] mh-0560-P6-w1: field 139,113,245x16 left 'Name' heads 'Pa Head Alteration / K: Company / Y: Data' value 'MB HRA' (boxes: 139,113,245x16[Name|Pa Head Alteration/K: Company/Y: Data]) | TallyPrime MANAGE Recyc EDU K: Company Pa Head Alteration Y: Data Z: Exchange O: Import FinCom Spike Co E: Export M: Share P: Print Total Opening Balance Name (alias) Firefo Googl Pay head type Chro MB HRA Pay Head Information Fl: Help F2: period Company Computation Information On Current Earnings Total Income type Under Affect net salary Micros Name to be displayed in payslip Use for calculation of gratuity Calculation type Earnings for Employees Fixed Indirect Expenses Yes MB HRA No As Computed Value Months Compute Effective From upr-26 ( on I-Apr-26) : Amount Amount Up Greater Than To Slab Type Percentage Value 40 % FIO: Other Masters Calculation period 46 IypÅ Rounding Method Unity Quit 161 nt to •elati c2524 9b89b -c082 Hub" , " : "6b 9b89b -c082 tion_ 24978 isten corre 2fcfc nning ' , "sou Oad7- age" , " : "6b Rounding Off Information Not Applicable Opening Balance A Accept Q Search D: Delete W: Show All Periods Configure Windows Server 2025 Datacenter Build 26100.ge_release240331-1435 9:51 PM 10/8/2026
[keys] '{ENTER}' -> Tally 'TallyPrime:9000'
[shot] mh-0561-P6-w2 (1024x768)
[mh] mh-0561-P6-w2: field 139,131,245x16 left '' heads 'MB HRA / Pa Head Alteration / K: Company' value '' (boxes: 139,131,245x16[|MB HRA/Pa Head Alteration/K: Company]) | TallyPrime MANAGE Recyc EDU K: Company Pa Head Alteration Y: Data Z: Exchange O: Import FinCom • ke Co E: Export M: Share P: Print Total Opening Balance Name Firefo Googl Pay head type Chro MB HRA Pay Head Information Fl: Help F2: period Company Computation Information On Current Earnings Total Income type Under Affect net salary Micros Name to be displayed in payslip Use for calculation of gratuity Calculation type Earnings for Employees Fixed Indirect Expenses Yes MB HRA No As Computed Value Months Compute Effective From upr-26 ( on I-Apr-26) : Amount Amount Up Greater Than To Slab Type Percentage Value 40 % FIO: Other Masters Calculation period 46 IypÅ Rounding Method Unity Quit 161 nt to •elati c2524 9b89b -c082 Hub" , " : "6b 9b89b -c082 tion_ 24978 isten corre 2fcfc nning ' , "sou Oad7- age" , " : "6b Rounding Off Information Not Applicable Opening Balance A Accept Q Search D: Delete W: Show All Periods Configure Windows Server 2025 Datacenter Build 26100.ge_release240331-1435 9:52 PM 10/8/2026
[keys] '{ENTER}' -> Tally 'TallyPrime:9000'
[shot] mh-0562-P6-w3 (1024x768)
[mh] mh-0562-P6-w3: field 273,262,168x16 left 'Pay head type' heads 'Pay Head Information / FinCom • ke Co / Z: Exchange' value '' (boxes: 273,262,168x16[Pay head type|Pay Head Information/FinCom • ke Co/Z: Exchange]) | TallyPrime MANAGE Recyc EDU K: Company Pa Head Alteration Y: Data Z: Exchange Name (alias) Firefo Googl MB HRA Pay Head Information FinCom • ke Co List of Pa Head T • Not Applicable O: Import S E: Export M: Share P: Print Total Opening Balance ation gs Total Fl: Help F2: period Company Pay head type Chro Income type Under Affect net salary Micros Name to be displayed in payslip Use for calculation of gratuity Calculation type Fixed Indirect Expenses Yes MB HRA No As Computed Value Months Deductions From Employees Earnings for Employees Employees' Statutory Deductions Employeis Statutory Contributions Gratuity Loans and Advances Reimbursements to Employees Slab Type Percentage Value 40 % FIO: Other Masters Calculation period 46 IypÅ Rounding Method Unity Quit W: Show All Periods Configure 161 nt to •elati c2524 9b89b -c082 Hub" , " : "6b 9b89b -c082 tion_ 24978 isten corre 2fcfc nning ' , "sou Oad7- age" , " : "6b Rounding Off Information Not Applicable Opening Balance A Accept Q Search ( on I-Apr-26) : D: Delete Windows Server 2025 Datacenter Build 26100.ge_release240331-1435 9:52 PM 10/8/2026
[keys] '{ENTER}' -> Tally 'TallyPrime:9000'
[shot] mh-0563-P6-w4 (1024x768)
[mh] mh-0563-P6-w4: field 273,284,168x16 left 'Income type' heads 'Earnings for Employees / Pay Head Information / FinCom • ke Co' value '' (boxes: 273,284,168x16[Income type|Earnings for Employees/Pay Head Information/FinCom • ke Co]) | TallyPrime MANAGE Recyc EDU K: Company Pa Head Alteration Y: Data Z: Exchange O: Import FinCom • ke Co E: Export M: Share P: Print Total Opening Balance Name (alias) Firefo Googl Pay head type Chro Income type Under MB HRA Pay Head Information Earnings for Employees Fl: Help F2: period Company Income TV Fixed Variable ( on I-Apr-26) : D: Computation Information On Current Earnings Total nt Amount Up Indirect Expenses Yes MB HRA No As Computed Value Months Than Delete To Slab Type Percentage Value 40 % Affect net salary Micros Name to be displayed in payslip Use for calculation of gratuity Calculation type FIO: Other Masters Calculation period 46 IypÅ Rounding Method Unity Quit W: Show All Periods Configure 161 nt to •elati c2524 9b89b -c082 Hub" , " : "6b 9b89b -c082 tion_ 24978 isten corre 2fcfc nning ' , "sou Oad7- age" , " : "6b Rounding Off Information Not Applicable Opening Balance A Accept Q Search Windows Server 2025 Datacenter Build 26100.ge_release240331-1435 9:52 PM 10/8/2026
[keys] '{ENTER}' -> Tally 'TallyPrime:9000'
[shot] mh-0564-P6-w5 (1024x768)
[mh] mh-0564-P6-w5: field 273,302,168x16 left 'Under' heads 'Fixed / Earnings for Employees / Pay Head Information' value 'Indirect Ex nses' (boxes: 273,302,168x16[Under|Fixed/Earnings for Employees/Pay Head Information]) | TallyPrime MANAGE Recyc EDU K: Company Pa Head Alteration Y: Data Z: Exchange FinCom • ke Co O: Import E: Export List of Grou s Direct Expenses Expenses (Direct) Expenses (Indirect) Indirect Expenses Misc. Expenses (ASSET) M: Share Name (alias) Firefo Googl Pay head type Chro MB HRA Pay Head Information p: print x Create Fl: Help F2: period Company Income type Under Affect net salary Micros Name to be displayed in payslip Use for calculation of gratuity Calculation type Earnings for Employees Fixed Indirect Ex nses Yes MB HRA No As Computed Value Months Compute Effective From upr-26 ( on I-Apr-26) : Am Great FIO: Other Masters Calculation period 46 IypÅ Rounding Method Unity Quit 161 nt to •elati c2524 9b89b -c082 Hub" , " : "6b 9b89b -c082 tion_ 24978 isten corre 2fcfc nning ' , "sou Oad7- age" , " : "6b Rounding Off Information Not Applicable Opening Balance A Accept Q Search D: Delete W: Show All Periods Configure Windows Server 2025 Datacenter Build 26100.ge_release240331-1435 9:52 PM 10/8/2026
[keys] '{ENTER}' -> Tally 'TallyPrime:9000'
[shot] mh-0565-P6-w6 (1024x768)
[mh] mh-0565-P6-w6: field 273,344,46x16 left 'Affect net salary' heads 'Indirect Expenses / Fixed / Earnings for Employees' value 'Yes' (boxes: 273,344,46x16[Affect net salary|Indirect Expenses/Fixed/Earnings for Employees]) | TallyPrime MANAGE Recyc EDU K: Company Pa Head Alteration Y: Data Z: Exchange O: Import FinCom • ke Co E: Export M: Share P: Print Total Opening Balance Name (alias) Firefo Googl Pay head type Chro MB HRA Pay Head Information Fl: Help F2: period Company Computation Information On Current Earnings Total Income type Under Affect net salary Micros Name to be displayed in payslip Use for calculation of gratuity Calculation type Earnings for Employees Fixed Indirect Expenses Yes MB HRA No As Computed Value Months Compute Effective From upr-26 ( on I-Apr-26) : Amount Amount Up Greater Than To Slab Type Percentage Value 40 % FIO: Other Masters Calculation period 46 IypÅ Rounding Method Unity Quit 161 nt to •elati c2524 9b89b -c082 Hub" , " : "6b 9b89b -c082 tion_ 24978 isten corre 2fcfc nning ' , "sou Oad7- age" , " : "6b Rounding Off Information Not Applicable Opening Balance A Accept Q Search D: Delete W: Show All Periods Configure Windows Server 2025 Datacenter Build 26100.ge_release240331-1435 9:52 PM 10/8/2026
[keys] '{ENTER}' -> Tally 'TallyPrime:9000'
[shot] mh-0566-P6-w7 (1024x768)
[mh] mh-0566-P6-w7: field 273,362,168x16 left 'Name to be displayed in payslip' heads 'Yes / Indirect Expenses / Fixed' value '1B HRA' (boxes: 273,362,168x16[Name to be displayed in payslip|Yes/Indirect Expenses/Fixed]) | TallyPrime MANAGE Recyc EDU K: Company Pa Head Alteration Y: Data Z: Exchange O: Import FinCom • ke Co E: Export M: Share P: Print Total Opening Balance Name (alias) Firefo Googl Pay head type Chro MB HRA Pay Head Information Fl: Help F2: period Company Computation Information On Current Earnings Total Income type Under Affect net salary Micros Name to be displayed in payslip Use for calculation of gratuity Calculation type Calculation period Earnings for Employees Fixed Indirect Expenses Yes 1B HRA No As Computed Value Months Compute Effective From upr-26 ( on I-Apr-26) : Amount Amount Up Greater Than To Slab Type Percentage Value 40 % FIO: Other Masters 46 IypÅ Rounding Method Unity Quit 161 nt to •elati c2524 9b89b -c082 Hub" , " : "6b 9b89b -c082 tion_ 24978 isten corre 2fcfc nning ' , "sou Oad7- age" , " : "6b Rounding Off Information Not Applicable Opening Balance A Accept Q Search D: Delete W: Show All Periods Configure Windows Server 2025 Datacenter Build 26100.ge_release240331-1435 9:52 PM 10/8/2026
[keys] '{ENTER}' -> Tally 'TallyPrime:9000'
[shot] mh-0567-P6-w8 (1024x768)
[mh] mh-0567-P6-w8: field 273,380,46x16 left 'Use for calculation of gratuity' heads 'MB HRA / Yes / Indirect Expenses' value '' (boxes: 273,380,46x16[Use for calculation of gratuity|MB HRA/Yes/Indirect Expenses]) | TallyPrime MANAGE Recyc EDU K: Company Pa Head Alteration Y: Data Z: Exchange O: Import FinCom • ke Co E: Export M: Share P: Print Total Opening Balance Name (alias) Firefo Googl Pay head type Chro MB HRA Pay Head Information Fl: Help F2: period Company Computation Information On Current Earnings Total Income type Under Affect net salary Micros Name to be displayed in payslip Use for calculation of gratuity Calculation type Earnings for Employees Fixed Indirect Expenses Yes MB HRA As Computed Value Months Compute Effective From upr-26 ( on I-Apr-26) : Amount Amount Up Greater Than To Slab Type Percentage Value 40 % FIO: Other Masters Calculation period 46 IypÅ Rounding Method Unity Quit 161 nt to •elati c2524 9b89b -c082 Hub" , " : "6b 9b89b -c082 tion_ 24978 isten corre 2fcfc nning ' , "sou Oad7- age" , " : "6b Rounding Off Information Not Applicable Opening Balance A Accept Q Search D: Delete W: Show All Periods Configure Windows Server 2025 Datacenter Build 26100.ge_release240331-1435 9:52 PM 10/8/2026
[keys] '{ENTER}' -> Tally 'TallyPrime:9000'
[shot] mh-0568-P6-w9 (1024x768)
[mh] mh-0568-P6-w9: field 273,398,168x16 left 'Calculation type' heads 'No / MB HRA / Yes' value 'uted Value' (boxes: 273,398,168x16[Calculation type|No/MB HRA/Yes]) | TallyPrime MANAGE Recyc EDU K: Company Pa Head Alteration Y: Data Z: Exchange O: Import FinCom • ke Co E: Export M: Share P: Print Total Opening Balance Name (alias) Firefo Googl Pay head type Chro MB HRA Pay Head Information Fl: Help F2: period Company Computation Information On Current Earnings Total Income type Under Affect net salary Micros Name to be displayed in payslip Use for calculation of gratuity Calculation type Earnings for Employees Fixed Indirect Expenses Compute Effective From upr-26 Amount Amount Up Greater Than To Slab Type Percentage Value 40 % Yes MB HRA No As Com Months FIO: Other Masters uted Value Calculation period 46 IypÅ Rounding Method Unity Quit T of Calculations As Computed Value As User Defined Value Flat Rate On Attendance On Production ( on I-Apr-26) : W: Show All Periods Configure 161 nt to •elati c2524 9b89b -c082 Hub" , " : "6b 9b89b -c082 tion_ 24978 isten corre 2fcfc nning ' , "sou Oad7- age" , " : "6b Rounding Off Information Not Applicable Opening Balance A Accept Q Search D: Delete Windows Server 2025 Datacenter Build 26100.ge_release240331-1435 9:52 PM 10/8/2026
[keys] '{ENTER}' -> Tally 'TallyPrime:9000'
[shot] mh-0569-P6-w10 (1024x768)
[mh] mh-0569-P6-w10: field 174,601,153x16 left 'Rounding Method' heads 'Rounding Off Informatio / Months' value '' (boxes: 174,601,153x16[Rounding Method|Rounding Off Informatio/Months]) | TallyPrime MANAGE Recyc EDU K: Company Pa Head Alteration Y: Data Z: Exchange O: Import FinCom • ke Co E: Export M: Share P: Print Total Opening Balance Name (alias) Firefo Googl Pay head type Chro MB HRA Pay Head Information Fl: Help F2: period Company Computation Information On Current Earnings Total Income type Under Affect net salary Micros Name to be displayed in payslip Use for calculation of gratuity Calculation type Earnings for Employees Fixed Indirect Expenses Yes MB HRA No As Computed Value Months Compute Effective From upr-26 Amount Amount Up Greater Than To Slab Type Percentage Value 40 % FIO: Other Masters Calculation period 46 IypÅ Rounding Method Unity Quit List of Round Methods Not Applicable Downward Rounding Rounding Off Informatio Normal Rounding Upward Rounding 161 nt to •elati c2524 9b89b -c082 Hub" , " : "6b 9b89b -c082 tion_ 24978 isten corre 2fcfc nning ' , "sou Oad7- age" , " : "6b pr-26) : D: Delete W: Show All Periods Configure Opening a ance A Accept Q Search on Windows Server 2025 Datacenter Build 26100.ge_release240331-1435 9:52 PM 10/8/2026
[keys] '{ENTER}' -> Tally 'TallyPrime:9000'
[shot] mh-0570-P6-w11 (1024x768)
[mh] mh-0570-P6-w11: field 588,262,189x16 left 'Compute' heads 'Computation Information / Total Opening Balance / O: Import' value 'Cn Current Earnin s Total' (boxes: 588,262,189x16[Compute|Computation Information/Total Opening Balance/O: Import]) | TallyPrime MANAGE Recyc EDU K: Company Pa Head Alteration Y: Data Z: Exchange O: Import FinCom • ke Co E: Export M: Share P: Print Total Opening Balance Name (alias) Firefo Googl Pay head type Chro MB HRA Pay Head Information Fl: Help F2: period Company Income type Under Affect net salary Micros Name to be displayed in payslip Use for calculation of gratuity Calculation type Earnings for Employees Fixed Indirect Expenses Yes MB HRA No As Computed Value Months Compute Effective From upr-26 ( on I-Apr-26) : Am Great Computation Information Cn Current Earnin s Total Methods of Com utation On Current Deductions Total On Current Earnings Total On Current SubTotal On Specified Formula Value 40 % FIO: Other Masters Calculation period 46 IypÅ Rounding Method Unity Quit 161 nt to •elati c2524 9b89b -c082 Hub" , " : "6b 9b89b -c082 tion_ 24978 isten corre 2fcfc nning ' , "sou Oad7- age" , " : "6b Rounding Off Information Not Applicable Opening Balance A Accept Q Search D: Delete W: Show All Periods Configure Windows Server 2025 Datacenter Build 26100.ge_release240331-1435 9:52 PM 10/8/2026
[mh] P6 rule 0 ((^|\W)Compute$) on 'Compute|Computation Information': keys '{ENTER}'
[keys] '{ENTER}' -> Tally 'TallyPrime:9000'
[shot] mh-0571-P6-w12 (1024x768)
[mh] mh-0571-P6-w12: field 461,319,73x14 left '' heads 'From / Effective / Compute' value 'I-A r-26' (boxes: 461,319,73x14[|From/Effective/Compute]) | TallyPrime MANAGE Recyc EDU K: Company Pa Head Alteration Y: Data Z: Exchange O: Import FinCom • ke Co E: Export M: Share P: Print Total Opening Balance Name (alias) Firefo Googl Pay head type Chro MB HRA Pay Head Information Fl: Help F2: period Company Computation Information On Current Earnings Total Income type Under Affect net salary Micros Name to be displayed in payslip Use for calculation of gratuity Calculation type Earnings for Employees Fixed Indirect Expenses Yes MB HRA No As Computed Value Months Compute Effective From I-A r-26 ( on I-Apr-26) : Amount Amount Up Greater Than To Slab Type Percentage Value 40 % FIO: Other Masters Calculation period 46 IypÅ Rounding Method Unity Quit 161 nt to •elati c2524 9b89b -c082 Hub" , " : "6b 9b89b -c082 tion_ 24978 isten corre 2fcfc nning ' , "sou Oad7- age" , " : "6b Rounding Off Information Not Applicable Opening Balance A Accept Q Search D: Delete W: Show All Periods Configure Windows Server 2025 Datacenter Build 26100.ge_release240331-1435 9:52 PM 10/8/2026
[keys] '{ENTER}' -> Tally 'TallyPrime:9000'
[shot] mh-0572-P6-w13 (1024x768)
[mh] mh-0572-P6-w13: field 625,335,87x14 left 'Yes' heads 'To / Amount Up / On Current Earnings Total' value '' (boxes: 625,335,87x14[Yes|To/Amount Up/On Current Earnings Total]) | TallyPrime MANAGE Recyc EDU K: Company Pa Head Alteration Y: Data Z: Exchange O: Import FinCom • ke Co E: Export M: Share P: Print Total Opening Balance Name (alias) Firefo Googl Pay head type Chro MB HRA Pay Head Information Fl: Help F2: period Company Computation Information On Current Earnings Total Income type Under Affect net salary Micros Name to be displayed in payslip Use for calculation of gratuity Calculation type Earnings for Employees Fixed Indirect Expenses Yes MB HRA No As Computed Value Months Compute Effective From upr-26 ( on I-Apr-26) : Amount Amount Up Greater Than To Slab Type Percentage Value 40 % FIO: Other Masters Calculation period 46 IypÅ Rounding Method Unity Quit 161 nt to •elati c2524 9b89b -c082 Hub" , " : "6b 9b89b -c082 tion_ 24978 isten corre 2fcfc nning ' , "sou Oad7- age" , " : "6b Rounding Off Information Not Applicable Opening Balance A Accept Q Search D: Delete W: Show All Periods Configure Windows Server 2025 Datacenter Build 26100.ge_release240331-1435 9:52 PM 10/8/2026
[keys] '{ENTER}' -> Tally 'TallyPrime:9000'
[shot] mh-0573-P6-w14 (1024x768)
[mh] mh-0573-P6-w14: field none left '' heads '' value '' (boxes: ) | TallyPrime MANAGE Recyc EDU K: Company Pa Head Alteration Y: Data Z: Exchange O: Import FinCom • ke Co E: Export M: Share P: Print Total Opening Balance Name (alias) Firefo Googl Pay head type Chro MB HRA Pay Head Information Fl: Help F2: period Company Earnings for Employees Fixed Indirect Expenses Yes MB HRA No As Computed Value Months Compute Effective From upr-26 ( on I-Apr-26) : Computation Information On Current Earnings Total Amount Amount Up Slab Type Income type Under Affect net salary Micros Name to be displayed in payslip Use for calculation of gratuity Calculation type Greater Than To • ercenta T s of Slabs Percentage Value Value 40 % FIO: Other Masters Calculation period 46 IypÅ Rounding Method Unity Quit 161 nt to •elati c2524 9b89b -c082 Hub" , " : "6b 9b89b -c082 tion_ 24978 isten corre 2fcfc nning ' , "sou Oad7- age" , " : "6b Rounding Off Information Not Applicable Opening Balance A Accept Q Search D: Delete W: Show All Periods Configure Windows Server 2025 Datacenter Build 26100.ge_release240331-1435 9:52 PM 10/8/2026
[keys] '{ENTER}' -> Tally 'TallyPrime:9000'
[shot] mh-0574-P6-w15 (1024x768)
[mh] mh-0574-P6-w15: field 789,335,44x14 left 'Percentage' heads 'Value' value '' (boxes: 789,335,44x14[Percentage|Value]) | TallyPrime MANAGE Recyc EDU K: Company Pa Head Alteration Y: Data Z: Exchange O: Import FinCom • ke Co E: Export M: Share P: Print Total Opening Balance Name (alias) Firefo Googl Pay head type Chro MB HRA Pay Head Information Fl: Help F2: period Company Computation Information On Current Earnings Total Income type Under Affect net salary Micros Name to be displayed in payslip Use for calculation of gratuity Calculation type Earnings for Employees Fixed Indirect Expenses Yes MB HRA No As Computed Value Months Compute Effective From upr-26 ( on I-Apr-26) : Amount Amount Up Slab Type Percentage Value Greater Than To FIO: Other Masters Calculation period 46 IypÅ Rounding Method Unity Quit 161 nt to •elati c2524 9b89b -c082 Hub" , " : "6b 9b89b -c082 tion_ 24978 isten corre 2fcfc nning ' , "sou Oad7- age" , " : "6b Rounding Off Information Not Applicable Opening Balance A Accept Q Search D: Delete W: Show All Periods Configure Windows Server 2025 Datacenter Build 26100.ge_release240331-1435 9:52 PM 10/8/2026
[mh] P6 rule 1 (^Value|Percent) on 'Percentage|Value': keys '50{ENTER}'
[keys] '50' -> Tally 'TallyPrime:9000'
[keys] '{ENTER}' -> Tally 'TallyPrime:9000'
[shot] mh-0575-P6-before-save (1024x768)
[mh] mh-0575-P6-before-save: field 461,351,73x14 left 'Yes' heads 'upr-26 / From / Effective' value '' (boxes: 461,351,73x14[Yes|upr-26/From/Effective]) | TallyPrime MANAGE Recyc EDU K: Company Pa Head Alteration Y: Data Z: Exchange O: Import FinCom • ke Co E: Export M: Share P: Print Total Opening Balance Name (alias) Firefo Googl Pay head type Chro MB HRA Pay Head Information Fl: Help F2: period Company Computation Information On Current Earnings Total Income type Under Affect net salary Micros Name to be displayed in payslip Use for calculation of gratuity Calculation type Earnings for Employees Fixed Indirect Expenses Yes MB HRA No As Computed Value Months Compute Effective From upr-26 ( on I-Apr-26) : Amount Amount Up Slab Type Percentage Value Greater Than To FIO: Other Masters Calculation period 46 IypÅ Rounding Method Unity Quit 161 nt to •elati c2524 9b89b -c082 Hub" , " : "6b 9b89b -c082 tion_ 24978 isten corre 2fcfc nning ' , "sou Oad7- age" , " : "6b Rounding Off Information Not Applicable Opening Balance A Accept Q Search D: Delete W: Show All Periods Configure Windows Server 2025 Datacenter Build 26100.ge_release240331-1435 9:52 PM 10/8/2026
[keys] '' -> Tally 'TallyPrime:9000'
[shot] mh-0576-P6-saved1 (1024x768)
[mh] mh-0576-P6-saved1: field 341,142,245x16 left '' heads 'Master Alteration / FinCom • ke Co / Z: Exchange' value '' (boxes: 341,142,245x16[|Master Alteration/FinCom • ke Co/Z: Exchange]) | Recyc TallyPrime MANAGE EDU K: Company Y: Data Z: Exchange E: Export FinCom • ke Co Master Alteration Heads O: Import Create Back M: Share p: print Firefo Googl Chron Micros lyp Unity Quit List of Pa MA Attend MA Basic MA Piece MB Attend MB Basic MB HRA MB Piece MH Wage x Fl: Help nt to •elati c2524 9b89b -c082 Hub" , " : "6b 9b89b -c082 : '2.3 tion_ 24978 isten corre 2fcfc nning ' , "sou Oad7- age" , " : "6b Q Search Windows Server 2025 Datacenter Build 26100.ge_release240331-1435 9:52 PM 10/8/2026
[shot] tds-366-mgw0 (1024x768)
[21:52:45] [tds] screen tds-366-mgw0 : Recyc TallyPrime MANAGE EDU K: Company Y: Data Z: Exchange E: Export FinCom • ke Co Master Alteration Heads O: Import Create Back M: Share p: print Firefo Googl Chron Micros lyp Unity Quit List of Pa MA Attend MA Basic MA Piece MB Attend MB Basic MB HRA MB Piece MH Wage x Fl: Help nt to •elati c2524 9b89b -c082 Hub" , " : "6b 9b89b -c082 : '2.3 tion_ 24978 isten corre 2fcfc nning ' , "sou Oad7- age" , " : "6b Q Search Windows Server 2025 Datacenter Build 26100.ge_release240331-1435 9:52 PM 10/8/2026
[keys] '{ESC}' -> Tally 'TallyPrime:9000'
[shot] tds-367-mgw1 (1024x768)
[21:52:48] [tds] screen tds-367-mgw1 : TallyPrime MANAGE Recyc EDU Firefo Googl Chron Micros Unity Quit K: Company Y: Data Z: Exchange FinCom • ke Co Master Alteration List of Masters Accounting Masters Group Ledger Cost Centre Currency Voucher Type Inventory Masters Stock Group Stock Category Stock Item Unit Location Payroll Masters Employee Group Employee Units (Work) Attendance/Production Type Pay Heads Payroll Voucher Type Statutory Masters GST Registration GST Classification Statutory Details Company GST Details O: Import Change Company Expand All Show More E: Export M: Share Q Search 161 p: print Fl: Help x nt to •elati c2524...
[keys] '{ESC}' -> Tally 'TallyPrime:9000'
[shot] tds-368-mgw2 (1024x768)
[21:52:51] [tds] screen tds-368-mgw2 : TallyPrime MANAGE Recyc EDU K: Company Gatewa of Tall Y: Data Z: Exchange CURRENT OATE Wednesday, I-Apr-2026 O: Import E: Export M: Share p: print Fl: Help Date Company Firefo Googl Chro Micros 46 IypÅ Unity CURRENT PERIOD I-Apr-26 to 31-Mar-27 NAME OF COMPANY FinCom Spike Co Gateway of Tally MASTERS Create Alter CHart of Accounts TRANSACTIONS Vouchers Day 800K UTILITIES BaNking REPORTS Balance Sheet Profit & Loss A/c Stock Summary Ratio Analysis Display More Reports DashbOard Quit 161 nt to •elati c2524 9b89b -c082 Hub" , " : "6b 9b89b -c082 tion_ 24978 isten corre 2fcfc nning ' , "sou Oad7- ...
  INFO mh B P6-alter-slab: stored as typed True; error ''; Ctrl+A 3791.3 ms; add-on lines: none
[21:52:52] ---- mh B D1-delete-godown (Godown 'MB Godown 2')
[shot] tds-369-mgw0 (1024x768)
[21:52:52] [tds] screen tds-369-mgw0 : TallyPrime MANAGE Recyc EDU K: Company Gatewa of Tall Y: Data Z: Exchange CURRENT OATE Wednesday, I-Apr-2026 O: Import E: Export M: Share p: print Fl: Help Date Company Firefo Googl Chro Micros 46 IypÅ Unity CURRENT PERIOD I-Apr-26 to 31-Mar-27 NAME OF COMPANY FinCom Spike Co Gateway of Tally MASTERS Create Alter CHart of Accounts TRANSACTIONS Vouchers Day 800K UTILITIES BaNking REPORTS Balance Sheet Profit & Loss A/c Stock Summary Ratio Analysis Display More Reports DashbOard Quit 161 nt to •elati c2524 9b89b -c082 Hub" , " : "6b 9b89b -c082 tion_ 24978 isten corre 2fcfc nning ' , "sou Oad7- ...
[keys] 'a' -> Tally 'TallyPrime:9000'
[keys] '{BACKSPACE}{BACKSPACE}{BACKSPACE}{BACKSPACE}{BACKSPACE}{BACKSPACE}{BACKSPACE}{BACKSPACE}{BACKSPACE}{BACKSPACE}{BACKSPACE}{BACKSPACE}{BACKSPACE}{BACKSPACE}{BACKSPACE}{BACKSPACE}{BACKSPACE}{BACKSPACE}{BACKSPACE}{BACKSPACE}' -> Tally 'TallyPrime:9000'
[keys] 'Location' -> Tally 'TallyPrime:9000'
[keys] '{ENTER}' -> Tally 'TallyPrime:9000'
[keys] 'MB Godown 2' -> Tally 'TallyPrime:9000'
[keys] '{ENTER}' -> Tally 'TallyPrime:9000'
[shot] mh-0577-D1-form (1024x768)
[mh] mh-0577-D1-form: field 143,117,245x16 left 'Name' heads 'Location Alteration / K: Company Y: Data / Z: Exchange' value 'MB Godown 2' (boxes: 143,117,245x16[Name|Location Alteration/K: Company Y: Data/Z: Exchange]) | Recyc TallyPrime MANAGE EDU K: Company Y: Data Location Alteration Z: Exchange A Accept Q Search E: Export FinCom Spike Co O: Import Delete M: Share p: print x Fl: Help F2: period Company Name (alias) Firefo Under Googl Chron Micros lyp Unity Quit MB Godown 2 • Primary FIO: Other Masters More Details Configure nt to •elati c2524 9b89b -c082 Hub" , " : "6b 9b89b -c082 . '2.3 tion_ 24978 isten corre 2fcfc nning ' , "sou Oad7- age" , " : "6b Windows Server 2025 Datacenter Build 26100.ge_release240331-1435 9:53 PM 10/8/2026
[keys] '%d' -> Tally 'TallyPrime:9000'
[shot] mh-0578-D1-delete-q (1024x768)
[mh] mh-0578-D1-delete-q: field none left '' heads '' value '' (boxes: ) | Recyc TallyPrime MANAGE EDU K: Company Location Alteration Y: Data Z: Exchange O: Import E: Export M: Share p: print FinCom Spike Co Delete Q Yes or No x Fl: Help F2: period F3: Company Firefo Googl Chron Micros lyp Unity Q: Quit FIO : Other Masters nt to •elati c2524 9b89b -c082 Hub" , " : "6b 9b89b -c082 . '2.3 tion_ 24978 isten corre 2fcfc nning ' , "sou Oad7- age" , " : "6b p: Delete l: More Details F 12: Configure IA _ : Accept Q Search Windows Server 2025 Datacenter Build 26100.ge_release240331-1435 9:53 PM 10/8/2026
[keys] '' -> Tally 'TallyPrime:9000'
[shot] mh-0579-D1-deleted (1024x768)
[mh] mh-0579-D1-deleted: field 341,142,245x16 left '' heads 'Master Alteration / FinCom • ke Co / Z: Exchange' value '' (boxes: 341,142,245x16[|Master Alteration/FinCom • ke Co/Z: Exchange]) | Recyc TallyPrime MANAGE EDU K: Company Y: Data Z: Exchange FinCom • ke Co Master Alteration List of Locations MA Godown IR Main Location MA T4 MB GIX MB Godown IR MH Main O: Import Create Back E: Export M: Share p: print Firefo Googl Chron Micros lyp Unity Quit x Fl: Help nt to •elati c2524 9b89b -c082 Hub" , " : "6b 9b89b -c082 : '2.3 tion_ 24978 isten corre 2fcfc nning ' , "sou Oad7- age" , " : "6b Q Search Windows Server 2025 Datacenter Build 26100.ge_release240331-1435 9:53 PM 10/8/2026
[shot] tds-370-mgw0 (1024x768)
[21:53:15] [tds] screen tds-370-mgw0 : Recyc TallyPrime MANAGE EDU K: Company Y: Data Z: Exchange FinCom • ke Co Master Alteration List of Locations MA Godown IR Main Location MA T4 MB GIX MB Godown IR MH Main O: Import Create Back E: Export M: Share p: print Firefo Googl Chron Micros lyp Unity Quit x Fl: Help nt to •elati c2524 9b89b -c082 Hub" , " : "6b 9b89b -c082 : '2.3 tion_ 24978 isten corre 2fcfc nning ' , "sou Oad7- age" , " : "6b Q Search Windows Server 2025 Datacenter Build 26100.ge_release240331-1435 9:53 PM 10/8/2026
[keys] '{ESC}' -> Tally 'TallyPrime:9000'
[shot] tds-371-mgw1 (1024x768)
[21:53:18] [tds] screen tds-371-mgw1 : TallyPrime MANAGE Recyc EDU Firefo Googl Chron Micros Unity Quit K: Company Y: Data Z: Exchange FinCom • ke Co Master Alteration List of Masters Accounting Masters Group Ledger Cost Centre Currency Voucher Type Inventory Masters Stock Group Stock Category Stock Item Unit Location Payroll Masters Employee Group Employee Units (Work) Attendance/Production Type Pay Heads Payroll Voucher Type Statutory Masters GST Registration GST Classification Statutory Details Company GST Details O: Import Change Company Expand All Show More E: Export M: Share Q Search 161 p: print Fl: Help x nt to •elati c2524...
[keys] '{ESC}' -> Tally 'TallyPrime:9000'
[shot] tds-372-mgw2 (1024x768)
[21:53:20] [tds] screen tds-372-mgw2 : TallyPrime MANAGE Recyc EDU K: Company Gatewa of Tall Y: Data Z: Exchange CURRENT OATE Wednesday, I-Apr-2026 O: Import E: Export M: Share p: print Fl: Help Date Company Firefo Googl Chro Micros 46 IypÅ Unity CURRENT PERIOD I-Apr-26 to 31-Mar-27 NAME OF COMPANY FinCom Spike Co Gateway of Tally MASTERS Create Alter CHart of Accounts TRANSACTIONS Vouchers Day 800K UTILITIES BaNking REPORTS Balance Sheet Profit & Loss A/c Stock Summary Ratio Analysis Display More Reports DashbOard Quit 161 nt to •elati c2524 9b89b -c082 Hub" , " : "6b 9b89b -c082 tion_ 24978 isten corre 2fcfc nning ' , "sou Oad7- ...
  INFO mh B D1-delete-godown: stored as typed True; error ''; Ctrl+A 565.8 ms; add-on lines: none
[21:53:21] ---- mh B D2-delete-stock-item (Stock Item 'MB Item V')
[shot] tds-373-mgw0 (1024x768)
[21:53:22] [tds] screen tds-373-mgw0 : TallyPrime MANAGE Recyc EDU K: Company Gatewa of Tall Y: Data Z: Exchange CURRENT OATE Wednesday, I-Apr-2026 O: Import E: Export M: Share p: print Fl: Help Date Company Firefo Googl Chro Micros 46 IypÅ Unity CURRENT PERIOD I-Apr-26 to 31-Mar-27 NAME OF COMPANY FinCom Spike Co Gateway of Tally MASTERS Create Alter CHart of Accounts TRANSACTIONS Vouchers Day 800K UTILITIES BaNking REPORTS Balance Sheet Profit & Loss A/c Stock Summary Ratio Analysis Display More Reports DashbOard Quit 161 nt to •elati c2524 9b89b -c082 Hub" , " : "6b 9b89b -c082 tion_ 24978 isten corre 2fcfc nning ' , "sou Oad7- ...
[keys] 'a' -> Tally 'TallyPrime:9000'
[keys] '{BACKSPACE}{BACKSPACE}{BACKSPACE}{BACKSPACE}{BACKSPACE}{BACKSPACE}{BACKSPACE}{BACKSPACE}{BACKSPACE}{BACKSPACE}{BACKSPACE}{BACKSPACE}{BACKSPACE}{BACKSPACE}{BACKSPACE}{BACKSPACE}{BACKSPACE}{BACKSPACE}{BACKSPACE}{BACKSPACE}' -> Tally 'TallyPrime:9000'
[keys] 'Stock Item' -> Tally 'TallyPrime:9000'
[keys] '{ENTER}' -> Tally 'TallyPrime:9000'
[keys] 'MB Item V' -> Tally 'TallyPrime:9000'
[keys] '{ENTER}' -> Tally 'TallyPrime:9000'
[shot] mh-0580-D2-form (1024x768)
[mh] mh-0580-D2-form: field 137,116,241x15 left 'Name' heads 'Stock Item Alteration / K: Company / Y: Data' value 'MB Item V' (boxes: 137,116,241x15[Name|Stock Item Alteration/K: Company/Y: Data]) | TallyPrime MANAGE Recyc EDU K: Company Stock Item Alteration Y: Data Z: Exchange primary Not Applicable O: Import E: Export M: Share p: print x Name (alias) Firefo Under Googl Units Chro Micros 46 IypÅ Unity Quit MB Item V FinCom • ke Co Statutory Details GST applicability HSWSAC & Related Details HSN/SAC Details Source of details HSN/SAC Description GST Rate & Related Details GST Rate Details Source of details Taxability Type GST Rate Type of Supply Fl: Help F2: period Company • Applicable As per Company/Stock Group Not Available As per Company/Stock Group Not Available Goods 1 FIO: Other Masters Quantity 161 nt to •elati c2524 9b89b -c082 Hub" , " : "6b 9b89b -c082 tion_ 24978 isten corre 2fcfc nning ' , "sou Oad7- age" , " : "6b Opening Balance Accept Q Search Rate per Ip: Delete Value More Details B Get HSN 'SAC Info Configure Windows Server 2025 Datacenter Build 26100.ge_release240331-1435 9:53 PM 10/8/2026
[keys] '%d' -> Tally 'TallyPrime:9000'
[shot] mh-0581-D2-delete-q (1024x768)
[mh] mh-0581-D2-delete-q: field none left '' heads '' value '' (boxes: ) | Recyc TallyPrime MANAGE EDU K: Company Stock Item Alteration Y: Data Z: Exchange O: Import E: Export M: Share p: print FinCom Spike Co Delete Q Yes or No x Fl: Help F2: period F3: Company Firefo Googl Chron Micros lyp Unity Q: Quit FIO : Other Masters nt to •elati c2524 9b89b -c082 Hub" , " : "6b 9b89b -c082 . '2.3 tion_ 24978 isten corre 2fcfc nning ' , "sou Oad7- age" , " : "6b p: Delete l: More Details B: Get HSN - ISAC Info F 12: Configure IA _ : Accept Q Search Windows Server 2025 Datacenter Build 26100.ge_release240331-1435 9:53 PM 10/8/2026
[keys] '' -> Tally 'TallyPrime:9000'
[shot] mh-0582-D2-deleted (1024x768)
[mh] mh-0582-D2-deleted: field 341,142,245x16 left '' heads 'Master Alteration / FinCom • ke Co / Z: Exchange' value '' (boxes: 341,142,245x16[|Master Alteration/FinCom • ke Co/Z: Exchange]) | Recyc TallyPrime MANAGE EDU K: Company Y: Data Z: Exchange FinCom • ke Co Master Alteration List of Stock Items MA Item IR MB Item 1 O: Import Create Back E: Export M: Share p: print Firefo Googl Chron Micros lyp Unity Quit x Fl: Help nt to •elati c2524 9b89b -c082 Hub" , " : "6b 9b89b -c082 : '2.3 tion_ 24978 isten corre 2fcfc nning ' , "sou Oad7- age" , " : "6b Q Search Windows Server 2025 Datacenter Build 26100.ge_release240331-1435 9:53 PM 10/8/2026
[shot] tds-374-mgw0 (1024x768)
[21:53:45] [tds] screen tds-374-mgw0 : Recyc TallyPrime MANAGE EDU K: Company Y: Data Z: Exchange FinCom • ke Co Master Alteration List of Stock Items MA Item IR MB Item 1 O: Import Create Back E: Export M: Share p: print Firefo Googl Chron Micros lyp Unity Quit x Fl: Help nt to •elati c2524 9b89b -c082 Hub" , " : "6b 9b89b -c082 : '2.3 tion_ 24978 isten corre 2fcfc nning ' , "sou Oad7- age" , " : "6b Q Search Windows Server 2025 Datacenter Build 26100.ge_release240331-1435 9:53 PM 10/8/2026
[keys] '{ESC}' -> Tally 'TallyPrime:9000'
[shot] tds-375-mgw1 (1024x768)
[21:53:48] [tds] screen tds-375-mgw1 : TallyPrime MANAGE Recyc EDU Firefo Googl Chron Micros Unity Quit K: Company Y: Data Z: Exchange FinCom • ke Co Master Alteration List of Masters Accounting Masters Group Ledger Cost Centre Currency Voucher Type Inventory Masters Stock Group Stock Category Stock Item Unit Location Payroll Masters Employee Group Employee Units (Work) Attendance/Production Type Pay Heads Payroll Voucher Type Statutory Masters GST Registration GST Classification Statutory Details Company GST Details O: Import Change Company Expand All Show More E: Export M: Share Q Search 161 p: print Fl: Help x nt to •elati c2524...
[keys] '{ESC}' -> Tally 'TallyPrime:9000'
[shot] tds-376-mgw2 (1024x768)
[21:53:51] [tds] screen tds-376-mgw2 : TallyPrime MANAGE Recyc EDU K: Company Gatewa of Tall Y: Data Z: Exchange CURRENT OATE Wednesday, I-Apr-2026 O: Import E: Export M: Share p: print Fl: Help Date Company Firefo Googl Chro Micros 46 IypÅ Unity CURRENT PERIOD I-Apr-26 to 31-Mar-27 NAME OF COMPANY FinCom Spike Co Gateway of Tally MASTERS Create Alter CHart of Accounts TRANSACTIONS Vouchers Day 800K UTILITIES BaNking REPORTS Balance Sheet Profit & Loss A/c Stock Summary Ratio Analysis Display More Reports DashbOard Quit 161 nt to •elati c2524 9b89b -c082 Hub" , " : "6b 9b89b -c082 tion_ 24978 isten corre 2fcfc nning ' , "sou Oad7- ...
  INFO mh B D2-delete-stock-item: stored as typed True; error ''; Ctrl+A 1100.2 ms; add-on lines: none
[21:53:52] ---- mh B D3-delete-pay-head (Pay Head 'MB HRA')
[shot] tds-377-mgw0 (1024x768)
[21:53:52] [tds] screen tds-377-mgw0 : TallyPrime MANAGE Recyc EDU K: Company Gatewa of Tall Y: Data Z: Exchange CURRENT OATE Wednesday, I-Apr-2026 O: Import E: Export M: Share p: print Fl: Help Date Company Firefo Googl Chro Micros 46 IypÅ Unity CURRENT PERIOD I-Apr-26 to 31-Mar-27 NAME OF COMPANY FinCom Spike Co Gateway of Tally MASTERS Create Alter CHart of Accounts TRANSACTIONS Vouchers Day 800K UTILITIES BaNking REPORTS Balance Sheet Profit & Loss A/c Stock Summary Ratio Analysis Display More Reports DashbOard Quit 161 nt to •elati c2524 9b89b -c082 Hub" , " : "6b 9b89b -c082 tion_ 24978 isten corre 2fcfc nning ' , "sou Oad7- ...
[keys] 'a' -> Tally 'TallyPrime:9000'
[keys] '{BACKSPACE}{BACKSPACE}{BACKSPACE}{BACKSPACE}{BACKSPACE}{BACKSPACE}{BACKSPACE}{BACKSPACE}{BACKSPACE}{BACKSPACE}{BACKSPACE}{BACKSPACE}{BACKSPACE}{BACKSPACE}{BACKSPACE}{BACKSPACE}{BACKSPACE}{BACKSPACE}{BACKSPACE}{BACKSPACE}' -> Tally 'TallyPrime:9000'
[keys] 'Pay Head' -> Tally 'TallyPrime:9000'
[keys] '{ENTER}' -> Tally 'TallyPrime:9000'
[keys] 'MB HRA' -> Tally 'TallyPrime:9000'
[keys] '{ENTER}' -> Tally 'TallyPrime:9000'
[shot] mh-0583-D3-form (1024x768)
[mh] mh-0583-D3-form: field 139,113,245x16 left 'Name' heads 'Pa Head Alteration / K: Company / Y: Data' value 'MB HRA' (boxes: 139,113,245x16[Name|Pa Head Alteration/K: Company/Y: Data]) | TallyPrime MANAGE Recyc EDU K: Company Pa Head Alteration Y: Data Z: Exchange O: Import FinCom Spike Co E: Export M: Share P: Print Total Opening Balance Name (alias) Firefo Googl Pay head type Chro MB HRA Pay Head Information Fl: Help F2: period Company Computation Information On Current Earnings Total Income type Under Affect net salary Micros Name to be displayed in payslip Use for calculation of gratuity Calculation type Earnings for Employees Fixed Indirect Expenses Yes MB HRA No As Computed Value Months Compute Effective From upr-26 ( on I-Apr-26) : Amount Amount Up Slab Type Percentage Value Greater Than To FIO: Other Masters Calculation period 46 IypÅ Rounding Method Unity Quit 161 nt to •elati c2524 9b89b -c082 Hub" , " : "6b 9b89b -c082 tion_ 24978 isten corre 2fcfc nning ' , "sou Oad7- age" , " : "6b Rounding Off Information Not Applicable Opening Balance A Accept Q Search D: Delete W: Show All Periods Configure Windows Server 2025 Datacenter Build 26100.ge_release240331-1435 9:54 PM 10/8/2026
[keys] '%d' -> Tally 'TallyPrime:9000'
[shot] mh-0584-D3-delete-q (1024x768)
[mh] mh-0584-D3-delete-q: field none left '' heads '' value '' (boxes: ) | Recyc TallyPrime MANAGE EDU K: Company Pay Head Alteration Y: Data Z: Exchange O: Import E: Export M: Share p: print FinCom Spike Co Delete Q Yes or No x Fl: Help F2: period F3: Company Firefo Googl Chron Micros lyp Unity Q: Quit FIO : Other Masters nt to •elati c2524 9b89b -c082 Hub" , " : "6b 9b89b -c082 . '2.3 tion_ 24978 isten corre 2fcfc nning ' , "sou Oad7- age" , " : "6b p: Delete W: Show All Periods F 12: Configure IA _ : Accept Q Search Windows Server 2025 Datacenter Build 26100.ge_release240331-1435 9:54 PM 10/8/2026
[keys] '' -> Tally 'TallyPrime:9000'
[shot] mh-0585-D3-deleted (1024x768)
[mh] mh-0585-D3-deleted: field 341,142,245x16 left '' heads 'Master Alteration / FinCom • ke Co / Z: Exchange' value '' (boxes: 341,142,245x16[|Master Alteration/FinCom • ke Co/Z: Exchange]) | Recyc TallyPrime MANAGE EDU K: Company Y: Data Z: Exchange FinCom • ke Co Master Alteration Heads O: Import Create Back E: Export M: Share p: print Firefo Googl Chron Micros lyp Unity Quit List of Pa MA Attend MA Basic MA Piece MB Attend MB Basic MB Piece MH Wage x Fl: Help nt to •elati c2524 9b89b -c082 Hub" , " : "6b 9b89b -c082 : '2.3 tion_ 24978 isten corre 2fcfc nning ' , "sou Oad7- age" , " : "6b Q Search Windows Server 2025 Datacenter Build 26100.ge_release240331-1435 9:54 PM 10/8/2026
[shot] tds-378-mgw0 (1024x768)
[21:54:15] [tds] screen tds-378-mgw0 : Recyc TallyPrime MANAGE EDU K: Company Y: Data Z: Exchange FinCom • ke Co Master Alteration Heads O: Import Create Back E: Export M: Share p: print Firefo Googl Chron Micros lyp Unity Quit List of Pa MA Attend MA Basic MA Piece MB Attend MB Basic MB Piece MH Wage x Fl: Help nt to •elati c2524 9b89b -c082 Hub" , " : "6b 9b89b -c082 : '2.3 tion_ 24978 isten corre 2fcfc nning ' , "sou Oad7- age" , " : "6b Q Search Windows Server 2025 Datacenter Build 26100.ge_release240331-1435 9:54 PM 10/8/2026
[keys] '{ESC}' -> Tally 'TallyPrime:9000'
[shot] tds-379-mgw1 (1024x768)
[21:54:18] [tds] screen tds-379-mgw1 : TallyPrime MANAGE Recyc EDU Firefo Googl Chron Micros Unity Quit K: Company Y: Data Z: Exchange FinCom • ke Co Master Alteration List of Masters Accounting Masters Group Ledger Cost Centre Currency Voucher Type Inventory Masters Stock Group Stock Category Stock Item Unit Location Payroll Masters Employee Group Employee Units (Work) Attendance/Production Type Pay Heads Payroll Voucher Type Statutory Masters GST Registration GST Classification Statutory Details Company GST Details O: Import Change Company Expand All Show More E: Export M: Share Q Search 161 p: print Fl: Help x nt to •elati c2524...
[keys] '{ESC}' -> Tally 'TallyPrime:9000'
[shot] tds-380-mgw2 (1024x768)
[21:54:20] [tds] screen tds-380-mgw2 : TallyPrime MANAGE Recyc EDU K: Company Gatewa of Tall Y: Data Z: Exchange CURRENT OATE Wednesday, I-Apr-2026 O: Import E: Export M: Share p: print Fl: Help Date Company Firefo Googl Chro Micros 46 IypÅ Unity CURRENT PERIOD I-Apr-26 to 31-Mar-27 NAME OF COMPANY FinCom Spike Co Gateway of Tally MASTERS Create Alter CHart of Accounts TRANSACTIONS Vouchers Day 800K UTILITIES BaNking REPORTS Balance Sheet Profit & Loss A/c Stock Summary Ratio Analysis Display More Reports DashbOard Quit 161 nt to •elati c2524 9b89b -c082 Hub" , " : "6b 9b89b -c082 tion_ 24978 isten corre 2fcfc nning ' , "sou Oad7- ...
  INFO mh B D3-delete-pay-head: stored as typed True; error ''; Ctrl+A 596.2 ms; add-on lines: none
[shot] tds-381-mgw0 (1024x768)
[21:54:22] [tds] screen tds-381-mgw0 : TallyPrime MANAGE Recyc EDU K: Company Gatewa of Tall Y: Data Z: Exchange CURRENT OATE Wednesday, I-Apr-2026 O: Import E: Export M: Share p: print Fl: Help Date Company Firefo Googl Chro Micros 46 IypÅ Unity CURRENT PERIOD I-Apr-26 to 31-Mar-27 NAME OF COMPANY FinCom Spike Co Gateway of Tally MASTERS Create Alter CHart of Accounts TRANSACTIONS Vouchers Day 800K UTILITIES BaNking REPORTS Balance Sheet Profit & Loss A/c Stock Summary Ratio Analysis Display More Reports DashbOard Quit 161 nt to •elati c2524 9b89b -c082 Hub" , " : "6b 9b89b -c082 tion_ 24978 isten corre 2fcfc nning ' , "sou Oad7- ...
[keys] 'a' -> Tally 'TallyPrime:9000'
[keys] '{BACKSPACE}{BACKSPACE}{BACKSPACE}{BACKSPACE}{BACKSPACE}{BACKSPACE}{BACKSPACE}{BACKSPACE}{BACKSPACE}{BACKSPACE}{BACKSPACE}{BACKSPACE}{BACKSPACE}{BACKSPACE}{BACKSPACE}{BACKSPACE}{BACKSPACE}{BACKSPACE}{BACKSPACE}{BACKSPACE}' -> Tally 'TallyPrime:9000'
[keys] 'Location' -> Tally 'TallyPrime:9000'
[keys] '{ENTER}' -> Tally 'TallyPrime:9000'
[keys] 'MB Godown 1R' -> Tally 'TallyPrime:9000'
[keys] '{ENTER}' -> Tally 'TallyPrime:9000'
[shot] mh-0586-T-Godown1-form (1024x768)
[mh] mh-0586-T-Godown1-form: field 143,117,245x16 left 'Name' heads 'Location Alteration / K: Company Y: Data / Z: Exchange' value 'MB Godown IR' (boxes: 143,117,245x16[Name|Location Alteration/K: Company Y: Data/Z: Exchange]) | Recyc TallyPrime MANAGE EDU K: Company Y: Data Location Alteration Z: Exchange A Accept Q Search FinCom Spike Co O: Import Delete E: Export M: Share p: print x Fl: Help F2: period Company Name (alias) Firefo Under Googl Chron Micros lyp Unity Quit MB Godown IR MB GIX • Primary FIO: Other Masters More Details Configure nt to •elati c2524 9b89b -c082 Hub" , " : "6b 9b89b -c082 . '2.3 tion_ 24978 isten corre 2fcfc nning ' , "sou Oad7- age" , " : "6b Windows Server 2025 Datacenter Build 26100.ge_release240331-1435 9:54 PM 10/8/2026
[shot] mh-0587-T1-w1 (1024x768)
[mh] mh-0587-T1-w1: field 143,117,245x16 left 'Name' heads 'Location Alteration / K: Company Y: Data / Z: Exchange' value '1B Godown IR' (boxes: 143,117,245x16[Name|Location Alteration/K: Company Y: Data/Z: Exchange]) | Recyc TallyPrime MANAGE EDU K: Company Y: Data Location Alteration Z: Exchange A Accept Q Search FinCom Spike Co O: Import Delete E: Export M: Share p: print x Fl: Help F2: period Company Name (alias) Firefo Under Googl Chron Micros lyp Unity Quit 1B Godown IR MB GIX • Primary FIO: Other Masters More Details Configure nt to •elati c2524 9b89b -c082 Hub" , " : "6b 9b89b -c082 . '2.3 tion_ 24978 isten corre 2fcfc nning ' , "sou Oad7- age" , " : "6b Windows Server 2025 Datacenter Build 26100.ge_release240331-1435 9:54 PM 10/8/2026
[keys] '{ENTER}' -> Tally 'TallyPrime:9000'
[shot] mh-0588-T1-w2 (1024x768)
[mh] mh-0588-T1-w2: field 143,135,245x16 left '' heads 'MB Godown IR / Location Alteration / K: Company Y: Data' value 'GIX' (boxes: 143,135,245x16[|MB Godown IR/Location Alteration/K: Company Y: Data]) | Recyc TallyPrime MANAGE EDU K: Company Y: Data Location Alteration Z: Exchange A Accept Q Search O: Import E: Export M: Share p: print FinCom Spike Co x Fl: Help F2: period Company Name Firefo Under Googl Chron Micros lyp Unity Quit MB Godown IR GIX • Primary FIO: Other Masters nt to •elati c2524 9b89b -c082 Hub" , " : "6b 9b89b -c082 . '2.3 tion_ 24978 isten corre 2fcfc nning ' , "sou Oad7- age" , " : "6b Delete More Details Configure Windows Server 2025 Datacenter Build 26100.ge_release240331-1435 9:54 PM 10/8/2026
[mh] T1 rule 0 (alias^MB\s*Godown\s*[1lIi|]R$) on '|MB Godown IR': keys 'MB T1{ENTER}'
[keys] 'MB T1' -> Tally 'TallyPrime:9000'
[keys] '{ENTER}' -> Tally 'TallyPrime:9000'
[keys] '' -> Tally 'TallyPrime:9000'
[shot] mh-0589-T-Godown1-savedT (1024x768)
[mh] mh-0589-T-Godown1-savedT: field 341,142,245x16 left '' heads 'Master Alteration / FinCom • ke Co / Z: Exchange' value '' (boxes: 341,142,245x16[|Master Alteration/FinCom • ke Co/Z: Exchange]) | Recyc TallyPrime MANAGE EDU K: Company Y: Data Z: Exchange FinCom • ke Co Master Alteration List of Locations MA Godown IR Main Location MA T4 MB Godown IR MH Main O: Import Create Back E: Export M: Share p: print Firefo Googl Chron Micros lyp Unity Quit x Fl: Help nt to •elati c2524 9b89b -c082 Hub" , " : "6b 9b89b -c082 : '2.3 tion_ 24978 isten corre 2fcfc nning ' , "sou Oad7- age" , " : "6b Q Search Windows Server 2025 Datacenter Build 26100.ge_release240331-1435 9:54 PM 10/8/2026
[mh] T-Godown1 Ctrl+A to ALTMSTID moved (267 ->): 25.8 ms
[shot] tds-382-mgw0 (1024x768)
[21:54:47] [tds] screen tds-382-mgw0 : Recyc TallyPrime MANAGE EDU K: Company Y: Data Z: Exchange FinCom • ke Co Master Alteration List of Locations MA Godown IR Main Location MA T4 MB Godown IR MH Main O: Import Create Back E: Export M: Share p: print Firefo Googl Chron Micros lyp Unity Quit x Fl: Help nt to •elati c2524 9b89b -c082 Hub" , " : "6b 9b89b -c082 : '2.3 tion_ 24978 isten corre 2fcfc nning ' , "sou Oad7- age" , " : "6b Q Search Windows Server 2025 Datacenter Build 26100.ge_release240331-1435 9:54 PM 10/8/2026
[keys] '{ESC}' -> Tally 'TallyPrime:9000'
[shot] tds-383-mgw1 (1024x768)
[21:54:49] [tds] screen tds-383-mgw1 : TallyPrime MANAGE Recyc EDU Firefo Googl Chron Micros Unity Quit K: Company Y: Data Z: Exchange FinCom • ke Co Master Alteration List of Masters Accounting Masters Group Ledger Cost Centre Currency Voucher Type Inventory Masters Stock Group Stock Category Stock Item Unit Location Payroll Masters Employee Group Employee Units (Work) Attendance/Production Type Pay Heads Payroll Voucher Type Statutory Masters GST Registration GST Classification Statutory Details Company GST Details O: Import Change Company Expand All Show More E: Export M: Share Q Search 161 p: print Fl: Help x nt to •elati c2524...
[keys] '{ESC}' -> Tally 'TallyPrime:9000'
[shot] tds-384-mgw2 (1024x768)
[21:54:52] [tds] screen tds-384-mgw2 : TallyPrime MANAGE Recyc EDU K: Company Gatewa of Tall Y: Data Z: Exchange CURRENT OATE Wednesday, I-Apr-2026 O: Import E: Export M: Share p: print Fl: Help Date Company Firefo Googl Chro Micros 46 IypÅ Unity CURRENT PERIOD I-Apr-26 to 31-Mar-27 NAME OF COMPANY FinCom Spike Co Gateway of Tally MASTERS Create Alter CHart of Accounts TRANSACTIONS Vouchers Day 800K UTILITIES BaNking REPORTS Balance Sheet Profit & Loss A/c Stock Summary Ratio Analysis Display More Reports DashbOard Quit 161 nt to •elati c2524 9b89b -c082 Hub" , " : "6b 9b89b -c082 tion_ 24978 isten corre 2fcfc nning ' , "sou Oad7- ...
[keys] 'a' -> Tally 'TallyPrime:9000'
[keys] '{BACKSPACE}{BACKSPACE}{BACKSPACE}{BACKSPACE}{BACKSPACE}{BACKSPACE}{BACKSPACE}{BACKSPACE}{BACKSPACE}{BACKSPACE}{BACKSPACE}{BACKSPACE}{BACKSPACE}{BACKSPACE}{BACKSPACE}{BACKSPACE}{BACKSPACE}{BACKSPACE}{BACKSPACE}{BACKSPACE}' -> Tally 'TallyPrime:9000'
[keys] 'Location' -> Tally 'TallyPrime:9000'
[keys] '{ENTER}' -> Tally 'TallyPrime:9000'
[keys] 'MB Godown 1R' -> Tally 'TallyPrime:9000'
[keys] '{ENTER}' -> Tally 'TallyPrime:9000'
[shot] mh-0590-T-Godown2-form (1024x768)
[mh] mh-0590-T-Godown2-form: field 143,117,245x16 left 'Name' heads 'Location Alteration / K: Company Y: Data / Z: Exchange' value 'MB Godown IR' (boxes: 143,117,245x16[Name|Location Alteration/K: Company Y: Data/Z: Exchange]) | Recyc TallyPrime MANAGE EDU K: Company Y: Data Location Alteration Z: Exchange A Accept Q Search FinCom Spike Co O: Import Delete E: Export M: Share p: print x Fl: Help F2: period Company Name (alias) Firefo Under Googl Chron Micros lyp Unity Quit MB Godown IR • Primary FIO: Other Masters More Details Configure nt to •elati c2524 9b89b -c082 Hub" , " : "6b 9b89b -c082 . '2.3 tion_ 24978 isten corre 2fcfc nning ' , "sou Oad7- age" , " : "6b Windows Server 2025 Datacenter Build 26100.ge_release240331-1435 9:55 PM 10/8/2026
[shot] mh-0591-T2-w1 (1024x768)
[mh] mh-0591-T2-w1: field 143,117,245x16 left 'Name' heads 'Location Alteration / K: Company Y: Data / Z: Exchange' value '1B Godown IR' (boxes: 143,117,245x16[Name|Location Alteration/K: Company Y: Data/Z: Exchange]) | Recyc TallyPrime MANAGE EDU K: Company Y: Data Location Alteration Z: Exchange A Accept Q Search FinCom Spike Co O: Import Delete E: Export M: Share p: print x Fl: Help F2: period Company Name (alias) Firefo Under Googl Chron Micros lyp Unity Quit 1B Godown IR • Primary FIO: Other Masters More Details Configure nt to •elati c2524 9b89b -c082 Hub" , " : "6b 9b89b -c082 . '2.3 tion_ 24978 isten corre 2fcfc nning ' , "sou Oad7- age" , " : "6b Windows Server 2025 Datacenter Build 26100.ge_release240331-1435 9:55 PM 10/8/2026
[keys] '{ENTER}' -> Tally 'TallyPrime:9000'
[shot] mh-0592-T2-w2 (1024x768)
[mh] mh-0592-T2-w2: field 143,135,245x16 left '' heads 'MB Godown IR / Location Alteration / K: Company Y: Data' value '' (boxes: 143,135,245x16[|MB Godown IR/Location Alteration/K: Company Y: Data]) | Recyc TallyPrime MANAGE EDU K: Company Y: Data Location Alteration Z: Exchange A Accept Q Search O: Import E: Export M: Share p: print FinCom Spike Co x Fl: Help F2: period Company Name Firefo Under Googl Chron Micros lyp Unity Quit MB Godown IR • Primary FIO: Other Masters nt to •elati c2524 9b89b -c082 Hub" , " : "6b 9b89b -c082 . '2.3 tion_ 24978 isten corre 2fcfc nning ' , "sou Oad7- age" , " : "6b Delete More Details Configure Windows Server 2025 Datacenter Build 26100.ge_release240331-1435 9:55 PM 10/8/2026
[mh] T2 rule 0 (alias^MB\s*Godown\s*[1lIi|]R$) on '|MB Godown IR': keys 'MB T2{ENTER}'
[keys] 'MB T2' -> Tally 'TallyPrime:9000'
[keys] '{ENTER}' -> Tally 'TallyPrime:9000'
[keys] '' -> Tally 'TallyPrime:9000'
[shot] mh-0593-T-Godown2-savedT (1024x768)
[mh] mh-0593-T-Godown2-savedT: field 341,142,245x16 left '' heads 'Master Alteration / FinCom • ke Co / Z: Exchange' value '' (boxes: 341,142,245x16[|Master Alteration/FinCom • ke Co/Z: Exchange]) | Recyc TallyPrime MANAGE EDU K: Company Y: Data Z: Exchange FinCom • ke Co Master Alteration List of Locations MA Godown IR Main Location MA T4 MB Godown IR MBT2 MH Main O: Import Create Back E: Export M: Share p: print Firefo Googl Chron Micros lyp Unity Quit x Fl: Help nt to •elati c2524 9b89b -c082 Hub" , " : "6b 9b89b -c082 : '2.3 tion_ 24978 isten corre 2fcfc nning ' , "sou Oad7- age" , " : "6b Q Search Windows Server 2025 Datacenter Build 26100.ge_release240331-1435 9:55 PM 10/8/2026
[mh] T-Godown2 Ctrl+A to ALTMSTID moved (268 ->): 25.7 ms
[shot] tds-385-mgw0 (1024x768)
[21:55:17] [tds] screen tds-385-mgw0 : Recyc TallyPrime MANAGE EDU K: Company Y: Data Z: Exchange FinCom • ke Co Master Alteration List of Locations MA Godown IR Main Location MA T4 MB Godown IR MBT2 MH Main O: Import Create Back E: Export M: Share p: print Firefo Googl Chron Micros lyp Unity Quit x Fl: Help nt to •elati c2524 9b89b -c082 Hub" , " : "6b 9b89b -c082 : '2.3 tion_ 24978 isten corre 2fcfc nning ' , "sou Oad7- age" , " : "6b Q Search Windows Server 2025 Datacenter Build 26100.ge_release240331-1435 9:55 PM 10/8/2026
[keys] '{ESC}' -> Tally 'TallyPrime:9000'
[shot] tds-386-mgw1 (1024x768)
[21:55:20] [tds] screen tds-386-mgw1 : TallyPrime MANAGE Recyc EDU Firefo Googl Chron Micros Unity Quit K: Company Y: Data Z: Exchange FinCom • ke Co Master Alteration List of Masters Accounting Masters Group Ledger Cost Centre Currency Voucher Type Inventory Masters Stock Group Stock Category Stock Item Unit Location Payroll Masters Employee Group Employee Units (Work) Attendance/Production Type Pay Heads Payroll Voucher Type Statutory Masters GST Registration GST Classification Statutory Details Company GST Details O: Import Change Company Expand All Show More E: Export M: Share Q Search 161 p: print Fl: Help x nt to •elati c2524...
[keys] '{ESC}' -> Tally 'TallyPrime:9000'
[shot] tds-387-mgw2 (1024x768)
[21:55:22] [tds] screen tds-387-mgw2 : TallyPrime MANAGE Recyc EDU K: Company Gatewa of Tall Y: Data Z: Exchange CURRENT OATE Wednesday, I-Apr-2026 O: Import E: Export M: Share p: print Fl: Help Date Company Firefo Googl Chro Micros 46 IypÅ Unity CURRENT PERIOD I-Apr-26 to 31-Mar-27 NAME OF COMPANY FinCom Spike Co Gateway of Tally MASTERS Create Alter CHart of Accounts TRANSACTIONS Vouchers Day 800K UTILITIES BaNking REPORTS Balance Sheet Profit & Loss A/c Stock Summary Ratio Analysis Display More Reports DashbOard Quit 161 nt to •elati c2524 9b89b -c082 Hub" , " : "6b 9b89b -c082 tion_ 24978 isten corre 2fcfc nning ' , "sou Oad7- ...
[keys] 'a' -> Tally 'TallyPrime:9000'
[keys] '{BACKSPACE}{BACKSPACE}{BACKSPACE}{BACKSPACE}{BACKSPACE}{BACKSPACE}{BACKSPACE}{BACKSPACE}{BACKSPACE}{BACKSPACE}{BACKSPACE}{BACKSPACE}{BACKSPACE}{BACKSPACE}{BACKSPACE}{BACKSPACE}{BACKSPACE}{BACKSPACE}{BACKSPACE}{BACKSPACE}' -> Tally 'TallyPrime:9000'
[keys] 'Location' -> Tally 'TallyPrime:9000'
[keys] '{ENTER}' -> Tally 'TallyPrime:9000'
[keys] 'MB Godown 1R' -> Tally 'TallyPrime:9000'
[keys] '{ENTER}' -> Tally 'TallyPrime:9000'
[shot] mh-0594-T-Godown3-form (1024x768)
[mh] mh-0594-T-Godown3-form: field 143,117,245x16 left 'Name' heads 'Location Alteration / K: Company Y: Data / Z: Exchange' value 'MB Godown IR' (boxes: 143,117,245x16[Name|Location Alteration/K: Company Y: Data/Z: Exchange]) | Recyc TallyPrime MANAGE EDU K: Company Y: Data Location Alteration Z: Exchange A Accept Q Search FinCom Spike Co O: Import Delete E: Export M: Share p: print x Fl: Help F2: period Company Name (alias) Firefo Under Googl Chron Micros lyp Unity Quit MB Godown IR MBT2 • Primary FIO: Other Masters More Details Configure nt to •elati c2524 9b89b -c082 Hub" , " : "6b 9b89b -c082 . '2.3 tion_ 24978 isten corre 2fcfc nning ' , "sou Oad7- age" , " : "6b Windows Server 2025 Datacenter Build 26100.ge_release240331-1435 9:55 PM 10/8/2026
[shot] mh-0595-T3-w1 (1024x768)
[mh] mh-0595-T3-w1: field 143,117,245x16 left 'Name' heads 'Location Alteration / K: Company Y: Data / Z: Exchange' value 'MB Godown IR' (boxes: 143,117,245x16[Name|Location Alteration/K: Company Y: Data/Z: Exchange]) | Recyc TallyPrime MANAGE EDU K: Company Y: Data Location Alteration Z: Exchange A Accept Q Search FinCom Spike Co O: Import Delete E: Export M: Share p: print x Fl: Help F2: period Company Name (alias) Firefo Under Googl Chron Micros lyp Unity Quit MB Godown IR MBT2 • Primary FIO: Other Masters More Details Configure nt to •elati c2524 9b89b -c082 Hub" , " : "6b 9b89b -c082 . '2.3 tion_ 24978 isten corre 2fcfc nning ' , "sou Oad7- age" , " : "6b Windows Server 2025 Datacenter Build 26100.ge_release240331-1435 9:55 PM 10/8/2026
[keys] '{ENTER}' -> Tally 'TallyPrime:9000'
[shot] mh-0596-T3-w2 (1024x768)
[mh] mh-0596-T3-w2: field 143,135,245x16 left '' heads 'MB Godown IR / Location Alteration / K: Company Y: Data' value '' (boxes: 143,135,245x16[|MB Godown IR/Location Alteration/K: Company Y: Data]) | Recyc TallyPrime MANAGE EDU K: Company Y: Data Location Alteration Z: Exchange A Accept Q Search O: Import E: Export M: Share p: print FinCom Spike Co x Fl: Help F2: period Company Name Firefo Under Googl Chron Micros lyp Unity Quit MB Godown IR • Primary FIO: Other Masters nt to •elati c2524 9b89b -c082 Hub" , " : "6b 9b89b -c082 . '2.3 tion_ 24978 isten corre 2fcfc nning ' , "sou Oad7- age" , " : "6b Delete More Details Configure Windows Server 2025 Datacenter Build 26100.ge_release240331-1435 9:55 PM 10/8/2026
[mh] T3 rule 0 (alias^MB\s*Godown\s*[1lIi|]R$) on '|MB Godown IR': keys 'MB T3{ENTER}'
[keys] 'MB T3' -> Tally 'TallyPrime:9000'
[keys] '{ENTER}' -> Tally 'TallyPrime:9000'
[keys] '' -> Tally 'TallyPrime:9000'
[shot] mh-0597-T-Godown3-savedT (1024x768)
[mh] mh-0597-T-Godown3-savedT: field 341,142,245x16 left '' heads 'Master Alteration / FinCom • ke Co / Z: Exchange' value '' (boxes: 341,142,245x16[|Master Alteration/FinCom • ke Co/Z: Exchange]) | Recyc TallyPrime MANAGE EDU K: Company Y: Data Z: Exchange FinCom • ke Co Master Alteration List of Locations MA Godown IR Main Location MA T4 MB Godown IR MBT3 MH Main O: Import Create Back E: Export M: Share p: print Firefo Googl Chron Micros lyp Unity Quit x Fl: Help nt to •elati c2524 9b89b -c082 Hub" , " : "6b 9b89b -c082 : '2.3 tion_ 24978 isten corre 2fcfc nning ' , "sou Oad7- age" , " : "6b Q Search Windows Server 2025 Datacenter Build 26100.ge_release240331-1435 9:55 PM 10/8/2026
[mh] T-Godown3 Ctrl+A to ALTMSTID moved (269 ->): 26.8 ms
[shot] tds-388-mgw0 (1024x768)
[21:55:47] [tds] screen tds-388-mgw0 : Recyc TallyPrime MANAGE EDU K: Company Y: Data Z: Exchange FinCom • ke Co Master Alteration List of Locations MA Godown IR Main Location MA T4 MB Godown IR MBT3 MH Main O: Import Create Back E: Export M: Share p: print Firefo Googl Chron Micros lyp Unity Quit x Fl: Help nt to •elati c2524 9b89b -c082 Hub" , " : "6b 9b89b -c082 : '2.3 tion_ 24978 isten corre 2fcfc nning ' , "sou Oad7- age" , " : "6b Q Search Windows Server 2025 Datacenter Build 26100.ge_release240331-1435 9:55 PM 10/8/2026
[keys] '{ESC}' -> Tally 'TallyPrime:9000'
[shot] tds-389-mgw1 (1024x768)
[21:55:50] [tds] screen tds-389-mgw1 : TallyPrime MANAGE Recyc EDU Firefo Googl Chron Micros Unity Quit K: Company Y: Data Z: Exchange FinCom • ke Co Master Alteration List of Masters Accounting Masters Group Ledger Cost Centre Currency Voucher Type Inventory Masters Stock Group Stock Category Stock Item Unit Location Payroll Masters Employee Group Employee Units (Work) Attendance/Production Type Pay Heads Payroll Voucher Type Statutory Masters GST Registration GST Classification Statutory Details Company GST Details O: Import Change Company Expand All Show More E: Export M: Share Q Search 161 p: print Fl: Help x nt to •elati c2524...
[keys] '{ESC}' -> Tally 'TallyPrime:9000'
[shot] tds-390-mgw2 (1024x768)
[21:55:52] [tds] screen tds-390-mgw2 : TallyPrime MANAGE Recyc EDU K: Company Gatewa of Tall Y: Data Z: Exchange CURRENT OATE Wednesday, I-Apr-2026 O: Import E: Export M: Share p: print Fl: Help Date Company Firefo Googl Chro Micros 46 IypÅ Unity CURRENT PERIOD I-Apr-26 to 31-Mar-27 NAME OF COMPANY FinCom Spike Co Gateway of Tally MASTERS Create Alter CHart of Accounts TRANSACTIONS Vouchers Day 800K UTILITIES BaNking REPORTS Balance Sheet Profit & Loss A/c Stock Summary Ratio Analysis Display More Reports DashbOard Quit 161 nt to •elati c2524 9b89b -c082 Hub" , " : "6b 9b89b -c082 tion_ 24978 isten corre 2fcfc nning ' , "sou Oad7- ...
[keys] 'a' -> Tally 'TallyPrime:9000'
[keys] '{BACKSPACE}{BACKSPACE}{BACKSPACE}{BACKSPACE}{BACKSPACE}{BACKSPACE}{BACKSPACE}{BACKSPACE}{BACKSPACE}{BACKSPACE}{BACKSPACE}{BACKSPACE}{BACKSPACE}{BACKSPACE}{BACKSPACE}{BACKSPACE}{BACKSPACE}{BACKSPACE}{BACKSPACE}{BACKSPACE}' -> Tally 'TallyPrime:9000'
[keys] 'Location' -> Tally 'TallyPrime:9000'
[keys] '{ENTER}' -> Tally 'TallyPrime:9000'
[keys] 'MB Godown 1R' -> Tally 'TallyPrime:9000'
[keys] '{ENTER}' -> Tally 'TallyPrime:9000'
[shot] mh-0598-T-Godown4-form (1024x768)
[mh] mh-0598-T-Godown4-form: field 143,117,245x16 left 'Name' heads 'Location Alteration / K: Company Y: Data / Z: Exchange' value 'MB Godown IR' (boxes: 143,117,245x16[Name|Location Alteration/K: Company Y: Data/Z: Exchange]) | Recyc TallyPrime MANAGE EDU K: Company Y: Data Location Alteration Z: Exchange A Accept Q Search FinCom Spike Co O: Import Delete E: Export M: Share p: print x Fl: Help F2: period Company Name (alias) Firefo Under Googl Chron Micros lyp Unity Quit MB Godown IR MBT3 • Primary FIO: Other Masters More Details Configure nt to •elati c2524 9b89b -c082 Hub" , " : "6b 9b89b -c082 . '2.3 tion_ 24978 isten corre 2fcfc nning ' , "sou Oad7- age" , " : "6b Windows Server 2025 Datacenter Build 26100.ge_release240331-1435 9:56 PM 10/8/2026
[shot] mh-0599-T4-w1 (1024x768)
[mh] mh-0599-T4-w1: field 143,117,245x16 left 'Name' heads 'Location Alteration / K: Company Y: Data / Z: Exchange' value 'MB Godown IR' (boxes: 143,117,245x16[Name|Location Alteration/K: Company Y: Data/Z: Exchange]) | Recyc TallyPrime MANAGE EDU K: Company Y: Data Location Alteration Z: Exchange A Accept Q Search FinCom Spike Co O: Import Delete E: Export M: Share p: print x Fl: Help F2: period Company Name (alias) Firefo Under Googl Chron Micros lyp Unity Quit MB Godown IR MBT3 • Primary FIO: Other Masters More Details Configure nt to •elati c2524 9b89b -c082 Hub" , " : "6b 9b89b -c082 . '2.3 tion_ 24978 isten corre 2fcfc nning ' , "sou Oad7- age" , " : "6b Windows Server 2025 Datacenter Build 26100.ge_release240331-1435 9:56 PM 10/8/2026
[keys] '{ENTER}' -> Tally 'TallyPrime:9000'
[shot] mh-0600-T4-w2 (1024x768)
[mh] mh-0600-T4-w2: field 143,135,245x16 left '' heads 'MB Godown IR / Location Alteration / K: Company Y: Data' value '' (boxes: 143,135,245x16[|MB Godown IR/Location Alteration/K: Company Y: Data]) | Recyc TallyPrime MANAGE EDU K: Company Y: Data Location Alteration Z: Exchange A Accept Q Search O: Import E: Export M: Share p: print FinCom Spike Co x Fl: Help F2: period Company Name Firefo Under Googl Chron Micros lyp Unity Quit MB Godown IR • Primary FIO: Other Masters nt to •elati c2524 9b89b -c082 Hub" , " : "6b 9b89b -c082 . '2.3 tion_ 24978 isten corre 2fcfc nning ' , "sou Oad7- age" , " : "6b Delete More Details Configure Windows Server 2025 Datacenter Build 26100.ge_release240331-1435 9:56 PM 10/8/2026
[mh] T4 rule 0 (alias^MB\s*Godown\s*[1lIi|]R$) on '|MB Godown IR': keys 'MB T4{ENTER}'
[keys] 'MB T4' -> Tally 'TallyPrime:9000'
[keys] '{ENTER}' -> Tally 'TallyPrime:9000'
[keys] '' -> Tally 'TallyPrime:9000'
[shot] mh-0601-T-Godown4-savedT (1024x768)
[mh] mh-0601-T-Godown4-savedT: field 341,142,245x16 left '' heads 'Master Alteration / FinCom • ke Co / Z: Exchange' value '' (boxes: 341,142,245x16[|Master Alteration/FinCom • ke Co/Z: Exchange]) | Recyc TallyPrime MANAGE EDU K: Company Y: Data Z: Exchange FinCom • ke Co Master Alteration List of Locations MA Godown IR Main Location MA T4 MB Godown IR MB T4 MH Main O: Import Create Back E: Export M: Share p: print Firefo Googl Chron Micros lyp Unity Quit x Fl: Help nt to •elati c2524 9b89b -c082 Hub" , " : "6b 9b89b -c082 : '2.3 tion_ 24978 isten corre 2fcfc nning ' , "sou Oad7- age" , " : "6b Q Search Windows Server 2025 Datacenter Build 26100.ge_release240331-1435 9:56 PM 10/8/2026
[mh] T-Godown4 Ctrl+A to ALTMSTID moved (270 ->): 26.8 ms
[shot] tds-391-mgw0 (1024x768)
[21:56:17] [tds] screen tds-391-mgw0 : Recyc TallyPrime MANAGE EDU K: Company Y: Data Z: Exchange FinCom • ke Co Master Alteration List of Locations MA Godown IR Main Location MA T4 MB Godown IR MB T4 MH Main O: Import Create Back E: Export M: Share p: print Firefo Googl Chron Micros lyp Unity Quit x Fl: Help nt to •elati c2524 9b89b -c082 Hub" , " : "6b 9b89b -c082 : '2.3 tion_ 24978 isten corre 2fcfc nning ' , "sou Oad7- age" , " : "6b Q Search Windows Server 2025 Datacenter Build 26100.ge_release240331-1435 9:56 PM 10/8/2026
[keys] '{ESC}' -> Tally 'TallyPrime:9000'
[shot] tds-392-mgw1 (1024x768)
[21:56:20] [tds] screen tds-392-mgw1 : TallyPrime MANAGE Recyc EDU Firefo Googl Chron Micros Unity Quit K: Company Y: Data Z: Exchange FinCom • ke Co Master Alteration List of Masters Accounting Masters Group Ledger Cost Centre Currency Voucher Type Inventory Masters Stock Group Stock Category Stock Item Unit Location Payroll Masters Employee Group Employee Units (Work) Attendance/Production Type Pay Heads Payroll Voucher Type Statutory Masters GST Registration GST Classification Statutory Details Company GST Details O: Import Change Company Expand All Show More E: Export M: Share Q Search 161 p: print Fl: Help x nt to •elati c2524...
[keys] '{ESC}' -> Tally 'TallyPrime:9000'
[shot] tds-393-mgw2 (1024x768)
[21:56:23] [tds] screen tds-393-mgw2 : TallyPrime MANAGE Recyc EDU K: Company Gatewa of Tall Y: Data Z: Exchange CURRENT OATE Wednesday, I-Apr-2026 O: Import E: Export M: Share p: print Fl: Help Date Company Firefo Googl Chro Micros 46 IypÅ Unity CURRENT PERIOD I-Apr-26 to 31-Mar-27 NAME OF COMPANY FinCom Spike Co Gateway of Tally MASTERS Create Alter CHart of Accounts TRANSACTIONS Vouchers Day 800K UTILITIES BaNking REPORTS Balance Sheet Profit & Loss A/c Stock Summary Ratio Analysis Display More Reports DashbOard Quit 161 nt to •elati c2524 9b89b -c082 Hub" , " : "6b 9b89b -c082 tion_ 24978 isten corre 2fcfc nning ' , "sou Oad7- ...
[keys] 'a' -> Tally 'TallyPrime:9000'
[keys] '{BACKSPACE}{BACKSPACE}{BACKSPACE}{BACKSPACE}{BACKSPACE}{BACKSPACE}{BACKSPACE}{BACKSPACE}{BACKSPACE}{BACKSPACE}{BACKSPACE}{BACKSPACE}{BACKSPACE}{BACKSPACE}{BACKSPACE}{BACKSPACE}{BACKSPACE}{BACKSPACE}{BACKSPACE}{BACKSPACE}' -> Tally 'TallyPrime:9000'
[keys] 'Location' -> Tally 'TallyPrime:9000'
[keys] '{ENTER}' -> Tally 'TallyPrime:9000'
[keys] 'MB Godown 1R' -> Tally 'TallyPrime:9000'
[keys] '{ENTER}' -> Tally 'TallyPrime:9000'
[shot] mh-0602-T-Godown5-form (1024x768)
[mh] mh-0602-T-Godown5-form: field 143,117,245x16 left 'Name' heads 'Location Alteration / K: Company Y: Data / Z: Exchange' value 'MB Godown IR' (boxes: 143,117,245x16[Name|Location Alteration/K: Company Y: Data/Z: Exchange]) | Recyc TallyPrime MANAGE EDU K: Company Y: Data Location Alteration Z: Exchange A Accept Q Search FinCom Spike Co O: Import Delete E: Export M: Share p: print x Fl: Help F2: period Company Name (alias) Firefo Under Googl Chron Micros lyp Unity Quit MB Godown IR MB T4 • Primary FIO: Other Masters More Details Configure nt to •elati c2524 9b89b -c082 Hub" , " : "6b 9b89b -c082 . '2.3 tion_ 24978 isten corre 2fcfc nning ' , "sou Oad7- age" , " : "6b Windows Server 2025 Datacenter Build 26100.ge_release240331-1435 9:56 PM 10/8/2026
[shot] mh-0603-T5-w1 (1024x768)
[mh] mh-0603-T5-w1: field 143,117,245x16 left 'Name' heads 'Location Alteration / K: Company Y: Data / Z: Exchange' value '1B Godown IR' (boxes: 143,117,245x16[Name|Location Alteration/K: Company Y: Data/Z: Exchange]) | Recyc TallyPrime MANAGE EDU K: Company Y: Data Location Alteration Z: Exchange A Accept Q Search FinCom Spike Co O: Import Delete E: Export M: Share p: print x Fl: Help F2: period Company Name (alias) Firefo Under Googl Chron Micros lyp Unity Quit 1B Godown IR MB T4 • Primary FIO: Other Masters More Details Configure nt to •elati c2524 9b89b -c082 Hub" , " : "6b 9b89b -c082 . '2.3 tion_ 24978 isten corre 2fcfc nning ' , "sou Oad7- age" , " : "6b Windows Server 2025 Datacenter Build 26100.ge_release240331-1435 9:56 PM 10/8/2026
[keys] '{ENTER}' -> Tally 'TallyPrime:9000'
[shot] mh-0604-T5-w2 (1024x768)
[mh] mh-0604-T5-w2: field 143,135,245x16 left '' heads 'MB Godown IR / Location Alteration / K: Company Y: Data' value '' (boxes: 143,135,245x16[|MB Godown IR/Location Alteration/K: Company Y: Data]) | Recyc TallyPrime MANAGE EDU K: Company Y: Data Location Alteration Z: Exchange A Accept Q Search O: Import E: Export M: Share p: print FinCom Spike Co x Fl: Help F2: period Company Name Firefo Under Googl Chron Micros lyp Unity Quit MB Godown IR • Primary FIO: Other Masters nt to •elati c2524 9b89b -c082 Hub" , " : "6b 9b89b -c082 . '2.3 tion_ 24978 isten corre 2fcfc nning ' , "sou Oad7- age" , " : "6b Delete More Details Configure Windows Server 2025 Datacenter Build 26100.ge_release240331-1435 9:56 PM 10/8/2026
[mh] T5 rule 0 (alias^MB\s*Godown\s*[1lIi|]R$) on '|MB Godown IR': keys 'MB T5{ENTER}'
[keys] 'MB T5' -> Tally 'TallyPrime:9000'
[keys] '{ENTER}' -> Tally 'TallyPrime:9000'
[keys] '' -> Tally 'TallyPrime:9000'
[shot] mh-0605-T-Godown5-savedT (1024x768)
[mh] mh-0605-T-Godown5-savedT: field 341,142,245x16 left '' heads 'Master Alteration / FinCom • ke Co / Z: Exchange' value '' (boxes: 341,142,245x16[|Master Alteration/FinCom • ke Co/Z: Exchange]) | Recyc TallyPrime MANAGE EDU K: Company Y: Data Z: Exchange FinCom • ke Co Master Alteration List of Locations MA Godown IR Main Location MA T4 MB Godown IR MBT5 MH Main O: Import Create Back E: Export M: Share p: print Firefo Googl Chron Micros lyp Unity Quit x Fl: Help nt to •elati c2524 9b89b -c082 Hub" , " : "6b 9b89b -c082 : '2.3 tion_ 24978 isten corre 2fcfc nning ' , "sou Oad7- age" , " : "6b Q Search Windows Server 2025 Datacenter Build 26100.ge_release240331-1435 9:56 PM 10/8/2026
[mh] T-Godown5 Ctrl+A to ALTMSTID moved (271 ->): 27.4 ms
[shot] tds-394-mgw0 (1024x768)
[21:56:48] [tds] screen tds-394-mgw0 : Recyc TallyPrime MANAGE EDU K: Company Y: Data Z: Exchange FinCom • ke Co Master Alteration List of Locations MA Godown IR Main Location MA T4 MB Godown IR MBT5 MH Main O: Import Create Back E: Export M: Share p: print Firefo Googl Chron Micros lyp Unity Quit x Fl: Help nt to •elati c2524 9b89b -c082 Hub" , " : "6b 9b89b -c082 : '2.3 tion_ 24978 isten corre 2fcfc nning ' , "sou Oad7- age" , " : "6b Q Search Windows Server 2025 Datacenter Build 26100.ge_release240331-1435 9:56 PM 10/8/2026
[keys] '{ESC}' -> Tally 'TallyPrime:9000'
[shot] tds-395-mgw1 (1024x768)
[21:56:51] [tds] screen tds-395-mgw1 : TallyPrime MANAGE Recyc EDU Firefo Googl Chron Micros Unity Quit K: Company Y: Data Z: Exchange FinCom • ke Co Master Alteration List of Masters Accounting Masters Group Ledger Cost Centre Currency Voucher Type Inventory Masters Stock Group Stock Category Stock Item Unit Location Payroll Masters Employee Group Employee Units (Work) Attendance/Production Type Pay Heads Payroll Voucher Type Statutory Masters GST Registration GST Classification Statutory Details Company GST Details O: Import Change Company Expand All Show More E: Export M: Share Q Search 161 p: print Fl: Help x nt to •elati c2524...
[keys] '{ESC}' -> Tally 'TallyPrime:9000'
[shot] tds-396-mgw2 (1024x768)
[21:56:53] [tds] screen tds-396-mgw2 : TallyPrime MANAGE Recyc EDU K: Company Gatewa of Tall Y: Data Z: Exchange CURRENT OATE Wednesday, I-Apr-2026 O: Import E: Export M: Share p: print Fl: Help Date Company Firefo Googl Chro Micros 46 IypÅ Unity CURRENT PERIOD I-Apr-26 to 31-Mar-27 NAME OF COMPANY FinCom Spike Co Gateway of Tally MASTERS Create Alter CHart of Accounts TRANSACTIONS Vouchers Day 800K UTILITIES BaNking REPORTS Balance Sheet Profit & Loss A/c Stock Summary Ratio Analysis Display More Reports DashbOard Quit 161 nt to •elati c2524 9b89b -c082 Hub" , " : "6b 9b89b -c082 tion_ 24978 isten corre 2fcfc nning ' , "sou Oad7- ...
  INFO mh B save time Godown (alter, Ctrl+A to Tally's ALTMSTID moved): 25.8, 25.7, 26.8, 26.8, 27.4 ms
[shot] tds-397-mgw0 (1024x768)
[21:56:54] [tds] screen tds-397-mgw0 : TallyPrime MANAGE Recyc EDU K: Company Gatewa of Tall Y: Data Z: Exchange CURRENT OATE Wednesday, I-Apr-2026 O: Import E: Export M: Share p: print Fl: Help Date Company Firefo Googl Chro Micros 46 IypÅ Unity CURRENT PERIOD I-Apr-26 to 31-Mar-27 NAME OF COMPANY FinCom Spike Co Gateway of Tally MASTERS Create Alter CHart of Accounts TRANSACTIONS Vouchers Day 800K UTILITIES BaNking REPORTS Balance Sheet Profit & Loss A/c Stock Summary Ratio Analysis Display More Reports DashbOard Quit 161 nt to •elati c2524 9b89b -c082 Hub" , " : "6b 9b89b -c082 tion_ 24978 isten corre 2fcfc nning ' , "sou Oad7- ...
[keys] 'a' -> Tally 'TallyPrime:9000'
[keys] '{BACKSPACE}{BACKSPACE}{BACKSPACE}{BACKSPACE}{BACKSPACE}{BACKSPACE}{BACKSPACE}{BACKSPACE}{BACKSPACE}{BACKSPACE}{BACKSPACE}{BACKSPACE}{BACKSPACE}{BACKSPACE}{BACKSPACE}{BACKSPACE}{BACKSPACE}{BACKSPACE}{BACKSPACE}{BACKSPACE}' -> Tally 'TallyPrime:9000'
[keys] 'Stock Item' -> Tally 'TallyPrime:9000'
[keys] '{ENTER}' -> Tally 'TallyPrime:9000'
[keys] 'MB Item 1R' -> Tally 'TallyPrime:9000'
[keys] '{ENTER}' -> Tally 'TallyPrime:9000'
[shot] mh-0606-T-StockItem1-form (1024x768)
[mh] mh-0606-T-StockItem1-form: field 341,142,245x16 left '' heads 'Master Alteration / FinCom • ke Co / Z: Exchange' value 'MB Item 1' (boxes: 341,142,245x16[|Master Alteration/FinCom • ke Co/Z: Exchange]) | Recyc TallyPrime MANAGE EDU K: Company Y: Data Z: Exchange FinCom • ke Co Master Alteration MB Item 1 List of Stock Items MB Item 1 O: Import Create Back E: Export M: Share p: print Firefo Googl Chron Micros lyp Unity Quit x Fl: Help nt to •elati c2524 9b89b -c082 Hub" , " : "6b 9b89b -c082 : '2.3 tion_ 24978 isten corre 2fcfc nning ' , "sou Oad7- age" , " : "6b Q Search Windows Server 2025 Datacenter Build 26100.ge_release240331-1435 9:57 PM 10/8/2026
[mh] T-StockItem1 no alteration form of 'MB Item 1R' after Alter > Stock Item
[shot] tds-398-mgw0 (1024x768)
[21:57:11] [tds] screen tds-398-mgw0 : Recyc TallyPrime MANAGE EDU K: Company Y: Data Z: Exchange FinCom • ke Co Master Alteration MB Item 1_ List of Stock Items MB Item 1 O: Import Create Back E: Export M: Share p: print Firefo Googl Chron Micros lyp Unity Quit x Fl: Help nt to •elati c2524 9b89b -c082 Hub" , " : "6b 9b89b -c082 : '2.3 tion_ 24978 isten corre 2fcfc nning ' , "sou Oad7- age" , " : "6b Q Search Windows Server 2025 Datacenter Build 26100.ge_release240331-1435 9:57 PM 10/8/2026
[keys] '{ESC}' -> Tally 'TallyPrime:9000'
[shot] tds-399-mgw1 (1024x768)
[21:57:14] [tds] screen tds-399-mgw1 : Recyc TallyPrime MANAGE EDU K: Company Y: Data Z: Exchange FinCom • ke Co Master Alteration List of Stock Items MA Item IR MB Item 1 O: Import Create Back E: Export M: Share p: print Firefo Googl Chron Micros lyp Unity Quit x Fl: Help nt to •elati c2524 9b89b -c082 Hub" , " : "6b 9b89b -c082 : '2.3 tion_ 24978 isten corre 2fcfc nning ' , "sou Oad7- age" , " : "6b Q Search Windows Server 2025 Datacenter Build 26100.ge_release240331-1435 9:57 PM 10/8/2026
[keys] '{ESC}' -> Tally 'TallyPrime:9000'
[shot] tds-400-mgw2 (1024x768)
[21:57:16] [tds] screen tds-400-mgw2 : TallyPrime MANAGE Recyc EDU Firefo Googl Chron Micros Unity Quit K: Company Y: Data Z: Exchange FinCom • ke Co Master Alteration List of Masters Accounting Masters Group Ledger Cost Centre Currency Voucher Type Inventory Masters Stock Group Stock Category Stock Item Unit Location Payroll Masters Employee Group Employee Units (Work) Attendance/Production Type Pay Heads Payroll Voucher Type Statutory Masters GST Registration GST Classification Statutory Details Company GST Details O: Import Change Company Expand All Show More E: Export M: Share Q Search 161 p: print Fl: Help x nt to •elati c2524...
[keys] '{ESC}' -> Tally 'TallyPrime:9000'
[shot] tds-401-mgw3 (1024x768)
[21:57:19] [tds] screen tds-401-mgw3 : TallyPrime MANAGE Recyc EDU K: Company Gatewa of Tall Y: Data Z: Exchange CURRENT OATE Wednesday, I-Apr-2026 O: Import E: Export M: Share p: print Fl: Help Date Company Firefo Googl Chro Micros 46 IypÅ Unity CURRENT PERIOD I-Apr-26 to 31-Mar-27 NAME OF COMPANY FinCom Spike Co Gateway of Tally MASTERS Create Alter CHart of Accounts TRANSACTIONS Vouchers Day 800K UTILITIES BaNking REPORTS Balance Sheet Profit & Loss A/c Stock Summary Ratio Analysis Display More Reports DashbOard Quit 161 nt to •elati c2524 9b89b -c082 Hub" , " : "6b 9b89b -c082 tion_ 24978 isten corre 2fcfc nning ' , "sou Oad7- ...
[keys] 'a' -> Tally 'TallyPrime:9000'
[keys] '{BACKSPACE}{BACKSPACE}{BACKSPACE}{BACKSPACE}{BACKSPACE}{BACKSPACE}{BACKSPACE}{BACKSPACE}{BACKSPACE}{BACKSPACE}{BACKSPACE}{BACKSPACE}{BACKSPACE}{BACKSPACE}{BACKSPACE}{BACKSPACE}{BACKSPACE}{BACKSPACE}{BACKSPACE}{BACKSPACE}' -> Tally 'TallyPrime:9000'
[keys] 'Stock Item' -> Tally 'TallyPrime:9000'
[keys] '{ENTER}' -> Tally 'TallyPrime:9000'
[keys] 'MB Item 1R' -> Tally 'TallyPrime:9000'
[keys] '{ENTER}' -> Tally 'TallyPrime:9000'
[shot] mh-0607-T-StockItem2-form (1024x768)
[mh] mh-0607-T-StockItem2-form: field 341,142,245x16 left '' heads 'Master Alteration / FinCom • ke Co / Z: Exchange' value 'MB Item 1_' (boxes: 341,142,245x16[|Master Alteration/FinCom • ke Co/Z: Exchange]) | Recyc TallyPrime MANAGE EDU K: Company Y: Data Z: Exchange FinCom • ke Co Master Alteration MB Item 1_ List of Stock Items MB Item 1 O: Import Create Back E: Export M: Share p: print Firefo Googl Chron Micros lyp Unity Quit x Fl: Help nt to •elati c2524 9b89b -c082 Hub" , " : "6b 9b89b -c082 : '2.3 tion_ 24978 isten corre 2fcfc nning ' , "sou Oad7- age" , " : "6b Q Search Windows Server 2025 Datacenter Build 26100.ge_release240331-1435 9:57 PM 10/8/2026
[mh] T-StockItem2 no alteration form of 'MB Item 1R' after Alter > Stock Item
[shot] tds-402-mgw0 (1024x768)
[21:57:36] [tds] screen tds-402-mgw0 : Recyc TallyPrime MANAGE EDU K: Company Y: Data Z: Exchange FinCom • ke Co Master Alteration MB Item 1_ List of Stock Items MB Item 1 O: Import Create Back E: Export M: Share p: print Firefo Googl Chron Micros lyp Unity Quit x Fl: Help nt to •elati c2524 9b89b -c082 Hub" , " : "6b 9b89b -c082 : '2.3 tion_ 24978 isten corre 2fcfc nning ' , "sou Oad7- age" , " : "6b Q Search Windows Server 2025 Datacenter Build 26100.ge_release240331-1435 9:57 PM 10/8/2026
[keys] '{ESC}' -> Tally 'TallyPrime:9000'
[shot] tds-403-mgw1 (1024x768)
[21:57:38] [tds] screen tds-403-mgw1 : Recyc TallyPrime MANAGE EDU K: Company Y: Data Z: Exchange FinCom • ke Co Master Alteration List of Stock Items MA Item IR MB Item 1 O: Import Create Back E: Export M: Share p: print Firefo Googl Chron Micros lyp Unity Quit x Fl: Help nt to •elati c2524 9b89b -c082 Hub" , " : "6b 9b89b -c082 : '2.3 tion_ 24978 isten corre 2fcfc nning ' , "sou Oad7- age" , " : "6b Q Search Windows Server 2025 Datacenter Build 26100.ge_release240331-1435 9:57 PM 10/8/2026
[keys] '{ESC}' -> Tally 'TallyPrime:9000'
[shot] tds-404-mgw2 (1024x768)
[21:57:41] [tds] screen tds-404-mgw2 : TallyPrime MANAGE Recyc EDU Firefo Googl Chron Micros Unity Quit K: Company Y: Data Z: Exchange FinCom • ke Co Master Alteration List of Masters Accounting Masters Group Ledger Cost Centre Currency Voucher Type Inventory Masters Stock Group Stock Category Stock Item Unit Location Payroll Masters Employee Group Employee Units (Work) Attendance/Production Type Pay Heads Payroll Voucher Type Statutory Masters GST Registration GST Classification Statutory Details Company GST Details O: Import Change Company Expand All Show More E: Export M: Share Q Search 161 p: print Fl: Help x nt to •elati c2524...
[keys] '{ESC}' -> Tally 'TallyPrime:9000'
[shot] tds-405-mgw3 (1024x768)
[21:57:44] [tds] screen tds-405-mgw3 : TallyPrime MANAGE Recyc EDU K: Company Gatewa of Tall Y: Data Z: Exchange CURRENT OATE Wednesday, I-Apr-2026 O: Import E: Export M: Share p: print Fl: Help Date Company Firefo Googl Chro Micros 46 IypÅ Unity CURRENT PERIOD I-Apr-26 to 31-Mar-27 NAME OF COMPANY FinCom Spike Co Gateway of Tally MASTERS Create Alter CHart of Accounts TRANSACTIONS Vouchers Day 800K UTILITIES BaNking REPORTS Balance Sheet Profit & Loss A/c Stock Summary Ratio Analysis Display More Reports DashbOard Quit 161 nt to •elati c2524 9b89b -c082 Hub" , " : "6b 9b89b -c082 tion_ 24978 isten corre 2fcfc nning ' , "sou Oad7- ...
[keys] 'a' -> Tally 'TallyPrime:9000'
[keys] '{BACKSPACE}{BACKSPACE}{BACKSPACE}{BACKSPACE}{BACKSPACE}{BACKSPACE}{BACKSPACE}{BACKSPACE}{BACKSPACE}{BACKSPACE}{BACKSPACE}{BACKSPACE}{BACKSPACE}{BACKSPACE}{BACKSPACE}{BACKSPACE}{BACKSPACE}{BACKSPACE}{BACKSPACE}{BACKSPACE}' -> Tally 'TallyPrime:9000'
[keys] 'Stock Item' -> Tally 'TallyPrime:9000'
[keys] '{ENTER}' -> Tally 'TallyPrime:9000'
[keys] 'MB Item 1R' -> Tally 'TallyPrime:9000'
[keys] '{ENTER}' -> Tally 'TallyPrime:9000'
[shot] mh-0608-T-StockItem3-form (1024x768)
[mh] mh-0608-T-StockItem3-form: field 341,142,245x16 left '' heads 'Master Alteration / FinCom • ke Co / Z: Exchange' value 'MB Item 1' (boxes: 341,142,245x16[|Master Alteration/FinCom • ke Co/Z: Exchange]) | Recyc TallyPrime MANAGE EDU K: Company Y: Data Z: Exchange FinCom • ke Co Master Alteration MB Item 1 List of Stock Items MB Item 1 O: Import Create Back E: Export M: Share p: print Firefo Googl Chron Micros lyp Unity Quit x Fl: Help nt to •elati c2524 9b89b -c082 Hub" , " : "6b 9b89b -c082 : '2.3 tion_ 24978 isten corre 2fcfc nning ' , "sou Oad7- age" , " : "6b Q Search Windows Server 2025 Datacenter Build 26100.ge_release240331-1435 9:57 PM 10/8/2026
[mh] T-StockItem3 no alteration form of 'MB Item 1R' after Alter > Stock Item
[shot] tds-406-mgw0 (1024x768)
[21:58:01] [tds] screen tds-406-mgw0 : Recyc TallyPrime MANAGE EDU K: Company Y: Data Z: Exchange FinCom • ke Co Master Alteration MB Item 1_ List of Stock Items MB Item 1 O: Import Create Back E: Export M: Share p: print Firefo Googl Chron Micros lyp Unity Quit x Fl: Help nt to •elati c2524 9b89b -c082 Hub" , " : "6b 9b89b -c082 : '2.3 tion_ 24978 isten corre 2fcfc nning ' , "sou Oad7- age" , " : "6b Q Search Windows Server 2025 Datacenter Build 26100.ge_release240331-1435 9:58 PM 10/8/2026
[keys] '{ESC}' -> Tally 'TallyPrime:9000'
[shot] tds-407-mgw1 (1024x768)
[21:58:03] [tds] screen tds-407-mgw1 : Recyc TallyPrime MANAGE EDU K: Company Y: Data Z: Exchange FinCom • ke Co Master Alteration List of Stock Items MA Item IR MB Item 1 O: Import Create Back E: Export M: Share p: print Firefo Googl Chron Micros lyp Unity Quit x Fl: Help nt to •elati c2524 9b89b -c082 Hub" , " : "6b 9b89b -c082 : '2.3 tion_ 24978 isten corre 2fcfc nning ' , "sou Oad7- age" , " : "6b Q Search Windows Server 2025 Datacenter Build 26100.ge_release240331-1435 9:58 PM 10/8/2026
[keys] '{ESC}' -> Tally 'TallyPrime:9000'
[shot] tds-408-mgw2 (1024x768)
[21:58:06] [tds] screen tds-408-mgw2 : TallyPrime MANAGE Recyc EDU Firefo Googl Chron Micros Unity Quit K: Company Y: Data Z: Exchange FinCom • ke Co Master Alteration List of Masters Accounting Masters Group Ledger Cost Centre Currency Voucher Type Inventory Masters Stock Group Stock Category Stock Item Unit Location Payroll Masters Employee Group Employee Units (Work) Attendance/Production Type Pay Heads Payroll Voucher Type Statutory Masters GST Registration GST Classification Statutory Details Company GST Details O: Import Change Company Expand All Show More E: Export M: Share Q Search 161 p: print Fl: Help x nt to •elati c2524...
[keys] '{ESC}' -> Tally 'TallyPrime:9000'
[shot] tds-409-mgw3 (1024x768)
[21:58:09] [tds] screen tds-409-mgw3 : TallyPrime MANAGE Recyc EDU K: Company Gatewa of Tall Y: Data Z: Exchange CURRENT OATE Wednesday, I-Apr-2026 O: Import E: Export M: Share p: print Fl: Help Date Company Firefo Googl Chro Micros 46 IypÅ Unity CURRENT PERIOD I-Apr-26 to 31-Mar-27 NAME OF COMPANY FinCom Spike Co Gateway of Tally MASTERS Create Alter CHart of Accounts TRANSACTIONS Vouchers Day 800K UTILITIES BaNking REPORTS Balance Sheet Profit & Loss A/c Stock Summary Ratio Analysis Display More Reports DashbOard Quit 161 nt to •elati c2524 9b89b -c082 Hub" , " : "6b 9b89b -c082 tion_ 24978 isten corre 2fcfc nning ' , "sou Oad7- ...
[keys] 'a' -> Tally 'TallyPrime:9000'
[keys] '{BACKSPACE}{BACKSPACE}{BACKSPACE}{BACKSPACE}{BACKSPACE}{BACKSPACE}{BACKSPACE}{BACKSPACE}{BACKSPACE}{BACKSPACE}{BACKSPACE}{BACKSPACE}{BACKSPACE}{BACKSPACE}{BACKSPACE}{BACKSPACE}{BACKSPACE}{BACKSPACE}{BACKSPACE}{BACKSPACE}' -> Tally 'TallyPrime:9000'
[keys] 'Stock Item' -> Tally 'TallyPrime:9000'
[keys] '{ENTER}' -> Tally 'TallyPrime:9000'
[keys] 'MB Item 1R' -> Tally 'TallyPrime:9000'
[keys] '{ENTER}' -> Tally 'TallyPrime:9000'
[shot] mh-0609-T-StockItem4-form (1024x768)
[mh] mh-0609-T-StockItem4-form: field 341,142,245x16 left '' heads 'Master Alteration / FinCom • ke Co / Z: Exchange' value 'MB Item 1_' (boxes: 341,142,245x16[|Master Alteration/FinCom • ke Co/Z: Exchange]) | Recyc TallyPrime MANAGE EDU K: Company Y: Data Z: Exchange FinCom • ke Co Master Alteration MB Item 1_ List of Stock Items MB Item 1 O: Import Create Back E: Export M: Share p: print Firefo Googl Chron Micros lyp Unity Quit x Fl: Help nt to •elati c2524 9b89b -c082 Hub" , " : "6b 9b89b -c082 : '2.3 tion_ 24978 isten corre 2fcfc nning ' , "sou Oad7- age" , " : "6b Q Search Windows Server 2025 Datacenter Build 26100.ge_release240331-1435 9:58 PM 10/8/2026
[mh] T-StockItem4 no alteration form of 'MB Item 1R' after Alter > Stock Item
[shot] tds-410-mgw0 (1024x768)
[21:58:26] [tds] screen tds-410-mgw0 : Recyc TallyPrime MANAGE EDU K: Company Y: Data Z: Exchange FinCom • ke Co Master Alteration MB Item 1_ List of Stock Items MB Item 1 O: Import Create Back E: Export M: Share p: print Firefo Googl Chron Micros lyp Unity Quit x Fl: Help nt to •elati c2524 9b89b -c082 Hub" , " : "6b 9b89b -c082 : '2.3 tion_ 24978 isten corre 2fcfc nning ' , "sou Oad7- age" , " : "6b Q Search Windows Server 2025 Datacenter Build 26100.ge_release240331-1435 9:58 PM 10/8/2026
[keys] '{ESC}' -> Tally 'TallyPrime:9000'
[shot] tds-411-mgw1 (1024x768)
[21:58:29] [tds] screen tds-411-mgw1 : Recyc TallyPrime MANAGE EDU K: Company Y: Data Z: Exchange FinCom • ke Co Master Alteration List of Stock Items MA Item IR MB Item 1 O: Import Create Back E: Export M: Share p: print Firefo Googl Chron Micros lyp Unity Quit x Fl: Help nt to •elati c2524 9b89b -c082 Hub" , " : "6b 9b89b -c082 : '2.3 tion_ 24978 isten corre 2fcfc nning ' , "sou Oad7- age" , " : "6b Q Search Windows Server 2025 Datacenter Build 26100.ge_release240331-1435 9:58 PM 10/8/2026
[keys] '{ESC}' -> Tally 'TallyPrime:9000'
[shot] tds-412-mgw2 (1024x768)
[21:58:31] [tds] screen tds-412-mgw2 : TallyPrime MANAGE Recyc EDU Firefo Googl Chron Micros Unity Quit K: Company Y: Data Z: Exchange FinCom • ke Co Master Alteration List of Masters Accounting Masters Group Ledger Cost Centre Currency Voucher Type Inventory Masters Stock Group Stock Category Stock Item Unit Location Payroll Masters Employee Group Employee Units (Work) Attendance/Production Type Pay Heads Payroll Voucher Type Statutory Masters GST Registration GST Classification Statutory Details Company GST Details O: Import Change Company Expand All Show More E: Export M: Share Q Search 161 p: print Fl: Help x nt to •elati c2524...
[keys] '{ESC}' -> Tally 'TallyPrime:9000'
[shot] tds-413-mgw3 (1024x768)
[21:58:34] [tds] screen tds-413-mgw3 : TallyPrime MANAGE Recyc EDU K: Company Gatewa of Tall Y: Data Z: Exchange CURRENT OATE Wednesday, I-Apr-2026 O: Import E: Export M: Share p: print Fl: Help Date Company Firefo Googl Chro Micros 46 IypÅ Unity CURRENT PERIOD I-Apr-26 to 31-Mar-27 NAME OF COMPANY FinCom Spike Co Gateway of Tally MASTERS Create Alter CHart of Accounts TRANSACTIONS Vouchers Day 800K UTILITIES BaNking REPORTS Balance Sheet Profit & Loss A/c Stock Summary Ratio Analysis Display More Reports DashbOard Quit 161 nt to •elati c2524 9b89b -c082 Hub" , " : "6b 9b89b -c082 tion_ 24978 isten corre 2fcfc nning ' , "sou Oad7- ...
[keys] 'a' -> Tally 'TallyPrime:9000'
[keys] '{BACKSPACE}{BACKSPACE}{BACKSPACE}{BACKSPACE}{BACKSPACE}{BACKSPACE}{BACKSPACE}{BACKSPACE}{BACKSPACE}{BACKSPACE}{BACKSPACE}{BACKSPACE}{BACKSPACE}{BACKSPACE}{BACKSPACE}{BACKSPACE}{BACKSPACE}{BACKSPACE}{BACKSPACE}{BACKSPACE}' -> Tally 'TallyPrime:9000'
[keys] 'Stock Item' -> Tally 'TallyPrime:9000'
[keys] '{ENTER}' -> Tally 'TallyPrime:9000'
[keys] 'MB Item 1R' -> Tally 'TallyPrime:9000'
[keys] '{ENTER}' -> Tally 'TallyPrime:9000'
[shot] mh-0610-T-StockItem5-form (1024x768)
[mh] mh-0610-T-StockItem5-form: field 341,142,245x16 left '' heads 'Master Alteration / FinCom • ke Co / Z: Exchange' value 'MB Item 1' (boxes: 341,142,245x16[|Master Alteration/FinCom • ke Co/Z: Exchange]) | Recyc TallyPrime MANAGE EDU K: Company Y: Data Z: Exchange FinCom • ke Co Master Alteration MB Item 1 List of Stock Items MB Item 1 O: Import Create Back E: Export M: Share p: print Firefo Googl Chron Micros lyp Unity Quit x Fl: Help nt to •elati c2524 9b89b -c082 Hub" , " : "6b 9b89b -c082 : '2.3 tion_ 24978 isten corre 2fcfc nning ' , "sou Oad7- age" , " : "6b Q Search Windows Server 2025 Datacenter Build 26100.ge_release240331-1435 9:58 PM 10/8/2026
[mh] T-StockItem5 no alteration form of 'MB Item 1R' after Alter > Stock Item
[shot] tds-414-mgw0 (1024x768)
[21:58:51] [tds] screen tds-414-mgw0 : Recyc TallyPrime MANAGE EDU K: Company Y: Data Z: Exchange FinCom • ke Co Master Alteration MB Item 1_ List of Stock Items MB Item 1 O: Import Create Back E: Export M: Share p: print Firefo Googl Chron Micros lyp Unity Quit x Fl: Help nt to •elati c2524 9b89b -c082 Hub" , " : "6b 9b89b -c082 : '2.3 tion_ 24978 isten corre 2fcfc nning ' , "sou Oad7- age" , " : "6b Q Search Windows Server 2025 Datacenter Build 26100.ge_release240331-1435 9:58 PM 10/8/2026
[keys] '{ESC}' -> Tally 'TallyPrime:9000'
[shot] tds-415-mgw1 (1024x768)
[21:58:54] [tds] screen tds-415-mgw1 : Recyc TallyPrime MANAGE EDU K: Company Y: Data Z: Exchange FinCom • ke Co Master Alteration List of Stock Items MA Item IR MB Item 1 O: Import Create Back E: Export M: Share p: print Firefo Googl Chron Micros lyp Unity Quit x Fl: Help nt to •elati c2524 9b89b -c082 Hub" , " : "6b 9b89b -c082 : '2.3 tion_ 24978 isten corre 2fcfc nning ' , "sou Oad7- age" , " : "6b Q Search Windows Server 2025 Datacenter Build 26100.ge_release240331-1435 9:58 PM 10/8/2026
[keys] '{ESC}' -> Tally 'TallyPrime:9000'
[shot] tds-416-mgw2 (1024x768)
[21:58:57] [tds] screen tds-416-mgw2 : TallyPrime MANAGE Recyc EDU Firefo Googl Chron Micros Unity Quit K: Company Y: Data Z: Exchange FinCom • ke Co Master Alteration List of Masters Accounting Masters Group Ledger Cost Centre Currency Voucher Type Inventory Masters Stock Group Stock Category Stock Item Unit Location Payroll Masters Employee Group Employee Units (Work) Attendance/Production Type Pay Heads Payroll Voucher Type Statutory Masters GST Registration GST Classification Statutory Details Company GST Details O: Import Change Company Expand All Show More E: Export M: Share Q Search 161 p: print Fl: Help x nt to •elati c2524...
[keys] '{ESC}' -> Tally 'TallyPrime:9000'
[shot] tds-417-mgw3 (1024x768)
[21:58:59] [tds] screen tds-417-mgw3 : TallyPrime MANAGE Recyc EDU K: Company Gatewa of Tall Y: Data Z: Exchange CURRENT OATE Wednesday, I-Apr-2026 O: Import E: Export M: Share p: print Fl: Help Date Company Firefo Googl Chro Micros 46 IypÅ Unity CURRENT PERIOD I-Apr-26 to 31-Mar-27 NAME OF COMPANY FinCom Spike Co Gateway of Tally MASTERS Create Alter CHart of Accounts TRANSACTIONS Vouchers Day 800K UTILITIES BaNking REPORTS Balance Sheet Profit & Loss A/c Stock Summary Ratio Analysis Display More Reports DashbOard Quit 161 nt to •elati c2524 9b89b -c082 Hub" , " : "6b 9b89b -c082 tion_ 24978 isten corre 2fcfc nning ' , "sou Oad7- ...
  INFO mh B save time Stock Item (alter, Ctrl+A to Tally's ALTMSTID moved): -1, -1, -1, -1, -1 ms
[shot] tds-418-mgw0 (1024x768)
[21:59:00] [tds] screen tds-418-mgw0 : TallyPrime MANAGE Recyc EDU K: Company Gatewa of Tall Y: Data Z: Exchange CURRENT OATE Wednesday, I-Apr-2026 O: Import E: Export M: Share p: print Fl: Help Date Company Firefo Googl Chro Micros 46 IypÅ Unity CURRENT PERIOD I-Apr-26 to 31-Mar-27 NAME OF COMPANY FinCom Spike Co Gateway of Tally MASTERS Create Alter CHart of Accounts TRANSACTIONS Vouchers Day 800K UTILITIES BaNking REPORTS Balance Sheet Profit & Loss A/c Stock Summary Ratio Analysis Display More Reports DashbOard Quit 161 nt to •elati c2524 9b89b -c082 Hub" , " : "6b 9b89b -c082 tion_ 24978 isten corre 2fcfc nning ' , "sou Oad7- ...
[keys] 'a' -> Tally 'TallyPrime:9000'
[keys] '{BACKSPACE}{BACKSPACE}{BACKSPACE}{BACKSPACE}{BACKSPACE}{BACKSPACE}{BACKSPACE}{BACKSPACE}{BACKSPACE}{BACKSPACE}{BACKSPACE}{BACKSPACE}{BACKSPACE}{BACKSPACE}{BACKSPACE}{BACKSPACE}{BACKSPACE}{BACKSPACE}{BACKSPACE}{BACKSPACE}' -> Tally 'TallyPrime:9000'
[keys] 'Pay Head' -> Tally 'TallyPrime:9000'
[keys] '{ENTER}' -> Tally 'TallyPrime:9000'
[keys] 'MB Basic' -> Tally 'TallyPrime:9000'
[keys] '{ENTER}' -> Tally 'TallyPrime:9000'
[shot] mh-0611-T-PayHead1-form (1024x768)
[mh] mh-0611-T-PayHead1-form: field 139,113,245x16 left 'Name' heads 'Pa Head Alteration / K: Company / Y: Data' value 'MB Basic' (boxes: 139,113,245x16[Name|Pa Head Alteration/K: Company/Y: Data]) | TallyPrime MANAGE Recyc EDU K: Company Pa Head Alteration Y: Data Z: Exchange O: Import FinCom Spike Co E: Export M: Share P: Print Total Opening Balance Name (alias) Firefo Googl Pay head type Chro MB Basic Pay Head Information Fl: Help F2: period Company Income type Under Affect net salary Micros Name to be displayed in payslip Use for calculation of gratuity Calculation type 46 IypÅ Unity Quit Earnings for Employees Fixed Indirect Expenses Yes MB Basic No As User Defined Value Opening Balance A Accept Q Search FIO: Other Masters 161 nt to •elati c2524 9b89b -c082 Hub" , " : "6b 9b89b -c082 tion_ 24978 isten corre 2fcfc nning ' , "sou Oad7- age" , " : "6b ( on I-Apr-26) : D: Delete W: Show All Periods Configure Windows Server 2025 Datacenter Build 26100.ge_release240331-1435 9:59 PM 10/8/2026
[shot] mh-0612-T1-w1 (1024x768)
[mh] mh-0612-T1-w1: field 139,113,245x16 left 'Name' heads 'Pa Head Alteration / K: Company / Y: Data' value '1B Basic' (boxes: 139,113,245x16[Name|Pa Head Alteration/K: Company/Y: Data]) | TallyPrime MANAGE Recyc EDU K: Company Pa Head Alteration Y: Data Z: Exchange O: Import FinCom Spike Co E: Export M: Share P: Print Total Opening Balance Name (alias) Firefo Googl Pay head type Chro 1B Basic Pay Head Information Fl: Help F2: period Company Income type Under Affect net salary Micros Name to be displayed in payslip Use for calculation of gratuity Calculation type 46 IypÅ Unity Quit Earnings for Employees Fixed Indirect Expenses Yes MB Basic No As User Defined Value Opening Balance A Accept Q Search FIO: Other Masters 161 nt to •elati c2524 9b89b -c082 Hub" , " : "6b 9b89b -c082 tion_ 24978 isten corre 2fcfc nning ' , "sou Oad7- age" , " : "6b ( on I-Apr-26) : D: Delete W: Show All Periods Configure Windows Server 2025 Datacenter Build 26100.ge_release240331-1435 9:59 PM 10/8/2026
[keys] '{ENTER}' -> Tally 'TallyPrime:9000'
[shot] mh-0613-T1-w2 (1024x768)
[mh] mh-0613-T1-w2: field 139,131,245x16 left '' heads 'MB Basic / Pa Head Alteration / K: Company' value '' (boxes: 139,131,245x16[|MB Basic/Pa Head Alteration/K: Company]) | TallyPrime MANAGE Recyc EDU K: Company Pa Head Alteration Y: Data Z: Exchange O: Import FinCom • ke Co E: Export M: Share P: Print Total Opening Balance Name Firefo Googl Pay head type Chro MB Basic Pay Head Information Fl: Help F2: period Company Income type Under Affect net salary Micros Name to be displayed in payslip Use for calculation of gratuity Calculation type 46 IypÅ Unity Quit Earnings for Employees Fixed Indirect Expenses Yes MB Basic No As User Defined Value Opening Balance A Accept Q Search FIO: Other Masters 161 nt to •elati c2524 9b89b -c082 Hub" , " : "6b 9b89b -c082 tion_ 24978 isten corre 2fcfc nning ' , "sou Oad7- age" , " : "6b ( on I-Apr-26) : D: Delete W: Show All Periods Configure Windows Server 2025 Datacenter Build 26100.ge_release240331-1435 9:59 PM 10/8/2026
[mh] T1 rule 0 (alias^MB\s*Bas[1lIi|]c$) on '|MB Basic': keys 'MB T1{ENTER}'
[keys] 'MB T1' -> Tally 'TallyPrime:9000'
[keys] '{ENTER}' -> Tally 'TallyPrime:9000'
[keys] '' -> Tally 'TallyPrime:9000'
[shot] mh-0614-T-PayHead1-savedT (1024x768)
[mh] mh-0614-T-PayHead1-savedT: field 341,142,245x16 left '' heads 'Master Alteration / FinCom • ke Co / Z: Exchange' value '' (boxes: 341,142,245x16[|Master Alteration/FinCom • ke Co/Z: Exchange]) | Recyc TallyPrime MANAGE EDU K: Company Y: Data Z: Exchange E: Export FinCom • ke Co Master Alteration Heads O: Import Create Back M: Share p: print Firefo Googl Chron Micros lyp Unity Quit List of Pa MA Attend MA Basic MA Piece MB Attend MB Basic MB Piece MH Wage x Fl: Help nt to •elati c2524 9b89b -c082 Hub" , " : "6b 9b89b -c082 : '2.3 tion_ 24978 isten corre 2fcfc nning ' , "sou Oad7- age" , " : "6b Q Search Windows Server 2025 Datacenter Build 26100.ge_release240331-1435 9:59 PM 10/8/2026
[mh] T-PayHead1 Ctrl+A to ALTMSTID moved (272 ->): 29.6 ms
[shot] tds-419-mgw0 (1024x768)
[21:59:25] [tds] screen tds-419-mgw0 : Recyc TallyPrime MANAGE EDU K: Company Y: Data Z: Exchange E: Export FinCom • ke Co Master Alteration Heads O: Import Create Back M: Share p: print Firefo Googl Chron Micros lyp Unity Quit List of Pa MA Attend MA Basic MA Piece MB Attend MB Basic MB Piece MH Wage x Fl: Help nt to •elati c2524 9b89b -c082 Hub" , " : "6b 9b89b -c082 : '2.3 tion_ 24978 isten corre 2fcfc nning ' , "sou Oad7- age" , " : "6b Q Search Windows Server 2025 Datacenter Build 26100.ge_release240331-1435 9:59 PM 10/8/2026
[keys] '{ESC}' -> Tally 'TallyPrime:9000'
[shot] tds-420-mgw1 (1024x768)
[21:59:28] [tds] screen tds-420-mgw1 : TallyPrime MANAGE Recyc EDU Firefo Googl Chron Micros Unity Quit K: Company Y: Data Z: Exchange FinCom • ke Co Master Alteration List of Masters Accounting Masters Group Ledger Cost Centre Currency Voucher Type Inventory Masters Stock Group Stock Category Stock Item Unit Location Payroll Masters Employee Group Employee Units (Work) Attendance/Production Type Pay Heads Payroll Voucher Type Statutory Masters GST Registration GST Classification Statutory Details Company GST Details O: Import Change Company Expand All Show More E: Export M: Share Q Search 161 p: print Fl: Help x nt to •elati c2524...
[keys] '{ESC}' -> Tally 'TallyPrime:9000'
[shot] tds-421-mgw2 (1024x768)
[21:59:30] [tds] screen tds-421-mgw2 : TallyPrime MANAGE Recyc EDU K: Company Gatewa of Tall Y: Data Z: Exchange CURRENT OATE Wednesday, I-Apr-2026 O: Import E: Export M: Share p: print Fl: Help Date Company Firefo Googl Chro Micros 46 IypÅ Unity CURRENT PERIOD I-Apr-26 to 31-Mar-27 NAME OF COMPANY FinCom Spike Co Gateway of Tally MASTERS Create Alter CHart of Accounts TRANSACTIONS Vouchers Day 800K UTILITIES BaNking REPORTS Balance Sheet Profit & Loss A/c Stock Summary Ratio Analysis Display More Reports DashbOard Quit 161 nt to •elati c2524 9b89b -c082 Hub" , " : "6b 9b89b -c082 tion_ 24978 isten corre 2fcfc nning ' , "sou Oad7- ...
[keys] 'a' -> Tally 'TallyPrime:9000'
[keys] '{BACKSPACE}{BACKSPACE}{BACKSPACE}{BACKSPACE}{BACKSPACE}{BACKSPACE}{BACKSPACE}{BACKSPACE}{BACKSPACE}{BACKSPACE}{BACKSPACE}{BACKSPACE}{BACKSPACE}{BACKSPACE}{BACKSPACE}{BACKSPACE}{BACKSPACE}{BACKSPACE}{BACKSPACE}{BACKSPACE}' -> Tally 'TallyPrime:9000'
[keys] 'Pay Head' -> Tally 'TallyPrime:9000'
[keys] '{ENTER}' -> Tally 'TallyPrime:9000'
[keys] 'MB Basic' -> Tally 'TallyPrime:9000'
[keys] '{ENTER}' -> Tally 'TallyPrime:9000'
[shot] mh-0615-T-PayHead2-form (1024x768)
[mh] mh-0615-T-PayHead2-form: field 139,113,245x16 left 'Name' heads 'Pa Head Alteration / K: Company / Y: Data' value 'MB Basic' (boxes: 139,113,245x16[Name|Pa Head Alteration/K: Company/Y: Data]) | TallyPrime MANAGE Recyc EDU K: Company Pa Head Alteration Y: Data Z: Exchange O: Import FinCom Spike Co E: Export M: Share P: Print Total Opening Balance Name (alias) Firefo Googl Pay head type Chro MB Basic Pay Head Information Fl: Help F2: period Company Income type Under Affect net salary Micros Name to be displayed in payslip Use for calculation of gratuity Calculation type 46 IypÅ Unity Quit Earnings for Employees Fixed Indirect Expenses Yes MB Basic No As User Defined Value Opening Balance A Accept Q Search FIO: Other Masters 161 nt to •elati c2524 9b89b -c082 Hub" , " : "6b 9b89b -c082 tion_ 24978 isten corre 2fcfc nning ' , "sou Oad7- age" , " : "6b ( on I-Apr-26) : D: Delete W: Show All Periods Configure Windows Server 2025 Datacenter Build 26100.ge_release240331-1435 9:59 PM 10/8/2026
[shot] mh-0616-T2-w1 (1024x768)
[mh] mh-0616-T2-w1: field 139,113,245x16 left 'Name' heads 'Pa Head Alteration / K: Company / Y: Data' value 'MB Basic' (boxes: 139,113,245x16[Name|Pa Head Alteration/K: Company/Y: Data]) | TallyPrime MANAGE Recyc EDU K: Company Pa Head Alteration Y: Data Z: Exchange O: Import FinCom Spike Co E: Export M: Share P: Print Total Opening Balance Name (alias) Firefo Googl Pay head type Chro MB Basic Pay Head Information Fl: Help F2: period Company Income type Under Affect net salary Micros Name to be displayed in payslip Use for calculation of gratuity Calculation type 46 IypÅ Unity Quit Earnings for Employees Fixed Indirect Expenses Yes MB Basic No As User Defined Value Opening Balance A Accept Q Search FIO: Other Masters 161 nt to •elati c2524 9b89b -c082 Hub" , " : "6b 9b89b -c082 tion_ 24978 isten corre 2fcfc nning ' , "sou Oad7- age" , " : "6b ( on I-Apr-26) : D: Delete W: Show All Periods Configure Windows Server 2025 Datacenter Build 26100.ge_release240331-1435 9:59 PM 10/8/2026
[keys] '{ENTER}' -> Tally 'TallyPrime:9000'
[shot] mh-0617-T2-w2 (1024x768)
[mh] mh-0617-T2-w2: field 139,131,245x16 left '' heads 'MB Basic / Pa Head Alteration / K: Company' value '' (boxes: 139,131,245x16[|MB Basic/Pa Head Alteration/K: Company]) | TallyPrime MANAGE Recyc EDU K: Company Pa Head Alteration Y: Data Z: Exchange O: Import FinCom • ke Co E: Export M: Share P: Print Total Opening Balance Name Firefo Googl Pay head type Chro MB Basic Pay Head Information Fl: Help F2: period Company Income type Under Affect net salary Micros Name to be displayed in payslip Use for calculation of gratuity Calculation type 46 IypÅ Unity Quit Earnings for Employees Fixed Indirect Expenses Yes MB Basic No As User Defined Value Opening Balance A Accept Q Search FIO: Other Masters 161 nt to •elati c2524 9b89b -c082 Hub" , " : "6b 9b89b -c082 tion_ 24978 isten corre 2fcfc nning ' , "sou Oad7- age" , " : "6b ( on I-Apr-26) : D: Delete W: Show All Periods Configure Windows Server 2025 Datacenter Build 26100.ge_release240331-1435 9:59 PM 10/8/2026
[mh] T2 rule 0 (alias^MB\s*Bas[1lIi|]c$) on '|MB Basic': keys 'MB T2{ENTER}'
[keys] 'MB T2' -> Tally 'TallyPrime:9000'
[keys] '{ENTER}' -> Tally 'TallyPrime:9000'
[keys] '' -> Tally 'TallyPrime:9000'
[shot] mh-0618-T-PayHead2-savedT (1024x768)
[mh] mh-0618-T-PayHead2-savedT: field 341,142,245x16 left '' heads 'Master Alteration / FinCom • ke Co / Z: Exchange' value '' (boxes: 341,142,245x16[|Master Alteration/FinCom • ke Co/Z: Exchange]) | Recyc TallyPrime MANAGE EDU K: Company Y: Data Z: Exchange E: Export FinCom • ke Co Master Alteration Heads O: Import Create Back M: Share p: print Firefo Googl Chron Micros lyp Unity Quit List of Pa MA Attend MA Basic MA Piece MB Attend MB Basic MB Piece MBT2 MH Wage x Fl: Help nt to •elati c2524 9b89b -c082 Hub" , " : "6b 9b89b -c082 : '2.3 tion_ 24978 isten corre 2fcfc nning ' , "sou Oad7- age" , " : "6b Q Search Windows Server 2025 Datacenter Build 26100.ge_release240331-1435 9:59 PM 10/8/2026
[mh] T-PayHead2 Ctrl+A to ALTMSTID moved (273 ->): 29.7 ms
[shot] tds-422-mgw0 (1024x768)
[21:59:55] [tds] screen tds-422-mgw0 : Recyc TallyPrime MANAGE EDU K: Company Y: Data Z: Exchange E: Export FinCom • ke Co Master Alteration Heads O: Import Create Back M: Share p: print Firefo Googl Chron Micros lyp Unity Quit List of Pa MA Attend MA Basic MA Piece MB Attend MB Basic MB Piece MBT2 MH Wage x Fl: Help nt to •elati c2524 9b89b -c082 Hub" , " : "6b 9b89b -c082 : '2.3 tion_ 24978 isten corre 2fcfc nning ' , "sou Oad7- age" , " : "6b Q Search Windows Server 2025 Datacenter Build 26100.ge_release240331-1435 9:59 PM 10/8/2026
[keys] '{ESC}' -> Tally 'TallyPrime:9000'
[shot] tds-423-mgw1 (1024x768)
[21:59:58] [tds] screen tds-423-mgw1 : TallyPrime MANAGE Recyc EDU Firefo Googl Chron Micros Unity Quit K: Company Y: Data Z: Exchange FinCom • ke Co Master Alteration List of Masters Accounting Masters Group Ledger Cost Centre Currency Voucher Type Inventory Masters Stock Group Stock Category Stock Item Unit Location Payroll Masters Employee Group Employee Units (Work) Attendance/Production Type Pay Heads Payroll Voucher Type Statutory Masters GST Registration GST Classification Statutory Details Company GST Details O: Import Change Company Expand All Show More E: Export M: Share Q Search 161 p: print Fl: Help x nt to •elati c2524...
[keys] '{ESC}' -> Tally 'TallyPrime:9000'
[shot] tds-424-mgw2 (1024x768)
[22:00:01] [tds] screen tds-424-mgw2 : TallyPrime MANAGE Recyc EDU K: Company Gatewa of Tall Y: Data Z: Exchange CURRENT OATE Wednesday, I-Apr-2026 O: Import E: Export M: Share p: print Fl: Help Date Company Firefo Googl Chro Micros 46 IypÅ Unity CURRENT PERIOD I-Apr-26 to 31-Mar-27 NAME OF COMPANY FinCom Spike Co Gateway of Tally MASTERS Create Alter CHart of Accounts TRANSACTIONS Vouchers Day 800K UTILITIES BaNking REPORTS Balance Sheet Profit & Loss A/c Stock Summary Ratio Analysis Display More Reports DashbOard Quit 161 nt to •elati c2524 9b89b -c082 Hub" , " : "6b 9b89b -c082 tion_ 24978 isten corre 2fcfc nning ' , "sou Oad7- ...
[keys] 'a' -> Tally 'TallyPrime:9000'
[keys] '{BACKSPACE}{BACKSPACE}{BACKSPACE}{BACKSPACE}{BACKSPACE}{BACKSPACE}{BACKSPACE}{BACKSPACE}{BACKSPACE}{BACKSPACE}{BACKSPACE}{BACKSPACE}{BACKSPACE}{BACKSPACE}{BACKSPACE}{BACKSPACE}{BACKSPACE}{BACKSPACE}{BACKSPACE}{BACKSPACE}' -> Tally 'TallyPrime:9000'
[keys] 'Pay Head' -> Tally 'TallyPrime:9000'
[keys] '{ENTER}' -> Tally 'TallyPrime:9000'
[keys] 'MB Basic' -> Tally 'TallyPrime:9000'
[keys] '{ENTER}' -> Tally 'TallyPrime:9000'
[shot] mh-0619-T-PayHead3-form (1024x768)
[mh] mh-0619-T-PayHead3-form: field 139,113,245x16 left 'Name' heads 'Pa Head Alteration / K: Company / Y: Data' value 'MB Basic' (boxes: 139,113,245x16[Name|Pa Head Alteration/K: Company/Y: Data]) | TallyPrime MANAGE Recyc EDU K: Company Pa Head Alteration Y: Data Z: Exchange O: Import FinCom Spike Co E: Export M: Share P: Print Total Opening Balance Name (alias) Firefo Googl Pay head type Chro MB Basic MBT2 Pay Head Information Fl: Help F2: period Company Income type Under Affect net salary Micros Name to be displayed in payslip Use for calculation of gratuity Calculation type 46 IypÅ Unity Quit Earnings for Employees Fixed Indirect Expenses Yes MB Basic No As User Defined Value Opening Balance A Accept Q Search FIO: Other Masters 161 nt to •elati c2524 9b89b -c082 Hub" , " : "6b 9b89b -c082 tion_ 24978 isten corre 2fcfc nning ' , "sou Oad7- age" , " : "6b ( on I-Apr-26) : D: Delete W: Show All Periods Configure Windows Server 2025 Datacenter Build 26100.ge_release240331-1435 Io:oo PM 10/8/2026
[shot] mh-0620-T3-w1 (1024x768)
[mh] mh-0620-T3-w1: field 139,113,245x16 left 'Name' heads 'Pa Head Alteration / K: Company / Y: Data' value '1B Basic' (boxes: 139,113,245x16[Name|Pa Head Alteration/K: Company/Y: Data]) | TallyPrime MANAGE Recyc EDU K: Company Pa Head Alteration Y: Data Z: Exchange O: Import FinCom Spike Co E: Export M: Share P: Print Total Opening Balance Name (alias) Firefo Googl Pay head type Chro 1B Basic MBT2 Pay Head Information Fl: Help F2: period Company Income type Under Affect net salary Micros Name to be displayed in payslip Use for calculation of gratuity Calculation type 46 IypÅ Unity Quit Earnings for Employees Fixed Indirect Expenses Yes MB Basic No As User Defined Value Opening Balance A Accept Q Search FIO: Other Masters 161 nt to •elati c2524 9b89b -c082 Hub" , " : "6b 9b89b -c082 tion_ 24978 isten corre 2fcfc nning ' , "sou Oad7- age" , " : "6b ( on I-Apr-26) : D: Delete W: Show All Periods Configure Windows Server 2025 Datacenter Build 26100.ge_release240331-1435 Io:oo PM 10/8/2026
[keys] '{ENTER}' -> Tally 'TallyPrime:9000'
[shot] mh-0621-T3-w2 (1024x768)
[mh] mh-0621-T3-w2: field 139,131,245x16 left '' heads 'MB Basic / Pa Head Alteration / K: Company' value '' (boxes: 139,131,245x16[|MB Basic/Pa Head Alteration/K: Company]) | TallyPrime MANAGE Recyc EDU K: Company Pa Head Alteration Y: Data Z: Exchange O: Import FinCom • ke Co E: Export M: Share P: Print Total Opening Balance Name Firefo Googl Pay head type Chro MB Basic Pay Head Information Fl: Help F2: period Company Income type Under Affect net salary Micros Name to be displayed in payslip Use for calculation of gratuity Calculation type 46 IypÅ Unity Quit Earnings for Employees Fixed Indirect Expenses Yes MB Basic No As User Defined Value Opening Balance A Accept Q Search FIO: Other Masters 161 nt to •elati c2524 9b89b -c082 Hub" , " : "6b 9b89b -c082 tion_ 24978 isten corre 2fcfc nning ' , "sou Oad7- age" , " : "6b ( on I-Apr-26) : D: Delete W: Show All Periods Configure Windows Server 2025 Datacenter Build 26100.ge_release240331-1435 Io:oo PM 10/8/2026
[mh] T3 rule 0 (alias^MB\s*Bas[1lIi|]c$) on '|MB Basic': keys 'MB T3{ENTER}'
[keys] 'MB T3' -> Tally 'TallyPrime:9000'
[keys] '{ENTER}' -> Tally 'TallyPrime:9000'
[keys] '' -> Tally 'TallyPrime:9000'
[shot] mh-0622-T-PayHead3-savedT (1024x768)
[mh] mh-0622-T-PayHead3-savedT: field 341,142,245x16 left '' heads 'Master Alteration / FinCom • ke Co / Z: Exchange' value '' (boxes: 341,142,245x16[|Master Alteration/FinCom • ke Co/Z: Exchange]) | Recyc TallyPrime MANAGE EDU K: Company Y: Data Z: Exchange E: Export FinCom • ke Co Master Alteration Heads O: Import Create Back M: Share p: print Firefo Googl Chron Micros lyp Unity Quit List of Pa MA Attend MA Basic MA Piece MB Attend MB Basic MB Piece MBT3 MH Wage x Fl: Help nt to •elati c2524 9b89b -c082 Hub" , " : "6b 9b89b -c082 : '2.3 tion_ 24978 isten corre 2fcfc nning ' , "sou Oad7- age" , " : "6b Q Search Windows Server 2025 Datacenter Build 26100.ge_release240331-1435 Io:oo PM 10/8/2026
[mh] T-PayHead3 Ctrl+A to ALTMSTID moved (274 ->): 29.3 ms
[shot] tds-425-mgw0 (1024x768)
[22:00:25] [tds] screen tds-425-mgw0 : Recyc TallyPrime MANAGE EDU K: Company Y: Data Z: Exchange E: Export FinCom • ke Co Master Alteration Heads O: Import Create Back M: Share p: print Firefo Googl Chron Micros lyp Unity Quit List of Pa MA Attend MA Basic MA Piece MB Attend MB Basic MB Piece MBT3 MH Wage x Fl: Help nt to •elati c2524 9b89b -c082 Hub" , " : "6b 9b89b -c082 : '2.3 tion_ 24978 isten corre 2fcfc nning ' , "sou Oad7- age" , " : "6b Q Search Windows Server 2025 Datacenter Build 26100.ge_release240331-1435 Io:oo PM 10/8/2026
[keys] '{ESC}' -> Tally 'TallyPrime:9000'
[shot] tds-426-mgw1 (1024x768)
[22:00:28] [tds] screen tds-426-mgw1 : TallyPrime MANAGE Recyc EDU Firefo Googl Chron Micros Unity Quit K: Company Y: Data Z: Exchange FinCom • ke Co Master Alteration List of Masters Accounting Masters Group Ledger Cost Centre Currency Voucher Type Inventory Masters Stock Group Stock Category Stock Item Unit Location Payroll Masters Employee Group Employee Units (Work) Attendance/Production Type Pay Heads Payroll Voucher Type Statutory Masters GST Registration GST Classification Statutory Details Company GST Details O: Import Change Company Expand All Show More E: Export M: Share Q Search 161 p: print Fl: Help x nt to •elati c2524...
[keys] '{ESC}' -> Tally 'TallyPrime:9000'
[shot] tds-427-mgw2 (1024x768)
[22:00:31] [tds] screen tds-427-mgw2 : TallyPrime MANAGE Recyc EDU K: Company Gatewa of Tall Y: Data Z: Exchange CURRENT OATE Wednesday, I-Apr-2026 O: Import E: Export M: Share p: print Fl: Help Date Company Firefo Googl Chro Micros 46 IypÅ Unity CURRENT PERIOD I-Apr-26 to 31-Mar-27 NAME OF COMPANY FinCom Spike Co Gateway of Tally MASTERS Create Alter CHart of Accounts TRANSACTIONS Vouchers Day 800K UTILITIES BaNking REPORTS Balance Sheet Profit & Loss A/c Stock Summary Ratio Analysis Display More Reports DashbOard Quit 161 nt to •elati c2524 9b89b -c082 Hub" , " : "6b 9b89b -c082 tion_ 24978 isten corre 2fcfc nning ' , "sou Oad7- ...
[keys] 'a' -> Tally 'TallyPrime:9000'
[keys] '{BACKSPACE}{BACKSPACE}{BACKSPACE}{BACKSPACE}{BACKSPACE}{BACKSPACE}{BACKSPACE}{BACKSPACE}{BACKSPACE}{BACKSPACE}{BACKSPACE}{BACKSPACE}{BACKSPACE}{BACKSPACE}{BACKSPACE}{BACKSPACE}{BACKSPACE}{BACKSPACE}{BACKSPACE}{BACKSPACE}' -> Tally 'TallyPrime:9000'
[keys] 'Pay Head' -> Tally 'TallyPrime:9000'
[keys] '{ENTER}' -> Tally 'TallyPrime:9000'
[keys] 'MB Basic' -> Tally 'TallyPrime:9000'
[keys] '{ENTER}' -> Tally 'TallyPrime:9000'
[shot] mh-0623-T-PayHead4-form (1024x768)
[mh] mh-0623-T-PayHead4-form: field 139,113,245x16 left 'Name' heads 'Pa Head Alteration / K: Company / Y: Data' value 'MB Basic' (boxes: 139,113,245x16[Name|Pa Head Alteration/K: Company/Y: Data]) | TallyPrime MANAGE Recyc EDU K: Company Pa Head Alteration Y: Data Z: Exchange O: Import FinCom Spike Co E: Export M: Share P: Print Total Opening Balance Name (alias) Firefo Googl Pay head type Chro MB Basic MBT3 Pay Head Information Fl: Help F2: period Company Income type Under Affect net salary Micros Name to be displayed in payslip Use for calculation of gratuity Calculation type 46 IypÅ Unity Quit Earnings for Employees Fixed Indirect Expenses Yes MB Basic No As User Defined Value Opening Balance A Accept Q Search FIO: Other Masters 161 nt to •elati c2524 9b89b -c082 Hub" , " : "6b 9b89b -c082 tion_ 24978 isten corre 2fcfc nning ' , "sou Oad7- age" , " : "6b ( on I-Apr-26) : D: Delete W: Show All Periods Configure Windows Server 2025 Datacenter Build 26100.ge_release240331-1435 Io:oo PM 10/8/2026
[shot] mh-0624-T4-w1 (1024x768)
[mh] mh-0624-T4-w1: field 139,113,245x16 left 'Name' heads 'Pa Head Alteration / K: Company / Y: Data' value '1B Basic' (boxes: 139,113,245x16[Name|Pa Head Alteration/K: Company/Y: Data]) | TallyPrime MANAGE Recyc EDU K: Company Pa Head Alteration Y: Data Z: Exchange O: Import FinCom Spike Co E: Export M: Share P: Print Total Opening Balance Name (alias) Firefo Googl Pay head type Chro 1B Basic MBT3 Pay Head Information Fl: Help F2: period Company Income type Under Affect net salary Micros Name to be displayed in payslip Use for calculation of gratuity Calculation type 46 IypÅ Unity Quit Earnings for Employees Fixed Indirect Expenses Yes MB Basic No As User Defined Value Opening Balance A Accept Q Search FIO: Other Masters 161 nt to •elati c2524 9b89b -c082 Hub" , " : "6b 9b89b -c082 tion_ 24978 isten corre 2fcfc nning ' , "sou Oad7- age" , " : "6b ( on I-Apr-26) : D: Delete W: Show All Periods Configure Windows Server 2025 Datacenter Build 26100.ge_release240331-1435 Io:oo PM 10/8/2026
[keys] '{ENTER}' -> Tally 'TallyPrime:9000'
[shot] mh-0625-T4-w2 (1024x768)
[mh] mh-0625-T4-w2: field 139,131,245x16 left '' heads 'MB Basic / Pa Head Alteration / K: Company' value '' (boxes: 139,131,245x16[|MB Basic/Pa Head Alteration/K: Company]) | TallyPrime MANAGE Recyc EDU K: Company Pa Head Alteration Y: Data Z: Exchange O: Import FinCom • ke Co E: Export M: Share P: Print Total Opening Balance Name Firefo Googl Pay head type Chro MB Basic Pay Head Information Fl: Help F2: period Company Income type Under Affect net salary Micros Name to be displayed in payslip Use for calculation of gratuity Calculation type 46 IypÅ Unity Quit Earnings for Employees Fixed Indirect Expenses Yes MB Basic No As User Defined Value Opening Balance A Accept Q Search FIO: Other Masters 161 nt to •elati c2524 9b89b -c082 Hub" , " : "6b 9b89b -c082 tion_ 24978 isten corre 2fcfc nning ' , "sou Oad7- age" , " : "6b ( on I-Apr-26) : D: Delete W: Show All Periods Configure Windows Server 2025 Datacenter Build 26100.ge_release240331-1435 Io:oo PM 10/8/2026
[mh] T4 rule 0 (alias^MB\s*Bas[1lIi|]c$) on '|MB Basic': keys 'MB T4{ENTER}'
[keys] 'MB T4' -> Tally 'TallyPrime:9000'
[keys] '{ENTER}' -> Tally 'TallyPrime:9000'
[keys] '' -> Tally 'TallyPrime:9000'
[shot] mh-0626-T-PayHead4-savedT (1024x768)
[mh] mh-0626-T-PayHead4-savedT: field 341,142,245x16 left '' heads 'Master Alteration / FinCom • ke Co / Z: Exchange' value '' (boxes: 341,142,245x16[|Master Alteration/FinCom • ke Co/Z: Exchange]) | Recyc TallyPrime MANAGE EDU K: Company Y: Data Z: Exchange E: Export FinCom • ke Co Master Alteration Heads O: Import Create Back M: Share p: print Firefo Googl Chron Micros lyp Unity Quit List of Pa MA Attend MA Basic MA Piece MB Attend MB Basic MB Piece MB T4 MH Wage x Fl: Help nt to •elati c2524 9b89b -c082 Hub" , " : "6b 9b89b -c082 : '2.3 tion_ 24978 isten corre 2fcfc nning ' , "sou Oad7- age" , " : "6b Q Search Windows Server 2025 Datacenter Build 26100.ge_release240331-1435 Io:oo PM 10/8/2026
[mh] T-PayHead4 Ctrl+A to ALTMSTID moved (275 ->): 30.1 ms
[shot] tds-428-mgw0 (1024x768)
[22:00:56] [tds] screen tds-428-mgw0 : Recyc TallyPrime MANAGE EDU K: Company Y: Data Z: Exchange E: Export FinCom • ke Co Master Alteration Heads O: Import Create Back M: Share p: print Firefo Googl Chron Micros lyp Unity Quit List of Pa MA Attend MA Basic MA Piece MB Attend MB Basic MB Piece MB T4 MH Wage x Fl: Help nt to •elati c2524 9b89b -c082 Hub" , " : "6b 9b89b -c082 : '2.3 tion_ 24978 isten corre 2fcfc nning ' , "sou Oad7- age" , " : "6b Q Search Windows Server 2025 Datacenter Build 26100.ge_release240331-1435 Io:oo PM 10/8/2026
[keys] '{ESC}' -> Tally 'TallyPrime:9000'
[shot] tds-429-mgw1 (1024x768)
[22:00:58] [tds] screen tds-429-mgw1 : TallyPrime MANAGE Recyc EDU Firefo Googl Chron Micros Unity Quit K: Company Y: Data Z: Exchange FinCom • ke Co Master Alteration List of Masters Accounting Masters Group Ledger Cost Centre Currency Voucher Type Inventory Masters Stock Group Stock Category Stock Item Unit Location Payroll Masters Employee Group Employee Units (Work) Attendance/Production Type Pay Heads Payroll Voucher Type Statutory Masters GST Registration GST Classification Statutory Details Company GST Details O: Import Change Company Expand All Show More E: Export M: Share Q Search 161 p: print Fl: Help x nt to •elati c2524...
[keys] '{ESC}' -> Tally 'TallyPrime:9000'
[shot] tds-430-mgw2 (1024x768)
[22:01:01] [tds] screen tds-430-mgw2 : TallyPrime MANAGE Recyc EDU K: Company Gatewa of Tall Y: Data Z: Exchange CURRENT OATE Wednesday, I-Apr-2026 O: Import E: Export M: Share p: print Fl: Help Date Company Firefo Googl Chro Micros 46 IypÅ Unity CURRENT PERIOD I-Apr-26 to 31-Mar-27 NAME OF COMPANY FinCom Spike Co Gateway of Tally MASTERS Create Alter CHart of Accounts TRANSACTIONS Vouchers Day 800K UTILITIES BaNking REPORTS Balance Sheet Profit & Loss A/c Stock Summary Ratio Analysis Display More Reports DashbOard Quit 161 nt to •elati c2524 9b89b -c082 Hub" , " : "6b 9b89b -c082 tion_ 24978 isten corre 2fcfc nning ' , "sou Oad7- ...
[keys] 'a' -> Tally 'TallyPrime:9000'
[keys] '{BACKSPACE}{BACKSPACE}{BACKSPACE}{BACKSPACE}{BACKSPACE}{BACKSPACE}{BACKSPACE}{BACKSPACE}{BACKSPACE}{BACKSPACE}{BACKSPACE}{BACKSPACE}{BACKSPACE}{BACKSPACE}{BACKSPACE}{BACKSPACE}{BACKSPACE}{BACKSPACE}{BACKSPACE}{BACKSPACE}' -> Tally 'TallyPrime:9000'
[keys] 'Pay Head' -> Tally 'TallyPrime:9000'
[keys] '{ENTER}' -> Tally 'TallyPrime:9000'
[keys] 'MB Basic' -> Tally 'TallyPrime:9000'
[keys] '{ENTER}' -> Tally 'TallyPrime:9000'
[shot] mh-0627-T-PayHead5-form (1024x768)
[mh] mh-0627-T-PayHead5-form: field 139,113,245x16 left 'Name' heads 'Pa Head Alteration / K: Company / Y: Data' value '1B Basic' (boxes: 139,113,245x16[Name|Pa Head Alteration/K: Company/Y: Data]) | TallyPrime MANAGE Recyc EDU K: Company Pa Head Alteration Y: Data Z: Exchange O: Import FinCom Spike Co E: Export M: Share P: Print Total Opening Balance Name (alias) Firefo Googl Pay head type Chro 1B Basic MB T4 Pay Head Information Fl: Help F2: period Company Income type Under Affect net salary Micros Name to be displayed in payslip Use for calculation of gratuity Calculation type 46 IypÅ Unity Quit Earnings for Employees Fixed Indirect Expenses Yes MB Basic No As User Defined Value Opening Balance A Accept Q Search FIO: Other Masters 161 nt to •elati c2524 9b89b -c082 Hub" , " : "6b 9b89b -c082 tion_ 24978 isten corre 2fcfc nning ' , "sou Oad7- age" , " : "6b ( on I-Apr-26) : D: Delete W: Show All Periods Configure Windows Server 2025 Datacenter Build 26100.ge_release240331-1435 10:01 PM 10/8/2026
[mh] T-PayHead5 the alteration form open is '1B Basic', not 'MB Basic': left
[shot] tds-431-mgw0 (1024x768)
[22:01:18] [tds] screen tds-431-mgw0 : TallyPrime MANAGE Recyc EDU K: Company Pa Head Alteration Y: Data Z: Exchange O: Import FinCom Spike Co E: Export M: Share P: Print Total Opening Balance Name (alias) Firefo Googl Pay head type Chro 1B Basic MB T4 Pay Head Information Fl: Help F2: period Company Income type Under Affect net salary Micros Name to be displayed in payslip Use for calculation of gratuity Calculation type 46 IypÅ Unity Quit Earnings for Employees Fixed Indirect Expenses Yes MB Basic No As User Defined Value Opening Balance A Accept Q Search FIO: Other Masters 161 nt to •elati c2524 9b89b -c082 Hub" , " : "6b 9b89b ...
[keys] '{ESC}' -> Tally 'TallyPrime:9000'
[shot] tds-432-mgw1 (1024x768)
[22:01:21] [tds] screen tds-432-mgw1 : TallyPrime MANAGE Recyc EDU K: Company Pa Head Alteration Y: Data Z: Exchange O: Import FinCom Spike Co E: Export M: Share P: Print Total Opening Balance Name (alias) Firefo Googl Pay head type Chro MB T4 Fl: Help F2: period Company Pay Head Information Income type Under Affect net salary Micros Name to be displayed in payslip Use for calculation of gratuity Calculation type 46 IypÅ Unity Quit Earnings for Employees Fixed Indirect Expenses Yes MB Basic No As User Defined Value Opening Balance A Accept Q Search FIO: Other Masters 161 nt to •elati c2524 9b89b -c082 Hub" , " : "6b 9b89b -c082 tio...
[keys] '{ESC}' -> Tally 'TallyPrime:9000'
[shot] tds-433-mgw2 (1024x768)
[22:01:23] [tds] screen tds-433-mgw2 : TallyPrime MANAGE Recyc EDU K: Company Pa Head Alteration Y: Data Z: Exchange FinCom Spike Co O: Import Name (alias) Firefo Googl Pay head type Chro MB T4 E: Export M: Share P: Print Total Opening Balance Quit o Yes or No Fl: Help F2: period F3: Company Pay Head Information Income type Under Affect net salary Micros Name to be displayed in payslip Use for calculation of gratuity Calculation type 46 IypÅ Unity Q: Quit Earnings for Employees Fixed Indirect Expenses Yes MB Basic No As User Defined Value Opening Balance A: Accept Q Search FIO : Other Masters W: Show All Periods 161 nt to •elati c2...
[keys] 'n' -> Tally 'TallyPrime:9000'
[shot] tds-434-mgw3 (1024x768)
[22:01:27] [tds] screen tds-434-mgw3 : TallyPrime MANAGE Recyc EDU K: Company Pa Head Alteration Y: Data Z: Exchange O: Import FinCom Spike Co E: Export M: Share P: Print Total Opening Balance Name (alias) Firefo Googl Pay head type Chro MB T4 Fl: Help F2: period Company Pay Head Information Income type Under Affect net salary Micros Name to be displayed in payslip Use for calculation of gratuity Calculation type 46 IypÅ Unity Quit Earnings for Employees Fixed Indirect Expenses Yes MB Basic No As User Defined Value Opening Balance A Accept Q Search FIO: Other Masters 161 nt to •elati c2524 9b89b -c082 Hub" , " : "6b 9b89b -c082 tio...
[keys] '{ESC}' -> Tally 'TallyPrime:9000'
[shot] tds-435-mgw4 (1024x768)
[22:01:29] [tds] screen tds-435-mgw4 : TallyPrime MANAGE Recyc EDU K: Company Pa Head Alteration Y: Data Z: Exchange FinCom Spike Co O: Import Name (alias) Firefo Googl Pay head type Chro MB T4 E: Export M: Share P: Print Total Opening Balance Quit o Yes or No Fl: Help F2: period F3: Company Pay Head Information Income type Under Affect net salary Micros Name to be displayed in payslip Use for calculation of gratuity Calculation type 46 IypÅ Unity Q: Quit Earnings for Employees Fixed Indirect Expenses Yes MB Basic No As User Defined Value Opening Balance A: Accept Q Search FIO : Other Masters W: Show All Periods 161 nt to •elati c2...
[keys] 'n' -> Tally 'TallyPrime:9000'
[shot] tds-436-mgw5 (1024x768)
[22:01:33] [tds] screen tds-436-mgw5 : TallyPrime MANAGE Recyc EDU K: Company Pa Head Alteration Y: Data Z: Exchange O: Import FinCom Spike Co E: Export M: Share P: Print Total Opening Balance Name (alias) Firefo Googl Pay head type Chro MB T4 Fl: Help F2: period Company Pay Head Information Income type Under Affect net salary Micros Name to be displayed in payslip Use for calculation of gratuity Calculation type 46 IypÅ Unity Quit Earnings for Employees Fixed Indirect Expenses Yes MB Basic No As User Defined Value Opening Balance A Accept Q Search FIO: Other Masters 161 nt to •elati c2524 9b89b -c082 Hub" , " : "6b 9b89b -c082 tio...
[keys] '{ESC}' -> Tally 'TallyPrime:9000'
[shot] tds-437-mgw6 (1024x768)
[22:01:36] [tds] screen tds-437-mgw6 : TallyPrime MANAGE Recyc EDU K: Company Pa Head Alteration Y: Data Z: Exchange FinCom Spike Co O: Import Name (alias) Firefo Googl Pay head type Chro MB T4 E: Export M: Share P: Print Total Opening Balance Quit o Yes or No Fl: Help F2: period F3: Company Pay Head Information Income type Under Affect net salary Micros Name to be displayed in payslip Use for calculation of gratuity Calculation type 46 IypÅ Unity Q: Quit Earnings for Employees Fixed Indirect Expenses Yes MB Basic No As User Defined Value Opening Balance A: Accept Q Search FIO : Other Masters W: Show All Periods 161 nt to •elati c2...
[keys] 'n' -> Tally 'TallyPrime:9000'
[shot] tds-438-mgw7 (1024x768)
[22:01:39] [tds] screen tds-438-mgw7 : TallyPrime MANAGE Recyc EDU K: Company Pa Head Alteration Y: Data Z: Exchange O: Import FinCom Spike Co E: Export M: Share P: Print Total Opening Balance Name (alias) Firefo Googl Pay head type Chro MB T4 Fl: Help F2: period Company Pay Head Information Income type Under Affect net salary Micros Name to be displayed in payslip Use for calculation of gratuity Calculation type 46 IypÅ Unity Quit Earnings for Employees Fixed Indirect Expenses Yes MB Basic No As User Defined Value Opening Balance A Accept Q Search FIO: Other Masters 161 nt to •elati c2524 9b89b -c082 Hub" , " : "6b 9b89b -c082 tio...
[keys] '{ESC}' -> Tally 'TallyPrime:9000'
[22:01:41] [tds] the Gateway not reached (after the timing): Tally started again
[keys] 'a' -> Tally 'TallyPrime:9000'
[keys] 't' -> Tally 'TallyPrime:9000'
[shot] tds-439-mh-start-0 (1024x768)
[22:02:15] [tds] screen tds-439-mh-start-0 : TallyPrime MANAGE Recyc EDU K: Company Gatewa of Tall Y: Data Z: Exchange CURRENT OATE Wednesday, I-Apr-2026 O: Import E: Export M: Share p: print Fl: Help Date Company Firefo Googl Chro Micros 46 IypÅ Unity CURRENT PERIOD I-Apr-26 to 31-Mar-27 NAME OF COMPANY FinCom Spike Co Gateway of Tally MASTERS Create Alter CHart of Accounts TRANSACTIONS Vouchers Day 800K UTILITIES BaNking REPORTS Balance Sheet Profit & Loss A/c Stock Summary Ratio Analysis Display More Reports DashbOard Quit 161 nt to •elati c2524 9b89b -c082 Hub" , " : "6b 9b89b -c082 tion_ 24978 isten corre 2fcfc nning ' , "sou Oad7- ...
  INFO mh B save time Pay Head (alter, Ctrl+A to Tally's ALTMSTID moved): 29.6, 29.7, 29.3, 30.1, -1 ms
  INFO mh phase B (no TDL): add-on lines written during the phase: 0 (expected 0)
######## PASS mh Godown G1-create: stored as typed A True / B True; line written True (godown_accept_pre(MA Godown 1) godown_accept_post(MA Godown 1)); Ctrl+A A 81.4 ms / B 73.8 ms; A = B field by field; walk A: seen [Name|K: Company] [|MA Godown 1] [Firefo|MA GI] [Under|MAGI]
######## FAIL mh Godown G2-alter-alias: stored as typed A False / B True; line written False (none); Ctrl+A A -1 ms / B 5968.3 ms; A missing: NAME=MA\ G1X | A error on screen: no save | A: the add-on line for it not written | A and B stored differently: A:GODOWN=0; A:NAME=MX G1; B:GODOWN=1; B:NAME=MX G1X; walk A: 
######## FAIL mh Godown G3-rename: stored as typed A True / B True; line written True (godown_accept_pre(MA Godown 1R) godown_accept_post(MA Godown 1R)); Ctrl+A A 2188.2 ms / B 4319.4 ms; A and B stored differently: A:GODOWN=1; A:NAME=MX G1; B:GODOWN=2; B:NAME=MX G1X; walk A: seen [Name|Location Alteration]
######## PASS mh Godown G4-create-under: stored as typed A True / B True; line written True (godown_accept_pre(MA Godown 2) godown_accept_post(MA Godown 2)); Ctrl+A A 45.1 ms / B 75.8 ms; A = B field by field; walk A: seen [Name|K: Company] [|MA Godown 2] [Under|MA Godown 2]
######## PASS mh Godown G5-alter-under: stored as typed A True / B True; line written True (godown_accept_pre(MA Godown 2) godown_accept_post(MA Godown 2)); Ctrl+A A 3211.4 ms / B 3225.5 ms; A = B field by field; walk A: seen [Name|Location Alteration] [|MA Godown 2] [Under|MA Godown 2]
######## HARNESS mh Stock Item S1-create: stored as typed A False / B False; line written True (stockitem_accept_pre(MA Item 1) stockitem_accept_post(MA Item 1)); Ctrl+A A 46.4 ms / B 610.4 ms; B (no add-on) did not store it either: the keys did not get there (NAME=MB\ I1; BASEUNITS=Nos) | A missing: NAME=MA\ I1; BASEUNITS=Nos; walk A: seen [Name|Stock Item Creation] [|Stock Item Creation] [Under|FinCom • ke Co] [|] [GST applicability|E: Export] [|] [|] [Type of Supply|Serices] [Rate of Duty (eg 5)|Goods] [Opening Balance|Value] [|] | rules not used: alias^MA\s*[1lIi|]tem\s*[1lIi|]$, (^|\W)Units$
######## HARNESS mh Stock Item S2-alter-alias: stored as typed A False / B False; line written True (stockitem_accept_pre(MA Item 1) stockitem_accept_post(MA Item 1)); Ctrl+A A 1659.2 ms / B -1 ms; B (no add-on) did not store it either: the keys did not get there (NAME=MB\ I1X) | A missing: NAME=MA\ I1X | A and B stored differently: A:STOCKITEM=1; B:STOCKITEM=0; walk A: seen [Name|Stock Item Alteration] [|Stock Item Alteration] [Under|FinCom • ke Co] [|] [GST applicability|E: Export] [|] [|] [Type of Supply|Serices] [Rate of Duty (eg 5)|Goods] [Opening Balance|Value] [|] | rules not used: alias^MA\s*[1lIi|]tem\s*[1lIi|]$
######## HARNESS mh Stock Item S3-rename: stored as typed A True / B False; line written True (stockitem_accept_pre(MA Item 1R) stockitem_accept_post(MA Item 1R)); Ctrl+A A 3237.8 ms / B -1 ms; B (no add-on) did not store it either: the keys did not get there (not in Tally by name; old name 'MB Item 1' still in Tally) | A and B stored differently: A:ACCOUNTAUDITENTRIES.LIST=; A:ACTIVEFROM=; A:ACTIVETO=; A:ADDITIONALLEDGERS.LIST=; A:ADDITIONALUNITS=&#4; Not Applicable; A:ADJDIFFINFIRSTPURCLEDGER=; A:ADJDIFFINFIRSTSALELEDGER=; A:ALLOWUSEOFEXPIREDITEMS=No; A:APPLICABLEFROM=20260401; A:ASORIGINAL=No; A:BASEUNITS=&#4; Not Applicable; A:BASICQTY=; walk A: seen [Name|Stock Item Alteration]
######## HARNESS mh Stock Item S4-gst-hsn: stored as typed A False / B False; line written True (stockitem_accept_pre(MA Item 1R) stockitem_accept_post(MA Item 1R)); Ctrl+A A 2134.6 ms / B -1 ms; B (no add-on) did not store it either: the keys did not get there (not in Tally by name; [A-Z.]*HSN[A-Z.]*=84713010; [A-Z.]*RATE[A-Z.]*=18(\.0+)?( ?%)?) | A missing: [A-Z.]*HSN[A-Z.]*=84713010; [A-Z.]*RATE[A-Z.]*=18(\.0+)?( ?%)? | A and B stored differently: A:ACCOUNTAUDITENTRIES.LIST=; A:ACTIVEFROM=; A:ACTIVETO=; A:ADDITIONALLEDGERS.LIST=; A:ADDITIONALUNITS=&#4; Not Applicable; A:ADJDIFFINFIRSTPURCLEDGER=; A:ADJDIFFINFIRSTSALELEDGER=; A:ALLOWUSEOFEXPIREDITEMS=No; A:APPLICABLEFROM=20260401; A:ASORIGINAL=No; A:BASEUNITS=&#4; Not Applicable; A:BASICQTY=; walk A: seen [Name|Stock Item Alteration] [|Stock Item Alteration] [Under|FinCom • ke Co] [|] [GST applicability|E: Export] [|] [|] [Type of Supply|Serices] [Rate of Duty (eg 5)|Goods] [Opening Balance|Value] [|] | rules not used: HS.{0,3}SAC (&|and) Related|HS.{0,3}SAC Details$, (^|\W)HS.{0,3}SAC$|HS.{0,3}SAC Code, GST Rate (&|and) Related|GST Rate Details$|Set.?Alter GST, Taxability(optional), (^|\W)GST Rate$|Integrated Tax|(^|\W)IGST
######## HARNESS mh Stock Item S5-unit-change: stored as typed A False / B False; line written True (stockitem_accept_pre(MA Item 1R) stockitem_accept_post(MA Item 1R)); Ctrl+A A 2669.4 ms / B -1 ms; B (no add-on) did not store it either: the keys did not get there (not in Tally by name; BASEUNITS=Kgs) | A missing: BASEUNITS=Kgs | A and B stored differently: A:ACCOUNTAUDITENTRIES.LIST=; A:ACTIVEFROM=; A:ACTIVETO=; A:ADDITIONALLEDGERS.LIST=; A:ADDITIONALUNITS=&#4; Not Applicable; A:ADJDIFFINFIRSTPURCLEDGER=; A:ADJDIFFINFIRSTSALELEDGER=; A:ALLOWUSEOFEXPIREDITEMS=No; A:APPLICABLEFROM=20260401; A:ASORIGINAL=No; A:BASEUNITS=&#4; Not Applicable; A:BASICQTY=; walk A: seen [Name|Stock Item Alteration] [|Stock Item Alteration] [Under|FinCom • ke Co] [|] [GST applicability|E: Export] [|] [|] [Type of Supply|Serices] [Rate of Duty (eg 5)|Goods] [Opening Balance|Value] [|] | rules not used: (^|\W)Units$
######## HARNESS mh Stock Item S6-opening-batches: stored as typed A False / B False; line written False (none); Ctrl+A A 248 ms / B -1 ms; B (no add-on) did not store it either: the keys did not get there (not in Tally by name; ISBATCHWISEON=Yes; BATCHNAME=MB\ B1; BATCHNAME=MB\ B2; OPENINGBALANCE=15 Nos; [A-Z.]*OPENINGBALANCE=10 Nos; [A-Z.]*OPENINGBALANCE=5 Nos) | A missing: not in Tally by name; ISBATCHWISEON=Yes; BATCHNAME=MA\ B1; BATCHNAME=MA\ B2; OPENINGBALANCE=15 Nos; [A-Z.]*OPENINGBALANCE=10 Nos; [A-Z.]*OPENINGBALANCE=5 Nos | A: the add-on line for it not written; walk A: seen [Name|Stock Item Creation] [|Stock Item Creation] [Under|FinCom • ke Co] [|] [GST applicability|E: Export] [|] [|] [Type of Supply|Serices] [Rate of Duty (eg 5)|Goods] [Opening Balance|Value] [|Location] [Main|Amount] [Main|Amount] [|] [|] [|] [|] [|] [|] [|] [|] [|] [|] [|] [|] [|] [|] [|] [|] [|] [|] [|] [|] [|] [|] [|] [|] [|] [|] [|] [|] [|] [|] [|] [|] [|] [|] [|] [|] [|] [|] [|] [|] [|] [|] [|] [|] [|] [|] [|] | rules not used: (^|\W)Units$, Maintain in batches, Batch, ^Quantity, ^Rate, Batch, ^Quantity, ^Rate
######## HARNESS mh Stock Item S7-create-in-voucher: stored as typed A False / B False; line written True (stockitem_accept_pre(MA Item V) stockitem_accept_post(MA Item V) voucher_accept_pre()); Ctrl+A A 107.5 ms / B 101 ms; B (no add-on) did not store it either: the keys did not get there (BASEUNITS=Nos) | A missing: BASEUNITS=Nos | A error on screen: Error Oops! No Entries in Voucher! 161 nt to •elati c2524 9b89b -c082 Hub" , " : "6b 9b89b -c082 tion_ 24978 isten corre 2fcf; walk A: voucher: [Party Alc narne.|Accounting Voucher Creation] [Micros|Delivery Note No(s)] [Dispatch Doc No.|] [Buyer (Bill to)|Party Details] [Mailing Name|Cash] [Address|Cash] [State|Cash] [Country|Not Applicable] [GST Registration type|India] [GSTIN/UIN|Unregistered/Consumer] [Place of Supply|Madhya Pradesh] [Sales ledger|PartyA/c narne: Cash] [Chron|Name of Item] | item: seen [Name|Stock Item Creation (Secondary] [|Stock Item Creation] [Under|FinCom • ke Co] [|] [GST applicability|E: Export] [|] [|] [Type of Supply|Serices] [Rate of Duty (eg 5)|Goods] [|] | rules not used: (^|\W)Units$
######## PASS mh Pay Head P1-create-user-defined: stored as typed A True / B True; line written True (payhead_accept_pre(MA Basic) payhead_accept_post(MA Basic)); Ctrl+A A 56.6 ms / B 48.1 ms; A = B field by field; walk A: seen [Name|Pa Head Creation] [|MA Basic] [Pay head type|Pay Head Information] [Income type|Earnings for Employees] [Under|Fixed] [Affect net salary|Indirect Expenses] [Name to be displayed in payslip|Yes] [Use for calculation of gratuity|MA Basic] [Calculation type|No]
######## PASS mh Pay Head P2-create-computed-slab: stored as typed A True / B True; line written True (payhead_accept_pre(MA HRA) payhead_accept_post(MA HRA)); Ctrl+A A 76.8 ms / B 75.3 ms; A = B field by field; walk A: seen [Name|Pa Head Creation] [|MA HRA] [Pay head type|Pay Head Information] [Income type|Earnings for Employees] [Under|Fixed] [Affect net salary|Indirect Expenses] [Name to be displayed in payslip|Yes] [Use for calculation of gratuity|MA HRA] [Calculation type|No] [Rounding Method|Rounding Off Informatio] [Compute|Computation Information] [|From] [Yes|To] [Yes|Amount Up Slab Type] [Percentage|Value] [Yes|upr-26] [( on I-Apr-26)|] [|] | rules not used: Effective FromEffective From
######## PASS mh Pay Head P3-create-attendance: stored as typed A True / B True; line written True (payhead_accept_pre(MA Attend) payhead_accept_post(MA Attend)); Ctrl+A A 78.5 ms / B 72.6 ms; A = B field by field; walk A: seen [Name|Pa Head Creation] [|MA Attend] [Pay head type|Pay Head Information] [Income type|Earnings for Employees] [Under|Fixed] [Affect net salary|Indirect Expenses] [Name to be displayed in payslip|Yes] [Use for calculation of gratuity|MA Attend] [Calculation type|No] [Attendance/leave with pay|On Attendance] [Calculation period|MH Present] [Basis of calculation (per day)|Months] [Rounding Method|Rounding Off Informatio] [( on I-Apr-26)|] [|] | rules not used: Per day calculation basis
######## PASS mh Pay Head P4-create-production: stored as typed A True / B True; line written True (payhead_accept_pre(MA Piece) payhead_accept_post(MA Piece)); Ctrl+A A 92 ms / B 90 ms; A = B field by field; walk A: seen [Name|Pa Head Creation] [|MA Piece] [Pay head type|Pay Head Information] [Income type|Earnings for Employees] [Under|Fixed] [Affect net salary|Indirect Expenses] [Name to be displayed in payslip|Yes] [Use for calculation of gratuity|MA Piece] [Calculation type|No] [Production type|On Production]
######## HARNESS mh Pay Head P5-alter-payslip-name: stored as typed A True / B False; line written True (payhead_accept_pre(MA Basic) payhead_accept_post(MA Basic)); Ctrl+A A 3784.1 ms / B -1 ms; B (no add-on) did not store it either: the keys did not get there (PAYSLIPNAME=MB\ Basic\ Pay) | A and B stored differently: A:LEDGER=1; A:PAYSLIPNAME=MX Basic Pay; B:LEDGER=0; B:PAYSLIPNAME=MX Basic; walk A: seen [Name|Pa Head Alteration] [|MA Basic] [Pay head type|Pay Head Information] [Income type|Earnings for Employees] [Under|Fixed] [Affect net salary|Indirect Expenses] [Name to be displayed in payslip|Yes]
######## HARNESS mh Pay Head P5b-alter-net-salary: stored as typed A True / B False; line written True (payhead_accept_pre(MA Basic) payhead_accept_post(MA Basic)); Ctrl+A A 2179.7 ms / B -1 ms; B (no add-on) did not store it either: the keys did not get there (SHOWINPAYSLIP=No) | A and B stored differently: A:LEDGER=2; A:PAYSLIPNAME=; A:SHOWINPAYSLIP=No; B:LEDGER=0; B:PAYSLIPNAME=MX Basic; B:SHOWINPAYSLIP=Yes; walk A: seen [Name|Pa Head Alteration] [|MA Basic] [Pay head type|Pay Head Information] [Income type|Earnings for Employees] [Under|Fixed] [Affect net salary|Indirect Expenses]
######## FAIL mh Pay Head P6-alter-slab: stored as typed A True / B True; line written True (payhead_accept_pre(MA HRA) payhead_accept_post(MA HRA)); Ctrl+A A 42.4 ms / B 3791.3 ms; A and B stored differently: A:LEDGER=3; B:LEDGER=1; walk A: seen [Name|Pa Head Alteration] [|MA HRA] [Pay head type|Pay Head Information] [Income type|Earnings for Employees] [Under|Fixed] [Affect net salary|Indirect Expenses] [Name to be displayed in payslip|Yes] [Use for calculation of gratuity|MA HRA] [Calculation type|No] [Rounding Method|Rounding Off Informatio] [Compute|Computation Information] [|From] [Yes|To] [|] [Percentage|Value]
######## FAIL mh Godown D1-delete-godown: stored as typed A True / B True; line written True (before_delete(MA Godown 2) after_delete(MA Godown 2)); Ctrl+A A 5964.7 ms / B 565.8 ms; A and B stored differently: A:LEDGER=3; B:LEDGER=1; walk A: 
######## FAIL mh Stock Item D2-delete-stock-item: stored as typed A True / B True; line written True (before_delete(MA Item V) after_delete(MA Item V)); Ctrl+A A 565.4 ms / B 1100.2 ms; A and B stored differently: A:LEDGER=3; B:LEDGER=1; walk A: 
######## FAIL mh Pay Head D3-delete-pay-head: stored as typed A True / B True; line written True (before_delete(MA HRA) after_delete(MA HRA)); Ctrl+A A 6018 ms / B 596.2 ms; A and B stored differently: A:LEDGER=4; B:LEDGER=2; walk A: 
