[19:10:38] ---- c1 install and open the company (TallyPrime 4.1)
  INFO installed: C:\Program Files\TallyPrime\tally.exe; tally.exe 15413896 bytes, 2026-10-08, FileVersion 1.1.4.1, ProductVersion 1.1.4.1, ProductName TallyPrime
  INFO company folder made by flow.ps1: D:\a\_temp\TallyData\100000
[keys] 'a' -> Tally 'TallyPrime:9000'
[keys] 't' -> Tally 'TallyPrime:9000'
[shot] v-00-started (1024x768)
[companies] 7 ms: <ENVELOPE><HEADER><VERSION>1</VERSION><STATUS>1</STATUS></HEADER><BODY><DESC><CMPINFO><COMPANY>0</COMPANY><GROUP>0</GROUP><LEDGER>0</LEDGER><COSTCATEGORY>0</COSTCATEGORY><COSTCENTRE>0</COSTCENTRE><GODOWN>0</GODOWN><STOCKGROUP>0</STOCKGROUP><STOCKCATEGORY>0</STOCKCATEGORY><STOCKITEM>0</STOCKITEM><VOUCHERTYPE>0</VOUCHERTYPE><CURRENCY>0</CURRENCY><UNIT>0</UNIT><BUDGET>0</BUDGET><CLIENTRULE>0</CLIENTRULE><SERVERRULE>0</SERVERRULE><STATE>0</STATE><TDSRATE>0</TDSRATE><TAXCLASSIFICATION>0</TAXCLASSIFICATION><STCATEGORY>0</STCATEGORY><DEDUCTEETYPE>0</DEDUCTEETYPE><ATTENDANCETYPE>0</ATTENDANCETYPE><FBT...
[header] 7 ms: <ENVELOPE><HEADER><VERSION>1</VERSION><STATUS>1</STATUS><PRODMAJORVER>1</PRODMAJORVER><PRODMINORVER>1</PRODMINORVER><PRODMAJORREL>4</PRODMAJORREL><PRODMINORREL>1</PRODMINORREL><PRODTYPE>5</PRODTYPE></HEADER><BODY><DESC><CMPINFO><COMPANY>0</COMPANY><GROUP>0</GROUP><LEDGER>0</LEDGER><COSTCATEGORY>0</COSTCATEGORY><COSTCENTRE>0</COSTCENTRE><GODOWN>0</GODOWN><STOCKGROUP>0</STOCKGROUP><STOCKCATEGORY>0</STOCKCATEGORY><STOCKITEM>0</STOCKITEM><VOUCHERTYPE>0</VOUCHERTYPE><CURRENCY>0</CURRENCY><UNIT>0</UNIT><BUDGET>0</BUDGET><CLIENTRULE>0</CLIENTRULE><SERVERRULE>0</SERVERRULE><STATE>0</STATE><TDSRATE>0</...
  INFO Tally's own release in its answer header: PRODMAJORREL 4 PRODMINORREL 1 (PRODMAJORVER 1 PRODMINORVER 1 PRODTYPE 5)
######## PASS c1 install and open the company: installed tally.exe 15413896 bytes, 2026-10-08, FileVersion 1.1.4.1, ProductVersion 1.1.4.1, ProductName TallyPrime; company folder 100000 loaded at start: True; window 'TallyPrime:9000'
######## PASS c2 port and company list: port 9000 answered 10.2 s after start, GET 19 ms ('<RESPONSE>TallyPrime Server is Running</RESPONSE>'); company list 7 ms, 'FinCom Spike Co' in it: True
[19:11:11] ---- share: the full line against the stored entry, per kind, typed on the screen
[share masters] 38 ms: <RESPONSE><CREATED>9</CREATED><ALTERED>0</ALTERED><DELETED>0</DELETED><LASTVCHID>0</LASTVCHID><LASTMID>0</LASTMID><COMBINED>0</COMBINED><IGNORED>0</IGNORED><ERRORS>0</ERRORS><CANCELLED>0</CANCELLED><EXCEPTIONS>0</EXCEPTIONS></RESPONSE>
  INFO share masters: <CREATED>9</CREATED> <ALTERED>0</ALTERED> <DELETED>0</DELETED> <LASTVCHID>0</LASTVCHID> <LASTMID>0</LASTMID> <COMBINED>0</COMBINED> <IGNORED>0</IGNORED> <ERRORS>0</ERRORS>
[share bills] 46 ms: <RESPONSE><CREATED>4</CREATED><ALTERED>0</ALTERED><DELETED>0</DELETED><LASTVCHID>5</LASTVCHID><LASTMID>0</LASTMID><COMBINED>0</COMBINED><IGNORED>0</IGNORED><ERRORS>0</ERRORS><CANCELLED>0</CANCELLED><EXCEPTIONS>0</EXCEPTIONS></RESPONSE>
  INFO share bills to settle (SB-1, PB-1, ADVS-1, ADVP-1): <CREATED>4</CREATED> <ALTERED>0</ALTERED> <DELETED>0</DELETED> <LASTVCHID>5</LASTVCHID> <LASTMID>0</LASTMID> <COMBINED>0</COMBINED> <IGNORED>0</IGNORED> <ERRORS>0</ERRORS>
[share company cost centres] 12 ms: <RESPONSE><CREATED>0</CREATED><ALTERED>1</ALTERED><DELETED>0</DELETED><LASTVCHID>0</LASTVCHID><LASTMID>0</LASTMID><COMBINED>0</COMBINED><IGNORED>0</IGNORED><ERRORS>0</ERRORS><CANCELLED>0</CANCELLED><EXCEPTIONS>0</EXCEPTIONS></RESPONSE>
[share payroll masters] 36 ms: <RESPONSE><CREATED>9</CREATED><ALTERED>0</ALTERED><DELETED>0</DELETED><LASTVCHID>0</LASTVCHID><LASTMID>0</LASTMID><COMBINED>0</COMBINED><IGNORED>0</IGNORED><ERRORS>0</ERRORS><CANCELLED>0</CANCELLED><EXCEPTIONS>0</EXCEPTIONS></RESPONSE>
[share payroll template] 19 ms: <RESPONSE><CREATED>1</CREATED><ALTERED>0</ALTERED><DELETED>0</DELETED><LASTVCHID>6</LASTVCHID><LASTMID>0</LASTMID><COMBINED>0</COMBINED><IGNORED>0</IGNORED><ERRORS>0</ERRORS><CANCELLED>0</CANCELLED><EXCEPTIONS>0</EXCEPTIONS></RESPONSE>
  INFO share payroll masters and template: <CREATED>9</CREATED> / <CREATED>1</CREATED> <ALTERED>0</ALTERED> <DELETED>0</DELETED> <LASTVCHID>6</LASTVCHID> <LASTMID>0</LASTMID> <COMBINED>0</COMBINED> <IGNORED>0</IGNORED> <ERRORS>0</ERRORS>
[19:11:11] ---- share receipt-agst: receipt from a party against its bill (Agst Ref SB-1)
  voucher mid=1 aid=1 Journal/1/20260401 guid=2bbc8f60-fad7-4b8f-b633-510b49c07cf5-00000001 cancelled=False
  voucher mid=2 aid=2 Journal/2/20261001 guid=2bbc8f60-fad7-4b8f-b633-510b49c07cf5-00000002 cancelled=False
  voucher mid=3 aid=3 Journal/3/20261001 guid=2bbc8f60-fad7-4b8f-b633-510b49c07cf5-00000003 cancelled=False
  voucher mid=4 aid=4 Journal/4/20261001 guid=2bbc8f60-fad7-4b8f-b633-510b49c07cf5-00000004 cancelled=False
  voucher mid=5 aid=5 Journal/5/20261001 guid=2bbc8f60-fad7-4b8f-b633-510b49c07cf5-00000005 cancelled=False
  voucher mid=6 aid=6 Payroll/1/20261001 guid=2bbc8f60-fad7-4b8f-b633-510b49c07cf5-00000006 cancelled=False
[shot] tds-001-gw0 (1024x768)
[19:11:14] [tds] screen tds-001-gw0 : x TallyPrime MANAGE EDU K: Company Gatewa of Tall CURRENT PERIOD I-Apr-26 to 31-Mar-27 NAME OF COMPANY FinCom Spike Co Y: Data Z: Exchange CURRENT OATE Wednesday, I-Apr-2026 O: Import E: Export M: Share p: print Fl: Help Date o 3371a Gateway of Tally MASTERS Create Alter CHart of Accounts TRANSACTIONS Vouchers Day 800K UTILITIES BaNking REPORTS Balance Sheet Profit & Loss A/c Stock Summary Ratio Analysis Display More Reports DashbOard Quit Unity Q I-Oct-26 Search Company o run 3b4-9 2731- acep 2+67- 2731- acep .337. ning 17523 ing j _id" : 1-01" 2+67- Mode Windows Server 2025 Datacenter Build ...
[shot] tds-002-R1-start (1024x768)
[19:11:15] [tds] screen tds-002-R1-start : x TallyPrime MANAGE EDU K: Company Gatewa of Tall CURRENT PERIOD I-Apr-26 to 31-Mar-27 NAME OF COMPANY FinCom Spike Co Y: Data Z: Exchange CURRENT OATE Wednesday, I-Apr-2026 O: Import E: Export M: Share p: print Fl: Help Date o 3371a Gateway of Tally MASTERS Create Alter CHart of Accounts TRANSACTIONS Vouchers Day 800K UTILITIES BaNking REPORTS Balance Sheet Profit & Loss A/c Stock Summary Ratio Analysis Display More Reports DashbOard Quit Unity Q I-Oct-26 Search Company o run 3b4-9 2731- acep 2+67- 2731- acep .337. ning 17523 ing j _id" : 1-01" 2+67- Mode Windows Server 2025 Datacenter Build ...
[keys] 'v' -> Tally 'TallyPrime:9000'
[shot] tds-003-R1-vouchers (1024x768)
[19:11:19] [tds] screen tds-003-R1-vouchers : x Y: Data cb TallyPrime MANAGE EDU K: Company Accounting Voucher Creation Pa ment No. 1 Account Current balance: Particulars Narration: Z: Exchange A Accept Q Search O: Import E: Export M: Share FinCom • ke Co p: print upr-26 Wednesday Amount Fl: Help Q: Date Company Ed: Contra F-5: Payment Receipt Journal Sales o 3371a o run 3b4-9 2731- acep 2+67- Purchase 2731- Fl O: OåuVooctgs E: Autofill Change Mode More Details O: Related ¯ Repons Optional post -Dated J: Stat acep .337. ning 17523 ing j _id" : 1-01" 2+67- Unity Quit D: Delete x: Cancel Vch Adjustment El 2: Configure Mode Windows Server 20...
[keys] '{F6}' -> Tally 'TallyPrime:9000'
[shot] tds-004-R1-type (1024x768)
[19:11:23] [tds] screen tds-004-R1-type : x Y: Data cb Unity TallyPrime MANAGE EDU K: Company Accounting Voucher Creation Recei t Account Current balance: Particulars Narration: Quit Z: Exchange A Accept Q Search O: Import E: Export M: Share FinCom • ke Co p: print x upr-26 Wednesday Amount Fl: Help Q: Date Company Ed: Contra Payment F-6: Receipt Journal Sales o 3371a o run 3b4-9 2731- acep 2+67- Purchase 2731- Fl O: OåuVooctgs E: Autofill Change Mode More Details O: Related ¯ Repons Optional post -Dated J: Stat acep .337. ning 17523 ing j _id" : 1-01" 2+67- D: Delete x: Cancel Vch Adjustment El 2: Configure Mode Windows Server 2025 D...
[keys] '{F2}' -> Tally 'TallyPrime:9000'
[shot] tds-005-R1-date-box (1024x768)
[19:11:26] [tds] screen tds-005-R1-date-box : TallyPrime MANAGE EDU K: Company Change Voucher Date Unity Quit Y: Data Z: Exchange A Accept Q Search O: Import E: Export M: Share p: print x Fl: Help FinCom Spike Co Voucher Date 24-2026 o 3371a o run 3b4-9 2731- acep 2+67- 2731- acep .337. ning 17523 ing j _id" : 1-01" 2+67- Mode Windows Server 2025 Datacenter Build 26100.ge_release240331-1435 7:11 PM 10/8/2026
[keys] '2-10-2026{ENTER}' -> Tally 'TallyPrime:9000'
[shot] tds-006-R1-date (1024x768)
[19:11:30] [tds] screen tds-006-R1-date : x Y: Data cb Unity TallyPrime MANAGE EDU K: Company Accounting Voucher Creation Recei t Account Current balance: Particulars Narration: Quit Z: Exchange A Accept Q Search O: Import E: Export M: Share FinCom • ke Co p: print x 2-Oct-26 Friday Amount Fl: Help Q: Date Company Ed: Contra Payment F-6: Receipt Journal Sales o 3371a o run 3b4-9 2731- acep 2+67- Purchase 2731- Fl O: OåuVooctgs E: Autofill Change Mode More Details O: Related ¯ Repons Optional post -Dated J: Stat acep .337. ning 17523 ing j _id" : 1-01" 2+67- D: Delete x: Cancel Vch Adjustment El 2: Configure Mode Windows Server 2025 Da...
[keys] 'Cash{ENTER}' -> Tally 'TallyPrime:9000'
[shot] tds-007-R1-account (1024x768)
[19:11:34] [tds] screen tds-007-R1-account : x Y: Data cb Unity TallyPrime MANAGE EDU K: Company Accounting Voucher Creation Recei t Account Cash Current balance: 0.00 Dr Particulars Narration: Quit Z: Exchange A Accept Q Search O: Import E: Export M: Share FinCom • ke Co p: print x 2-Oct-26 Friday Amount Fl: Help Q: Date Company Ed: Contra Payment F-6: Receipt Journal Sales o 3371a o run 3b4-9 2731- acep 2+67- Purchase 2731- Fl O: OåuVooctgs E: Autofill Change Mode More Details O: Related ¯ Repons Optional post -Dated J: Stat acep .337. ning 17523 ing j _id" : 1-01" 2+67- D: Delete x: Cancel Vch Adjustment El 2: Configure Mode Windows S...
[shot] tds-008-R1-acc-sub1 (1024x768)
[19:11:35] [tds] screen tds-008-R1-acc-sub1 : x Y: Data cb Unity TallyPrime MANAGE EDU K: Company Accounting Voucher Creation Recei t Account Cash Current balance: 0.00 Dr Particulars Narration: Quit Z: Exchange A Accept Q Search O: Import E: Export M: Share FinCom • ke Co p: print x 2-Oct-26 Friday Amount Fl: Help Q: Date Company Ed: Contra Payment F-6: Receipt Journal Sales o 3371a o run 3b4-9 2731- acep 2+67- Purchase 2731- Fl O: OåuVooctgs E: Autofill Change Mode More Details O: Related ¯ Repons Optional post -Dated J: Stat acep .337. ning 17523 ing j _id" : 1-01" 2+67- D: Delete x: Cancel Vch Adjustment El 2: Configure Mode Windows S...
[keys] 'Share Party{ENTER}' -> Tally 'TallyPrime:9000'
[shot] tds-009-R1-row1 (1024x768)
[19:11:38] [tds] screen tds-009-R1-row1 : x Y: Data cb Unity TallyPrime MANAGE EDU K: Company Accounting Voucher Creation Recei t Account Cash Current balance: 0.00 Dr Particulars Share Party Z: Exchange A Accept Q Search O: Import E: Export M: Share FinCom • ke Co p: print x 2-Oct-26 Friday Amount Fl: Help Q: Date Company Ed: Contra Payment F-6: Receipt Journal Sales o 3371a o run 3b4-9 2731- acep 2+67- CurBal: 4,000.00 Dr Narration: Quit Purchase 2731- Fl O: OåuVooctgs E: Autofill Change Mode More Details O: Related ¯ Repons Optional post -Dated J: Stat acep .337. ning 17523 ing j _id" : 1-01" 2+67- D: Delete x: Cancel Vch Adjustmen...
[shot] tds-010-R1-row1-a-sub1 (1024x768)
[19:11:39] [tds] screen tds-010-R1-row1-a-sub1 : x Y: Data cb Unity TallyPrime MANAGE EDU K: Company Accounting Voucher Creation Recei t Account Cash Current balance: 0.00 Dr Particulars Share Party Z: Exchange A Accept Q Search O: Import E: Export M: Share FinCom • ke Co p: print x 2-Oct-26 Friday Amount Fl: Help Q: Date Company Ed: Contra Payment F-6: Receipt Journal Sales o 3371a o run 3b4-9 2731- acep 2+67- CurBal: 4,000.00 Dr Narration: Quit Purchase 2731- Fl O: OåuVooctgs E: Autofill Change Mode More Details O: Related ¯ Repons Optional post -Dated J: Stat acep .337. ning 17523 ing j _id" : 1-01" 2+67- D: Delete x: Cancel Vch Adjustmen...
[keys] '500{ENTER}' -> Tally 'TallyPrime:9000'
[shot] tds-011-R1-row1-amt (1024x768)
[19:11:43] [tds] screen tds-011-R1-row1-amt : x TallyPrime MANAGE EDU K: Company Bill-wise Details Quit Y: Data Type of Ref St Ref Z: Exchange FinCom Spike Co Bill-wise Details for : Share Party Up to: 500.00 cr O: Import Amount E: Export M: Share p: print Fl: Help x Name Method of Ad Advance Agst Ref New Ref On Account Accept Q Search Due Date, or Credit Days 20ct-26) Unity o 3371a o run 3b4-9 2731- acep 2+67- 2731- acep .337. ning 17523 ing j _id" : 1-01" 2+67- Mode Windows Server 2025 Datacenter Build 26100.ge_release240331-1435 7:11 PM 10/8/2026
[shot] tds-012-R1-row1-bills1 (1024x768)
[19:11:44] [tds] screen tds-012-R1-row1-bills1 : x TallyPrime MANAGE EDU K: Company Bill-wise Details Quit Y: Data Type of Ref St Ref Z: Exchange FinCom Spike Co Bill-wise Details for : Share Party Up to: 500.00 cr O: Import Amount E: Export M: Share p: print Fl: Help x Name Method of Ad Advance Agst Ref New Ref On Account Accept Q Search Due Date, or Credit Days 20ct-26) Unity o 3371a o run 3b4-9 2731- acep 2+67- 2731- acep .337. ning 17523 ing j _id" : 1-01" 2+67- Mode Windows Server 2025 Datacenter Build 26100.ge_release240331-1435 7:11 PM 10/8/2026
[keys] 'Agst Ref{ENTER}' -> Tally 'TallyPrime:9000'
[shot] tds-013-R1-row1-reftype (1024x768)
[19:11:48] [tds] screen tds-013-R1-row1-reftype : x TallyPrime MANAGE EDU K: Company Bill-wise Details Quit Y: Data Type of Ref Agst Ref Z: Exchange FinCom Spike Co Bill-wise Details for : Share Party Up to: 500.00 cr O: Import Amount Date I-Oct-26 I-Oct-26 E: Export M: Share p: print Fl: Help x Name Due Date, or Pendin Bills Name ADVS-I Sd-I Balance 1,000.00 cr 5,000.00 Dr Final Balance 1,000.00 cr 5,000.00 Dr Unity o 3371a o run 3b4-9 2731- acep 2+67- 2731- acep .337. ning 17523 ing j _id" : 1-01" 2+67- Mode Accept Q Search Windows Server 2025 Datacenter Build 26100.ge_release240331-1435 7:11 PM 10/8/2026
[keys] 'SB-1{ENTER}' -> Tally 'TallyPrime:9000'
[shot] tds-014-R1-row1-refname (1024x768)
[19:11:51] [tds] screen tds-014-R1-row1-refname : x TallyPrime MANAGE EDU K: Company Bill-wise Details Quit Y: Data Type of Ref Agst Ref Z: Exchange O: Import E: Export M: Share p: print Fl: Help x FinCom Spike Co Bill-wise Details for : Share Party Up to: 500.00 cr Name SB_I Accept Q Search Due Date, or Credit Days (wef 20ct-26) Amount Eoo.oo cr 500.00 cr Unity o 3371a o run 3b4-9 2731- acep 2+67- 2731- acep .337. ning 17523 ing j _id" : 1-01" 2+67- Mode Windows Server 2025 Datacenter Build 26100.ge_release240331-1435 7:11 PM 10/8/2026
[keys] '{ENTER}' -> Tally 'TallyPrime:9000'
[shot] tds-015-R1-row1-refamount (1024x768)
[19:11:55] [tds] screen tds-015-R1-row1-refamount : x TallyPrime MANAGE EDU K: Company Bill-wise Details Quit Y: Data Type of Ref Agst Ref Z: Exchange O: Import E: Export M: Share p: print Fl: Help x FinCom Spike Co Bill-wise Details for : Share Party Up to: 500.00 cr Name SB_I Accept Q Search Due Date, or Credit Days (wef 20ct-26) Amount 500.00 er 500.00 cr Unity o 3371a o run 3b4-9 2731- acep 2+67- 2731- acep .337. ning 17523 ing j _id" : 1-01" 2+67- Mode Windows Server 2025 Datacenter Build 26100.ge_release240331-1435 7:11 PM 10/8/2026
[shot] tds-016-R1-row1-bills2 (1024x768)
[19:11:56] [tds] screen tds-016-R1-row1-bills2 : x TallyPrime MANAGE EDU K: Company Bill-wise Details Quit Y: Data Type of Ref Agst Ref Z: Exchange O: Import E: Export M: Share p: print Fl: Help x FinCom Spike Co Bill-wise Details for : Share Party Up to: 500.00 cr Name SB_I Accept Q Search Due Date, or Credit Days (wef 20ct-26) Amount 500.00 cr 500.00 cr Unity o 3371a o run 3b4-9 2731- acep 2+67- 2731- acep .337. ning 17523 ing j _id" : 1-01" 2+67- Mode Windows Server 2025 Datacenter Build 26100.ge_release240331-1435 7:11 PM 10/8/2026
[keys] '^a' -> Tally 'TallyPrime:9000'
[shot] tds-017-R1-row1-bills-accept (1024x768)
[19:11:59] [tds] screen tds-017-R1-row1-bills-accept : x Y: Data cb Unity TallyPrime MANAGE EDU K: Company Accounting Voucher Creation Recei t Account Cash Current balance: 500.00 Dr Particulars Share Party Z: Exchange 500.00 Cr A Accept Q Search O: Import E: Export M: Share FinCom • ke Co p: print x 2-Oct-26 Friday Amount 500.00 500.00 Fl: Help Q: Date Company Ed: Contra Payment F-6: Receipt : Journal Sales o 3371a o run 3b4-9 2731- acep 2+67- CurBal: 3,500.00 Dr Agst Ref SB-I Narration: Quit Purchase 2731- Fl O: OåuVooctgs E: Autofill Change Mode More Details O: Related ¯ Repons Optional post -Dated J: Stat acep .337. ning 17523 ing j _id" : 1-0...
[shot] tds-018-R1-row1-bills3 (1024x768)
[19:12:00] [tds] screen tds-018-R1-row1-bills3 : x Y: Data cb Unity TallyPrime MANAGE EDU K: Company Accounting Voucher Creation Recei t Account Cash Current balance: 500.00 Dr Particulars Share Party Z: Exchange 500.00 Cr A Accept Q Search O: Import E: Export M: Share FinCom • ke Co p: print x 2-Oct-26 Friday Amount 500.00 500.00 Fl: Help Q: Date Company Ed: Contra Payment F-6: Receipt : Journal Sales o 3371a o run 3b4-9 2731- acep 2+67- CurBal: 3,500.00 Dr Agst Ref SB-I Narration: Quit Purchase 2731- Fl O: OåuVooctgs E: Autofill Change Mode More Details O: Related ¯ Repons Optional post -Dated J: Stat acep .337. ning 17523 ing j _id" : 1-0...
[shot] tds-019-R1-row1-b-sub1 (1024x768)
[19:12:01] [tds] screen tds-019-R1-row1-b-sub1 : x Y: Data cb Unity TallyPrime MANAGE EDU K: Company Accounting Voucher Creation Recei t Account Cash Current balance: 500.00 Dr Particulars Share Party Z: Exchange 500.00 Cr A Accept Q Search O: Import E: Export M: Share FinCom • ke Co p: print x 2-Oct-26 Friday Amount 500.00 500.00 Fl: Help Q: Date Company Ed: Contra Payment F-6: Receipt : Journal Sales o 3371a o run 3b4-9 2731- acep 2+67- CurBal: 3,500.00 Dr Agst Ref SB-I Narration: Quit Purchase 2731- Fl O: OåuVooctgs E: Autofill Change Mode More Details O: Related ¯ Repons Optional post -Dated J: Stat acep .337. ning 17523 ing j _id" : 1-0...
[keys] '{ENTER}' -> Tally 'TallyPrime:9000'
[shot] tds-020-R1-rows-done (1024x768)
[19:12:05] [tds] screen tds-020-R1-rows-done : x Y: Data cb 65 Unity TallyPrime MANAGE EDU K: Company Accounting Voucher Creation Recei t Account Cash Current balance: 500.00 Dr Particulars Share Party Z: Exchange 500.00 Cr Accept Q Search O: Import E: Export M: Share FinCom • ke Co p: print x 2-Oct-26 Friday Amount 500.00 500.00 Fl: Help Q: Date Company Ed: Contra Payment F-6: Receipt : Journal Sales o 3371a o run 3b4-9 2731- acep 2+67- CurBal: 3,500.00 Dr Agst Ref SB-I Narration: Quit Purchase 2731- Fl O: OåuVooctgs E: Autofill Change Mode More Details O: Related ¯ Repons Optional post -Dated J: Stat acep .337. ning 17523 ing j _id" : 1-...
[shot] tds-021-R1-done-sub1 (1024x768)
[19:12:06] [tds] screen tds-021-R1-done-sub1 : x Y: Data cb 65 Unity TallyPrime MANAGE EDU K: Company Accounting Voucher Creation Recei t Account Cash Current balance: 500.00 Dr Particulars Share Party Z: Exchange 500.00 Cr Accept Q Search O: Import E: Export M: Share FinCom • ke Co p: print x 2-Oct-26 Friday Amount 500.00 500.00 Fl: Help Q: Date Company Ed: Contra Payment F-6: Receipt : Journal Sales o 3371a o run 3b4-9 2731- acep 2+67- CurBal: 3,500.00 Dr Agst Ref SB-I Narration: Quit Purchase 2731- Fl O: OåuVooctgs E: Autofill Change Mode More Details O: Related ¯ Repons Optional post -Dated J: Stat acep .337. ning 17523 ing j _id" : 1-...
[keys] 'share receipt agst{ENTER}' -> Tally 'TallyPrime:9000'
[shot] tds-022-R1-narr (1024x768)
[19:12:10] [tds] screen tds-022-R1-narr : Y: Data cb Unity TallyPrime MANAGE EDU K: Company Accounting Voucher Creation Recei t Account Cash Current balance: 500.00 Dr Particulars Share Party Z: Exchange 500.00 Cr A: Accept Q Search O: Import E: Export M: Share FinCom CurBal: 3,500.00 Dr Agst Ref SB-I Narration: share receipt agst Q: Quit p: print x 2-Oct-26 Friday Amount 500.00 500.00 Accept Q Yes or No D: Delete X: Cancel Vch x Fl: Help F-2: Date F-3: Company F-4: Contra F-5: Payment F-6: Receipt F-7: Journal F-9: Purchase PIO: E: Autofill H: Change = Mode I: More - Details O: Related ¯ Repons L: Optional T: post = -Dated J: Stat ¯ ...
[keys] '^a' -> Tally 'TallyPrime:9000'
[shot] tds-023-R1-accept1 (1024x768)
[19:12:14] [tds] screen tds-023-R1-accept1 : x Y: Data cb Unity TallyPrime MANAGE EDU K: Company Accounting Voucher Creation Recei t No. 2 Account Current balance: Particulars Narration: Quit Z: Exchange A Accept Q Search O: Import E: Export M: Share FinCom • ke Co p: print x 2-Oct-26 Friday Amount Fl: Help Q: Date Company Ed: Contra Payment F-6: Receipt Journal Sales o 3371a o run 3b4-9 2731- acep 2+67- Purchase 2731- Fl O: OåuVooctgs E: Autofill Change Mode More Details O: Related ¯ Repons Optional post -Dated J: Stat acep .337. ning 17523 ing j _id" : 1-01" 2+67- D: Delete x: Cancel Vch Adjustment El 2: Configure Mode Windows Server 2...
[shot] tds-024-R1-after1 (1024x768)
[19:12:15] [tds] screen tds-024-R1-after1 : x Y: Data cb Unity TallyPrime MANAGE EDU K: Company Accounting Voucher Creation Recei t No. 2 Account Current balance: Particulars Narration: Quit Z: Exchange A Accept Q Search O: Import E: Export M: Share FinCom • ke Co p: print x 2-Oct-26 Friday Amount Fl: Help Q: Date Company Ed: Contra Payment F-6: Receipt Journal Sales o 3371a o run 3b4-9 2731- acep 2+67- Purchase 2731- Fl O: OåuVooctgs E: Autofill Change Mode More Details O: Related ¯ Repons Optional post -Dated J: Stat acep .337. ning 17523 ing j _id" : 1-01" 2+67- D: Delete x: Cancel Vch Adjustment El 2: Configure Mode Windows Server 2...
[keys] '^a' -> Tally 'TallyPrime:9000'
[shot] tds-025-R1-accept2 (1024x768)
[19:12:20] [tds] screen tds-025-R1-accept2 : Unity TallyPrime MANAGE EDU K: Company Accounting Voucher Creation Q: Quit Y: Data Z: Exchange A: Accept Q Search O: Import E: Export M: Share FinCom Spike Co p: print x Error Oops! No Entries in Voucher! p: Delete , cancel vch x Fl: Help F-2: Date F-3: Company F-4: Contra F-5: Payment F-6: Receipt F-7: Journal F-9: Purchase PIO: E: Autofill H: Change = Mode I: More - Details O: Related ¯ Repons L: Optional T: post = -Dated J: Stat ¯ Adjustment F-12: Configure o 3371a o run 3b4-9 2731- acep 2+67- 2731- acep .337. ning 17523 ing j _id" : 1-01" 2+67- Mode Windows Server 2025 Datacenter Build 261...
[shot] tds-026-R1-after2 (1024x768)
[19:12:21] [tds] screen tds-026-R1-after2 : Unity TallyPrime MANAGE EDU K: Company Accounting Voucher Creation Q: Quit Y: Data Z: Exchange A: Accept Q Search O: Import E: Export M: Share FinCom Spike Co p: print x Error Oops! No Entries in Voucher! p: Delete , cancel vch x Fl: Help F-2: Date F-3: Company F-4: Contra F-5: Payment F-6: Receipt F-7: Journal F-9: Purchase PIO: E: Autofill H: Change = Mode I: More - Details O: Related ¯ Repons L: Optional T: post = -Dated J: Stat ¯ Adjustment F-12: Configure o 3371a o run 3b4-9 2731- acep 2+67- 2731- acep .337. ning 17523 ing j _id" : 1-01" 2+67- Mode Windows Server 2025 Datacenter Build 261...
[keys] '^a' -> Tally 'TallyPrime:9000'
[shot] tds-027-R1-accept3 (1024x768)
[19:12:25] [tds] screen tds-027-R1-accept3 : x Y: Data cb Unity TallyPrime MANAGE EDU K: Company Accounting Voucher Creation Recei t No. 2 Cash Account Current balance: 500.00 Dr Particulars End of List Cur Bal: Narration: Quit Z: Exchange A Accept Q Search FinCom • ke Co O: Import E: Export List of Led er Accounts Cash Share Bank M: Share p: print x Create Fl: Help Q: Date Company Ed: Contra Payment F-6: Receipt Journal Sales o 3371a o run 3b4-9 2731- acep 2+67- Purchase 2731- Fl O: OåuVooctgs E: Autofill Change Mode More Details O: Related ¯ Repons Optional post -Dated J: Stat acep .337. ning 17523 ing j _id" : 1-01" 2+67- D: Delete Ca...
[shot] tds-028-R1-after3 (1024x768)
[19:12:26] [tds] screen tds-028-R1-after3 : x Y: Data cb Unity TallyPrime MANAGE EDU K: Company Accounting Voucher Creation Recei t No. 2 Account Cash Current balance: 500.00 Dr Particulars End of List Cur Bal: Narration: Quit Z: Exchange A Accept Q Search FinCom • ke Co O: Import E: Export List of Led er Accounts Cash Share Bank M: Share p: print x Create Fl: Help Q: Date Company Ed: Contra Payment F-6: Receipt Journal Sales o 3371a o run 3b4-9 2731- acep 2+67- Purchase 2731- Fl O: OåuVooctgs E: Autofill Change Mode More Details O: Related ¯ Repons Optional post -Dated J: Stat acep .337. ning 17523 ing j _id" : 1-01" 2+67- D: Delete Ca...
[keys] '^a' -> Tally 'TallyPrime:9000'
[shot] tds-029-R1-accept4 (1024x768)
[19:12:31] [tds] screen tds-029-R1-accept4 : Unity TallyPrime MANAGE EDU K: Company Accounting Voucher Creation Q: Quit Y: Data Z: Exchange A: Accept Q Search O: Import E: Export M: Share FinCom Spike Co p: print x Error Oops! No Entries in Voucher! p: Delete , cancel vch x Fl: Help F-2: Date F-3: Company F-4: Contra F-5: Payment F-6: Receipt F-7: Journal F-9: Purchase PIO: E: Autofill H: Change = Mode I: More - Details O: Related ¯ Repons L: Optional T: post = -Dated J: Stat ¯ Adjustment F-12: Configure o 3371a o run 3b4-9 2731- acep 2+67- 2731- acep .337. ning 17523 ing j _id" : 1-01" 2+67- Mode Windows Server 2025 Datacenter Build 261...
[shot] tds-030-R1-after4 (1024x768)
[19:12:32] [tds] screen tds-030-R1-after4 : Unity TallyPrime MANAGE EDU K: Company Accounting Voucher Creation Q: Quit Y: Data Z: Exchange A: Accept Q Search O: Import E: Export M: Share FinCom Spike Co p: print x Error Oops! No Entries in Voucher! p: Delete , cancel vch x Fl: Help F-2: Date F-3: Company F-4: Contra F-5: Payment F-6: Receipt F-7: Journal F-9: Purchase PIO: E: Autofill H: Change = Mode I: More - Details O: Related ¯ Repons L: Optional T: post = -Dated J: Stat ¯ Adjustment F-12: Configure o 3371a o run 3b4-9 2731- acep 2+67- 2731- acep .337. ning 17523 ing j _id" : 1-01" 2+67- Mode Windows Server 2025 Datacenter Build 261...
[shot] tds-031-gw0 (1024x768)
[19:12:33] [tds] screen tds-031-gw0 : Unity TallyPrime MANAGE EDU K: Company Accounting Voucher Creation Q: Quit Y: Data Z: Exchange A: Accept Q Search O: Import E: Export M: Share FinCom Spike Co p: print x Error Oops! No Entries in Voucher! p: Delete , cancel vch x Fl: Help F-2: Date F-3: Company F-4: Contra F-5: Payment F-6: Receipt F-7: Journal F-9: Purchase PIO: E: Autofill H: Change = Mode I: More - Details O: Related ¯ Repons L: Optional T: post = -Dated J: Stat ¯ Adjustment F-12: Configure o 3371a o run 3b4-9 2731- acep 2+67- 2731- acep .337. ning 17523 ing j _id" : 1-01" 2+67- Mode Windows Server 2025 Datacenter Build 261...
[keys] '{ESC}' -> Tally 'TallyPrime:9000'
[shot] tds-032-gw1 (1024x768)
[19:12:36] [tds] screen tds-032-gw1 : x Y: Data cb Unity TallyPrime MANAGE EDU K: Company Accounting Voucher Creation Recei t No. 2 Cash Account Current balance: 500.00 Dr Particulars End of List Cur Bal: Narration: Quit Z: Exchange A Accept Q Search FinCom • ke Co O: Import E: Export List of Led er Accounts Cash Share Bank M: Share p: print x Create Fl: Help Q: Date Company Ed: Contra Payment F-6: Receipt Journal Sales o 3371a o run 3b4-9 2731- acep 2+67- Purchase 2731- Fl O: OåuVooctgs E: Autofill Change Mode More Details O: Related ¯ Repons Optional post -Dated J: Stat acep .337. ning 17523 ing j _id" : 1-01" 2+67- D: Delete Ca...
[keys] '{ESC}' -> Tally 'TallyPrime:9000'
[shot] tds-033-gw2 (1024x768)
[19:12:40] [tds] screen tds-033-gw2 : x Y: Data cb Unity TallyPrime MANAGE EDU K: Company Accounting Voucher Creation Recei t No. 2 Account Current balance: 500.00 Dr Particulars End of List Cur Bal: Narration: Quit Z: Exchange A Accept Q Search FinCom • ke Co O: Import E: Export List of Led er Accounts Cash Share Bank M: Share p: print x Create Fl: Help Q: Date Company Ed: Contra Payment F-6: Receipt Journal Sales o 3371a o run 3b4-9 2731- acep 2+67- Purchase 2731- Fl O: OåuVooctgs E: Autofill Change Mode More Details O: Related ¯ Repons Optional post -Dated J: Stat acep .337. ning 17523 ing j _id" : 1-01" 2+67- D: Delete Cancel ...
[keys] '{ESC}' -> Tally 'TallyPrime:9000'
[shot] tds-034-gw3 (1024x768)
[19:12:44] [tds] screen tds-034-gw3 : Y: Data cb Unity TallyPrime MANAGE EDU K: Company Accounting Voucher Creation Recei t No. 2 Account Current balance: 500.00 Dr Particulars End of List Cur Bal: Narration: Q: Quit Z: Exchange FinCom A: Accept Q Search O: Import E: Export M: Share p: print x 2-Oct-26 Friday Amount Quit o x Fl: Help F-2: Date F-3: Company F-4: Contra F-5: Payment F-6: Receipt F-7: Journal F-9: Purchase PIO: E: Autofill H: Change = Mode I: More - Details O: Related ¯ Repons L: Optional T: post = -Dated J: Stat D: Delete X: Cancel Vch ¯ Adjustment Yes or No F-12: Configure o 3371a o run 3b4-9 2731- acep 2+67- 2731-...
[keys] 'y' -> Tally 'TallyPrime:9000'
[shot] tds-035-gw4 (1024x768)
[19:12:47] [tds] screen tds-035-gw4 : x TallyPrime MANAGE EDU K: Company Gatewa of Tall CURRENT PERIOD I-Apr-26 to 31-Mar-27 NAME OF COMPANY FinCom Spike Co Y: Data Z: Exchange O: Import E: Export M: Share p: print Fl: Help Date o 3371a Q CURRENT OATE Friday, 2-Oct-2026 2-Oct-26 Search Gateway of Tally MASTERS Create Alter CHart of Accounts TRANSACTIONS Vouchers Day 800K UTILITIES BaNking REPORTS Balance Sheet Profit & Loss A/c Stock Summary Ratio Analysis Display More Reports DashbOard Quit Unity Company o run 3b4-9 2731- acep 2+67- 2731- acep .337. ning 17523 ing j _id" : 1-01" 2+67- Mode Windows Server 2025 Datacenter Build 261...
  voucher mid=1 aid=1 Journal/1/20260401 guid=2bbc8f60-fad7-4b8f-b633-510b49c07cf5-00000001 cancelled=False
  voucher mid=2 aid=2 Journal/2/20261001 guid=2bbc8f60-fad7-4b8f-b633-510b49c07cf5-00000002 cancelled=False
  voucher mid=3 aid=3 Journal/3/20261001 guid=2bbc8f60-fad7-4b8f-b633-510b49c07cf5-00000003 cancelled=False
  voucher mid=4 aid=4 Journal/4/20261001 guid=2bbc8f60-fad7-4b8f-b633-510b49c07cf5-00000004 cancelled=False
  voucher mid=5 aid=5 Journal/5/20261001 guid=2bbc8f60-fad7-4b8f-b633-510b49c07cf5-00000005 cancelled=False
  voucher mid=6 aid=6 Payroll/1/20261001 guid=2bbc8f60-fad7-4b8f-b633-510b49c07cf5-00000006 cancelled=False
  voucher mid=7 aid=7 Receipt/1/20261002 guid=2bbc8f60-fad7-4b8f-b633-510b49c07cf5-00000007 cancelled=False
  INFO share receipt-agst (receipt from a party against its bill (Agst Ref SB-1)): Tally Receipt 1 mid 7; stored party 'Share Party' bills [Agst Ref]; the line party '' bills [Agst Ref]; lines voucher_accept_post x1, voucher_full x1
[19:12:50] ---- share receipt-plain: receipt with no party (Cash / Spike Income)
  voucher mid=1 aid=1 Journal/1/20260401 guid=2bbc8f60-fad7-4b8f-b633-510b49c07cf5-00000001 cancelled=False
  voucher mid=2 aid=2 Journal/2/20261001 guid=2bbc8f60-fad7-4b8f-b633-510b49c07cf5-00000002 cancelled=False
  voucher mid=3 aid=3 Journal/3/20261001 guid=2bbc8f60-fad7-4b8f-b633-510b49c07cf5-00000003 cancelled=False
  voucher mid=4 aid=4 Journal/4/20261001 guid=2bbc8f60-fad7-4b8f-b633-510b49c07cf5-00000004 cancelled=False
  voucher mid=5 aid=5 Journal/5/20261001 guid=2bbc8f60-fad7-4b8f-b633-510b49c07cf5-00000005 cancelled=False
  voucher mid=6 aid=6 Payroll/1/20261001 guid=2bbc8f60-fad7-4b8f-b633-510b49c07cf5-00000006 cancelled=False
  voucher mid=7 aid=7 Receipt/1/20261002 guid=2bbc8f60-fad7-4b8f-b633-510b49c07cf5-00000007 cancelled=False
[shot] tds-036-gw0 (1024x768)
[19:12:51] [tds] screen tds-036-gw0 : x TallyPrime MANAGE EDU K: Company Gatewa of Tall CURRENT PERIOD I-Apr-26 to 31-Mar-27 NAME OF COMPANY FinCom Spike Co Y: Data Z: Exchange O: Import E: Export M: Share p: print Fl: Help Date o 3371a Q CURRENT OATE Friday, 2-Oct-2026 2-Oct-26 Search Gateway of Tally MASTERS Create Alter CHart of Accounts TRANSACTIONS Vouchers Day 800K UTILITIES BaNking REPORTS Balance Sheet Profit & Loss A/c Stock Summary Ratio Analysis Display More Reports DashbOard Quit Unity Company o run 3b4-9 2731- acep 2+67- 2731- acep .337. ning 17523 ing j _id" : 1-01" 2+67- Mode Windows Server 2025 Datacenter Build 261...
[shot] tds-037-R2-start (1024x768)
[19:12:52] [tds] screen tds-037-R2-start : x TallyPrime MANAGE EDU K: Company Gatewa of Tall CURRENT PERIOD I-Apr-26 to 31-Mar-27 NAME OF COMPANY FinCom Spike Co Y: Data Z: Exchange O: Import E: Export M: Share p: print Fl: Help Date o 3371a Q CURRENT OATE Friday, 2-Oct-2026 2-Oct-26 Search Gateway of Tally MASTERS Create Alter CHart of Accounts TRANSACTIONS Vouchers Day 800K UTILITIES BaNking REPORTS Balance Sheet Profit & Loss A/c Stock Summary Ratio Analysis Display More Reports DashbOard Quit Unity Company o run 3b4-9 2731- acep 2+67- 2731- acep .337. ning 17523 ing j _id" : 1-01" 2+67- Mode Windows Server 2025 Datacenter Build 261...
[keys] 'v' -> Tally 'TallyPrime:9000'
[shot] tds-038-R2-vouchers (1024x768)
[19:12:56] [tds] screen tds-038-R2-vouchers : x Y: Data cb Unity TallyPrime MANAGE EDU K: Company Accounting Voucher Creation Recei t No. 2 Account Current balance: Particulars Narration: Quit Z: Exchange A Accept Q Search O: Import E: Export M: Share FinCom • ke Co p: print x 2-Oct-26 Friday Amount Fl: Help Q: Date Company Ed: Contra Payment F-6: Receipt Journal Sales o 3371a o run 3b4-9 2731- acep 2+67- Purchase 2731- Fl O: OåuVooctgs E: Autofill Change Mode More Details O: Related ¯ Repons Optional post -Dated J: Stat acep .337. ning 17523 ing j _id" : 1-01" 2+67- D: Delete x: Cancel Vch Adjustment El 2: Configure Mode Windows Server 2...
[keys] '{F6}' -> Tally 'TallyPrime:9000'
[shot] tds-039-R2-type (1024x768)
[19:13:00] [tds] screen tds-039-R2-type : x Y: Data cb Unity TallyPrime MANAGE EDU K: Company Accounting Voucher Creation Recei t No. 2 Account Current balance: Particulars Narration: Quit Z: Exchange A Accept Q Search O: Import E: Export M: Share FinCom • ke Co p: print x 2-Oct-26 Friday Amount Fl: Help Q: Date Company Ed: Contra Payment F-6: Receipt Journal Sales o 3371a o run 3b4-9 2731- acep 2+67- Purchase 2731- Fl O: OåuVooctgs E: Autofill Change Mode More Details O: Related ¯ Repons Optional post -Dated J: Stat acep .337. ning 17523 ing j _id" : 1-01" 2+67- D: Delete x: Cancel Vch Adjustment El 2: Configure Mode Windows Server 2...
[keys] '{F2}' -> Tally 'TallyPrime:9000'
[shot] tds-040-R2-date-box (1024x768)
[19:13:03] [tds] screen tds-040-R2-date-box : TallyPrime MANAGE EDU K: Company Change Voucher Date Unity Quit Y: Data Z: Exchange A Accept Q Search O: Import E: Export M: Share p: print x Fl: Help FinCom Spike Co Voucher Date 3-10-2026 o 3371a o run 3b4-9 2731- acep 2+67- 2731- acep .337. ning 17523 ing j _id" : 1-01" 2+67- Mode Windows Server 2025 Datacenter Build 26100.ge_release240331-1435 7:13 PM 10/8/2026
[keys] '2-10-2026{ENTER}' -> Tally 'TallyPrime:9000'
[shot] tds-041-R2-date (1024x768)
[19:13:07] [tds] screen tds-041-R2-date : x Y: Data cb Unity TallyPrime MANAGE EDU K: Company Accounting Voucher Creation Recei t No. 2 Account Current balance: Particulars Narration: Quit Z: Exchange A Accept Q Search O: Import E: Export M: Share FinCom • ke Co p: print x 2-Oct-26 Friday Amount Fl: Help Q: Date Company Ed: Contra Payment F-6: Receipt Journal Sales o 3371a o run 3b4-9 2731- acep 2+67- Purchase 2731- Fl O: OåuVooctgs E: Autofill Change Mode More Details O: Related ¯ Repons Optional post -Dated J: Stat acep .337. ning 17523 ing j _id" : 1-01" 2+67- D: Delete x: Cancel Vch Adjustment El 2: Configure Mode Windows Server 2...
[keys] 'Cash{ENTER}' -> Tally 'TallyPrime:9000'
[shot] tds-042-R2-account (1024x768)
[19:13:11] [tds] screen tds-042-R2-account : x Y: Data cb Unity TallyPrime MANAGE EDU K: Company Accounting Voucher Creation Recei t No. 2 Account Cash Current balance: 500.00 Dr Particulars Narration: Quit Z: Exchange A Accept Q Search O: Import E: Export M: Share FinCom • ke Co p: print x 2-Oct-26 Friday Amount Fl: Help Q: Date Company Ed: Contra Payment F-6: Receipt Journal Sales o 3371a o run 3b4-9 2731- acep 2+67- Purchase 2731- Fl O: OåuVooctgs E: Autofill Change Mode More Details O: Related ¯ Repons Optional post -Dated J: Stat acep .337. ning 17523 ing j _id" : 1-01" 2+67- D: Delete x: Cancel Vch Adjustment El 2: Configure Mode W...
[shot] tds-043-R2-acc-sub1 (1024x768)
[19:13:12] [tds] screen tds-043-R2-acc-sub1 : x Y: Data cb Unity TallyPrime MANAGE EDU K: Company Accounting Voucher Creation Recei t No. 2 Account Cash Current balance: 500.00 Dr Particulars Narration: Quit Z: Exchange A Accept Q Search O: Import E: Export M: Share FinCom • ke Co p: print x 2-Oct-26 Friday Amount Fl: Help Q: Date Company Ed: Contra Payment F-6: Receipt Journal Sales o 3371a o run 3b4-9 2731- acep 2+67- Purchase 2731- Fl O: OåuVooctgs E: Autofill Change Mode More Details O: Related ¯ Repons Optional post -Dated J: Stat acep .337. ning 17523 ing j _id" : 1-01" 2+67- D: Delete x: Cancel Vch Adjustment El 2: Configure Mode W...
[keys] 'Spike Income{ENTER}' -> Tally 'TallyPrime:9000'
[shot] tds-044-R2-row1 (1024x768)
[19:13:16] [tds] screen tds-044-R2-row1 : x Y: Data cb Unity TallyPrime MANAGE EDU K: Company Accounting Voucher Creation Recei t No. 2 Account Cash Current balance: 500.00 Dr Particulars Spike Income Z: Exchange A Accept Q Search O: Import E: Export M: Share FinCom • ke Co p: print x 2-Oct-26 Friday Amount Fl: Help Q: Date Company Ed: Contra Payment F-6: Receipt Journal Sales o 3371a o run 3b4-9 2731- acep 2+67- CurBal: 5,000.00 Cr Narration: Quit Purchase 2731- Fl O: OåuVooctgs E: Autofill Change Mode More Details O: Related ¯ Repons Optional post -Dated J: Stat acep .337. ning 17523 ing j _id" : 1-01" 2+67- D: Delete x: Cancel Vch ...
[shot] tds-045-R2-row1-a-sub1 (1024x768)
[19:13:16] [tds] screen tds-045-R2-row1-a-sub1 : x Y: Data cb Unity TallyPrime MANAGE EDU K: Company Accounting Voucher Creation Recei t No. 2 Account Cash Current balance: 500.00 Dr Particulars Spike Income Z: Exchange A Accept Q Search O: Import E: Export M: Share FinCom • ke Co p: print x 2-Oct-26 Friday Amount Fl: Help Q: Date Company Ed: Contra Payment F-6: Receipt Journal Sales o 3371a o run 3b4-9 2731- acep 2+67- CurBal: 5,000.00 Cr Narration: Quit Purchase 2731- Fl O: OåuVooctgs E: Autofill Change Mode More Details O: Related ¯ Repons Optional post -Dated J: Stat acep .337. ning 17523 ing j _id" : 1-01" 2+67- D: Delete x: Cancel Vch ...
[keys] '700{ENTER}' -> Tally 'TallyPrime:9000'
[shot] tds-046-R2-row1-amt (1024x768)
[19:13:20] [tds] screen tds-046-R2-row1-amt : TallyPrime MANAGE EDU K: Company Cost Centre Allocations Unity Quit Y: Data Z: Exchange O: Import E: Export M: Share p: print x Fl: Help FinCom Spike Co Cost Allocations for : Spike Income Up to: 700.00 cr Name of Cost Centre A Accept Q Search Amount o 3371a o run 3b4-9 2731- acep 2+67- 2731- acep .337. ning 17523 ing j _id" : 1-01" 2+67- Mode Windows Server 2025 Datacenter Build 26100.ge_release240331-1435 7:13 PM 10/8/2026
[shot] tds-047-R2-row1-bills1 (1024x768)
[19:13:21] [tds] screen tds-047-R2-row1-bills1 : TallyPrime MANAGE EDU K: Company Cost Centre Allocations Unity Quit Y: Data Z: Exchange O: Import E: Export M: Share p: print x Fl: Help FinCom Spike Co Cost Allocations for : Spike Income Up to: 700.00 cr Name of Cost Centre A Accept Q Search Amount o 3371a o run 3b4-9 2731- acep 2+67- 2731- acep .337. ning 17523 ing j _id" : 1-01" 2+67- Mode Windows Server 2025 Datacenter Build 26100.ge_release240331-1435 7:13 PM 10/8/2026
[shot] tds-048-R2-row1-b-sub1 (1024x768)
[19:13:22] [tds] screen tds-048-R2-row1-b-sub1 : TallyPrime MANAGE EDU K: Company Cost Centre Allocations Unity Quit Y: Data Z: Exchange O: Import E: Export M: Share p: print x Fl: Help FinCom Spike Co Cost Allocations for : Spike Income Up to: 700.00 cr Name of Cost Centre A Accept Q Search Amount o 3371a o run 3b4-9 2731- acep 2+67- 2731- acep .337. ning 17523 ing j _id" : 1-01" 2+67- Mode Windows Server 2025 Datacenter Build 26100.ge_release240331-1435 7:13 PM 10/8/2026
[keys] '^a' -> Tally 'TallyPrime:9000'
[shot] tds-049-R2-row1-b-sub-accept (1024x768)
[19:13:25] [tds] screen tds-049-R2-row1-b-sub-accept : x Y: Data cb Unity TallyPrime MANAGE EDU K: Company Accounting Voucher Creation Recei t No. 2 Account Cash Z: Exchange 700.00 Cr A Accept Q Search O: Import E: Export M: Share FinCom • ke Co p: print x 2-Oct-26 Friday Amount 700.00 700.00 Fl: Help Q: Date Company Ed: Contra Payment F-6: Receipt : Journal Sales o 3371a o run 3b4-9 2731- acep 2+67- Current balance: 1,200.00 Dr Particulars Spike Income CurBal: 5,700.00 Cr Share Emp 1 Narration: Quit Purchase 2731- Fl O: OåuVooctgs E: Autofill Change Mode More Details O: Related ¯ Repons Optional post -Dated J: Stat acep .337. ning 17523 ing j _id...
[shot] tds-050-R2-row1-b-sub2 (1024x768)
[19:13:26] [tds] screen tds-050-R2-row1-b-sub2 : x Y: Data cb Unity TallyPrime MANAGE EDU K: Company Accounting Voucher Creation Recei t No. 2 Account Cash Z: Exchange 700.00 Cr A Accept Q Search O: Import E: Export M: Share FinCom • ke Co p: print x 2-Oct-26 Friday Amount 700.00 700.00 Fl: Help Q: Date Company Ed: Contra Payment F-6: Receipt : Journal Sales o 3371a o run 3b4-9 2731- acep 2+67- Current balance: 1,200.00 Dr Particulars Spike Income CurBal: 5,700.00 Cr Share Emp 1 Narration: Quit Purchase 2731- Fl O: OåuVooctgs E: Autofill Change Mode More Details O: Related ¯ Repons Optional post -Dated J: Stat acep .337. ning 17523 ing j _id...
[keys] '{ENTER}' -> Tally 'TallyPrime:9000'
[shot] tds-051-R2-rows-done (1024x768)
[19:13:30] [tds] screen tds-051-R2-rows-done : x Y: Data cb 65 Unity TallyPrime MANAGE EDU K: Company Accounting Voucher Creation Recei t No. 2 Account Cash Z: Exchange 700.00 Cr Accept Q Search O: Import E: Export M: Share FinCom • ke Co p: print x 2-Oct-26 Friday Amount 700.00 700.00 Fl: Help Q: Date Company Ed: Contra Payment F-6: Receipt : Journal Sales o 3371a o run 3b4-9 2731- acep 2+67- Current balance: 1,200.00 Dr Particulars Spike Income CurBal: 5,700.00 Cr Share Emp 1 Narration: Quit Purchase 2731- Fl O: OåuVooctgs E: Autofill Change Mode More Details O: Related ¯ Repons Optional post -Dated J: Stat acep .337. ning 17523 ing j _i...
[shot] tds-052-R2-done-sub1 (1024x768)
[19:13:31] [tds] screen tds-052-R2-done-sub1 : x Y: Data cb 65 Unity TallyPrime MANAGE EDU K: Company Accounting Voucher Creation Recei t No. 2 Account Cash Z: Exchange 700.00 Cr Accept Q Search O: Import E: Export M: Share FinCom • ke Co p: print x 2-Oct-26 Friday Amount 700.00 700.00 Fl: Help Q: Date Company Ed: Contra Payment F-6: Receipt : Journal Sales o 3371a o run 3b4-9 2731- acep 2+67- Current balance: 1,200.00 Dr Particulars Spike Income CurBal: 5,700.00 Cr Share Emp 1 Narration: Quit Purchase 2731- Fl O: OåuVooctgs E: Autofill Change Mode More Details O: Related ¯ Repons Optional post -Dated J: Stat acep .337. ning 17523 ing j _i...
[keys] 'share receipt plain{ENTER}' -> Tally 'TallyPrime:9000'
[shot] tds-053-R2-narr (1024x768)
[19:13:35] [tds] screen tds-053-R2-narr : Y: Data cb Unity TallyPrime MANAGE EDU K: Company Accounting Voucher Creation Recei t No. 2 Account Cash Z: Exchange 700.00 Cr A: Accept Q Search O: Import E: Export M: Share FinCom Current balance: 1,200.00 Dr Particulars Spike Income CurBal: 5,700.00 Cr Share Emp 1 Narration: share receipt plain Q: Quit p: print x 2-Oct-26 Friday Amount 700.00 700.00 Accept Q Yes or No D: Delete X: Cancel Vch x Fl: Help F-2: Date F-3: Company F-4: Contra F-5: Payment F-6: Receipt F-7: Journal F-9: Purchase PIO: E: Autofill H: Change = Mode I: More - Details O: Related ¯ Repons L: Optional T: post = -Dated J:...
[keys] '^a' -> Tally 'TallyPrime:9000'
[shot] tds-054-R2-accept1 (1024x768)
[19:13:39] [tds] screen tds-054-R2-accept1 : x Y: Data cb Unity TallyPrime MANAGE EDU K: Company Accounting Voucher Creation Recei t Account Current balance: Particulars Narration: Quit Z: Exchange A Accept Q Search O: Import E: Export M: Share FinCom • ke Co p: print x 2-Oct-26 Friday Amount Fl: Help Q: Date Company Ed: Contra Payment F-6: Receipt Journal Sales o 3371a o run 3b4-9 2731- acep 2+67- Purchase 2731- Fl O: OåuVooctgs E: Autofill Change Mode More Details O: Related ¯ Repons Optional post -Dated J: Stat acep .337. ning 17523 ing j _id" : 1-01" 2+67- D: Delete x: Cancel Vch Adjustment El 2: Configure Mode Windows Server 2025 Da...
[shot] tds-055-R2-after1 (1024x768)
[19:13:40] [tds] screen tds-055-R2-after1 : x Y: Data cb Unity TallyPrime MANAGE EDU K: Company Accounting Voucher Creation Recei t Account Current balance: Particulars Narration: Quit Z: Exchange A Accept Q Search O: Import E: Export M: Share FinCom • ke Co p: print x 2-Oct-26 Friday Amount Fl: Help Q: Date Company Ed: Contra Payment F-6: Receipt Journal Sales o 3371a o run 3b4-9 2731- acep 2+67- Purchase 2731- Fl O: OåuVooctgs E: Autofill Change Mode More Details O: Related ¯ Repons Optional post -Dated J: Stat acep .337. ning 17523 ing j _id" : 1-01" 2+67- D: Delete x: Cancel Vch Adjustment El 2: Configure Mode Windows Server 2025 Da...
[keys] '^a' -> Tally 'TallyPrime:9000'
[shot] tds-056-R2-accept2 (1024x768)
[19:13:45] [tds] screen tds-056-R2-accept2 : Unity TallyPrime MANAGE EDU K: Company Accounting Voucher Creation Q: Quit Y: Data Z: Exchange A: Accept Q Search O: Import E: Export M: Share FinCom Spike Co p: print x Error Oops! No Entries in Voucher! p: Delete , cancel vch x Fl: Help F-2: Date F-3: Company F-4: Contra F-5: Payment F-6: Receipt F-7: Journal F-9: Purchase PIO: E: Autofill H: Change = Mode I: More - Details O: Related ¯ Repons L: Optional T: post = -Dated J: Stat ¯ Adjustment F-12: Configure o 3371a o run 3b4-9 2731- acep 2+67- 2731- acep .337. ning 17523 ing j _id" : 1-01" 2+67- Mode Windows Server 2025 Datacenter Build 261...
[shot] tds-057-R2-after2 (1024x768)
[19:13:46] [tds] screen tds-057-R2-after2 : Unity TallyPrime MANAGE EDU K: Company Accounting Voucher Creation Q: Quit Y: Data Z: Exchange O: Import E: Export M: Share FinCom Spike Co p: print x Error Oops! No Entries in Voucher! x Fl: Help F-2: Date F-3: Company F-4: Contra F-5: Payment F-6: Receipt F-7: Journal F-9: Purchase PIO: E: Autofill H: Change = Mode I: More - Details O: Related ¯ Repons L: Optional T: post = -Dated J: Stat ¯ Adjustment F-12: Configure o 3371a o run 3b4-9 2731- acep 2+67- 2731- acep .337. ning 17523 ing j _id" : 1-01" 2+67- Mode IA _ : Accept Q Search p: Delete cancel vch I Windows Server 2025 Datacenter Build...
[keys] '^a' -> Tally 'TallyPrime:9000'
[shot] tds-058-R2-accept3 (1024x768)
[19:13:50] [tds] screen tds-058-R2-accept3 : x Y: Data cb Unity TallyPrime MANAGE EDU K: Company Accounting Voucher Creation Recei t Cash Account Current balance: 1,200.00 Dr Particulars End of List Cur Bal: Narration: Quit Z: Exchange A Accept Q Search FinCom • ke Co O: Import E: Export List of Led er Accounts Cash Share Bank M: Share p: print x Create Fl: Help Q: Date Company Ed: Contra Payment F-6: Receipt Journal Sales o 3371a o run 3b4-9 2731- acep 2+67- Purchase 2731- Fl O: OåuVooctgs E: Autofill Change Mode More Details O: Related ¯ Repons Optional post -Dated J: Stat acep .337. ning 17523 ing j _id" : 1-01" 2+67- D: Delete Cancel...
[shot] tds-059-R2-after3 (1024x768)
[19:13:51] [tds] screen tds-059-R2-after3 : x Y: Data cb Unity TallyPrime MANAGE EDU K: Company Accounting Voucher Creation Recei t Cash Account Current balance: 1,200.00 Dr Particulars End of List Cur Bal: Narration: Quit Z: Exchange A Accept Q Search FinCom • ke Co O: Import E: Export List of Led er Accounts Cash Share Bank M: Share p: print x Create Fl: Help Q: Date Company Ed: Contra Payment F-6: Receipt Journal Sales o 3371a o run 3b4-9 2731- acep 2+67- Purchase 2731- Fl O: OåuVooctgs E: Autofill Change Mode More Details O: Related ¯ Repons Optional post -Dated J: Stat acep .337. ning 17523 ing j _id" : 1-01" 2+67- D: Delete Cancel...
[keys] '^a' -> Tally 'TallyPrime:9000'
[shot] tds-060-R2-accept4 (1024x768)
[19:13:56] [tds] screen tds-060-R2-accept4 : Unity TallyPrime MANAGE EDU K: Company Accounting Voucher Creation Q: Quit Y: Data Z: Exchange O: Import E: Export M: Share FinCom Spike Co p: print x Error Oops! No Entries in Voucher! x Fl: Help F-2: Date F-3: Company F-4: Contra F-5: Payment F-6: Receipt F-7: Journal F-9: Purchase PIO: E: Autofill H: Change = Mode I: More - Details O: Related ¯ Repons L: Optional T: post = -Dated J: Stat ¯ Adjustment F-12: Configure o 3371a o run 3b4-9 2731- acep 2+67- 2731- acep .337. ning 17523 ing j _id" : 1-01" 2+67- Mode IA _ : Accept Q Search p: Delete cancel vch I Windows Server 2025 Datacenter Build...
[shot] tds-061-R2-after4 (1024x768)
[19:13:57] [tds] screen tds-061-R2-after4 : Unity TallyPrime MANAGE EDU K: Company Accounting Voucher Creation Q: Quit Y: Data Z: Exchange O: Import E: Export M: Share FinCom Spike Co p: print x Error Oops! No Entries in Voucher! x Fl: Help F-2: Date F-3: Company F-4: Contra F-5: Payment F-6: Receipt F-7: Journal F-9: Purchase PIO: E: Autofill H: Change = Mode I: More - Details O: Related ¯ Repons L: Optional T: post = -Dated J: Stat ¯ Adjustment F-12: Configure o 3371a o run 3b4-9 2731- acep 2+67- 2731- acep .337. ning 17523 ing j _id" : 1-01" 2+67- Mode IA _ : Accept Q Search p: Delete cancel vch I Windows Server 2025 Datacenter Build...
[shot] tds-062-gw0 (1024x768)
[19:13:58] [tds] screen tds-062-gw0 : Unity TallyPrime MANAGE EDU K: Company Accounting Voucher Creation Q: Quit Y: Data Z: Exchange O: Import E: Export M: Share FinCom Spike Co p: print x Error Oops! No Entries in Voucher! x Fl: Help F-2: Date F-3: Company F-4: Contra F-5: Payment F-6: Receipt F-7: Journal F-9: Purchase PIO: E: Autofill H: Change = Mode I: More - Details O: Related ¯ Repons L: Optional T: post = -Dated J: Stat ¯ Adjustment F-12: Configure o 3371a o run 3b4-9 2731- acep 2+67- 2731- acep .337. ning 17523 ing j _id" : 1-01" 2+67- Mode IA _ : Accept Q Search p: Delete cancel vch I Windows Server 2025 Datacenter Build...
[keys] '{ESC}' -> Tally 'TallyPrime:9000'
[shot] tds-063-gw1 (1024x768)
[19:14:01] [tds] screen tds-063-gw1 : x Y: Data cb Unity TallyPrime MANAGE EDU K: Company Accounting Voucher Creation Recei t Cash Account Current balance: 1,200.00 Dr Particulars End of List Cur Bal: Narration: Quit Z: Exchange A Accept Q Search FinCom • ke Co O: Import E: Export List of Led er Accounts Cash Share Bank M: Share p: print x Create Fl: Help Q: Date Company Ed: Contra Payment F-6: Receipt Journal Sales o 3371a o run 3b4-9 2731- acep 2+67- Purchase 2731- Fl O: OåuVooctgs E: Autofill Change Mode More Details O: Related ¯ Repons Optional post -Dated J: Stat acep .337. ning 17523 ing j _id" : 1-01" 2+67- D: Delete Cancel...
[keys] '{ESC}' -> Tally 'TallyPrime:9000'
[shot] tds-064-gw2 (1024x768)
[19:14:05] [tds] screen tds-064-gw2 : x Y: Data cb Unity TallyPrime MANAGE EDU K: Company Accounting Voucher Creation Recei t Account Current balance: 1,200.00 Dr Particulars End of List Cur Bal: Narration: Quit Z: Exchange A Accept Q Search FinCom • ke Co O: Import E: Export List of Led er Accounts Cash Share Bank M: Share p: print x Create Fl: Help Q: Date Company Ed: Contra Payment F-6: Receipt Journal Sales o 3371a o run 3b4-9 2731- acep 2+67- Purchase 2731- Fl O: OåuVooctgs E: Autofill Change Mode More Details O: Related ¯ Repons Optional post -Dated J: Stat acep .337. ning 17523 ing j _id" : 1-01" 2+67- D: Delete Cancel Vch ...
[keys] '{ESC}' -> Tally 'TallyPrime:9000'
[shot] tds-065-gw3 (1024x768)
[19:14:08] [tds] screen tds-065-gw3 : Y: Data cb Unity TallyPrime MANAGE EDU K: Company Accounting Voucher Creation Recei t Account Current balance: 1,200.00 Dr Particulars End of List Cur Bal: Narration: Q: Quit Z: Exchange A: Accept Q Search O: Import E: Export M: Share FinCom p: print x 2-Oct-26 Friday Amount Quit o x Fl: Help F-2: Date F-3: Company F-4: Contra F-5: Payment F-6: Receipt F-7: Journal F-9: Purchase PIO: E: Autofill H: Change = Mode I: More - Details O: Related ¯ Repons L: Optional T: post = -Dated J: Stat ¯ Adjustment D: Delete X: Cancel Vch Yes or No F-12: Configure o 3371a o run 3b4-9 2731- acep 2+67- 2731- ace...
[keys] 'y' -> Tally 'TallyPrime:9000'
[shot] tds-066-gw4 (1024x768)
[19:14:12] [tds] screen tds-066-gw4 : x TallyPrime MANAGE EDU K: Company Gatewa of Tall CURRENT PERIOD I-Apr-26 to 31-Mar-27 NAME OF COMPANY FinCom Spike Co Y: Data Z: Exchange CURRENT OATE Friday, 2-Oct-2026 O: Import E: Export M: Share p: print Fl: Help Date o 3371a Gateway of Tally MASTERS Create Alter CHart of Accounts TRANSACTIONS Vouchers Day 800K UTILITIES BaNking REPORTS Balance Sheet Profit & Loss A/c Stock Summary Ratio Analysis Display More Reports DashbOard Quit Unity Q 2-Oct-26 Search Company o run 3b4-9 2731- acep 2+67- 2731- acep .337. ning 17523 ing j _id" : 1-01" 2+67- Mode Windows Server 2025 Datacenter Build 261...
  voucher mid=1 aid=1 Journal/1/20260401 guid=2bbc8f60-fad7-4b8f-b633-510b49c07cf5-00000001 cancelled=False
  voucher mid=2 aid=2 Journal/2/20261001 guid=2bbc8f60-fad7-4b8f-b633-510b49c07cf5-00000002 cancelled=False
  voucher mid=3 aid=3 Journal/3/20261001 guid=2bbc8f60-fad7-4b8f-b633-510b49c07cf5-00000003 cancelled=False
  voucher mid=4 aid=4 Journal/4/20261001 guid=2bbc8f60-fad7-4b8f-b633-510b49c07cf5-00000004 cancelled=False
  voucher mid=5 aid=5 Journal/5/20261001 guid=2bbc8f60-fad7-4b8f-b633-510b49c07cf5-00000005 cancelled=False
  voucher mid=6 aid=6 Payroll/1/20261001 guid=2bbc8f60-fad7-4b8f-b633-510b49c07cf5-00000006 cancelled=False
  voucher mid=7 aid=7 Receipt/1/20261002 guid=2bbc8f60-fad7-4b8f-b633-510b49c07cf5-00000007 cancelled=False
  voucher mid=8 aid=8 Receipt/2/20261002 guid=2bbc8f60-fad7-4b8f-b633-510b49c07cf5-00000008 cancelled=False
  INFO share receipt-plain (receipt with no party (Cash / Spike Income)): Tally Receipt 2 mid 8; stored party 'Cash' bills []; the line party '' bills []; lines voucher_accept_post x1, voucher_full x1
[19:14:15] ---- share payment-agst: payment to a supplier against its bill (Agst Ref PB-1)
  voucher mid=1 aid=1 Journal/1/20260401 guid=2bbc8f60-fad7-4b8f-b633-510b49c07cf5-00000001 cancelled=False
  voucher mid=2 aid=2 Journal/2/20261001 guid=2bbc8f60-fad7-4b8f-b633-510b49c07cf5-00000002 cancelled=False
  voucher mid=3 aid=3 Journal/3/20261001 guid=2bbc8f60-fad7-4b8f-b633-510b49c07cf5-00000003 cancelled=False
  voucher mid=4 aid=4 Journal/4/20261001 guid=2bbc8f60-fad7-4b8f-b633-510b49c07cf5-00000004 cancelled=False
  voucher mid=5 aid=5 Journal/5/20261001 guid=2bbc8f60-fad7-4b8f-b633-510b49c07cf5-00000005 cancelled=False
  voucher mid=6 aid=6 Payroll/1/20261001 guid=2bbc8f60-fad7-4b8f-b633-510b49c07cf5-00000006 cancelled=False
  voucher mid=7 aid=7 Receipt/1/20261002 guid=2bbc8f60-fad7-4b8f-b633-510b49c07cf5-00000007 cancelled=False
  voucher mid=8 aid=8 Receipt/2/20261002 guid=2bbc8f60-fad7-4b8f-b633-510b49c07cf5-00000008 cancelled=False
[shot] tds-067-gw0 (1024x768)
[19:14:16] [tds] screen tds-067-gw0 : x TallyPrime MANAGE EDU K: Company Gatewa of Tall CURRENT PERIOD I-Apr-26 to 31-Mar-27 NAME OF COMPANY FinCom Spike Co Y: Data Z: Exchange CURRENT OATE Friday, 2-Oct-2026 O: Import E: Export M: Share p: print Fl: Help Date o 3371a Gateway of Tally MASTERS Create Alter CHart of Accounts TRANSACTIONS Vouchers Day 800K UTILITIES BaNking REPORTS Balance Sheet Profit & Loss A/c Stock Summary Ratio Analysis Display More Reports DashbOard Quit Unity Q 2-Oct-26 Search Company o run 3b4-9 2731- acep 2+67- 2731- acep .337. ning 17523 ing j _id" : 1-01" 2+67- Mode Windows Server 2025 Datacenter Build 261...
[shot] tds-068-P1-start (1024x768)
[19:14:17] [tds] screen tds-068-P1-start : x TallyPrime MANAGE EDU K: Company Gatewa of Tall CURRENT PERIOD I-Apr-26 to 31-Mar-27 NAME OF COMPANY FinCom Spike Co Y: Data Z: Exchange CURRENT OATE Friday, 2-Oct-2026 O: Import E: Export M: Share p: print Fl: Help Date o 3371a Gateway of Tally MASTERS Create Alter CHart of Accounts TRANSACTIONS Vouchers Day 800K UTILITIES BaNking REPORTS Balance Sheet Profit & Loss A/c Stock Summary Ratio Analysis Display More Reports DashbOard Quit Unity Q 2-Oct-26 Search Company o run 3b4-9 2731- acep 2+67- 2731- acep .337. ning 17523 ing j _id" : 1-01" 2+67- Mode Windows Server 2025 Datacenter Build 261...
[keys] 'v' -> Tally 'TallyPrime:9000'
[shot] tds-069-P1-vouchers (1024x768)
[19:14:21] [tds] screen tds-069-P1-vouchers : x Y: Data cb Unity TallyPrime MANAGE EDU K: Company Accounting Voucher Creation Recei t Account Current balance: Particulars Narration: Quit Z: Exchange A Accept Q Search O: Import E: Export M: Share FinCom • ke Co p: print x 2-Oct-26 Friday Amount Fl: Help Q: Date Company Ed: Contra Payment F-6: Receipt Journal Sales o 3371a o run 3b4-9 2731- acep 2+67- Purchase 2731- Fl O: OåuVooctgs E: Autofill Change Mode More Details O: Related ¯ Repons Optional post -Dated J: Stat acep .337. ning 17523 ing j _id" : 1-01" 2+67- D: Delete x: Cancel Vch Adjustment El 2: Configure Mode Windows Server 2025 Da...
[keys] '{F5}' -> Tally 'TallyPrime:9000'
[shot] tds-070-P1-type (1024x768)
[19:14:25] [tds] screen tds-070-P1-type : x Y: Data cb TallyPrime MANAGE EDU K: Company Accounting Voucher Creation Pa ment No. 1 Account Current balance: Particulars Narration: Z: Exchange A Accept Q Search O: Import E: Export M: Share FinCom • ke Co p: print 20ct-26 Friday Amount Fl: Help Q: Date Company Ed: Contra F-5: Payment Receipt Journal Sales o 3371a o run 3b4-9 2731- acep 2+67- Purchase 2731- Fl O: OåuVooctgs E: Autofill Change Mode More Details O: Related ¯ Repons Optional post -Dated J: Stat acep .337. ning 17523 ing j _id" : 1-01" 2+67- Unity Quit D: Delete x: Cancel Vch Adjustment El 2: Configure Mode Windows Server 2025...
[keys] '{F2}' -> Tally 'TallyPrime:9000'
[shot] tds-071-P1-date-box (1024x768)
[19:14:29] [tds] screen tds-071-P1-date-box : TallyPrime MANAGE EDU K: Company Change Voucher Date Unity Quit Y: Data Z: Exchange A Accept Q Search O: Import E: Export M: Share p: print x Fl: Help FinCom Spike Co Voucher Date 3-10-2026 o 3371a o run 3b4-9 2731- acep 2+67- 2731- acep .337. ning 17523 ing j _id" : 1-01" 2+67- Mode Windows Server 2025 Datacenter Build 26100.ge_release240331-1435 7:14 PM 10/8/2026
[keys] '2-10-2026{ENTER}' -> Tally 'TallyPrime:9000'
[shot] tds-072-P1-date (1024x768)
[19:14:32] [tds] screen tds-072-P1-date : x Y: Data cb TallyPrime MANAGE EDU K: Company Accounting Voucher Creation Pa ment No. 1 Account Current balance: Particulars Narration: Z: Exchange A Accept Q Search O: Import E: Export M: Share FinCom • ke Co p: print 20ct-26 Friday Amount Fl: Help Q: Date Company Ed: Contra F-5: Payment Receipt Journal Sales o 3371a o run 3b4-9 2731- acep 2+67- Purchase 2731- Fl O: OåuVooctgs E: Autofill Change Mode More Details O: Related ¯ Repons Optional post -Dated J: Stat acep .337. ning 17523 ing j _id" : 1-01" 2+67- Unity Quit D: Delete x: Cancel Vch Adjustment El 2: Configure Mode Windows Server 2025...
[keys] 'Cash{ENTER}' -> Tally 'TallyPrime:9000'
[shot] tds-073-P1-account (1024x768)
[19:14:36] [tds] screen tds-073-P1-account : x Y: Data cb TallyPrime MANAGE EDU K: Company Accounting Voucher Creation Pa ment No. 1 Account Cash Current balance: 1,200.00 Dr Particulars Narration: Z: Exchange A Accept Q Search O: Import E: Export M: Share FinCom • ke Co p: print 20ct-26 Friday Amount Fl: Help Q: Date Company Ed: Contra F-5: Payment Receipt Journal Sales o 3371a o run 3b4-9 2731- acep 2+67- Purchase 2731- Fl O: OåuVooctgs E: Autofill Change Mode More Details O: Related ¯ Repons Optional post -Dated J: Stat acep .337. ning 17523 ing j _id" : 1-01" 2+67- Unity Quit D: Delete x: Cancel Vch Adjustment El 2: Configure Mode Wi...
[shot] tds-074-P1-acc-sub1 (1024x768)
[19:14:37] [tds] screen tds-074-P1-acc-sub1 : x Y: Data cb TallyPrime MANAGE EDU K: Company Accounting Voucher Creation Pa ment No. 1 Account Cash Current balance: 1,200.00 Dr Particulars Narration: Z: Exchange A Accept Q Search O: Import E: Export M: Share FinCom • ke Co p: print 20ct-26 Friday Amount Fl: Help Q: Date Company Ed: Contra F-5: Payment Receipt Journal Sales o 3371a o run 3b4-9 2731- acep 2+67- Purchase 2731- Fl O: OåuVooctgs E: Autofill Change Mode More Details O: Related ¯ Repons Optional post -Dated J: Stat acep .337. ning 17523 ing j _id" : 1-01" 2+67- Unity Quit D: Delete x: Cancel Vch Adjustment El 2: Configure Mode Wi...
[keys] 'Share Supplier{ENTER}' -> Tally 'TallyPrime:9000'
[shot] tds-075-P1-row1 (1024x768)
[19:14:41] [tds] screen tds-075-P1-row1 : x Y: Data cb TallyPrime MANAGE EDU K: Company Accounting Voucher Creation Pa ment No. 1 Account Cash Z: Exchange A Accept Q Search O: Import E: Export M: Share FinCom • ke Co p: print 20ct-26 Friday Amount Fl: Help Q: Date Company Ed: Contra F-5: Payment Receipt Journal Sales o 3371a o run 3b4-9 2731- acep 2+67- Current balance: 1,200.00 Dr Particulars Share Supplier CurBal: 3,000.00 Cr Narration: Unity Quit Purchase 2731- Fl O: OåuVooctgs E: Autofill Change Mode More Details O: Related ¯ Repons Optional post -Dated J: Stat acep .337. ning 17523 ing j _id" : 1-01" 2+67- D: Delete x: Cancel Vch...
[shot] tds-076-P1-row1-a-sub1 (1024x768)
[19:14:42] [tds] screen tds-076-P1-row1-a-sub1 : x Y: Data cb TallyPrime MANAGE EDU K: Company Accounting Voucher Creation Pa ment No. 1 Account Cash Z: Exchange A Accept Q Search O: Import E: Export M: Share FinCom • ke Co p: print 20ct-26 Friday Amount Fl: Help Q: Date Company Ed: Contra F-5: Payment Receipt Journal Sales o 3371a o run 3b4-9 2731- acep 2+67- Current balance: 1,200.00 Dr Particulars Share Supplier CurBal: 3,000.00 Cr Narration: Unity Quit Purchase 2731- Fl O: OåuVooctgs E: Autofill Change Mode More Details O: Related ¯ Repons Optional post -Dated J: Stat acep .337. ning 17523 ing j _id" : 1-01" 2+67- D: Delete x: Cancel Vch...
[keys] '400{ENTER}' -> Tally 'TallyPrime:9000'
[shot] tds-077-P1-row1-amt (1024x768)
[19:14:46] [tds] screen tds-077-P1-row1-amt : x TallyPrime MANAGE EDU K: Company Bill-wise Details Quit Y: Data Type of Ref St Ref Z: Exchange FinCom Spike Co Bill-wise Details for : Share Supplier Up to: 400.00 Dr O: Import Amount E: Export M: Share p: print Fl: Help x Name Method of Ad Advance Agst Ref New Ref On Account Accept Q Search Due Date, or Credit Days 20ct-26) Unity o 3371a o run 3b4-9 2731- acep 2+67- 2731- acep .337. ning 17523 ing j _id" : 1-01" 2+67- Mode Windows Server 2025 Datacenter Build 26100.ge_release240331-1435 7:14 PM 10/8/2026
[shot] tds-078-P1-row1-bills1 (1024x768)
[19:14:47] [tds] screen tds-078-P1-row1-bills1 : x TallyPrime MANAGE EDU K: Company Bill-wise Details Quit Y: Data Type of Ref A Ref Z: Exchange FinCom Spike Co Bill-wise Details for : Share Supplier Up to: 400.00 Dr O: Import Amount E: Export M: Share p: print Fl: Help x Name Method of Ad Advance Agst Ref New Ref On Account Accept Q Search Due Date, or Credit Days 20ct-26) Unity o 3371a o run 3b4-9 2731- acep 2+67- 2731- acep .337. ning 17523 ing j _id" : 1-01" 2+67- Mode Windows Server 2025 Datacenter Build 26100.ge_release240331-1435 7:14 PM 10/8/2026
[keys] 'Agst Ref{ENTER}' -> Tally 'TallyPrime:9000'
[shot] tds-079-P1-row1-reftype (1024x768)
[19:14:51] [tds] screen tds-079-P1-row1-reftype : x TallyPrime MANAGE EDU K: Company Bill-wise Details Quit Y: Data Type of Ref Agst Ref Z: Exchange FinCom Spike Co Bill-wise Details for : Share Supplier Up to: 400.00 Dr O: Import Amount Date I-Oct-26 I-Oct-26 E: Export M: Share p: print Fl: Help x Name Due Date, or Pendin Bills Name PB-I Balance 1,000.00 Dr 4,000.00 Cr Final Balance 1,000.00 Dr 4,000.00 Cr Unity o 3371a o run 3b4-9 2731- acep 2+67- 2731- acep .337. ning 17523 ing j _id" : 1-01" 2+67- Mode Accept Q Search Windows Server 2025 Datacenter Build 26100.ge_release240331-1435 7:14 PM 10/8/2026
[keys] 'PB-1{ENTER}' -> Tally 'TallyPrime:9000'
[shot] tds-080-P1-row1-refname (1024x768)
[19:14:55] [tds] screen tds-080-P1-row1-refname : x TallyPrime MANAGE EDU K: Company Bill-wise Details Quit Y: Data Type of Ref Agst Ref Z: Exchange O: Import E: Export M: Share p: print Fl: Help x FinCom Spike Co Bill-wise Details for : Share Supplier Up to: 400.00 Dr Name PB_I Accept Q Search Due Date, or Credit Days (wef 20ct-26) Amount $0.00 Dr 400.00 Dr Unity o 3371a o run 3b4-9 2731- acep 2+67- 2731- acep .337. ning 17523 ing j _id" : 1-01" 2+67- Mode Windows Server 2025 Datacenter Build 26100.ge_release240331-1435 7:14 PM 10/8/2026
[keys] '{ENTER}' -> Tally 'TallyPrime:9000'
[shot] tds-081-P1-row1-refamount (1024x768)
[19:14:59] [tds] screen tds-081-P1-row1-refamount : x TallyPrime MANAGE EDU K: Company Bill-wise Details Quit Y: Data Type of Ref Agst Ref Z: Exchange O: Import E: Export M: Share p: print Fl: Help x FinCom Spike Co Bill-wise Details for : Share Supplier Up to: 400.00 Dr Name PB_I Accept Q Search Due Date, or Credit Days (wef 20ct-26) Amount 400.00 400.00 Dr Unity o 3371a o run 3b4-9 2731- acep 2+67- 2731- acep .337. ning 17523 ing j _id" : 1-01" 2+67- Mode Windows Server 2025 Datacenter Build 26100.ge_release240331-1435 7:14 PM 10/8/2026
[shot] tds-082-P1-row1-bills2 (1024x768)
[19:15:00] [tds] screen tds-082-P1-row1-bills2 : x TallyPrime MANAGE EDU K: Company Bill-wise Details Quit Y: Data Type of Ref Agst Ref Z: Exchange O: Import E: Export M: Share p: print Fl: Help x FinCom Spike Co Bill-wise Details for : Share Supplier Up to: 400.00 Dr Name PB_I Accept Q Search Due Date, or Credit Days (wef 20ct-26) Amount 400.00 Dr 400.00 Dr Unity o 3371a o run 3b4-9 2731- acep 2+67- 2731- acep .337. ning 17523 ing j _id" : 1-01" 2+67- Mode Windows Server 2025 Datacenter Build 26100.ge_release240331-1435 7:14 PM 10/8/2026
[keys] '^a' -> Tally 'TallyPrime:9000'
[shot] tds-083-P1-row1-bills-accept (1024x768)
[19:15:03] [tds] screen tds-083-P1-row1-bills-accept : x Y: Data cb 65 Unity TallyPrime MANAGE EDU K: Company Accounting Voucher Creation Pa ment No. 1 Account Cash Current balance: 800.00 Dr Particulars Share Supplier Z: Exchange 400.00 Dr A Accept Q Search O: Import E: Export M: Share FinCom • ke Co p: print 20ct-26 Friday Amount 400.00 400.00 Fl: Help Q: Date Company Ed: Contra F-5: Payment Receipt : Journal Sales o 3371a o run 3b4-9 2731- acep 2+67- CurBal: 2,600.00 Cr Agst Ref PB-I Narration: Quit Purchase 2731- Fl O: OåuVooctgs E: Autofill Change Mode More Details O: Related ¯ Repons Optional post -Dated J: Stat acep .337. ning 17523 ing j _...
[shot] tds-084-P1-row1-bills3 (1024x768)
[19:15:04] [tds] screen tds-084-P1-row1-bills3 : x Y: Data cb 65 Unity TallyPrime MANAGE EDU K: Company Accounting Voucher Creation Pa ment No. 1 Account Cash Current balance: 800.00 Dr Particulars Share Supplier Z: Exchange 400.00 Dr A Accept Q Search O: Import E: Export M: Share FinCom • ke Co p: print 20ct-26 Friday Amount 400.00 400.00 Fl: Help Q: Date Company Ed: Contra F-5: Payment Receipt : Journal Sales o 3371a o run 3b4-9 2731- acep 2+67- CurBal: 2,600.00 Cr Agst Ref PB-I Narration: Quit Purchase 2731- Fl O: OåuVooctgs E: Autofill Change Mode More Details O: Related ¯ Repons Optional post -Dated J: Stat acep .337. ning 17523 ing j _...
[shot] tds-085-P1-row1-b-sub1 (1024x768)
[19:15:05] [tds] screen tds-085-P1-row1-b-sub1 : x Y: Data cb 65 Unity TallyPrime MANAGE EDU K: Company Accounting Voucher Creation Pa ment No. 1 Account Cash Current balance: 800.00 Dr Particulars Share Supplier Z: Exchange 400.00 Dr A Accept Q Search O: Import E: Export M: Share FinCom • ke Co p: print 20ct-26 Friday Amount 400.00 400.00 Fl: Help Q: Date Company Ed: Contra F-5: Payment Receipt : Journal Sales o 3371a o run 3b4-9 2731- acep 2+67- CurBal: 2,600.00 Cr Agst Ref PB-I Narration: Quit Purchase 2731- Fl O: OåuVooctgs E: Autofill Change Mode More Details O: Related ¯ Repons Optional post -Dated J: Stat acep .337. ning 17523 ing j _...
[keys] '{ENTER}' -> Tally 'TallyPrime:9000'
[shot] tds-086-P1-rows-done (1024x768)
[19:15:09] [tds] screen tds-086-P1-rows-done : x Y: Data cb TallyPrime MANAGE EDU K: Company Accounting Voucher Creation Pa ment No. 1 Account Cash Current balance: 800.00 Dr Particulars Share Supplier Z: Exchange 400.00 Dr Accept Q Search O: Import E: Export M: Share FinCom • ke Co p: print 20ct-26 Friday Amount 400.00 400.00 Fl: Help Q: Date Company Ed: Contra F-5: Payment Receipt : Journal Sales o 3371a o run 3b4-9 2731- acep 2+67- CurBal: 2,600.00 Cr Agst Ref PB-I Narration: 65 Unity Quit Purchase 2731- Fl O: OåuVooctgs E: Autofill Change Mode More Details O: Related ¯ Repons Optional post -Dated J: Stat acep .337. ning 17523 ing j _id...
[shot] tds-087-P1-done-sub1 (1024x768)
[19:15:10] [tds] screen tds-087-P1-done-sub1 : x Y: Data cb TallyPrime MANAGE EDU K: Company Accounting Voucher Creation Pa ment No. 1 Account Cash Current balance: 800.00 Dr Particulars Share Supplier Z: Exchange 400.00 Dr Accept Q Search O: Import E: Export M: Share FinCom • ke Co p: print 20ct-26 Friday Amount 400.00 400.00 Fl: Help Q: Date Company Ed: Contra F-5: Payment Receipt : Journal Sales o 3371a o run 3b4-9 2731- acep 2+67- CurBal: 2,600.00 Cr Agst Ref PB-I Narration: 65 Unity Quit Purchase 2731- Fl O: OåuVooctgs E: Autofill Change Mode More Details O: Related ¯ Repons Optional post -Dated J: Stat acep .337. ning 17523 ing j _id...
[keys] 'share payment agst{ENTER}' -> Tally 'TallyPrime:9000'
[shot] tds-088-P1-narr (1024x768)
[19:15:14] [tds] screen tds-088-P1-narr : Y: Data cb TallyPrime MANAGE EDU K: Company Accounting Voucher Creation Pa ment No. 1 Account Cash Current balance: 800.00 Dr Particulars Share Supplier Z: Exchange 400.00 Dr A: Accept Q Search O: Import E: Export M: Share FinCom CurBal: 2,600.00 Cr Agst Ref PB-I Narration: share payment agst Unity Q: Quit p: print 20ct-26 Friday Amount 400.00 400.00 Accept Q Yes or No D: Delete X: Cancel Vch x Fl: Help F-2: Date F-3: Company F-4: Contra F-5: Payment F-6: Receipt F-7: Journal F-9: Purchase PIO: E: Autofill H: Change = Mode I: More - Details O: Related ¯ Repons L: Optional T: post = -Dated J: S...
[keys] '^a' -> Tally 'TallyPrime:9000'
[shot] tds-089-P1-accept1 (1024x768)
[19:15:19] [tds] screen tds-089-P1-accept1 : x Y: Data cb TallyPrime MANAGE EDU K: Company Accounting Voucher Creation Pa ment No. 2 Account Current balance: Particulars Narration: Z: Exchange A Accept Q Search O: Import E: Export M: Share FinCom • ke Co p: print 20ct-26 Friday Amount Fl: Help Q: Date Company Ed: Contra F-5: Payment Receipt Journal Sales o 3371a o run 3b4-9 2731- acep 2+67- Purchase 2731- Fl O: OåuVooctgs E: Autofill Change Mode More Details O: Related ¯ Repons Optional post -Dated J: Stat acep .337. ning 17523 ing j _id" : 1-01" 2+67- Unity Quit D: Delete x: Cancel Vch Adjustment El 2: Configure Mode Windows Server 2025...
[shot] tds-090-P1-after1 (1024x768)
[19:15:20] [tds] screen tds-090-P1-after1 : x Y: Data cb TallyPrime MANAGE EDU K: Company Accounting Voucher Creation Pa ment No. 2 Account Current balance: Particulars Narration: Z: Exchange A Accept Q Search O: Import E: Export M: Share FinCom • ke Co p: print 20ct-26 Friday Amount Fl: Help Q: Date Company Ed: Contra F-5: Payment Receipt Journal Sales o 3371a o run 3b4-9 2731- acep 2+67- Purchase 2731- Fl O: OåuVooctgs E: Autofill Change Mode More Details O: Related ¯ Repons Optional post -Dated J: Stat acep .337. ning 17523 ing j _id" : 1-01" 2+67- Unity Quit D: Delete x: Cancel Vch Adjustment El 2: Configure Mode Windows Server 2025...
[keys] '^a' -> Tally 'TallyPrime:9000'
[shot] tds-091-P1-accept2 (1024x768)
[19:15:24] [tds] screen tds-091-P1-accept2 : Unity TallyPrime MANAGE EDU K: Company Accounting Voucher Creation Q: Quit Y: Data Z: Exchange O: Import E: Export M: Share FinCom Spike Co p: print x Error Oops! No Entries in Voucher! x Fl: Help F-2: Date F-3: Company F-4: Contra F-5: Payment F-6: Receipt F-7: Journal F-9: Purchase PIO: E: Autofill H: Change = Mode I: More - Details O: Related ¯ Repons L: Optional T: post = -Dated J: Stat ¯ Adjustment F-12: Configure o 3371a o run 3b4-9 2731- acep 2+67- 2731- acep .337. ning 17523 ing j _id" : 1-01" 2+67- Mode IA _ : Accept Q Search p: Delete cancel vch I Windows Server 2025 Datacenter Build...
[shot] tds-092-P1-after2 (1024x768)
[19:15:25] [tds] screen tds-092-P1-after2 : Unity TallyPrime MANAGE EDU K: Company Accounting Voucher Creation Q: Quit Y: Data Z: Exchange O: Import E: Export M: Share FinCom Spike Co p: print x Error Oops! No Entries in Voucher! x Fl: Help F-2: Date F-3: Company F-4: Contra F-5: Payment F-6: Receipt F-7: Journal F-9: Purchase PIO: E: Autofill H: Change = Mode I: More - Details O: Related ¯ Repons L: Optional T: post = -Dated J: Stat ¯ Adjustment F-12: Configure o 3371a o run 3b4-9 2731- acep 2+67- 2731- acep .337. ning 17523 ing j _id" : 1-01" 2+67- Mode IA _ : Accept Q Search p: Delete cancel vch I Windows Server 2025 Datacenter Build...
[keys] '^a' -> Tally 'TallyPrime:9000'
[shot] tds-093-P1-accept3 (1024x768)
[19:15:30] [tds] screen tds-093-P1-accept3 : x Y: Data cb TallyPrime MANAGE EDU K: Company Accounting Voucher Creation Pa ment No. 2 Cash Account Current balance: 800.00 Dr Particulars End of List Cur Bal: Narration: Z: Exchange A Accept Q Search FinCom • ke Co O: Import E: Export List of Led er Accounts Cash Share Bank M: Share p: print x Create Fl: Help Q: Date Company Ed: Contra F-5: Payment Receipt Journal Sales o 3371a o run 3b4-9 2731- acep 2+67- Purchase 2731- Fl O: OåuVooctgs E: Autofill Change Mode More Details O: Related ¯ Repons Optional post -Dated J: Stat acep .337. ning 17523 ing j _id" : 1-01" 2+67- Unity Quit D: Delete Ca...
[shot] tds-094-P1-after3 (1024x768)
[19:15:31] [tds] screen tds-094-P1-after3 : x Y: Data cb TallyPrime MANAGE EDU K: Company Accounting Voucher Creation Pa ment No. 2 Account Cash Current balance: 800.00 Dr Particulars End of List Cur Bal: Narration: Z: Exchange A Accept Q Search FinCom • ke Co O: Import E: Export List of Led er Accounts Cash Share Bank M: Share p: print x Create Fl: Help Q: Date Company Ed: Contra F-5: Payment Receipt Journal Sales o 3371a o run 3b4-9 2731- acep 2+67- Purchase 2731- Fl O: OåuVooctgs E: Autofill Change Mode More Details O: Related ¯ Repons Optional post -Dated J: Stat acep .337. ning 17523 ing j _id" : 1-01" 2+67- Unity Quit D: Delete Ca...
[keys] '^a' -> Tally 'TallyPrime:9000'
[shot] tds-095-P1-accept4 (1024x768)
[19:15:35] [tds] screen tds-095-P1-accept4 : Unity TallyPrime MANAGE EDU K: Company Accounting Voucher Creation Q: Quit Y: Data Z: Exchange O: Import E: Export M: Share FinCom Spike Co p: print x Error Oops! No Entries in Voucher! x Fl: Help F-2: Date F-3: Company F-4: Contra F-5: Payment F-6: Receipt F-7: Journal F-9: Purchase PIO: E: Autofill H: Change = Mode I: More - Details O: Related ¯ Repons L: Optional T: post = -Dated J: Stat ¯ Adjustment F-12: Configure o 3371a o run 3b4-9 2731- acep 2+67- 2731- acep .337. ning 17523 ing j _id" : 1-01" 2+67- Mode IA _ : Accept Q Search p: Delete cancel vch I Windows Server 2025 Datacenter Build...
[shot] tds-096-P1-after4 (1024x768)
[19:15:36] [tds] screen tds-096-P1-after4 : Unity TallyPrime MANAGE EDU K: Company Accounting Voucher Creation Q: Quit Y: Data Z: Exchange O: Import E: Export M: Share FinCom Spike Co p: print x Error Oops! No Entries in Voucher! x Fl: Help F-2: Date F-3: Company F-4: Contra F-5: Payment F-6: Receipt F-7: Journal F-9: Purchase PIO: E: Autofill H: Change = Mode I: More - Details O: Related ¯ Repons L: Optional T: post = -Dated J: Stat ¯ Adjustment F-12: Configure o 3371a o run 3b4-9 2731- acep 2+67- 2731- acep .337. ning 17523 ing j _id" : 1-01" 2+67- Mode IA _ : Accept Q Search p: Delete cancel vch I Windows Server 2025 Datacenter Build...
[shot] tds-097-gw0 (1024x768)
[19:15:37] [tds] screen tds-097-gw0 : Unity TallyPrime MANAGE EDU K: Company Accounting Voucher Creation Q: Quit Y: Data Z: Exchange O: Import E: Export M: Share FinCom Spike Co p: print x Error Oops! No Entries in Voucher! x Fl: Help F-2: Date F-3: Company F-4: Contra F-5: Payment F-6: Receipt F-7: Journal F-9: Purchase PIO: E: Autofill H: Change = Mode I: More - Details O: Related ¯ Repons L: Optional T: post = -Dated J: Stat ¯ Adjustment F-12: Configure o 3371a o run 3b4-9 2731- acep 2+67- 2731- acep .337. ning 17523 ing j _id" : 1-01" 2+67- Mode IA _ : Accept Q Search p: Delete cancel vch I Windows Server 2025 Datacenter Build...
[keys] '{ESC}' -> Tally 'TallyPrime:9000'
[shot] tds-098-gw1 (1024x768)
[19:15:40] [tds] screen tds-098-gw1 : x Y: Data cb TallyPrime MANAGE EDU K: Company Accounting Voucher Creation Pa ment No. 2 Cash Account Current balance: 800.00 Dr Particulars End of List Cur Bal: Narration: Z: Exchange A Accept Q Search FinCom • ke Co O: Import E: Export List of Led er Accounts Cash Share Bank M: Share p: print x Create Fl: Help Q: Date Company Ed: Contra F-5: Payment Receipt Journal Sales o 3371a o run 3b4-9 2731- acep 2+67- Purchase 2731- Fl O: OåuVooctgs E: Autofill Change Mode More Details O: Related ¯ Repons Optional post -Dated J: Stat acep .337. ning 17523 ing j _id" : 1-01" 2+67- Unity Quit D: Delete Ca...
[keys] '{ESC}' -> Tally 'TallyPrime:9000'
[shot] tds-099-gw2 (1024x768)
[19:15:44] [tds] screen tds-099-gw2 : x Y: Data cb TallyPrime MANAGE EDU K: Company Accounting Voucher Creation Pa ment No. 2 Account Current balance: 800.00 Dr Particulars End of List Cur Bal: Narration: Z: Exchange A Accept Q Search FinCom • ke Co O: Import E: Export List of Led er Accounts Cash Share Bank M: Share p: print x Create Fl: Help Q: Date Company Ed: Contra F-5: Payment Receipt Journal Sales o 3371a o run 3b4-9 2731- acep 2+67- Purchase 2731- Fl O: OåuVooctgs E: Autofill Change Mode More Details O: Related ¯ Repons Optional post -Dated J: Stat acep .337. ning 17523 ing j _id" : 1-01" 2+67- Unity Quit D: Delete Cancel ...
[keys] '{ESC}' -> Tally 'TallyPrime:9000'
[shot] tds-100-gw3 (1024x768)
[19:15:48] [tds] screen tds-100-gw3 : Y: Data cb TallyPrime MANAGE EDU K: Company Accounting Voucher Creation Pa ment No. 2 Account Current balance: 800.00 Dr Particulars End of List Cur Bal: Narration: Z: Exchange A: Accept Q Search O: Import E: Export M: Share FinCom p: print 20ct-26 Friday Amount Quit o x Fl: Help F-2: Date F-3: Company F-4: Contra F-5: Payment F-6: Receipt F-7: Journal F-9: Purchase PIO: E: Autofill H: Change = Mode I: More - Details O: Related ¯ Repons L: Optional T: post = -Dated J: Stat ¯ Adjustment Unity Q: Quit D: Delete X: Cancel Vch Yes or No F-12: Configure o 3371a o run 3b4-9 2731- acep 2+67- 2731- ac...
[keys] 'y' -> Tally 'TallyPrime:9000'
[shot] tds-101-gw4 (1024x768)
[19:15:51] [tds] screen tds-101-gw4 : x TallyPrime MANAGE EDU K: Company Gatewa of Tall CURRENT PERIOD I-Apr-26 to 31-Mar-27 NAME OF COMPANY FinCom Spike Co Y: Data Z: Exchange CURRENT OATE Friday, 2-Oct-2026 O: Import E: Export M: Share p: print Fl: Help Date o 3371a Gateway of Tally MASTERS Create Alter CHart of Accounts TRANSACTIONS Vouchers Day 800K UTILITIES BaNking REPORTS Balance Sheet Profit & Loss A/c Stock Summary Ratio Analysis Display More Reports DashbOard Quit Unity Q 2-Oct-26 Search Company o run 3b4-9 2731- acep 2+67- 2731- acep .337. ning 17523 ing j _id" : 1-01" 2+67- Mode Windows Server 2025 Datacenter Build 261...
  voucher mid=1 aid=1 Journal/1/20260401 guid=2bbc8f60-fad7-4b8f-b633-510b49c07cf5-00000001 cancelled=False
  voucher mid=2 aid=2 Journal/2/20261001 guid=2bbc8f60-fad7-4b8f-b633-510b49c07cf5-00000002 cancelled=False
  voucher mid=3 aid=3 Journal/3/20261001 guid=2bbc8f60-fad7-4b8f-b633-510b49c07cf5-00000003 cancelled=False
  voucher mid=4 aid=4 Journal/4/20261001 guid=2bbc8f60-fad7-4b8f-b633-510b49c07cf5-00000004 cancelled=False
  voucher mid=5 aid=5 Journal/5/20261001 guid=2bbc8f60-fad7-4b8f-b633-510b49c07cf5-00000005 cancelled=False
  voucher mid=6 aid=6 Payroll/1/20261001 guid=2bbc8f60-fad7-4b8f-b633-510b49c07cf5-00000006 cancelled=False
  voucher mid=7 aid=7 Receipt/1/20261002 guid=2bbc8f60-fad7-4b8f-b633-510b49c07cf5-00000007 cancelled=False
  voucher mid=8 aid=8 Receipt/2/20261002 guid=2bbc8f60-fad7-4b8f-b633-510b49c07cf5-00000008 cancelled=False
  voucher mid=9 aid=9 Payment/1/20261002 guid=2bbc8f60-fad7-4b8f-b633-510b49c07cf5-00000009 cancelled=False
  INFO share payment-agst (payment to a supplier against its bill (Agst Ref PB-1)): Tally Payment 1 mid 9; stored party 'Share Supplier' bills [Agst Ref]; the line party '' bills [Agst Ref]; lines voucher_accept_post x1, voucher_full x1
[19:15:54] ---- share payment-expense: payment of an expense (no party)
  voucher mid=1 aid=1 Journal/1/20260401 guid=2bbc8f60-fad7-4b8f-b633-510b49c07cf5-00000001 cancelled=False
  voucher mid=2 aid=2 Journal/2/20261001 guid=2bbc8f60-fad7-4b8f-b633-510b49c07cf5-00000002 cancelled=False
  voucher mid=3 aid=3 Journal/3/20261001 guid=2bbc8f60-fad7-4b8f-b633-510b49c07cf5-00000003 cancelled=False
  voucher mid=4 aid=4 Journal/4/20261001 guid=2bbc8f60-fad7-4b8f-b633-510b49c07cf5-00000004 cancelled=False
  voucher mid=5 aid=5 Journal/5/20261001 guid=2bbc8f60-fad7-4b8f-b633-510b49c07cf5-00000005 cancelled=False
  voucher mid=6 aid=6 Payroll/1/20261001 guid=2bbc8f60-fad7-4b8f-b633-510b49c07cf5-00000006 cancelled=False
  voucher mid=7 aid=7 Receipt/1/20261002 guid=2bbc8f60-fad7-4b8f-b633-510b49c07cf5-00000007 cancelled=False
  voucher mid=8 aid=8 Receipt/2/20261002 guid=2bbc8f60-fad7-4b8f-b633-510b49c07cf5-00000008 cancelled=False
  voucher mid=9 aid=9 Payment/1/20261002 guid=2bbc8f60-fad7-4b8f-b633-510b49c07cf5-00000009 cancelled=False
[shot] tds-102-gw0 (1024x768)
[19:15:55] [tds] screen tds-102-gw0 : x TallyPrime MANAGE EDU K: Company Gatewa of Tall CURRENT PERIOD I-Apr-26 to 31-Mar-27 NAME OF COMPANY FinCom Spike Co Y: Data Z: Exchange CURRENT OATE Friday, 2-Oct-2026 O: Import E: Export M: Share p: print Fl: Help Date o 3371a Gateway of Tally MASTERS Create Alter CHart of Accounts TRANSACTIONS Vouchers Day 800K UTILITIES BaNking REPORTS Balance Sheet Profit & Loss A/c Stock Summary Ratio Analysis Display More Reports DashbOard Quit Unity Q 2-Oct-26 Search Company o run 3b4-9 2731- acep 2+67- 2731- acep .337. ning 17523 ing j _id" : 1-01" 2+67- Mode Windows Server 2025 Datacenter Build 261...
[shot] tds-103-P2-start (1024x768)
[19:15:56] [tds] screen tds-103-P2-start : x TallyPrime MANAGE EDU K: Company Gatewa of Tall CURRENT PERIOD I-Apr-26 to 31-Mar-27 NAME OF COMPANY FinCom Spike Co Y: Data Z: Exchange CURRENT OATE Friday, 2-Oct-2026 O: Import E: Export M: Share p: print Fl: Help Date o 3371a Gateway of Tally MASTERS Create Alter CHart of Accounts TRANSACTIONS Vouchers Day 800K UTILITIES BaNking REPORTS Balance Sheet Profit & Loss A/c Stock Summary Ratio Analysis Display More Reports DashbOard Quit Unity Q 2-Oct-26 Search Company o run 3b4-9 2731- acep 2+67- 2731- acep .337. ning 17523 ing j _id" : 1-01" 2+67- Mode Windows Server 2025 Datacenter Build 261...
[keys] 'v' -> Tally 'TallyPrime:9000'
[shot] tds-104-P2-vouchers (1024x768)
[19:16:00] [tds] screen tds-104-P2-vouchers : x Y: Data cb TallyPrime MANAGE EDU K: Company Accounting Voucher Creation Pa ment No. 2 Account Current balance: Particulars Narration: Z: Exchange A Accept Q Search O: Import E: Export M: Share FinCom • ke Co p: print 20ct-26 Friday Amount Fl: Help Q: Date Company Ed: Contra F-5: Payment Receipt Journal Sales o 3371a o run 3b4-9 2731- acep 2+67- Purchase 2731- Fl O: OåuVooctgs E: Autofill Change Mode More Details O: Related ¯ Repons Optional post -Dated J: Stat acep .337. ning 17523 ing j _id" : 1-01" 2+67- Unity Quit D: Delete x: Cancel Vch Adjustment El 2: Configure Mode Windows Server 2025...
[keys] '{F5}' -> Tally 'TallyPrime:9000'
[shot] tds-105-P2-type (1024x768)
[19:16:04] [tds] screen tds-105-P2-type : x Y: Data cb TallyPrime MANAGE EDU K: Company Accounting Voucher Creation Pa ment No. 2 Account Current balance: Particulars Narration: Z: Exchange A Accept Q Search O: Import E: Export M: Share FinCom • ke Co p: print 20ct-26 Friday Amount Fl: Help Q: Date Company Ed: Contra F-5: Payment Receipt Journal Sales o 3371a o run 3b4-9 2731- acep 2+67- Purchase 2731- Fl O: OåuVooctgs E: Autofill Change Mode More Details O: Related ¯ Repons Optional post -Dated J: Stat acep .337. ning 17523 ing j _id" : 1-01" 2+67- Unity Quit D: Delete x: Cancel Vch Adjustment El 2: Configure Mode Windows Server 2025...
[keys] '{F2}' -> Tally 'TallyPrime:9000'
[shot] tds-106-P2-date-box (1024x768)
[19:16:07] [tds] screen tds-106-P2-date-box : TallyPrime MANAGE EDU K: Company Change Voucher Date Unity Quit Y: Data Z: Exchange A Accept Q Search O: Import E: Export M: Share p: print x Fl: Help FinCom Spike Co Voucher Date 3-10-2026 o 3371a o run 3b4-9 2731- acep 2+67- 2731- acep .337. ning 17523 ing j _id" : 1-01" 2+67- Mode Windows Server 2025 Datacenter Build 26100.ge_release240331-1435 7:16 PM 10/8/2026
[keys] '2-10-2026{ENTER}' -> Tally 'TallyPrime:9000'
[shot] tds-107-P2-date (1024x768)
[19:16:11] [tds] screen tds-107-P2-date : x Y: Data cb TallyPrime MANAGE EDU K: Company Accounting Voucher Creation Pa ment No. 2 Account Current balance: Particulars Narration: Z: Exchange A Accept Q Search O: Import E: Export M: Share FinCom • ke Co p: print 20ct-26 Friday Amount Fl: Help Q: Date Company Ed: Contra F-5: Payment Receipt Journal Sales o 3371a o run 3b4-9 2731- acep 2+67- Purchase 2731- Fl O: OåuVooctgs E: Autofill Change Mode More Details O: Related ¯ Repons Optional post -Dated J: Stat acep .337. ning 17523 ing j _id" : 1-01" 2+67- Unity Quit D: Delete x: Cancel Vch Adjustment El 2: Configure Mode Windows Server 2025...
[keys] 'Cash{ENTER}' -> Tally 'TallyPrime:9000'
[shot] tds-108-P2-account (1024x768)
[19:16:15] [tds] screen tds-108-P2-account : x Y: Data cb TallyPrime MANAGE EDU K: Company Accounting Voucher Creation Pa ment No. 2 Account Cash Current balance: 800.00 Dr Particulars Narration: Z: Exchange A Accept Q Search O: Import E: Export M: Share FinCom • ke Co p: print 20ct-26 Friday Amount Fl: Help Q: Date Company Ed: Contra F-5: Payment Receipt Journal Sales o 3371a o run 3b4-9 2731- acep 2+67- Purchase 2731- Fl O: OåuVooctgs E: Autofill Change Mode More Details O: Related ¯ Repons Optional post -Dated J: Stat acep .337. ning 17523 ing j _id" : 1-01" 2+67- Unity Quit D: Delete x: Cancel Vch Adjustment El 2: Configure Mode Wind...
[shot] tds-109-P2-acc-sub1 (1024x768)
[19:16:16] [tds] screen tds-109-P2-acc-sub1 : x Y: Data cb TallyPrime MANAGE EDU K: Company Accounting Voucher Creation Pa ment No. 2 Account Cash Current balance: 800.00 Dr Particulars Narration: Z: Exchange A Accept Q Search O: Import E: Export M: Share FinCom • ke Co p: print 20ct-26 Friday Amount Fl: Help Q: Date Company Ed: Contra F-5: Payment Receipt Journal Sales o 3371a o run 3b4-9 2731- acep 2+67- Purchase 2731- Fl O: OåuVooctgs E: Autofill Change Mode More Details O: Related ¯ Repons Optional post -Dated J: Stat acep .337. ning 17523 ing j _id" : 1-01" 2+67- Unity Quit D: Delete x: Cancel Vch Adjustment El 2: Configure Mode Wind...
[keys] 'Share Expense{ENTER}' -> Tally 'TallyPrime:9000'
[shot] tds-110-P2-row1 (1024x768)
[19:16:20] [tds] screen tds-110-P2-row1 : x Y: Data cb TallyPrime MANAGE EDU K: Company Accounting Voucher Creation Pa ment No. 2 Account Cash Current balance: 800.00 Dr Particulars Share Expense Z: Exchange A Accept Q Search O: Import E: Export M: Share FinCom • ke Co p: print 20ct-26 Friday Amount Fl: Help Q: Date Company Ed: Contra F-5: Payment Receipt Journal Sales o 3371a o run 3b4-9 2731- acep 2+67- CurBal: 4,000.00 Dr Narration: Unity Quit Purchase 2731- Fl O: OåuVooctgs E: Autofill Change Mode More Details O: Related ¯ Repons Optional post -Dated J: Stat acep .337. ning 17523 ing j _id" : 1-01" 2+67- D: Delete x: Cancel Vch Ad...
[shot] tds-111-P2-row1-a-sub1 (1024x768)
[19:16:20] [tds] screen tds-111-P2-row1-a-sub1 : x Y: Data cb TallyPrime MANAGE EDU K: Company Accounting Voucher Creation Pa ment No. 2 Account Cash Current balance: 800.00 Dr Particulars Share Expense Z: Exchange A Accept Q Search O: Import E: Export M: Share FinCom • ke Co p: print 20ct-26 Friday Amount Fl: Help Q: Date Company Ed: Contra F-5: Payment Receipt Journal Sales o 3371a o run 3b4-9 2731- acep 2+67- CurBal: 4,000.00 Dr Narration: Unity Quit Purchase 2731- Fl O: OåuVooctgs E: Autofill Change Mode More Details O: Related ¯ Repons Optional post -Dated J: Stat acep .337. ning 17523 ing j _id" : 1-01" 2+67- D: Delete x: Cancel Vch Ad...
[keys] '300{ENTER}' -> Tally 'TallyPrime:9000'
[shot] tds-112-P2-row1-amt (1024x768)
[19:16:24] [tds] screen tds-112-P2-row1-amt : TallyPrime MANAGE EDU K: Company Cost Centre Allocations Unity Quit Y: Data Z: Exchange O: Import E: Export M: Share p: print x Fl: Help FinCom Spike Co Cost Allocations for : Share Expense Up to: 300.00 Dr Name of Cost Centre A Accept Q Search Amount o 3371a o run 3b4-9 2731- acep 2+67- 2731- acep .337. ning 17523 ing j _id" : 1-01" 2+67- Mode Windows Server 2025 Datacenter Build 26100.ge_release240331-1435 7:16 PM 10/8/2026
[shot] tds-113-P2-row1-bills1 (1024x768)
[19:16:25] [tds] screen tds-113-P2-row1-bills1 : TallyPrime MANAGE EDU K: Company Cost Centre Allocations Unity Quit Y: Data Z: Exchange O: Import E: Export M: Share p: print x Fl: Help FinCom Spike Co Cost Allocations for : Share Expense Up to: 300.00 Dr Name of Cost Centre A Accept Q Search Amount o 3371a o run 3b4-9 2731- acep 2+67- 2731- acep .337. ning 17523 ing j _id" : 1-01" 2+67- Mode Windows Server 2025 Datacenter Build 26100.ge_release240331-1435 7:16 PM 10/8/2026
[shot] tds-114-P2-row1-b-sub1 (1024x768)
[19:16:26] [tds] screen tds-114-P2-row1-b-sub1 : TallyPrime MANAGE EDU K: Company Cost Centre Allocations Unity Quit Y: Data Z: Exchange O: Import E: Export M: Share p: print x Fl: Help FinCom Spike Co Cost Allocations for : Share Expense Up to: 300.00 Dr Name of Cost Centre A Accept Q Search Amount o 3371a o run 3b4-9 2731- acep 2+67- 2731- acep .337. ning 17523 ing j _id" : 1-01" 2+67- Mode Windows Server 2025 Datacenter Build 26100.ge_release240331-1435 7:16 PM 10/8/2026
[keys] '^a' -> Tally 'TallyPrime:9000'
[shot] tds-115-P2-row1-b-sub-accept (1024x768)
[19:16:29] [tds] screen tds-115-P2-row1-b-sub-accept : x Y: Data cb 65 Unity TallyPrime MANAGE EDU K: Company Accounting Voucher Creation Pa ment No. 2 Account Cash Current balance: 500.00 Dr Particulars Share Expense Z: Exchange 300.00 Dr A Accept Q Search O: Import E: Export M: Share FinCom • ke Co p: print 20ct-26 Friday Amount 300.00 300.00 Fl: Help Q: Date Company Ed: Contra F-5: Payment Receipt : Journal Sales o 3371a o run 3b4-9 2731- acep 2+67- CurBal: 4,300.00 Dr Share Emp 1 Narration: Quit Purchase 2731- Fl O: OåuVooctgs E: Autofill Change Mode More Details O: Related ¯ Repons Optional post -Dated J: Stat acep .337. ning 17523 ing j _id"...
[shot] tds-116-P2-row1-b-sub2 (1024x768)
[19:16:30] [tds] screen tds-116-P2-row1-b-sub2 : x Y: Data cb 65 Unity TallyPrime MANAGE EDU K: Company Accounting Voucher Creation Pa ment No. 2 Account Cash Current balance: 500.00 Dr Particulars Share Expense Z: Exchange 300.00 Dr A Accept Q Search O: Import E: Export M: Share FinCom • ke Co p: print 20ct-26 Friday Amount 300.00 300.00 Fl: Help Q: Date Company Ed: Contra F-5: Payment Receipt : Journal Sales o 3371a o run 3b4-9 2731- acep 2+67- CurBal: 4,300.00 Dr Share Emp 1 Narration: Quit Purchase 2731- Fl O: OåuVooctgs E: Autofill Change Mode More Details O: Related ¯ Repons Optional post -Dated J: Stat acep .337. ning 17523 ing j _id"...
[keys] '{ENTER}' -> Tally 'TallyPrime:9000'
[shot] tds-117-P2-rows-done (1024x768)
[19:16:34] [tds] screen tds-117-P2-rows-done : x Y: Data cb TallyPrime MANAGE EDU K: Company Accounting Voucher Creation Pa ment No. 2 Account Cash Current balance: 500.00 Dr Particulars Share Expense Z: Exchange 300.00 Dr Accept Q Search O: Import E: Export M: Share FinCom • ke Co p: print 20ct-26 Friday Amount 300.00 300.00 Fl: Help Q: Date Company Ed: Contra F-5: Payment Receipt : Journal Sales o 3371a o run 3b4-9 2731- acep 2+67- CurBal: 4,300.00 Dr Share Emp 1 Narration: 65 Unity Quit Purchase 2731- Fl O: OåuVooctgs E: Autofill Change Mode More Details O: Related ¯ Repons Optional post -Dated J: Stat acep .337. ning 17523 ing j _id" :...
[shot] tds-118-P2-done-sub1 (1024x768)
[19:16:35] [tds] screen tds-118-P2-done-sub1 : x Y: Data cb TallyPrime MANAGE EDU K: Company Accounting Voucher Creation Pa ment No. 2 Account Cash Current balance: 500.00 Dr Particulars Share Expense Z: Exchange 300.00 Dr Accept Q Search O: Import E: Export M: Share FinCom • ke Co p: print 20ct-26 Friday Amount 300.00 300.00 Fl: Help Q: Date Company Ed: Contra F-5: Payment Receipt : Journal Sales o 3371a o run 3b4-9 2731- acep 2+67- CurBal: 4,300.00 Dr Share Emp 1 Narration: 65 Unity Quit Purchase 2731- Fl O: OåuVooctgs E: Autofill Change Mode More Details O: Related ¯ Repons Optional post -Dated J: Stat acep .337. ning 17523 ing j _id" :...
[keys] 'share payment expense{ENTER}' -> Tally 'TallyPrime:9000'
[shot] tds-119-P2-narr (1024x768)
[19:16:39] [tds] screen tds-119-P2-narr : Y: Data cb TallyPrime MANAGE EDU K: Company Accounting Voucher Creation Pa ment No. 2 Account Cash Current balance: 500.00 Dr Particulars Share Expense Z: Exchange FinCom 300.00 Dr A: Accept Q Search O: Import E: Export M: Share CurBal: 4,300.00 Dr Share Emp 1 Narration: share payment expense Unity Q: Quit p: print 20ct-26 Friday Amount 300.00 300.00 Accept Q Yes or No D: Delete X: Cancel Vch x Fl: Help F-2: Date F-3: Company F-4: Contra F-5: Payment F-6: Receipt F-7: Journal F-9: Purchase PIO: E: Autofill H: Change = Mode I: More - Details O: Related ¯ Repons L: Optional T: post = -Dated J: S...
[keys] '^a' -> Tally 'TallyPrime:9000'
[shot] tds-120-P2-accept1 (1024x768)
[19:16:43] [tds] screen tds-120-P2-accept1 : x Y: Data cb TallyPrime MANAGE EDU K: Company Accounting Voucher Creation Pa ment Account Current balance: Particulars Narration: Z: Exchange A Accept Q Search O: Import E: Export M: Share FinCom • ke Co p: print 20ct-26 Friday Amount Fl: Help Q: Date Company Ed: Contra F-5: Payment Receipt Journal Sales o 3371a o run 3b4-9 2731- acep 2+67- Purchase 2731- Fl O: OåuVooctgs E: Autofill Change Mode More Details O: Related ¯ Repons Optional post -Dated J: Stat acep .337. ning 17523 ing j _id" : 1-01" 2+67- Unity Quit D: Delete x: Cancel Vch Adjustment El 2: Configure Mode Windows Server 2025 Datac...
[shot] tds-121-P2-after1 (1024x768)
[19:16:44] [tds] screen tds-121-P2-after1 : x Y: Data cb TallyPrime MANAGE EDU K: Company Accounting Voucher Creation Pa ment Account Current balance: Particulars Narration: Z: Exchange A Accept Q Search O: Import E: Export M: Share FinCom • ke Co p: print 20ct-26 Friday Amount Fl: Help Q: Date Company Ed: Contra F-5: Payment Receipt Journal Sales o 3371a o run 3b4-9 2731- acep 2+67- Purchase 2731- Fl O: OåuVooctgs E: Autofill Change Mode More Details O: Related ¯ Repons Optional post -Dated J: Stat acep .337. ning 17523 ing j _id" : 1-01" 2+67- Unity Quit D: Delete x: Cancel Vch Adjustment El 2: Configure Mode Windows Server 2025 Datac...
[keys] '^a' -> Tally 'TallyPrime:9000'
[shot] tds-122-P2-accept2 (1024x768)
[19:16:49] [tds] screen tds-122-P2-accept2 : Unity TallyPrime MANAGE EDU K: Company Accounting Voucher Creation Q: Quit Y: Data Z: Exchange O: Import E: Export M: Share FinCom Spike Co p: print x Error Oops! No Entries in Voucher! x Fl: Help F-2: Date F-3: Company F-4: Contra F-5: Payment F-6: Receipt F-7: Journal F-9: Purchase PIO: E: Autofill H: Change = Mode I: More - Details O: Related ¯ Repons L: Optional T: post = -Dated J: Stat ¯ Adjustment F-12: Configure o 3371a o run 3b4-9 2731- acep 2+67- 2731- acep .337. ning 17523 ing j _id" : 1-01" 2+67- Mode IA _ : Accept Q Search p: Delete cancel vch I Windows Server 2025 Datacenter Build...
[shot] tds-123-P2-after2 (1024x768)
[19:16:50] [tds] screen tds-123-P2-after2 : Unity TallyPrime MANAGE EDU K: Company Accounting Voucher Creation Q: Quit Y: Data Z: Exchange O: Import E: Export M: Share FinCom Spike Co p: print x Error Oops! No Entries in Voucher! x Fl: Help F-2: Date F-3: Company F-4: Contra F-5: Payment F-6: Receipt F-7: Journal F-9: Purchase PIO: E: Autofill H: Change = Mode I: More - Details O: Related ¯ Repons L: Optional T: post = -Dated J: Stat ¯ Adjustment F-12: Configure o 3371a o run 3b4-9 2731- acep 2+67- 2731- acep .337. ning 17523 ing j _id" : 1-01" 2+67- Mode IA _ : Accept Q Search p: Delete cancel vch I Windows Server 2025 Datacenter Build...
[keys] '^a' -> Tally 'TallyPrime:9000'
[shot] tds-124-P2-accept3 (1024x768)
[19:16:54] [tds] screen tds-124-P2-accept3 : x Y: Data cb TallyPrime MANAGE EDU K: Company Accounting Voucher Creation Pa ment Cash Account Current balance: 500.00 Dr Particulars End of List Cur Bal: Narration: Z: Exchange A Accept Q Search FinCom • ke Co O: Import E: Export List of Led er Accounts Cash Share Bank M: Share p: print x Create Fl: Help Q: Date Company Ed: Contra F-5: Payment Receipt Journal Sales o 3371a o run 3b4-9 2731- acep 2+67- Purchase 2731- Fl O: OåuVooctgs E: Autofill Change Mode More Details O: Related ¯ Repons Optional post -Dated J: Stat acep .337. ning 17523 ing j _id" : 1-01" 2+67- Unity Quit D: Delete Cancel V...
[shot] tds-125-P2-after3 (1024x768)
[19:16:55] [tds] screen tds-125-P2-after3 : x Y: Data cb TallyPrime MANAGE EDU K: Company Accounting Voucher Creation Pa ment Account Cash Current balance: 500.00 Dr Particulars End of List Cur Bal: Narration: Z: Exchange A Accept Q Search FinCom • ke Co O: Import E: Export List of Led er Accounts Cash Share Bank M: Share p: print x Create Fl: Help Q: Date Company Ed: Contra F-5: Payment Receipt Journal Sales o 3371a o run 3b4-9 2731- acep 2+67- Purchase 2731- Fl O: OåuVooctgs E: Autofill Change Mode More Details O: Related ¯ Repons Optional post -Dated J: Stat acep .337. ning 17523 ing j _id" : 1-01" 2+67- Unity Quit D: Delete Cancel V...
[keys] '^a' -> Tally 'TallyPrime:9000'
[shot] tds-126-P2-accept4 (1024x768)
[19:17:00] [tds] screen tds-126-P2-accept4 : Unity TallyPrime MANAGE EDU K: Company Accounting Voucher Creation Q: Quit Y: Data Z: Exchange O: Import E: Export M: Share FinCom Spike Co p: print x Error Oops! No Entries in Voucher! x Fl: Help F-2: Date F-3: Company F-4: Contra F-5: Payment F-6: Receipt F-7: Journal F-9: Purchase PIO: E: Autofill H: Change = Mode I: More - Details O: Related ¯ Repons L: Optional T: post = -Dated J: Stat ¯ Adjustment F-12: Configure o 3371a o run 3b4-9 2731- acep 2+67- 2731- acep .337. ning 17523 ing j _id" : 1-01" 2+67- Mode IA _ : Accept Q Search p: Delete cancel vch I Windows Server 2025 Datacenter Build...
[shot] tds-127-P2-after4 (1024x768)
[19:17:01] [tds] screen tds-127-P2-after4 : Unity TallyPrime MANAGE EDU K: Company Accounting Voucher Creation Q: Quit Y: Data Z: Exchange O: Import E: Export M: Share FinCom Spike Co p: print x Error Oops! No Entries in Voucher! x Fl: Help F-2: Date F-3: Company F-4: Contra F-5: Payment F-6: Receipt F-7: Journal F-9: Purchase PIO: E: Autofill H: Change = Mode I: More - Details O: Related ¯ Repons L: Optional T: post = -Dated J: Stat ¯ Adjustment F-12: Configure o 3371a o run 3b4-9 2731- acep 2+67- 2731- acep .337. ning 17523 ing j _id" : 1-01" 2+67- Mode IA _ : Accept Q Search p: Delete cancel vch I Windows Server 2025 Datacenter Build...
[shot] tds-128-gw0 (1024x768)
[19:17:01] [tds] screen tds-128-gw0 : Unity TallyPrime MANAGE EDU K: Company Accounting Voucher Creation Q: Quit Y: Data Z: Exchange O: Import E: Export M: Share FinCom Spike Co p: print x Error Oops! No Entries in Voucher! x Fl: Help F-2: Date F-3: Company F-4: Contra F-5: Payment F-6: Receipt F-7: Journal F-9: Purchase PIO: E: Autofill H: Change = Mode I: More - Details O: Related ¯ Repons L: Optional T: post = -Dated J: Stat ¯ Adjustment F-12: Configure o 3371a o run 3b4-9 2731- acep 2+67- 2731- acep .337. ning 17523 ing j _id" : 1-01" 2+67- Mode IA _ : Accept Q Search p: Delete cancel vch I Windows Server 2025 Datacenter Build...
[keys] '{ESC}' -> Tally 'TallyPrime:9000'
[shot] tds-129-gw1 (1024x768)
[19:17:05] [tds] screen tds-129-gw1 : x Y: Data cb TallyPrime MANAGE EDU K: Company Accounting Voucher Creation Pa ment Cash Account Current balance: 500.00 Dr Particulars End of List Cur Bal: Narration: Z: Exchange A Accept Q Search FinCom • ke Co O: Import E: Export List of Led er Accounts Cash Share Bank M: Share p: print x Create Fl: Help Q: Date Company Ed: Contra F-5: Payment Receipt Journal Sales o 3371a o run 3b4-9 2731- acep 2+67- Purchase 2731- Fl O: OåuVooctgs E: Autofill Change Mode More Details O: Related ¯ Repons Optional post -Dated J: Stat acep .337. ning 17523 ing j _id" : 1-01" 2+67- Unity Quit D: Delete Cancel V...
[keys] '{ESC}' -> Tally 'TallyPrime:9000'
[shot] tds-130-gw2 (1024x768)
[19:17:09] [tds] screen tds-130-gw2 : x Y: Data cb TallyPrime MANAGE EDU K: Company Accounting Voucher Creation Pa ment Account Current balance: 500.00 Dr Particulars End of List Cur Bal: Narration: Z: Exchange A Accept Q Search FinCom • ke Co O: Import E: Export List of Led er Accounts Cash Share Bank M: Share p: print x Create Fl: Help Q: Date Company Ed: Contra F-5: Payment Receipt Journal Sales o 3371a o run 3b4-9 2731- acep 2+67- Purchase 2731- Fl O: OåuVooctgs E: Autofill Change Mode More Details O: Related ¯ Repons Optional post -Dated J: Stat acep .337. ning 17523 ing j _id" : 1-01" 2+67- Unity Quit D: Delete Cancel Vch Ad...
[keys] '{ESC}' -> Tally 'TallyPrime:9000'
[shot] tds-131-gw3 (1024x768)
[19:17:12] [tds] screen tds-131-gw3 : Y: Data cb TallyPrime MANAGE EDU K: Company Accounting Voucher Creation Pa ment Account Current balance: 500.00 Dr Particulars End of List Cur Bal: Narration: Z: Exchange A: Accept Q Search O: Import E: Export M: Share FinCom p: print 20ct-26 Friday Amount Quit o x Fl: Help F-2: Date F-3: Company F-4: Contra F-5: Payment F-6: Receipt F-7: Journal F-9: Purchase PIO: E: Autofill H: Change = Mode I: More - Details O: Related ¯ Repons L: Optional T: post = -Dated J: Stat ¯ Adjustment Unity Q: Quit D: Delete X: Cancel Vch Yes or No F-12: Configure o 3371a o run 3b4-9 2731- acep 2+67- 2731- acep .33...
[keys] 'y' -> Tally 'TallyPrime:9000'
[shot] tds-132-gw4 (1024x768)
[19:17:16] [tds] screen tds-132-gw4 : x TallyPrime MANAGE EDU K: Company Gatewa of Tall CURRENT PERIOD I-Apr-26 to 31-Mar-27 NAME OF COMPANY FinCom Spike Co Y: Data Z: Exchange CURRENT OATE Friday, 2-Oct-2026 O: Import E: Export M: Share p: print Fl: Help Date o 3371a Gateway of Tally MASTERS Create Alter CHart of Accounts TRANSACTIONS Vouchers Day 800K UTILITIES BaNking REPORTS Balance Sheet Profit & Loss A/c Stock Summary Ratio Analysis Display More Reports DashbOard Quit Unity Q 2-Oct-26 Search Company o run 3b4-9 2731- acep 2+67- 2731- acep .337. ning 17523 ing j _id" : 1-01" 2+67- Mode Windows Server 2025 Datacenter Build 261...
  voucher mid=1 aid=1 Journal/1/20260401 guid=2bbc8f60-fad7-4b8f-b633-510b49c07cf5-00000001 cancelled=False
  voucher mid=2 aid=2 Journal/2/20261001 guid=2bbc8f60-fad7-4b8f-b633-510b49c07cf5-00000002 cancelled=False
  voucher mid=3 aid=3 Journal/3/20261001 guid=2bbc8f60-fad7-4b8f-b633-510b49c07cf5-00000003 cancelled=False
  voucher mid=4 aid=4 Journal/4/20261001 guid=2bbc8f60-fad7-4b8f-b633-510b49c07cf5-00000004 cancelled=False
  voucher mid=5 aid=5 Journal/5/20261001 guid=2bbc8f60-fad7-4b8f-b633-510b49c07cf5-00000005 cancelled=False
  voucher mid=6 aid=6 Payroll/1/20261001 guid=2bbc8f60-fad7-4b8f-b633-510b49c07cf5-00000006 cancelled=False
  voucher mid=7 aid=7 Receipt/1/20261002 guid=2bbc8f60-fad7-4b8f-b633-510b49c07cf5-00000007 cancelled=False
  voucher mid=8 aid=8 Receipt/2/20261002 guid=2bbc8f60-fad7-4b8f-b633-510b49c07cf5-00000008 cancelled=False
  voucher mid=9 aid=9 Payment/1/20261002 guid=2bbc8f60-fad7-4b8f-b633-510b49c07cf5-00000009 cancelled=False
  voucher mid=10 aid=10 Payment/2/20261002 guid=2bbc8f60-fad7-4b8f-b633-510b49c07cf5-0000000a cancelled=False
  INFO share payment-expense (payment of an expense (no party)): Tally Payment 2 mid 10; stored party 'Cash' bills []; the line party '' bills []; lines voucher_accept_post x1, voucher_full x1
[19:17:19] ---- share contra: contra: cash into the bank
  voucher mid=1 aid=1 Journal/1/20260401 guid=2bbc8f60-fad7-4b8f-b633-510b49c07cf5-00000001 cancelled=False
  voucher mid=2 aid=2 Journal/2/20261001 guid=2bbc8f60-fad7-4b8f-b633-510b49c07cf5-00000002 cancelled=False
  voucher mid=3 aid=3 Journal/3/20261001 guid=2bbc8f60-fad7-4b8f-b633-510b49c07cf5-00000003 cancelled=False
  voucher mid=4 aid=4 Journal/4/20261001 guid=2bbc8f60-fad7-4b8f-b633-510b49c07cf5-00000004 cancelled=False
  voucher mid=5 aid=5 Journal/5/20261001 guid=2bbc8f60-fad7-4b8f-b633-510b49c07cf5-00000005 cancelled=False
  voucher mid=6 aid=6 Payroll/1/20261001 guid=2bbc8f60-fad7-4b8f-b633-510b49c07cf5-00000006 cancelled=False
  voucher mid=7 aid=7 Receipt/1/20261002 guid=2bbc8f60-fad7-4b8f-b633-510b49c07cf5-00000007 cancelled=False
  voucher mid=8 aid=8 Receipt/2/20261002 guid=2bbc8f60-fad7-4b8f-b633-510b49c07cf5-00000008 cancelled=False
  voucher mid=9 aid=9 Payment/1/20261002 guid=2bbc8f60-fad7-4b8f-b633-510b49c07cf5-00000009 cancelled=False
  voucher mid=10 aid=10 Payment/2/20261002 guid=2bbc8f60-fad7-4b8f-b633-510b49c07cf5-0000000a cancelled=False
[shot] tds-133-gw0 (1024x768)
[19:17:20] [tds] screen tds-133-gw0 : x TallyPrime MANAGE EDU K: Company Gatewa of Tall CURRENT PERIOD I-Apr-26 to 31-Mar-27 NAME OF COMPANY FinCom Spike Co Y: Data Z: Exchange CURRENT OATE Friday, 2-Oct-2026 O: Import E: Export M: Share p: print Fl: Help Date o 3371a Gateway of Tally MASTERS Create Alter CHart of Accounts TRANSACTIONS Vouchers Day 800K UTILITIES BaNking REPORTS Balance Sheet Profit & Loss A/c Stock Summary Ratio Analysis Display More Reports DashbOard Quit Unity Q 2-Oct-26 Search Company o run 3b4-9 2731- acep 2+67- 2731- acep .337. ning 17523 ing j _id" : 1-01" 2+67- Mode Windows Server 2025 Datacenter Build 261...
[shot] tds-134-C1-start (1024x768)
[19:17:21] [tds] screen tds-134-C1-start : x TallyPrime MANAGE EDU K: Company Gatewa of Tall CURRENT PERIOD I-Apr-26 to 31-Mar-27 NAME OF COMPANY FinCom Spike Co Y: Data Z: Exchange CURRENT OATE Friday, 2-Oct-2026 O: Import E: Export M: Share p: print Fl: Help Date o 3371a Gateway of Tally MASTERS Create Alter CHart of Accounts TRANSACTIONS Vouchers Day 800K UTILITIES BaNking REPORTS Balance Sheet Profit & Loss A/c Stock Summary Ratio Analysis Display More Reports DashbOard Quit Unity Q 2-Oct-26 Search Company o run 3b4-9 2731- acep 2+67- 2731- acep .337. ning 17523 ing j _id" : 1-01" 2+67- Mode Windows Server 2025 Datacenter Build 261...
[keys] 'v' -> Tally 'TallyPrime:9000'
[shot] tds-135-C1-vouchers (1024x768)
[19:17:25] [tds] screen tds-135-C1-vouchers : x Y: Data cb TallyPrime MANAGE EDU K: Company Accounting Voucher Creation Pa ment Account Current balance: Particulars Narration: Z: Exchange A Accept Q Search O: Import E: Export M: Share FinCom • ke Co p: print 20ct-26 Friday Amount Fl: Help Q: Date Company Ed: Contra F-5: Payment Receipt Journal Sales o 3371a o run 3b4-9 2731- acep 2+67- Purchase 2731- Fl O: OåuVooctgs E: Autofill Change Mode More Details O: Related ¯ Repons Optional post -Dated J: Stat acep .337. ning 17523 ing j _id" : 1-01" 2+67- Unity Quit D: Delete x: Cancel Vch Adjustment El 2: Configure Mode Windows Server 2025 Datac...
[keys] '{F4}' -> Tally 'TallyPrime:9000'
[shot] tds-136-C1-type (1024x768)
[19:17:29] [tds] screen tds-136-C1-type : x TallyPrime MANAGE EDU K: Company Accounting Voucher Creation Contra Account Current balance: Particulars Narration: Quit Y: Data Z: Exchange A Accept Q Search O: Import E: Export M: Share FinCom • ke Co p: print x 2-Oct-26 Friday Amount Fl: Help Date o 3371a Company o run F4: Contra F5: Payment Receipt Journal Sales 3b4-9 2731- acep 2+67- 2731- Purchase Fl 0: 0åHVouctg•s F: Autofill Change Mode More Details O: Related Reports L: Optional post -Dated acep .337. ning 17523 ing j _id" : 1-01" 2+67- Unity D: Delete x: Cancel Vch F12: Configure Mode Windows Server 2025 Datacenter Build 26100.ge_r...
[keys] '{F2}' -> Tally 'TallyPrime:9000'
[shot] tds-137-C1-date-box (1024x768)
[19:17:32] [tds] screen tds-137-C1-date-box : TallyPrime MANAGE EDU K: Company Change Voucher Date Unity Quit Y: Data Z: Exchange A Accept Q Search O: Import E: Export M: Share p: print x Fl: Help FinCom Spike Co Voucher Date 3-10-2026 o 3371a o run 3b4-9 2731- acep 2+67- 2731- acep .337. ning 17523 ing j _id" : 1-01" 2+67- Mode Windows Server 2025 Datacenter Build 26100.ge_release240331-1435 7:17 PM 10/8/2026
[keys] '2-10-2026{ENTER}' -> Tally 'TallyPrime:9000'
[shot] tds-138-C1-date (1024x768)
[19:17:36] [tds] screen tds-138-C1-date : x TallyPrime MANAGE EDU K: Company Accounting Voucher Creation Contra Account Current balance: Particulars Narration: Quit Y: Data Z: Exchange A Accept Q Search O: Import E: Export M: Share FinCom • ke Co p: print x 2-Oct-26 Friday Amount Fl: Help Date o 3371a Company o run F4: Contra F5: Payment Receipt Journal Sales 3b4-9 2731- acep 2+67- 2731- Purchase Fl 0: 0åHVouctg•s F: Autofill Change Mode More Details O: Related Reports L: Optional post -Dated acep .337. ning 17523 ing j _id" : 1-01" 2+67- Unity D: Delete x: Cancel Vch F12: Configure Mode Windows Server 2025 Datacenter Build 26100.ge_r...
[keys] 'Share Bank{ENTER}' -> Tally 'TallyPrime:9000'
[shot] tds-139-C1-account (1024x768)
[19:17:39] [tds] screen tds-139-C1-account : x TallyPrime MANAGE EDU K: Company Accounting Voucher Creation Contra Account Share Bank Current balance: Particulars Narration: Quit Y: Data Z: Exchange A Accept Q Search O: Import E: Export M: Share FinCom • ke Co p: print x 2-Oct-26 Friday Amount Fl: Help Date o 3371a Company o run F4: Contra F5: Payment Receipt Journal Sales 3b4-9 2731- acep 2+67- 2731- Purchase Fl 0: 0åHVouctg•s F: Autofill Change Mode More Details O: Related Reports L: Optional post -Dated acep .337. ning 17523 ing j _id" : 1-01" 2+67- Unity D: Delete x: Cancel Vch F12: Configure Mode Windows Server 2025 Datacenter Build...
[shot] tds-140-C1-acc-sub1 (1024x768)
[19:17:40] [tds] screen tds-140-C1-acc-sub1 : x TallyPrime MANAGE EDU K: Company Accounting Voucher Creation Contra Account Share Bank Current balance: Particulars Narration: Quit Y: Data Z: Exchange A Accept Q Search O: Import E: Export M: Share FinCom • ke Co p: print x 2-Oct-26 Friday Amount Fl: Help Date o 3371a Company o run F4: Contra F5: Payment Receipt Journal Sales 3b4-9 2731- acep 2+67- 2731- Purchase Fl 0: 0åHVouctg•s F: Autofill Change Mode More Details O: Related Reports L: Optional post -Dated acep .337. ning 17523 ing j _id" : 1-01" 2+67- Unity D: Delete x: Cancel Vch F12: Configure Mode Windows Server 2025 Datacenter Build...
[keys] 'Cash{ENTER}' -> Tally 'TallyPrime:9000'
[shot] tds-141-C1-row1 (1024x768)
[19:17:44] [tds] screen tds-141-C1-row1 : x TallyPrime MANAGE EDU K: Company Accounting Voucher Creation Contra Account Share Bank Current balance: Particulars Cash CurBal: 500.00 Dr Narration: Quit Y: Data Z: Exchange A Accept Q Search O: Import E: Export M: Share FinCom • ke Co p: print x 2-Oct-26 Friday Amount Fl: Help Date o 3371a Company o run F4: Contra F5: Payment Receipt Journal Sales 3b4-9 2731- acep 2+67- 2731- Purchase Fl 0: 0åHVouctg•s F: Autofill Change Mode More Details O: Related Reports L: Optional post -Dated acep .337. ning 17523 ing j _id" : 1-01" 2+67- Unity D: Delete x: Cancel Vch F12: Configure Mode Windows Serve...
[shot] tds-142-C1-row1-a-sub1 (1024x768)
[19:17:45] [tds] screen tds-142-C1-row1-a-sub1 : x TallyPrime MANAGE EDU K: Company Accounting Voucher Creation Contra Account Share Bank Current balance: Particulars Cash CurBal: 500.00 Dr Narration: Quit Y: Data Z: Exchange A Accept Q Search O: Import E: Export M: Share FinCom • ke Co p: print x 2-Oct-26 Friday Amount Fl: Help Date o 3371a Company o run F4: Contra F5: Payment Receipt Journal Sales 3b4-9 2731- acep 2+67- 2731- Purchase Fl 0: 0åHVouctg•s F: Autofill Change Mode More Details O: Related Reports L: Optional post -Dated acep .337. ning 17523 ing j _id" : 1-01" 2+67- Unity D: Delete x: Cancel Vch F12: Configure Mode Windows Serve...
[keys] '200{ENTER}' -> Tally 'TallyPrime:9000'
[shot] tds-143-C1-row1-amt (1024x768)
[19:17:49] [tds] screen tds-143-C1-row1-amt : x TallyPrime MANAGE EDU K: Company Accounting Voucher Creation Contra Account Share Bank Current balance: 200.00 Dr Particulars Cash CurBa1: 300.00 Dr Narration: Quit Y: Data Z: Exchange A Accept Q Search O: Import E: Export M: Share FinCom • ke Co p: print x 2-Oct-26 Friday Amount 200.00 200.00 Fl: Help Date o 3371a Company o run F4: Contra F5: Payment Receipt Journal Sales 3b4-9 2731- acep 2+67- 2731- Purchase Fl 0: 0åHVouctg•s F: Autofill Change Mode More Details O: Related Reports Optional post -Dated acep .337. ning 17523 ing j _id" : 1-01" 2+67- Unity D: Delete x: Cancel Vch F12: Configu...
[shot] tds-144-C1-row1-bills1 (1024x768)
[19:17:49] [tds] screen tds-144-C1-row1-bills1 : x TallyPrime MANAGE EDU K: Company Accounting Voucher Creation Contra Account Share Bank Current balance: 200.00 Dr Particulars Cash CurBa1: 300.00 Dr Narration: Quit Y: Data Z: Exchange A Accept Q Search O: Import E: Export M: Share FinCom • ke Co p: print x 2-Oct-26 Friday Amount 200.00 200.00 Fl: Help Date o 3371a Company o run F4: Contra F5: Payment Receipt Journal Sales 3b4-9 2731- acep 2+67- 2731- Purchase Fl 0: 0åHVouctg•s F: Autofill Change Mode More Details O: Related Reports Optional post -Dated acep .337. ning 17523 ing j _id" : 1-01" 2+67- Unity D: Delete x: Cancel Vch F12: Configu...
[shot] tds-145-C1-row1-b-sub1 (1024x768)
[19:17:50] [tds] screen tds-145-C1-row1-b-sub1 : x TallyPrime MANAGE EDU K: Company Accounting Voucher Creation Contra Account Share Bank Current balance: 200.00 Dr Particulars Cash CurBa1: 300.00 Dr Narration: Quit Y: Data Z: Exchange A Accept Q Search O: Import E: Export M: Share FinCom • ke Co p: print x 2-Oct-26 Friday Amount 200.00 200.00 Fl: Help Date o 3371a Company o run F4: Contra F5: Payment Receipt Journal Sales 3b4-9 2731- acep 2+67- 2731- Purchase Fl 0: 0åHVouctg•s F: Autofill Change Mode More Details O: Related Reports Optional post -Dated acep .337. ning 17523 ing j _id" : 1-01" 2+67- Unity D: Delete x: Cancel Vch F12: Configu...
[keys] '{ENTER}' -> Tally 'TallyPrime:9000'
[shot] tds-146-C1-rows-done (1024x768)
[19:17:54] [tds] screen tds-146-C1-rows-done : x TallyPrime MANAGE EDU K: Company Accounting Voucher Creation Contra Account Share Bank Current balance: 200.00 Dr Particulars Cash CurBal: 300.00 Dr Narration: Quit Y: Data Z: Exchange A Accept Q Search O: Import E: Export M: Share FinCom • ke Co p: print x 2-Oct-26 Friday Amount 200.00 200.00 Fl: Help Date o 3371a Company o run F4: Contra F5: Payment Receipt Journal Sales 3b4-9 2731- acep 2+67- 2731- Purchase Fl 0: 0åHVouctg•s F: Autofill Change Mode More Details O: Related Reports Optional post -Dated acep .337. ning 17523 ing j _id" : 1-01" 2+67- Unity D: Delete x: Cancel Vch F12: Configu...
[shot] tds-147-C1-done-sub1 (1024x768)
[19:17:55] [tds] screen tds-147-C1-done-sub1 : x TallyPrime MANAGE EDU K: Company Accounting Voucher Creation Contra Account Share Bank Current balance: 200.00 Dr Particulars Cash CurBal: 300.00 Dr Narration: Quit Y: Data Z: Exchange A Accept Q Search O: Import E: Export M: Share FinCom • ke Co p: print x 2-Oct-26 Friday Amount 200.00 200.00 Fl: Help Date o 3371a Company o run F4: Contra F5: Payment Receipt Journal Sales 3b4-9 2731- acep 2+67- 2731- Purchase Fl 0: 0åHVouctg•s F: Autofill Change Mode More Details O: Related Reports Optional post -Dated acep .337. ning 17523 ing j _id" : 1-01" 2+67- Unity D: Delete x: Cancel Vch F12: Configu...
[keys] 'share contra{ENTER}' -> Tally 'TallyPrime:9000'
[shot] tds-148-C1-narr (1024x768)
[19:17:59] [tds] screen tds-148-C1-narr : x TallyPrime MANAGE EDU K: Company Bank Allocations Quit Y: Data Z: Exchange O: Import E: Export M: Share p: print Fl: Help x FinCom Spike Co Bank Allocations for: Share Bank For: 200.00 Inst Date Transacion Type Cash Inst No. Bank Name: Accept Amount 200.00 2-OctQ6 o 3371a o run 3b4-9 2731- acep 2+67- 2731- acep .337. ning 17523 ing j _id" : 1-01" 2+67- Unity Q Search Configure Mode Windows Server 2025 Datacenter Build 26100.ge_release240331-1435 7:17 PM 10/8/2026
[keys] '^a' -> Tally 'TallyPrime:9000'
[shot] tds-149-C1-accept1 (1024x768)
[19:18:03] [tds] screen tds-149-C1-accept1 : x Y: Data 65 Unity TallyPrime MANAGE EDU K: Company Accounting Voucher Creation Contra Account Share Bank Current balance: 200.00 Dr Particulars Cash CurBal: 300.00 Dr Narration: Quit Z: Exchange Accept Q Search O: Import E: Export M: Share FinCom • ke Co p: print x 2-Oct-26 Friday Amount 200.00 200.00 Fl: Help Date o 3371a Company o run F4: Contra F5: Payment Receipt Journal Sales 3b4-9 2731- acep 2+67- 2731- Purchase Fl 0: 0åHVouctg•s F: Autofill Change Mode More Details O: Related Reports Optional post -Dated acep .337. ning 17523 ing j _id" : 1-01" 2+67- D: Delete x: Cancel Vch F12: Config...
[shot] tds-150-C1-after1 (1024x768)
[19:18:04] [tds] screen tds-150-C1-after1 : x Y: Data 65 Unity TallyPrime MANAGE EDU K: Company Accounting Voucher Creation Contra Account Share Bank Current balance: 200.00 Dr Particulars Cash CurBal: 300.00 Dr Narration: Quit Z: Exchange Accept Q Search O: Import E: Export M: Share FinCom • ke Co p: print x 2-Oct-26 Friday Amount 200.00 200.00 Fl: Help Date o 3371a Company o run F4: Contra F5: Payment Receipt Journal Sales 3b4-9 2731- acep 2+67- 2731- Purchase Fl 0: 0åHVouctg•s F: Autofill Change Mode More Details O: Related Reports Optional post -Dated acep .337. ning 17523 ing j _id" : 1-01" 2+67- D: Delete x: Cancel Vch F12: Config...
[keys] '^a' -> Tally 'TallyPrime:9000'
[shot] tds-151-C1-accept2 (1024x768)
[19:18:09] [tds] screen tds-151-C1-accept2 : x TallyPrime MANAGE EDU K: Company Accounting Voucher Creation Contra No. 2 Account Current balance: Particulars Narration: Quit Y: Data Z: Exchange A Accept Q Search O: Import E: Export M: Share FinCom • ke Co p: print x 2-Oct-26 Friday Amount Fl: Help Date o 3371a Company o run F4: Contra F5: Payment Receipt Journal Sales 3b4-9 2731- acep 2+67- 2731- Purchase Fl 0: 0åHVouctg•s F: Autofill Change Mode More Details O: Related Reports L: Optional post -Dated acep .337. ning 17523 ing j _id" : 1-01" 2+67- Unity D: Delete x: Cancel Vch F12: Configure Mode Windows Server 2025 Datacenter Build 2610...
[shot] tds-152-C1-after2 (1024x768)
[19:18:10] [tds] screen tds-152-C1-after2 : x TallyPrime MANAGE EDU K: Company Accounting Voucher Creation Contra No. 2 Account Current balance: Particulars Narration: Quit Y: Data Z: Exchange A Accept Q Search O: Import E: Export M: Share FinCom • ke Co p: print x 2-Oct-26 Friday Amount Fl: Help Date o 3371a Company o run F4: Contra F5: Payment Receipt Journal Sales 3b4-9 2731- acep 2+67- 2731- Purchase Fl 0: 0åHVouctg•s F: Autofill Change Mode More Details O: Related Reports L: Optional post -Dated acep .337. ning 17523 ing j _id" : 1-01" 2+67- Unity D: Delete x: Cancel Vch F12: Configure Mode Windows Server 2025 Datacenter Build 2610...
[keys] '^a' -> Tally 'TallyPrime:9000'
[shot] tds-153-C1-accept3 (1024x768)
[19:18:14] [tds] screen tds-153-C1-accept3 : Unity TallyPrime MANAGE EDU K: Company Accounting Voucher Creation Q: Quit Y: Data Z: Exchange O: Import E: Export M: Share FinCom Spike Co p: print x Error Oops! No Entries in Voucher! p: Delete x Fl: Help F2: Date F3: Company F4: Contra F5: Payment F6: Receipt F7: Journal F8: Sales F9: Purchase F: Autofill H: Change Mode l: More Details O: Related Reports k: Optional T: post -Dated F 12: Configure o 3371a o run 3b4-9 2731- acep 2+67- 2731- acep .337. ning 17523 ing j _id" : 1-01" 2+67- Mode IA _ : Accept Q Search cancel vch I Windows Server 2025 Datacenter Build 26100.ge_release240331-1435 7...
[shot] tds-154-C1-after3 (1024x768)
[19:18:15] [tds] screen tds-154-C1-after3 : Unity TallyPrime MANAGE EDU K: Company Accounting Voucher Creation Q: Quit Y: Data Z: Exchange O: Import E: Export M: Share FinCom Spike Co p: print x Error Oops! No Entries in Voucher! p: Delete x Fl: Help F2: Date F3: Company F4: Contra F5: Payment F6: Receipt F7: Journal F8: Sales F9: Purchase F: Autofill H: Change Mode l: More Details O: Related Reports k: Optional T: post -Dated F 12: Configure o 3371a o run 3b4-9 2731- acep 2+67- 2731- acep .337. ning 17523 ing j _id" : 1-01" 2+67- Mode IA _ : Accept Q Search cancel vch I Windows Server 2025 Datacenter Build 26100.ge_release240331-1435 7...
[keys] '^a' -> Tally 'TallyPrime:9000'
[shot] tds-155-C1-accept4 (1024x768)
[19:18:20] [tds] screen tds-155-C1-accept4 : x TallyPrime MANAGE EDU K: Company Accounting Voucher Creation Contra No. 2 Cash Account Current balance: 300.00 Dr Particulars End of List Cur Bal: Narration: Quit Y: Data Z: Exchange A Accept Q Search FinCom • ke Co O: Import E: Export List of Led er Accounts Cash Share Bank M: Share p: print x Create Fl: Help Date o 3371a Company o run F4: Contra F5: Payment Receipt Journal Sales 3b4-9 2731- acep 2+67- 2731- Purchase Fl 0: 0åHVouctg•s F: Autofill Change Mode More Details O: Related Reports L: Optional post -Dated acep .337. ning 17523 ing j _id" : 1-01" 2+67- Unity D: Delete Cancel Vch Conf...
[shot] tds-156-C1-after4 (1024x768)
[19:18:21] [tds] screen tds-156-C1-after4 : x TallyPrime MANAGE EDU K: Company Accounting Voucher Creation Contra No. 2 Cash Account Current balance: 300.00 Dr Particulars End of List Cur Bal: Narration: Quit Y: Data Z: Exchange A Accept Q Search FinCom • ke Co O: Import E: Export List of Led er Accounts Cash Share Bank M: Share p: print x Create Fl: Help Date o 3371a Company o run F4: Contra F5: Payment Receipt Journal Sales 3b4-9 2731- acep 2+67- 2731- Purchase Fl 0: 0åHVouctg•s F: Autofill Change Mode More Details O: Related Reports L: Optional post -Dated acep .337. ning 17523 ing j _id" : 1-01" 2+67- Unity D: Delete Cancel Vch Conf...
[shot] tds-157-gw0 (1024x768)
[19:18:22] [tds] screen tds-157-gw0 : x TallyPrime MANAGE EDU K: Company Accounting Voucher Creation Contra No. 2 Account Cash Current balance: 300.00 Dr Particulars End of List Cur Bal: Narration: Quit Y: Data Z: Exchange A Accept Q Search FinCom • ke Co O: Import E: Export List of Led er Accounts Cash Share Bank M: Share p: print x Create Fl: Help Date o 3371a Company o run F4: Contra F5: Payment Receipt Journal Sales 3b4-9 2731- acep 2+67- 2731- Purchase Fl 0: 0åHVouctg•s F: Autofill Change Mode More Details O: Related Reports L: Optional post -Dated acep .337. ning 17523 ing j _id" : 1-01" 2+67- Unity D: Delete Cancel Vch Conf...
[keys] '{ESC}' -> Tally 'TallyPrime:9000'
[shot] tds-158-gw1 (1024x768)
[19:18:25] [tds] screen tds-158-gw1 : x TallyPrime MANAGE EDU K: Company Accounting Voucher Creation Contra No. 2 Account Current balance: 300.00 Dr Particulars End of List Cur Bal: Narration: Quit Y: Data Z: Exchange A Accept Q Search FinCom • ke Co O: Import E: Export List of Led er Accounts Cash Share Bank M: Share p: print x Create Fl: Help Date o 3371a Company o run F4: Contra F5: Payment Receipt Journal Sales 3b4-9 2731- acep 2+67- 2731- Purchase Fl 0: 0åHVouctg•s F: Autofill Change Mode More Details O: Related Reports L: Optional post -Dated acep .337. ning 17523 ing j _id" : 1-01" 2+67- Unity D: Delete Cancel Vch Configure...
[keys] '{ESC}' -> Tally 'TallyPrime:9000'
[shot] tds-159-gw2 (1024x768)
[19:18:29] [tds] screen tds-159-gw2 : Unity TallyPrime MANAGE EDU K: Company Accounting Voucher Creation Contra No. 2 Account Current balance: 300.00 Dr Particulars End of List Cur Bal: Narration: Q: Quit Y: Data Z: Exchange A: Accept Q Search O: Import E: Export M: Share FinCom p: print x 2-Oct-26 Friday Amount Quit o Yes or No D: Delete X: Cancel Vch x Fl: Help F2: Date F3: Company F4: Contra F5: Payment F6: Receipt F7: Journal F8: Sales F9: Purchase F: Autofill H: Change Mode l: More Details O: Related Reports k: Optional T: post -Dated Fl 2: Configure o 3371a o run 3b4-9 2731- acep 2+67- 2731- acep .337. ning 17523 ing j _id" ...
[keys] 'y' -> Tally 'TallyPrime:9000'
[shot] tds-160-gw3 (1024x768)
[19:18:32] [tds] screen tds-160-gw3 : x TallyPrime MANAGE EDU K: Company Gatewa of Tall CURRENT PERIOD I-Apr-26 to 31-Mar-27 NAME OF COMPANY FinCom Spike Co Y: Data Z: Exchange CURRENT OATE Friday, 2-Oct-2026 O: Import E: Export M: Share p: print Fl: Help Date o 3371a Gateway of Tally MASTERS Create Alter CHart of Accounts TRANSACTIONS Vouchers Day 800K UTILITIES BaNking REPORTS Balance Sheet Profit & Loss A/c Stock Summary Ratio Analysis Display More Reports DashbOard Quit Unity Q 2-Oct-26 Search Company o run 3b4-9 2731- acep 2+67- 2731- acep .337. ning 17523 ing j _id" : 1-01" 2+67- Mode Windows Server 2025 Datacenter Build 261...
  voucher mid=1 aid=1 Journal/1/20260401 guid=2bbc8f60-fad7-4b8f-b633-510b49c07cf5-00000001 cancelled=False
  voucher mid=2 aid=2 Journal/2/20261001 guid=2bbc8f60-fad7-4b8f-b633-510b49c07cf5-00000002 cancelled=False
  voucher mid=3 aid=3 Journal/3/20261001 guid=2bbc8f60-fad7-4b8f-b633-510b49c07cf5-00000003 cancelled=False
  voucher mid=4 aid=4 Journal/4/20261001 guid=2bbc8f60-fad7-4b8f-b633-510b49c07cf5-00000004 cancelled=False
  voucher mid=5 aid=5 Journal/5/20261001 guid=2bbc8f60-fad7-4b8f-b633-510b49c07cf5-00000005 cancelled=False
  voucher mid=6 aid=6 Payroll/1/20261001 guid=2bbc8f60-fad7-4b8f-b633-510b49c07cf5-00000006 cancelled=False
  voucher mid=7 aid=7 Receipt/1/20261002 guid=2bbc8f60-fad7-4b8f-b633-510b49c07cf5-00000007 cancelled=False
  voucher mid=8 aid=8 Receipt/2/20261002 guid=2bbc8f60-fad7-4b8f-b633-510b49c07cf5-00000008 cancelled=False
  voucher mid=9 aid=9 Payment/1/20261002 guid=2bbc8f60-fad7-4b8f-b633-510b49c07cf5-00000009 cancelled=False
  voucher mid=10 aid=10 Payment/2/20261002 guid=2bbc8f60-fad7-4b8f-b633-510b49c07cf5-0000000a cancelled=False
  voucher mid=11 aid=11 Contra/1/20261002 guid=2bbc8f60-fad7-4b8f-b633-510b49c07cf5-0000000b cancelled=False
  INFO share contra (contra: cash into the bank): Tally Contra 1 mid 11; stored party 'Cash' bills []; the line party '' bills []; lines voucher_accept_post x1, voucher_full x1
[19:18:36] ---- share journal-party: journal with a party (Share Expense Dr / Share Supplier Cr, New Ref JN-1)
  voucher mid=1 aid=1 Journal/1/20260401 guid=2bbc8f60-fad7-4b8f-b633-510b49c07cf5-00000001 cancelled=False
  voucher mid=2 aid=2 Journal/2/20261001 guid=2bbc8f60-fad7-4b8f-b633-510b49c07cf5-00000002 cancelled=False
  voucher mid=3 aid=3 Journal/3/20261001 guid=2bbc8f60-fad7-4b8f-b633-510b49c07cf5-00000003 cancelled=False
  voucher mid=4 aid=4 Journal/4/20261001 guid=2bbc8f60-fad7-4b8f-b633-510b49c07cf5-00000004 cancelled=False
  voucher mid=5 aid=5 Journal/5/20261001 guid=2bbc8f60-fad7-4b8f-b633-510b49c07cf5-00000005 cancelled=False
  voucher mid=6 aid=6 Payroll/1/20261001 guid=2bbc8f60-fad7-4b8f-b633-510b49c07cf5-00000006 cancelled=False
  voucher mid=7 aid=7 Receipt/1/20261002 guid=2bbc8f60-fad7-4b8f-b633-510b49c07cf5-00000007 cancelled=False
  voucher mid=8 aid=8 Receipt/2/20261002 guid=2bbc8f60-fad7-4b8f-b633-510b49c07cf5-00000008 cancelled=False
  voucher mid=9 aid=9 Payment/1/20261002 guid=2bbc8f60-fad7-4b8f-b633-510b49c07cf5-00000009 cancelled=False
  voucher mid=10 aid=10 Payment/2/20261002 guid=2bbc8f60-fad7-4b8f-b633-510b49c07cf5-0000000a cancelled=False
  voucher mid=11 aid=11 Contra/1/20261002 guid=2bbc8f60-fad7-4b8f-b633-510b49c07cf5-0000000b cancelled=False
[shot] tds-161-gw0 (1024x768)
[19:18:36] [tds] screen tds-161-gw0 : x TallyPrime MANAGE EDU K: Company Gatewa of Tall CURRENT PERIOD I-Apr-26 to 31-Mar-27 NAME OF COMPANY FinCom Spike Co Y: Data Z: Exchange CURRENT OATE Friday, 2-Oct-2026 O: Import E: Export M: Share p: print Fl: Help Date o 3371a Gateway of Tally MASTERS Create Alter CHart of Accounts TRANSACTIONS Vouchers Day 800K UTILITIES BaNking REPORTS Balance Sheet Profit & Loss A/c Stock Summary Ratio Analysis Display More Reports DashbOard Quit Unity Q 2-Oct-26 Search Company o run 3b4-9 2731- acep 2+67- 2731- acep .337. ning 17523 ing j _id" : 1-01" 2+67- Mode Windows Server 2025 Datacenter Build 261...
[shot] tds-162-J1-start (1024x768)
[19:18:37] [tds] screen tds-162-J1-start : x TallyPrime MANAGE EDU K: Company Gatewa of Tall CURRENT PERIOD I-Apr-26 to 31-Mar-27 NAME OF COMPANY FinCom Spike Co Y: Data Z: Exchange CURRENT OATE Friday, 2-Oct-2026 O: Import E: Export M: Share p: print Fl: Help Date o 3371a Gateway of Tally MASTERS Create Alter CHart of Accounts TRANSACTIONS Vouchers Day 800K UTILITIES BaNking REPORTS Balance Sheet Profit & Loss A/c Stock Summary Ratio Analysis Display More Reports DashbOard Quit Unity Q 2-Oct-26 Search Company o run 3b4-9 2731- acep 2+67- 2731- acep .337. ning 17523 ing j _id" : 1-01" 2+67- Mode Windows Server 2025 Datacenter Build 261...
[keys] 'v' -> Tally 'TallyPrime:9000'
[shot] tds-163-J1-vouchers (1024x768)
[19:18:41] [tds] screen tds-163-J1-vouchers : x TallyPrime MANAGE EDU K: Company Accounting Voucher Creation Contra No. 2 Account Current balance: Particulars Narration: Quit Y: Data Z: Exchange A Accept Q Search O: Import E: Export M: Share FinCom • ke Co p: print x 2-Oct-26 Friday Amount Fl: Help Date o 3371a Company o run F4: Contra F5: Payment Receipt Journal Sales 3b4-9 2731- acep 2+67- 2731- Purchase Fl 0: 0åHVouctg•s F: Autofill Change Mode More Details O: Related Reports L: Optional post -Dated acep .337. ning 17523 ing j _id" : 1-01" 2+67- Unity D: Delete x: Cancel Vch F12: Configure Mode Windows Server 2025 Datacenter Build 2610...
[keys] '{F7}' -> Tally 'TallyPrime:9000'
[shot] tds-164-J1-type (1024x768)
[19:18:46] [tds] screen tds-164-J1-type : x Y: Data cb Unity TallyPrime MANAGE EDU K: Company Accounting Voucher Creation Journal Particulars By Narration: Quit Z: Exchange A Accept Q Search FinCom • ke Co O: Import E: Export List of Led er Accounts Profit & Loss Alc Share Basic Share Expense Share HRA Share Party Share Purchase Share Salary Payable Share Sales Share Supplier Spike Income Spike Party Spike Party 2 Ul Party M: Share p: print x Create Show More Fl: Help Q: Date Company Ed: Contra Payment Receipt F-7: Journal Sales o 3371a o run 3b4-9 2731- acep 2+67- Purchase 2731- Fl O: OåuVooctgs E: Autofill H: Change = Mode More Deta...
[keys] '{F2}' -> Tally 'TallyPrime:9000'
[shot] tds-165-J1-date-box (1024x768)
[19:18:49] [tds] screen tds-165-J1-date-box : TallyPrime MANAGE EDU K: Company Change Voucher Date Unity Quit Y: Data Z: Exchange A Accept Q Search O: Import E: Export M: Share p: print x Fl: Help FinCom Spike Co Voucher Date 3-10-2026 o 3371a o run 3b4-9 2731- acep 2+67- 2731- acep .337. ning 17523 ing j _id" : 1-01" 2+67- Mode Windows Server 2025 Datacenter Build 26100.ge_release240331-1435 7:18 PM 10/8/2026
[keys] '2-10-2026{ENTER}' -> Tally 'TallyPrime:9000'
[shot] tds-166-J1-date (1024x768)
[19:18:52] [tds] screen tds-166-J1-date : x Y: Data cb Unity TallyPrime MANAGE EDU K: Company Accounting Voucher Creation Journal Particulars By Narration: Quit Z: Exchange A Accept Q Search FinCom • ke Co O: Import E: Export List of Led er Accounts Profit & Loss Alc Share Basic Share Expense Share HRA Share Party Share Purchase Share Salary Payable Share Sales Share Supplier Spike Income Spike Party Spike Party 2 Ul Party M: Share p: print x Create Show More Fl: Help Q: Date Company Ed: Contra Payment Receipt F-7: Journal Sales o 3371a o run 3b4-9 2731- acep 2+67- Purchase 2731- Fl O: OåuVooctgs E: Autofill H: Change = Mode More Deta...
[keys] 'Share Expense{ENTER}' -> Tally 'TallyPrime:9000'
[shot] tds-167-J1-row1 (1024x768)
[19:18:56] [tds] screen tds-167-J1-row1 : x TallyPrime MANAGE EDU K: Company Accounting Voucher Creation Journal Y: Data cb Unity Z: Exchange A Accept Q Search O: Import E: Export FinCom • ke Co M: Share Debit p: print x 2-Oct-26 Friday Credit By By Particulars Share Expense CurBal: 4,300.00 Dr Fl: Help Q: Date Company Ed: Contra Payment Receipt F-7: Journal Sales o 3371a o run 3b4-9 2731- acep 2+67- Purchase 2731- Fl O: OåuVooctgs E: Autofill H: Change = Mode More Details O: Related ¯ Repons Optional post -Dated J: Stat acep .337. ning 17523 ing j _id" : 1-01" 2+67- Narration: Quit D: Delete x: Cancel Vch Adjustment El 2: Configure M...
[shot] tds-168-J1-row1-a-sub1 (1024x768)
[19:18:57] [tds] screen tds-168-J1-row1-a-sub1 : x TallyPrime MANAGE EDU K: Company Accounting Voucher Creation Journal Y: Data cb Unity Z: Exchange A Accept Q Search O: Import E: Export FinCom • ke Co M: Share Debit p: print x 2-Oct-26 Friday Credit By By Particulars Share Expense CurBal: 4,300.00 Dr Fl: Help Q: Date Company Ed: Contra Payment Receipt F-7: Journal Sales o 3371a o run 3b4-9 2731- acep 2+67- Purchase 2731- Fl O: OåuVooctgs E: Autofill H: Change = Mode More Details O: Related ¯ Repons Optional post -Dated J: Stat acep .337. ning 17523 ing j _id" : 1-01" 2+67- Narration: Quit D: Delete x: Cancel Vch Adjustment El 2: Configure M...
[keys] '600{ENTER}' -> Tally 'TallyPrime:9000'
[shot] tds-169-J1-row1-amt (1024x768)
[19:19:01] [tds] screen tds-169-J1-row1-amt : TallyPrime MANAGE EDU K: Company Cost Centre Allocations Unity Quit Y: Data Z: Exchange O: Import E: Export M: Share p: print x Fl: Help FinCom Spike Co Cost Allocations for : Share Expense Up to: 600.00 Dr Name of Cost Centre Ehare Em 1 A Accept Q Search Amount 600.00 600.00 o 3371a o run 3b4-9 2731- acep 2+67- 2731- acep .337. ning 17523 ing j _id" : 1-01" 2+67- Mode Windows Server 2025 Datacenter Build 26100.ge_release240331-1435 7:19 PM 10/8/2026
[shot] tds-170-J1-row1-bills1 (1024x768)
[19:19:02] [tds] screen tds-170-J1-row1-bills1 : TallyPrime MANAGE EDU K: Company Cost Centre Allocations Unity Quit Y: Data Z: Exchange O: Import E: Export M: Share p: print x Fl: Help FinCom Spike Co Cost Allocations for : Share Expense Up to: 600.00 Dr Name of Cost Centre Share Em 1 A Accept Q Search Amount 600.00 600.00 o 3371a o run 3b4-9 2731- acep 2+67- 2731- acep .337. ning 17523 ing j _id" : 1-01" 2+67- Mode Windows Server 2025 Datacenter Build 26100.ge_release240331-1435 7:19 PM 10/8/2026
[shot] tds-171-J1-row1-b-sub1 (1024x768)
[19:19:02] [tds] screen tds-171-J1-row1-b-sub1 : TallyPrime MANAGE EDU K: Company Cost Centre Allocations Unity Quit Y: Data Z: Exchange O: Import E: Export M: Share p: print x Fl: Help FinCom Spike Co Cost Allocations for : Share Expense Up to: 600.00 Dr Name of Cost Centre Share Em 1 A Accept Q Search Amount 600.00 600.00 o 3371a o run 3b4-9 2731- acep 2+67- 2731- acep .337. ning 17523 ing j _id" : 1-01" 2+67- Mode Windows Server 2025 Datacenter Build 26100.ge_release240331-1435 7:19 PM 10/8/2026
[keys] '^a' -> Tally 'TallyPrime:9000'
[shot] tds-172-J1-row1-b-sub-accept (1024x768)
[19:19:06] [tds] screen tds-172-J1-row1-b-sub-accept : x Y: Data cb TallyPrime MANAGE EDU K: Company Accounting Voucher Creation Journal Z: Exchange 600.00 Dr A Accept Q Search O: Import E: Export M: Share FinCom • ke Co p: print x 2-Oct-26 Friday Credit By Particulars Share Expense CurBal: 4,900.00 Dr Share Emp 1 Debit 600.00 600.00 Fl: Help Q: Date Company Ed: Contra Payment Receipt F-7: Journal Sales o 3371a o run 3b4-9 2731- acep 2+67- Purchase 2731- Fl O: OåuVooctgs E: Autofill H: Change = Mode More Details O: Related ¯ Repons Optional post -Dated J: Stat acep .337. ning 17523 ing j _id" : 1-01" 2+67- Narration: Unity Quit D: Delete x: Cancel...
[shot] tds-173-J1-row1-b-sub2 (1024x768)
[19:19:07] [tds] screen tds-173-J1-row1-b-sub2 : x Y: Data cb TallyPrime MANAGE EDU K: Company Accounting Voucher Creation Journal Z: Exchange 600.00 Dr A Accept Q Search O: Import E: Export M: Share FinCom • ke Co p: print x 2-Oct-26 Friday Credit By Particulars Share Expense CurBal: 4,900.00 Dr Share Emp 1 Debit 600.00 600.00 Fl: Help Q: Date Company Ed: Contra Payment Receipt F-7: Journal Sales o 3371a o run 3b4-9 2731- acep 2+67- Purchase 2731- Fl O: OåuVooctgs E: Autofill H: Change = Mode More Details O: Related ¯ Repons Optional post -Dated J: Stat acep .337. ning 17523 ing j _id" : 1-01" 2+67- Narration: Unity Quit D: Delete x: Cancel...
[shot] tds-174-J1-row2-before (1024x768)
[19:19:08] [tds] screen tds-174-J1-row2-before : x TallyPrime MANAGE EDU K: Company Accounting Voucher Creation Journal Y: Data cb Unity Z: Exchange 600.00 Dr A Accept Q Search O: Import E: Export M: Share FinCom • ke Co p: print x 2-Oct-26 Friday Credit By Particulars Share Expense CurBal: 4,900.00 Dr Share Emp 1 Debit 600.00 600.00 Fl: Help Q: Date Company Ed: Contra Payment Receipt F-7: Journal Sales o 3371a o run 3b4-9 2731- acep 2+67- Purchase 2731- Fl O: OåuVooctgs E: Autofill H: Change = Mode More Details O: Related ¯ Repons Optional post -Dated J: Stat acep .337. ning 17523 ing j _id" : 1-01" 2+67- Narration: Quit D: Delete x: Cancel...
[keys] 'To{ENTER}' -> Tally 'TallyPrime:9000'
[shot] tds-175-J1-row2-to (1024x768)
[19:19:11] [tds] screen tds-175-J1-row2-to : x Y: Data cb TallyPrime MANAGE EDU K: Company Accounting Voucher Creation Journal Z: Exchange 600.00 Dr A Accept Q Search FinCom • ke Co O: Import E: Export List of Led er Accounts Profit & Loss Alc Share Basic Share Expense Share HRA Share Party Share Purchase Share Salary Payable Share Sales Share Supplier Spike Income Spike Party Spike Party 2 Ul Party M: Share p: print x Create Show More By Particulars Share Expense CurBal: 4,900.00 Dr Share Emp 1 Fl: Help Q: Date Company Ed: Contra Payment Receipt F-7: Journal Sales o 3371a o run 3b4-9 2731- acep 2+67- Purchase 2731- Fl O: OåuVooctgs E: A...
[keys] 'Share Supplier{ENTER}' -> Tally 'TallyPrime:9000'
[shot] tds-176-J1-row2 (1024x768)
[19:19:15] [tds] screen tds-176-J1-row2 : x Y: Data cb TallyPrime MANAGE EDU K: Company Accounting Voucher Creation Journal Z: Exchange 600.00 Dr A Accept Q Search O: Import E: Export M: Share FinCom • ke Co By To Particulars Share Expense CurBal: 4,900.00 Dr Share Emp 1 Share Supplier CurBal: 3,200.00 Cr Debit 600.00 600.00 p: print x 2-Oct-26 Friday Credit 300.00 600.00 Fl: Help Q: Date Company Ed: Contra Payment Receipt F-7: Journal Sales o 3371a o run 3b4-9 2731- acep 2+67- Purchase 2731- Fl O: OåuVooctgs E: Autofill H: Change = Mode More Details O: Related ¯ Repons Optional post -Dated J: Stat acep .337. ning 17523 ing j _id" : 1...
[shot] tds-177-J1-row2-a-sub1 (1024x768)
[19:19:16] [tds] screen tds-177-J1-row2-a-sub1 : x Y: Data cb TallyPrime MANAGE EDU K: Company Accounting Voucher Creation Journal Z: Exchange 600.00 Dr A Accept Q Search O: Import E: Export M: Share FinCom • ke Co By To Particulars Share Expense CurBal: 4,900.00 Dr Share Emp 1 Share Supplier CurBal: 3,200.00 Cr Debit 600.00 600.00 p: print x 2-Oct-26 Friday Credit 300.00 600.00 Fl: Help Q: Date Company Ed: Contra Payment Receipt F-7: Journal Sales o 3371a o run 3b4-9 2731- acep 2+67- Purchase 2731- Fl O: OåuVooctgs E: Autofill H: Change = Mode More Details O: Related ¯ Repons Optional post -Dated J: Stat acep .337. ning 17523 ing j _id" : 1...
[keys] '{ENTER}' -> Tally 'TallyPrime:9000'
[shot] tds-178-J1-row2-amt (1024x768)
[19:19:19] [tds] screen tds-178-J1-row2-amt : x TallyPrime MANAGE EDU K: Company Bill-wise Details II Quit Y: Data Type of Ref St Ref Z: Exchange FinCom Spike Co Bill-wise Details for : Share Supplier Up to: 600.00 cr O: Import Amount E: Export M: Share p: print Fl: Help x Name Method of Ad Advance Agst Ref New Ref On Account Accept Q Search Due Date, or Credit Days 20ct-26) Unity o 3371a o run 3b4-9 2731- acep 2+67- 2731- acep .337. ning 17523 ing j _id" : 1-01" 2+67- Mode Windows Server 2025 Datacenter Build 26100.ge_release240331-1435 7:19 PM 10/8/2026
[shot] tds-179-J1-row2-bills1 (1024x768)
[19:19:20] [tds] screen tds-179-J1-row2-bills1 : x TallyPrime MANAGE EDU K: Company Bill-wise Details II Quit Y: Data Type of Ref St Ref Z: Exchange FinCom Spike Co Bill-wise Details for : Share Supplier Up to: 600.00 cr O: Import Amount E: Export M: Share p: print Fl: Help x Name Method of Ad Advance Agst Ref New Ref On Account Accept Q Search Due Date, or Credit Days 20ct-26) Unity o 3371a o run 3b4-9 2731- acep 2+67- 2731- acep .337. ning 17523 ing j _id" : 1-01" 2+67- Mode Windows Server 2025 Datacenter Build 26100.ge_release240331-1435 7:19 PM 10/8/2026
[keys] 'New Ref{ENTER}' -> Tally 'TallyPrime:9000'
[shot] tds-180-J1-row2-reftype (1024x768)
[19:19:24] [tds] screen tds-180-J1-row2-reftype : TallyPrime MANAGE EDU K: Company Bill-wise Details Unity Quit Y: Data Type of Ref New Ref Z: Exchange FinCom Spike Co Bill-wise Details for : Share Supplier Up to: 600.00 cr O: Import E: Export Amount 600.00 cr 600.00 cr M: Share p: print x Fl: Help Name A Accept Q Search Due Date, or Credit Days (wef 20ct-26) o 3371a o run 3b4-9 2731- acep 2+67- 2731- acep .337. ning 17523 ing j _id" : 1-01" 2+67- Mode Windows Server 2025 Datacenter Build 26100.ge_release240331-1435 7:19 PM 10/8/2026
[keys] 'JN-1{ENTER}' -> Tally 'TallyPrime:9000'
[shot] tds-181-J1-row2-refname (1024x768)
[19:19:28] [tds] screen tds-181-J1-row2-refname : TallyPrime MANAGE EDU K: Company Bill-wise Details Unity Quit Y: Data Type of Ref New Ref Z: Exchange FinCom Spike Co Bill-wise Details for : Share Supplier Up to: 600.00 cr O: Import E: Export Amount 600.00 cr 600.00 cr M: Share p: print x Fl: Help Name JN_I A Accept Q Search Due Date, or Credit Days (wef 20ct-26) o 3371a o run 3b4-9 2731- acep 2+67- 2731- acep .337. ning 17523 ing j _id" : 1-01" 2+67- Mode Windows Server 2025 Datacenter Build 26100.ge_release240331-1435 7:19 PM 10/8/2026
[keys] '{ENTER}' -> Tally 'TallyPrime:9000'
[shot] tds-182-J1-row2-due (1024x768)
[19:19:31] [tds] screen tds-182-J1-row2-due : TallyPrime MANAGE EDU K: Company Bill-wise Details Unity Quit Y: Data Type of Ref New Ref Z: Exchange FinCom Spike Co Bill-wise Details for : Share Supplier Up to: 600.00 cr O: Import E: Export Amount 600.00 cr 600.00 cr M: Share p: print x Fl: Help Name JN_I A Accept Q Search Due Date, or Credit Days (wef 20ct-26) o 3371a o run 3b4-9 2731- acep 2+67- 2731- acep .337. ning 17523 ing j _id" : 1-01" 2+67- Mode Windows Server 2025 Datacenter Build 26100.ge_release240331-1435 7:19 PM 10/8/2026
[keys] '{ENTER}' -> Tally 'TallyPrime:9000'
[shot] tds-183-J1-row2-refamount (1024x768)
[19:19:34] [tds] screen tds-183-J1-row2-refamount : TallyPrime MANAGE EDU K: Company Bill-wise Details Unity Quit Y: Data Type of Ref New Ref Z: Exchange FinCom Spike Co Bill-wise Details for : Share Supplier Up to: 600.00 cr O: Import E: Export Amount 600.00 er 600.00 cr M: Share p: print x Fl: Help Name JN_I A Accept Q Search Due Date, or Credit Days (wef 20ct-26) o 3371a o run 3b4-9 2731- acep 2+67- 2731- acep .337. ning 17523 ing j _id" : 1-01" 2+67- Mode Windows Server 2025 Datacenter Build 26100.ge_release240331-1435 7:19 PM 10/8/2026
[shot] tds-184-J1-row2-bills2 (1024x768)
[19:19:35] [tds] screen tds-184-J1-row2-bills2 : TallyPrime MANAGE EDU K: Company Bill-wise Details Unity Quit Y: Data Type of Ref New Ref Z: Exchange FinCom Spike Co Bill-wise Details for : Share Supplier Up to: 600.00 cr O: Import E: Export Amount 600.00 er 600.00 cr M: Share p: print x Fl: Help Name JN_I A Accept Q Search Due Date, or Credit Days (wef 20ct-26) o 3371a o run 3b4-9 2731- acep 2+67- 2731- acep .337. ning 17523 ing j _id" : 1-01" 2+67- Mode Windows Server 2025 Datacenter Build 26100.ge_release240331-1435 7:19 PM 10/8/2026
[keys] '^a' -> Tally 'TallyPrime:9000'
[shot] tds-185-J1-row2-bills-accept (1024x768)
[19:19:39] [tds] screen tds-185-J1-row2-bills-accept : x Y: Data cb TallyPrime MANAGE EDU K: Company Accounting Voucher Creation Journal Z: Exchange 600.00 Dr 600.00 Cr Accept Q Search O: Import E: Export M: Share FinCom • ke Co By To Particulars Share Expense CurBal: 4,900.00 Dr Share Emp 1 Share Supplier CurBal: 3,200.00 Cr New Ref JN-I Debit 600.00 600.00 p: print x 2-Oct-26 Friday Credit 600.00 600.00 Fl: Help Q: Date Company Ed: Contra Payment Receipt F-7: Journal Sales o 3371a o run 3b4-9 2731- acep 2+67- Purchase 2731- Fl O: OåuVooctgs E: Autofill H: Change = Mode More Details O: Related ¯ Repons Optional post -Dated J: Stat acep .337. ning...
[shot] tds-186-J1-row2-bills3 (1024x768)
[19:19:40] [tds] screen tds-186-J1-row2-bills3 : x Y: Data cb TallyPrime MANAGE EDU K: Company Accounting Voucher Creation Journal Z: Exchange 600.00 Dr 600.00 Cr Accept Q Search O: Import E: Export M: Share FinCom • ke Co By To Particulars Share Expense CurBal: 4,900.00 Dr Share Emp 1 Share Supplier CurBal: 3,200.00 Cr New Ref JN-I Debit 600.00 600.00 p: print x 2-Oct-26 Friday Credit 600.00 600.00 Fl: Help Q: Date Company Ed: Contra Payment Receipt F-7: Journal Sales o 3371a o run 3b4-9 2731- acep 2+67- Purchase 2731- Fl O: OåuVooctgs E: Autofill H: Change = Mode More Details O: Related ¯ Repons Optional post -Dated J: Stat acep .337. ning...
[shot] tds-187-J1-row2-b-sub1 (1024x768)
[19:19:41] [tds] screen tds-187-J1-row2-b-sub1 : x Y: Data cb TallyPrime MANAGE EDU K: Company Accounting Voucher Creation Journal Z: Exchange 600.00 Dr 600.00 Cr Accept Q Search O: Import E: Export M: Share FinCom • ke Co By To Particulars Share Expense CurBal: 4,900.00 Dr Share Emp 1 Share Supplier CurBal: 3,200.00 Cr New Ref JN-I Debit 600.00 600.00 p: print x 2-Oct-26 Friday Credit 600.00 600.00 Fl: Help Q: Date Company Ed: Contra Payment Receipt F-7: Journal Sales o 3371a o run 3b4-9 2731- acep 2+67- Purchase 2731- Fl O: OåuVooctgs E: Autofill H: Change = Mode More Details O: Related ¯ Repons Optional post -Dated J: Stat acep .337. ning...
[shot] tds-188-J1-last-row (1024x768)
[19:19:41] [tds] screen tds-188-J1-last-row : x Y: Data cb TallyPrime MANAGE EDU K: Company Accounting Voucher Creation Journal Z: Exchange 600.00 Dr 600.00 Cr Accept Q Search O: Import E: Export M: Share FinCom • ke Co By To Particulars Share Expense CurBal: 4,900.00 Dr Share Emp 1 Share Supplier CurBal: 3,200.00 Cr New Ref JN-I Debit 600.00 600.00 p: print x 2-Oct-26 Friday Credit 600.00 600.00 Fl: Help Q: Date Company Ed: Contra Payment Receipt F-7: Journal Sales o 3371a o run 3b4-9 2731- acep 2+67- Purchase 2731- Fl O: OåuVooctgs E: Autofill H: Change = Mode More Details O: Related ¯ Repons Optional post -Dated J: Stat acep .337. ning...
[keys] '^a' -> Tally 'TallyPrime:9000'
[shot] tds-189-J1-accept1 (1024x768)
[19:19:46] [tds] screen tds-189-J1-accept1 : x Y: Data cb Unity TallyPrime MANAGE EDU K: Company Accounting Voucher Creation Journal No. 7 Particulars Narration: Quit Z: Exchange A Accept Q Search FinCom • ke Co O: Import E: Export List of Led er Accounts Profit & Loss Alc Share Basic Share Expense Share HRA Share Party Share Purchase Share Salary Payable Share Sales Share Supplier Spike Income Spike Party Spike Party 2 Ul Party M: Share p: print x Create Show More Fl: Help Q: Date Company Ed: Contra Payment Receipt F-7: Journal Sales o 3371a o run 3b4-9 2731- acep 2+67- Purchase 2731- Fl O: OåuVooctgs E: Autofill H: Change = Mode More D...
[shot] tds-190-J1-after1 (1024x768)
[19:19:47] [tds] screen tds-190-J1-after1 : x Y: Data cb Unity TallyPrime MANAGE EDU K: Company Accounting Voucher Creation Journal No. 7 Particulars Narration: Quit Z: Exchange A Accept Q Search FinCom • ke Co O: Import E: Export List of Led er Accounts Profit & Loss Alc Share Basic Share Expense Share HRA Share Party Share Purchase Share Salary Payable Share Sales Share Supplier Spike Income Spike Party Spike Party 2 Ul Party M: Share p: print x Create Show More Fl: Help Q: Date Company Ed: Contra Payment Receipt F-7: Journal Sales o 3371a o run 3b4-9 2731- acep 2+67- Purchase 2731- Fl O: OåuVooctgs E: Autofill H: Change = Mode More D...
[keys] '^a' -> Tally 'TallyPrime:9000'
[shot] tds-191-J1-accept2 (1024x768)
[19:19:52] [tds] screen tds-191-J1-accept2 : x TallyPrime MANAGE EDU K: Company Accounting Voucher Creation Journal No. 7 Y: Data cb Unity Z: Exchange A Accept Q Search O: Import E: Export FinCom • ke Co M: Share Debit p: print x 2-Oct-26 Friday Credit By Particulars Profit & Loss Alc CurBal: 6,700.00 Dr Fl: Help Q: Date Company Ed: Contra Payment Receipt F-7: Journal Sales o 3371a o run 3b4-9 2731- acep 2+67- Purchase 2731- Fl O: OåuVooctgs E: Autofill H: Change = Mode More Details O: Related ¯ Repons Optional post -Dated J: Stat acep .337. ning 17523 ing j _id" : 1-01" 2+67- Narration: Quit D: Delete x: Cancel Vch Adjustment El 2: Conf...
[shot] tds-192-J1-after2 (1024x768)
[19:19:52] [tds] screen tds-192-J1-after2 : x TallyPrime MANAGE EDU K: Company Accounting Voucher Creation Journal No. 7 Y: Data cb Unity Z: Exchange A Accept Q Search O: Import E: Export FinCom • ke Co M: Share Debit p: print x 2-Oct-26 Friday Credit By Particulars Profit & Loss Alc CurBal: 6,700.00 Dr Fl: Help Q: Date Company Ed: Contra Payment Receipt F-7: Journal Sales o 3371a o run 3b4-9 2731- acep 2+67- Purchase 2731- Fl O: OåuVooctgs E: Autofill H: Change = Mode More Details O: Related ¯ Repons Optional post -Dated J: Stat acep .337. ning 17523 ing j _id" : 1-01" 2+67- Narration: Quit D: Delete x: Cancel Vch Adjustment El 2: Conf...
[keys] '^a' -> Tally 'TallyPrime:9000'
[shot] tds-193-J1-accept3 (1024x768)
[19:19:57] [tds] screen tds-193-J1-accept3 : x TallyPrime MANAGE EDU K: Company Accounting Voucher Creation Journal No. 7 Y: Data cb Unity Z: Exchange A Accept Q Search O: Import E: Export FinCom • ke Co M: Share Debit p: print x 2-Oct-26 Friday Credit By Particulars Profit & Loss Alc CurBal: 6,700.00 Dr Fl: Help Q: Date Company Ed: Contra Payment Receipt F-7: Journal Sales o 3371a o run 3b4-9 2731- acep 2+67- Purchase 2731- Fl O: OåuVooctgs E: Autofill H: Change = Mode More Details O: Related ¯ Repons Optional post -Dated J: Stat acep .337. ning 17523 ing j _id" : 1-01" 2+67- Narration: Quit D: Delete x: Cancel Vch Adjustment El 2: Conf...
[shot] tds-194-J1-after3 (1024x768)
[19:19:58] [tds] screen tds-194-J1-after3 : x TallyPrime MANAGE EDU K: Company Accounting Voucher Creation Journal No. 7 Y: Data cb Unity Z: Exchange A Accept Q Search O: Import E: Export FinCom • ke Co M: Share Debit p: print x 2-Oct-26 Friday Credit By Particulars Profit & Loss Alc CurBal: 6,700.00 Dr Fl: Help Q: Date Company Ed: Contra Payment Receipt F-7: Journal Sales o 3371a o run 3b4-9 2731- acep 2+67- Purchase 2731- Fl O: OåuVooctgs E: Autofill H: Change = Mode More Details O: Related ¯ Repons Optional post -Dated J: Stat acep .337. ning 17523 ing j _id" : 1-01" 2+67- Narration: Quit D: Delete x: Cancel Vch Adjustment El 2: Conf...
[keys] '^a' -> Tally 'TallyPrime:9000'
[shot] tds-195-J1-accept4 (1024x768)
[19:20:03] [tds] screen tds-195-J1-accept4 : x TallyPrime MANAGE EDU K: Company Accounting Voucher Creation Journal No. 7 Y: Data cb Unity Z: Exchange A Accept Q Search O: Import E: Export FinCom • ke Co M: Share Debit p: print x 2-Oct-26 Friday Credit By Particulars Profit & Loss Alc CurBal: 6,700.00 Dr Fl: Help Q: Date Company Ed: Contra Payment Receipt F-7: Journal Sales o 3371a o run 3b4-9 2731- acep 2+67- Purchase 2731- Fl O: OåuVooctgs E: Autofill H: Change = Mode More Details O: Related ¯ Repons Optional post -Dated J: Stat acep .337. ning 17523 ing j _id" : 1-01" 2+67- Narration: Quit D: Delete x: Cancel Vch Adjustment El 2: Conf...
[shot] tds-196-J1-after4 (1024x768)
[19:20:04] [tds] screen tds-196-J1-after4 : x TallyPrime MANAGE EDU K: Company Accounting Voucher Creation Journal No. 7 Y: Data cb Unity Z: Exchange A Accept Q Search O: Import E: Export FinCom • ke Co M: Share Debit p: print x 2-Oct-26 Friday Credit By Particulars Profit & Loss Alc CurBal: 6,700.00 Dr Fl: Help Q: Date Company Ed: Contra Payment Receipt F-7: Journal Sales o 3371a o run 3b4-9 2731- acep 2+67- Purchase 2731- Fl O: OåuVooctgs E: Autofill H: Change = Mode More Details O: Related ¯ Repons Optional post -Dated J: Stat acep .337. ning 17523 ing j _id" : 1-01" 2+67- Narration: Quit D: Delete x: Cancel Vch Adjustment El 2: Conf...
[shot] tds-197-gw0 (1024x768)
[19:20:04] [tds] screen tds-197-gw0 : x TallyPrime MANAGE EDU K: Company Accounting Voucher Creation Journal No. 7 Y: Data cb Unity Z: Exchange A Accept Q Search O: Import E: Export FinCom • ke Co M: Share Debit p: print x 2-Oct-26 Friday Credit By Particulars Profit & Loss Alc CurBal: 6,700.00 Dr Fl: Help Q: Date Company Ed: Contra Payment Receipt F-7: Journal Sales o 3371a o run 3b4-9 2731- acep 2+67- Purchase 2731- Fl O: OåuVooctgs E: Autofill H: Change = Mode More Details O: Related ¯ Repons Optional post -Dated J: Stat acep .337. ning 17523 ing j _id" : 1-01" 2+67- Narration: Quit D: Delete x: Cancel Vch Adjustment El 2: Conf...
[keys] '{ESC}' -> Tally 'TallyPrime:9000'
[shot] tds-198-gw1 (1024x768)
[19:20:08] [tds] screen tds-198-gw1 : TallyPrime MANAGE EDU K: Company Accounting Voucher Creation Journal No. 7 Y: Data cb Unity Z: Exchange A: Accept Q Search O: Import E: Export FinCom M: Share Debit By Particulars Profit & Loss Alc CurBal: 6,700.00 Dr Narration: Q: Quit p: print x 2-Oct-26 Friday Credit Quit o Yes or No D: Delete X: Cancel Vch x Fl: Help F-2: Date F-3: Company F-4: Contra F-5: Payment F-6: Receipt F-7: Journal F-9: Purchase PIO: E: Autofill H: Change = Mode I: More - Details O: Related ¯ Repons L: Optional T: post = -Dated J: Stat ¯ Adjustment F-12: Configure o 3371a o run 3b4-9 2731- acep 2+67- 2731- acep .33...
[keys] 'y' -> Tally 'TallyPrime:9000'
[shot] tds-199-gw2 (1024x768)
[19:20:12] [tds] screen tds-199-gw2 : x TallyPrime MANAGE EDU K: Company Gatewa of Tall CURRENT PERIOD I-Apr-26 to 31-Mar-27 NAME OF COMPANY FinCom Spike Co Y: Data Z: Exchange CURRENT OATE Friday, 2-Oct-2026 O: Import E: Export M: Share p: print Fl: Help Date o 3371a Gateway of Tally MASTERS Create Alter CHart of Accounts TRANSACTIONS Vouchers Day 800K UTILITIES BaNking REPORTS Balance Sheet Profit & Loss A/c Stock Summary Ratio Analysis Display More Reports DashbOard Quit Unity Q 2-Oct-26 Search Company o run 3b4-9 2731- acep 2+67- 2731- acep .337. ning 17523 ing j _id" : 1-01" 2+67- Mode Windows Server 2025 Datacenter Build 261...
  voucher mid=1 aid=1 Journal/1/20260401 guid=2bbc8f60-fad7-4b8f-b633-510b49c07cf5-00000001 cancelled=False
  voucher mid=2 aid=2 Journal/2/20261001 guid=2bbc8f60-fad7-4b8f-b633-510b49c07cf5-00000002 cancelled=False
  voucher mid=3 aid=3 Journal/3/20261001 guid=2bbc8f60-fad7-4b8f-b633-510b49c07cf5-00000003 cancelled=False
  voucher mid=4 aid=4 Journal/4/20261001 guid=2bbc8f60-fad7-4b8f-b633-510b49c07cf5-00000004 cancelled=False
  voucher mid=5 aid=5 Journal/5/20261001 guid=2bbc8f60-fad7-4b8f-b633-510b49c07cf5-00000005 cancelled=False
  voucher mid=6 aid=6 Payroll/1/20261001 guid=2bbc8f60-fad7-4b8f-b633-510b49c07cf5-00000006 cancelled=False
  voucher mid=7 aid=7 Receipt/1/20261002 guid=2bbc8f60-fad7-4b8f-b633-510b49c07cf5-00000007 cancelled=False
  voucher mid=8 aid=8 Receipt/2/20261002 guid=2bbc8f60-fad7-4b8f-b633-510b49c07cf5-00000008 cancelled=False
  voucher mid=9 aid=9 Payment/1/20261002 guid=2bbc8f60-fad7-4b8f-b633-510b49c07cf5-00000009 cancelled=False
  voucher mid=10 aid=10 Payment/2/20261002 guid=2bbc8f60-fad7-4b8f-b633-510b49c07cf5-0000000a cancelled=False
  voucher mid=11 aid=11 Contra/1/20261002 guid=2bbc8f60-fad7-4b8f-b633-510b49c07cf5-0000000b cancelled=False
  voucher mid=12 aid=12 Journal/6/20261002 guid=2bbc8f60-fad7-4b8f-b633-510b49c07cf5-0000000c cancelled=False
  INFO share journal-party (journal with a party (Share Expense Dr / Share Supplier Cr, New Ref JN-1)): Tally Journal 6 mid 12; stored party 'Share Supplier' bills [New Ref]; the line party '' bills [New Ref]; lines voucher_accept_post x1, voucher_full x1
[19:20:15] ---- share journal-plain: journal with no party (Share Expense Dr / Spike Income Cr)
  voucher mid=1 aid=1 Journal/1/20260401 guid=2bbc8f60-fad7-4b8f-b633-510b49c07cf5-00000001 cancelled=False
  voucher mid=2 aid=2 Journal/2/20261001 guid=2bbc8f60-fad7-4b8f-b633-510b49c07cf5-00000002 cancelled=False
  voucher mid=3 aid=3 Journal/3/20261001 guid=2bbc8f60-fad7-4b8f-b633-510b49c07cf5-00000003 cancelled=False
  voucher mid=4 aid=4 Journal/4/20261001 guid=2bbc8f60-fad7-4b8f-b633-510b49c07cf5-00000004 cancelled=False
  voucher mid=5 aid=5 Journal/5/20261001 guid=2bbc8f60-fad7-4b8f-b633-510b49c07cf5-00000005 cancelled=False
  voucher mid=6 aid=6 Payroll/1/20261001 guid=2bbc8f60-fad7-4b8f-b633-510b49c07cf5-00000006 cancelled=False
  voucher mid=7 aid=7 Receipt/1/20261002 guid=2bbc8f60-fad7-4b8f-b633-510b49c07cf5-00000007 cancelled=False
  voucher mid=8 aid=8 Receipt/2/20261002 guid=2bbc8f60-fad7-4b8f-b633-510b49c07cf5-00000008 cancelled=False
  voucher mid=9 aid=9 Payment/1/20261002 guid=2bbc8f60-fad7-4b8f-b633-510b49c07cf5-00000009 cancelled=False
  voucher mid=10 aid=10 Payment/2/20261002 guid=2bbc8f60-fad7-4b8f-b633-510b49c07cf5-0000000a cancelled=False
  voucher mid=11 aid=11 Contra/1/20261002 guid=2bbc8f60-fad7-4b8f-b633-510b49c07cf5-0000000b cancelled=False
  voucher mid=12 aid=12 Journal/6/20261002 guid=2bbc8f60-fad7-4b8f-b633-510b49c07cf5-0000000c cancelled=False
[shot] tds-200-gw0 (1024x768)
[19:20:16] [tds] screen tds-200-gw0 : x TallyPrime MANAGE EDU K: Company Gatewa of Tall CURRENT PERIOD I-Apr-26 to 31-Mar-27 NAME OF COMPANY FinCom Spike Co Y: Data Z: Exchange CURRENT OATE Friday, 2-Oct-2026 O: Import E: Export M: Share p: print Fl: Help Date o 3371a Gateway of Tally MASTERS Create Alter CHart of Accounts TRANSACTIONS Vouchers Day 800K UTILITIES BaNking REPORTS Balance Sheet Profit & Loss A/c Stock Summary Ratio Analysis Display More Reports DashbOard Quit Unity Q 2-Oct-26 Search Company o run 3b4-9 2731- acep 2+67- 2731- acep .337. ning 17523 ing j _id" : 1-01" 2+67- Mode Windows Server 2025 Datacenter Build 261...
[shot] tds-201-J2-start (1024x768)
[19:20:16] [tds] screen tds-201-J2-start : x TallyPrime MANAGE EDU K: Company Gatewa of Tall CURRENT PERIOD I-Apr-26 to 31-Mar-27 NAME OF COMPANY FinCom Spike Co Y: Data Z: Exchange CURRENT OATE Friday, 2-Oct-2026 O: Import E: Export M: Share p: print Fl: Help Date o 3371a Gateway of Tally MASTERS Create Alter CHart of Accounts TRANSACTIONS Vouchers Day 800K UTILITIES BaNking REPORTS Balance Sheet Profit & Loss A/c Stock Summary Ratio Analysis Display More Reports DashbOard Quit Unity Q 2-Oct-26 Search Company o run 3b4-9 2731- acep 2+67- 2731- acep .337. ning 17523 ing j _id" : 1-01" 2+67- Mode Windows Server 2025 Datacenter Build 261...
[keys] 'v' -> Tally 'TallyPrime:9000'
[shot] tds-202-J2-vouchers (1024x768)
[19:20:21] [tds] screen tds-202-J2-vouchers : x Y: Data cb Unity TallyPrime MANAGE EDU K: Company Accounting Voucher Creation Journal No. 7 Particulars Narration: Quit Z: Exchange A Accept Q Search FinCom • ke Co O: Import E: Export List of Led er Accounts Profit & Loss Alc Share Basic Share Expense Share HRA Share Party Share Purchase Share Salary Payable Share Sales Share Supplier Spike Income Spike Party Spike Party 2 Ul Party M: Share p: print x Create Show More Fl: Help Q: Date Company Ed: Contra Payment Receipt F-7: Journal Sales o 3371a o run 3b4-9 2731- acep 2+67- Purchase 2731- Fl O: OåuVooctgs E: Autofill H: Change = Mode More D...
[keys] '{F7}' -> Tally 'TallyPrime:9000'
[shot] tds-203-J2-type (1024x768)
[19:20:25] [tds] screen tds-203-J2-type : x Y: Data cb Unity TallyPrime MANAGE EDU K: Company Accounting Voucher Creation Journal No. 7 Particulars Narration: Quit Z: Exchange A Accept Q Search FinCom • ke Co O: Import E: Export List of Led er Accounts Profit & Loss Alc Share Basic Share Expense Share HRA Share Party Share Purchase Share Salary Payable Share Sales Share Supplier Spike Income Spike Party Spike Party 2 Ul Party M: Share p: print x Create Show More Fl: Help Q: Date Company Ed: Contra Payment Receipt F-7: Journal Sales o 3371a o run 3b4-9 2731- acep 2+67- Purchase 2731- Fl O: OåuVooctgs E: Autofill H: Change = Mode More D...
[keys] '{F2}' -> Tally 'TallyPrime:9000'
[shot] tds-204-J2-date-box (1024x768)
[19:20:28] [tds] screen tds-204-J2-date-box : TallyPrime MANAGE EDU K: Company Change Voucher Date Unity Quit Y: Data Z: Exchange A Accept Q Search O: Import E: Export M: Share p: print x Fl: Help FinCom Spike Co Voucher Date 3-10-2026 o 3371a o run 3b4-9 2731- acep 2+67- 2731- acep .337. ning 17523 ing j _id" : 1-01" 2+67- Mode Windows Server 2025 Datacenter Build 26100.ge_release240331-1435 7•.20 PM 10/8/2026
[keys] '2-10-2026{ENTER}' -> Tally 'TallyPrime:9000'
[shot] tds-205-J2-date (1024x768)
[19:20:32] [tds] screen tds-205-J2-date : x Y: Data cb Unity TallyPrime MANAGE EDU K: Company Accounting Voucher Creation Journal No. 7 Particulars Narration: Quit Z: Exchange A Accept Q Search FinCom • ke Co O: Import E: Export List of Led er Accounts Profit & Loss Alc Share Basic Share Expense Share HRA Share Party Share Purchase Share Salary Payable Share Sales Share Supplier Spike Income Spike Party Spike Party 2 Ul Party M: Share p: print x Create Show More Fl: Help Q: Date Company Ed: Contra Payment Receipt F-7: Journal Sales o 3371a o run 3b4-9 2731- acep 2+67- Purchase 2731- Fl O: OåuVooctgs E: Autofill H: Change = Mode More D...
[keys] 'Share Expense{ENTER}' -> Tally 'TallyPrime:9000'
[shot] tds-206-J2-row1 (1024x768)
[19:20:35] [tds] screen tds-206-J2-row1 : x TallyPrime MANAGE EDU K: Company Accounting Voucher Creation Journal No. 7 Y: Data cb Unity Z: Exchange A Accept Q Search O: Import E: Export FinCom • ke Co M: Share Debit p: print x 2-Oct-26 Friday Credit By Particulars Share Expense CurBal: 4,900.00 Dr Fl: Help Q: Date Company Ed: Contra Payment Receipt F-7: Journal Sales o 3371a o run 3b4-9 2731- acep 2+67- Purchase 2731- Fl O: OåuVooctgs E: Autofill H: Change = Mode More Details O: Related ¯ Repons Optional post -Dated J: Stat acep .337. ning 17523 ing j _id" : 1-01" 2+67- Narration: Quit D: Delete x: Cancel Vch Adjustment El 2: Configur...
[shot] tds-207-J2-row1-a-sub1 (1024x768)
[19:20:36] [tds] screen tds-207-J2-row1-a-sub1 : x TallyPrime MANAGE EDU K: Company Accounting Voucher Creation Journal No. 7 Y: Data cb Unity Z: Exchange A Accept Q Search O: Import E: Export FinCom • ke Co M: Share Debit p: print x 2-Oct-26 Friday Credit By Particulars Share Expense CurBal: 4,900.00 Dr Fl: Help Q: Date Company Ed: Contra Payment Receipt F-7: Journal Sales o 3371a o run 3b4-9 2731- acep 2+67- Purchase 2731- Fl O: OåuVooctgs E: Autofill H: Change = Mode More Details O: Related ¯ Repons Optional post -Dated J: Stat acep .337. ning 17523 ing j _id" : 1-01" 2+67- Narration: Quit D: Delete x: Cancel Vch Adjustment El 2: Configur...
[keys] '250{ENTER}' -> Tally 'TallyPrime:9000'
[shot] tds-208-J2-row1-amt (1024x768)
[19:20:40] [tds] screen tds-208-J2-row1-amt : TallyPrime MANAGE EDU K: Company Cost Centre Allocations Unity Quit Y: Data Z: Exchange O: Import E: Export M: Share p: print x Fl: Help FinCom Spike Co Cost Allocations for : Share Expense Up to: 250.00 Dr Name of Cost Centre Ehare Em 1 A Accept Q Search Amount 250.00 250.00 o 3371a o run 3b4-9 2731- acep 2+67- 2731- acep .337. ning 17523 ing j _id" : 1-01" 2+67- Mode Windows Server 2025 Datacenter Build 26100.ge_release240331-1435 7•.20 PM 10/8/2026
[shot] tds-209-J2-row1-bills1 (1024x768)
[19:20:41] [tds] screen tds-209-J2-row1-bills1 : TallyPrime MANAGE EDU K: Company Cost Centre Allocations Unity Quit Y: Data Z: Exchange O: Import E: Export M: Share p: print x Fl: Help FinCom Spike Co Cost Allocations for : Share Expense Up to: 250.00 Dr Name of Cost Centre Share Em 1 A Accept Q Search Amount 250.00 250.00 o 3371a o run 3b4-9 2731- acep 2+67- 2731- acep .337. ning 17523 ing j _id" : 1-01" 2+67- Mode Windows Server 2025 Datacenter Build 26100.ge_release240331-1435 7•.20 PM 10/8/2026
[shot] tds-210-J2-row1-b-sub1 (1024x768)
[19:20:42] [tds] screen tds-210-J2-row1-b-sub1 : TallyPrime MANAGE EDU K: Company Cost Centre Allocations Unity Quit Y: Data Z: Exchange O: Import E: Export M: Share p: print x Fl: Help FinCom Spike Co Cost Allocations for : Share Expense Up to: 250.00 Dr Name of Cost Centre Share Em 1 A Accept Q Search Amount 250.00 250.00 o 3371a o run 3b4-9 2731- acep 2+67- 2731- acep .337. ning 17523 ing j _id" : 1-01" 2+67- Mode Windows Server 2025 Datacenter Build 26100.ge_release240331-1435 7•.20 PM 10/8/2026
[keys] '^a' -> Tally 'TallyPrime:9000'
[shot] tds-211-J2-row1-b-sub-accept (1024x768)
[19:20:45] [tds] screen tds-211-J2-row1-b-sub-accept : x Y: Data cb TallyPrime MANAGE EDU K: Company Accounting Voucher Creation Journal No. 7 Z: Exchange 250.00 Dr A Accept Q Search O: Import E: Export M: Share FinCom • ke Co By Particulars Share Expense CurBal: 5,150.00 Dr Share Emp 1 Share Supplier CurBal: 3,450.00 Cr Debit 250.00 250.00 p: print x 2-Oct-26 Friday Credit 250.00 250.00 Fl: Help Q: Date Company Ed: Contra Payment Receipt F-7: Journal Sales o 3371a o run 3b4-9 2731- acep 2+67- Purchase 2731- Fl O: OåuVooctgs E: Autofill H: Change = Mode More Details O: Related ¯ Repons Optional post -Dated J: Stat acep .337. ning 17523 ing j _id" ...
[shot] tds-212-J2-row1-b-sub2 (1024x768)
[19:20:46] [tds] screen tds-212-J2-row1-b-sub2 : x Y: Data cb TallyPrime MANAGE EDU K: Company Accounting Voucher Creation Journal No. 7 Z: Exchange 250.00 Dr A Accept Q Search O: Import E: Export M: Share FinCom • ke Co By Particulars Share Expense CurBal: 5,150.00 Dr Share Emp 1 Share Supplier CurBal: 3,450.00 Cr Debit 250.00 250.00 p: print x 2-Oct-26 Friday Credit 250.00 250.00 Fl: Help Q: Date Company Ed: Contra Payment Receipt F-7: Journal Sales o 3371a o run 3b4-9 2731- acep 2+67- Purchase 2731- Fl O: OåuVooctgs E: Autofill H: Change = Mode More Details O: Related ¯ Repons Optional post -Dated J: Stat acep .337. ning 17523 ing j _id" ...
[shot] tds-213-J2-row2-before (1024x768)
[19:20:47] [tds] screen tds-213-J2-row2-before : x Y: Data cb TallyPrime MANAGE EDU K: Company Accounting Voucher Creation Journal No. 7 Z: Exchange 250.00 Dr A Accept Q Search O: Import E: Export M: Share FinCom • ke Co By Particulars Share Expense CurBal: 5,150.00 Dr Share Emp 1 Share Supplier CurBal: 3,450.00 Cr Debit 250.00 250.00 p: print x 2-Oct-26 Friday Credit 250.00 250.00 Fl: Help Q: Date Company Ed: Contra Payment Receipt F-7: Journal Sales o 3371a o run 3b4-9 2731- acep 2+67- Purchase 2731- Fl O: OåuVooctgs E: Autofill H: Change = Mode More Details O: Related ¯ Repons Optional post -Dated J: Stat acep .337. ning 17523 ing j _id" ...
[keys] 'To{ENTER}' -> Tally 'TallyPrime:9000'
[shot] tds-214-J2-row2-to (1024x768)
[19:20:50] [tds] screen tds-214-J2-row2-to : x Y: Data cb TallyPrime MANAGE EDU K: Company Accounting Voucher Creation Journal No. 7 Z: Exchange 250.00 Dr A Accept Q Search FinCom • ke Co O: Import E: Export List of Led er Accounts Profit & Loss A/c Share Basic Share Expense Share HRA Share Party Share Purchase Share Salary Payable Share Sales Share Supplier Spike Income Spike Party Spike Party 2 Ul Party M: Share p: print x Create Show More By To Particulars Share Expense CurBal: 5,150.00 Dr Share Emp 1 Share Su lier CurBal: 3,450.00 Cr Fl: Help Q: Date Company Ed: Contra Payment Receipt F-7: Journal Sales o 3371a o run 3b4-9 2731- acep...
[keys] 'Spike Income{ENTER}' -> Tally 'TallyPrime:9000'
[shot] tds-215-J2-row2 (1024x768)
[19:20:54] [tds] screen tds-215-J2-row2 : x Y: Data cb TallyPrime MANAGE EDU K: Company Accounting Voucher Creation Journal No. 7 Z: Exchange 250.00 Dr A Accept Q Search O: Import E: Export M: Share FinCom • ke Co By To Particulars Share Expense CurBal: 5,150.00 Dr Share Emp 1 Spike Income CurBal: 5,950.00 Cr Debit 250.00 250.00 p: print x 2-Oct-26 Friday Credit 250.00 250.00 Fl: Help Q: Date Company Ed: Contra Payment Receipt F-7: Journal Sales o 3371a o run 3b4-9 2731- acep 2+67- Purchase 2731- Fl O: OåuVooctgs E: Autofill H: Change = Mode More Details O: Related ¯ Repons Optional post -Dated J: Stat acep .337. ning 17523 ing j _id"...
[shot] tds-216-J2-row2-a-sub1 (1024x768)
[19:20:55] [tds] screen tds-216-J2-row2-a-sub1 : x Y: Data cb TallyPrime MANAGE EDU K: Company Accounting Voucher Creation Journal No. 7 Z: Exchange 250.00 Dr A Accept Q Search O: Import E: Export M: Share FinCom • ke Co By To Particulars Share Expense CurBal: 5,150.00 Dr Share Emp 1 Spike Income CurBal: 5,950.00 Cr Debit 250.00 250.00 p: print x 2-Oct-26 Friday Credit 250.00 250.00 Fl: Help Q: Date Company Ed: Contra Payment Receipt F-7: Journal Sales o 3371a o run 3b4-9 2731- acep 2+67- Purchase 2731- Fl O: OåuVooctgs E: Autofill H: Change = Mode More Details O: Related ¯ Repons Optional post -Dated J: Stat acep .337. ning 17523 ing j _id"...
[keys] '{ENTER}' -> Tally 'TallyPrime:9000'
[shot] tds-217-J2-row2-amt (1024x768)
[19:20:59] [tds] screen tds-217-J2-row2-amt : TallyPrime MANAGE EDU K: Company Cost Centre Allocations Unity Quit Y: Data Z: Exchange O: Import E: Export M: Share p: print x Fl: Help FinCom Spike Co Cost Allocations for : Spike Income Up to: 250.00 cr Name of Cost Centre Ehare Em 1 A Accept Q Search Amount 250.00 250.00 o 3371a o run 3b4-9 2731- acep 2+67- 2731- acep .337. ning 17523 ing j _id" : 1-01" 2+67- Mode Windows Server 2025 Datacenter Build 26100.ge_release240331-1435 7•.20 PM 10/8/2026
[shot] tds-218-J2-row2-bills1 (1024x768)
[19:20:59] [tds] screen tds-218-J2-row2-bills1 : TallyPrime MANAGE EDU K: Company Cost Centre Allocations Unity Quit Y: Data Z: Exchange O: Import E: Export M: Share p: print x Fl: Help FinCom Spike Co Cost Allocations for : Spike Income Up to: 250.00 cr Name of Cost Centre Ehare Em 1 A Accept Q Search Amount 250.00 250.00 o 3371a o run 3b4-9 2731- acep 2+67- 2731- acep .337. ning 17523 ing j _id" : 1-01" 2+67- Mode Windows Server 2025 Datacenter Build 26100.ge_release240331-1435 7•.20 PM 10/8/2026
[shot] tds-219-J2-row2-b-sub1 (1024x768)
[19:21:00] [tds] screen tds-219-J2-row2-b-sub1 : TallyPrime MANAGE EDU K: Company Cost Centre Allocations Unity Quit Y: Data Z: Exchange O: Import E: Export M: Share p: print x Fl: Help FinCom Spike Co Cost Allocations for : Spike Income Up to: 250.00 cr Name of Cost Centre Share Em 1 A Accept Q Search Amount 250.00 250.00 o 3371a o run 3b4-9 2731- acep 2+67- 2731- acep .337. ning 17523 ing j _id" : 1-01" 2+67- Mode Windows Server 2025 Datacenter Build 26100.ge_release240331-1435 7•.20 PM 10/8/2026
[keys] '^a' -> Tally 'TallyPrime:9000'
[shot] tds-220-J2-row2-b-sub-accept (1024x768)
[19:21:04] [tds] screen tds-220-J2-row2-b-sub-accept : x Y: Data cb TallyPrime MANAGE EDU K: Company Accounting Voucher Creation Journal No. 7 Z: Exchange 250.00 Dr 250.00 Cr Accept Q Search O: Import E: Export M: Share FinCom • ke Co By To Particulars Share Expense CurBal: 5,150.00 Dr Share Emp 1 Spike Income CurBal: 5,950.00 Cr Share Emp 1 Debit 250.00 250.00 p: print x 2-Oct-26 Friday Credit 250.00 250.00 Fl: Help Q: Date Company Ed: Contra Payment Receipt F-7: Journal Sales o 3371a o run 3b4-9 2731- acep 2+67- Purchase 2731- Fl O: OåuVooctgs E: Autofill H: Change = Mode More Details O: Related ¯ Repons Optional post -Dated J: Stat acep .337. n...
[shot] tds-221-J2-row2-b-sub2 (1024x768)
[19:21:05] [tds] screen tds-221-J2-row2-b-sub2 : x Y: Data cb TallyPrime MANAGE EDU K: Company Accounting Voucher Creation Journal No. 7 Z: Exchange 250.00 Dr 250.00 Cr Accept Q Search O: Import E: Export M: Share FinCom • ke Co By To Particulars Share Expense CurBal: 5,150.00 Dr Share Emp 1 Spike Income CurBal: 5,950.00 Cr Share Emp 1 Debit 250.00 250.00 p: print x 2-Oct-26 Friday Credit 250.00 250.00 Fl: Help Q: Date Company Ed: Contra Payment Receipt F-7: Journal Sales o 3371a o run 3b4-9 2731- acep 2+67- Purchase 2731- Fl O: OåuVooctgs E: Autofill H: Change = Mode More Details O: Related ¯ Repons Optional post -Dated J: Stat acep .337. n...
[shot] tds-222-J2-last-row (1024x768)
[19:21:06] [tds] screen tds-222-J2-last-row : x Y: Data cb TallyPrime MANAGE EDU K: Company Accounting Voucher Creation Journal No. 7 Z: Exchange 250.00 Dr 250.00 Cr Accept Q Search O: Import E: Export M: Share FinCom • ke Co By To Particulars Share Expense CurBal: 5,150.00 Dr Share Emp 1 Spike Income CurBal: 5,950.00 Cr Share Emp 1 Debit 250.00 250.00 p: print x 2-Oct-26 Friday Credit 250.00 250.00 Fl: Help Q: Date Company Ed: Contra Payment Receipt F-7: Journal Sales o 3371a o run 3b4-9 2731- acep 2+67- Purchase 2731- Fl O: OåuVooctgs E: Autofill H: Change = Mode More Details O: Related ¯ Repons Optional post -Dated J: Stat acep .337. n...
[keys] '^a' -> Tally 'TallyPrime:9000'
[shot] tds-223-J2-accept1 (1024x768)
[19:21:10] [tds] screen tds-223-J2-accept1 : x Y: Data cb Unity TallyPrime MANAGE EDU K: Company Accounting Voucher Creation Journal Particulars Narration: Quit Z: Exchange A Accept Q Search FinCom • ke Co O: Import E: Export List of Led er Accounts Profit & Loss Alc Share Basic Share Expense Share HRA Share Party Share Purchase Share Salary Payable Share Sales Share Supplier Spike Income Spike Party Spike Party 2 Ul Party M: Share p: print x Create Show More Fl: Help Q: Date Company Ed: Contra Payment Receipt F-7: Journal Sales o 3371a o run 3b4-9 2731- acep 2+67- Purchase 2731- Fl O: OåuVooctgs E: Autofill H: Change = Mode More Details...
[shot] tds-224-J2-after1 (1024x768)
[19:21:11] [tds] screen tds-224-J2-after1 : x Y: Data cb Unity TallyPrime MANAGE EDU K: Company Accounting Voucher Creation Journal Particulars Narration: Quit Z: Exchange A Accept Q Search FinCom • ke Co O: Import E: Export List of Led er Accounts Profit & Loss Alc Share Basic Share Expense Share HRA Share Party Share Purchase Share Salary Payable Share Sales Share Supplier Spike Income Spike Party Spike Party 2 Ul Party M: Share p: print x Create Show More Fl: Help Q: Date Company Ed: Contra Payment Receipt F-7: Journal Sales o 3371a o run 3b4-9 2731- acep 2+67- Purchase 2731- Fl O: OåuVooctgs E: Autofill H: Change = Mode More Details...
[keys] '^a' -> Tally 'TallyPrime:9000'
[shot] tds-225-J2-accept2 (1024x768)
[19:21:16] [tds] screen tds-225-J2-accept2 : x TallyPrime MANAGE EDU K: Company Accounting Voucher Creation Journal Y: Data cb Unity Z: Exchange A Accept Q Search O: Import E: Export FinCom • ke Co M: Share Debit p: print x 2-Oct-26 Friday Credit By Particulars Profit & Loss Alc CurBal: 6,700.00 Dr Fl: Help Q: Date Company Ed: Contra Payment Receipt F-7: Journal Sales o 3371a o run 3b4-9 2731- acep 2+67- Purchase 2731- Fl O: OåuVooctgs E: Autofill H: Change = Mode More Details O: Related ¯ Repons Optional post -Dated J: Stat acep .337. ning 17523 ing j _id" : 1-01" 2+67- Narration: Quit D: Delete x: Cancel Vch Adjustment El 2: Configure ...
[shot] tds-226-J2-after2 (1024x768)
[19:21:16] [tds] screen tds-226-J2-after2 : x TallyPrime MANAGE EDU K: Company Accounting Voucher Creation Journal Y: Data cb Unity Z: Exchange A Accept Q Search O: Import E: Export FinCom • ke Co M: Share Debit p: print x 2-Oct-26 Friday Credit By Particulars Profit & Loss Alc CurBal: 6,700.00 Dr Fl: Help Q: Date Company Ed: Contra Payment Receipt F-7: Journal Sales o 3371a o run 3b4-9 2731- acep 2+67- Purchase 2731- Fl O: OåuVooctgs E: Autofill H: Change = Mode More Details O: Related ¯ Repons Optional post -Dated J: Stat acep .337. ning 17523 ing j _id" : 1-01" 2+67- Narration: Quit D: Delete x: Cancel Vch Adjustment El 2: Configure ...
[keys] '^a' -> Tally 'TallyPrime:9000'
[shot] tds-227-J2-accept3 (1024x768)
[19:21:21] [tds] screen tds-227-J2-accept3 : x TallyPrime MANAGE EDU K: Company Accounting Voucher Creation Journal Y: Data cb Unity Z: Exchange A Accept Q Search O: Import E: Export FinCom • ke Co M: Share Debit p: print x 2-Oct-26 Friday Credit By Particulars Profit & Loss Alc CurBal: 6,700.00 Dr Fl: Help Q: Date Company Ed: Contra Payment Receipt F-7: Journal Sales o 3371a o run 3b4-9 2731- acep 2+67- Purchase 2731- Fl O: OåuVooctgs E: Autofill H: Change = Mode More Details O: Related ¯ Repons Optional post -Dated J: Stat acep .337. ning 17523 ing j _id" : 1-01" 2+67- Narration: Quit D: Delete x: Cancel Vch Adjustment El 2: Configure ...
[shot] tds-228-J2-after3 (1024x768)
[19:21:22] [tds] screen tds-228-J2-after3 : x TallyPrime MANAGE EDU K: Company Accounting Voucher Creation Journal Y: Data cb Unity Z: Exchange A Accept Q Search O: Import E: Export FinCom • ke Co M: Share Debit p: print x 2-Oct-26 Friday Credit By Particulars Profit & Loss Alc CurBal: 6,700.00 Dr Fl: Help Q: Date Company Ed: Contra Payment Receipt F-7: Journal Sales o 3371a o run 3b4-9 2731- acep 2+67- Purchase 2731- Fl O: OåuVooctgs E: Autofill H: Change = Mode More Details O: Related ¯ Repons Optional post -Dated J: Stat acep .337. ning 17523 ing j _id" : 1-01" 2+67- Narration: Quit D: Delete x: Cancel Vch Adjustment El 2: Configure ...
[keys] '^a' -> Tally 'TallyPrime:9000'
[shot] tds-229-J2-accept4 (1024x768)
[19:21:27] [tds] screen tds-229-J2-accept4 : x TallyPrime MANAGE EDU K: Company Accounting Voucher Creation Journal Y: Data cb Unity Z: Exchange A Accept Q Search O: Import E: Export FinCom • ke Co M: Share Debit p: print x 2-Oct-26 Friday Credit By Particulars Profit & Loss Alc CurBal: 6,700.00 Dr Fl: Help Q: Date Company Ed: Contra Payment Receipt F-7: Journal Sales o 3371a o run 3b4-9 2731- acep 2+67- Purchase 2731- Fl O: OåuVooctgs E: Autofill H: Change = Mode More Details O: Related ¯ Repons Optional post -Dated J: Stat acep .337. ning 17523 ing j _id" : 1-01" 2+67- Narration: Quit D: Delete x: Cancel Vch Adjustment El 2: Configure ...
[shot] tds-230-J2-after4 (1024x768)
[19:21:27] [tds] screen tds-230-J2-after4 : x TallyPrime MANAGE EDU K: Company Accounting Voucher Creation Journal Y: Data cb Unity Z: Exchange A Accept Q Search O: Import E: Export FinCom • ke Co M: Share Debit p: print x 2-Oct-26 Friday Credit By Particulars Profit & Loss Alc CurBal: 6,700.00 Dr Fl: Help Q: Date Company Ed: Contra Payment Receipt F-7: Journal Sales o 3371a o run 3b4-9 2731- acep 2+67- Purchase 2731- Fl O: OåuVooctgs E: Autofill H: Change = Mode More Details O: Related ¯ Repons Optional post -Dated J: Stat acep .337. ning 17523 ing j _id" : 1-01" 2+67- Narration: Quit D: Delete x: Cancel Vch Adjustment El 2: Configure ...
[shot] tds-231-gw0 (1024x768)
[19:21:28] [tds] screen tds-231-gw0 : x TallyPrime MANAGE EDU K: Company Accounting Voucher Creation Journal Y: Data cb Unity Z: Exchange A Accept Q Search O: Import E: Export FinCom • ke Co M: Share Debit p: print x 2-Oct-26 Friday Credit By Particulars Profit & Loss Alc CurBal: 6,700.00 Dr Fl: Help Q: Date Company Ed: Contra Payment Receipt F-7: Journal Sales o 3371a o run 3b4-9 2731- acep 2+67- Purchase 2731- Fl O: OåuVooctgs E: Autofill H: Change = Mode More Details O: Related ¯ Repons Optional post -Dated J: Stat acep .337. ning 17523 ing j _id" : 1-01" 2+67- Narration: Quit D: Delete x: Cancel Vch Adjustment El 2: Configure ...
[keys] '{ESC}' -> Tally 'TallyPrime:9000'
[shot] tds-232-gw1 (1024x768)
[19:21:32] [tds] screen tds-232-gw1 : TallyPrime MANAGE EDU K: Company Accounting Voucher Creation Journal Y: Data cb Unity Z: Exchange A: Accept Q Search O: Import E: Export FinCom M: Share Debit By Particulars Profit & Loss Alc CurBal: 6,700.00 Dr Narration: Q: Quit p: print x 2-Oct-26 Friday Credit Quit o Yes or No D: Delete X: Cancel Vch x Fl: Help F-2: Date F-3: Company F-4: Contra F-5: Payment F-6: Receipt F-7: Journal F-9: Purchase PIO: E: Autofill H: Change = Mode I: More - Details O: Related ¯ Repons L: Optional T: post = -Dated J: Stat ¯ Adjustment F-12: Configure o 3371a o run 3b4-9 2731- acep 2+67- 2731- acep .337. nin...
[keys] 'y' -> Tally 'TallyPrime:9000'
[shot] tds-233-gw2 (1024x768)
[19:21:35] [tds] screen tds-233-gw2 : x TallyPrime MANAGE EDU K: Company Gatewa of Tall CURRENT PERIOD I-Apr-26 to 31-Mar-27 NAME OF COMPANY FinCom Spike Co Y: Data Z: Exchange CURRENT OATE Friday, 2-Oct-2026 O: Import E: Export M: Share p: print Fl: Help Date o 3371a Gateway of Tally MASTERS Create Alter CHart of Accounts TRANSACTIONS Vouchers Day 800K UTILITIES BaNking REPORTS Balance Sheet Profit & Loss A/c Stock Summary Ratio Analysis Display More Reports DashbOard Quit Unity Q 2-Oct-26 Search Company o run 3b4-9 2731- acep 2+67- 2731- acep .337. ning 17523 ing j _id" : 1-01" 2+67- Mode Windows Server 2025 Datacenter Build 261...
  voucher mid=1 aid=1 Journal/1/20260401 guid=2bbc8f60-fad7-4b8f-b633-510b49c07cf5-00000001 cancelled=False
  voucher mid=2 aid=2 Journal/2/20261001 guid=2bbc8f60-fad7-4b8f-b633-510b49c07cf5-00000002 cancelled=False
  voucher mid=3 aid=3 Journal/3/20261001 guid=2bbc8f60-fad7-4b8f-b633-510b49c07cf5-00000003 cancelled=False
  voucher mid=4 aid=4 Journal/4/20261001 guid=2bbc8f60-fad7-4b8f-b633-510b49c07cf5-00000004 cancelled=False
  voucher mid=5 aid=5 Journal/5/20261001 guid=2bbc8f60-fad7-4b8f-b633-510b49c07cf5-00000005 cancelled=False
  voucher mid=6 aid=6 Payroll/1/20261001 guid=2bbc8f60-fad7-4b8f-b633-510b49c07cf5-00000006 cancelled=False
  voucher mid=7 aid=7 Receipt/1/20261002 guid=2bbc8f60-fad7-4b8f-b633-510b49c07cf5-00000007 cancelled=False
  voucher mid=8 aid=8 Receipt/2/20261002 guid=2bbc8f60-fad7-4b8f-b633-510b49c07cf5-00000008 cancelled=False
  voucher mid=9 aid=9 Payment/1/20261002 guid=2bbc8f60-fad7-4b8f-b633-510b49c07cf5-00000009 cancelled=False
  voucher mid=10 aid=10 Payment/2/20261002 guid=2bbc8f60-fad7-4b8f-b633-510b49c07cf5-0000000a cancelled=False
  voucher mid=11 aid=11 Contra/1/20261002 guid=2bbc8f60-fad7-4b8f-b633-510b49c07cf5-0000000b cancelled=False
  voucher mid=12 aid=12 Journal/6/20261002 guid=2bbc8f60-fad7-4b8f-b633-510b49c07cf5-0000000c cancelled=False
  voucher mid=13 aid=13 Journal/7/20261002 guid=2bbc8f60-fad7-4b8f-b633-510b49c07cf5-0000000d cancelled=False
  INFO share journal-plain (journal with no party (Share Expense Dr / Spike Income Cr)): Tally Journal 7 mid 13; stored party '' bills []; the line party '' bills []; lines voucher_accept_post x1, voucher_full x1
[19:21:38] ---- share sales-new: sales item invoice, New Ref bill (SI-1)
  voucher mid=1 aid=1 Journal/1/20260401 guid=2bbc8f60-fad7-4b8f-b633-510b49c07cf5-00000001 cancelled=False
  voucher mid=2 aid=2 Journal/2/20261001 guid=2bbc8f60-fad7-4b8f-b633-510b49c07cf5-00000002 cancelled=False
  voucher mid=3 aid=3 Journal/3/20261001 guid=2bbc8f60-fad7-4b8f-b633-510b49c07cf5-00000003 cancelled=False
  voucher mid=4 aid=4 Journal/4/20261001 guid=2bbc8f60-fad7-4b8f-b633-510b49c07cf5-00000004 cancelled=False
  voucher mid=5 aid=5 Journal/5/20261001 guid=2bbc8f60-fad7-4b8f-b633-510b49c07cf5-00000005 cancelled=False
  voucher mid=6 aid=6 Payroll/1/20261001 guid=2bbc8f60-fad7-4b8f-b633-510b49c07cf5-00000006 cancelled=False
  voucher mid=7 aid=7 Receipt/1/20261002 guid=2bbc8f60-fad7-4b8f-b633-510b49c07cf5-00000007 cancelled=False
  voucher mid=8 aid=8 Receipt/2/20261002 guid=2bbc8f60-fad7-4b8f-b633-510b49c07cf5-00000008 cancelled=False
  voucher mid=9 aid=9 Payment/1/20261002 guid=2bbc8f60-fad7-4b8f-b633-510b49c07cf5-00000009 cancelled=False
  voucher mid=10 aid=10 Payment/2/20261002 guid=2bbc8f60-fad7-4b8f-b633-510b49c07cf5-0000000a cancelled=False
  voucher mid=11 aid=11 Contra/1/20261002 guid=2bbc8f60-fad7-4b8f-b633-510b49c07cf5-0000000b cancelled=False
  voucher mid=12 aid=12 Journal/6/20261002 guid=2bbc8f60-fad7-4b8f-b633-510b49c07cf5-0000000c cancelled=False
  voucher mid=13 aid=13 Journal/7/20261002 guid=2bbc8f60-fad7-4b8f-b633-510b49c07cf5-0000000d cancelled=False
[shot] tds-234-gw0 (1024x768)
[19:21:39] [tds] screen tds-234-gw0 : x TallyPrime MANAGE EDU K: Company Gatewa of Tall CURRENT PERIOD I-Apr-26 to 31-Mar-27 NAME OF COMPANY FinCom Spike Co Y: Data Z: Exchange CURRENT OATE Friday, 2-Oct-2026 O: Import E: Export M: Share p: print Fl: Help Date o 3371a Gateway of Tally MASTERS Create Alter CHart of Accounts TRANSACTIONS Vouchers Day 800K UTILITIES BaNking REPORTS Balance Sheet Profit & Loss A/c Stock Summary Ratio Analysis Display More Reports DashbOard Quit Unity Q 2-Oct-26 Search Company o run 3b4-9 2731- acep 2+67- 2731- acep .337. ning 17523 ing j _id" : 1-01" 2+67- Mode Windows Server 2025 Datacenter Build 261...
[shot] tds-235-S1-start (1024x768)
[19:21:40] [tds] screen tds-235-S1-start : x TallyPrime MANAGE EDU K: Company Gatewa of Tall CURRENT PERIOD I-Apr-26 to 31-Mar-27 NAME OF COMPANY FinCom Spike Co Y: Data Z: Exchange CURRENT OATE Friday, 2-Oct-2026 O: Import E: Export M: Share p: print Fl: Help Date o 3371a Gateway of Tally MASTERS Create Alter CHart of Accounts TRANSACTIONS Vouchers Day 800K UTILITIES BaNking REPORTS Balance Sheet Profit & Loss A/c Stock Summary Ratio Analysis Display More Reports DashbOard Quit Unity Q 2-Oct-26 Search Company o run 3b4-9 2731- acep 2+67- 2731- acep .337. ning 17523 ing j _id" : 1-01" 2+67- Mode Windows Server 2025 Datacenter Build 261...
[keys] 'v' -> Tally 'TallyPrime:9000'
[shot] tds-236-S1-vouchers (1024x768)
[19:21:44] [tds] screen tds-236-S1-vouchers : x Y: Data cb Unity TallyPrime MANAGE EDU K: Company Accounting Voucher Creation Journal Particulars Narration: Quit Z: Exchange A Accept Q Search FinCom • ke Co O: Import E: Export List of Led er Accounts Profit & Loss Alc Share Basic Share Expense Share HRA Share Party Share Purchase Share Salary Payable Share Sales Share Supplier Spike Income Spike Party Spike Party 2 Ul Party M: Share p: print x Create Show More Fl: Help Q: Date Company Ed: Contra Payment Receipt F-7: Journal Sales o 3371a o run 3b4-9 2731- acep 2+67- Purchase 2731- Fl O: OåuVooctgs E: Autofill H: Change = Mode More Details...
[keys] '{F8}' -> Tally 'TallyPrime:9000'
[shot] tds-237-S1-type (1024x768)
[19:21:48] [tds] screen tds-237-S1-type : x TallyPrime MANAGE EDU K: Company Accounting Voucher Creation cb Sales Party Alc narne. Current balance: Sales ledger: - Current balance: Name of Item Narration: Unity Quit Y: Data Z: Exchange A Accept Q Search FinCom • ke Co O: Import E: Export List of Led er Accounts Cash Share Bank Share Party Share Supplier Spike Party Spike Party 2 Ul Party M: Share p: print x Create Fl: Help Date o 3371a Company o run F4: Contra F5: Payment Receipt Journal F8: Sales 3b4-9 2731- acep 2+67- 2731- Purchase Fl 0: 0åHVouctg•s F: Autofill Change Mode More Details o: L: Related Reports Optional post -Dated ace...
[keys] '^h' -> Tally 'TallyPrime:9000'
[shot] tds-238-S1-mode (1024x768)
[19:21:52] [tds] screen tds-238-S1-mode : TallyPrime MANAGE EDU K: Company Change Mode Unity Quit Y: Data Z: Exchange O: Import E: Export M: Share p: print x Fl: Help FinCom • ke Co Change Voucher Mode Item Invoice List of Modes/Usa es Item Invoice Accounting Invoice As Voucher A Accept Q Search o 3371a o run 3b4-9 2731- acep 2+67- 2731- acep .337. ning 17523 ing j _id" : 1-01" 2+67- Mode Windows Server 2025 Datacenter Build 26100.ge_release240331-1435 7•.21 PM 10/8/2026
[keys] 'Item Invoice{ENTER}' -> Tally 'TallyPrime:9000'
[shot] tds-239-S1-item-mode (1024x768)
[19:21:56] [tds] screen tds-239-S1-item-mode : x TallyPrime MANAGE EDU K: Company Accounting Voucher Creation cb Sales Party Alc narne. Current balance: Sales ledger: - Current balance: Name of Item Narration: Unity Quit Y: Data Z: Exchange A Accept Q Search FinCom • ke Co O: Import E: Export List of Led er Accounts Cash Share Bank Share Party Share Supplier Spike Party Spike Party 2 Ul Party M: Share p: print x Create Fl: Help Date o 3371a Company o run F4: Contra F5: Payment Receipt Journal F8: Sales 3b4-9 2731- acep 2+67- 2731- Purchase Fl 0: 0åHVouctg•s F: Autofill Change Mode More Details o: L: Related Reports Optional post -Dated ace...
[keys] '{F2}' -> Tally 'TallyPrime:9000'
[shot] tds-240-S1-date-box (1024x768)
[19:21:59] [tds] screen tds-240-S1-date-box : TallyPrime MANAGE EDU K: Company Change Voucher Date Unity Quit Y: Data Z: Exchange A Accept Q Search O: Import E: Export M: Share p: print x Fl: Help FinCom Spike Co Voucher Date 3-10-2026 o 3371a o run 3b4-9 2731- acep 2+67- 2731- acep .337. ning 17523 ing j _id" : 1-01" 2+67- Mode Windows Server 2025 Datacenter Build 26100.ge_release240331-1435 7•.21 PM 10/8/2026
[keys] '2-10-2026{ENTER}' -> Tally 'TallyPrime:9000'
[shot] tds-241-S1-date (1024x768)
[19:22:03] [tds] screen tds-241-S1-date : x TallyPrime MANAGE EDU K: Company Accounting Voucher Creation cb Sales Party Alc narne. Current balance: Sales ledger: - Current balance: Name of Item Narration: Unity Quit Y: Data Z: Exchange A Accept Q Search FinCom • ke Co O: Import E: Export List of Led er Accounts Cash Share Bank Share Party Share Supplier Spike Party Spike Party 2 Ul Party M: Share p: print x Create Fl: Help Date o 3371a Company o run F4: Contra F5: Payment Receipt Journal F8: Sales 3b4-9 2731- acep 2+67- 2731- Purchase Fl 0: 0åHVouctg•s F: Autofill Change Mode More Details o: L: Related Reports Optional post -Dated ace...
[keys] 'Share Party{ENTER}' -> Tally 'TallyPrime:9000'
[shot] tds-242-S1-party (1024x768)
[19:22:07] [tds] screen tds-242-S1-party : x R CEDU Details TallyPrime MANAGE K: Company Y: Data Z: Exchange Accept Q Search O: Import E: Export M: Share p: print Fl: Help x Delivery Note No(s) FinCom Spike Co Dispatch Details Dispatch Doc No. Dispatched through Destination Carrier Name/Agent Bill of No. Motor Vehicle No. Date: Unity Quit o 3371a o run 3b4-9 2731- acep 2+67- 2731- acep .337. ning 17523 ing j _id" : 1-01" 2+67- Mode Windows Server 2025 Datacenter Build 26100.ge_release240331-1435 7•.22 PM 10/8/2026
[shot] tds-243-S1-party-sub1 (1024x768)
[19:22:08] [tds] screen tds-243-S1-party-sub1 : x R CEDU Details TallyPrime MANAGE K: Company Y: Data Z: Exchange Accept Q Search O: Import E: Export M: Share p: print Fl: Help x Delivery Note No(s) FinCom Spike Co Dispatch Details Dispatch Doc No. Dispatched through Destination Carrier Name/Agent Bill of No. Motor Vehicle No. Date: Unity Quit o 3371a o run 3b4-9 2731- acep 2+67- 2731- acep .337. ning 17523 ing j _id" : 1-01" 2+67- Mode Windows Server 2025 Datacenter Build 26100.ge_release240331-1435 7•.22 PM 10/8/2026
[keys] '^a' -> Tally 'TallyPrime:9000'
[shot] tds-244-S1-party-sub-accept (1024x768)
[19:22:11] [tds] screen tds-244-S1-party-sub-accept : x R CEDU TallyPrime MANAGE K: Company Y: Data Z: Exchange FinCom Spike Co Party Details Share Pa List of Led er Accounts Share Party Share Supplier Spike Party Spike Party 2 Ul Party O: Import Create New Party E: Export M: Share p: print Fl: Help x Details Quit Buyer (Bill to) Mailing Name Address State Country GST Registration type GSTIN/UIN Place of Supply Accept Q Search o 3371a o run 3b4-9 2731- acep 2+67- 2731- acep .337. ning 17523 ing j _id" : 1-01" 2+67- Unity Configure Mode Windows Server 2025 Datacenter Build 26100.ge_release240331-1435 7•.22 PM 10/8/2026
[shot] tds-245-S1-party-sub2 (1024x768)
[19:22:12] [tds] screen tds-245-S1-party-sub2 : x R CEDU TallyPrime MANAGE K: Company Y: Data Z: Exchange FinCom Spike Co Party Details Share Pa List of Led er Accounts Share Party Share Supplier Spike Party Spike Party 2 Ul Party O: Import Create New Party E: Export M: Share p: print Fl: Help x Details Quit Buyer (Bill to) Mailing Name Address State Country GST Registration type GSTIN/UIN Place of Supply Accept Q Search o 3371a o run 3b4-9 2731- acep 2+67- 2731- acep .337. ning 17523 ing j _id" : 1-01" 2+67- Unity Configure Mode Windows Server 2025 Datacenter Build 26100.ge_release240331-1435 7•.22 PM 10/8/2026
[keys] '^a' -> Tally 'TallyPrime:9000'
[shot] tds-246-S1-party-sub-accept (1024x768)
[19:22:16] [tds] screen tds-246-S1-party-sub-accept : x TallyPrime MANAGE EDU K: Company Accounting Voucher Creation cb Sales Party A/c narne: Share Party Currentbalance: 3,500.00 Dr Sales ledger: - Current balance: Name of Item Narration: Unity Quit Y: Data Z: Exchange A Accept Q Search FinCom • ke Co O: Import E: Export List of Led er Accounts Share Sales M: Share p: print x Create Show More Fl: Help Date o 3371a Company o run F4: Contra F5: Payment Receipt Journal F8: Sales 3b4-9 2731- acep 2+67- 2731- Purchase Fl 0: 0åHVouctg•s F: Autofill Change Mode More Details o: L: Related Reports Optional post -Dated acep .337. ning 17523 ing j _id" : 1...
[shot] tds-247-S1-party-sub3 (1024x768)
[19:22:17] [tds] screen tds-247-S1-party-sub3 : x TallyPrime MANAGE EDU K: Company Accounting Voucher Creation cb Sales Party A/c narne: Share Party Currentbalance: 3,500.00 Dr Sales ledger: - Current balance: Name of Item Narration: Unity Quit Y: Data Z: Exchange A Accept Q Search FinCom • ke Co O: Import E: Export List of Led er Accounts Share Sales M: Share p: print x Create Show More Fl: Help Date o 3371a Company o run F4: Contra F5: Payment Receipt Journal F8: Sales 3b4-9 2731- acep 2+67- 2731- Purchase Fl 0: 0åHVouctg•s F: Autofill Change Mode More Details o: L: Related Reports Optional post -Dated acep .337. ning 17523 ing j _id" : 1...
[keys] 'Share Sales{ENTER}' -> Tally 'TallyPrime:9000'
[shot] tds-248-S1-ledger (1024x768)
[19:22:21] [tds] screen tds-248-S1-ledger : x TallyPrime MANAGE EDU K: Company Accounting Voucher Creation Sales Y: Data cb Ch Z: Exchange A Accept Q Search FinCom • ke Co O: Import Quantity E: Export Rate M: Share per p: print 2-Oct-26 Friday Amount Fl: Help Date o 3371a Company o run Party A/c narne: Share Party Currentbalance: 3,500.00 Dr Sales ledger: Share Sales - Current balance: Name of Item Narration: Quit F4: Contra F5: Payment Receipt Journal F8: Sales 3b4-9 2731- acep 2+67- 2731- Purchase Fl 0: 0åHVouctg•s F: Autofill Change Mode More Details o: L: Related Reports Optional post -Dated acep .337. ning 17523 ing j _id" : 1-01" ...
[keys] 'Share Item{ENTER}' -> Tally 'TallyPrime:9000'
[shot] tds-249-S1-item (1024x768)
[19:22:24] [tds] screen tds-249-S1-item : x Y: Data cb TallyPrime MANAGE EDU K: Company Accounting Voucher Creation Sales Z: Exchange A Accept Q Search FinCom • ke Co O: Import Quantity E: Export Rate M: Share per p: print 2-Oct-26 Friday Amount Fl: Help Date o 3371a Company o run Party A/c narne: Share Party Currentbalance: 3,500.00 Dr Sales ledger: Share Sales - Current balance: Name of Item Share Item Narration: Quit F4: Contra F5: Payment Receipt Journal F8: Sales 3b4-9 2731- acep 2+67- 2731- Purchase Fl 0: 0åHVouctg•s F: Autofill Change Mode More Details o: L: Related Reports Optional post -Dated acep .337. ning 17523 ing j _id" ...
[shot] tds-250-S1-item-sub1 (1024x768)
[19:22:25] [tds] screen tds-250-S1-item-sub1 : x Y: Data cb TallyPrime MANAGE EDU K: Company Accounting Voucher Creation Sales Z: Exchange A Accept Q Search FinCom • ke Co O: Import Quantity E: Export Rate M: Share per p: print 2-Oct-26 Friday Amount Fl: Help Date o 3371a Company o run Party A/c narne: Share Party Currentbalance: 3,500.00 Dr Sales ledger: Share Sales - Current balance: Name of Item Share Item Narration: Quit F4: Contra F5: Payment Receipt Journal F8: Sales 3b4-9 2731- acep 2+67- 2731- Purchase Fl 0: 0åHVouctg•s F: Autofill Change Mode More Details o: L: Related Reports Optional post -Dated acep .337. ning 17523 ing j _id" ...
[keys] '2{ENTER}' -> Tally 'TallyPrime:9000'
[shot] tds-251-S1-qty (1024x768)
[19:22:28] [tds] screen tds-251-S1-qty : x Y: Data cb TallyPrime MANAGE EDU K: Company Accounting Voucher Creation Sales Z: Exchange A Accept Q Search FinCom • ke Co O: Import Quantity 2 Nos 2 Nos E: Export Rate M: Share per p: print 2-Oct-26 Friday Amount Fl: Help Date o 3371a Company o run Party A/c narne: Share Party Currentbalance: 3,500.00 Dr Sales ledger: Share Sales - Current balance: Name of Item Share Item Narration: Quit F4: Contra F5: Payment Receipt Journal F8: Sales 3b4-9 2731- acep 2+67- 2731- Purchase Fl 0: 0åHVouctg•s F: Autofill Change Mode More Details o: L: Related Reports Optional post -Dated acep .337. ning 17523...
[keys] '100{ENTER}' -> Tally 'TallyPrime:9000'
[shot] tds-252-S1-rate (1024x768)
[19:22:32] [tds] screen tds-252-S1-rate : x Y: Data cb TallyPrime MANAGE EDU K: Company Accounting Voucher Creation Sales Z: Exchange A Accept Q Search FinCom • ke Co O: Import Quantity 2 Nos 2 Nos E: Export Rate 100.00 M: Share per Nos p: print 2-Oct-26 Friday Amount 200.00 Fl: Help Date o 3371a Company o run Party A/c narne: Share Party Currentbalance: 3,500.00 Dr Sales ledger: Share Sales - Current balance: Name of Item Share Item Narration: Quit F4: Contra F5: Payment Receipt Journal F8: Sales 3b4-9 2731- acep 2+67- 2731- Purchase Fl 0: 0åHVouctg•s F: Autofill Change Mode More Details o: L: 200.00 Related Reports Optional post -Da...
[keys] '{ENTER}' -> Tally 'TallyPrime:9000'
[shot] tds-253-S1-amount (1024x768)
[19:22:35] [tds] screen tds-253-S1-amount : x Y: Data cb TallyPrime MANAGE EDU K: Company Accounting Voucher Creation Sales Z: Exchange A Accept Q Search FinCom • ke Co O: Import Quantity 2 Nos 2 Nos E: Export Rate 100.00 M: Share per Nos p: print 2-Oct-26 Friday Amount 200.00 Fl: Help Date o 3371a Company o run Party A/c narne: Share Party Currentbalance: 3,500.00 Dr Sales ledger: Share Sales - Current balance: Name of Item Share Item Narration: Quit F4: Contra F5: Payment Receipt Journal F8: Sales 3b4-9 2731- acep 2+67- 2731- Purchase Fl 0: 0åHVouctg•s F: Autofill Change Mode More Details o: L: 200.00 Related Reports Optional post -Da...
[shot] tds-254-S1-item-b-sub1 (1024x768)
[19:22:35] [tds] screen tds-254-S1-item-b-sub1 : x Y: Data cb TallyPrime MANAGE EDU K: Company Accounting Voucher Creation Sales Z: Exchange A Accept Q Search FinCom • ke Co O: Import Quantity 2 Nos 2 Nos E: Export Rate 100.00 M: Share per Nos p: print 2-Oct-26 Friday Amount 200.00 Fl: Help Date o 3371a Company o run Party A/c narne: Share Party Currentbalance: 3,500.00 Dr Sales ledger: Share Sales - Current balance: Name of Item Share Item Narration: Quit F4: Contra F5: Payment Receipt Journal F8: Sales 3b4-9 2731- acep 2+67- 2731- Purchase Fl 0: 0åHVouctg•s F: Autofill Change Mode More Details o: L: 200.00 Related Reports Optional post -Da...
[keys] '{ENTER}' -> Tally 'TallyPrime:9000'
[shot] tds-255-S1-items-done (1024x768)
[19:22:39] [tds] screen tds-255-S1-items-done : x Y: Data cb TallyPrime MANAGE EDU K: Company Accounting Voucher Creation Sales Z: Exchange A Accept Q Search FinCom • ke Co O: Import Quantity 2 Nos 2 Nos E: Export Rate 100.00 M: Share per Nos p: print 2-Oct-26 Friday Amount 200.00 200.00 Fl: Help Date o 3371a Company o run Party A/c narne: Share Party Currentbalance: 3,500.00 Dr Sales ledger: Share Sales - Current balance: Name of Item Share Item Narration: Quit F4: Contra F5: Payment Receipt Journal F8: Sales 3b4-9 2731- acep 2+67- 2731- Purchase Fl 0: 0åHVouctg•s F: Autofill Change Mode More Details o: L: 200.00 Related Reports Optional p...
[keys] '^a' -> Tally 'TallyPrime:9000'
[shot] tds-256-S1-accept1 (1024x768)
[19:22:43] [tds] screen tds-256-S1-accept1 : x TallyPrime MANAGE EDU K: Company Accounting Voucher Creation cb Sales No. 2 Party Alc narne. Current balance: Sales ledger: - Current balance: Name of Item Narration: Unity Quit Y: Data Z: Exchange A Accept Q Search FinCom • ke Co O: Import E: Export List of Led er Accounts Cash Share Bank Share Party Share Supplier Spike Party Spike Party 2 Ul Party M: Share p: print x Create Fl: Help Date o 3371a Company o run F4: Contra F5: Payment Receipt Journal F8: Sales 3b4-9 2731- acep 2+67- 2731- Purchase Fl 0: 0åHVouctg•s F: Autofill Change Mode More Details o: L: Related Reports Optional post -Dat...
[shot] tds-257-S1-after1 (1024x768)
[19:22:44] [tds] screen tds-257-S1-after1 : x TallyPrime MANAGE EDU K: Company Accounting Voucher Creation cb Sales No. 2 Party Alc narne. Current balance: Sales ledger: - Current balance: Name of Item Narration: Unity Quit Y: Data Z: Exchange A Accept Q Search FinCom • ke Co O: Import E: Export List of Led er Accounts Cash Share Bank Share Party Share Supplier Spike Party Spike Party 2 Ul Party M: Share p: print x Create Fl: Help Date o 3371a Company o run F4: Contra F5: Payment Receipt Journal F8: Sales 3b4-9 2731- acep 2+67- 2731- Purchase Fl 0: 0åHVouctg•s F: Autofill Change Mode More Details o: L: Related Reports Optional post -Dat...
[keys] '^a' -> Tally 'TallyPrime:9000'
[shot] tds-258-S1-accept2 (1024x768)
[19:22:49] [tds] screen tds-258-S1-accept2 : x TallyPrime MANAGE EDU K: Company Accounting Voucher Creation Q: Quit Y: Data Z: Exchange O: Import E: Export M: Share FinCom Spike Co p: print Fl: Help x F2: Date F3: Company F4: Contra F5: Payment t F6: Receipt F7: Journal F8: Sales F9: Purchase F: Autofill H: Change Mode l: More Details Error Oops! No Entries in Voucher! Unity o 3371a o run 3b4-9 2731- acep 2+67- 2731- acep .337. ning 17523 ing j _id" : 1-01" 2+67- Mode IA _ : Accept Q Search p: Delete cancel vch I O: Related Reports k: Optional T: post -Dated Fl 2: Configure Windows Server 2025 Datacenter Build 26100.ge_release240331-1435...
[shot] tds-259-S1-after2 (1024x768)
[19:22:50] [tds] screen tds-259-S1-after2 : x TallyPrime MANAGE EDU K: Company Accounting Voucher Creation Q: Quit Y: Data Z: Exchange O: Import E: Export M: Share FinCom Spike Co p: print Fl: Help x F2: Date F3: Company F4: Contra F5: Payment t F6: Receipt F7: Journal F8: Sales F9: Purchase F: Autofill H: Change Mode l: More Details Error Oops! No Entries in Voucher! Unity o 3371a o run 3b4-9 2731- acep 2+67- 2731- acep .337. ning 17523 ing j _id" : 1-01" 2+67- Mode IA _ : Accept Q Search p: Delete cancel vch I O: Related Reports k: Optional T: post -Dated Fl 2: Configure Windows Server 2025 Datacenter Build 26100.ge_release240331-1435...
[keys] '^a' -> Tally 'TallyPrime:9000'
[shot] tds-260-S1-accept3 (1024x768)
[19:22:54] [tds] screen tds-260-S1-accept3 : x TallyPrime MANAGE EDU K: Company Accounting Voucher Creation Y: Data cb Sales Party Alc narne. Current balance: Sales ledger: - Current balance: Z: Exchange A Accept Q Search FinCom • ke Co O: Import E: Export List of Led er Accounts Cash Share Bank Share Party Share Supplier Spike Party Spike Party 2 Ul Party M: Share p: print x Create Fl: Help Date o 3371a No. 2 Cash 300.00 Dr Share Sales 200.00 Cr Company o run F4: Contra F5: Payment Receipt Journal F8: Sales 3b4-9 2731- acep 2+67- Name of Item End of List End of List Narration: Quit 2731- Purchase Fl 0: 0åHVouctg•s F: Autofill Change Mod...
[shot] tds-261-S1-after3 (1024x768)
[19:22:55] [tds] screen tds-261-S1-after3 : x TallyPrime MANAGE EDU K: Company Accounting Voucher Creation Y: Data cb Sales Party Alc narne. Current balance: Sales ledger: - Current balance: Z: Exchange A Accept Q Search FinCom • ke Co O: Import E: Export List of Led er Accounts Cash Share Bank Share Party Share Supplier Spike Party Spike Party 2 Ul Party M: Share p: print x Create Fl: Help Date o 3371a No. 2 Cash 300.00 Dr Share Sales 200.00 Cr Company o run F4: Contra F5: Payment Receipt Journal F8: Sales 3b4-9 2731- acep 2+67- Name of Item End of List End of List Narration: Quit 2731- Purchase Fl 0: 0åHVouctg•s F: Autofill Change Mod...
[keys] '^a' -> Tally 'TallyPrime:9000'
[shot] tds-262-S1-accept4 (1024x768)
[19:23:00] [tds] screen tds-262-S1-accept4 : x TallyPrime MANAGE EDU K: Company Accounting Voucher Creation Q: Quit Y: Data Z: Exchange O: Import E: Export M: Share FinCom Spike Co p: print Fl: Help x F2: Date F3: Company F4: Contra F5: Payment t F6: Receipt F7: Journal F8: Sales F9: Purchase F: Autofill H: Change Mode l: More Details Error Oops! No Entries in Voucher! Unity o 3371a o run 3b4-9 2731- acep 2+67- 2731- acep .337. ning 17523 ing j _id" : 1-01" 2+67- Mode IA _ : Accept Q Search p: Delete cancel vch I O: Related Reports k: Optional T: post -Dated Fl 2: Configure Windows Server 2025 Datacenter Build 26100.ge_release240331-1435...
[shot] tds-263-S1-after4 (1024x768)
[19:23:00] [tds] screen tds-263-S1-after4 : x TallyPrime MANAGE EDU K: Company Accounting Voucher Creation Q: Quit Y: Data Z: Exchange O: Import E: Export M: Share FinCom Spike Co p: print Fl: Help x F2: Date F3: Company F4: Contra F5: Payment t F6: Receipt F7: Journal F8: Sales F9: Purchase F: Autofill H: Change Mode l: More Details Error Oops! No Entries in Voucher! Unity o 3371a o run 3b4-9 2731- acep 2+67- 2731- acep .337. ning 17523 ing j _id" : 1-01" 2+67- Mode IA _ : Accept Q Search p: Delete cancel vch I O: Related Reports k: Optional T: post -Dated Fl 2: Configure Windows Server 2025 Datacenter Build 26100.ge_release240331-1435...
[shot] tds-264-gw0 (1024x768)
[19:23:01] [tds] screen tds-264-gw0 : x TallyPrime MANAGE EDU K: Company Accounting Voucher Creation Q: Quit Y: Data Z: Exchange O: Import E: Export M: Share FinCom Spike Co p: print Fl: Help x F2: Date F3: Company F4: Contra F5: Payment t F6: Receipt F7: Journal F8: Sales F9: Purchase F: Autofill H: Change Mode l: More Details Error Oops! No Entries in Voucher! Unity o 3371a o run 3b4-9 2731- acep 2+67- 2731- acep .337. ning 17523 ing j _id" : 1-01" 2+67- Mode IA _ : Accept Q Search p: Delete cancel vch I O: Related Reports k: Optional T: post -Dated Fl 2: Configure Windows Server 2025 Datacenter Build 26100.ge_release240331-1435...
[keys] '{ESC}' -> Tally 'TallyPrime:9000'
[shot] tds-265-gw1 (1024x768)
[19:23:05] [tds] screen tds-265-gw1 : x TallyPrime MANAGE EDU K: Company Accounting Voucher Creation Y: Data cb Sales Party Alc narne. Current balance: Sales ledger: - Current balance: Z: Exchange A Accept Q Search FinCom • ke Co O: Import E: Export List of Led er Accounts Cash Share Bank Share Party Share Supplier Spike Party Spike Party 2 Ul Party M: Share p: print x Create Fl: Help Date o 3371a No. 2 Cash 300.00 Dr Share Sales 200.00 Cr Company o run F4: Contra F5: Payment Receipt Journal F8: Sales 3b4-9 2731- acep 2+67- Name of Item End of List End of List Narration: Quit 2731- Purchase Fl 0: 0åHVouctg•s F: Autofill Change Mod...
[keys] '{ESC}' -> Tally 'TallyPrime:9000'
[shot] tds-266-gw2 (1024x768)
[19:23:08] [tds] screen tds-266-gw2 : x TallyPrime MANAGE EDU K: Company Accounting Voucher Creation Y: Data cb Sales Party Alc narne. Current balance: Sales ledger: - Current balance: Z: Exchange A Accept Q Search FinCom • ke Co O: Import E: Export List of Led er Accounts Cash Share Bank Share Party Share Supplier Spike Party Spike Party 2 Ul Party M: Share p: print x Create Fl: Help Date o 3371a No. 2 300.00 Dr Share Sales 200.00 Cr Company o run F4: Contra F5: Payment Receipt Journal F8: Sales 3b4-9 2731- acep 2+67- Name of Item End of List End of List Narration: Quit 2731- Purchase Fl 0: 0åHVouctg•s F: Autofill Change Mode Mor...
[keys] '{ESC}' -> Tally 'TallyPrime:9000'
[shot] tds-267-gw3 (1024x768)
[19:23:12] [tds] screen tds-267-gw3 : TallyPrime MANAGE EDU K: Company Accounting Voucher Creation Y: Data cb Sales Party Alc narne. Current balance: Sales ledger: - Current balance: No. 2 300.00 Dr Share Sales 200.00 Cr Z: Exchange FinCom A: Accept Q Search O: Import Quantity E: Export Rate M: Share per Name of Item End of List End of List Narration: Q: Quit p: print 2-Oct-26 Friday Amount Quit o Yes or No Unity D: Delete X: Cancel Vch x Fl: Help F2: Date F3: Company F4: Contra F5: Payment F6: Receipt F7: Journal F8: Sales F9: Purchase F: Autofill H: Change Mode l: More Details O: Related Reports k: Optional T: post -Dated Fl 2: ...
[keys] 'y' -> Tally 'TallyPrime:9000'
[shot] tds-268-gw4 (1024x768)
[19:23:16] [tds] screen tds-268-gw4 : x TallyPrime MANAGE EDU K: Company Gatewa of Tall CURRENT PERIOD I-Apr-26 to 31-Mar-27 NAME OF COMPANY FinCom Spike Co Y: Data Z: Exchange CURRENT OATE Friday, 2-Oct-2026 O: Import E: Export M: Share p: print Fl: Help Date o 3371a Gateway of Tally MASTERS Create Alter CHart of Accounts TRANSACTIONS Vouchers Day 800K UTILITIES BaNking REPORTS Balance Sheet Profit & Loss A/c Stock Summary Ratio Analysis Display More Reports DashbOard Quit Unity Q 2-Oct-26 Search Company o run 3b4-9 2731- acep 2+67- 2731- acep .337. ning 17523 ing j _id" : 1-01" 2+67- Mode Windows Server 2025 Datacenter Build 261...
  voucher mid=1 aid=1 Journal/1/20260401 guid=2bbc8f60-fad7-4b8f-b633-510b49c07cf5-00000001 cancelled=False
  voucher mid=2 aid=2 Journal/2/20261001 guid=2bbc8f60-fad7-4b8f-b633-510b49c07cf5-00000002 cancelled=False
  voucher mid=3 aid=3 Journal/3/20261001 guid=2bbc8f60-fad7-4b8f-b633-510b49c07cf5-00000003 cancelled=False
  voucher mid=4 aid=4 Journal/4/20261001 guid=2bbc8f60-fad7-4b8f-b633-510b49c07cf5-00000004 cancelled=False
  voucher mid=5 aid=5 Journal/5/20261001 guid=2bbc8f60-fad7-4b8f-b633-510b49c07cf5-00000005 cancelled=False
  voucher mid=6 aid=6 Payroll/1/20261001 guid=2bbc8f60-fad7-4b8f-b633-510b49c07cf5-00000006 cancelled=False
  voucher mid=7 aid=7 Receipt/1/20261002 guid=2bbc8f60-fad7-4b8f-b633-510b49c07cf5-00000007 cancelled=False
  voucher mid=8 aid=8 Receipt/2/20261002 guid=2bbc8f60-fad7-4b8f-b633-510b49c07cf5-00000008 cancelled=False
  voucher mid=9 aid=9 Payment/1/20261002 guid=2bbc8f60-fad7-4b8f-b633-510b49c07cf5-00000009 cancelled=False
  voucher mid=10 aid=10 Payment/2/20261002 guid=2bbc8f60-fad7-4b8f-b633-510b49c07cf5-0000000a cancelled=False
  voucher mid=11 aid=11 Contra/1/20261002 guid=2bbc8f60-fad7-4b8f-b633-510b49c07cf5-0000000b cancelled=False
  voucher mid=12 aid=12 Journal/6/20261002 guid=2bbc8f60-fad7-4b8f-b633-510b49c07cf5-0000000c cancelled=False
  voucher mid=13 aid=13 Journal/7/20261002 guid=2bbc8f60-fad7-4b8f-b633-510b49c07cf5-0000000d cancelled=False
  voucher mid=14 aid=14 Sales/1/20261002 guid=2bbc8f60-fad7-4b8f-b633-510b49c07cf5-0000000e cancelled=False
  INFO share sales-new (sales item invoice, New Ref bill (SI-1)): Tally Sales 1 mid 14; stored party 'Share Party' bills [New Ref,New Ref]; the line party 'Share Party' bills []; lines voucher_accept_post x1, voucher_full x1
[19:23:19] ---- share copy-sales-new: Alt+2 copy of the New Ref sales invoice (its bill as the copy carries it)
  voucher mid=1 aid=1 Journal/1/20260401 guid=2bbc8f60-fad7-4b8f-b633-510b49c07cf5-00000001 cancelled=False
  voucher mid=2 aid=2 Journal/2/20261001 guid=2bbc8f60-fad7-4b8f-b633-510b49c07cf5-00000002 cancelled=False
  voucher mid=3 aid=3 Journal/3/20261001 guid=2bbc8f60-fad7-4b8f-b633-510b49c07cf5-00000003 cancelled=False
  voucher mid=4 aid=4 Journal/4/20261001 guid=2bbc8f60-fad7-4b8f-b633-510b49c07cf5-00000004 cancelled=False
  voucher mid=5 aid=5 Journal/5/20261001 guid=2bbc8f60-fad7-4b8f-b633-510b49c07cf5-00000005 cancelled=False
  voucher mid=6 aid=6 Payroll/1/20261001 guid=2bbc8f60-fad7-4b8f-b633-510b49c07cf5-00000006 cancelled=False
  voucher mid=7 aid=7 Receipt/1/20261002 guid=2bbc8f60-fad7-4b8f-b633-510b49c07cf5-00000007 cancelled=False
  voucher mid=8 aid=8 Receipt/2/20261002 guid=2bbc8f60-fad7-4b8f-b633-510b49c07cf5-00000008 cancelled=False
  voucher mid=9 aid=9 Payment/1/20261002 guid=2bbc8f60-fad7-4b8f-b633-510b49c07cf5-00000009 cancelled=False
  voucher mid=10 aid=10 Payment/2/20261002 guid=2bbc8f60-fad7-4b8f-b633-510b49c07cf5-0000000a cancelled=False
  voucher mid=11 aid=11 Contra/1/20261002 guid=2bbc8f60-fad7-4b8f-b633-510b49c07cf5-0000000b cancelled=False
  voucher mid=12 aid=12 Journal/6/20261002 guid=2bbc8f60-fad7-4b8f-b633-510b49c07cf5-0000000c cancelled=False
  voucher mid=13 aid=13 Journal/7/20261002 guid=2bbc8f60-fad7-4b8f-b633-510b49c07cf5-0000000d cancelled=False
  voucher mid=14 aid=14 Sales/1/20261002 guid=2bbc8f60-fad7-4b8f-b633-510b49c07cf5-0000000e cancelled=False
[shot] tds-269-gw0 (1024x768)
[19:23:20] [tds] screen tds-269-gw0 : x TallyPrime MANAGE EDU K: Company Gatewa of Tall CURRENT PERIOD I-Apr-26 to 31-Mar-27 NAME OF COMPANY FinCom Spike Co Y: Data Z: Exchange CURRENT OATE Friday, 2-Oct-2026 O: Import E: Export M: Share p: print Fl: Help Date o 3371a Gateway of Tally MASTERS Create Alter CHart of Accounts TRANSACTIONS Vouchers Day 800K UTILITIES BaNking REPORTS Balance Sheet Profit & Loss A/c Stock Summary Ratio Analysis Display More Reports DashbOard Quit Unity Q 2-Oct-26 Search Company o run 3b4-9 2731- acep 2+67- 2731- acep .337. ning 17523 ing j _id" : 1-01" 2+67- Mode Windows Server 2025 Datacenter Build 261...
[keys] '%g' -> Tally 'TallyPrime:9000'
[shot] tds-270-D1-goto (1024x768)
[19:23:23] [tds] screen tds-270-D1-goto : x R CEDU TallyPrime MANAGE K: Company List of Re Y: Data Its Z: Exchange O: Import E: Export M: Share p: print Fl: Help x FinCom Spike Co (Predefined) (Predefined) (Predefined) Saved Views Purchase Dashboard Sales Dashboard Outstanding MSME Bills Common Reports Dashboard Balance Sheet Profit & Loss A/c Cash/Bank Book Day Book Ledger Vouchers Stock Summary Trial Balance Bills Receivable Bills Payable Master and Voucher Statistics Stock Query Chart of Accounts Final Accounts Reports Receivables & Payables Reports Banking Utilities Ledger Reports Q Create Voucher Create Master Alter Master Expand...
[keys] 'Day Book' -> Tally 'TallyPrime:9000'
[keys] '{ENTER}' -> Tally 'TallyPrime:9000'
[shot] tds-271-D1-daybook (1024x768)
[19:23:30] [tds] screen tds-271-D1-daybook : x TallyPrime MANAGE EDU K: Company Da Book • Day Book Y: Data Space: Sekd Z: Exchange A Add Vch Q Search FinCom • ke Co Vch Type Contra Payment Payment Receipt Receipt Journal Journal Sales O: Import Vch No. 1 1 2 1 2 6 7 1 E: Export M: Share P: Print For 2-Oct-26 Date 2-Oct-26 2-Oct-26 2-Oct-26 2-Oct-26 2-Oct-26 2-Oct-26 2-Oct-26 2-Oct-26 Unity Quit Particulars Cash Share Supplier Share Expense Share Party Spike Income Share Expense Share Expense Share Party Enter: Alter Debit Amount Credit Amount Inwards Qty_ Outwards Qt 400.00 300.00 600.00 250.00 200.00 200.00 500.00 700.00 U: Restore Line...
[keys] '{F2}' -> Tally 'TallyPrime:9000'
[shot] tds-272-D1-db-date (1024x768)
[19:23:33] [tds] screen tds-272-D1-db-date : TallyPrime MANAGE EDU K: Company Change Date Unity Quit Y: Data Z: Exchange A Accept Q Search O: Import E: Export M: Share p: print x Fl: Help FinCom Spike Co Change Date 2-10-2026 o 3371a o run 3b4-9 2731- acep 2+67- 2731- acep .337. ning 17523 ing j _id" : 1-01" 2+67- Mode Windows Server 2025 Datacenter Build 26100.ge_release240331-1435 7:23 PM 10/8/2026
[keys] '2-10-2026{ENTER}' -> Tally 'TallyPrime:9000'
[shot] tds-273-D1-db-dated (1024x768)
[19:23:38] [tds] screen tds-273-D1-db-dated : x TallyPrime MANAGE EDU K: Company Da Book • Day Book Y: Data Space: Sekd Z: Exchange A Add Vch Q Search FinCom • ke Co Vch Type Contra Payment Payment Receipt Receipt Journal Journal Sales O: Import Vch No. 1 1 2 1 2 6 7 1 E: Export M: Share P: Print For 2-Oct-26 Date 2-Oct-26 2-Oct-26 2-Oct-26 2-Oct-26 2-Oct-26 2-Oct-26 2-Oct-26 2-Oct-26 Unity Quit Particulars Cash Share Supplier Share Expense Share Party Spike Income Share Expense Share Expense Share Party Enter: Alter Debit Amount Credit Amount Inwards Qty_ Outwards Qt 400.00 300.00 600.00 250.00 200.00 200.00 500.00 700.00 U: Restore Line...
[keys] '{F4}' -> Tally 'TallyPrime:9000'
[shot] tds-274-D1-db-type (1024x768)
[19:23:42] [tds] screen tds-274-D1-db-type : x TallyPrime MANAGE EDU K: Company Change Voucher Type Quit Y: Data Z: Exchange O: Import E: Export M: Share p: print Fl: Help x FinCom • ke Co Name of VoucherType Voucher T • All Items Contra Credit Note Debit Note Journal Memorandum s Create Unity Payment Physical Stock Purchase Receipt Reversing Journal Sales Stock Journal Accept Q Search o 3371a o run 3b4-9 2731- acep 2+67- 2731- acep .337. ning 17523 ing j _id" : 1-01" 2+67- Mode Windows Server 2025 Datacenter Build 26100.ge_release240331-1435 7:23 PM 10/8/2026
[keys] 'Sales{ENTER}' -> Tally 'TallyPrime:9000'
[shot] tds-275-D1-db-typed (1024x768)
[19:23:47] [tds] screen tds-275-D1-db-typed : x TallyPrime MANAGE EDU K: Company Da Book • List of Sales Vouchers Y: Data Space: Sekd Z: Exchange A Add Vch Q Search FinCom • ke Co Vch Type O: Import Vch No. Total: E: Export M: Share P: Print For 2-Oct-26 Date 2-Oct-26 Unity Quit Particulars Share Party Enter: Alter Sales DuÅicate Vch Debit Amount 200.00 200.00 I Insert Vch Delete x: Cancel Vch Credit Amount U: Restore Line Fl: Help F2: Date Company Voucher Type F7: Show profit Columnar FIO B: Basis of = Values Change ¯ View Exception J: Reports Save View L: Apply F: — Filter F: Filter ¯ Details F 12: Configure o 3371a o run 3b4-9 2731- ac...
[keys] '{END}' -> Tally 'TallyPrime:9000'
[shot] tds-276-D1-db-last (1024x768)
[19:23:50] [tds] screen tds-276-D1-db-last : x TallyPrime MANAGE EDU K: Company Da Book • List of Sales Vouchers Y: Data Space: Sekd Z: Exchange A Add Vch Q Search FinCom • ke Co Vch Type O: Import Vch No. Total: E: Export M: Share P: Print For 2-Oct-26 Date 2-Oct-26 Unity Quit Particulars Share Party Enter: Alter Sales DuÅicate Vch Debit Amount 200.00 200.00 I Insert Vch Delete x: Cancel Vch Credit Amount U: Restore Line Fl: Help F2: Date Company Voucher Type F7: Show profit Columnar FIO B: Basis of = Values Change ¯ View Exception J: Reports Save View L: Apply F: — Filter F: Filter ¯ Details F 12: Configure o 3371a o run 3b4-9 2731- ac...
[keys] '%2' -> Tally 'TallyPrime:9000'
[shot] tds-277-D1-copy (1024x768)
[19:23:54] [tds] screen tds-277-D1-copy : x FinCom • ke Co cb Unity TallyPrime MANAGE EDU K: Company Y: Data Accounting Voucher Creation (Duplication Sales No. 2 PartyA/c narne: Share Pa Currentbalance: 3,700.00 Dr Sales ledger: Share Sales Current balance: 200.00 Cr Name of Item Share Item Narration: Quit Z: Exchange A Accept Q Search O: Import Quantity 2 Nos 2 Nos E: Export Rate 100.00 M: Share per Nos p: print 2-Oct-26 Friday Amount 200.00 Fl: Help Date o 3371a Company o run F4: Contra F5: Payment Receipt Journal F8: Sales 3b4-9 2731- acep 2+67- 2731- Purchase Fl 0: 0åHVouctg•s F: Autofill Change Mode More Details o: L: 200.00 Rela...
[keys] '^a' -> Tally 'TallyPrime:9000'
[shot] tds-278-D1-accept1 (1024x768)
[19:23:59] [tds] screen tds-278-D1-accept1 : x TallyPrime MANAGE EDU K: Company Da Book • List of Sales Vouchers Y: Data Space: Sekd Z: Exchange A Add Vch Q Search FinCom • ke Co Vch Type Sales Sales O: Import Vch No. 1 2 Total: E: Export M: Share P: Print For 2-Oct-26 Date 2-Oct-26 2-Oct-26 Unity Quit Particulars Share Party Share Party Enter: Alter Debit Amount 200.00 200.00 400.00 DuÅicate Vch I Insert Vch Delete x: Cancel Vch Credit Amount U: Restore Line Fl: Help F2: Date Company Voucher Type F7: Show profit Columnar FIO B: Basis of = Values Change ¯ View Exception J: Reports Save View L: Apply F: — Filter F: Filter ¯ Details F 12: ...
[shot] tds-279-D1-after1 (1024x768)
[19:24:00] [tds] screen tds-279-D1-after1 : x TallyPrime MANAGE EDU K: Company Da Book • List of Sales Vouchers Y: Data Space: Sekd Z: Exchange A Add Vch Q Search FinCom • ke Co Vch Type Sales Sales O: Import Vch No. 1 2 Total: E: Export M: Share P: Print For 2-Oct-26 Date 2-Oct-26 2-Oct-26 Unity Quit Particulars Share Party Share Party Enter: Alter Debit Amount 200.00 200.00 400.00 DuÅicate Vch I Insert Vch Delete x: Cancel Vch Credit Amount U: Restore Line Fl: Help F2: Date Company Voucher Type F7: Show profit Columnar FIO B: Basis of = Values Change ¯ View Exception J: Reports Save View L: Apply F: — Filter F: Filter ¯ Details F 12: ...
[shot] tds-280-gw0 (1024x768)
[19:24:01] [tds] screen tds-280-gw0 : x TallyPrime MANAGE EDU K: Company Da Book • List of Sales Vouchers Y: Data Space: Sekd Z: Exchange A Add Vch Q Search FinCom • ke Co Vch Type Sales Sales O: Import Vch No. 1 2 Total: E: Export M: Share P: Print For 2-Oct-26 Date 2-Oct-26 2-Oct-26 Unity Quit Particulars Share Party Share Party Enter: Alter Debit Amount 200.00 200.00 400.00 DuÅicate Vch I Insert Vch Delete x: Cancel Vch Credit Amount U: Restore Line Fl: Help F2: Date Company Voucher Type F7: Show profit Columnar FIO B: Basis of = Values Change ¯ View Exception J: Reports Save View L: Apply F: — Filter F: Filter ¯ Details F 12: ...
[keys] '{ESC}' -> Tally 'TallyPrime:9000'
[shot] tds-281-gw1 (1024x768)
[19:24:04] [tds] screen tds-281-gw1 : x TallyPrime MANAGE EDU K: Company Gatewa of Tall CURRENT PERIOD I-Apr-26 to 31-Mar-27 NAME OF COMPANY FinCom Spike Co Y: Data Z: Exchange CURRENT OATE Friday, 2-Oct-2026 O: Import E: Export M: Share p: print Fl: Help Date o 3371a Gateway of Tally MASTERS Create Alter CHart of Accounts TRANSACTIONS Vouchers Day 800K UTILITIES BaNking REPORTS Balance Sheet Profit & Loss A/c Stock Summary Ratio Analysis Display More Reports DashbOard Quit Unity Q 2-Oct-26 Search Company o run 3b4-9 2731- acep 2+67- 2731- acep .337. ning 17523 ing j _id" : 1-01" 2+67- Mode Windows Server 2025 Datacenter Build 261...
  voucher mid=1 aid=1 Journal/1/20260401 guid=2bbc8f60-fad7-4b8f-b633-510b49c07cf5-00000001 cancelled=False
  voucher mid=2 aid=2 Journal/2/20261001 guid=2bbc8f60-fad7-4b8f-b633-510b49c07cf5-00000002 cancelled=False
  voucher mid=3 aid=3 Journal/3/20261001 guid=2bbc8f60-fad7-4b8f-b633-510b49c07cf5-00000003 cancelled=False
  voucher mid=4 aid=4 Journal/4/20261001 guid=2bbc8f60-fad7-4b8f-b633-510b49c07cf5-00000004 cancelled=False
  voucher mid=5 aid=5 Journal/5/20261001 guid=2bbc8f60-fad7-4b8f-b633-510b49c07cf5-00000005 cancelled=False
  voucher mid=6 aid=6 Payroll/1/20261001 guid=2bbc8f60-fad7-4b8f-b633-510b49c07cf5-00000006 cancelled=False
  voucher mid=7 aid=7 Receipt/1/20261002 guid=2bbc8f60-fad7-4b8f-b633-510b49c07cf5-00000007 cancelled=False
  voucher mid=8 aid=8 Receipt/2/20261002 guid=2bbc8f60-fad7-4b8f-b633-510b49c07cf5-00000008 cancelled=False
  voucher mid=9 aid=9 Payment/1/20261002 guid=2bbc8f60-fad7-4b8f-b633-510b49c07cf5-00000009 cancelled=False
  voucher mid=10 aid=10 Payment/2/20261002 guid=2bbc8f60-fad7-4b8f-b633-510b49c07cf5-0000000a cancelled=False
  voucher mid=11 aid=11 Contra/1/20261002 guid=2bbc8f60-fad7-4b8f-b633-510b49c07cf5-0000000b cancelled=False
  voucher mid=12 aid=12 Journal/6/20261002 guid=2bbc8f60-fad7-4b8f-b633-510b49c07cf5-0000000c cancelled=False
  voucher mid=13 aid=13 Journal/7/20261002 guid=2bbc8f60-fad7-4b8f-b633-510b49c07cf5-0000000d cancelled=False
  voucher mid=14 aid=14 Sales/1/20261002 guid=2bbc8f60-fad7-4b8f-b633-510b49c07cf5-0000000e cancelled=False
  voucher mid=15 aid=15 Sales/2/20261002 guid=2bbc8f60-fad7-4b8f-b633-510b49c07cf5-0000000f cancelled=False
  INFO share copy-sales-new (Alt+2 copy of the New Ref sales invoice (its bill as the copy carries it)): Tally Sales 2 mid 15; stored party 'Share Party' bills [Agst Ref,Agst Ref]; the line party 'Share Party' bills [New Ref]; lines voucher_accept_post x1, voucher_full x1
[19:24:07] ---- share sales-new2: sales item invoice, a second one (Tally allocates its bill at the save: no bill-wise screen in item invoice mode, run 37719717293)
  voucher mid=1 aid=1 Journal/1/20260401 guid=2bbc8f60-fad7-4b8f-b633-510b49c07cf5-00000001 cancelled=False
  voucher mid=2 aid=2 Journal/2/20261001 guid=2bbc8f60-fad7-4b8f-b633-510b49c07cf5-00000002 cancelled=False
  voucher mid=3 aid=3 Journal/3/20261001 guid=2bbc8f60-fad7-4b8f-b633-510b49c07cf5-00000003 cancelled=False
  voucher mid=4 aid=4 Journal/4/20261001 guid=2bbc8f60-fad7-4b8f-b633-510b49c07cf5-00000004 cancelled=False
  voucher mid=5 aid=5 Journal/5/20261001 guid=2bbc8f60-fad7-4b8f-b633-510b49c07cf5-00000005 cancelled=False
  voucher mid=6 aid=6 Payroll/1/20261001 guid=2bbc8f60-fad7-4b8f-b633-510b49c07cf5-00000006 cancelled=False
  voucher mid=7 aid=7 Receipt/1/20261002 guid=2bbc8f60-fad7-4b8f-b633-510b49c07cf5-00000007 cancelled=False
  voucher mid=8 aid=8 Receipt/2/20261002 guid=2bbc8f60-fad7-4b8f-b633-510b49c07cf5-00000008 cancelled=False
  voucher mid=9 aid=9 Payment/1/20261002 guid=2bbc8f60-fad7-4b8f-b633-510b49c07cf5-00000009 cancelled=False
  voucher mid=10 aid=10 Payment/2/20261002 guid=2bbc8f60-fad7-4b8f-b633-510b49c07cf5-0000000a cancelled=False
  voucher mid=11 aid=11 Contra/1/20261002 guid=2bbc8f60-fad7-4b8f-b633-510b49c07cf5-0000000b cancelled=False
  voucher mid=12 aid=12 Journal/6/20261002 guid=2bbc8f60-fad7-4b8f-b633-510b49c07cf5-0000000c cancelled=False
  voucher mid=13 aid=13 Journal/7/20261002 guid=2bbc8f60-fad7-4b8f-b633-510b49c07cf5-0000000d cancelled=False
  voucher mid=14 aid=14 Sales/1/20261002 guid=2bbc8f60-fad7-4b8f-b633-510b49c07cf5-0000000e cancelled=False
  voucher mid=15 aid=15 Sales/2/20261002 guid=2bbc8f60-fad7-4b8f-b633-510b49c07cf5-0000000f cancelled=False
[shot] tds-282-gw0 (1024x768)
[19:24:08] [tds] screen tds-282-gw0 : x TallyPrime MANAGE EDU K: Company Gatewa of Tall CURRENT PERIOD I-Apr-26 to 31-Mar-27 NAME OF COMPANY FinCom Spike Co Y: Data Z: Exchange CURRENT OATE Friday, 2-Oct-2026 O: Import E: Export M: Share p: print Fl: Help Date o 3371a Gateway of Tally MASTERS Create Alter CHart of Accounts TRANSACTIONS Vouchers Day 800K UTILITIES BaNking REPORTS Balance Sheet Profit & Loss A/c Stock Summary Ratio Analysis Display More Reports DashbOard Quit Unity Q 2-Oct-26 Search Company o run 3b4-9 2731- acep 2+67- 2731- acep .337. ning 17523 ing j _id" : 1-01" 2+67- Mode Windows Server 2025 Datacenter Build 261...
[shot] tds-283-S2-start (1024x768)
[19:24:09] [tds] screen tds-283-S2-start : x TallyPrime MANAGE EDU K: Company Gatewa of Tall CURRENT PERIOD I-Apr-26 to 31-Mar-27 NAME OF COMPANY FinCom Spike Co Y: Data Z: Exchange CURRENT OATE Friday, 2-Oct-2026 O: Import E: Export M: Share p: print Fl: Help Date o 3371a Gateway of Tally MASTERS Create Alter CHart of Accounts TRANSACTIONS Vouchers Day 800K UTILITIES BaNking REPORTS Balance Sheet Profit & Loss A/c Stock Summary Ratio Analysis Display More Reports DashbOard Quit Unity Q 2-Oct-26 Search Company o run 3b4-9 2731- acep 2+67- 2731- acep .337. ning 17523 ing j _id" : 1-01" 2+67- Mode Windows Server 2025 Datacenter Build 261...
[keys] 'v' -> Tally 'TallyPrime:9000'
[shot] tds-284-S2-vouchers (1024x768)
[19:24:13] [tds] screen tds-284-S2-vouchers : x TallyPrime MANAGE EDU K: Company Accounting Voucher Creation cb Sales No. 3 Party Alc narne. Current balance: Sales ledger: - Current balance: Name of Item Narration: Unity Quit Y: Data Z: Exchange A Accept Q Search FinCom • ke Co O: Import E: Export List of Led er Accounts Cash Share Bank Share Party Share Supplier Spike Party Spike Party 2 Ul Party M: Share p: print x Create Fl: Help Date o 3371a Company o run F4: Contra F5: Payment Receipt Journal F8: Sales 3b4-9 2731- acep 2+67- 2731- Purchase Fl 0: 0åHVouctg•s F: Autofill Change Mode More Details o: L: Related Reports Optional post -Dat...
[keys] '{F8}' -> Tally 'TallyPrime:9000'
[shot] tds-285-S2-type (1024x768)
[19:24:17] [tds] screen tds-285-S2-type : x TallyPrime MANAGE EDU K: Company Accounting Voucher Creation cb Sales No. 3 Party Alc narne. Current balance: Sales ledger: - Current balance: Name of Item Narration: Unity Quit Y: Data Z: Exchange A Accept Q Search FinCom • ke Co O: Import E: Export List of Led er Accounts Cash Share Bank Share Party Share Supplier Spike Party Spike Party 2 Ul Party M: Share p: print x Create Fl: Help Date o 3371a Company o run F4: Contra F5: Payment Receipt Journal F8: Sales 3b4-9 2731- acep 2+67- 2731- Purchase Fl 0: 0åHVouctg•s F: Autofill Change Mode More Details o: L: Related Reports Optional post -Dat...
[keys] '^h' -> Tally 'TallyPrime:9000'
[shot] tds-286-S2-mode (1024x768)
[19:24:21] [tds] screen tds-286-S2-mode : TallyPrime MANAGE EDU K: Company Change Mode Unity Quit Y: Data Z: Exchange O: Import E: Export M: Share p: print x Fl: Help FinCom • ke Co Change Voucher Mode Item Invoice List of Modes/Usa es Item Invoice Accounting Invoice As Voucher A Accept Q Search o 3371a o run 3b4-9 2731- acep 2+67- 2731- acep .337. ning 17523 ing j _id" : 1-01" 2+67- Mode Windows Server 2025 Datacenter Build 26100.ge_release240331-1435 7•.24 PM 10/8/2026
[keys] 'Item Invoice{ENTER}' -> Tally 'TallyPrime:9000'
[shot] tds-287-S2-item-mode (1024x768)
[19:24:25] [tds] screen tds-287-S2-item-mode : x TallyPrime MANAGE EDU K: Company Accounting Voucher Creation cb Sales No. 3 Party Alc narne. Current balance: Sales ledger: - Current balance: Name of Item Narration: Unity Quit Y: Data Z: Exchange A Accept Q Search FinCom • ke Co O: Import E: Export List of Led er Accounts Cash Share Bank Share Party Share Supplier Spike Party Spike Party 2 Ul Party M: Share p: print x Create Fl: Help Date o 3371a Company o run F4: Contra F5: Payment Receipt Journal F8: Sales 3b4-9 2731- acep 2+67- 2731- Purchase Fl 0: 0åHVouctg•s F: Autofill Change Mode More Details o: L: Related Reports Optional post -Dat...
[keys] '{F2}' -> Tally 'TallyPrime:9000'
[shot] tds-288-S2-date-box (1024x768)
[19:24:28] [tds] screen tds-288-S2-date-box : TallyPrime MANAGE EDU K: Company Change Voucher Date Unity Quit Y: Data Z: Exchange A Accept Q Search O: Import E: Export M: Share p: print x Fl: Help FinCom Spike Co Voucher Date 3-10-2026 o 3371a o run 3b4-9 2731- acep 2+67- 2731- acep .337. ning 17523 ing j _id" : 1-01" 2+67- Mode Windows Server 2025 Datacenter Build 26100.ge_release240331-1435 7•.24 PM 10/8/2026
[keys] '2-10-2026{ENTER}' -> Tally 'TallyPrime:9000'
[shot] tds-289-S2-date (1024x768)
[19:24:32] [tds] screen tds-289-S2-date : x TallyPrime MANAGE EDU K: Company Accounting Voucher Creation cb Sales No. 3 Party Alc narne. Current balance: Sales ledger: - Current balance: Name of Item Narration: Unity Quit Y: Data Z: Exchange A Accept Q Search FinCom • ke Co O: Import E: Export List of Led er Accounts Cash Share Bank Share Party Share Supplier Spike Party Spike Party 2 Ul Party M: Share p: print x Create Fl: Help Date o 3371a Company o run F4: Contra F5: Payment Receipt Journal F8: Sales 3b4-9 2731- acep 2+67- 2731- Purchase Fl 0: 0åHVouctg•s F: Autofill Change Mode More Details o: L: Related Reports Optional post -Dat...
[keys] 'Share Party{ENTER}' -> Tally 'TallyPrime:9000'
[shot] tds-290-S2-party (1024x768)
[19:24:36] [tds] screen tds-290-S2-party : x R CEDU Details TallyPrime MANAGE K: Company Y: Data Z: Exchange Accept Q Search O: Import E: Export M: Share p: print Fl: Help x Delivery Note No(s) FinCom Spike Co Dispatch Details Dispatch Doc No. Dispatched through Destination Carrier Name/Agent Bill of No. Motor Vehicle No. Date: Unity Quit o 3371a o run 3b4-9 2731- acep 2+67- 2731- acep .337. ning 17523 ing j _id" : 1-01" 2+67- Mode Windows Server 2025 Datacenter Build 26100.ge_release240331-1435 7•.24 PM 10/8/2026
[shot] tds-291-S2-party-sub1 (1024x768)
[19:24:37] [tds] screen tds-291-S2-party-sub1 : x R CEDU Details TallyPrime MANAGE K: Company Y: Data Z: Exchange Accept Q Search O: Import E: Export M: Share p: print Fl: Help x Delivery Note No(s) FinCom Spike Co Dispatch Details Dispatch Doc No. Dispatched through Destination Carrier Name/Agent Bill of No. Motor Vehicle No. Date: Unity Quit o 3371a o run 3b4-9 2731- acep 2+67- 2731- acep .337. ning 17523 ing j _id" : 1-01" 2+67- Mode Windows Server 2025 Datacenter Build 26100.ge_release240331-1435 7•.24 PM 10/8/2026
[keys] '^a' -> Tally 'TallyPrime:9000'
[shot] tds-292-S2-party-sub-accept (1024x768)
[19:24:40] [tds] screen tds-292-S2-party-sub-accept : x R CEDU TallyPrime MANAGE K: Company Y: Data Z: Exchange FinCom Spike Co Party Details Share Pa List of Led er Accounts Share Party Share Supplier Spike Party Spike Party 2 Ul Party O: Import Create New Party E: Export M: Share p: print Fl: Help x Details Quit Buyer (Bill to) Mailing Name Address State Country GST Registration type GSTIN/UIN Place of Supply Accept Q Search o 3371a o run 3b4-9 2731- acep 2+67- 2731- acep .337. ning 17523 ing j _id" : 1-01" 2+67- Unity Configure Mode Windows Server 2025 Datacenter Build 26100.ge_release240331-1435 7•.24 PM 10/8/2026
[shot] tds-293-S2-party-sub2 (1024x768)
[19:24:41] [tds] screen tds-293-S2-party-sub2 : x R CEDU TallyPrime MANAGE K: Company Y: Data Z: Exchange FinCom Spike Co Party Details Share Pa List of Led er Accounts Share Party Share Supplier Spike Party Spike Party 2 Ul Party O: Import Create New Party E: Export M: Share p: print Fl: Help x Details Quit Buyer (Bill to) Mailing Name Address State Country GST Registration type GSTIN/UIN Place of Supply Accept Q Search o 3371a o run 3b4-9 2731- acep 2+67- 2731- acep .337. ning 17523 ing j _id" : 1-01" 2+67- Unity Configure Mode Windows Server 2025 Datacenter Build 26100.ge_release240331-1435 7•.24 PM 10/8/2026
[keys] '^a' -> Tally 'TallyPrime:9000'
[shot] tds-294-S2-party-sub-accept (1024x768)
[19:24:45] [tds] screen tds-294-S2-party-sub-accept : x TallyPrime MANAGE EDU K: Company Accounting Voucher Creation cb Sales No. 3 Party A/c narne: Share Party Current balance: 3,900.00 Dr Sales ledger: - Current balance: Name of Item Narration: Unity Quit Y: Data Z: Exchange A Accept Q Search FinCom • ke Co O: Import E: Export List of Led er Accounts Share Sales M: Share p: print x Create Show More Fl: Help Date o 3371a Company o run F4: Contra F5: Payment Receipt Journal F8: Sales 3b4-9 2731- acep 2+67- 2731- Purchase Fl 0: 0åHVouctg•s F: Autofill Change Mode More Details o: L: Related Reports Optional post -Dated acep .337. ning 17523 ing j _...
[shot] tds-295-S2-party-sub3 (1024x768)
[19:24:46] [tds] screen tds-295-S2-party-sub3 : x TallyPrime MANAGE EDU K: Company Accounting Voucher Creation cb Sales No. 3 Party A/c narne: Share Party Current balance: 3,900.00 Dr Sales ledger: - Current balance: Name of Item Narration: Unity Quit Y: Data Z: Exchange A Accept Q Search FinCom • ke Co O: Import E: Export List of Led er Accounts Share Sales M: Share p: print x Create Show More Fl: Help Date o 3371a Company o run F4: Contra F5: Payment Receipt Journal F8: Sales 3b4-9 2731- acep 2+67- 2731- Purchase Fl 0: 0åHVouctg•s F: Autofill Change Mode More Details o: L: Related Reports Optional post -Dated acep .337. ning 17523 ing j _...
[keys] 'Share Sales{ENTER}' -> Tally 'TallyPrime:9000'
[shot] tds-296-S2-ledger (1024x768)
[19:24:50] [tds] screen tds-296-S2-ledger : x Y: Data cb Ch Unity TallyPrime MANAGE EDU K: Company Accounting Voucher Creation Sales No. 3 Party A/c narne: Share Party Current balance: 3,900.00 Dr Sales ledger: Share Sales Current balance: 400.00 Cr Name of Item Narration: Quit Z: Exchange A Accept Q Search FinCom • ke Co O: Import Quantity E: Export Rate M: Share per p: print 2-Oct-26 Friday Amount Fl: Help Date o 3371a Company o run F4: Contra F5: Payment Receipt Journal F8: Sales 3b4-9 2731- acep 2+67- 2731- Purchase Fl 0: 0åHVouctg•s F: Autofill Change Mode More Details o: L: Related Reports Optional post -Dated acep .337. ning 1752...
[keys] 'Share Item{ENTER}' -> Tally 'TallyPrime:9000'
[shot] tds-297-S2-item (1024x768)
[19:24:53] [tds] screen tds-297-S2-item : x Y: Data cb Unity TallyPrime MANAGE EDU K: Company Accounting Voucher Creation Sales No. 3 Party A/c narne: Share Party Current balance: 3,900.00 Dr Sales ledger: Share Sales Current balance: 400.00 Cr Name of Item Share Item Narration: Quit Z: Exchange A Accept Q Search FinCom • ke Co O: Import Quantity E: Export Rate M: Share per p: print 2-Oct-26 Friday Amount Fl: Help Date o 3371a Company o run F4: Contra F5: Payment Receipt Journal F8: Sales 3b4-9 2731- acep 2+67- 2731- Purchase Fl 0: 0åHVouctg•s F: Autofill Change Mode More Details o: L: Related Reports Optional post -Dated acep .337. n...
[shot] tds-298-S2-item-sub1 (1024x768)
[19:24:54] [tds] screen tds-298-S2-item-sub1 : x Y: Data cb Unity TallyPrime MANAGE EDU K: Company Accounting Voucher Creation Sales No. 3 Party A/c narne: Share Party Current balance: 3,900.00 Dr Sales ledger: Share Sales Current balance: 400.00 Cr Name of Item Share Item Narration: Quit Z: Exchange A Accept Q Search FinCom • ke Co O: Import Quantity E: Export Rate M: Share per p: print 2-Oct-26 Friday Amount Fl: Help Date o 3371a Company o run F4: Contra F5: Payment Receipt Journal F8: Sales 3b4-9 2731- acep 2+67- 2731- Purchase Fl 0: 0åHVouctg•s F: Autofill Change Mode More Details o: L: Related Reports Optional post -Dated acep .337. n...
[keys] '3{ENTER}' -> Tally 'TallyPrime:9000'
[shot] tds-299-S2-qty (1024x768)
[19:24:57] [tds] screen tds-299-S2-qty : x Y: Data cb Unity TallyPrime MANAGE EDU K: Company Accounting Voucher Creation Sales No. 3 Party A/c narne: Share Party Current balance: 3,900.00 Dr Sales ledger: Share Sales Current balance: 400.00 Cr Name of Item Share Item Narration: Quit Z: Exchange A Accept Q Search FinCom • ke Co O: Import Quantity 3 Nos 3 Nos E: Export Rate 100.00 M: Share per Nos p: print 2-Oct-26 Friday Amount 300.00 Fl: Help Date o 3371a Company o run F4: Contra F5: Payment Receipt Journal F8: Sales 3b4-9 2731- acep 2+67- 2731- Purchase Fl 0: 0åHVouctg•s F: Autofill Change Mode More Details o: L: 300.00 Related Repo...
[keys] '100{ENTER}' -> Tally 'TallyPrime:9000'
[shot] tds-300-S2-rate (1024x768)
[19:25:01] [tds] screen tds-300-S2-rate : x Y: Data cb Unity TallyPrime MANAGE EDU K: Company Accounting Voucher Creation Sales No. 3 Party A/c narne: Share Party Current balance: 3,900.00 Dr Sales ledger: Share Sales Current balance: 400.00 Cr Name of Item Share Item Narration: Quit Z: Exchange A Accept Q Search FinCom • ke Co O: Import Quantity 3 Nos 3 Nos E: Export Rate 100.00 M: Share per Nos p: print 2-Oct-26 Friday Amount 300.00 Fl: Help Date o 3371a Company o run F4: Contra F5: Payment Receipt Journal F8: Sales 3b4-9 2731- acep 2+67- 2731- Purchase Fl 0: 0åHVouctg•s F: Autofill Change Mode More Details o: L: 300.00 Related Repo...
[keys] '{ENTER}' -> Tally 'TallyPrime:9000'
[shot] tds-301-S2-amount (1024x768)
[19:25:04] [tds] screen tds-301-S2-amount : x Y: Data cb Unity TallyPrime MANAGE EDU K: Company Accounting Voucher Creation Sales No. 3 Party A/c narne: Share Party Current balance: 3,900.00 Dr Sales ledger: Share Sales Current balance: 400.00 Cr Name of Item Share Item Narration: Quit Z: Exchange A Accept Q Search FinCom • ke Co O: Import Quantity 3 Nos 3 Nos E: Export Rate 100.00 M: Share per Nos p: print 2-Oct-26 Friday Amount 300.00 Fl: Help Date o 3371a Company o run F4: Contra F5: Payment Receipt Journal F8: Sales 3b4-9 2731- acep 2+67- 2731- Purchase Fl 0: 0åHVouctg•s F: Autofill Change Mode More Details o: L: 300.00 Related Repo...
[shot] tds-302-S2-item-b-sub1 (1024x768)
[19:25:05] [tds] screen tds-302-S2-item-b-sub1 : x Y: Data cb Unity TallyPrime MANAGE EDU K: Company Accounting Voucher Creation Sales No. 3 Party A/c narne: Share Party Current balance: 3,900.00 Dr Sales ledger: Share Sales Current balance: 400.00 Cr Name of Item Share Item Narration: Quit Z: Exchange A Accept Q Search FinCom • ke Co O: Import Quantity 3 Nos 3 Nos E: Export Rate 100.00 M: Share per Nos p: print 2-Oct-26 Friday Amount 300.00 Fl: Help Date o 3371a Company o run F4: Contra F5: Payment Receipt Journal F8: Sales 3b4-9 2731- acep 2+67- 2731- Purchase Fl 0: 0åHVouctg•s F: Autofill Change Mode More Details o: L: 300.00 Related Repo...
[keys] '{ENTER}' -> Tally 'TallyPrime:9000'
[shot] tds-303-S2-items-done (1024x768)
[19:25:08] [tds] screen tds-303-S2-items-done : x Y: Data cb Unity TallyPrime MANAGE EDU K: Company Accounting Voucher Creation Sales No. 3 Party A/c narne: Share Party Current balance: 3,900.00 Dr Sales ledger: Share Sales Current balance: 400.00 Cr Name of Item Share Item Narration: Quit Z: Exchange A Accept Q Search FinCom • ke Co O: Import Quantity 3 Nos 3 Nos E: Export Rate 100.00 M: Share per Nos p: print 2-Oct-26 Friday Amount 300.00 300.00 Fl: Help Date o 3371a Company o run F4: Contra F5: Payment Receipt Journal F8: Sales 3b4-9 2731- acep 2+67- 2731- Purchase Fl 0: 0åHVouctg•s F: Autofill Change Mode More Details o: L: 300.00 Relat...
[keys] '^a' -> Tally 'TallyPrime:9000'
[shot] tds-304-S2-accept1 (1024x768)
[19:25:12] [tds] screen tds-304-S2-accept1 : x TallyPrime MANAGE EDU K: Company Accounting Voucher Creation cb Sales No. 4 Party Alc narne. Current balance: Sales ledger: - Current balance: Name of Item Narration: Unity Quit Y: Data Z: Exchange A Accept Q Search FinCom • ke Co O: Import E: Export List of Led er Accounts Cash Share Bank Share Party Share Supplier Spike Party Spike Party 2 Ul Party M: Share p: print x Create Fl: Help Date o 3371a Company o run F4: Contra F5: Payment Receipt Journal F8: Sales 3b4-9 2731- acep 2+67- 2731- Purchase Fl 0: 0åHVouctg•s F: Autofill Change Mode More Details o: L: Related Reports Optional post -Dat...
[shot] tds-305-S2-after1 (1024x768)
[19:25:13] [tds] screen tds-305-S2-after1 : x TallyPrime MANAGE EDU K: Company Accounting Voucher Creation cb Sales No. 4 Party Alc narne. Current balance: Sales ledger: - Current balance: Name of Item Narration: Unity Quit Y: Data Z: Exchange A Accept Q Search FinCom • ke Co O: Import E: Export List of Led er Accounts Cash Share Bank Share Party Share Supplier Spike Party Spike Party 2 Ul Party M: Share p: print x Create Fl: Help Date o 3371a Company o run F4: Contra F5: Payment Receipt Journal F8: Sales 3b4-9 2731- acep 2+67- 2731- Purchase Fl 0: 0åHVouctg•s F: Autofill Change Mode More Details o: L: Related Reports Optional post -Dat...
[keys] '^a' -> Tally 'TallyPrime:9000'
[shot] tds-306-S2-accept2 (1024x768)
[19:25:18] [tds] screen tds-306-S2-accept2 : x TallyPrime MANAGE EDU K: Company Accounting Voucher Creation Q: Quit Y: Data Z: Exchange O: Import E: Export M: Share FinCom Spike Co p: print Fl: Help x F2: Date F3: Company F4: Contra F5: Payment t F6: Receipt F7: Journal F8: Sales F9: Purchase F: Autofill H: Change Mode l: More Details Error Oops! No Entries in Voucher! Unity o 3371a o run 3b4-9 2731- acep 2+67- 2731- acep .337. ning 17523 ing j _id" : 1-01" 2+67- Mode IA _ : Accept Q Search p: Delete cancel vch I O: Related Reports k: Optional T: post -Dated Fl 2: Configure Windows Server 2025 Datacenter Build 26100.ge_release240331-1435...
[shot] tds-307-S2-after2 (1024x768)
[19:25:19] [tds] screen tds-307-S2-after2 : x TallyPrime MANAGE EDU K: Company Accounting Voucher Creation Q: Quit Y: Data Z: Exchange O: Import E: Export M: Share FinCom Spike Co p: print Fl: Help x F2: Date F3: Company F4: Contra F5: Payment t F6: Receipt F7: Journal F8: Sales F9: Purchase F: Autofill H: Change Mode l: More Details Error Oops! No Entries in Voucher! Unity o 3371a o run 3b4-9 2731- acep 2+67- 2731- acep .337. ning 17523 ing j _id" : 1-01" 2+67- Mode IA _ : Accept Q Search p: Delete cancel vch I O: Related Reports k: Optional T: post -Dated Fl 2: Configure Windows Server 2025 Datacenter Build 26100.ge_release240331-1435...
[keys] '^a' -> Tally 'TallyPrime:9000'
[shot] tds-308-S2-accept3 (1024x768)
[19:25:23] [tds] screen tds-308-S2-accept3 : x TallyPrime MANAGE EDU K: Company Accounting Voucher Creation Y: Data cb Sales Party Alc narne. Current balance: Sales ledger: - Current balance: Z: Exchange A Accept Q Search FinCom • ke Co O: Import E: Export List of Led er Accounts Cash Share Bank Share Party Share Supplier Spike Party Spike Party 2 Ul Party M: Share p: print x Create Fl: Help Date o 3371a No. 4 Cash 300.00 Dr Share Sales 700.00 Cr Company o run F4: Contra F5: Payment Receipt Journal F8: Sales 3b4-9 2731- acep 2+67- Name of Item End of List End of List Narration: Quit 2731- Purchase Fl 0: 0åHVouctg•s F: Autofill Change Mod...
[shot] tds-309-S2-after3 (1024x768)
[19:25:24] [tds] screen tds-309-S2-after3 : x TallyPrime MANAGE EDU K: Company Accounting Voucher Creation Y: Data cb Sales Party Alc narne. Current balance: Sales ledger: - Current balance: Z: Exchange A Accept Q Search FinCom • ke Co O: Import E: Export List of Led er Accounts Cash Share Bank Share Party Share Supplier Spike Party Spike Party 2 Ul Party M: Share p: print x Create Fl: Help Date o 3371a No. 4 Cash 300.00 Dr Share Sales 700.00 Cr Company o run F4: Contra F5: Payment Receipt Journal F8: Sales 3b4-9 2731- acep 2+67- Name of Item End of List End of List Narration: Quit 2731- Purchase Fl 0: 0åHVouctg•s F: Autofill Change Mod...
[keys] '^a' -> Tally 'TallyPrime:9000'
[shot] tds-310-S2-accept4 (1024x768)
[19:25:29] [tds] screen tds-310-S2-accept4 : x TallyPrime MANAGE EDU K: Company Accounting Voucher Creation Q: Quit Y: Data Z: Exchange O: Import E: Export M: Share FinCom Spike Co p: print Fl: Help x F2: Date F3: Company F4: Contra F5: Payment t F6: Receipt F7: Journal F8: Sales F9: Purchase F: Autofill H: Change Mode l: More Details Error Oops! No Entries in Voucher! Unity o 3371a o run 3b4-9 2731- acep 2+67- 2731- acep .337. ning 17523 ing j _id" : 1-01" 2+67- Mode IA _ : Accept Q Search p: Delete cancel vch I O: Related Reports k: Optional T: post -Dated Fl 2: Configure Windows Server 2025 Datacenter Build 26100.ge_release240331-1435...
[shot] tds-311-S2-after4 (1024x768)
[19:25:30] [tds] screen tds-311-S2-after4 : x TallyPrime MANAGE EDU K: Company Accounting Voucher Creation Q: Quit Y: Data Z: Exchange O: Import E: Export M: Share FinCom Spike Co p: print Fl: Help x F2: Date F3: Company F4: Contra F5: Payment t F6: Receipt F7: Journal F8: Sales F9: Purchase F: Autofill H: Change Mode l: More Details Error Oops! No Entries in Voucher! Unity o 3371a o run 3b4-9 2731- acep 2+67- 2731- acep .337. ning 17523 ing j _id" : 1-01" 2+67- Mode IA _ : Accept Q Search p: Delete cancel vch I O: Related Reports k: Optional T: post -Dated Fl 2: Configure Windows Server 2025 Datacenter Build 26100.ge_release240331-1435...
[shot] tds-312-gw0 (1024x768)
[19:25:31] [tds] screen tds-312-gw0 : x TallyPrime MANAGE EDU K: Company Accounting Voucher Creation Q: Quit Y: Data Z: Exchange O: Import E: Export M: Share FinCom Spike Co p: print Fl: Help x F2: Date F3: Company F4: Contra F5: Payment t F6: Receipt F7: Journal F8: Sales F9: Purchase F: Autofill H: Change Mode l: More Details Error Oops! No Entries in Voucher! Unity o 3371a o run 3b4-9 2731- acep 2+67- 2731- acep .337. ning 17523 ing j _id" : 1-01" 2+67- Mode IA _ : Accept Q Search p: Delete cancel vch I O: Related Reports k: Optional T: post -Dated Fl 2: Configure Windows Server 2025 Datacenter Build 26100.ge_release240331-1435...
[keys] '{ESC}' -> Tally 'TallyPrime:9000'
[shot] tds-313-gw1 (1024x768)
[19:25:34] [tds] screen tds-313-gw1 : x TallyPrime MANAGE EDU K: Company Accounting Voucher Creation Y: Data cb Sales Party Alc narne. Current balance: Sales ledger: - Current balance: Z: Exchange A Accept Q Search FinCom • ke Co O: Import E: Export List of Led er Accounts Cash Share Bank Share Party Share Supplier Spike Party Spike Party 2 Ul Party M: Share p: print x Create Fl: Help Date o 3371a No. 4 Cash 300.00 Dr Share Sales 700.00 Cr Company o run F4: Contra F5: Payment Receipt Journal F8: Sales 3b4-9 2731- acep 2+67- Name of Item End of List End of List Narration: Quit 2731- Purchase Fl 0: 0åHVouctg•s F: Autofill Change Mod...
[keys] '{ESC}' -> Tally 'TallyPrime:9000'
[shot] tds-314-gw2 (1024x768)
[19:25:38] [tds] screen tds-314-gw2 : x TallyPrime MANAGE EDU K: Company Accounting Voucher Creation Y: Data cb Sales Party Alc narne. Current balance: Sales ledger: - Current balance: Z: Exchange A Accept Q Search FinCom • ke Co O: Import E: Export List of Led er Accounts Cash Share Bank Share Party Share Supplier Spike Party Spike Party 2 Ul Party M: Share p: print x Create Fl: Help Date o 3371a No. 4 300.00 Dr Share Sales 700.00 Cr Company o run F4: Contra F5: Payment Receipt Journal F8: Sales 3b4-9 2731- acep 2+67- Name of Item End of List End of List Narration: Quit 2731- Purchase Fl 0: 0åHVouctg•s F: Autofill Change Mode Mor...
[keys] '{ESC}' -> Tally 'TallyPrime:9000'
[shot] tds-315-gw3 (1024x768)
[19:25:41] [tds] screen tds-315-gw3 : TallyPrime MANAGE EDU K: Company Accounting Voucher Creation Y: Data cb Sales Party Alc narne. Current balance: Sales ledger: - Current balance: No. 4 300.00 Dr Share Sales 700.00 Cr Z: Exchange FinCom A: Accept Q Search O: Import Quantity E: Export Rate M: Share per Name of Item End of List End of List Narration: Q: Quit p: print 2-Oct-26 Friday Amount Quit o Yes or No Unity D: Delete X: Cancel Vch x Fl: Help F2: Date F3: Company F4: Contra F5: Payment F6: Receipt F7: Journal F8: Sales F9: Purchase F: Autofill H: Change Mode l: More Details O: Related Reports k: Optional T: post -Dated Fl 2: ...
[keys] 'y' -> Tally 'TallyPrime:9000'
[shot] tds-316-gw4 (1024x768)
[19:25:45] [tds] screen tds-316-gw4 : x TallyPrime MANAGE EDU K: Company Gatewa of Tall CURRENT PERIOD I-Apr-26 to 31-Mar-27 NAME OF COMPANY FinCom Spike Co Y: Data Z: Exchange CURRENT OATE Friday, 2-Oct-2026 O: Import E: Export M: Share p: print Fl: Help Date o 3371a Gateway of Tally MASTERS Create Alter CHart of Accounts TRANSACTIONS Vouchers Day 800K UTILITIES BaNking REPORTS Balance Sheet Profit & Loss A/c Stock Summary Ratio Analysis Display More Reports DashbOard Quit Unity Q 2-Oct-26 Search Company o run 3b4-9 2731- acep 2+67- 2731- acep .337. ning 17523 ing j _id" : 1-01" 2+67- Mode Windows Server 2025 Datacenter Build 261...
  voucher mid=1 aid=1 Journal/1/20260401 guid=2bbc8f60-fad7-4b8f-b633-510b49c07cf5-00000001 cancelled=False
  voucher mid=2 aid=2 Journal/2/20261001 guid=2bbc8f60-fad7-4b8f-b633-510b49c07cf5-00000002 cancelled=False
  voucher mid=3 aid=3 Journal/3/20261001 guid=2bbc8f60-fad7-4b8f-b633-510b49c07cf5-00000003 cancelled=False
  voucher mid=4 aid=4 Journal/4/20261001 guid=2bbc8f60-fad7-4b8f-b633-510b49c07cf5-00000004 cancelled=False
  voucher mid=5 aid=5 Journal/5/20261001 guid=2bbc8f60-fad7-4b8f-b633-510b49c07cf5-00000005 cancelled=False
  voucher mid=6 aid=6 Payroll/1/20261001 guid=2bbc8f60-fad7-4b8f-b633-510b49c07cf5-00000006 cancelled=False
  voucher mid=7 aid=7 Receipt/1/20261002 guid=2bbc8f60-fad7-4b8f-b633-510b49c07cf5-00000007 cancelled=False
  voucher mid=8 aid=8 Receipt/2/20261002 guid=2bbc8f60-fad7-4b8f-b633-510b49c07cf5-00000008 cancelled=False
  voucher mid=9 aid=9 Payment/1/20261002 guid=2bbc8f60-fad7-4b8f-b633-510b49c07cf5-00000009 cancelled=False
  voucher mid=10 aid=10 Payment/2/20261002 guid=2bbc8f60-fad7-4b8f-b633-510b49c07cf5-0000000a cancelled=False
  voucher mid=11 aid=11 Contra/1/20261002 guid=2bbc8f60-fad7-4b8f-b633-510b49c07cf5-0000000b cancelled=False
  voucher mid=12 aid=12 Journal/6/20261002 guid=2bbc8f60-fad7-4b8f-b633-510b49c07cf5-0000000c cancelled=False
  voucher mid=13 aid=13 Journal/7/20261002 guid=2bbc8f60-fad7-4b8f-b633-510b49c07cf5-0000000d cancelled=False
  voucher mid=14 aid=14 Sales/1/20261002 guid=2bbc8f60-fad7-4b8f-b633-510b49c07cf5-0000000e cancelled=False
  voucher mid=15 aid=15 Sales/2/20261002 guid=2bbc8f60-fad7-4b8f-b633-510b49c07cf5-0000000f cancelled=False
  voucher mid=16 aid=16 Sales/3/20261002 guid=2bbc8f60-fad7-4b8f-b633-510b49c07cf5-00000010 cancelled=False
  INFO share sales-new2 (sales item invoice, a second one (Tally allocates its bill at the save: no bill-wise screen in item invoice mode, run 37719717293)): Tally Sales 3 mid 16; stored party 'Share Party' bills [New Ref,New Ref]; the line party 'Share Party' bills []; lines voucher_accept_post x1, voucher_full x1
[19:25:48] ---- share purchase-new: purchase item invoice, New Ref bill (PI-1)
  voucher mid=1 aid=1 Journal/1/20260401 guid=2bbc8f60-fad7-4b8f-b633-510b49c07cf5-00000001 cancelled=False
  voucher mid=2 aid=2 Journal/2/20261001 guid=2bbc8f60-fad7-4b8f-b633-510b49c07cf5-00000002 cancelled=False
  voucher mid=3 aid=3 Journal/3/20261001 guid=2bbc8f60-fad7-4b8f-b633-510b49c07cf5-00000003 cancelled=False
  voucher mid=4 aid=4 Journal/4/20261001 guid=2bbc8f60-fad7-4b8f-b633-510b49c07cf5-00000004 cancelled=False
  voucher mid=5 aid=5 Journal/5/20261001 guid=2bbc8f60-fad7-4b8f-b633-510b49c07cf5-00000005 cancelled=False
  voucher mid=6 aid=6 Payroll/1/20261001 guid=2bbc8f60-fad7-4b8f-b633-510b49c07cf5-00000006 cancelled=False
  voucher mid=7 aid=7 Receipt/1/20261002 guid=2bbc8f60-fad7-4b8f-b633-510b49c07cf5-00000007 cancelled=False
  voucher mid=8 aid=8 Receipt/2/20261002 guid=2bbc8f60-fad7-4b8f-b633-510b49c07cf5-00000008 cancelled=False
  voucher mid=9 aid=9 Payment/1/20261002 guid=2bbc8f60-fad7-4b8f-b633-510b49c07cf5-00000009 cancelled=False
  voucher mid=10 aid=10 Payment/2/20261002 guid=2bbc8f60-fad7-4b8f-b633-510b49c07cf5-0000000a cancelled=False
  voucher mid=11 aid=11 Contra/1/20261002 guid=2bbc8f60-fad7-4b8f-b633-510b49c07cf5-0000000b cancelled=False
  voucher mid=12 aid=12 Journal/6/20261002 guid=2bbc8f60-fad7-4b8f-b633-510b49c07cf5-0000000c cancelled=False
  voucher mid=13 aid=13 Journal/7/20261002 guid=2bbc8f60-fad7-4b8f-b633-510b49c07cf5-0000000d cancelled=False
  voucher mid=14 aid=14 Sales/1/20261002 guid=2bbc8f60-fad7-4b8f-b633-510b49c07cf5-0000000e cancelled=False
  voucher mid=15 aid=15 Sales/2/20261002 guid=2bbc8f60-fad7-4b8f-b633-510b49c07cf5-0000000f cancelled=False
  voucher mid=16 aid=16 Sales/3/20261002 guid=2bbc8f60-fad7-4b8f-b633-510b49c07cf5-00000010 cancelled=False
[shot] tds-317-gw0 (1024x768)
[19:25:49] [tds] screen tds-317-gw0 : x TallyPrime MANAGE EDU K: Company Gatewa of Tall CURRENT PERIOD I-Apr-26 to 31-Mar-27 NAME OF COMPANY FinCom Spike Co Y: Data Z: Exchange CURRENT OATE Friday, 2-Oct-2026 O: Import E: Export M: Share p: print Fl: Help Date o 3371a Gateway of Tally MASTERS Create Alter CHart of Accounts TRANSACTIONS Vouchers Day 800K UTILITIES BaNking REPORTS Balance Sheet Profit & Loss A/c Stock Summary Ratio Analysis Display More Reports DashbOard Quit Unity Q 2-Oct-26 Search Company o run 3b4-9 2731- acep 2+67- 2731- acep .337. ning 17523 ing j _id" : 1-01" 2+67- Mode Windows Server 2025 Datacenter Build 261...
[shot] tds-318-U1-start (1024x768)
[19:25:50] [tds] screen tds-318-U1-start : x TallyPrime MANAGE EDU K: Company Gatewa of Tall CURRENT PERIOD I-Apr-26 to 31-Mar-27 NAME OF COMPANY FinCom Spike Co Y: Data Z: Exchange CURRENT OATE Friday, 2-Oct-2026 O: Import E: Export M: Share p: print Fl: Help Date o 3371a Gateway of Tally MASTERS Create Alter CHart of Accounts TRANSACTIONS Vouchers Day 800K UTILITIES BaNking REPORTS Balance Sheet Profit & Loss A/c Stock Summary Ratio Analysis Display More Reports DashbOard Quit Unity Q 2-Oct-26 Search Company o run 3b4-9 2731- acep 2+67- 2731- acep .337. ning 17523 ing j _id" : 1-01" 2+67- Mode Windows Server 2025 Datacenter Build 261...
[keys] 'v' -> Tally 'TallyPrime:9000'
[shot] tds-319-U1-vouchers (1024x768)
[19:25:54] [tds] screen tds-319-U1-vouchers : x TallyPrime MANAGE EDU K: Company Accounting Voucher Creation cb Sales No. 4 Party Alc narne. Current balance: Sales ledger: - Current balance: Name of Item Narration: Unity Quit Y: Data Z: Exchange A Accept Q Search FinCom • ke Co O: Import E: Export List of Led er Accounts Cash Share Bank Share Party Share Supplier Spike Party Spike Party 2 Ul Party M: Share p: print x Create Fl: Help Date o 3371a Company o run F4: Contra F5: Payment Receipt Journal F8: Sales 3b4-9 2731- acep 2+67- 2731- Purchase Fl 0: 0åHVouctg•s F: Autofill Change Mode More Details o: L: Related Reports Optional post -Dat...
[keys] '{F9}' -> Tally 'TallyPrime:9000'
[shot] tds-320-U1-type (1024x768)
[19:25:58] [tds] screen tds-320-U1-type : x TallyPrime MANAGE EDU K: Company Accounting»ucher Creation cb Purchase No. 1 Su*i« Imoice No. Party Alc narne: Current balance: Purchase ledger: - Current balance: Name of Item Narration: Unity Quit Y: Data Date Z: Exchange A Accept Q Search FinCom Spike Co O: Import Quantity E: Export Rate M: Share per p: print x 20ct-26 Friday Amount Fl: Help Date o 3371a Company o run F4: Contra F5: Payment Receipt Journal Sales 3b4-9 2731- acep 2+67- 2731- F9: Purchase Fl 0: 0åHVouctg•s F: Autofill Change Mode More Details o: L: Related Reports Optional post -Dated acep .337. ning 17523 ing j _id" : 1-01...
[keys] '^h' -> Tally 'TallyPrime:9000'
[shot] tds-321-U1-mode (1024x768)
[19:26:01] [tds] screen tds-321-U1-mode : TallyPrime MANAGE EDU K: Company Change Mode Unity Quit Y: Data Z: Exchange O: Import E: Export M: Share p: print x Fl: Help FinCom • ke Co Change Voucher Mode Item Invoice List of Modes/Usa es Item Invoice Accounting Invoice As Voucher A Accept Q Search o 3371a o run 3b4-9 2731- acep 2+67- 2731- acep .337. ning 17523 ing j _id" : 1-01" 2+67- Mode Windows Server 2025 Datacenter Build 26100.ge_release240331-1435 7•.26 PM 10/8/2026
[keys] 'Item Invoice{ENTER}' -> Tally 'TallyPrime:9000'
[shot] tds-322-U1-item-mode (1024x768)
[19:26:05] [tds] screen tds-322-U1-item-mode : x TallyPrime MANAGE EDU K: Company Accounting»ucher Creation cb Purchase No. 1 Su*i« Imoice No. Party Alc narne: Current balance: Purchase ledger: - Current balance: Name of Item Narration: Unity Quit Y: Data Date Z: Exchange A Accept Q Search FinCom Spike Co O: Import Quantity E: Export Rate M: Share per p: print x 20ct-26 Friday Amount Fl: Help Date o 3371a Company o run F4: Contra F5: Payment Receipt Journal Sales 3b4-9 2731- acep 2+67- 2731- F9: Purchase Fl 0: 0åHVouctg•s F: Autofill Change Mode More Details o: L: Related Reports Optional post -Dated acep .337. ning 17523 ing j _id" : 1-01...
[keys] '{F2}' -> Tally 'TallyPrime:9000'
[shot] tds-323-U1-date-box (1024x768)
[19:26:08] [tds] screen tds-323-U1-date-box : TallyPrime MANAGE EDU K: Company Change Voucher Date Unity Quit Y: Data Z: Exchange A Accept Q Search O: Import E: Export M: Share p: print x Fl: Help FinCom Spike Co Voucher Date 3-10-2026 o 3371a o run 3b4-9 2731- acep 2+67- 2731- acep .337. ning 17523 ing j _id" : 1-01" 2+67- Mode Windows Server 2025 Datacenter Build 26100.ge_release240331-1435 7•.26 PM 10/8/2026
[keys] '2-10-2026{ENTER}' -> Tally 'TallyPrime:9000'
[shot] tds-324-U1-date (1024x768)
[19:26:12] [tds] screen tds-324-U1-date : x TallyPrime MANAGE EDU K: Company Accounting»ucher Creation cb Purchase No. 1 Su*i« Imoice No. Party Alc narne: Current balance: Purchase ledger: - Current balance: Name of Item Narration: Unity Quit Y: Data Date Z: Exchange A Accept Q Search FinCom Spike Co O: Import Quantity E: Export Rate M: Share per p: print x 20ct-26 Friday Amount Fl: Help Date o 3371a Company o run F4: Contra F5: Payment Receipt Journal Sales 3b4-9 2731- acep 2+67- 2731- F9: Purchase Fl 0: 0åHVouctg•s F: Autofill Change Mode More Details o: L: Related Reports Optional post -Dated acep .337. ning 17523 ing j _id" : 1-01...
[keys] 'SUP-1{ENTER}' -> Tally 'TallyPrime:9000'
[shot] tds-325-U1-head (1024x768)
[19:26:15] [tds] screen tds-325-U1-head : x TallyPrime MANAGE EDU K: Company Accounting»ucher Creation cb Purchase No. 1 Su*lmoice No.: SUP-I Party Alc narne: Current balance: Purchase ledger: - Current balance: Name of Item Narration: Unity Quit Y: Data Date Z: Exchange 2-Oct-26 A Accept Q Search FinCom Spike Co O: Import Quantity E: Export Rate M: Share per p: print x 20ct-26 Friday Amount Fl: Help Date o 3371a Company o run F4: Contra F5: Payment Receipt Journal Sales 3b4-9 2731- acep 2+67- 2731- F9: Purchase Fl 0: 0åHVouctg•s F: Autofill Change Mode More Details o: L: Related Reports Optional post -Dated acep .337. ning 17523 ing ...
[keys] '{ENTER}' -> Tally 'TallyPrime:9000'
[shot] tds-326-U1-head (1024x768)
[19:26:18] [tds] screen tds-326-U1-head : x TallyPrime MANAGE EDU K: Company Accounting»ucher Creation cb Purchase No. 1 Su*lmoice No.: SUP-I Party Alc narne. Current balance: Purchase ledger: - Current balance: Name of Item Narration: Unity Quit Y: Data Date Z: Exchange 2-Oct-26 A Accept Q Search FinCom Spike Co O: Import E: Export List of Led er Accounts Cash Share Bank Share Party Share Supplier Spike Party Spike Party 2 Ul Party M: Share p: print x Create Fl: Help Date o 3371a Company o run F4: Contra F5: Payment Receipt Journal Sales 3b4-9 2731- acep 2+67- 2731- F9: Purchase Fl 0: 0åHVouctg•s F: Autofill Change Mode More Details ...
[keys] 'Share Supplier{ENTER}' -> Tally 'TallyPrime:9000'
[shot] tds-327-U1-party (1024x768)
[19:26:23] [tds] screen tds-327-U1-party : x TallyPrime MANAGE EDU K: Company Details Y: Data Z: Exchange Accept Q Search O: Import E: Export M: Share p: print Fl: Help x Receipt Note No(s) FinCom Spike Co Receipt Details Receipt Doc No. Dispatched through Destination Carrier Name/Agent Bill of No. Motor Vehicle No. Date: Unity Quit o 3371a o run 3b4-9 2731- acep 2+67- 2731- acep .337. ning 17523 ing j _id" : 1-01" 2+67- Mode Windows Server 2025 Datacenter Build 26100.ge_release240331-1435 7•.26 PM 10/8/2026
[shot] tds-328-U1-party-sub1 (1024x768)
[19:26:24] [tds] screen tds-328-U1-party-sub1 : x TallyPrime MANAGE EDU K: Company Details Y: Data Z: Exchange Accept Q Search O: Import E: Export M: Share p: print Fl: Help x Receipt Note No(s) FinCom Spike Co Receipt Details Receipt Doc No. Dispatched through Destination Carrier Name/Agent Bill of No. Motor Vehicle No. Date: Unity Quit o 3371a o run 3b4-9 2731- acep 2+67- 2731- acep .337. ning 17523 ing j _id" : 1-01" 2+67- Mode Windows Server 2025 Datacenter Build 26100.ge_release240331-1435 7•.26 PM 10/8/2026
[keys] '^a' -> Tally 'TallyPrime:9000'
[shot] tds-329-U1-party-sub-accept (1024x768)
[19:26:27] [tds] screen tds-329-U1-party-sub-accept : x TallyPrime MANAGE EDU K: Company Details Quit Y: Data Z: Exchange FinCom Spike Co Party Details List of Led er Accounts Share Party Share Supplier Spike Party Spike Party 2 Ul Party O: Import Create New Party E: Export M: Share p: print Fl: Help x Supplier (Bill from) Mailing Name Address State Country GST Registration type GSTIN/UIN Place of Supply Accept Q Search o 3371a o run 3b4-9 2731- acep 2+67- 2731- acep .337. ning 17523 ing j _id" : 1-01" 2+67- Unity Configure Mode Windows Server 2025 Datacenter Build 26100.ge_release240331-1435 7•.26 PM 10/8/2026
[shot] tds-330-U1-party-sub2 (1024x768)
[19:26:28] [tds] screen tds-330-U1-party-sub2 : x TallyPrime MANAGE EDU K: Company Details Quit Y: Data Z: Exchange FinCom Spike Co Party Details List of Led er Accounts Share Party Share Supplier Spike Party Spike Party 2 Ul Party O: Import Create New Party E: Export M: Share p: print Fl: Help x Supplier (Bill from) Mailing Name Address State Country GST Registration type GSTIN/UIN Place of Supply Accept Q Search o 3371a o run 3b4-9 2731- acep 2+67- 2731- acep .337. ning 17523 ing j _id" : 1-01" 2+67- Unity Configure Mode Windows Server 2025 Datacenter Build 26100.ge_release240331-1435 7•.26 PM 10/8/2026
[keys] '^a' -> Tally 'TallyPrime:9000'
[shot] tds-331-U1-party-sub-accept (1024x768)
[19:26:32] [tds] screen tds-331-U1-party-sub-accept : x M: Share FinCom Spike Co cb TallyPrime MANAGE EDU K: Company Accounting»ucher Creation Purchase No. 1 Su*lmoice No.: SUP-I Y: Data Date Z: Exchange 2-Oct-26 A Accept Q Search O: Import E: Export List of Led er Accounts Share Purchase p: print x Create Show More Fl: Help Date o 3371a Company o run PartyA/c narne: Share Supplier Currentbalance: 3,200.00Cr Purchase ledger: - Current balance: Name of Item Narration: Quit F4: Contra F5: Payment Receipt Journal Sales 3b4-9 2731- acep 2+67- 2731- F9: Purchase Fl 0: 0åHVouctg•s F: Autofill Change Mode More Details o: L: Related Reports Optional post...
[shot] tds-332-U1-party-sub3 (1024x768)
[19:26:33] [tds] screen tds-332-U1-party-sub3 : x M: Share FinCom Spike Co cb TallyPrime MANAGE EDU K: Company Accounting»ucher Creation Purchase No. 1 Su*lmoice No.: SUP-I Y: Data Date Z: Exchange 2-Oct-26 A Accept Q Search O: Import E: Export List of Led er Accounts Share Purchase p: print x Create Show More Fl: Help Date o 3371a Company o run PartyA/c narne: Share Supplier Currentbalance: 3,200.00Cr Purchase ledger: - Current balance: Name of Item Narration: Quit F4: Contra F5: Payment Receipt Journal Sales 3b4-9 2731- acep 2+67- 2731- F9: Purchase Fl 0: 0åHVouctg•s F: Autofill Change Mode More Details o: L: Related Reports Optional post...
[keys] 'Share Purchase{ENTER}' -> Tally 'TallyPrime:9000'
[shot] tds-333-U1-ledger (1024x768)
[19:26:36] [tds] screen tds-333-U1-ledger : x TallyPrime MANAGE EDU K: Company Accounting»ucher Creation Purchase No. 1 Su*lmoice No.: SUP-I cb Ch Y: Data Date Z: Exchange 2-Oct-26 A Accept Q Search FinCom Spike Co O: Import Quantity E: Export Rate M: Share per p: print x 20ct-26 Friday Amount Fl: Help Date o 3371a Company o run PartyA/c narne: Share Supplier Currentbalance: 3,200.00 Cr Purchase ledger: Share Purchase - Current balance: Name of Item Narration: Quit F4: Contra F5: Payment Receipt Journal Sales 3b4-9 2731- acep 2+67- 2731- F9: Purchase Fl 0: 0åHVouctg•s F: Autofill Change Mode More Details o: L: Related Reports Optional p...
[keys] 'Share Item{ENTER}' -> Tally 'TallyPrime:9000'
[shot] tds-334-U1-item (1024x768)
[19:26:40] [tds] screen tds-334-U1-item : x FinCom Spike Co cb TallyPrime MANAGE EDU K: Company Accounting»ucher Creation Purchase No. 1 Su*lmoice No.: SUP-I Y: Data Date Z: Exchange 2-Oct-26 A Accept Q Search O: Import Quantity E: Export Rate M: Share per p: print x 20ct-26 Friday Amount Fl: Help Date o 3371a Company o run PartyA/c narne: Share Supplier Currentbalance: 3,200.00 Cr Purchase ledger: Share Purchase - Current balance: Name of Item Share Item Narration: Quit F4: Contra F5: Payment Receipt Journal Sales 3b4-9 2731- acep 2+67- 2731- F9: Purchase Fl 0: 0åHVouctg•s F: Autofill Change Mode More Details o: L: Related Reports Op...
[shot] tds-335-U1-item-sub1 (1024x768)
[19:26:41] [tds] screen tds-335-U1-item-sub1 : x FinCom Spike Co cb TallyPrime MANAGE EDU K: Company Accounting»ucher Creation Purchase No. 1 Su*lmoice No.: SUP-I Y: Data Date Z: Exchange 2-Oct-26 A Accept Q Search O: Import Quantity E: Export Rate M: Share per p: print x 20ct-26 Friday Amount Fl: Help Date o 3371a Company o run PartyA/c narne: Share Supplier Currentbalance: 3,200.00 Cr Purchase ledger: Share Purchase - Current balance: Name of Item Share Item Narration: Quit F4: Contra F5: Payment Receipt Journal Sales 3b4-9 2731- acep 2+67- 2731- F9: Purchase Fl 0: 0åHVouctg•s F: Autofill Change Mode More Details o: L: Related Reports Op...
[keys] '2{ENTER}' -> Tally 'TallyPrime:9000'
[shot] tds-336-U1-qty (1024x768)
[19:26:44] [tds] screen tds-336-U1-qty : x FinCom Spike Co cb TallyPrime MANAGE EDU K: Company Accounting»ucher Creation Purchase No. 1 Su*lmoice No.: SUP-I Y: Data Date Z: Exchange 2-Oct-26 A Accept Q Search O: Import Quantity 2 Nos 2 Nos E: Export Rate 50.00 M: Share per Nos p: print x 20ct-26 Friday Amount 100.00 Fl: Help Date o 3371a Company o run PartyA/c narne: Share Supplier Currentbalance: 3,200.00 Cr Purchase ledger: Share Purchase - Current balance: Name of Item Share Item Narration: Quit F4: Contra F5: Payment Receipt Journal Sales 3b4-9 2731- acep 2+67- 2731- F9: Purchase Fl 0: 0åHVouctg•s F: Autofill Change Mode More Det...
[keys] '80{ENTER}' -> Tally 'TallyPrime:9000'
[shot] tds-337-U1-rate (1024x768)
[19:26:47] [tds] screen tds-337-U1-rate : x FinCom Spike Co cb TallyPrime MANAGE EDU K: Company Accounting»ucher Creation Purchase No. 1 Su*lmoice No.: SUP-I Y: Data Date Z: Exchange 2-Oct-26 A Accept Q Search O: Import Quantity 2 Nos 2 Nos E: Export Rate 80.00 M: Share per Nos p: print x 20ct-26 Friday Amount 160.00 Fl: Help Date o 3371a Company o run PartyA/c narne: Share Supplier Currentbalance: 3,200.00 Cr Purchase ledger: Share Purchase - Current balance: Name of Item Share Item Narration: Quit F4: Contra F5: Payment Receipt Journal Sales 3b4-9 2731- acep 2+67- 2731- F9: Purchase Fl 0: 0åHVouctg•s F: Autofill Change Mode More Det...
[keys] '{ENTER}' -> Tally 'TallyPrime:9000'
[shot] tds-338-U1-amount (1024x768)
[19:26:51] [tds] screen tds-338-U1-amount : x FinCom Spike Co cb TallyPrime MANAGE EDU K: Company Accounting»ucher Creation Purchase No. 1 Su*lmoice No.: SUP-I Y: Data Date Z: Exchange 2-Oct-26 A Accept Q Search O: Import Quantity 2 Nos 2 Nos E: Export Rate 80.00 M: Share per Nos p: print x 20ct-26 Friday Amount 160.00 Fl: Help Date o 3371a Company o run PartyA/c narne: Share Supplier Currentbalance: 3,200.00 Cr Purchase ledger: Share Purchase - Current balance: Name of Item Share Item Narration: Quit F4: Contra F5: Payment Receipt Journal Sales 3b4-9 2731- acep 2+67- 2731- F9: Purchase Fl 0: 0åHVouctg•s F: Autofill Change Mode More Det...
[shot] tds-339-U1-item-b-sub1 (1024x768)
[19:26:51] [tds] screen tds-339-U1-item-b-sub1 : x FinCom Spike Co cb TallyPrime MANAGE EDU K: Company Accounting»ucher Creation Purchase No. 1 Su*lmoice No.: SUP-I Y: Data Date Z: Exchange 2-Oct-26 A Accept Q Search O: Import Quantity 2 Nos 2 Nos E: Export Rate 80.00 M: Share per Nos p: print x 20ct-26 Friday Amount 160.00 Fl: Help Date o 3371a Company o run PartyA/c narne: Share Supplier Currentbalance: 3,200.00 Cr Purchase ledger: Share Purchase - Current balance: Name of Item Share Item Narration: Quit F4: Contra F5: Payment Receipt Journal Sales 3b4-9 2731- acep 2+67- 2731- F9: Purchase Fl 0: 0åHVouctg•s F: Autofill Change Mode More Det...
[keys] '{ENTER}' -> Tally 'TallyPrime:9000'
[shot] tds-340-U1-items-done (1024x768)
[19:26:54] [tds] screen tds-340-U1-items-done : x FinCom Spike Co cb TallyPrime MANAGE EDU K: Company Accounting»ucher Creation Purchase No. 1 Su*lmoice No.: SUP-I Y: Data Date Z: Exchange 2-Oct-26 A Accept Q Search O: Import Quantity 2 Nos 2 Nos E: Export Rate 80.00 M: Share per Nos p: print x 20ct-26 Friday Amount 160.00 160.00 Fl: Help Date o 3371a Company o run PartyA/c narne: Share Supplier Currentbalance: 3,200.00 Cr Purchase ledger: Share Purchase - Current balance: Name of Item Share Item Narration: Quit F4: Contra F5: Payment Receipt Journal Sales 3b4-9 2731- acep 2+67- 2731- F9: Purchase Fl 0: 0åHVouctg•s F: Autofill Change Mode M...
[keys] '^a' -> Tally 'TallyPrime:9000'
[shot] tds-341-U1-accept1 (1024x768)
[19:26:59] [tds] screen tds-341-U1-accept1 : x TallyPrime MANAGE EDU K: Company Accounting»ucher Creation cb Purchase No. 2 Su*i« Imoice No. Party Alc narne: Current balance: Purchase ledger: - Current balance: Name of Item Narration: Unity Quit Y: Data Date Z: Exchange A Accept Q Search FinCom Spike Co O: Import Quantity E: Export Rate M: Share per p: print x 20ct-26 Friday Amount Fl: Help Date o 3371a Company o run F4: Contra F5: Payment Receipt Journal Sales 3b4-9 2731- acep 2+67- 2731- F9: Purchase Fl 0: 0åHVouctg•s F: Autofill Change Mode More Details o: L: Related Reports Optional post -Dated acep .337. ning 17523 ing j _id" : 1-01...
[shot] tds-342-U1-after1 (1024x768)
[19:27:00] [tds] screen tds-342-U1-after1 : x TallyPrime MANAGE EDU K: Company Accounting»ucher Creation cb Purchase No. 2 Su*i« Imoice No. Party Alc narne: Current balance: Purchase ledger: - Current balance: Name of Item Narration: Unity Quit Y: Data Date Z: Exchange A Accept Q Search FinCom Spike Co O: Import Quantity E: Export Rate M: Share per p: print x 20ct-26 Friday Amount Fl: Help Date o 3371a Company o run F4: Contra F5: Payment Receipt Journal Sales 3b4-9 2731- acep 2+67- 2731- F9: Purchase Fl 0: 0åHVouctg•s F: Autofill Change Mode More Details o: L: Related Reports Optional post -Dated acep .337. ning 17523 ing j _id" : 1-01...
[shot] tds-343-gw0 (1024x768)
[19:27:01] [tds] screen tds-343-gw0 : x TallyPrime MANAGE EDU K: Company Accounting»ucher Creation cb Purchase No. 2 Su*i« Imoice No. Party Alc narne: Current balance: Purchase ledger: - Current balance: Name of Item Narration: Unity Quit Y: Data Date Z: Exchange A Accept Q Search FinCom Spike Co O: Import Quantity E: Export Rate M: Share per p: print x 20ct-26 Friday Amount Fl: Help Date o 3371a Company o run F4: Contra F5: Payment Receipt Journal Sales 3b4-9 2731- acep 2+67- 2731- F9: Purchase Fl 0: 0åHVouctg•s F: Autofill Change Mode More Details o: L: Related Reports Optional post -Dated acep .337. ning 17523 ing j _id" : 1-01...
[keys] '{ESC}' -> Tally 'TallyPrime:9000'
[shot] tds-344-gw1 (1024x768)
[19:27:04] [tds] screen tds-344-gw1 : TallyPrime MANAGE EDU K: Company Accounting»ucher Creation cb Purchase No. 2 Su*i« Imoice No. Party Alc narne: Current balance: Purchase ledger: - Current balance: Name of Item Narration: Unity Q: Quit Y: Data Date Z: Exchange A: Accept Q Search FinCom Spike Co O: Import Quantity E: Export Rate M: Share per p: print x 20ct-26 Friday Amount Quit o Yes or No D: Delete X: Cancel Vch x Fl: Help F2: Date F3: Company F4: Contra F5: Payment F6: Receipt F7: Journal F8: Sales F9: Purchase F: Autofill H: Change Mode l: More Details O: Related Reports k: Optional T: post -Dated Fl 2: Configure o 3371a o ...
[keys] 'y' -> Tally 'TallyPrime:9000'
[shot] tds-345-gw2 (1024x768)
[19:27:08] [tds] screen tds-345-gw2 : x TallyPrime MANAGE EDU K: Company Gatewa of Tall CURRENT PERIOD I-Apr-26 to 31-Mar-27 NAME OF COMPANY FinCom Spike Co Y: Data Z: Exchange CURRENT OATE Friday, 2-Oct-2026 O: Import E: Export M: Share p: print Fl: Help Date o 3371a Gateway of Tally MASTERS Create Alter CHart of Accounts TRANSACTIONS Vouchers Day 800K UTILITIES BaNking REPORTS Balance Sheet Profit & Loss A/c Stock Summary Ratio Analysis Display More Reports DashbOard Quit Unity Q 2-Oct-26 Search Company o run 3b4-9 2731- acep 2+67- 2731- acep .337. ning 17523 ing j _id" : 1-01" 2+67- Mode Windows Server 2025 Datacenter Build 261...
  voucher mid=1 aid=1 Journal/1/20260401 guid=2bbc8f60-fad7-4b8f-b633-510b49c07cf5-00000001 cancelled=False
  voucher mid=2 aid=2 Journal/2/20261001 guid=2bbc8f60-fad7-4b8f-b633-510b49c07cf5-00000002 cancelled=False
  voucher mid=3 aid=3 Journal/3/20261001 guid=2bbc8f60-fad7-4b8f-b633-510b49c07cf5-00000003 cancelled=False
  voucher mid=4 aid=4 Journal/4/20261001 guid=2bbc8f60-fad7-4b8f-b633-510b49c07cf5-00000004 cancelled=False
  voucher mid=5 aid=5 Journal/5/20261001 guid=2bbc8f60-fad7-4b8f-b633-510b49c07cf5-00000005 cancelled=False
  voucher mid=6 aid=6 Payroll/1/20261001 guid=2bbc8f60-fad7-4b8f-b633-510b49c07cf5-00000006 cancelled=False
  voucher mid=7 aid=7 Receipt/1/20261002 guid=2bbc8f60-fad7-4b8f-b633-510b49c07cf5-00000007 cancelled=False
  voucher mid=8 aid=8 Receipt/2/20261002 guid=2bbc8f60-fad7-4b8f-b633-510b49c07cf5-00000008 cancelled=False
  voucher mid=9 aid=9 Payment/1/20261002 guid=2bbc8f60-fad7-4b8f-b633-510b49c07cf5-00000009 cancelled=False
  voucher mid=10 aid=10 Payment/2/20261002 guid=2bbc8f60-fad7-4b8f-b633-510b49c07cf5-0000000a cancelled=False
  voucher mid=11 aid=11 Contra/1/20261002 guid=2bbc8f60-fad7-4b8f-b633-510b49c07cf5-0000000b cancelled=False
  voucher mid=12 aid=12 Journal/6/20261002 guid=2bbc8f60-fad7-4b8f-b633-510b49c07cf5-0000000c cancelled=False
  voucher mid=13 aid=13 Journal/7/20261002 guid=2bbc8f60-fad7-4b8f-b633-510b49c07cf5-0000000d cancelled=False
  voucher mid=14 aid=14 Sales/1/20261002 guid=2bbc8f60-fad7-4b8f-b633-510b49c07cf5-0000000e cancelled=False
  voucher mid=15 aid=15 Sales/2/20261002 guid=2bbc8f60-fad7-4b8f-b633-510b49c07cf5-0000000f cancelled=False
  voucher mid=16 aid=16 Sales/3/20261002 guid=2bbc8f60-fad7-4b8f-b633-510b49c07cf5-00000010 cancelled=False
  voucher mid=17 aid=17 Purchase/1/20261002 guid=2bbc8f60-fad7-4b8f-b633-510b49c07cf5-00000011 cancelled=False
  INFO share purchase-new (purchase item invoice, New Ref bill (PI-1)): Tally Purchase 1 mid 17; stored party 'Share Supplier' bills [New Ref,New Ref]; the line party 'Share Supplier' bills []; lines voucher_accept_post x1, voucher_full x1
[19:27:11] ---- share purchase-new2: purchase item invoice, a second one (Tally allocates its bill at the save)
  voucher mid=1 aid=1 Journal/1/20260401 guid=2bbc8f60-fad7-4b8f-b633-510b49c07cf5-00000001 cancelled=False
  voucher mid=2 aid=2 Journal/2/20261001 guid=2bbc8f60-fad7-4b8f-b633-510b49c07cf5-00000002 cancelled=False
  voucher mid=3 aid=3 Journal/3/20261001 guid=2bbc8f60-fad7-4b8f-b633-510b49c07cf5-00000003 cancelled=False
  voucher mid=4 aid=4 Journal/4/20261001 guid=2bbc8f60-fad7-4b8f-b633-510b49c07cf5-00000004 cancelled=False
  voucher mid=5 aid=5 Journal/5/20261001 guid=2bbc8f60-fad7-4b8f-b633-510b49c07cf5-00000005 cancelled=False
  voucher mid=6 aid=6 Payroll/1/20261001 guid=2bbc8f60-fad7-4b8f-b633-510b49c07cf5-00000006 cancelled=False
  voucher mid=7 aid=7 Receipt/1/20261002 guid=2bbc8f60-fad7-4b8f-b633-510b49c07cf5-00000007 cancelled=False
  voucher mid=8 aid=8 Receipt/2/20261002 guid=2bbc8f60-fad7-4b8f-b633-510b49c07cf5-00000008 cancelled=False
  voucher mid=9 aid=9 Payment/1/20261002 guid=2bbc8f60-fad7-4b8f-b633-510b49c07cf5-00000009 cancelled=False
  voucher mid=10 aid=10 Payment/2/20261002 guid=2bbc8f60-fad7-4b8f-b633-510b49c07cf5-0000000a cancelled=False
  voucher mid=11 aid=11 Contra/1/20261002 guid=2bbc8f60-fad7-4b8f-b633-510b49c07cf5-0000000b cancelled=False
  voucher mid=12 aid=12 Journal/6/20261002 guid=2bbc8f60-fad7-4b8f-b633-510b49c07cf5-0000000c cancelled=False
  voucher mid=13 aid=13 Journal/7/20261002 guid=2bbc8f60-fad7-4b8f-b633-510b49c07cf5-0000000d cancelled=False
  voucher mid=14 aid=14 Sales/1/20261002 guid=2bbc8f60-fad7-4b8f-b633-510b49c07cf5-0000000e cancelled=False
  voucher mid=15 aid=15 Sales/2/20261002 guid=2bbc8f60-fad7-4b8f-b633-510b49c07cf5-0000000f cancelled=False
  voucher mid=16 aid=16 Sales/3/20261002 guid=2bbc8f60-fad7-4b8f-b633-510b49c07cf5-00000010 cancelled=False
  voucher mid=17 aid=17 Purchase/1/20261002 guid=2bbc8f60-fad7-4b8f-b633-510b49c07cf5-00000011 cancelled=False
[shot] tds-346-gw0 (1024x768)
[19:27:12] [tds] screen tds-346-gw0 : x TallyPrime MANAGE EDU K: Company Gatewa of Tall CURRENT PERIOD I-Apr-26 to 31-Mar-27 NAME OF COMPANY FinCom Spike Co Y: Data Z: Exchange CURRENT OATE Friday, 2-Oct-2026 O: Import E: Export M: Share p: print Fl: Help Date o 3371a Gateway of Tally MASTERS Create Alter CHart of Accounts TRANSACTIONS Vouchers Day 800K UTILITIES BaNking REPORTS Balance Sheet Profit & Loss A/c Stock Summary Ratio Analysis Display More Reports DashbOard Quit Unity Q 2-Oct-26 Search Company o run 3b4-9 2731- acep 2+67- 2731- acep .337. ning 17523 ing j _id" : 1-01" 2+67- Mode Windows Server 2025 Datacenter Build 261...
[shot] tds-347-U2-start (1024x768)
[19:27:13] [tds] screen tds-347-U2-start : x TallyPrime MANAGE EDU K: Company Gatewa of Tall CURRENT PERIOD I-Apr-26 to 31-Mar-27 NAME OF COMPANY FinCom Spike Co Y: Data Z: Exchange CURRENT OATE Friday, 2-Oct-2026 O: Import E: Export M: Share p: print Fl: Help Date o 3371a Gateway of Tally MASTERS Create Alter CHart of Accounts TRANSACTIONS Vouchers Day 800K UTILITIES BaNking REPORTS Balance Sheet Profit & Loss A/c Stock Summary Ratio Analysis Display More Reports DashbOard Quit Unity Q 2-Oct-26 Search Company o run 3b4-9 2731- acep 2+67- 2731- acep .337. ning 17523 ing j _id" : 1-01" 2+67- Mode Windows Server 2025 Datacenter Build 261...
[keys] 'v' -> Tally 'TallyPrime:9000'
[shot] tds-348-U2-vouchers (1024x768)
[19:27:17] [tds] screen tds-348-U2-vouchers : x TallyPrime MANAGE EDU K: Company Accounting»ucher Creation cb Purchase No. 2 Su*i« Imoice No. Party Alc narne: Current balance: Purchase ledger: - Current balance: Name of Item Narration: Unity Quit Y: Data Date Z: Exchange A Accept Q Search FinCom Spike Co O: Import Quantity E: Export Rate M: Share per p: print x 20ct-26 Friday Amount Fl: Help Date o 3371a Company o run F4: Contra F5: Payment Receipt Journal Sales 3b4-9 2731- acep 2+67- 2731- F9: Purchase Fl 0: 0åHVouctg•s F: Autofill Change Mode More Details o: L: Related Reports Optional post -Dated acep .337. ning 17523 ing j _id" : 1-01...
[keys] '{F9}' -> Tally 'TallyPrime:9000'
[shot] tds-349-U2-type (1024x768)
[19:27:21] [tds] screen tds-349-U2-type : x TallyPrime MANAGE EDU K: Company Accounting»ucher Creation cb Purchase No. 2 Su*i« Imoice No. Party Alc narne: Current balance: Purchase ledger: - Current balance: Name of Item Narration: Unity Quit Y: Data Date Z: Exchange A Accept Q Search FinCom Spike Co O: Import Quantity E: Export Rate M: Share per p: print x 20ct-26 Friday Amount Fl: Help Date o 3371a Company o run F4: Contra F5: Payment Receipt Journal Sales 3b4-9 2731- acep 2+67- 2731- F9: Purchase Fl 0: 0åHVouctg•s F: Autofill Change Mode More Details o: L: Related Reports Optional post -Dated acep .337. ning 17523 ing j _id" : 1-01...
[keys] '^h' -> Tally 'TallyPrime:9000'
[shot] tds-350-U2-mode (1024x768)
[19:27:24] [tds] screen tds-350-U2-mode : TallyPrime MANAGE EDU K: Company Change Mode Unity Quit Y: Data Z: Exchange O: Import E: Export M: Share p: print x Fl: Help FinCom • ke Co Change Voucher Mode Item Invoice List of Modes/Usa es Item Invoice Accounting Invoice As Voucher A Accept Q Search o 3371a o run 3b4-9 2731- acep 2+67- 2731- acep .337. ning 17523 ing j _id" : 1-01" 2+67- Mode Windows Server 2025 Datacenter Build 26100.ge_release240331-1435 7•.27 PM 10/8/2026
[keys] 'Item Invoice{ENTER}' -> Tally 'TallyPrime:9000'
[shot] tds-351-U2-item-mode (1024x768)
[19:27:28] [tds] screen tds-351-U2-item-mode : x TallyPrime MANAGE EDU K: Company Accounting»ucher Creation cb Purchase No. 2 Su*i« Imoice No. Party Alc narne: Current balance: Purchase ledger: - Current balance: Name of Item Narration: Unity Quit Y: Data Date Z: Exchange A Accept Q Search FinCom Spike Co O: Import Quantity E: Export Rate M: Share per p: print x 20ct-26 Friday Amount Fl: Help Date o 3371a Company o run F4: Contra F5: Payment Receipt Journal Sales 3b4-9 2731- acep 2+67- 2731- F9: Purchase Fl 0: 0åHVouctg•s F: Autofill Change Mode More Details o: L: Related Reports Optional post -Dated acep .337. ning 17523 ing j _id" : 1-01...
[keys] '{F2}' -> Tally 'TallyPrime:9000'
[shot] tds-352-U2-date-box (1024x768)
[19:27:31] [tds] screen tds-352-U2-date-box : TallyPrime MANAGE EDU K: Company Change Voucher Date Unity Quit Y: Data Z: Exchange A Accept Q Search O: Import E: Export M: Share p: print x Fl: Help FinCom Spike Co Voucher Date 3-10-2026 o 3371a o run 3b4-9 2731- acep 2+67- 2731- acep .337. ning 17523 ing j _id" : 1-01" 2+67- Mode Windows Server 2025 Datacenter Build 26100.ge_release240331-1435 7•.27 PM 10/8/2026
[keys] '2-10-2026{ENTER}' -> Tally 'TallyPrime:9000'
[shot] tds-353-U2-date (1024x768)
[19:27:35] [tds] screen tds-353-U2-date : x TallyPrime MANAGE EDU K: Company Accounting»ucher Creation cb Purchase No. 2 Su*i« Imoice No. Party Alc narne: Current balance: Purchase ledger: - Current balance: Name of Item Narration: Unity Quit Y: Data Date Z: Exchange A Accept Q Search FinCom Spike Co O: Import Quantity E: Export Rate M: Share per p: print x 20ct-26 Friday Amount Fl: Help Date o 3371a Company o run F4: Contra F5: Payment Receipt Journal Sales 3b4-9 2731- acep 2+67- 2731- F9: Purchase Fl 0: 0åHVouctg•s F: Autofill Change Mode More Details o: L: Related Reports Optional post -Dated acep .337. ning 17523 ing j _id" : 1-01...
[keys] 'SUP-2{ENTER}' -> Tally 'TallyPrime:9000'
[shot] tds-354-U2-head (1024x768)
[19:27:38] [tds] screen tds-354-U2-head : x TallyPrime MANAGE EDU K: Company Accounting»ucher Creation cb Purchase No. 2 Su*lmoice No.: SUP-2 Party Alc narne: Current balance: Purchase ledger: - Current balance: Name of Item Narration: Unity Quit Y: Data Date Z: Exchange 2-Oct-26 A Accept Q Search FinCom Spike Co O: Import Quantity E: Export Rate M: Share per p: print x 20ct-26 Friday Amount Fl: Help Date o 3371a Company o run F4: Contra F5: Payment Receipt Journal Sales 3b4-9 2731- acep 2+67- 2731- F9: Purchase Fl 0: 0åHVouctg•s F: Autofill Change Mode More Details o: L: Related Reports Optional post -Dated acep .337. ning 17523 ing ...
[keys] '{ENTER}' -> Tally 'TallyPrime:9000'
[shot] tds-355-U2-head (1024x768)
[19:27:41] [tds] screen tds-355-U2-head : x TallyPrime MANAGE EDU K: Company Accounting»ucher Creation cb Purchase No. 2 Su*lmoice No.: SUP-2 Party Alc narne. Current balance: Purchase ledger: - Current balance: Name of Item Narration: Unity Quit Y: Data Date Z: Exchange 2-Oct-26 A Accept Q Search FinCom Spike Co O: Import E: Export List of Led er Accounts Cash Share Bank Share Party Share Supplier Spike Party Spike Party 2 Ul Party M: Share p: print x Create Fl: Help Date o 3371a Company o run F4: Contra F5: Payment Receipt Journal Sales 3b4-9 2731- acep 2+67- 2731- F9: Purchase Fl 0: 0åHVouctg•s F: Autofill Change Mode More Details ...
[keys] 'Share Supplier{ENTER}' -> Tally 'TallyPrime:9000'
[shot] tds-356-U2-party (1024x768)
[19:27:46] [tds] screen tds-356-U2-party : x TallyPrime MANAGE EDU K: Company Details Y: Data Z: Exchange Accept Q Search O: Import E: Export M: Share p: print Fl: Help x Receipt Note No(s) FinCom Spike Co Receipt Details Receipt Doc No. Dispatched through Destination Carrier Name/Agent Bill of No. Motor Vehicle No. Date: Unity Quit o 3371a o run 3b4-9 2731- acep 2+67- 2731- acep .337. ning 17523 ing j _id" : 1-01" 2+67- Mode Windows Server 2025 Datacenter Build 26100.ge_release240331-1435 7•.27 PM 10/8/2026
[shot] tds-357-U2-party-sub1 (1024x768)
[19:27:47] [tds] screen tds-357-U2-party-sub1 : x TallyPrime MANAGE EDU K: Company Details Y: Data Z: Exchange Accept Q Search O: Import E: Export M: Share p: print Fl: Help x Receipt Note No(s) FinCom Spike Co Receipt Details Receipt Doc No. Dispatched through Destination Carrier Name/Agent Bill of No. Motor Vehicle No. Date: Unity Quit o 3371a o run 3b4-9 2731- acep 2+67- 2731- acep .337. ning 17523 ing j _id" : 1-01" 2+67- Mode Windows Server 2025 Datacenter Build 26100.ge_release240331-1435 7•.27 PM 10/8/2026
[keys] '^a' -> Tally 'TallyPrime:9000'
[shot] tds-358-U2-party-sub-accept (1024x768)
[19:27:50] [tds] screen tds-358-U2-party-sub-accept : x TallyPrime MANAGE EDU K: Company Details Quit Y: Data Z: Exchange FinCom Spike Co Party Details List of Led er Accounts Share Party Share Supplier Spike Party Spike Party 2 Ul Party O: Import Create New Party E: Export M: Share p: print Fl: Help x Supplier (Bill from) Mailing Name Address State Country GST Registration type GSTIN/UIN Place of Supply Accept Q Search o 3371a o run 3b4-9 2731- acep 2+67- 2731- acep .337. ning 17523 ing j _id" : 1-01" 2+67- Unity Configure Mode Windows Server 2025 Datacenter Build 26100.ge_release240331-1435 7•.27 PM 10/8/2026
[shot] tds-359-U2-party-sub2 (1024x768)
[19:27:51] [tds] screen tds-359-U2-party-sub2 : x TallyPrime MANAGE EDU K: Company Details Quit Y: Data Z: Exchange FinCom Spike Co Party Details List of Led er Accounts Share Party Share Supplier Spike Party Spike Party 2 Ul Party O: Import Create New Party E: Export M: Share p: print Fl: Help x Supplier (Bill from) Mailing Name Address State Country GST Registration type GSTIN/UIN Place of Supply Accept Q Search o 3371a o run 3b4-9 2731- acep 2+67- 2731- acep .337. ning 17523 ing j _id" : 1-01" 2+67- Unity Configure Mode Windows Server 2025 Datacenter Build 26100.ge_release240331-1435 7•.27 PM 10/8/2026
[keys] '^a' -> Tally 'TallyPrime:9000'
[shot] tds-360-U2-party-sub-accept (1024x768)
[19:27:55] [tds] screen tds-360-U2-party-sub-accept : x M: Share FinCom Spike Co cb TallyPrime MANAGE EDU K: Company Accounting»ucher Creation Purchase No. 2 Su*lmoice No.: SUP-2 Y: Data Date Z: Exchange 2-Oct-26 A Accept Q Search O: Import E: Export List of Led er Accounts Share Purchase p: print x Create Show More Fl: Help Date o 3371a Company o run PartyA/c narne: Share Supplier Currentbalance: 3,360.00Cr Purchase ledger: - Current balance: Name of Item Narration: Quit F4: Contra F5: Payment Receipt Journal Sales 3b4-9 2731- acep 2+67- 2731- F9: Purchase Fl 0: 0åHVouctg•s F: Autofill Change Mode More Details o: L: Related Reports Optional post...
[shot] tds-361-U2-party-sub3 (1024x768)
[19:27:56] [tds] screen tds-361-U2-party-sub3 : x M: Share FinCom Spike Co cb TallyPrime MANAGE EDU K: Company Accounting»ucher Creation Purchase No. 2 Su*lmoice No.: SUP-2 Y: Data Date Z: Exchange 2-Oct-26 A Accept Q Search O: Import E: Export List of Led er Accounts Share Purchase p: print x Create Show More Fl: Help Date o 3371a Company o run PartyA/c narne: Share Supplier Currentbalance: 3,360.00Cr Purchase ledger: - Current balance: Name of Item Narration: Quit F4: Contra F5: Payment Receipt Journal Sales 3b4-9 2731- acep 2+67- 2731- F9: Purchase Fl 0: 0åHVouctg•s F: Autofill Change Mode More Details o: L: Related Reports Optional post...
[keys] 'Share Purchase{ENTER}' -> Tally 'TallyPrime:9000'
[shot] tds-362-U2-ledger (1024x768)
[19:28:00] [tds] screen tds-362-U2-ledger : x TallyPrime MANAGE EDU K: Company Accounting»ucher Creation Purchase No. 2 Su*lmoice No.: SUP-2 cb Ch Unity Y: Data Date Z: Exchange 2-Oct-26 A Accept Q Search FinCom Spike Co O: Import Quantity E: Export Rate M: Share per p: print x 20ct-26 Friday Amount Fl: Help Date o 3371a Company o run PartyA/c narne: Share Supplier Currentbalance: 3,360.00 Cr Purchase ledger: Share Purchase Current balance: 160.00 Dr Name of Item Narration: Quit F4: Contra F5: Payment Receipt Journal Sales 3b4-9 2731- acep 2+67- 2731- F9: Purchase Fl 0: 0åHVouctg•s F: Autofill Change Mode More Details o: L: Related Repo...
[keys] 'Share Item{ENTER}' -> Tally 'TallyPrime:9000'
[shot] tds-363-U2-item (1024x768)
[19:28:03] [tds] screen tds-363-U2-item : x TallyPrime MANAGE EDU K: Company Accounting»ucher Creation Purchase No. 2 Su*lmoice No.: SUP-2 cb Unity Y: Data Date Z: Exchange 2-Oct-26 A Accept Q Search FinCom Spike Co O: Import Quantity E: Export Rate M: Share per p: print x 20ct-26 Friday Amount Fl: Help Date o 3371a Company o run PartyA/c narne: Share Supplier Currentbalance: 3,360.00 Cr Purchase ledger: Share Purchase Current balance: 160.00 Dr Name of Item Share Item Narration: Quit F4: Contra F5: Payment Receipt Journal Sales 3b4-9 2731- acep 2+67- 2731- F9: Purchase Fl 0: 0åHVouctg•s F: Autofill Change Mode More Details o: L: Rela...
[shot] tds-364-U2-item-sub1 (1024x768)
[19:28:04] [tds] screen tds-364-U2-item-sub1 : x TallyPrime MANAGE EDU K: Company Accounting»ucher Creation Purchase No. 2 Su*lmoice No.: SUP-2 cb Unity Y: Data Date Z: Exchange 2-Oct-26 A Accept Q Search FinCom Spike Co O: Import Quantity E: Export Rate M: Share per p: print x 20ct-26 Friday Amount Fl: Help Date o 3371a Company o run PartyA/c narne: Share Supplier Currentbalance: 3,360.00 Cr Purchase ledger: Share Purchase Current balance: 160.00 Dr Name of Item Share Item Narration: Quit F4: Contra F5: Payment Receipt Journal Sales 3b4-9 2731- acep 2+67- 2731- F9: Purchase Fl 0: 0åHVouctg•s F: Autofill Change Mode More Details o: L: Rela...
[keys] '3{ENTER}' -> Tally 'TallyPrime:9000'
[shot] tds-365-U2-qty (1024x768)
[19:28:07] [tds] screen tds-365-U2-qty : x TallyPrime MANAGE EDU K: Company Accounting»ucher Creation Purchase No. 2 Su*lmoice No.: SUP-2 cb Unity Y: Data Date Z: Exchange 2-Oct-26 A Accept Q Search FinCom Spike Co O: Import Quantity 3 Nos 3 Nos E: Export M: Share Rate per @0.00 Nos p: print x 20ct-26 Friday Amount 240.00 Fl: Help Date o 3371a Company o run PartyA/c narne: Share Supplier Currentbalance: 3,360.00 Cr Purchase ledger: Share Purchase Current balance: 160.00 Dr Name of Item Share Item Narration: Quit F4: Contra F5: Payment Receipt Journal Sales 3b4-9 2731- acep 2+67- 2731- F9: Purchase Fl 0: 0åHVouctg•s F: Autofill Change...
[keys] '80{ENTER}' -> Tally 'TallyPrime:9000'
[shot] tds-366-U2-rate (1024x768)
[19:28:11] [tds] screen tds-366-U2-rate : x TallyPrime MANAGE EDU K: Company Accounting»ucher Creation Purchase No. 2 Su*lmoice No.: SUP-2 cb Unity Y: Data Date Z: Exchange 2-Oct-26 A Accept Q Search FinCom Spike Co O: Import Quantity 3 Nos 3 Nos E: Export Rate 80.00 M: Share per Nos p: print x 20ct-26 Friday Amount 240.00 Fl: Help Date o 3371a Company o run PartyA/c narne: Share Supplier Currentbalance: 3,360.00 Cr Purchase ledger: Share Purchase Current balance: 160.00 Dr Name of Item Share Item Narration: Quit F4: Contra F5: Payment Receipt Journal Sales 3b4-9 2731- acep 2+67- 2731- F9: Purchase Fl 0: 0åHVouctg•s F: Autofill Change...
[keys] '{ENTER}' -> Tally 'TallyPrime:9000'
[shot] tds-367-U2-amount (1024x768)
[19:28:14] [tds] screen tds-367-U2-amount : x TallyPrime MANAGE EDU K: Company Accounting»ucher Creation Purchase No. 2 Su*lmoice No.: SUP-2 cb Unity Y: Data Date Z: Exchange 2-Oct-26 A Accept Q Search FinCom Spike Co O: Import Quantity 3 Nos 3 Nos E: Export Rate 80.00 M: Share per Nos p: print x 20ct-26 Friday Amount 240.00 Fl: Help Date o 3371a Company o run PartyA/c narne: Share Supplier Currentbalance: 3,360.00 Cr Purchase ledger: Share Purchase Current balance: 160.00 Dr Name of Item Share Item Narration: Quit F4: Contra F5: Payment Receipt Journal Sales 3b4-9 2731- acep 2+67- 2731- F9: Purchase Fl 0: 0åHVouctg•s F: Autofill Change...
[shot] tds-368-U2-item-b-sub1 (1024x768)
[19:28:15] [tds] screen tds-368-U2-item-b-sub1 : x TallyPrime MANAGE EDU K: Company Accounting»ucher Creation Purchase No. 2 Su*lmoice No.: SUP-2 cb Unity Y: Data Date Z: Exchange 2-Oct-26 A Accept Q Search FinCom Spike Co O: Import Quantity 3 Nos 3 Nos E: Export Rate 80.00 M: Share per Nos p: print x 20ct-26 Friday Amount 240.00 Fl: Help Date o 3371a Company o run PartyA/c narne: Share Supplier Currentbalance: 3,360.00 Cr Purchase ledger: Share Purchase Current balance: 160.00 Dr Name of Item Share Item Narration: Quit F4: Contra F5: Payment Receipt Journal Sales 3b4-9 2731- acep 2+67- 2731- F9: Purchase Fl 0: 0åHVouctg•s F: Autofill Change...
[keys] '{ENTER}' -> Tally 'TallyPrime:9000'
[shot] tds-369-U2-items-done (1024x768)
[19:28:18] [tds] screen tds-369-U2-items-done : x TallyPrime MANAGE EDU K: Company Accounting»ucher Creation Purchase No. 2 Su*lmoice No.: SUP-2 cb Unity Y: Data Date Z: Exchange 2-Oct-26 A Accept Q Search FinCom Spike Co O: Import Quantity 3 Nos 3 Nos E: Export Rate 80.00 M: Share per Nos p: print x 20ct-26 Friday Amount 240.00 240.00 Fl: Help Date o 3371a Company o run PartyA/c narne: Share Supplier Currentbalance: 3,360.00 Cr Purchase ledger: Share Purchase Current balance: 160.00 Dr Name of Item Share Item Narration: Quit F4: Contra F5: Payment Receipt Journal Sales 3b4-9 2731- acep 2+67- 2731- F9: Purchase Fl 0: 0åHVouctg•s F: Autofill...
[keys] '^a' -> Tally 'TallyPrime:9000'
[shot] tds-370-U2-accept1 (1024x768)
[19:28:22] [tds] screen tds-370-U2-accept1 : x TallyPrime MANAGE EDU K: Company Accounting»ucher Creation cb Purchase Su*i« Imoice No. Party Alc narne: Current balance: Purchase ledger: - Current balance: Name of Item Narration: Unity Quit Y: Data Date Z: Exchange A Accept Q Search FinCom Spike Co O: Import Quantity E: Export Rate M: Share per p: print x 20ct-26 Friday Amount Fl: Help Date o 3371a Company o run F4: Contra F5: Payment Receipt Journal Sales 3b4-9 2731- acep 2+67- 2731- F9: Purchase Fl 0: 0åHVouctg•s F: Autofill Change Mode More Details o: L: Related Reports Optional post -Dated acep .337. ning 17523 ing j _id" : 1-01" 2+67...
[shot] tds-371-U2-after1 (1024x768)
[19:28:23] [tds] screen tds-371-U2-after1 : x TallyPrime MANAGE EDU K: Company Accounting»ucher Creation cb Purchase Su*i« Imoice No. Party Alc narne: Current balance: Purchase ledger: - Current balance: Name of Item Narration: Unity Quit Y: Data Date Z: Exchange A Accept Q Search FinCom Spike Co O: Import Quantity E: Export Rate M: Share per p: print x 20ct-26 Friday Amount Fl: Help Date o 3371a Company o run F4: Contra F5: Payment Receipt Journal Sales 3b4-9 2731- acep 2+67- 2731- F9: Purchase Fl 0: 0åHVouctg•s F: Autofill Change Mode More Details o: L: Related Reports Optional post -Dated acep .337. ning 17523 ing j _id" : 1-01" 2+67...
[shot] tds-372-gw0 (1024x768)
[19:28:24] [tds] screen tds-372-gw0 : x TallyPrime MANAGE EDU K: Company Accounting»ucher Creation cb Purchase Su*i« Imoice No. Party Alc narne: Current balance: Purchase ledger: - Current balance: Name of Item Narration: Unity Quit Y: Data Date Z: Exchange A Accept Q Search FinCom Spike Co O: Import Quantity E: Export Rate M: Share per p: print x 20ct-26 Friday Amount Fl: Help Date o 3371a Company o run F4: Contra F5: Payment Receipt Journal Sales 3b4-9 2731- acep 2+67- 2731- F9: Purchase Fl 0: 0åHVouctg•s F: Autofill Change Mode More Details o: L: Related Reports Optional post -Dated acep .337. ning 17523 ing j _id" : 1-01" 2+67...
[keys] '{ESC}' -> Tally 'TallyPrime:9000'
[shot] tds-373-gw1 (1024x768)
[19:28:28] [tds] screen tds-373-gw1 : TallyPrime MANAGE EDU K: Company Accounting»ucher Creation cb Purchase Su*i« Imoice No. Party Alc narne: Current balance: Purchase ledger: - Current balance: Name of Item Narration: Unity Q: Quit Y: Data Date Z: Exchange A: Accept Q Search FinCom Spike Co O: Import Quantity E: Export Rate M: Share per p: print x 20ct-26 Friday Amount Quit o Yes or No D: Delete X: Cancel Vch x Fl: Help F2: Date F3: Company F4: Contra F5: Payment F6: Receipt F7: Journal F8: Sales F9: Purchase F: Autofill H: Change Mode l: More Details O: Related Reports k: Optional T: post -Dated Fl 2: Configure o 3371a o run 3b...
[keys] 'y' -> Tally 'TallyPrime:9000'
[shot] tds-374-gw2 (1024x768)
[19:28:31] [tds] screen tds-374-gw2 : x TallyPrime MANAGE EDU K: Company Gatewa of Tall CURRENT PERIOD I-Apr-26 to 31-Mar-27 NAME OF COMPANY FinCom Spike Co Y: Data Z: Exchange CURRENT OATE Friday, 2-Oct-2026 O: Import E: Export M: Share p: print Fl: Help Date o 3371a Gateway of Tally MASTERS Create Alter CHart of Accounts TRANSACTIONS Vouchers Day 800K UTILITIES BaNking REPORTS Balance Sheet Profit & Loss A/c Stock Summary Ratio Analysis Display More Reports DashbOard Quit Unity Q 2-Oct-26 Search Company o run 3b4-9 2731- acep 2+67- 2731- acep .337. ning 17523 ing j _id" : 1-01" 2+67- Mode Windows Server 2025 Datacenter Build 261...
  voucher mid=1 aid=1 Journal/1/20260401 guid=2bbc8f60-fad7-4b8f-b633-510b49c07cf5-00000001 cancelled=False
  voucher mid=2 aid=2 Journal/2/20261001 guid=2bbc8f60-fad7-4b8f-b633-510b49c07cf5-00000002 cancelled=False
  voucher mid=3 aid=3 Journal/3/20261001 guid=2bbc8f60-fad7-4b8f-b633-510b49c07cf5-00000003 cancelled=False
  voucher mid=4 aid=4 Journal/4/20261001 guid=2bbc8f60-fad7-4b8f-b633-510b49c07cf5-00000004 cancelled=False
  voucher mid=5 aid=5 Journal/5/20261001 guid=2bbc8f60-fad7-4b8f-b633-510b49c07cf5-00000005 cancelled=False
  voucher mid=6 aid=6 Payroll/1/20261001 guid=2bbc8f60-fad7-4b8f-b633-510b49c07cf5-00000006 cancelled=False
  voucher mid=7 aid=7 Receipt/1/20261002 guid=2bbc8f60-fad7-4b8f-b633-510b49c07cf5-00000007 cancelled=False
  voucher mid=8 aid=8 Receipt/2/20261002 guid=2bbc8f60-fad7-4b8f-b633-510b49c07cf5-00000008 cancelled=False
  voucher mid=9 aid=9 Payment/1/20261002 guid=2bbc8f60-fad7-4b8f-b633-510b49c07cf5-00000009 cancelled=False
  voucher mid=10 aid=10 Payment/2/20261002 guid=2bbc8f60-fad7-4b8f-b633-510b49c07cf5-0000000a cancelled=False
  voucher mid=11 aid=11 Contra/1/20261002 guid=2bbc8f60-fad7-4b8f-b633-510b49c07cf5-0000000b cancelled=False
  voucher mid=12 aid=12 Journal/6/20261002 guid=2bbc8f60-fad7-4b8f-b633-510b49c07cf5-0000000c cancelled=False
  voucher mid=13 aid=13 Journal/7/20261002 guid=2bbc8f60-fad7-4b8f-b633-510b49c07cf5-0000000d cancelled=False
  voucher mid=14 aid=14 Sales/1/20261002 guid=2bbc8f60-fad7-4b8f-b633-510b49c07cf5-0000000e cancelled=False
  voucher mid=15 aid=15 Sales/2/20261002 guid=2bbc8f60-fad7-4b8f-b633-510b49c07cf5-0000000f cancelled=False
  voucher mid=16 aid=16 Sales/3/20261002 guid=2bbc8f60-fad7-4b8f-b633-510b49c07cf5-00000010 cancelled=False
  voucher mid=17 aid=17 Purchase/1/20261002 guid=2bbc8f60-fad7-4b8f-b633-510b49c07cf5-00000011 cancelled=False
  voucher mid=18 aid=18 Purchase/2/20261002 guid=2bbc8f60-fad7-4b8f-b633-510b49c07cf5-00000012 cancelled=False
  INFO share purchase-new2 (purchase item invoice, a second one (Tally allocates its bill at the save)): Tally Purchase 2 mid 18; stored party 'Share Supplier' bills [New Ref,New Ref]; the line party 'Share Supplier' bills []; lines voucher_accept_post x1, voucher_full x1
[19:28:34] ---- share sales-agst: sales in As Voucher mode, the party Dr with an Agst Ref bill (the advance ADVS-1)
  voucher mid=1 aid=1 Journal/1/20260401 guid=2bbc8f60-fad7-4b8f-b633-510b49c07cf5-00000001 cancelled=False
  voucher mid=2 aid=2 Journal/2/20261001 guid=2bbc8f60-fad7-4b8f-b633-510b49c07cf5-00000002 cancelled=False
  voucher mid=3 aid=3 Journal/3/20261001 guid=2bbc8f60-fad7-4b8f-b633-510b49c07cf5-00000003 cancelled=False
  voucher mid=4 aid=4 Journal/4/20261001 guid=2bbc8f60-fad7-4b8f-b633-510b49c07cf5-00000004 cancelled=False
  voucher mid=5 aid=5 Journal/5/20261001 guid=2bbc8f60-fad7-4b8f-b633-510b49c07cf5-00000005 cancelled=False
  voucher mid=6 aid=6 Payroll/1/20261001 guid=2bbc8f60-fad7-4b8f-b633-510b49c07cf5-00000006 cancelled=False
  voucher mid=7 aid=7 Receipt/1/20261002 guid=2bbc8f60-fad7-4b8f-b633-510b49c07cf5-00000007 cancelled=False
  voucher mid=8 aid=8 Receipt/2/20261002 guid=2bbc8f60-fad7-4b8f-b633-510b49c07cf5-00000008 cancelled=False
  voucher mid=9 aid=9 Payment/1/20261002 guid=2bbc8f60-fad7-4b8f-b633-510b49c07cf5-00000009 cancelled=False
  voucher mid=10 aid=10 Payment/2/20261002 guid=2bbc8f60-fad7-4b8f-b633-510b49c07cf5-0000000a cancelled=False
  voucher mid=11 aid=11 Contra/1/20261002 guid=2bbc8f60-fad7-4b8f-b633-510b49c07cf5-0000000b cancelled=False
  voucher mid=12 aid=12 Journal/6/20261002 guid=2bbc8f60-fad7-4b8f-b633-510b49c07cf5-0000000c cancelled=False
  voucher mid=13 aid=13 Journal/7/20261002 guid=2bbc8f60-fad7-4b8f-b633-510b49c07cf5-0000000d cancelled=False
  voucher mid=14 aid=14 Sales/1/20261002 guid=2bbc8f60-fad7-4b8f-b633-510b49c07cf5-0000000e cancelled=False
  voucher mid=15 aid=15 Sales/2/20261002 guid=2bbc8f60-fad7-4b8f-b633-510b49c07cf5-0000000f cancelled=False
  voucher mid=16 aid=16 Sales/3/20261002 guid=2bbc8f60-fad7-4b8f-b633-510b49c07cf5-00000010 cancelled=False
  voucher mid=17 aid=17 Purchase/1/20261002 guid=2bbc8f60-fad7-4b8f-b633-510b49c07cf5-00000011 cancelled=False
  voucher mid=18 aid=18 Purchase/2/20261002 guid=2bbc8f60-fad7-4b8f-b633-510b49c07cf5-00000012 cancelled=False
[shot] tds-375-gw0 (1024x768)
[19:28:35] [tds] screen tds-375-gw0 : x TallyPrime MANAGE EDU K: Company Gatewa of Tall CURRENT PERIOD I-Apr-26 to 31-Mar-27 NAME OF COMPANY FinCom Spike Co Y: Data Z: Exchange CURRENT OATE Friday, 2-Oct-2026 O: Import E: Export M: Share p: print Fl: Help Date o 3371a Gateway of Tally MASTERS Create Alter CHart of Accounts TRANSACTIONS Vouchers Day 800K UTILITIES BaNking REPORTS Balance Sheet Profit & Loss A/c Stock Summary Ratio Analysis Display More Reports DashbOard Quit Unity Q 2-Oct-26 Search Company o run 3b4-9 2731- acep 2+67- 2731- acep .337. ning 17523 ing j _id" : 1-01" 2+67- Mode Windows Server 2025 Datacenter Build 261...
[shot] tds-376-S3-start (1024x768)
[19:28:36] [tds] screen tds-376-S3-start : x TallyPrime MANAGE EDU K: Company Gatewa of Tall CURRENT PERIOD I-Apr-26 to 31-Mar-27 NAME OF COMPANY FinCom Spike Co Y: Data Z: Exchange CURRENT OATE Friday, 2-Oct-2026 O: Import E: Export M: Share p: print Fl: Help Date o 3371a Gateway of Tally MASTERS Create Alter CHart of Accounts TRANSACTIONS Vouchers Day 800K UTILITIES BaNking REPORTS Balance Sheet Profit & Loss A/c Stock Summary Ratio Analysis Display More Reports DashbOard Quit Unity Q 2-Oct-26 Search Company o run 3b4-9 2731- acep 2+67- 2731- acep .337. ning 17523 ing j _id" : 1-01" 2+67- Mode Windows Server 2025 Datacenter Build 261...
[keys] 'v' -> Tally 'TallyPrime:9000'
[shot] tds-377-S3-vouchers (1024x768)
[19:28:40] [tds] screen tds-377-S3-vouchers : x TallyPrime MANAGE EDU K: Company Accounting»ucher Creation cb Purchase Su*i« Imoice No. Party Alc narne: Current balance: Purchase ledger: - Current balance: Name of Item Narration: Unity Quit Y: Data Date Z: Exchange A Accept Q Search FinCom Spike Co O: Import Quantity E: Export Rate M: Share per p: print x 20ct-26 Friday Amount Fl: Help Date o 3371a Company o run F4: Contra F5: Payment Receipt Journal Sales 3b4-9 2731- acep 2+67- 2731- F9: Purchase Fl 0: 0åHVouctg•s F: Autofill Change Mode More Details o: L: Related Reports Optional post -Dated acep .337. ning 17523 ing j _id" : 1-01" 2+67...
[keys] '{F8}' -> Tally 'TallyPrime:9000'
[shot] tds-378-S3-type (1024x768)
[19:28:44] [tds] screen tds-378-S3-type : x TallyPrime MANAGE EDU K: Company Accounting Voucher Creation cb Sales No. 4 Party Alc narne. Current balance: Sales ledger: - Current balance: Name of Item Narration: Unity Quit Y: Data Z: Exchange A Accept Q Search FinCom • ke Co O: Import E: Export List of Led er Accounts Cash Share Bank Share Party Share Supplier Spike Party Spike Party 2 Ul Party M: Share p: print x Create Fl: Help Date o 3371a Company o run F4: Contra F5: Payment Receipt Journal F8: Sales 3b4-9 2731- acep 2+67- 2731- Purchase Fl 0: 0åHVouctg•s F: Autofill Change Mode More Details o: L: Related Reports Optional post -Dat...
[keys] '^h' -> Tally 'TallyPrime:9000'
[shot] tds-379-S3-type (1024x768)
[19:28:48] [tds] screen tds-379-S3-type : TallyPrime MANAGE EDU K: Company Change Mode Unity Quit Y: Data Z: Exchange O: Import E: Export M: Share p: print x Fl: Help FinCom • ke Co Change Voucher Mode Item Invoice List of Modes/Usa es Item Invoice Accounting Invoice As Voucher A Accept Q Search o 3371a o run 3b4-9 2731- acep 2+67- 2731- acep .337. ning 17523 ing j _id" : 1-01" 2+67- Mode Windows Server 2025 Datacenter Build 26100.ge_release240331-1435 7•.28 PM 10/8/2026
[keys] 'As Voucher{ENTER}' -> Tally 'TallyPrime:9000'
[shot] tds-380-S3-type (1024x768)
[19:28:53] [tds] screen tds-380-S3-type : x Y: Data cb Unity TallyPrime MANAGE EDU K: Company Accounting Voucher Creation Sales No. 4 Particulars Narration: Quit Z: Exchange A Accept Q Search FinCom • ke Co O: Import E: Export List of Led er Accounts Cash Share Bank Share Party Share Supplier Spike Party Spike Party 2 Ul Party M: Share p: print x Create Fl: Help Date o 3371a Company o run F4: Contra F5: Payment Receipt Journal F8: Sales 3b4-9 2731- acep 2+67- 2731- Purchase Fl 0: 0åHVouctg•s F: Autofill Change Mode More Details o: L: Related Reports Optional post -Dated acep .337. ning 17523 ing j _id" : 1-01" 2+67- D: Delete Cancel V...
[keys] '{F2}' -> Tally 'TallyPrime:9000'
[shot] tds-381-S3-date-box (1024x768)
[19:28:56] [tds] screen tds-381-S3-date-box : TallyPrime MANAGE EDU K: Company Change Voucher Date Unity Quit Y: Data Z: Exchange A Accept Q Search O: Import E: Export M: Share p: print x Fl: Help FinCom Spike Co Voucher Date 3-10-2026 o 3371a o run 3b4-9 2731- acep 2+67- 2731- acep .337. ning 17523 ing j _id" : 1-01" 2+67- Mode Windows Server 2025 Datacenter Build 26100.ge_release240331-1435 7•.28 PM 10/8/2026
[keys] '2-10-2026{ENTER}' -> Tally 'TallyPrime:9000'
[shot] tds-382-S3-date (1024x768)
[19:29:00] [tds] screen tds-382-S3-date : x Y: Data cb Unity TallyPrime MANAGE EDU K: Company Accounting Voucher Creation Sales No. 4 Particulars Narration: Quit Z: Exchange A Accept Q Search FinCom • ke Co O: Import E: Export List of Led er Accounts Cash Share Bank Share Party Share Supplier Spike Party Spike Party 2 Ul Party M: Share p: print x Create Fl: Help Date o 3371a Company o run F4: Contra F5: Payment Receipt Journal F8: Sales 3b4-9 2731- acep 2+67- 2731- Purchase Fl 0: 0åHVouctg•s F: Autofill Change Mode More Details o: L: Related Reports Optional post -Dated acep .337. ning 17523 ing j _id" : 1-01" 2+67- D: Delete Cancel V...
[keys] 'Share Party{ENTER}' -> Tally 'TallyPrime:9000'
[shot] tds-383-S3-row1 (1024x768)
[19:29:04] [tds] screen tds-383-S3-row1 : TallyPrime MANAGE EDU K: Company Details Y: Data Z: Exchange A Accept Q Search O: Import E: Export M: Share p: print x Fl: Help FinCom Spike Co Dispatch Details Dispatch Doc No. Dispatched through Destination Carrier Name/Agent Bill of No. Motor Vehicle No. Delivery Note No(s) Unity Quit Date: o 3371a o run 3b4-9 2731- acep 2+67- 2731- acep .337. ning 17523 ing j _id" : 1-01" 2+67- Mode Windows Server 2025 Datacenter Build 26100.ge_release240331-1435 7•.29 PM 10/8/2026
[shot] tds-384-S3-row1-a-sub1 (1024x768)
[19:29:04] [tds] screen tds-384-S3-row1-a-sub1 : TallyPrime MANAGE EDU K: Company Details Y: Data Z: Exchange A Accept Q Search O: Import E: Export M: Share p: print x Fl: Help FinCom Spike Co Dispatch Details Dispatch Doc No. Dispatched through Destination Carrier Name/Agent Bill of No. Motor Vehicle No. Delivery Note No(s) Unity Quit Date: o 3371a o run 3b4-9 2731- acep 2+67- 2731- acep .337. ning 17523 ing j _id" : 1-01" 2+67- Mode Windows Server 2025 Datacenter Build 26100.ge_release240331-1435 7•.29 PM 10/8/2026
[keys] '^a' -> Tally 'TallyPrime:9000'
[shot] tds-385-S3-row1-a-sub-accept (1024x768)
[19:29:08] [tds] screen tds-385-S3-row1-a-sub-accept : x R CEDU Details TallyPrime MANAGE K: Company Y: Data Z: Exchange FinCom Spike Co Party Details Share Pa List of Led er Accounts Share Party Share Supplier Spike Party Spike Party 2 Ul Party O: Import Create New Party E: Export M: Share p: print Fl: Help x o 3371a o run 3b4-9 2731- acep 2+67- 2731- acep .337. ning 17523 ing j _id" : 1-01" 2+67- Unity Quit Buyer (Bill to) Mailing Name Address State Country GST Registration type GSTIN/UIN Place of Supply Accept Q Search Configure Mode Windows Server 2025 Datacenter Build 26100.ge_release240331-1435 7•.29 PM 10/8/2026
[shot] tds-386-S3-row1-a-sub2 (1024x768)
[19:29:09] [tds] screen tds-386-S3-row1-a-sub2 : x R CEDU Details TallyPrime MANAGE K: Company Y: Data Z: Exchange FinCom Spike Co Party Details Share Pa List of Led er Accounts Share Party Share Supplier Spike Party Spike Party 2 Ul Party O: Import Create New Party E: Export M: Share p: print Fl: Help x o 3371a o run 3b4-9 2731- acep 2+67- 2731- acep .337. ning 17523 ing j _id" : 1-01" 2+67- Unity Quit Buyer (Bill to) Mailing Name Address State Country GST Registration type GSTIN/UIN Place of Supply Accept Q Search Configure Mode Windows Server 2025 Datacenter Build 26100.ge_release240331-1435 7•.29 PM 10/8/2026
[keys] '^a' -> Tally 'TallyPrime:9000'
[shot] tds-387-S3-row1-a-sub-accept (1024x768)
[19:29:12] [tds] screen tds-387-S3-row1-a-sub-accept : x TallyPrime MANAGE EDU K: Company Accounting Voucher Creation Y: Data cb Unity Z: Exchange A Accept Q Search O: Import E: Export FinCom • ke Co M: Share Debit p: print 2-Oct-26 Friday Credit Fl: Help Date o 3371a By Sales No. 4 Particulars Share Party CurBal: 4,200.00 Dr Company o run F4: Contra F5: Payment Receipt Journal F8: Sales 3b4-9 2731- acep 2+67- 2731- Purchase Fl 0: 0åHVouctg•s F: Autofill Change Mode More Details o: L: Related Reports Optional post -Dated acep .337. ning 17523 ing j _id" : 1-01" 2+67- Narration: Quit D: Delete x: Cancel Vch F12: Configure Mode Windows Server 2025 D...
[shot] tds-388-S3-row1-a-sub3 (1024x768)
[19:29:13] [tds] screen tds-388-S3-row1-a-sub3 : x TallyPrime MANAGE EDU K: Company Accounting Voucher Creation Y: Data cb Unity Z: Exchange A Accept Q Search O: Import E: Export FinCom • ke Co M: Share Debit p: print 2-Oct-26 Friday Credit Fl: Help Date o 3371a By Sales No. 4 Particulars Share Party CurBal: 4,200.00 Dr Company o run F4: Contra F5: Payment Receipt Journal F8: Sales 3b4-9 2731- acep 2+67- 2731- Purchase Fl 0: 0åHVouctg•s F: Autofill Change Mode More Details o: L: Related Reports Optional post -Dated acep .337. ning 17523 ing j _id" : 1-01" 2+67- Narration: Quit D: Delete x: Cancel Vch F12: Configure Mode Windows Server 2025 D...
[keys] '300{ENTER}' -> Tally 'TallyPrime:9000'
[shot] tds-389-S3-row1-amt (1024x768)
[19:29:17] [tds] screen tds-389-S3-row1-amt : x TallyPrime MANAGE EDU K: Company Bill-wise Details Quit Y: Data Type of Ref Jew Ref Z: Exchange FinCom Spike Co Bill-wise Details for : Share Party Up to: 300.00 Dr O: Import E: Export Amount 300.00 Dr 300.00 Dr M: Share p: print Fl: Help x Name Method of Ad Advance Agst Ref New Ref On Account Accept Q Search Due Date, or Credit Days 20ct-26) Unity o 3371a o run 3b4-9 2731- acep 2+67- 2731- acep .337. ning 17523 ing j _id" : 1-01" 2+67- Mode Windows Server 2025 Datacenter Build 26100.ge_release240331-1435 7•.29 PM 10/8/2026
[shot] tds-390-S3-row1-bills1 (1024x768)
[19:29:18] [tds] screen tds-390-S3-row1-bills1 : x TallyPrime MANAGE EDU K: Company Bill-wise Details Quit Y: Data Type of Ref Jew Ref Z: Exchange FinCom Spike Co Bill-wise Details for : Share Party Up to: 300.00 Dr O: Import E: Export Amount 300.00 Dr 300.00 Dr M: Share p: print Fl: Help x Name Method of Ad Advance Agst Ref New Ref On Account Accept Q Search Due Date, or Credit Days 20ct-26) Unity o 3371a o run 3b4-9 2731- acep 2+67- 2731- acep .337. ning 17523 ing j _id" : 1-01" 2+67- Mode Windows Server 2025 Datacenter Build 26100.ge_release240331-1435 7•.29 PM 10/8/2026
[keys] 'Agst Ref{ENTER}' -> Tally 'TallyPrime:9000'
[shot] tds-391-S3-row1-reftype (1024x768)
[19:29:22] [tds] screen tds-391-S3-row1-reftype : x TallyPrime MANAGE EDU K: Company Bill-wise Details Quit Y: Data Type of Ref Agst Ref Z: Exchange O: Import E: Export M: Share p: print Fl: Help x FinCom Spike Co Bill-wise Details for : Share Party Up to: 300.00 Dr Name Due Date, or Pendin Bills Name 1 3 4 ADVS-I Sd-I Amount Date 2-Oct-26 2-Oct-26 I-Oct-26 I-Oct-26 300.00 Dr Balance 400.00 Dr 300. OO Dr 1,000.00 cr 4,500.00 Dr Final Balance 400.00 Dr 300. OO Dr 1,000.00 cr 4,500.00 Dr Unity o 3371a o run 3b4-9 2731- acep 2+67- 2731- acep .337. ning 17523 ing j _id" : 1-01" 2+67- Mode Accept Q Search Windows Server 2025 Datacenter Build 26100...
[keys] 'ADVS-1{ENTER}' -> Tally 'TallyPrime:9000'
[shot] tds-392-S3-row1-refname (1024x768)
[19:29:25] [tds] screen tds-392-S3-row1-refname : x TallyPrime MANAGE EDU K: Company Bill-wise Details Quit Y: Data Type of Ref Agst Ref Z: Exchange FinCom Spike Co Bill-wise Details for : Share Party Up to: 300.00 Dr O: Import E: Export Amount Goo.oo Dr 300.00 Dr M: Share p: print Fl: Help x Name ADVS-I Accept Q Search Due Date, or Credit Days (wef 20ct-26) Unity o 3371a o run 3b4-9 2731- acep 2+67- 2731- acep .337. ning 17523 ing j _id" : 1-01" 2+67- Mode Windows Server 2025 Datacenter Build 26100.ge_release240331-1435 7•.29 PM 10/8/2026
[keys] '{ENTER}' -> Tally 'TallyPrime:9000'
[shot] tds-393-S3-row1-refamount (1024x768)
[19:29:29] [tds] screen tds-393-S3-row1-refamount : x TallyPrime MANAGE EDU K: Company Bill-wise Details Quit Y: Data Type of Ref Agst Ref Z: Exchange FinCom Spike Co Bill-wise Details for : Share Party Up to: 300.00 Dr O: Import Amount 300.00 E: Export M: Share p: print Fl: Help x Name ADVS-I Accept Q Search Due Date, or Credit Days (wef 20ct-26) 300.00 Dr Unity o 3371a o run 3b4-9 2731- acep 2+67- 2731- acep .337. ning 17523 ing j _id" : 1-01" 2+67- Mode Windows Server 2025 Datacenter Build 26100.ge_release240331-1435 7•.29 PM 10/8/2026
[shot] tds-394-S3-row1-bills2 (1024x768)
[19:29:30] [tds] screen tds-394-S3-row1-bills2 : x TallyPrime MANAGE EDU K: Company Bill-wise Details Quit Y: Data Type of Ref Agst Ref Z: Exchange FinCom Spike Co Bill-wise Details for : Share Party Up to: 300.00 Dr O: Import Amount 300.00 E: Export M: Share p: print Fl: Help x Name ADVS-I Accept Q Search Due Date, or Credit Days (wef 20ct-26) 300.00 Dr Unity o 3371a o run 3b4-9 2731- acep 2+67- 2731- acep .337. ning 17523 ing j _id" : 1-01" 2+67- Mode Windows Server 2025 Datacenter Build 26100.ge_release240331-1435 7•.29 PM 10/8/2026
[keys] '^a' -> Tally 'TallyPrime:9000'
[shot] tds-395-S3-row1-bills-accept (1024x768)
[19:29:34] [tds] screen tds-395-S3-row1-bills-accept : x TallyPrime MANAGE EDU K: Company Accounting Voucher Creation Y: Data cb Z: Exchange 300.00 Dr A Accept Q Search FinCom • ke Co O: Import E: Export List of Led er Accounts Share Sales M: Share p: print x Create Show More Fl: Help Date o 3371a By TO Sales No. 4 Particulars Share Party CurBal: 4,500.00 Dr Agst Ref ADVS-I Share Sales CurBa1: 1,000.00 Cr Company o run F4: Contra F5: Payment Receipt Journal F8: Sales 3b4-9 2731- acep 2+67- 2731- Purchase Fl 0: 0åHVouctg•s F: Autofill Change Mode More Details o: L: Related Reports Optional post -Dated acep .337. ning 17523 ing j _id" : 1-01" 2+67- ...
[shot] tds-396-S3-row1-bills3 (1024x768)
[19:29:34] [tds] screen tds-396-S3-row1-bills3 : x TallyPrime MANAGE EDU K: Company Accounting Voucher Creation Y: Data cb Z: Exchange 300.00 Dr A Accept Q Search FinCom • ke Co O: Import E: Export List of Led er Accounts Share Sales M: Share p: print x Create Show More Fl: Help Date o 3371a By TO Sales No. 4 Particulars Share Party CurBal: 4,500.00 Dr Agst Ref ADVS-I Share Sales CurBa1: 1,000.00 Cr Company o run F4: Contra F5: Payment Receipt Journal F8: Sales 3b4-9 2731- acep 2+67- 2731- Purchase Fl 0: 0åHVouctg•s F: Autofill Change Mode More Details o: L: Related Reports Optional post -Dated acep .337. ning 17523 ing j _id" : 1-01" 2+67- ...
[shot] tds-397-S3-row1-b-sub1 (1024x768)
[19:29:35] [tds] screen tds-397-S3-row1-b-sub1 : x TallyPrime MANAGE EDU K: Company Accounting Voucher Creation Y: Data Z: Exchange 300.00 Dr A Accept Q Search FinCom • ke Co O: Import E: Export List of Led er Accounts Share Sales M: Share p: print x Create Show More Fl: Help Date o 3371a cb By To Sales No. 4 Particulars Share Party CurBal: 4,500.00 Dr Agst Ref ADVS-I Share Sales CurBa1: 1,000.00 Cr Company o run F4: Contra F5: Payment Receipt Journal F8: Sales 3b4-9 2731- acep 2+67- 2731- Purchase Fl 0: 0åHVouctg•s F: Autofill Change Mode More Details o: L: Related Reports Optional post -Dated acep .337. ning 17523 ing j _id" : 1-01" 2+67- ...
[shot] tds-398-S3-row2-before (1024x768)
[19:29:36] [tds] screen tds-398-S3-row2-before : x TallyPrime MANAGE EDU K: Company Accounting Voucher Creation Y: Data Z: Exchange 300.00 Dr A Accept Q Search FinCom • ke Co O: Import E: Export List of Led er Accounts Share Sales M: Share p: print x Create Show More Fl: Help Date o 3371a cb By To Sales No. 4 Particulars Share Party CurBal: 4,500.00 Dr Agst Ref ADVS-I Share Sales CurBa1: 1,000.00 Cr Company o run F4: Contra F5: Payment Receipt Journal F8: Sales 3b4-9 2731- acep 2+67- 2731- Purchase Fl 0: 0åHVouctg•s F: Autofill Change Mode More Details o: L: Related Reports Optional post -Dated acep .337. ning 17523 ing j _id" : 1-01" 2+67- ...
[keys] 'Share Sales{ENTER}' -> Tally 'TallyPrime:9000'
[shot] tds-399-S3-row2 (1024x768)
[19:29:40] [tds] screen tds-399-S3-row2 : TallyPrime MANAGE EDU K: Company Inventory Allocations Unity Quit Y: Data Z: Exchange FinCom Spike Co Inventory Allocations for : Share Sales O: Import Amount E: Export M: Share p: print x Fl: Help Name of Item A Accept Q Search Quantity Rate per o 3371a o run 3b4-9 2731- acep 2+67- 2731- acep .337. ning 17523 ing j _id" : 1-01" 2+67- Mode Windows Server 2025 Datacenter Build 26100.ge_release240331-1435 7•.29 PM 10/8/2026
[shot] tds-400-S3-row2-a-sub1 (1024x768)
[19:29:41] [tds] screen tds-400-S3-row2-a-sub1 : TallyPrime MANAGE EDU K: Company Inventory Allocations Unity Quit Y: Data Z: Exchange FinCom Spike Co Inventory Allocations for : Share Sales O: Import Amount E: Export M: Share p: print x Fl: Help Name of Item A Accept Q Search Quantity Rate per o 3371a o run 3b4-9 2731- acep 2+67- 2731- acep .337. ning 17523 ing j _id" : 1-01" 2+67- Mode Windows Server 2025 Datacenter Build 26100.ge_release240331-1435 7•.29 PM 10/8/2026
[keys] '{ENTER}' -> Tally 'TallyPrime:9000'
[shot] tds-401-S3-row2-amt (1024x768)
[19:29:44] [tds] screen tds-401-S3-row2-amt : x TallyPrime MANAGE EDU K: Company Accounting Voucher Creation Y: Data cb Z: Exchange 300.00 Dr A Accept Q Search O: Import E: Export M: Share FinCom • ke Co p: print 2-Oct-26 Friday Credit 200.00 300.00 Fl: Help Date o 3371a By To Sales No. 4 Particulars Share Party CurBal: 4,500.00 Dr Agst Ref ADVS-I Share Sales CurBa1: 1,000.00 Cr Company o run Debit 300.00 300.00 F4: Contra F5: Payment Receipt Journal F8: Sales 3b4-9 2731- acep 2+67- 2731- Purchase Fl 0: 0åHVouctg•s F: Autofill Change Mode More Details o: Related Reports Optional post -Dated acep .337. ning 17523 ing j _id" : 1-01" 2+67- N...
[shot] tds-402-S3-row2-bills1 (1024x768)
[19:29:45] [tds] screen tds-402-S3-row2-bills1 : x TallyPrime MANAGE EDU K: Company Accounting Voucher Creation Y: Data cb Z: Exchange 300.00 Dr A Accept Q Search O: Import E: Export M: Share FinCom • ke Co p: print 2-Oct-26 Friday Credit 200.00 300.00 Fl: Help Date o 3371a By To Sales No. 4 Particulars Share Party CurBal: 4,500.00 Dr Agst Ref ADVS-I Share Sales CurBa1: 1,000.00 Cr Company o run Debit 300.00 300.00 F4: Contra F5: Payment Receipt Journal F8: Sales 3b4-9 2731- acep 2+67- 2731- Purchase Fl 0: 0åHVouctg•s F: Autofill Change Mode More Details o: Related Reports Optional post -Dated acep .337. ning 17523 ing j _id" : 1-01" 2+67- N...
[shot] tds-403-S3-row2-b-sub1 (1024x768)
[19:29:46] [tds] screen tds-403-S3-row2-b-sub1 : x TallyPrime MANAGE EDU K: Company Accounting Voucher Creation Y: Data cb Z: Exchange 300.00 Dr A Accept Q Search O: Import E: Export M: Share FinCom • ke Co p: print 2-Oct-26 Friday Credit 200.00 300.00 Fl: Help Date o 3371a By To Sales No. 4 Particulars Share Party CurBal: 4,500.00 Dr Agst Ref ADVS-I Share Sales CurBa1: 1,000.00 Cr Company o run Debit 300.00 300.00 F4: Contra F5: Payment Receipt Journal F8: Sales 3b4-9 2731- acep 2+67- 2731- Purchase Fl 0: 0åHVouctg•s F: Autofill Change Mode More Details o: Related Reports Optional post -Dated acep .337. ning 17523 ing j _id" : 1-01" 2+67- N...
[shot] tds-404-S3-last-row (1024x768)
[19:29:47] [tds] screen tds-404-S3-last-row : x TallyPrime MANAGE EDU K: Company Accounting Voucher Creation Y: Data cb Z: Exchange 300.00 Dr A Accept Q Search O: Import E: Export M: Share FinCom • ke Co p: print 2-Oct-26 Friday Credit 300.00 300.00 Fl: Help Date o 3371a By To Sales No. 4 Particulars Share Party CurBal: 4,500.00 Dr Agst Ref ADVS-I Share Sales CurBa1: 1,000.00 Cr Company o run Debit 300.00 300.00 F4: Contra F5: Payment Receipt Journal F8: Sales 3b4-9 2731- acep 2+67- 2731- Purchase Fl 0: 0åHVouctg•s F: Autofill Change Mode More Details o: Related Reports Optional post -Dated acep .337. ning 17523 ing j _id" : 1-01" 2+67- N...
[keys] '^a' -> Tally 'TallyPrime:9000'
[shot] tds-405-S3-accept1 (1024x768)
[19:29:52] [tds] screen tds-405-S3-accept1 : x Y: Data cb Unity TallyPrime MANAGE EDU K: Company Accounting Voucher Creation Sales Particulars Narration: Quit Z: Exchange A Accept Q Search FinCom • ke Co O: Import E: Export List of Led er Accounts Cash Share Bank Share Party Share Supplier Spike Party Spike Party 2 Ul Party M: Share p: print x Create Fl: Help Date o 3371a Company o run F4: Contra F5: Payment Receipt Journal F8: Sales 3b4-9 2731- acep 2+67- 2731- Purchase Fl 0: 0åHVouctg•s F: Autofill Change Mode More Details o: L: Related Reports Optional post -Dated acep .337. ning 17523 ing j _id" : 1-01" 2+67- D: Delete Cancel Vch Con...
[shot] tds-406-S3-after1 (1024x768)
[19:29:52] [tds] screen tds-406-S3-after1 : x Y: Data cb Unity TallyPrime MANAGE EDU K: Company Accounting Voucher Creation Sales Particulars Narration: Quit Z: Exchange A Accept Q Search FinCom • ke Co O: Import E: Export List of Led er Accounts Cash Share Bank Share Party Share Supplier Spike Party Spike Party 2 Ul Party M: Share p: print x Create Fl: Help Date o 3371a Company o run F4: Contra F5: Payment Receipt Journal F8: Sales 3b4-9 2731- acep 2+67- 2731- Purchase Fl 0: 0åHVouctg•s F: Autofill Change Mode More Details o: L: Related Reports Optional post -Dated acep .337. ning 17523 ing j _id" : 1-01" 2+67- D: Delete Cancel Vch Con...
[keys] '^a' -> Tally 'TallyPrime:9000'
[shot] tds-407-S3-accept2 (1024x768)
[19:29:57] [tds] screen tds-407-S3-accept2 : x TallyPrime MANAGE EDU K: Company Accounting Voucher Creation Y: Data cb Unity Z: Exchange A Accept Q Search O: Import E: Export FinCom • ke Co M: Share Debit p: print 2-Oct-26 Friday Credit Fl: Help Date o 3371a By Sales Particulars Cash CurBa1: 300.00 Dr Company o run F4: Contra F5: Payment Receipt Journal F8: Sales 3b4-9 2731- acep 2+67- 2731- Purchase Fl 0: 0åHVouctg•s F: Autofill Change Mode More Details o: L: Related Reports Optional post -Dated acep .337. ning 17523 ing j _id" : 1-01" 2+67- Narration: Quit D: Delete x: Cancel Vch F12: Configure Mode Windows Server 2025 Datacenter Build...
[shot] tds-408-S3-after2 (1024x768)
[19:29:58] [tds] screen tds-408-S3-after2 : x TallyPrime MANAGE EDU K: Company Accounting Voucher Creation Y: Data cb Unity Z: Exchange A Accept Q Search O: Import E: Export FinCom • ke Co M: Share Debit p: print 2-Oct-26 Friday Credit Fl: Help Date o 3371a By Sales Particulars Cash CurBa1: 300.00 Dr Company o run F4: Contra F5: Payment Receipt Journal F8: Sales 3b4-9 2731- acep 2+67- 2731- Purchase Fl 0: 0åHVouctg•s F: Autofill Change Mode More Details o: L: Related Reports Optional post -Dated acep .337. ning 17523 ing j _id" : 1-01" 2+67- Narration: Quit D: Delete x: Cancel Vch F12: Configure Mode Windows Server 2025 Datacenter Build...
[keys] '^a' -> Tally 'TallyPrime:9000'
[shot] tds-409-S3-accept3 (1024x768)
[19:30:03] [tds] screen tds-409-S3-accept3 : x TallyPrime MANAGE EDU K: Company Accounting Voucher Creation Y: Data cb Unity Z: Exchange A Accept Q Search O: Import E: Export FinCom • ke Co M: Share Debit p: print 2-Oct-26 Friday Credit Fl: Help Date o 3371a By Sales Particulars Cash CurBa1: 300.00 Dr Company o run F4: Contra F5: Payment Receipt Journal F8: Sales 3b4-9 2731- acep 2+67- 2731- Purchase Fl 0: 0åHVouctg•s F: Autofill Change Mode More Details o: L: Related Reports Optional post -Dated acep .337. ning 17523 ing j _id" : 1-01" 2+67- Narration: Quit D: Delete x: Cancel Vch F12: Configure Mode Windows Server 2025 Datacenter Build...
[shot] tds-410-S3-after3 (1024x768)
[19:30:03] [tds] screen tds-410-S3-after3 : x TallyPrime MANAGE EDU K: Company Accounting Voucher Creation Y: Data cb Unity Z: Exchange A Accept Q Search O: Import E: Export FinCom • ke Co M: Share Debit p: print 2-Oct-26 Friday Credit Fl: Help Date o 3371a By Sales Particulars Cash CurBa1: 300.00 Dr Company o run F4: Contra F5: Payment Receipt Journal F8: Sales 3b4-9 2731- acep 2+67- 2731- Purchase Fl 0: 0åHVouctg•s F: Autofill Change Mode More Details o: L: Related Reports Optional post -Dated acep .337. ning 17523 ing j _id" : 1-01" 2+67- Narration: Quit D: Delete x: Cancel Vch F12: Configure Mode Windows Server 2025 Datacenter Build...
[keys] '^a' -> Tally 'TallyPrime:9000'
[shot] tds-411-S3-accept4 (1024x768)
[19:30:08] [tds] screen tds-411-S3-accept4 : x TallyPrime MANAGE EDU K: Company Accounting Voucher Creation Y: Data cb Unity Z: Exchange A Accept Q Search O: Import E: Export FinCom • ke Co M: Share Debit p: print 2-Oct-26 Friday Credit Fl: Help Date o 3371a By Sales Particulars Cash CurBa1: 300.00 Dr Company o run F4: Contra F5: Payment Receipt Journal F8: Sales 3b4-9 2731- acep 2+67- 2731- Purchase Fl 0: 0åHVouctg•s F: Autofill Change Mode More Details o: L: Related Reports Optional post -Dated acep .337. ning 17523 ing j _id" : 1-01" 2+67- Narration: Quit D: Delete x: Cancel Vch F12: Configure Mode Windows Server 2025 Datacenter Build...
[shot] tds-412-S3-after4 (1024x768)
[19:30:09] [tds] screen tds-412-S3-after4 : x TallyPrime MANAGE EDU K: Company Accounting Voucher Creation Y: Data cb Unity Z: Exchange A Accept Q Search O: Import E: Export FinCom • ke Co M: Share Debit p: print 2-Oct-26 Friday Credit Fl: Help Date o 3371a By Sales Particulars Cash CurBa1: 300.00 Dr Company o run F4: Contra F5: Payment Receipt Journal F8: Sales 3b4-9 2731- acep 2+67- 2731- Purchase Fl 0: 0åHVouctg•s F: Autofill Change Mode More Details o: L: Related Reports Optional post -Dated acep .337. ning 17523 ing j _id" : 1-01" 2+67- Narration: Quit D: Delete x: Cancel Vch F12: Configure Mode Windows Server 2025 Datacenter Build...
[shot] tds-413-gw0 (1024x768)
[19:30:10] [tds] screen tds-413-gw0 : x TallyPrime MANAGE EDU K: Company Accounting Voucher Creation Y: Data cb Unity Z: Exchange A Accept Q Search O: Import E: Export FinCom • ke Co M: Share Debit p: print 2-Oct-26 Friday Credit Fl: Help Date o 3371a By Sales Particulars Cash CurBa1: 300.00 Dr Company o run F4: Contra F5: Payment Receipt Journal F8: Sales 3b4-9 2731- acep 2+67- 2731- Purchase Fl 0: 0åHVouctg•s F: Autofill Change Mode More Details o: L: Related Reports Optional post -Dated acep .337. ning 17523 ing j _id" : 1-01" 2+67- Narration: Quit D: Delete x: Cancel Vch F12: Configure Mode Windows Server 2025 Datacenter Build...
[keys] '{ESC}' -> Tally 'TallyPrime:9000'
[shot] tds-414-gw1 (1024x768)
[19:30:13] [tds] screen tds-414-gw1 : TallyPrime MANAGE EDU K: Company Accounting Voucher Creation Y: Data cb Unity Z: Exchange A: Accept Q Search O: Import E: Export FinCom M: Share Debit By Sales Particulars Cash CurBa1: 300.00 Dr Narration: Q: Quit p: print 2-Oct-26 Friday Credit Quit o Yes or No D: Delete X: Cancel Vch x Fl: Help F2: Date F3: Company F4: Contra F5: Payment F6: Receipt F7: Journal F8: Sales F9: Purchase F: Autofill H: Change Mode l: More Details O: Related Reports k: Optional T: post -Dated Fl 2: Configure o 3371a o run 3b4-9 2731- acep 2+67- 2731- acep .337. ning 17523 ing j _id" : 1-01" 2+67- Mode Windows Ser...
[keys] 'y' -> Tally 'TallyPrime:9000'
[shot] tds-415-gw2 (1024x768)
[19:30:17] [tds] screen tds-415-gw2 : x TallyPrime MANAGE EDU K: Company Gatewa of Tall CURRENT PERIOD I-Apr-26 to 31-Mar-27 NAME OF COMPANY FinCom Spike Co Y: Data Z: Exchange CURRENT OATE Friday, 2-Oct-2026 O: Import E: Export M: Share p: print Fl: Help Date o 3371a Gateway of Tally MASTERS Create Alter CHart of Accounts TRANSACTIONS Vouchers Day 800K UTILITIES BaNking REPORTS Balance Sheet Profit & Loss A/c Stock Summary Ratio Analysis Display More Reports DashbOard Quit Unity Q 2-Oct-26 Search Company o run 3b4-9 2731- acep 2+67- 2731- acep .337. ning 17523 ing j _id" : 1-01" 2+67- Mode Windows Server 2025 Datacenter Build 261...
  voucher mid=1 aid=1 Journal/1/20260401 guid=2bbc8f60-fad7-4b8f-b633-510b49c07cf5-00000001 cancelled=False
  voucher mid=2 aid=2 Journal/2/20261001 guid=2bbc8f60-fad7-4b8f-b633-510b49c07cf5-00000002 cancelled=False
  voucher mid=3 aid=3 Journal/3/20261001 guid=2bbc8f60-fad7-4b8f-b633-510b49c07cf5-00000003 cancelled=False
  voucher mid=4 aid=4 Journal/4/20261001 guid=2bbc8f60-fad7-4b8f-b633-510b49c07cf5-00000004 cancelled=False
  voucher mid=5 aid=5 Journal/5/20261001 guid=2bbc8f60-fad7-4b8f-b633-510b49c07cf5-00000005 cancelled=False
  voucher mid=6 aid=6 Payroll/1/20261001 guid=2bbc8f60-fad7-4b8f-b633-510b49c07cf5-00000006 cancelled=False
  voucher mid=7 aid=7 Receipt/1/20261002 guid=2bbc8f60-fad7-4b8f-b633-510b49c07cf5-00000007 cancelled=False
  voucher mid=8 aid=8 Receipt/2/20261002 guid=2bbc8f60-fad7-4b8f-b633-510b49c07cf5-00000008 cancelled=False
  voucher mid=9 aid=9 Payment/1/20261002 guid=2bbc8f60-fad7-4b8f-b633-510b49c07cf5-00000009 cancelled=False
  voucher mid=10 aid=10 Payment/2/20261002 guid=2bbc8f60-fad7-4b8f-b633-510b49c07cf5-0000000a cancelled=False
  voucher mid=11 aid=11 Contra/1/20261002 guid=2bbc8f60-fad7-4b8f-b633-510b49c07cf5-0000000b cancelled=False
  voucher mid=12 aid=12 Journal/6/20261002 guid=2bbc8f60-fad7-4b8f-b633-510b49c07cf5-0000000c cancelled=False
  voucher mid=13 aid=13 Journal/7/20261002 guid=2bbc8f60-fad7-4b8f-b633-510b49c07cf5-0000000d cancelled=False
  voucher mid=14 aid=14 Sales/1/20261002 guid=2bbc8f60-fad7-4b8f-b633-510b49c07cf5-0000000e cancelled=False
  voucher mid=15 aid=15 Sales/2/20261002 guid=2bbc8f60-fad7-4b8f-b633-510b49c07cf5-0000000f cancelled=False
  voucher mid=16 aid=16 Sales/3/20261002 guid=2bbc8f60-fad7-4b8f-b633-510b49c07cf5-00000010 cancelled=False
  voucher mid=17 aid=17 Purchase/1/20261002 guid=2bbc8f60-fad7-4b8f-b633-510b49c07cf5-00000011 cancelled=False
  voucher mid=18 aid=18 Purchase/2/20261002 guid=2bbc8f60-fad7-4b8f-b633-510b49c07cf5-00000012 cancelled=False
  voucher mid=19 aid=19 Sales/4/20261002 guid=2bbc8f60-fad7-4b8f-b633-510b49c07cf5-00000013 cancelled=False
  INFO share sales-agst (sales in As Voucher mode, the party Dr with an Agst Ref bill (the advance ADVS-1)): Tally Sales 4 mid 19; stored party 'Share Party' bills [Agst Ref]; the line party '' bills [Agst Ref]; lines voucher_accept_post x1, voucher_full x1
[19:30:20] ---- share purchase-agst: purchase in As Voucher mode, the supplier Cr with an Agst Ref bill (the advance ADVP-1)
  voucher mid=1 aid=1 Journal/1/20260401 guid=2bbc8f60-fad7-4b8f-b633-510b49c07cf5-00000001 cancelled=False
  voucher mid=2 aid=2 Journal/2/20261001 guid=2bbc8f60-fad7-4b8f-b633-510b49c07cf5-00000002 cancelled=False
  voucher mid=3 aid=3 Journal/3/20261001 guid=2bbc8f60-fad7-4b8f-b633-510b49c07cf5-00000003 cancelled=False
  voucher mid=4 aid=4 Journal/4/20261001 guid=2bbc8f60-fad7-4b8f-b633-510b49c07cf5-00000004 cancelled=False
  voucher mid=5 aid=5 Journal/5/20261001 guid=2bbc8f60-fad7-4b8f-b633-510b49c07cf5-00000005 cancelled=False
  voucher mid=6 aid=6 Payroll/1/20261001 guid=2bbc8f60-fad7-4b8f-b633-510b49c07cf5-00000006 cancelled=False
  voucher mid=7 aid=7 Receipt/1/20261002 guid=2bbc8f60-fad7-4b8f-b633-510b49c07cf5-00000007 cancelled=False
  voucher mid=8 aid=8 Receipt/2/20261002 guid=2bbc8f60-fad7-4b8f-b633-510b49c07cf5-00000008 cancelled=False
  voucher mid=9 aid=9 Payment/1/20261002 guid=2bbc8f60-fad7-4b8f-b633-510b49c07cf5-00000009 cancelled=False
  voucher mid=10 aid=10 Payment/2/20261002 guid=2bbc8f60-fad7-4b8f-b633-510b49c07cf5-0000000a cancelled=False
  voucher mid=11 aid=11 Contra/1/20261002 guid=2bbc8f60-fad7-4b8f-b633-510b49c07cf5-0000000b cancelled=False
  voucher mid=12 aid=12 Journal/6/20261002 guid=2bbc8f60-fad7-4b8f-b633-510b49c07cf5-0000000c cancelled=False
  voucher mid=13 aid=13 Journal/7/20261002 guid=2bbc8f60-fad7-4b8f-b633-510b49c07cf5-0000000d cancelled=False
  voucher mid=14 aid=14 Sales/1/20261002 guid=2bbc8f60-fad7-4b8f-b633-510b49c07cf5-0000000e cancelled=False
  voucher mid=15 aid=15 Sales/2/20261002 guid=2bbc8f60-fad7-4b8f-b633-510b49c07cf5-0000000f cancelled=False
  voucher mid=16 aid=16 Sales/3/20261002 guid=2bbc8f60-fad7-4b8f-b633-510b49c07cf5-00000010 cancelled=False
  voucher mid=17 aid=17 Purchase/1/20261002 guid=2bbc8f60-fad7-4b8f-b633-510b49c07cf5-00000011 cancelled=False
  voucher mid=18 aid=18 Purchase/2/20261002 guid=2bbc8f60-fad7-4b8f-b633-510b49c07cf5-00000012 cancelled=False
  voucher mid=19 aid=19 Sales/4/20261002 guid=2bbc8f60-fad7-4b8f-b633-510b49c07cf5-00000013 cancelled=False
[shot] tds-416-gw0 (1024x768)
[19:30:21] [tds] screen tds-416-gw0 : x TallyPrime MANAGE EDU K: Company Gatewa of Tall CURRENT PERIOD I-Apr-26 to 31-Mar-27 NAME OF COMPANY FinCom Spike Co Y: Data Z: Exchange CURRENT OATE Friday, 2-Oct-2026 O: Import E: Export M: Share p: print Fl: Help Date o 3371a Gateway of Tally MASTERS Create Alter CHart of Accounts TRANSACTIONS Vouchers Day 800K UTILITIES BaNking REPORTS Balance Sheet Profit & Loss A/c Stock Summary Ratio Analysis Display More Reports DashbOard Quit Unity Q 2-Oct-26 Search Company o run 3b4-9 2731- acep 2+67- 2731- acep .337. ning 17523 ing j _id" : 1-01" 2+67- Mode Windows Server 2025 Datacenter Build 261...
[shot] tds-417-U3-start (1024x768)
[19:30:22] [tds] screen tds-417-U3-start : x TallyPrime MANAGE EDU K: Company Gatewa of Tall CURRENT PERIOD I-Apr-26 to 31-Mar-27 NAME OF COMPANY FinCom Spike Co Y: Data Z: Exchange CURRENT OATE Friday, 2-Oct-2026 O: Import E: Export M: Share p: print Fl: Help Date o 3371a Gateway of Tally MASTERS Create Alter CHart of Accounts TRANSACTIONS Vouchers Day 800K UTILITIES BaNking REPORTS Balance Sheet Profit & Loss A/c Stock Summary Ratio Analysis Display More Reports DashbOard Quit Unity Q 2-Oct-26 Search Company o run 3b4-9 2731- acep 2+67- 2731- acep .337. ning 17523 ing j _id" : 1-01" 2+67- Mode Windows Server 2025 Datacenter Build 261...
[keys] 'v' -> Tally 'TallyPrime:9000'
[shot] tds-418-U3-vouchers (1024x768)
[19:30:26] [tds] screen tds-418-U3-vouchers : x Y: Data cb Unity TallyPrime MANAGE EDU K: Company Accounting Voucher Creation Sales Particulars Narration: Quit Z: Exchange A Accept Q Search FinCom • ke Co O: Import E: Export List of Led er Accounts Cash Share Bank Share Party Share Supplier Spike Party Spike Party 2 Ul Party M: Share p: print x Create Fl: Help Date o 3371a Company o run F4: Contra F5: Payment Receipt Journal F8: Sales 3b4-9 2731- acep 2+67- 2731- Purchase Fl 0: 0åHVouctg•s F: Autofill Change Mode More Details o: L: Related Reports Optional post -Dated acep .337. ning 17523 ing j _id" : 1-01" 2+67- D: Delete Cancel Vch Con...
[keys] '{F9}' -> Tally 'TallyPrime:9000'
[shot] tds-419-U3-type (1024x768)
[19:30:30] [tds] screen tds-419-U3-type : x TallyPrime MANAGE EDU K: Company Accounting»ucher Creation cb Purchase Su*i« Imoice No. Party Alc narne: Current balance: Purchase ledger: - Current balance: Name of Item Narration: Unity Quit Y: Data Date Z: Exchange A Accept Q Search FinCom Spike Co O: Import Quantity E: Export Rate M: Share per p: print x 20ct-26 Friday Amount Fl: Help Date o 3371a Company o run F4: Contra F5: Payment Receipt Journal Sales 3b4-9 2731- acep 2+67- 2731- F9: Purchase Fl 0: 0åHVouctg•s F: Autofill Change Mode More Details o: L: Related Reports Optional post -Dated acep .337. ning 17523 ing j _id" : 1-01" 2+67...
[keys] '^h' -> Tally 'TallyPrime:9000'
[shot] tds-420-U3-type (1024x768)
[19:30:34] [tds] screen tds-420-U3-type : TallyPrime MANAGE EDU K: Company Change Mode Unity Quit Y: Data Z: Exchange O: Import E: Export M: Share p: print x Fl: Help FinCom • ke Co Change Voucher Mode Item Invoice List of Modes/Usa es Item Invoice Accounting Invoice As Voucher A Accept Q Search o 3371a o run 3b4-9 2731- acep 2+67- 2731- acep .337. ning 17523 ing j _id" : 1-01" 2+67- Mode Windows Server 2025 Datacenter Build 26100.ge_release240331-1435 7:30 PM 10/8/2026
[keys] 'As Voucher{ENTER}' -> Tally 'TallyPrime:9000'
[shot] tds-421-U3-type (1024x768)
[19:30:38] [tds] screen tds-421-U3-type : x O: Import FinCom Spike Co cb TallyPrime MANAGE EDU K: Company Accounting»ucher Creation Purchase Su*i« Imoice No. Particulars Narration: Y: Data Date Z: Exchange A Accept Q Search E: Export M: Share Debit p: print x 20ct-26 Friday Credit Fl: Help Date o 3371a Company o run F4: Contra F5: Payment Receipt Journal Sales 3b4-9 2731- acep 2+67- 2731- F9: Purchase Fl 0: 0åHVouctg•s F: Autofill Change Mode More Details o: L: Related Reports Optional post -Dated acep .337. ning 17523 ing j _id" : 1-01" 2+67- Unity Quit D: Delete x: Cancel Vch F12: Configure Mode Windows Server 2025 Datacenter Build ...
[keys] '{F2}' -> Tally 'TallyPrime:9000'
[shot] tds-422-U3-date-box (1024x768)
[19:30:42] [tds] screen tds-422-U3-date-box : TallyPrime MANAGE EDU K: Company Change Voucher Date Unity Quit Y: Data Z: Exchange A Accept Q Search O: Import E: Export M: Share p: print x Fl: Help FinCom Spike Co Voucher Date 3-10-2026 o 3371a o run 3b4-9 2731- acep 2+67- 2731- acep .337. ning 17523 ing j _id" : 1-01" 2+67- Mode Windows Server 2025 Datacenter Build 26100.ge_release240331-1435 7:30 PM 10/8/2026
[keys] '2-10-2026{ENTER}' -> Tally 'TallyPrime:9000'
[shot] tds-423-U3-date (1024x768)
[19:30:45] [tds] screen tds-423-U3-date : x O: Import FinCom Spike Co cb TallyPrime MANAGE EDU K: Company Accounting»ucher Creation Purchase Su*i« Imoice No. Particulars Narration: Y: Data Date Z: Exchange A Accept Q Search E: Export M: Share Debit p: print x 20ct-26 Friday Credit Fl: Help Date o 3371a Company o run F4: Contra F5: Payment Receipt Journal Sales 3b4-9 2731- acep 2+67- 2731- F9: Purchase Fl 0: 0åHVouctg•s F: Autofill Change Mode More Details o: L: Related Reports Optional post -Dated acep .337. ning 17523 ing j _id" : 1-01" 2+67- Unity Quit D: Delete x: Cancel Vch F12: Configure Mode Windows Server 2025 Datacenter Build ...
[keys] 'SUP-3{ENTER}' -> Tally 'TallyPrime:9000'
[shot] tds-424-U3-head (1024x768)
[19:30:49] [tds] screen tds-424-U3-head : x O: Import FinCom Spike Co cb TallyPrime MANAGE EDU K: Company Accounting»ucher Creation Purchase Su*lmoice No.: SUP-3 Particulars Narration: Y: Data Date Z: Exchange 2-Oct-26 A Accept Q Search E: Export M: Share Debit p: print x 20ct-26 Friday Credit Fl: Help Date o 3371a Company o run F4: Contra F5: Payment Receipt Journal Sales 3b4-9 2731- acep 2+67- 2731- F9: Purchase Fl 0: 0åHVouctg•s F: Autofill Change Mode More Details o: L: Related Reports Optional post -Dated acep .337. ning 17523 ing j _id" : 1-01" 2+67- Unity Quit D: Delete x: Cancel Vch F12: Configure Mode Windows Server 2025 Data...
[keys] '{ENTER}' -> Tally 'TallyPrime:9000'
[shot] tds-425-U3-head (1024x768)
[19:30:52] [tds] screen tds-425-U3-head : x M: Share FinCom Spike Co cb Unity TallyPrime MANAGE EDU K: Company Accounting»ucher Creation Purchase Su*lmoice No.: SUP-3 Particulars Narration: Quit Y: Data Date Z: Exchange 2-Oct-26 A Accept Q Search O: Import E: Export List of Led er Accounts Cash Share Bank Share Party Share Supplier Spike Party Spike Party 2 Ul Party p: print x Create Fl: Help Date o 3371a Company o run F4: Contra F5: Payment Receipt Journal Sales 3b4-9 2731- acep 2+67- 2731- F9: Purchase Fl 0: 0åHVouctg•s F: Autofill Change Mode More Details o: L: Related Reports Optional post -Dated acep .337. ning 17523 ing j _id" :...
[keys] 'Share Supplier{ENTER}' -> Tally 'TallyPrime:9000'
[shot] tds-426-U3-row1 (1024x768)
[19:30:56] [tds] screen tds-426-U3-row1 : x TallyPrime MANAGE EDU K: Company Details Y: Data Z: Exchange Accept Q Search O: Import E: Export M: Share FinCom Spike Co Receipt Details Receipt Doc No. Dispatched through Destination Carrier Name/Agent Bill of No. Motor Vehicle No. p: print Fl: Help x : It Receipt Note No(s) Date: Unity Quit o 3371a o run 3b4-9 2731- acep 2+67- 2731- acep .337. ning 17523 ing j _id" : 1-01" 2+67- Mode Windows Server 2025 Datacenter Build 26100.ge_release240331-1435 7:30 PM 10/8/2026
[shot] tds-427-U3-row1-a-sub1 (1024x768)
[19:30:56] [tds] screen tds-427-U3-row1-a-sub1 : x TallyPrime MANAGE EDU K: Company Details Y: Data Z: Exchange Accept Q Search O: Import E: Export M: Share FinCom Spike Co Receipt Details Receipt Doc No. Dispatched through Destination Carrier Name/Agent Bill of No. Motor Vehicle No. p: print Fl: Help x : It Receipt Note No(s) Date: Unity Quit o 3371a o run 3b4-9 2731- acep 2+67- 2731- acep .337. ning 17523 ing j _id" : 1-01" 2+67- Mode Windows Server 2025 Datacenter Build 26100.ge_release240331-1435 7:30 PM 10/8/2026
[keys] '^a' -> Tally 'TallyPrime:9000'
[shot] tds-428-U3-row1-a-sub-accept (1024x768)
[19:31:00] [tds] screen tds-428-U3-row1-a-sub-accept : x TallyPrime MANAGE EDU K: Company Details Quit Y: Data Z: Exchange FinCom Spike Co Party Details List of Led er Accounts Share Party Share Supplier Spike Party Spike Party 2 Ul Party O: Import Create New Party E: Export M: Share p: print Fl: Help x : It Supplier (Bill from) Mailing Name Address State Country GST Registration type GSTIN/UIN Place of Supply Accept Q Search o 3371a o run 3b4-9 2731- acep 2+67- 2731- acep .337. ning 17523 ing j _id" : 1-01" 2+67- Unity Configure Mode Windows Server 2025 Datacenter Build 26100.ge_release240331-1435 7:30 PM 10/8/2026
[shot] tds-429-U3-row1-a-sub2 (1024x768)
[19:31:01] [tds] screen tds-429-U3-row1-a-sub2 : x TallyPrime MANAGE EDU K: Company Details Quit Y: Data Z: Exchange FinCom Spike Co Party Details List of Led er Accounts Share Party Share Supplier Spike Party Spike Party 2 Ul Party O: Import Create New Party E: Export M: Share p: print Fl: Help x : It Supplier (Bill from) Mailing Name Address State Country GST Registration type GSTIN/UIN Place of Supply Accept Q Search o 3371a o run 3b4-9 2731- acep 2+67- 2731- acep .337. ning 17523 ing j _id" : 1-01" 2+67- Unity Configure Mode Windows Server 2025 Datacenter Build 26100.ge_release240331-1435 7:31 PM 10/8/2026
[keys] '^a' -> Tally 'TallyPrime:9000'
[shot] tds-430-U3-row1-a-sub-accept (1024x768)
[19:31:04] [tds] screen tds-430-U3-row1-a-sub-accept : x O: Import FinCom Spike Co cb TallyPrime MANAGE EDU K: Company Accounting»ucher Creation Purchase Su*lmoice No.: SUP-3 Particulars Y: Data Date Z: Exchange 2-Oct-26 A Accept Q Search E: Export M: Share Debit p: print x 20ct-26 Friday Credit Fl: Help Date o 3371a Company o run a To Share Supplier CurBal: 3,600.00 Cr Narration: Unity Quit F4: Contra F5: Payment Receipt Journal Sales 3b4-9 2731- acep 2+67- 2731- F9: Purchase Fl 0: 0åHVouctg•s F: Autofill Change Mode More Details o: L: Related Reports Optional post -Dated acep .337. ning 17523 ing j _id" : 1-01" 2+67- D: Delete x: Cancel Vch F12:...
[shot] tds-431-U3-row1-a-sub3 (1024x768)
[19:31:05] [tds] screen tds-431-U3-row1-a-sub3 : x O: Import FinCom Spike Co cb TallyPrime MANAGE EDU K: Company Accounting»ucher Creation Purchase Su*lmoice No.: SUP-3 Particulars Y: Data Date Z: Exchange 2-Oct-26 A Accept Q Search E: Export M: Share Debit p: print x 20ct-26 Friday Credit Fl: Help Date o 3371a Company o run a To Share Supplier CurBal: 3,600.00 Cr Narration: Unity Quit F4: Contra F5: Payment Receipt Journal Sales 3b4-9 2731- acep 2+67- 2731- F9: Purchase Fl 0: 0åHVouctg•s F: Autofill Change Mode More Details o: L: Related Reports Optional post -Dated acep .337. ning 17523 ing j _id" : 1-01" 2+67- D: Delete x: Cancel Vch F12:...
[keys] '240{ENTER}' -> Tally 'TallyPrime:9000'
[shot] tds-432-U3-row1-amt (1024x768)
[19:31:09] [tds] screen tds-432-U3-row1-amt : x TallyPrime MANAGE EDU K: Company Bill-wise Details Quit Y: Data Type of Ref Jew Ref Z: Exchange FinCom Spike Co Bill-wise Details for : Share Supplier Up to: 240.00 cr O: Import Amount E: Export M: Share p: print Fl: Help x : It Name Method of Ad Advance Agst Ref New Ref On Account Accept Q Search Due Date, or Credit Days 20ct-26) 240.00 cr 240.00 cr Unity o 3371a o run 3b4-9 2731- acep 2+67- 2731- acep .337. ning 17523 ing j _id" : 1-01" 2+67- Mode Windows Server 2025 Datacenter Build 26100.ge_release240331-1435 7:31 PM 10/8/2026
[shot] tds-433-U3-row1-bills1 (1024x768)
[19:31:10] [tds] screen tds-433-U3-row1-bills1 : x TallyPrime MANAGE EDU K: Company Bill-wise Details Quit Y: Data Type of Ref Jew Ref Z: Exchange FinCom Spike Co Bill-wise Details for : Share Supplier Up to: 240.00 cr O: Import Amount E: Export M: Share p: print Fl: Help x : It Name Method of Ad Advance Agst Ref New Ref On Account Accept Q Search Due Date, or Credit Days 20ct-26) 240.00 cr 240.00 cr Unity o 3371a o run 3b4-9 2731- acep 2+67- 2731- acep .337. ning 17523 ing j _id" : 1-01" 2+67- Mode Windows Server 2025 Datacenter Build 26100.ge_release240331-1435 7:31 PM 10/8/2026
[keys] 'Agst Ref{ENTER}' -> Tally 'TallyPrime:9000'
[shot] tds-434-U3-row1-reftype (1024x768)
[19:31:14] [tds] screen tds-434-U3-row1-reftype : x TallyPrime MANAGE EDU K: Company Bill-wise Details Quit Y: Data Type of Ref Agst Ref Z: Exchange FinCom Spike Co Bill-wise Details for : Share Supplier Up to: 240.00 cr O: Import Amount Date I-Oct-26 E: Export M: Share p: print Fl: Help x : It Name Eup-3 Accept Q Search Due Date, or Pendin Bills Name JN-I PB-I SUP-I SUP-2 SUP-3 Balance 1,000.00 Dr 600.00 cr 2-Oct-26 I-Oct-26 2-Oct-26 2-Oct-26 240.00 cr 3,600.00 cr 160.00 cr 240.00 Cr Final Balance 1,000.00 Dr 600.00 cr 3,600.00 cr 160.00 cr 240.00 Cr Unity o 3371a o run 3b4-9 2731- acep 2+67- 2731- acep .337. ning 17523 ing j _id" : 1-01" 2+...
[keys] 'ADVP-1{ENTER}' -> Tally 'TallyPrime:9000'
[shot] tds-435-U3-row1-refname (1024x768)
[19:31:17] [tds] screen tds-435-U3-row1-refname : x TallyPrime MANAGE EDU K: Company Bill-wise Details Quit Y: Data Type of Ref Agst Ref Z: Exchange FinCom Spike Co Bill-wise Details for : Share Supplier Up to: 240.00 cr O: Import E: Export Amount 240.00 cr 240.00 cr M: Share p: print Fl: Help x : It Name ADVP-I Accept Q Search Due Date, or Credit Days (wef 20ct-26) Unity o 3371a o run 3b4-9 2731- acep 2+67- 2731- acep .337. ning 17523 ing j _id" : 1-01" 2+67- Mode Windows Server 2025 Datacenter Build 26100.ge_release240331-1435 7:31 PM 10/8/2026
[keys] '{ENTER}' -> Tally 'TallyPrime:9000'
[shot] tds-436-U3-row1-refamount (1024x768)
[19:31:21] [tds] screen tds-436-U3-row1-refamount : x TallyPrime MANAGE EDU K: Company Bill-wise Details Quit Y: Data Type of Ref Agst Ref Z: Exchange FinCom Spike Co Bill-wise Details for : Share Supplier Up to: 240.00 cr O: Import E: Export Amount 240.00 er 240.00 cr M: Share p: print Fl: Help x : It Name ADVP-I Accept Q Search Due Date, or Credit Days (wef 20ct-26) Unity o 3371a o run 3b4-9 2731- acep 2+67- 2731- acep .337. ning 17523 ing j _id" : 1-01" 2+67- Mode Windows Server 2025 Datacenter Build 26100.ge_release240331-1435 7:31 PM 10/8/2026
[shot] tds-437-U3-row1-bills2 (1024x768)
[19:31:22] [tds] screen tds-437-U3-row1-bills2 : x TallyPrime MANAGE EDU K: Company Bill-wise Details Quit Y: Data Type of Ref Agst Ref Z: Exchange FinCom Spike Co Bill-wise Details for : Share Supplier Up to: 240.00 cr O: Import E: Export Amount 240.00 er 240.00 cr M: Share p: print Fl: Help x : It Name ADVP-I Accept Q Search Due Date, or Credit Days (wef 20ct-26) Unity o 3371a o run 3b4-9 2731- acep 2+67- 2731- acep .337. ning 17523 ing j _id" : 1-01" 2+67- Mode Windows Server 2025 Datacenter Build 26100.ge_release240331-1435 7:31 PM 10/8/2026
[keys] '^a' -> Tally 'TallyPrime:9000'
[shot] tds-438-U3-row1-bills-accept (1024x768)
[19:31:25] [tds] screen tds-438-U3-row1-bills-accept : x M: Share FinCom Spike Co cb TallyPrime MANAGE EDU K: Company Accounting»ucher Creation Purchase Su*lmoice No.: SUP-3 Particulars Y: Data Date Z: Exchange 2-Oct-26 240.00 Cr A Accept Q Search O: Import E: Export List of Led er Accounts Share Purchase p: print x Create Show More Fl: Help Date o 3371a Company o run a To Share Supplier CurBal: 3,840.00 Cr Agst Ref ADVP-I CurBa1: 640.00 Dr Narration: Unity Quit F4: Contra F5: Payment Receipt Journal Sales 3b4-9 2731- acep 2+67- 2731- F9: Purchase Fl 0: 0åHVouctg•s F: Autofill Change Mode More Details o: L: Related Reports Optional post -Dated ace...
[shot] tds-439-U3-row1-bills3 (1024x768)
[19:31:26] [tds] screen tds-439-U3-row1-bills3 : x M: Share FinCom Spike Co cb TallyPrime MANAGE EDU K: Company Accounting»ucher Creation Purchase Su*lmoice No.: SUP-3 Particulars Y: Data Date Z: Exchange 2-Oct-26 240.00 Cr A Accept Q Search O: Import E: Export List of Led er Accounts Share Purchase p: print x Create Show More Fl: Help Date o 3371a Company o run a To Share Supplier CurBal: 3,840.00 Cr Agst Ref ADVP-I CurBa1: 640.00 Dr Narration: Unity Quit F4: Contra F5: Payment Receipt Journal Sales 3b4-9 2731- acep 2+67- 2731- F9: Purchase Fl 0: 0åHVouctg•s F: Autofill Change Mode More Details o: L: Related Reports Optional post -Dated ace...
[shot] tds-440-U3-row1-b-sub1 (1024x768)
[19:31:27] [tds] screen tds-440-U3-row1-b-sub1 : x M: Share FinCom Spike Co cb TallyPrime MANAGE EDU K: Company Accounting»ucher Creation Purchase Su*lmoice No.: SUP-3 Particulars Y: Data Date Z: Exchange 2-Oct-26 240.00 Cr A Accept Q Search O: Import E: Export List of Led er Accounts Share Purchase p: print x Create Show More Fl: Help Date o 3371a Company o run a To Share Supplier CurBal: 3,840.00 Cr Agst Ref ADVP-I CurBa1: 640.00 Dr Narration: Unity Quit F4: Contra F5: Payment Receipt Journal Sales 3b4-9 2731- acep 2+67- 2731- F9: Purchase Fl 0: 0åHVouctg•s F: Autofill Change Mode More Details o: L: Related Reports Optional post -Dated ace...
[shot] tds-441-U3-row2-before (1024x768)
[19:31:28] [tds] screen tds-441-U3-row2-before : x M: Share FinCom Spike Co cb TallyPrime MANAGE EDU K: Company Accounting»ucher Creation Purchase Su*lmoice No.: SUP-3 Particulars Y: Data Date Z: Exchange 2-Oct-26 240.00 Cr A Accept Q Search O: Import E: Export List of Led er Accounts Share Purchase p: print x Create Show More Fl: Help Date o 3371a Company o run a To Share Supplier CurBal: 3,840.00 Cr Agst Ref ADVP-I CurBa1: 640.00 Dr Narration: Unity Quit F4: Contra F5: Payment Receipt Journal Sales 3b4-9 2731- acep 2+67- 2731- F9: Purchase Fl 0: 0åHVouctg•s F: Autofill Change Mode More Details o: L: Related Reports Optional post -Dated ace...
[keys] 'Share Purchase{ENTER}' -> Tally 'TallyPrime:9000'
[shot] tds-442-U3-row2 (1024x768)
[19:31:32] [tds] screen tds-442-U3-row2 : TallyPrime MANAGE EDU K: Company Inventory Allocations Unity Quit Y: Data Z: Exchange FinCom Spike Co O: Import Amount E: Export M: Share p: print x Fl: Help Inventory Allocations for • Quantity Share Purchase Rate per Name of Item A Accept Q Search o 3371a o run 3b4-9 2731- acep 2+67- 2731- acep .337. ning 17523 ing j _id" : 1-01" 2+67- Mode Windows Server 2025 Datacenter Build 26100.ge_release240331-1435 7:31 PM 10/8/2026
[shot] tds-443-U3-row2-a-sub1 (1024x768)
[19:31:33] [tds] screen tds-443-U3-row2-a-sub1 : TallyPrime MANAGE EDU K: Company Inventory Allocations Unity Quit Y: Data Z: Exchange FinCom Spike Co O: Import Amount E: Export M: Share p: print x Fl: Help Inventory Allocations for • Quantity Share Purchase Rate per Name of Item A Accept Q Search o 3371a o run 3b4-9 2731- acep 2+67- 2731- acep .337. ning 17523 ing j _id" : 1-01" 2+67- Mode Windows Server 2025 Datacenter Build 26100.ge_release240331-1435 7:31 PM 10/8/2026
[keys] '{ENTER}' -> Tally 'TallyPrime:9000'
[shot] tds-444-U3-row2-amt (1024x768)
[19:31:36] [tds] screen tds-444-U3-row2-amt : x O: Import FinCom Spike Co cb TallyPrime MANAGE EDU K: Company Accounting»ucher Creation Purchase Su*lmoice No.: SUP-3 Y: Data Date Z: Exchange 2-Oct-26 240.00 Cr A Accept Q Search E: Export M: Share p: print x 20ct-26 Friday Credit 240.00 240.00 Fl: Help Date o 3371a Company o run To By Particulars Share Supplier CurBal: 3,840.00 Cr Agst Ref ADVP-I Share Purchase Cur Bal: 640.00 Dr Debit 240.00 240.00 F4: Contra Payment Receipt Journal Sales 3b4-9 2731- acep 2+67- 2731- F9: Purchase Fl 0: 0åHVouctg•s F: Autofill Change Mode More Details o: Related Reports Optional post -Dated acep .337. ning...
[shot] tds-445-U3-row2-bills1 (1024x768)
[19:31:37] [tds] screen tds-445-U3-row2-bills1 : x O: Import FinCom Spike Co cb TallyPrime MANAGE EDU K: Company Accounting»ucher Creation Purchase Su*lmoice No.: SUP-3 Y: Data Date Z: Exchange 2-Oct-26 240.00 Cr A Accept Q Search E: Export M: Share p: print x 20ct-26 Friday Credit 240.00 240.00 Fl: Help Date o 3371a Company o run To By Particulars Share Supplier CurBal: 3,840.00 Cr Agst Ref ADVP-I Share Purchase Cur Bal: 640.00 Dr Debit 240.00 240.00 F4: Contra Payment Receipt Journal Sales 3b4-9 2731- acep 2+67- 2731- F9: Purchase Fl 0: 0åHVouctg•s F: Autofill Change Mode More Details o: Related Reports Optional post -Dated acep .337. ning...
[shot] tds-446-U3-row2-b-sub1 (1024x768)
[19:31:38] [tds] screen tds-446-U3-row2-b-sub1 : x O: Import FinCom Spike Co cb TallyPrime MANAGE EDU K: Company Accounting»ucher Creation Purchase Su*lmoice No.: SUP-3 Y: Data Date Z: Exchange 2-Oct-26 240.00 Cr A Accept Q Search E: Export M: Share p: print x 20ct-26 Friday Credit 240.00 240.00 Fl: Help Date o 3371a Company o run To By Particulars Share Supplier CurBal: 3,840.00 Cr Agst Ref ADVP-I Share Purchase Cur Bal: 640.00 Dr Debit 240.00 240.00 F4: Contra Payment Receipt Journal Sales 3b4-9 2731- acep 2+67- 2731- F9: Purchase Fl 0: 0åHVouctg•s F: Autofill Change Mode More Details o: Related Reports Optional post -Dated acep .337. ning...
[shot] tds-447-U3-last-row (1024x768)
[19:31:39] [tds] screen tds-447-U3-last-row : x O: Import FinCom Spike Co cb TallyPrime MANAGE EDU K: Company Accounting»ucher Creation Purchase Su*lmoice No.: SUP-3 Y: Data Date Z: Exchange 2-Oct-26 240.00 Cr A Accept Q Search E: Export M: Share p: print x 20ct-26 Friday Credit 240.00 240.00 Fl: Help Date o 3371a Company o run To By Particulars Share Supplier CurBal: 3,840.00 Cr Agst Ref ADVP-I Share Purchase Cur Bal: 640.00 Dr Debit 240.00 240.00 F4: Contra Payment Receipt Journal Sales 3b4-9 2731- acep 2+67- 2731- F9: Purchase Fl 0: 0åHVouctg•s F: Autofill Change Mode More Details o: Related Reports Optional post -Dated acep .337. ning...
[keys] '^a' -> Tally 'TallyPrime:9000'
[shot] tds-448-U3-accept1 (1024x768)
[19:31:44] [tds] screen tds-448-U3-accept1 : x O: Import FinCom Spike Co cb TallyPrime MANAGE EDU K: Company Accounting»ucher Creation Purchase No. 4 Su*i« Imoice No. Particulars Narration: Y: Data Date Z: Exchange A Accept Q Search E: Export M: Share Debit p: print x 20ct-26 Friday Credit Fl: Help Date o 3371a Company o run F4: Contra F5: Payment Receipt Journal Sales 3b4-9 2731- acep 2+67- 2731- F9: Purchase Fl 0: 0åHVouctg•s F: Autofill Change Mode More Details o: L: Related Reports Optional post -Dated acep .337. ning 17523 ing j _id" : 1-01" 2+67- Unity Quit D: Delete x: Cancel Vch F12: Configure Mode Windows Server 2025 Datacenter ...
[shot] tds-449-U3-after1 (1024x768)
[19:31:44] [tds] screen tds-449-U3-after1 : x O: Import FinCom Spike Co cb TallyPrime MANAGE EDU K: Company Accounting»ucher Creation Purchase No. 4 Su*i« Imoice No. Particulars Narration: Y: Data Date Z: Exchange A Accept Q Search E: Export M: Share Debit p: print x 20ct-26 Friday Credit Fl: Help Date o 3371a Company o run F4: Contra F5: Payment Receipt Journal Sales 3b4-9 2731- acep 2+67- 2731- F9: Purchase Fl 0: 0åHVouctg•s F: Autofill Change Mode More Details o: L: Related Reports Optional post -Dated acep .337. ning 17523 ing j _id" : 1-01" 2+67- Unity Quit D: Delete x: Cancel Vch F12: Configure Mode Windows Server 2025 Datacenter ...
[shot] tds-450-gw0 (1024x768)
[19:31:45] [tds] screen tds-450-gw0 : x O: Import FinCom Spike Co cb TallyPrime MANAGE EDU K: Company Accounting»ucher Creation Purchase No. 4 Su*i« Imoice No. Particulars Narration: Y: Data Date Z: Exchange A Accept Q Search E: Export M: Share Debit p: print x 20ct-26 Friday Credit Fl: Help Date o 3371a Company o run F4: Contra F5: Payment Receipt Journal Sales 3b4-9 2731- acep 2+67- 2731- F9: Purchase Fl 0: 0åHVouctg•s F: Autofill Change Mode More Details o: L: Related Reports Optional post -Dated acep .337. ning 17523 ing j _id" : 1-01" 2+67- Unity Quit D: Delete x: Cancel Vch F12: Configure Mode Windows Server 2025 Datacenter ...
[keys] '{ESC}' -> Tally 'TallyPrime:9000'
[shot] tds-451-gw1 (1024x768)
[19:31:49] [tds] screen tds-451-gw1 : O: Import FinCom Spike Co cb TallyPrime MANAGE EDU K: Company Accounting»ucher Creation Purchase No. 4 Su*i« Imoice No. Particulars Narration: Y: Data Date Z: Exchange A: Accept Q Search E: Export M: Share Debit p: print x 20ct-26 Friday Credit Quit o Yes or No Unity Q: Quit D: Delete X: Cancel Vch x Fl: Help F2: Date F3: Company F4: Contra F5: Payment F6: Receipt F7: Journal F8: Sales F9: Purchase F: Autofill H: Change Mode l: More Details O: Related Reports k: Optional T: post -Dated Fl 2: Configure o 3371a o run 3b4-9 2731- acep 2+67- 2731- acep .337. ning 17523 ing j _id" : 1-01" 2+67- Mod...
[keys] 'y' -> Tally 'TallyPrime:9000'
[shot] tds-452-gw2 (1024x768)
[19:31:52] [tds] screen tds-452-gw2 : x TallyPrime MANAGE EDU K: Company Gatewa of Tall CURRENT PERIOD I-Apr-26 to 31-Mar-27 NAME OF COMPANY FinCom Spike Co Y: Data Z: Exchange CURRENT OATE Friday, 2-Oct-2026 O: Import E: Export M: Share p: print Fl: Help Date o 3371a Gateway of Tally MASTERS Create Alter CHart of Accounts TRANSACTIONS Vouchers Day 800K UTILITIES BaNking REPORTS Balance Sheet Profit & Loss A/c Stock Summary Ratio Analysis Display More Reports DashbOard Quit Unity Q 2-Oct-26 Search Company o run 3b4-9 2731- acep 2+67- 2731- acep .337. ning 17523 ing j _id" : 1-01" 2+67- Mode Windows Server 2025 Datacenter Build 261...
  voucher mid=1 aid=1 Journal/1/20260401 guid=2bbc8f60-fad7-4b8f-b633-510b49c07cf5-00000001 cancelled=False
  voucher mid=2 aid=2 Journal/2/20261001 guid=2bbc8f60-fad7-4b8f-b633-510b49c07cf5-00000002 cancelled=False
  voucher mid=3 aid=3 Journal/3/20261001 guid=2bbc8f60-fad7-4b8f-b633-510b49c07cf5-00000003 cancelled=False
  voucher mid=4 aid=4 Journal/4/20261001 guid=2bbc8f60-fad7-4b8f-b633-510b49c07cf5-00000004 cancelled=False
  voucher mid=5 aid=5 Journal/5/20261001 guid=2bbc8f60-fad7-4b8f-b633-510b49c07cf5-00000005 cancelled=False
  voucher mid=6 aid=6 Payroll/1/20261001 guid=2bbc8f60-fad7-4b8f-b633-510b49c07cf5-00000006 cancelled=False
  voucher mid=7 aid=7 Receipt/1/20261002 guid=2bbc8f60-fad7-4b8f-b633-510b49c07cf5-00000007 cancelled=False
  voucher mid=8 aid=8 Receipt/2/20261002 guid=2bbc8f60-fad7-4b8f-b633-510b49c07cf5-00000008 cancelled=False
  voucher mid=9 aid=9 Payment/1/20261002 guid=2bbc8f60-fad7-4b8f-b633-510b49c07cf5-00000009 cancelled=False
  voucher mid=10 aid=10 Payment/2/20261002 guid=2bbc8f60-fad7-4b8f-b633-510b49c07cf5-0000000a cancelled=False
  voucher mid=11 aid=11 Contra/1/20261002 guid=2bbc8f60-fad7-4b8f-b633-510b49c07cf5-0000000b cancelled=False
  voucher mid=12 aid=12 Journal/6/20261002 guid=2bbc8f60-fad7-4b8f-b633-510b49c07cf5-0000000c cancelled=False
  voucher mid=13 aid=13 Journal/7/20261002 guid=2bbc8f60-fad7-4b8f-b633-510b49c07cf5-0000000d cancelled=False
  voucher mid=14 aid=14 Sales/1/20261002 guid=2bbc8f60-fad7-4b8f-b633-510b49c07cf5-0000000e cancelled=False
  voucher mid=15 aid=15 Sales/2/20261002 guid=2bbc8f60-fad7-4b8f-b633-510b49c07cf5-0000000f cancelled=False
  voucher mid=16 aid=16 Sales/3/20261002 guid=2bbc8f60-fad7-4b8f-b633-510b49c07cf5-00000010 cancelled=False
  voucher mid=17 aid=17 Purchase/1/20261002 guid=2bbc8f60-fad7-4b8f-b633-510b49c07cf5-00000011 cancelled=False
  voucher mid=18 aid=18 Purchase/2/20261002 guid=2bbc8f60-fad7-4b8f-b633-510b49c07cf5-00000012 cancelled=False
  voucher mid=19 aid=19 Sales/4/20261002 guid=2bbc8f60-fad7-4b8f-b633-510b49c07cf5-00000013 cancelled=False
  voucher mid=20 aid=20 Purchase/3/20261002 guid=2bbc8f60-fad7-4b8f-b633-510b49c07cf5-00000014 cancelled=False
  INFO share purchase-agst (purchase in As Voucher mode, the supplier Cr with an Agst Ref bill (the advance ADVP-1)): Tally Purchase 3 mid 20; stored party 'Share Supplier' bills [Agst Ref]; the line party '' bills [Agst Ref]; lines voucher_accept_post x1, voucher_full x1
[19:31:55] ---- share credit-note: credit note, item invoice, Agst Ref the sales bill SB-1
  voucher mid=1 aid=1 Journal/1/20260401 guid=2bbc8f60-fad7-4b8f-b633-510b49c07cf5-00000001 cancelled=False
  voucher mid=2 aid=2 Journal/2/20261001 guid=2bbc8f60-fad7-4b8f-b633-510b49c07cf5-00000002 cancelled=False
  voucher mid=3 aid=3 Journal/3/20261001 guid=2bbc8f60-fad7-4b8f-b633-510b49c07cf5-00000003 cancelled=False
  voucher mid=4 aid=4 Journal/4/20261001 guid=2bbc8f60-fad7-4b8f-b633-510b49c07cf5-00000004 cancelled=False
  voucher mid=5 aid=5 Journal/5/20261001 guid=2bbc8f60-fad7-4b8f-b633-510b49c07cf5-00000005 cancelled=False
  voucher mid=6 aid=6 Payroll/1/20261001 guid=2bbc8f60-fad7-4b8f-b633-510b49c07cf5-00000006 cancelled=False
  voucher mid=7 aid=7 Receipt/1/20261002 guid=2bbc8f60-fad7-4b8f-b633-510b49c07cf5-00000007 cancelled=False
  voucher mid=8 aid=8 Receipt/2/20261002 guid=2bbc8f60-fad7-4b8f-b633-510b49c07cf5-00000008 cancelled=False
  voucher mid=9 aid=9 Payment/1/20261002 guid=2bbc8f60-fad7-4b8f-b633-510b49c07cf5-00000009 cancelled=False
  voucher mid=10 aid=10 Payment/2/20261002 guid=2bbc8f60-fad7-4b8f-b633-510b49c07cf5-0000000a cancelled=False
  voucher mid=11 aid=11 Contra/1/20261002 guid=2bbc8f60-fad7-4b8f-b633-510b49c07cf5-0000000b cancelled=False
  voucher mid=12 aid=12 Journal/6/20261002 guid=2bbc8f60-fad7-4b8f-b633-510b49c07cf5-0000000c cancelled=False
  voucher mid=13 aid=13 Journal/7/20261002 guid=2bbc8f60-fad7-4b8f-b633-510b49c07cf5-0000000d cancelled=False
  voucher mid=14 aid=14 Sales/1/20261002 guid=2bbc8f60-fad7-4b8f-b633-510b49c07cf5-0000000e cancelled=False
  voucher mid=15 aid=15 Sales/2/20261002 guid=2bbc8f60-fad7-4b8f-b633-510b49c07cf5-0000000f cancelled=False
  voucher mid=16 aid=16 Sales/3/20261002 guid=2bbc8f60-fad7-4b8f-b633-510b49c07cf5-00000010 cancelled=False
  voucher mid=17 aid=17 Purchase/1/20261002 guid=2bbc8f60-fad7-4b8f-b633-510b49c07cf5-00000011 cancelled=False
  voucher mid=18 aid=18 Purchase/2/20261002 guid=2bbc8f60-fad7-4b8f-b633-510b49c07cf5-00000012 cancelled=False
  voucher mid=19 aid=19 Sales/4/20261002 guid=2bbc8f60-fad7-4b8f-b633-510b49c07cf5-00000013 cancelled=False
  voucher mid=20 aid=20 Purchase/3/20261002 guid=2bbc8f60-fad7-4b8f-b633-510b49c07cf5-00000014 cancelled=False
[shot] tds-453-gw0 (1024x768)
[19:31:56] [tds] screen tds-453-gw0 : x TallyPrime MANAGE EDU K: Company Gatewa of Tall CURRENT PERIOD I-Apr-26 to 31-Mar-27 NAME OF COMPANY FinCom Spike Co Y: Data Z: Exchange CURRENT OATE Friday, 2-Oct-2026 O: Import E: Export M: Share p: print Fl: Help Date o 3371a Gateway of Tally MASTERS Create Alter CHart of Accounts TRANSACTIONS Vouchers Day 800K UTILITIES BaNking REPORTS Balance Sheet Profit & Loss A/c Stock Summary Ratio Analysis Display More Reports DashbOard Quit Unity Q 2-Oct-26 Search Company o run 3b4-9 2731- acep 2+67- 2731- acep .337. ning 17523 ing j _id" : 1-01" 2+67- Mode Windows Server 2025 Datacenter Build 261...
[shot] tds-454-N1-start (1024x768)
[19:31:57] [tds] screen tds-454-N1-start : x TallyPrime MANAGE EDU K: Company Gatewa of Tall CURRENT PERIOD I-Apr-26 to 31-Mar-27 NAME OF COMPANY FinCom Spike Co Y: Data Z: Exchange CURRENT OATE Friday, 2-Oct-2026 O: Import E: Export M: Share p: print Fl: Help Date o 3371a Gateway of Tally MASTERS Create Alter CHart of Accounts TRANSACTIONS Vouchers Day 800K UTILITIES BaNking REPORTS Balance Sheet Profit & Loss A/c Stock Summary Ratio Analysis Display More Reports DashbOard Quit Unity Q 2-Oct-26 Search Company o run 3b4-9 2731- acep 2+67- 2731- acep .337. ning 17523 ing j _id" : 1-01" 2+67- Mode Windows Server 2025 Datacenter Build 261...
[keys] 'v' -> Tally 'TallyPrime:9000'
[shot] tds-455-N1-vouchers (1024x768)
[19:32:01] [tds] screen tds-455-N1-vouchers : x O: Import FinCom Spike Co cb TallyPrime MANAGE EDU K: Company Accounting»ucher Creation Purchase No. 4 Su*i« Imoice No. Particulars Narration: Y: Data Date Z: Exchange A Accept Q Search E: Export M: Share Debit p: print x 20ct-26 Friday Credit Fl: Help Date o 3371a Company o run F4: Contra F5: Payment Receipt Journal Sales 3b4-9 2731- acep 2+67- 2731- F9: Purchase Fl 0: 0åHVouctg•s F: Autofill Change Mode More Details o: L: Related Reports Optional post -Dated acep .337. ning 17523 ing j _id" : 1-01" 2+67- Unity Quit D: Delete x: Cancel Vch F12: Configure Mode Windows Server 2025 Datacenter ...
[keys] '{F10}' -> Tally 'TallyPrime:9000'
[shot] tds-456-N1-type (1024x768)
[19:32:05] [tds] screen tds-456-N1-type : x R CEDU Unity Quit TallyPrime MANAGE K: Company Y: Data Z: Exchange FinCom • ke Co Change Voucher Type O: Import Create Show Inactive F4 A lt+F6 Ctd+F7 Alt+F7 E: Export M: Share Purchase List of Voucher T S p: print Fl: Help x : It Accounting Vouchers Contra Credit Note Debit Note Journal Payment Purchase Receipt Sales Inventory Vouchers Physical Stock Stock Journal o 3371a o run 3b4-9 2731- acep 2+67- 2731- acep .337. ning 17523 ing j _id" : 1-01" 2+67- Mode Q Search Windows Server 2025 Datacenter Build 26100.ge_release240331-1435 7•.32 PM 10/8/2026
[keys] 'Credit Note{ENTER}' -> Tally 'TallyPrime:9000'
[shot] tds-457-N1-type (1024x768)
[19:32:10] [tds] screen tds-457-N1-type : x TallyPrime MANAGE EDU K: Company Accounting Yeucher Creation cb Credit Note Party Alc narne. Current balance: Ledger account: - Current balance: Name of Item Narration: Unity Quit Y: Data Z: Exchange A Accept Q Search FinCom Spike Co O: Import E: Export List of Led er Accounts Cash Share Bank Share Party Share Supplier Spike Party Spike Party 2 Ul Party M: Share p: print x Create Fl: Help Date o 3371a Company o run F4: Contra F5: Payment Receipt Journal Sales 3b4-9 2731- acep 2+67- 2731- Purchase Fl 0: 0åHVouctg•s F: Autofill Change Mode More Details o: L: Related Reports Optional post -Date...
[keys] '^h' -> Tally 'TallyPrime:9000'
[shot] tds-458-N1-mode (1024x768)
[19:32:13] [tds] screen tds-458-N1-mode : TallyPrime MANAGE EDU K: Company Change Mode Unity Quit Y: Data Z: Exchange O: Import E: Export M: Share p: print x Fl: Help FinCom • ke Co Change Voucher Mode Item Invoice List of Modes/Usa es Item Invoice Accounting Invoice As Voucher Use for Interest Accounting A Accept Q Search o 3371a o run 3b4-9 2731- acep 2+67- 2731- acep .337. ning 17523 ing j _id" : 1-01" 2+67- Mode Windows Server 2025 Datacenter Build 26100.ge_release240331-1435 7•.32 PM 10/8/2026
[keys] 'Item Invoice{ENTER}' -> Tally 'TallyPrime:9000'
[shot] tds-459-N1-item-mode (1024x768)
[19:32:17] [tds] screen tds-459-N1-item-mode : x TallyPrime MANAGE EDU K: Company Accounting Yeucher Creation cb Credit Note Party Alc narne. Current balance: Ledger account: - Current balance: Name of Item Narration: Unity Quit Y: Data Z: Exchange A Accept Q Search FinCom Spike Co O: Import E: Export List of Led er Accounts Cash Share Bank Share Party Share Supplier Spike Party Spike Party 2 Ul Party M: Share p: print x Create Fl: Help Date o 3371a Company o run F4: Contra F5: Payment Receipt Journal Sales 3b4-9 2731- acep 2+67- 2731- Purchase Fl 0: 0åHVouctg•s F: Autofill Change Mode More Details o: L: Related Reports Optional post -Date...
[keys] '{F2}' -> Tally 'TallyPrime:9000'
[shot] tds-460-N1-date-box (1024x768)
[19:32:20] [tds] screen tds-460-N1-date-box : TallyPrime MANAGE EDU K: Company Change Voucher Date Unity Quit Y: Data Z: Exchange A Accept Q Search O: Import E: Export M: Share p: print x Fl: Help FinCom Spike Co Voucher Date 3-10-2026 o 3371a o run 3b4-9 2731- acep 2+67- 2731- acep .337. ning 17523 ing j _id" : 1-01" 2+67- Mode Windows Server 2025 Datacenter Build 26100.ge_release240331-1435 7•.32 PM 10/8/2026
[keys] '2-10-2026{ENTER}' -> Tally 'TallyPrime:9000'
[shot] tds-461-N1-date (1024x768)
[19:32:24] [tds] screen tds-461-N1-date : x TallyPrime MANAGE EDU K: Company Accounting Yeucher Creation cb Credit Note Party Alc narne. Current balance: Ledger account: - Current balance: Name of Item Narration: Unity Quit Y: Data Z: Exchange A Accept Q Search FinCom Spike Co O: Import E: Export List of Led er Accounts Cash Share Bank Share Party Share Supplier Spike Party Spike Party 2 Ul Party M: Share p: print x Create Fl: Help Date o 3371a Company o run F4: Contra F5: Payment Receipt Journal Sales 3b4-9 2731- acep 2+67- 2731- Purchase Fl 0: 0åHVouctg•s F: Autofill Change Mode More Details o: L: Related Reports Optional post -Date...
[keys] 'Share Party{ENTER}' -> Tally 'TallyPrime:9000'
[shot] tds-462-N1-party (1024x768)
[19:32:28] [tds] screen tds-462-N1-party : x TallyPrime MANAGE EDU K: Company Details Y: Data Z: Exchange Accept O: Import E: Export M: Share p: print Fl: Help x Tracking No(s) Original Invoice No. FinCom Spike Co Receipt Details Dispatch Doc No. Dispatched through Destination Carrier Name/Agent Bill of No. Motor Vehicle No. Original Invoice Details Date Date: Unity Quit o 3371a o run 3b4-9 2731- acep 2+67- 2731- acep .337. ning 17523 ing j _id" : 1-01" 2+67- Mode Q Search Windows Server 2025 Datacenter Build 26100.ge_release240331-1435 7•.32 PM 10/8/2026
[shot] tds-463-N1-party-sub1 (1024x768)
[19:32:29] [tds] screen tds-463-N1-party-sub1 : x TallyPrime MANAGE EDU K: Company Details Y: Data Z: Exchange Accept O: Import E: Export M: Share p: print Fl: Help x Tracking No(s) Original Invoice No. FinCom Spike Co Receipt Details Dispatch Doc No. Dispatched through Destination Carrier Name/Agent Bill of No. Motor Vehicle No. Original Invoice Details Date Date: Unity Quit o 3371a o run 3b4-9 2731- acep 2+67- 2731- acep .337. ning 17523 ing j _id" : 1-01" 2+67- Mode Q Search Windows Server 2025 Datacenter Build 26100.ge_release240331-1435 7•.32 PM 10/8/2026
[keys] '^a' -> Tally 'TallyPrime:9000'
[shot] tds-464-N1-party-sub-accept (1024x768)
[19:32:33] [tds] screen tds-464-N1-party-sub-accept : x TallyPrime MANAGE EDU K: Company Details Quit Y: Data Z: Exchange FinCom Spike Co Party Details Share Pa List of Led er Accounts Share Party Share Supplier Spike Party Spike Party 2 Ul Party O: Import Create New Party E: Export M: Share p: print Fl: Help x Buyer (Bill to) Mailing Name Address State Country GST Registration type GSTIN/UIN Place of Supply Accept Q Search o 3371a o run 3b4-9 2731- acep 2+67- 2731- acep .337. ning 17523 ing j _id" : 1-01" 2+67- Unity Configure Mode Windows Server 2025 Datacenter Build 26100.ge_release240331-1435 7•.32 PM 10/8/2026
[shot] tds-465-N1-party-sub2 (1024x768)
[19:32:34] [tds] screen tds-465-N1-party-sub2 : x TallyPrime MANAGE EDU K: Company Details Quit Y: Data Z: Exchange FinCom Spike Co Party Details Share Pa List of Led er Accounts Share Party Share Supplier Spike Party Spike Party 2 Ul Party O: Import Create New Party E: Export M: Share p: print Fl: Help x Buyer (Bill to) Mailing Name Address State Country GST Registration type GSTIN/UIN Place of Supply Accept Q Search o 3371a o run 3b4-9 2731- acep 2+67- 2731- acep .337. ning 17523 ing j _id" : 1-01" 2+67- Unity Configure Mode Windows Server 2025 Datacenter Build 26100.ge_release240331-1435 7•.32 PM 10/8/2026
[keys] '^a' -> Tally 'TallyPrime:9000'
[shot] tds-466-N1-party-sub-accept (1024x768)
[19:32:37] [tds] screen tds-466-N1-party-sub-accept : x TallyPrime MANAGE EDU K: Company Accounting Yeucher Creation cb Credit Note Party A/c narne: Share Party Current balance: 4,500.00 Dr Ledger account: - Current balance: Name of Item Narration: Unity Quit Y: Data Z: Exchange A Accept Q Search FinCom Spike Co O: Import E: Export List of Led er Accounts Share Sales M: Share p: print x Create Show More Fl: Help Date o 3371a Company o run F4: Contra F5: Payment Receipt Journal Sales 3b4-9 2731- acep 2+67- 2731- Purchase Fl 0: 0åHVouctg•s F: Autofill Change Mode More Details o: L: Related Reports Optional post -Dated acep .337. ning 17523 ing j _i...
[shot] tds-467-N1-party-sub3 (1024x768)
[19:32:38] [tds] screen tds-467-N1-party-sub3 : x TallyPrime MANAGE EDU K: Company Accounting Yeucher Creation cb Credit Note Party A/c narne: Share Party Current balance: 4,500.00 Dr Ledger account: - Current balance: Name of Item Narration: Unity Quit Y: Data Z: Exchange A Accept Q Search FinCom Spike Co O: Import E: Export List of Led er Accounts Share Sales M: Share p: print x Create Show More Fl: Help Date o 3371a Company o run F4: Contra F5: Payment Receipt Journal Sales 3b4-9 2731- acep 2+67- 2731- Purchase Fl 0: 0åHVouctg•s F: Autofill Change Mode More Details o: L: Related Reports Optional post -Dated acep .337. ning 17523 ing j _i...
[keys] 'Share Sales{ENTER}' -> Tally 'TallyPrime:9000'
[shot] tds-468-N1-ledger (1024x768)
[19:32:42] [tds] screen tds-468-N1-ledger : x TallyPrime MANAGE EDU K: Company Accounting Yeucher Creation cb Credit Note Party A/c narne: Share Party Current balance: 4,500.00 Dr Ledger account: Share Sales Current balance: 1,000.00 Cr Name of Item Ch Narration: Unity Quit Y: Data Z: Exchange A Accept Q Search FinCom Spike Co O: Import Quantity E: Export Rate M: Share per p: print x 20ct-26 Friday Amount Fl: Help Date o 3371a Company o run F4: Contra F5: Payment Receipt Journal Sales 3b4-9 2731- acep 2+67- 2731- Purchase Fl 0: 0åHVouctg•s F: Autofill Change Mode More Details o: L: Related Reports Optional post -Dated acep .337. ning 17...
[keys] 'Share Item{ENTER}' -> Tally 'TallyPrime:9000'
[shot] tds-469-N1-item (1024x768)
[19:32:46] [tds] screen tds-469-N1-item : x TallyPrime MANAGE EDU K: Company Accounting Yeucher Creation cb Credit Note Party A/c narne: Share Party Current balance: 4,500.00 Dr Ledger account: Share Sales Current balance: 1,000.00 Cr Name of Item Share Item Narration: Unity Quit Y: Data Z: Exchange A Accept Q Search FinCom Spike Co O: Import Quantity E: Export Rate M: Share per p: print x 20ct-26 Friday Amount Fl: Help Date o 3371a Company o run F4: Contra F5: Payment Receipt Journal Sales 3b4-9 2731- acep 2+67- 2731- Purchase Fl 0: 0åHVouctg•s F: Autofill Change Mode More Details o: L: Related Reports Optional post -Dated acep .337....
[shot] tds-470-N1-item-sub1 (1024x768)
[19:32:47] [tds] screen tds-470-N1-item-sub1 : x TallyPrime MANAGE EDU K: Company Accounting Yeucher Creation cb Credit Note Party A/c narne: Share Party Current balance: 4,500.00 Dr Ledger account: Share Sales Current balance: 1,000.00 Cr Name of Item Share Item Narration: Unity Quit Y: Data Z: Exchange A Accept Q Search FinCom Spike Co O: Import Quantity E: Export Rate M: Share per p: print x 20ct-26 Friday Amount Fl: Help Date o 3371a Company o run F4: Contra F5: Payment Receipt Journal Sales 3b4-9 2731- acep 2+67- 2731- Purchase Fl 0: 0åHVouctg•s F: Autofill Change Mode More Details o: L: Related Reports Optional post -Dated acep .337....
[keys] '1{ENTER}' -> Tally 'TallyPrime:9000'
[shot] tds-471-N1-qty (1024x768)
[19:32:50] [tds] screen tds-471-N1-qty : x TallyPrime MANAGE EDU K: Company Accounting Yeucher Creation cb Credit Note Party A/c narne: Share Party Current balance: 4,500.00 Dr Ledger account: Share Sales Current balance: 1,000.00 Cr Name of Item Share Item Narration: Unity Quit Y: Data Z: Exchange A Accept Q Search FinCom Spike Co O: Import Quantity 1 Nos 1 Nos E: Export Rate 100.00 M: Share per Nos p: print x 20ct-26 Friday Amount 100.00 Fl: Help Date o 3371a Company o run 3b4-9 F4: Contra F5: Payment Receipt Journal Sales 2731- acep 2+67- 2731- Purchase Fl 0: 0åHVouctg•s F: Autofill Change Mode More Details o: L: 100.00 Related Re...
[keys] '100{ENTER}' -> Tally 'TallyPrime:9000'
[shot] tds-472-N1-rate (1024x768)
[19:32:53] [tds] screen tds-472-N1-rate : x TallyPrime MANAGE EDU K: Company Accounting Yeucher Creation cb Credit Note Party A/c narne: Share Party Current balance: 4,500.00 Dr Ledger account: Share Sales Current balance: 1,000.00 Cr Name of Item Share Item Narration: Unity Quit Y: Data Z: Exchange A Accept Q Search FinCom Spike Co O: Import Quantity 1 Nos 1 Nos E: Export Rate 100.00 M: Share per Nos p: print x 20ct-26 Friday Amount 100.00 Fl: Help Date o 3371a Company o run 3b4-9 F4: Contra F5: Payment Receipt Journal Sales 2731- acep 2+67- 2731- Purchase Fl 0: 0åHVouctg•s F: Autofill Change Mode More Details o: L: 100.00 Related Re...
[keys] '{ENTER}' -> Tally 'TallyPrime:9000'
[shot] tds-473-N1-amount (1024x768)
[19:32:56] [tds] screen tds-473-N1-amount : x TallyPrime MANAGE EDU K: Company Accounting Yeucher Creation cb Credit Note Party A/c narne: Share Party Current balance: 4,500.00 Dr Ledger account: Share Sales Current balance: 1,000.00 Cr Name of Item Share Item Narration: Unity Quit Y: Data Z: Exchange A Accept Q Search FinCom Spike Co O: Import Quantity 1 Nos 1 Nos E: Export Rate 100.00 M: Share per Nos p: print x 20ct-26 Friday Amount 100.00 Fl: Help Date o 3371a Company o run 3b4-9 F4: Contra F5: Payment Receipt Journal Sales 2731- acep 2+67- 2731- Purchase Fl 0: 0åHVouctg•s F: Autofill Change Mode More Details o: L: 100.00 Related Re...
[shot] tds-474-N1-item-b-sub1 (1024x768)
[19:32:57] [tds] screen tds-474-N1-item-b-sub1 : x TallyPrime MANAGE EDU K: Company Accounting Yeucher Creation cb Credit Note Party A/c narne: Share Party Current balance: 4,500.00 Dr Ledger account: Share Sales Current balance: 1,000.00 Cr Name of Item Share Item Narration: Unity Quit Y: Data Z: Exchange A Accept Q Search FinCom Spike Co O: Import Quantity 1 Nos 1 Nos E: Export Rate 100.00 M: Share per Nos p: print x 20ct-26 Friday Amount 100.00 Fl: Help Date o 3371a Company o run 3b4-9 F4: Contra F5: Payment Receipt Journal Sales 2731- acep 2+67- 2731- Purchase Fl 0: 0åHVouctg•s F: Autofill Change Mode More Details o: L: 100.00 Related Re...
[keys] '{ENTER}' -> Tally 'TallyPrime:9000'
[shot] tds-475-N1-items-done (1024x768)
[19:33:00] [tds] screen tds-475-N1-items-done : x TallyPrime MANAGE EDU K: Company Accounting Yeucher Creation cb Credit Note Party A/c narne: Share Party Current balance: 4,500.00 Dr Ledger account: Share Sales Current balance: 1,000.00 Cr Name of Item Share Item Narration: Unity Quit Y: Data Z: Exchange A Accept Q Search FinCom Spike Co O: Import Quantity 1 Nos 1 Nos E: Export Rate 100.00 M: Share per Nos p: print x 20ct-26 Friday Amount 100.00 100.00 Fl: Help Date o 3371a Company o run 3b4-9 F4: Contra F5: Payment Receipt Journal Sales 2731- acep 2+67- 2731- Purchase Fl 0: 0åHVouctg•s F: Autofill Change Mode More Details o: L: 100.00 Rel...
[keys] '^a' -> Tally 'TallyPrime:9000'
[shot] tds-476-N1-accept1 (1024x768)
[19:33:04] [tds] screen tds-476-N1-accept1 : x TallyPrime MANAGE EDU K: Company Bill-wise Details Quit Y: Data Type of Ref St Ref Z: Exchange FinCom Spike Co Bill-wise Details for : Share Party Up to: 100.00 cr O: Import Amount E: Export M: Share p: print Fl: Help x Name Method of Ad Advance Agst Ref New Ref On Account Accept Q Search Due Date, or Credit Days 20ct-26) Unity o 3371a o run 3b4-9 2731- acep 2+67- 2731- acep .337. ning 17523 ing j _id" : 1-01" 2+67- Mode Windows Server 2025 Datacenter Build 26100.ge_release240331-1435 7:33 PM 10/8/2026
[shot] tds-477-N1-after1 (1024x768)
[19:33:05] [tds] screen tds-477-N1-after1 : x TallyPrime MANAGE EDU K: Company Bill-wise Details Quit Y: Data Type of Ref St Ref Z: Exchange FinCom Spike Co Bill-wise Details for : Share Party Up to: 100.00 cr O: Import Amount E: Export M: Share p: print Fl: Help x Name Method of Ad Advance Agst Ref New Ref On Account Accept Q Search Due Date, or Credit Days 20ct-26) Unity o 3371a o run 3b4-9 2731- acep 2+67- 2731- acep .337. ning 17523 ing j _id" : 1-01" 2+67- Mode Windows Server 2025 Datacenter Build 26100.ge_release240331-1435 7:33 PM 10/8/2026
[shot] tds-478-N1-at1-bills1 (1024x768)
[19:33:06] [tds] screen tds-478-N1-at1-bills1 : x TallyPrime MANAGE EDU K: Company Bill-wise Details Quit Y: Data Type of Ref Z: Exchange FinCom Spike Co Bill-wise Details for : Share Party Up to: 100.00 cr O: Import Amount E: Export M: Share p: print Fl: Help x Name Method of Ad Advance Agst Ref New Ref On Account Accept Q Search Due Date, or Credit Days 20ct-26) A St Ref Unity o 3371a o run 3b4-9 2731- acep 2+67- 2731- acep .337. ning 17523 ing j _id" : 1-01" 2+67- Mode Windows Server 2025 Datacenter Build 26100.ge_release240331-1435 7:33 PM 10/8/2026
[keys] 'Agst Ref{ENTER}' -> Tally 'TallyPrime:9000'
[shot] tds-479-N1-at1-reftype (1024x768)
[19:33:10] [tds] screen tds-479-N1-at1-reftype : x TallyPrime MANAGE EDU K: Company Bill-wise Details Quit Y: Data Type of Ref Agst Ref Z: Exchange FinCom Spike Co Bill-wise Details for : Share Party Up to: 100.00 cr O: Import Amount Date 2-Oct-26 2-Oct-26 I-Oct-26 I-Oct-26 E: Export M: Share p: print Fl: Help x Name Due Date, or Pendin Bills Name 1 3 ADVS-I Sd-I Balance 400.00 Dr 300.00 Dr 700.00 cr 4,500.00 Dr Final Balance 400.00 Dr 300.00 Dr 700.00 cr 4,500.00 Dr Unity o 3371a o run 3b4-9 2731- acep 2+67- 2731- acep .337. ning 17523 ing j _id" : 1-01" 2+67- Mode Accept Q Search Windows Server 2025 Datacenter Build 26100.ge_release240331-...
[keys] 'SB-1{ENTER}' -> Tally 'TallyPrime:9000'
[shot] tds-480-N1-at1-refname (1024x768)
[19:33:14] [tds] screen tds-480-N1-at1-refname : TallyPrime MANAGE EDU K: Company Bill-wise Details Unity Quit Y: Data Type of Ref Agst Ref Z: Exchange O: Import E: Export M: Share p: print x Fl: Help FinCom Spike Co Bill-wise Details for : Share Party Up to: 100.00 cr Name SB_I A Accept Q Search Due Date, or Credit Days (wef 20ct-26) Amount 100.00 cr 100.00 cr o 3371a o run 3b4-9 2731- acep 2+67- 2731- acep .337. ning 17523 ing j _id" : 1-01" 2+67- Mode Windows Server 2025 Datacenter Build 26100.ge_release240331-1435 7:33 PM 10/8/2026
[keys] '{ENTER}' -> Tally 'TallyPrime:9000'
[shot] tds-481-N1-at1-refamount (1024x768)
[19:33:17] [tds] screen tds-481-N1-at1-refamount : TallyPrime MANAGE EDU K: Company Bill-wise Details Unity Quit Y: Data Type of Ref Agst Ref Z: Exchange O: Import E: Export M: Share p: print x Fl: Help FinCom Spike Co Bill-wise Details for : Share Party Up to: 100.00 cr Name SB_I A Accept Q Search Due Date, or Credit Days (wef 20ct-26) Amount 100.00 100.00 cr o 3371a o run 3b4-9 2731- acep 2+67- 2731- acep .337. ning 17523 ing j _id" : 1-01" 2+67- Mode Windows Server 2025 Datacenter Build 26100.ge_release240331-1435 7:33 PM 10/8/2026
[shot] tds-482-N1-at1-bills2 (1024x768)
[19:33:18] [tds] screen tds-482-N1-at1-bills2 : TallyPrime MANAGE EDU K: Company Bill-wise Details Unity Quit Y: Data Type of Ref Agst Ref Z: Exchange O: Import E: Export M: Share p: print x Fl: Help FinCom Spike Co Bill-wise Details for : Share Party Up to: 100.00 cr Name SB_I A Accept Q Search Due Date, or Credit Days (wef 20ct-26) Amount 100.00 cr 100.00 cr o 3371a o run 3b4-9 2731- acep 2+67- 2731- acep .337. ning 17523 ing j _id" : 1-01" 2+67- Mode Windows Server 2025 Datacenter Build 26100.ge_release240331-1435 7:33 PM 10/8/2026
[keys] '^a' -> Tally 'TallyPrime:9000'
[shot] tds-483-N1-at1-bills-accept (1024x768)
[19:33:22] [tds] screen tds-483-N1-at1-bills-accept : x TallyPrime MANAGE EDU K: Company Accounting Yeucher Creation cb Credit Note Party A/c narne: Share Party Current balance: 4,500.00 Dr Ledger account: Share Sales Current balance: 1,000.00 Cr Name of Item Share Item End of List Narration: Unity Quit Y: Data Z: Exchange Accept Q Search FinCom Spike Co O: Import Quantity 1 Nos 1 Nos E: Export Rate 100.00 M: Share per Nos p: print x 20ct-26 Friday Amount 100.00 Fl: Help Date o 3371a Company o run F4: Contra F5: Payment Receipt Journal Sales 3b4-9 2731- acep 2+67- 2731- Purchase Fl 0: 0åHVouctg•s F: Autofill Change Mode More Details o: L: 100.00 ...
[shot] tds-484-N1-at1-bills3 (1024x768)
[19:33:22] [tds] screen tds-484-N1-at1-bills3 : x TallyPrime MANAGE EDU K: Company Accounting Yeucher Creation cb Credit Note Party A/c narne: Share Party Current balance: 4,500.00 Dr Ledger account: Share Sales Current balance: 1,000.00 Cr Name of Item Share Item End of List Narration: Unity Quit Y: Data Z: Exchange Accept Q Search FinCom Spike Co O: Import Quantity 1 Nos 1 Nos E: Export Rate 100.00 M: Share per Nos p: print x 20ct-26 Friday Amount 100.00 Fl: Help Date o 3371a Company o run F4: Contra F5: Payment Receipt Journal Sales 3b4-9 2731- acep 2+67- 2731- Purchase Fl 0: 0åHVouctg•s F: Autofill Change Mode More Details o: L: 100.00 ...
[keys] '^a' -> Tally 'TallyPrime:9000'
[shot] tds-485-N1-accept2 (1024x768)
[19:33:27] [tds] screen tds-485-N1-accept2 : x TallyPrime MANAGE EDU K: Company Accounting Yeucher Creation cb Credit Note Party Alc narne. Current balance: Ledger account: - Current balance: Name of Item Narration: Unity Quit Y: Data Z: Exchange A Accept Q Search FinCom Spike Co O: Import E: Export List of Led er Accounts Cash Share Bank Share Party Share Supplier Spike Party Spike Party 2 Ul Party M: Share p: print x Create Fl: Help Date o 3371a Company o run F4: Contra F5: Payment Receipt Journal Sales 3b4-9 2731- acep 2+67- 2731- Purchase Fl 0: 0åHVouctg•s F: Autofill Change Mode More Details o: L: Related Reports Optional post -Date...
[shot] tds-486-N1-after2 (1024x768)
[19:33:28] [tds] screen tds-486-N1-after2 : x TallyPrime MANAGE EDU K: Company Accounting Yeucher Creation cb Credit Note Party Alc narne. Current balance: Ledger account: - Current balance: Name of Item Narration: Unity Quit Y: Data Z: Exchange A Accept Q Search FinCom Spike Co O: Import E: Export List of Led er Accounts Cash Share Bank Share Party Share Supplier Spike Party Spike Party 2 Ul Party M: Share p: print x Create Fl: Help Date o 3371a Company o run F4: Contra F5: Payment Receipt Journal Sales 3b4-9 2731- acep 2+67- 2731- Purchase Fl 0: 0åHVouctg•s F: Autofill Change Mode More Details o: L: Related Reports Optional post -Date...
[shot] tds-487-gw0 (1024x768)
[19:33:29] [tds] screen tds-487-gw0 : x TallyPrime MANAGE EDU K: Company Accounting Yeucher Creation cb Credit Note Party Alc narne. Current balance: Ledger account: - Current balance: Name of Item Narration: Unity Quit Y: Data Z: Exchange A Accept Q Search FinCom Spike Co O: Import E: Export List of Led er Accounts Cash Share Bank Share Party Share Supplier Spike Party Spike Party 2 Ul Party M: Share p: print x Create Fl: Help Date o 3371a Company o run F4: Contra F5: Payment Receipt Journal Sales 3b4-9 2731- acep 2+67- 2731- Purchase Fl 0: 0åHVouctg•s F: Autofill Change Mode More Details o: L: Related Reports Optional post -Date...
[keys] '{ESC}' -> Tally 'TallyPrime:9000'
[shot] tds-488-gw1 (1024x768)
[19:33:32] [tds] screen tds-488-gw1 : TallyPrime MANAGE EDU K: Company Accounting Yeucher Creation cb Credit Note Party Alc narne. Current balance: Ledger account: - Current balance: Name of Item Narration: Unity Q: Quit Y: Data Z: Exchange A: Accept Q Search FinCom Spike Co O: Import Quantity E: Export Rate M: Share per p: print x 20ct-26 Friday Amount Quit o Yes or No D: Delete X: Cancel Vch x Fl: Help F2: Date F3: Company F4: Contra F5: Payment F6: Receipt F7: Journal F8: Sales F9: Purchase F: Autofill H: Change Mode l: More Details O: Related Reports k: Optional T: post -Dated Fl 2: Configure o 3371a o run 3b4-9 2731- acep 2+6...
[keys] 'y' -> Tally 'TallyPrime:9000'
[shot] tds-489-gw2 (1024x768)
[19:33:36] [tds] screen tds-489-gw2 : x TallyPrime MANAGE EDU K: Company Gatewa of Tall CURRENT PERIOD I-Apr-26 to 31-Mar-27 NAME OF COMPANY FinCom Spike Co Y: Data Z: Exchange CURRENT OATE Friday, 2-Oct-2026 O: Import E: Export M: Share p: print Fl: Help Date o 3371a Gateway of Tally MASTERS Create Alter CHart of Accounts TRANSACTIONS Vouchers Day 800K UTILITIES BaNking REPORTS Balance Sheet Profit & Loss A/c Stock Summary Ratio Analysis Display More Reports DashbOard Quit Unity Q 2-Oct-26 Search Company o run 3b4-9 2731- acep 2+67- 2731- acep .337. ning 17523 ing j _id" : 1-01" 2+67- Mode Windows Server 2025 Datacenter Build 261...
  voucher mid=1 aid=1 Journal/1/20260401 guid=2bbc8f60-fad7-4b8f-b633-510b49c07cf5-00000001 cancelled=False
  voucher mid=2 aid=2 Journal/2/20261001 guid=2bbc8f60-fad7-4b8f-b633-510b49c07cf5-00000002 cancelled=False
  voucher mid=3 aid=3 Journal/3/20261001 guid=2bbc8f60-fad7-4b8f-b633-510b49c07cf5-00000003 cancelled=False
  voucher mid=4 aid=4 Journal/4/20261001 guid=2bbc8f60-fad7-4b8f-b633-510b49c07cf5-00000004 cancelled=False
  voucher mid=5 aid=5 Journal/5/20261001 guid=2bbc8f60-fad7-4b8f-b633-510b49c07cf5-00000005 cancelled=False
  voucher mid=6 aid=6 Payroll/1/20261001 guid=2bbc8f60-fad7-4b8f-b633-510b49c07cf5-00000006 cancelled=False
  voucher mid=7 aid=7 Receipt/1/20261002 guid=2bbc8f60-fad7-4b8f-b633-510b49c07cf5-00000007 cancelled=False
  voucher mid=8 aid=8 Receipt/2/20261002 guid=2bbc8f60-fad7-4b8f-b633-510b49c07cf5-00000008 cancelled=False
  voucher mid=9 aid=9 Payment/1/20261002 guid=2bbc8f60-fad7-4b8f-b633-510b49c07cf5-00000009 cancelled=False
  voucher mid=10 aid=10 Payment/2/20261002 guid=2bbc8f60-fad7-4b8f-b633-510b49c07cf5-0000000a cancelled=False
  voucher mid=11 aid=11 Contra/1/20261002 guid=2bbc8f60-fad7-4b8f-b633-510b49c07cf5-0000000b cancelled=False
  voucher mid=12 aid=12 Journal/6/20261002 guid=2bbc8f60-fad7-4b8f-b633-510b49c07cf5-0000000c cancelled=False
  voucher mid=13 aid=13 Journal/7/20261002 guid=2bbc8f60-fad7-4b8f-b633-510b49c07cf5-0000000d cancelled=False
  voucher mid=14 aid=14 Sales/1/20261002 guid=2bbc8f60-fad7-4b8f-b633-510b49c07cf5-0000000e cancelled=False
  voucher mid=15 aid=15 Sales/2/20261002 guid=2bbc8f60-fad7-4b8f-b633-510b49c07cf5-0000000f cancelled=False
  voucher mid=16 aid=16 Sales/3/20261002 guid=2bbc8f60-fad7-4b8f-b633-510b49c07cf5-00000010 cancelled=False
  voucher mid=17 aid=17 Purchase/1/20261002 guid=2bbc8f60-fad7-4b8f-b633-510b49c07cf5-00000011 cancelled=False
  voucher mid=18 aid=18 Purchase/2/20261002 guid=2bbc8f60-fad7-4b8f-b633-510b49c07cf5-00000012 cancelled=False
  voucher mid=19 aid=19 Sales/4/20261002 guid=2bbc8f60-fad7-4b8f-b633-510b49c07cf5-00000013 cancelled=False
  voucher mid=20 aid=20 Purchase/3/20261002 guid=2bbc8f60-fad7-4b8f-b633-510b49c07cf5-00000014 cancelled=False
  voucher mid=21 aid=21 Credit Note/1/20261002 guid=2bbc8f60-fad7-4b8f-b633-510b49c07cf5-00000015 cancelled=False
  INFO share credit-note (credit note, item invoice, Agst Ref the sales bill SB-1): Tally Credit Note 1 mid 21; stored party 'Share Party' bills [Agst Ref,Agst Ref]; the line party 'Share Party' bills []; lines voucher_accept_post x1, voucher_full x1
[19:33:39] ---- share copy-journal-party: Alt+2 copy of the journal with a party (its New Ref JN-1 as the copy carries it)
  voucher mid=1 aid=1 Journal/1/20260401 guid=2bbc8f60-fad7-4b8f-b633-510b49c07cf5-00000001 cancelled=False
  voucher mid=2 aid=2 Journal/2/20261001 guid=2bbc8f60-fad7-4b8f-b633-510b49c07cf5-00000002 cancelled=False
  voucher mid=3 aid=3 Journal/3/20261001 guid=2bbc8f60-fad7-4b8f-b633-510b49c07cf5-00000003 cancelled=False
  voucher mid=4 aid=4 Journal/4/20261001 guid=2bbc8f60-fad7-4b8f-b633-510b49c07cf5-00000004 cancelled=False
  voucher mid=5 aid=5 Journal/5/20261001 guid=2bbc8f60-fad7-4b8f-b633-510b49c07cf5-00000005 cancelled=False
  voucher mid=6 aid=6 Payroll/1/20261001 guid=2bbc8f60-fad7-4b8f-b633-510b49c07cf5-00000006 cancelled=False
  voucher mid=7 aid=7 Receipt/1/20261002 guid=2bbc8f60-fad7-4b8f-b633-510b49c07cf5-00000007 cancelled=False
  voucher mid=8 aid=8 Receipt/2/20261002 guid=2bbc8f60-fad7-4b8f-b633-510b49c07cf5-00000008 cancelled=False
  voucher mid=9 aid=9 Payment/1/20261002 guid=2bbc8f60-fad7-4b8f-b633-510b49c07cf5-00000009 cancelled=False
  voucher mid=10 aid=10 Payment/2/20261002 guid=2bbc8f60-fad7-4b8f-b633-510b49c07cf5-0000000a cancelled=False
  voucher mid=11 aid=11 Contra/1/20261002 guid=2bbc8f60-fad7-4b8f-b633-510b49c07cf5-0000000b cancelled=False
  voucher mid=12 aid=12 Journal/6/20261002 guid=2bbc8f60-fad7-4b8f-b633-510b49c07cf5-0000000c cancelled=False
  voucher mid=13 aid=13 Journal/7/20261002 guid=2bbc8f60-fad7-4b8f-b633-510b49c07cf5-0000000d cancelled=False
  voucher mid=14 aid=14 Sales/1/20261002 guid=2bbc8f60-fad7-4b8f-b633-510b49c07cf5-0000000e cancelled=False
  voucher mid=15 aid=15 Sales/2/20261002 guid=2bbc8f60-fad7-4b8f-b633-510b49c07cf5-0000000f cancelled=False
  voucher mid=16 aid=16 Sales/3/20261002 guid=2bbc8f60-fad7-4b8f-b633-510b49c07cf5-00000010 cancelled=False
  voucher mid=17 aid=17 Purchase/1/20261002 guid=2bbc8f60-fad7-4b8f-b633-510b49c07cf5-00000011 cancelled=False
  voucher mid=18 aid=18 Purchase/2/20261002 guid=2bbc8f60-fad7-4b8f-b633-510b49c07cf5-00000012 cancelled=False
  voucher mid=19 aid=19 Sales/4/20261002 guid=2bbc8f60-fad7-4b8f-b633-510b49c07cf5-00000013 cancelled=False
  voucher mid=20 aid=20 Purchase/3/20261002 guid=2bbc8f60-fad7-4b8f-b633-510b49c07cf5-00000014 cancelled=False
  voucher mid=21 aid=21 Credit Note/1/20261002 guid=2bbc8f60-fad7-4b8f-b633-510b49c07cf5-00000015 cancelled=False
[shot] tds-490-gw0 (1024x768)
[19:33:40] [tds] screen tds-490-gw0 : x TallyPrime MANAGE EDU K: Company Gatewa of Tall CURRENT PERIOD I-Apr-26 to 31-Mar-27 NAME OF COMPANY FinCom Spike Co Y: Data Z: Exchange CURRENT OATE Friday, 2-Oct-2026 O: Import E: Export M: Share p: print Fl: Help Date o 3371a Gateway of Tally MASTERS Create Alter CHart of Accounts TRANSACTIONS Vouchers Day 800K UTILITIES BaNking REPORTS Balance Sheet Profit & Loss A/c Stock Summary Ratio Analysis Display More Reports DashbOard Quit Unity Q 2-Oct-26 Search Company o run 3b4-9 2731- acep 2+67- 2731- acep .337. ning 17523 ing j _id" : 1-01" 2+67- Mode Windows Server 2025 Datacenter Build 261...
[keys] '%g' -> Tally 'TallyPrime:9000'
[shot] tds-491-D2-goto (1024x768)
[19:33:44] [tds] screen tds-491-D2-goto : x R CEDU TallyPrime MANAGE K: Company List of Re Y: Data Its Z: Exchange O: Import E: Export M: Share p: print Fl: Help x FinCom Spike Co (Predefined) (Predefined) (Predefined) Saved Views Purchase Dashboard Sales Dashboard Outstanding MSME Bills Common Reports Dashboard Balance Sheet Profit & Loss A/c Cash/Bank Book Day Book Ledger Vouchers Stock Summary Trial Balance Bills Receivable Bills Payable Master and Voucher Statistics Stock Query Chart of Accounts Final Accounts Reports Receivables & Payables Reports Banking Utilities Ledger Reports Q Create Voucher Create Master Alter Master Expand...
[keys] 'Day Book' -> Tally 'TallyPrime:9000'
[keys] '{ENTER}' -> Tally 'TallyPrime:9000'
[shot] tds-492-D2-daybook (1024x768)
[19:33:51] [tds] screen tds-492-D2-daybook : x TallyPrime MANAGE EDU K: Company Da Book • Day Book Y: Data Space: Sekd Z: Exchange A Add Vch Q Search FinCom • ke Co Vch Type Contra Payment Payment Receipt Receipt Journal Journal Credit Note Sales Sales Sales Sales Purchase Purchase Purchase O: Import Vch No. 1 1 2 1 2 6 7 1 1 2 3 4 1 2 3 E: Export M: Share P: Print For 2-Oct-26 Date 2-Oct-26 2-Oct-26 2-Oct-26 2-Oct-26 2-Oct-26 2-Oct-26 2-Oct-26 2-Oct-26 2-Oct-26 2-Oct-26 2-Oct-26 2-Oct-26 2-Oct-26 2-Oct-26 2-Oct-26 Unity Quit Particulars Cash Share Supplier Share Expense Share Party Spike Income Share Expense Share Expense Share Party Sh...
[keys] '{F2}' -> Tally 'TallyPrime:9000'
[shot] tds-493-D2-db-date (1024x768)
[19:33:54] [tds] screen tds-493-D2-db-date : TallyPrime MANAGE EDU K: Company Change Date Unity Quit Y: Data Z: Exchange A Accept Q Search O: Import E: Export M: Share p: print x Fl: Help FinCom Spike Co Change Date 2-10-2026 o 3371a o run 3b4-9 2731- acep 2+67- 2731- acep .337. ning 17523 ing j _id" : 1-01" 2+67- Mode Windows Server 2025 Datacenter Build 26100.ge_release240331-1435 7:33 PM 10/8/2026
[keys] '2-10-2026{ENTER}' -> Tally 'TallyPrime:9000'
[shot] tds-494-D2-db-dated (1024x768)
[19:33:59] [tds] screen tds-494-D2-db-dated : x TallyPrime MANAGE EDU K: Company Da Book • Day Book Y: Data Space: Sekd Z: Exchange A Add Vch Q Search FinCom • ke Co Vch Type Contra Payment Payment Receipt Receipt Journal Journal Credit Note Sales Sales Sales Sales Purchase Purchase Purchase O: Import Vch No. 1 1 2 1 2 6 7 1 1 2 3 4 1 2 3 E: Export M: Share P: Print For 2-Oct-26 Date 2-Oct-26 2-Oct-26 2-Oct-26 2-Oct-26 2-Oct-26 2-Oct-26 2-Oct-26 2-Oct-26 2-Oct-26 2-Oct-26 2-Oct-26 2-Oct-26 2-Oct-26 2-Oct-26 2-Oct-26 Unity Quit Particulars Cash Share Supplier Share Expense Share Party Spike Income Share Expense Share Expense Share Party Sh...
[keys] '{F4}' -> Tally 'TallyPrime:9000'
[shot] tds-495-D2-db-type (1024x768)
[19:34:02] [tds] screen tds-495-D2-db-type : TallyPrime MANAGE EDU K: Company Change Voucher Type Unity Quit Y: Data Z: Exchange FinCom • ke Co Name of VoucherType O: Import Create E: Export M: Share p: print x Fl: Help Voucher T • All Items Contra Credit Note Debit Note Journal s Memorandum Payment Physical Stock Purchase Receipt Reversing Journal Sales Stock Journal A Accept Q Search o 3371a o run 3b4-9 2731- acep 2+67- 2731- acep .337. ning 17523 ing j _id" : 1-01" 2+67- Mode Windows Server 2025 Datacenter Build 26100.ge_release240331-1435 7:34 PM 10/8/2026
[keys] 'Journal{ENTER}' -> Tally 'TallyPrime:9000'
[shot] tds-496-D2-db-typed (1024x768)
[19:34:07] [tds] screen tds-496-D2-db-typed : x TallyPrime MANAGE EDU K: Company Da Book • List of Journal Vouchers Y: Data Space: Sekd Z: Exchange A Add Vch Q Search FinCom • ke Co Vch Type Journal Journal O: Import Vch No. 6 7 Total: E: Export M: Share P: Print For 2-Oct-26 Date 2-Oct-26 2-Oct-26 Unity Quit Particulars Share Expense Share Expense Enter: Alter Debit Amount 600.00 250.00 850.00 DuÅicate Vch I Insert Vch Delete x: Cancel Vch Credit Amount U: Restore Line Fl: Help F2: Date Company Voucher Type F 7: Show profit Columnar FIO B: Basis of = Values Change ¯ View Exception J: Reports Save View L: Apply F: — Filter F: Filter ¯ Det...
[keys] '{END}' -> Tally 'TallyPrime:9000'
[shot] tds-497-D2-db-last (1024x768)
[19:34:10] [tds] screen tds-497-D2-db-last : x TallyPrime MANAGE EDU K: Company Da Book • List of Journal Vouchers Y: Data Space: Sekd Z: Exchange A Add Vch Q Search FinCom • ke Co Vch Type Journal Journal O: Import Vch No. 6 Total: E: Export M: Share P: Print For 2-Oct-26 Date 2-Oct-26 2-Oct-26 Unity Quit Particulars Share Expense Share Expense Enter: Alter Debit Amount 600.00 250.00 850.00 DuÅicate Vch I Insert Vch Delete x: Cancel Vch Credit Amount U: Restore Line Fl: Help F2: Date Company Voucher Type F 7: Show profit Columnar FIO B: Basis of = Values Change ¯ View Exception J: Reports Save View L: Apply F: — Filter F: Filter ¯ Detai...
[keys] '%2' -> Tally 'TallyPrime:9000'
[shot] tds-498-D2-copy (1024x768)
[19:34:15] [tds] screen tds-498-D2-copy : x M: Share FinCom • ke Co cb TallyPrime MANAGE EDU K: Company Y: Data Accounting Voucher Creation (Duplication Journal Particulars CurBal: 5,150.00 Dr Share Emp 1 To Spike Income CurBal: 5,950.00 Cr Share Emp 1 Narration: Z: Exchange 250.00 Dr 250.00 Cr A Accept Q Search O: Import E: Export List of Led er Accounts Profit & Loss A/c Share Basic Share Expense Share HRA Share Party Share Purchase Share Salary Payable Share Sales Share Supplier Spike Income Spike Party Spike Party 2 Ul Party p: print x Create Show More Fl: Help Q: Date Company Ed: Contra Payment Receipt F-7: Journal Sales o 3371a ...
[keys] '^a' -> Tally 'TallyPrime:9000'
[shot] tds-499-D2-accept1 (1024x768)
[19:34:19] [tds] screen tds-499-D2-accept1 : x TallyPrime MANAGE EDU K: Company Da Book • List of Journal Vouchers Y: Data Space: Sekd Z: Exchange A Add Vch Q Search FinCom • ke Co Vch Type Journal Journal Journal O: Import Vch No. 6 7 8 Total: E: Export M: Share P: Print For 2-Oct-26 Date 2-Oct-26 2-Oct-26 2-Oct-26 Unity Quit Particulars Share Expense Share Expense Share Expense Enter: Alter Debit Amount 600.00 250.00 250.00 1,100 00 DuÅicate Vch I Insert Vch Delete x: Cancel Vch Credit Amount U: Restore Line Fl: Help F2: Date Company Voucher Type F 7: Show profit Columnar FIO B: Basis of = Values Change ¯ View Exception J: Reports Save...
[shot] tds-500-D2-after1 (1024x768)
[19:34:20] [tds] screen tds-500-D2-after1 : x TallyPrime MANAGE EDU K: Company Da Book • List of Journal Vouchers Y: Data Space: Sekd Z: Exchange A Add Vch Q Search FinCom • ke Co Vch Type Journal Journal Journal O: Import Vch No. 6 7 8 Total: E: Export M: Share P: Print For 2-Oct-26 Date 2-Oct-26 2-Oct-26 2-Oct-26 Unity Quit Particulars Share Expense Share Expense Share Expense Enter: Alter Debit Amount 600.00 250.00 250.00 1,100 00 DuÅicate Vch I Insert Vch Delete x: Cancel Vch Credit Amount U: Restore Line Fl: Help F2: Date Company Voucher Type F 7: Show profit Columnar FIO B: Basis of = Values Change ¯ View Exception J: Reports Save...
[shot] tds-501-gw0 (1024x768)
[19:34:21] [tds] screen tds-501-gw0 : x TallyPrime MANAGE EDU K: Company Da Book • List of Journal Vouchers Y: Data Space: Sekd Z: Exchange A Add Vch Q Search FinCom • ke Co Vch Type Journal Journal Journal O: Import Vch No. 6 7 8 Total: E: Export M: Share P: Print For 2-Oct-26 Date 2-Oct-26 2-Oct-26 2-Oct-26 Unity Quit Particulars Share Expense Share Expense Share Expense Enter: Alter Debit Amount 600.00 250.00 250.00 1,100 00 DuÅicate Vch I Insert Vch Delete x: Cancel Vch Credit Amount U: Restore Line Fl: Help F2: Date Company Voucher Type F 7: Show profit Columnar FIO B: Basis of = Values Change ¯ View Exception J: Reports Save...
[keys] '{ESC}' -> Tally 'TallyPrime:9000'
[shot] tds-502-gw1 (1024x768)
[19:34:24] [tds] screen tds-502-gw1 : x TallyPrime MANAGE EDU K: Company Gatewa of Tall CURRENT PERIOD I-Apr-26 to 31-Mar-27 NAME OF COMPANY FinCom Spike Co Y: Data Z: Exchange CURRENT OATE Friday, 2-Oct-2026 O: Import E: Export M: Share p: print Fl: Help Date o 3371a Gateway of Tally MASTERS Create Alter CHart of Accounts TRANSACTIONS Vouchers Day 800K UTILITIES BaNking REPORTS Balance Sheet Profit & Loss A/c Stock Summary Ratio Analysis Display More Reports DashbOard Quit Unity Q 2-Oct-26 Search Company o run 3b4-9 2731- acep 2+67- 2731- acep .337. ning 17523 ing j _id" : 1-01" 2+67- Mode Windows Server 2025 Datacenter Build 261...
  voucher mid=1 aid=1 Journal/1/20260401 guid=2bbc8f60-fad7-4b8f-b633-510b49c07cf5-00000001 cancelled=False
  voucher mid=2 aid=2 Journal/2/20261001 guid=2bbc8f60-fad7-4b8f-b633-510b49c07cf5-00000002 cancelled=False
  voucher mid=3 aid=3 Journal/3/20261001 guid=2bbc8f60-fad7-4b8f-b633-510b49c07cf5-00000003 cancelled=False
  voucher mid=4 aid=4 Journal/4/20261001 guid=2bbc8f60-fad7-4b8f-b633-510b49c07cf5-00000004 cancelled=False
  voucher mid=5 aid=5 Journal/5/20261001 guid=2bbc8f60-fad7-4b8f-b633-510b49c07cf5-00000005 cancelled=False
  voucher mid=6 aid=6 Payroll/1/20261001 guid=2bbc8f60-fad7-4b8f-b633-510b49c07cf5-00000006 cancelled=False
  voucher mid=7 aid=7 Receipt/1/20261002 guid=2bbc8f60-fad7-4b8f-b633-510b49c07cf5-00000007 cancelled=False
  voucher mid=8 aid=8 Receipt/2/20261002 guid=2bbc8f60-fad7-4b8f-b633-510b49c07cf5-00000008 cancelled=False
  voucher mid=9 aid=9 Payment/1/20261002 guid=2bbc8f60-fad7-4b8f-b633-510b49c07cf5-00000009 cancelled=False
  voucher mid=10 aid=10 Payment/2/20261002 guid=2bbc8f60-fad7-4b8f-b633-510b49c07cf5-0000000a cancelled=False
  voucher mid=11 aid=11 Contra/1/20261002 guid=2bbc8f60-fad7-4b8f-b633-510b49c07cf5-0000000b cancelled=False
  voucher mid=12 aid=12 Journal/6/20261002 guid=2bbc8f60-fad7-4b8f-b633-510b49c07cf5-0000000c cancelled=False
  voucher mid=13 aid=13 Journal/7/20261002 guid=2bbc8f60-fad7-4b8f-b633-510b49c07cf5-0000000d cancelled=False
  voucher mid=14 aid=14 Sales/1/20261002 guid=2bbc8f60-fad7-4b8f-b633-510b49c07cf5-0000000e cancelled=False
  voucher mid=15 aid=15 Sales/2/20261002 guid=2bbc8f60-fad7-4b8f-b633-510b49c07cf5-0000000f cancelled=False
  voucher mid=16 aid=16 Sales/3/20261002 guid=2bbc8f60-fad7-4b8f-b633-510b49c07cf5-00000010 cancelled=False
  voucher mid=17 aid=17 Purchase/1/20261002 guid=2bbc8f60-fad7-4b8f-b633-510b49c07cf5-00000011 cancelled=False
  voucher mid=18 aid=18 Purchase/2/20261002 guid=2bbc8f60-fad7-4b8f-b633-510b49c07cf5-00000012 cancelled=False
  voucher mid=19 aid=19 Sales/4/20261002 guid=2bbc8f60-fad7-4b8f-b633-510b49c07cf5-00000013 cancelled=False
  voucher mid=20 aid=20 Purchase/3/20261002 guid=2bbc8f60-fad7-4b8f-b633-510b49c07cf5-00000014 cancelled=False
  voucher mid=21 aid=21 Credit Note/1/20261002 guid=2bbc8f60-fad7-4b8f-b633-510b49c07cf5-00000015 cancelled=False
  voucher mid=22 aid=22 Journal/8/20261002 guid=2bbc8f60-fad7-4b8f-b633-510b49c07cf5-00000016 cancelled=False
  INFO share copy-journal-party (Alt+2 copy of the journal with a party (its New Ref JN-1 as the copy carries it)): Tally Journal 8 mid 22; stored party '' bills []; the line party '' bills []; lines voucher_accept_post x1, voucher_full x1
[19:34:28] ---- share copy-receipt-plain: Alt+2 copy of the receipt with no party
  voucher mid=1 aid=1 Journal/1/20260401 guid=2bbc8f60-fad7-4b8f-b633-510b49c07cf5-00000001 cancelled=False
  voucher mid=2 aid=2 Journal/2/20261001 guid=2bbc8f60-fad7-4b8f-b633-510b49c07cf5-00000002 cancelled=False
  voucher mid=3 aid=3 Journal/3/20261001 guid=2bbc8f60-fad7-4b8f-b633-510b49c07cf5-00000003 cancelled=False
  voucher mid=4 aid=4 Journal/4/20261001 guid=2bbc8f60-fad7-4b8f-b633-510b49c07cf5-00000004 cancelled=False
  voucher mid=5 aid=5 Journal/5/20261001 guid=2bbc8f60-fad7-4b8f-b633-510b49c07cf5-00000005 cancelled=False
  voucher mid=6 aid=6 Payroll/1/20261001 guid=2bbc8f60-fad7-4b8f-b633-510b49c07cf5-00000006 cancelled=False
  voucher mid=7 aid=7 Receipt/1/20261002 guid=2bbc8f60-fad7-4b8f-b633-510b49c07cf5-00000007 cancelled=False
  voucher mid=8 aid=8 Receipt/2/20261002 guid=2bbc8f60-fad7-4b8f-b633-510b49c07cf5-00000008 cancelled=False
  voucher mid=9 aid=9 Payment/1/20261002 guid=2bbc8f60-fad7-4b8f-b633-510b49c07cf5-00000009 cancelled=False
  voucher mid=10 aid=10 Payment/2/20261002 guid=2bbc8f60-fad7-4b8f-b633-510b49c07cf5-0000000a cancelled=False
  voucher mid=11 aid=11 Contra/1/20261002 guid=2bbc8f60-fad7-4b8f-b633-510b49c07cf5-0000000b cancelled=False
  voucher mid=12 aid=12 Journal/6/20261002 guid=2bbc8f60-fad7-4b8f-b633-510b49c07cf5-0000000c cancelled=False
  voucher mid=13 aid=13 Journal/7/20261002 guid=2bbc8f60-fad7-4b8f-b633-510b49c07cf5-0000000d cancelled=False
  voucher mid=14 aid=14 Sales/1/20261002 guid=2bbc8f60-fad7-4b8f-b633-510b49c07cf5-0000000e cancelled=False
  voucher mid=15 aid=15 Sales/2/20261002 guid=2bbc8f60-fad7-4b8f-b633-510b49c07cf5-0000000f cancelled=False
  voucher mid=16 aid=16 Sales/3/20261002 guid=2bbc8f60-fad7-4b8f-b633-510b49c07cf5-00000010 cancelled=False
  voucher mid=17 aid=17 Purchase/1/20261002 guid=2bbc8f60-fad7-4b8f-b633-510b49c07cf5-00000011 cancelled=False
  voucher mid=18 aid=18 Purchase/2/20261002 guid=2bbc8f60-fad7-4b8f-b633-510b49c07cf5-00000012 cancelled=False
  voucher mid=19 aid=19 Sales/4/20261002 guid=2bbc8f60-fad7-4b8f-b633-510b49c07cf5-00000013 cancelled=False
  voucher mid=20 aid=20 Purchase/3/20261002 guid=2bbc8f60-fad7-4b8f-b633-510b49c07cf5-00000014 cancelled=False
  voucher mid=21 aid=21 Credit Note/1/20261002 guid=2bbc8f60-fad7-4b8f-b633-510b49c07cf5-00000015 cancelled=False
  voucher mid=22 aid=22 Journal/8/20261002 guid=2bbc8f60-fad7-4b8f-b633-510b49c07cf5-00000016 cancelled=False
[shot] tds-503-gw0 (1024x768)
[19:34:28] [tds] screen tds-503-gw0 : x TallyPrime MANAGE EDU K: Company Gatewa of Tall CURRENT PERIOD I-Apr-26 to 31-Mar-27 NAME OF COMPANY FinCom Spike Co Y: Data Z: Exchange CURRENT OATE Friday, 2-Oct-2026 O: Import E: Export M: Share p: print Fl: Help Date o 3371a Gateway of Tally MASTERS Create Alter CHart of Accounts TRANSACTIONS Vouchers Day 800K UTILITIES BaNking REPORTS Balance Sheet Profit & Loss A/c Stock Summary Ratio Analysis Display More Reports DashbOard Quit Unity Q 2-Oct-26 Search Company o run 3b4-9 2731- acep 2+67- 2731- acep .337. ning 17523 ing j _id" : 1-01" 2+67- Mode Windows Server 2025 Datacenter Build 261...
[keys] '%g' -> Tally 'TallyPrime:9000'
[shot] tds-504-D3-goto (1024x768)
[19:34:32] [tds] screen tds-504-D3-goto : x R CEDU TallyPrime MANAGE K: Company List of Re Y: Data Its Z: Exchange O: Import E: Export M: Share p: print Fl: Help x FinCom Spike Co (Predefined) (Predefined) (Predefined) Saved Views Purchase Dashboard Sales Dashboard Outstanding MSME Bills Common Reports Dashboard Balance Sheet Profit & Loss A/c Cash/Bank Book Day Book Ledger Vouchers Stock Summary Trial Balance Bills Receivable Bills Payable Master and Voucher Statistics Stock Query Chart of Accounts Final Accounts Reports Receivables & Payables Reports Banking Utilities Ledger Reports Q Create Voucher Create Master Alter Master Expand...
[keys] 'Day Book' -> Tally 'TallyPrime:9000'
[keys] '{ENTER}' -> Tally 'TallyPrime:9000'
[shot] tds-505-D3-daybook (1024x768)
[19:34:39] [tds] screen tds-505-D3-daybook : x TallyPrime MANAGE EDU K: Company Da Book • Day Book Y: Data Space: Sekd Z: Exchange A Add Vch Q Search FinCom • ke Co Vch Type Contra Payment Payment Receipt Receipt Journal Journal Journal Credit Note Sales Sales Sales Sales Purchase Purchase Purchase O: Import Vch No. 1 1 2 1 2 6 7 8 1 1 2 3 4 1 2 3 E: Export M: Share P: Print For 2-Oct-26 Date 2-Oct-26 2-Oct-26 2-Oct-26 2-Oct-26 2-Oct-26 2-Oct-26 2-Oct-26 2-Oct-26 2-Oct-26 2-Oct-26 2-Oct-26 2-Oct-26 2-Oct-26 2-Oct-26 2-Oct-26 2-Oct-26 Unity Quit Particulars Cash Share Supplier Share Expense Share Party Spike Income Share Expense Share Exp...
[keys] '{F2}' -> Tally 'TallyPrime:9000'
[shot] tds-506-D3-db-date (1024x768)
[19:34:42] [tds] screen tds-506-D3-db-date : TallyPrime MANAGE EDU K: Company Change Date Unity Quit Y: Data Z: Exchange A Accept Q Search O: Import E: Export M: Share p: print x Fl: Help FinCom Spike Co Change Date 2-10-2026 o 3371a o run 3b4-9 2731- acep 2+67- 2731- acep .337. ning 17523 ing j _id" : 1-01" 2+67- Mode Windows Server 2025 Datacenter Build 26100.ge_release240331-1435 7:34 PM 10/8/2026
[keys] '2-10-2026{ENTER}' -> Tally 'TallyPrime:9000'
[shot] tds-507-D3-db-dated (1024x768)
[19:34:47] [tds] screen tds-507-D3-db-dated : x TallyPrime MANAGE EDU K: Company Da Book • Day Book Y: Data Space: Sekd Z: Exchange A Add Vch Q Search FinCom • ke Co Vch Type Contra Payment Payment Receipt Receipt Journal Journal Journal Credit Note Sales Sales Sales Sales Purchase Purchase Purchase O: Import Vch No. 1 1 2 1 2 6 7 8 1 1 2 3 4 1 2 3 E: Export M: Share P: Print For 2-Oct-26 Date 2-Oct-26 2-Oct-26 2-Oct-26 2-Oct-26 2-Oct-26 2-Oct-26 2-Oct-26 2-Oct-26 2-Oct-26 2-Oct-26 2-Oct-26 2-Oct-26 2-Oct-26 2-Oct-26 2-Oct-26 2-Oct-26 Unity Quit Particulars Cash Share Supplier Share Expense Share Party Spike Income Share Expense Share Exp...
[keys] '{F4}' -> Tally 'TallyPrime:9000'
[shot] tds-508-D3-db-type (1024x768)
[19:34:51] [tds] screen tds-508-D3-db-type : TallyPrime MANAGE EDU K: Company Change Voucher Type Unity Quit Y: Data Z: Exchange FinCom • ke Co Name of VoucherType O: Import Create E: Export M: Share p: print x Fl: Help Voucher T • All Items Contra Credit Note Debit Note Journal s Memorandum Payment Physical Stock Purchase Receipt Reversing Journal Sales Stock Journal A Accept Q Search o 3371a o run 3b4-9 2731- acep 2+67- 2731- acep .337. ning 17523 ing j _id" : 1-01" 2+67- Mode Windows Server 2025 Datacenter Build 26100.ge_release240331-1435 7:34 PM 10/8/2026
[keys] 'Receipt{ENTER}' -> Tally 'TallyPrime:9000'
[shot] tds-509-D3-db-typed (1024x768)
[19:34:55] [tds] screen tds-509-D3-db-typed : x TallyPrime MANAGE EDU K: Company Da Book • List of Receipt Vouchers Y: Data Space: Sekd Z: Exchange A Add Vch Q Search FinCom • ke Co Vch Type Receipt Receipt O: Import Vch No. 1 2 Total: E: Export M: Share P: Print For 2-Oct-26 Date 2-Oct-26 2-Oct-26 Unity Quit Particulars Share Party Spike Income Enter: Alter Debit Amount DuÅicate Vch I Insert Vch Delete x: Cancel Vch Credit Amount 500.00 700.00 1,200.00 U: Restore Line Fl: Help F2: Date Company Voucher Type F 7: Show profit Columnar FIO B: Basis of = Values Change ¯ View Exception J: Reports Save View L: Apply F: — Filter F: Filter ¯ Deta...
[keys] '{END}' -> Tally 'TallyPrime:9000'
[shot] tds-510-D3-db-last (1024x768)
[19:34:58] [tds] screen tds-510-D3-db-last : x TallyPrime MANAGE EDU K: Company Da Book • List of Receipt Vouchers Y: Data Space: Sekd Z: Exchange A Add Vch Q Search FinCom • ke Co Vch Type Receipt Receipt O: Import Vch No. 1 2 Total: E: Export M: Share P: Print For 2-Oct-26 Date 2-Oct-26 2-Oct-26 Unity Quit Particulars Share Party Spike Income Enter: Alter Debit Amount DuÅicate Vch I Insert Vch Delete x: Cancel Vch Credit Amount 500.00 700.00 1,200.00 U: Restore Line Fl: Help F2: Date Company Voucher Type F 7: Show profit Columnar FIO B: Basis of = Values Change ¯ View Exception J: Reports Save View L: Apply F: — Filter F: Filter ¯ Deta...
[keys] '%2' -> Tally 'TallyPrime:9000'
[shot] tds-511-D3-copy (1024x768)
[19:35:03] [tds] screen tds-511-D3-copy : x O: Import FinCom • ke Co cb Unity TallyPrime MANAGE EDU K: Company Y: Data Accounting Voucher Creation (Duplication Recei t Cash Account Current balance: 300.00 Dr Particulars Spike Income CurBal: 6,200.00 Cr Share Emp 1 Narration: share receipt plain Quit Z: Exchange 700.00 Cr A Accept Q Search E: Export M: Share p: print x 2-Oct-26 Friday Amount 700.00 700.00 Fl: Help Q: Date Company Ed: Contra Payment F-6: Receipt : Journal Sales o 3371a o run 3b4-9 2731- acep 2+67- Purchase 2731- Fl O: OåuVooctgs E: Autofill Change Mode More Details O: Related ¯ Repons Optional post -Dated J: Stat acep ....
[keys] '^a' -> Tally 'TallyPrime:9000'
[shot] tds-512-D3-accept1 (1024x768)
[19:35:08] [tds] screen tds-512-D3-accept1 : x TallyPrime MANAGE EDU K: Company Da Book • List of Receipt Vouchers Y: Data Space: Sekd Z: Exchange A Add Vch Q Search FinCom • ke Co Vch Type Receipt Receipt Receipt O: Import Vch No. 1 2 3 Total: E: Export M: Share P: Print For 2-Oct-26 Date 2-Oct-26 2-Oct-26 2-Oct-26 Unity Quit Particulars Share Party Spike Income Spike Income Enter: Alter Debit Amount DuÅicate Vch I Insert Vch Delete x: Cancel Vch Credit Amount 500.00 700.00 700.00 1,900.00 U: Restore Line Fl: Help F2: Date Company Voucher Type F 7: Show profit Columnar FIO B: Basis of = Values Change ¯ View Exception J: Reports Save Vie...
[shot] tds-513-D3-after1 (1024x768)
[19:35:09] [tds] screen tds-513-D3-after1 : x TallyPrime MANAGE EDU K: Company Da Book • List of Receipt Vouchers Y: Data Space: Sekd Z: Exchange A Add Vch Q Search FinCom • ke Co Vch Type Receipt Receipt Receipt O: Import Vch No. 1 2 3 Total: E: Export M: Share P: Print For 2-Oct-26 Date 2-Oct-26 2-Oct-26 2-Oct-26 Unity Quit Particulars Share Party Spike Income Spike Income Enter: Alter Debit Amount DuÅicate Vch I Insert Vch Delete x: Cancel Vch Credit Amount 500.00 700.00 700.00 1,900.00 U: Restore Line Fl: Help F2: Date Company Voucher Type F 7: Show profit Columnar FIO B: Basis of = Values Change ¯ View Exception J: Reports Save Vie...
[shot] tds-514-gw0 (1024x768)
[19:35:09] [tds] screen tds-514-gw0 : x TallyPrime MANAGE EDU K: Company Da Book • List of Receipt Vouchers Y: Data Space: Sekd Z: Exchange A Add Vch Q Search FinCom • ke Co Vch Type Receipt Receipt Receipt O: Import Vch No. 1 2 3 Total: E: Export M: Share P: Print For 2-Oct-26 Date 2-Oct-26 2-Oct-26 2-Oct-26 Unity Quit Particulars Share Party Spike Income Spike Income Enter: Alter Debit Amount DuÅicate Vch I Insert Vch Delete x: Cancel Vch Credit Amount 500.00 700.00 700.00 1,900.00 U: Restore Line Fl: Help F2: Date Company Voucher Type F 7: Show profit Columnar FIO B: Basis of = Values Change ¯ View Exception J: Reports Save Vie...
[keys] '{ESC}' -> Tally 'TallyPrime:9000'
[shot] tds-515-gw1 (1024x768)
[19:35:13] [tds] screen tds-515-gw1 : x TallyPrime MANAGE EDU K: Company Gatewa of Tall CURRENT PERIOD I-Apr-26 to 31-Mar-27 NAME OF COMPANY FinCom Spike Co Y: Data Z: Exchange CURRENT OATE Friday, 2-Oct-2026 O: Import E: Export M: Share p: print Fl: Help Date o 3371a Gateway of Tally MASTERS Create Alter CHart of Accounts TRANSACTIONS Vouchers Day 800K UTILITIES BaNking REPORTS Balance Sheet Profit & Loss A/c Stock Summary Ratio Analysis Display More Reports DashbOard Quit Unity Q 2-Oct-26 Search Company o run 3b4-9 2731- acep 2+67- 2731- acep .337. ning 17523 ing j _id" : 1-01" 2+67- Mode Windows Server 2025 Datacenter Build 261...
  voucher mid=1 aid=1 Journal/1/20260401 guid=2bbc8f60-fad7-4b8f-b633-510b49c07cf5-00000001 cancelled=False
  voucher mid=2 aid=2 Journal/2/20261001 guid=2bbc8f60-fad7-4b8f-b633-510b49c07cf5-00000002 cancelled=False
  voucher mid=3 aid=3 Journal/3/20261001 guid=2bbc8f60-fad7-4b8f-b633-510b49c07cf5-00000003 cancelled=False
  voucher mid=4 aid=4 Journal/4/20261001 guid=2bbc8f60-fad7-4b8f-b633-510b49c07cf5-00000004 cancelled=False
  voucher mid=5 aid=5 Journal/5/20261001 guid=2bbc8f60-fad7-4b8f-b633-510b49c07cf5-00000005 cancelled=False
  voucher mid=6 aid=6 Payroll/1/20261001 guid=2bbc8f60-fad7-4b8f-b633-510b49c07cf5-00000006 cancelled=False
  voucher mid=7 aid=7 Receipt/1/20261002 guid=2bbc8f60-fad7-4b8f-b633-510b49c07cf5-00000007 cancelled=False
  voucher mid=8 aid=8 Receipt/2/20261002 guid=2bbc8f60-fad7-4b8f-b633-510b49c07cf5-00000008 cancelled=False
  voucher mid=9 aid=9 Payment/1/20261002 guid=2bbc8f60-fad7-4b8f-b633-510b49c07cf5-00000009 cancelled=False
  voucher mid=10 aid=10 Payment/2/20261002 guid=2bbc8f60-fad7-4b8f-b633-510b49c07cf5-0000000a cancelled=False
  voucher mid=11 aid=11 Contra/1/20261002 guid=2bbc8f60-fad7-4b8f-b633-510b49c07cf5-0000000b cancelled=False
  voucher mid=12 aid=12 Journal/6/20261002 guid=2bbc8f60-fad7-4b8f-b633-510b49c07cf5-0000000c cancelled=False
  voucher mid=13 aid=13 Journal/7/20261002 guid=2bbc8f60-fad7-4b8f-b633-510b49c07cf5-0000000d cancelled=False
  voucher mid=14 aid=14 Sales/1/20261002 guid=2bbc8f60-fad7-4b8f-b633-510b49c07cf5-0000000e cancelled=False
  voucher mid=15 aid=15 Sales/2/20261002 guid=2bbc8f60-fad7-4b8f-b633-510b49c07cf5-0000000f cancelled=False
  voucher mid=16 aid=16 Sales/3/20261002 guid=2bbc8f60-fad7-4b8f-b633-510b49c07cf5-00000010 cancelled=False
  voucher mid=17 aid=17 Purchase/1/20261002 guid=2bbc8f60-fad7-4b8f-b633-510b49c07cf5-00000011 cancelled=False
  voucher mid=18 aid=18 Purchase/2/20261002 guid=2bbc8f60-fad7-4b8f-b633-510b49c07cf5-00000012 cancelled=False
  voucher mid=19 aid=19 Sales/4/20261002 guid=2bbc8f60-fad7-4b8f-b633-510b49c07cf5-00000013 cancelled=False
  voucher mid=20 aid=20 Purchase/3/20261002 guid=2bbc8f60-fad7-4b8f-b633-510b49c07cf5-00000014 cancelled=False
  voucher mid=21 aid=21 Credit Note/1/20261002 guid=2bbc8f60-fad7-4b8f-b633-510b49c07cf5-00000015 cancelled=False
  voucher mid=22 aid=22 Journal/8/20261002 guid=2bbc8f60-fad7-4b8f-b633-510b49c07cf5-00000016 cancelled=False
  voucher mid=23 aid=23 Receipt/3/20261002 guid=2bbc8f60-fad7-4b8f-b633-510b49c07cf5-00000017 cancelled=False
  INFO share copy-receipt-plain (Alt+2 copy of the receipt with no party): Tally Receipt 3 mid 23; stored party 'Cash' bills []; the line party 'Cash' bills []; lines voucher_accept_post x1, voucher_full x1
[19:35:16] ---- share alter-receipt-plain: alteration: the receipt with no party, its amount 700 -> 800
  voucher mid=1 aid=1 Journal/1/20260401 guid=2bbc8f60-fad7-4b8f-b633-510b49c07cf5-00000001 cancelled=False
  voucher mid=2 aid=2 Journal/2/20261001 guid=2bbc8f60-fad7-4b8f-b633-510b49c07cf5-00000002 cancelled=False
  voucher mid=3 aid=3 Journal/3/20261001 guid=2bbc8f60-fad7-4b8f-b633-510b49c07cf5-00000003 cancelled=False
  voucher mid=4 aid=4 Journal/4/20261001 guid=2bbc8f60-fad7-4b8f-b633-510b49c07cf5-00000004 cancelled=False
  voucher mid=5 aid=5 Journal/5/20261001 guid=2bbc8f60-fad7-4b8f-b633-510b49c07cf5-00000005 cancelled=False
  voucher mid=6 aid=6 Payroll/1/20261001 guid=2bbc8f60-fad7-4b8f-b633-510b49c07cf5-00000006 cancelled=False
  voucher mid=7 aid=7 Receipt/1/20261002 guid=2bbc8f60-fad7-4b8f-b633-510b49c07cf5-00000007 cancelled=False
  voucher mid=8 aid=8 Receipt/2/20261002 guid=2bbc8f60-fad7-4b8f-b633-510b49c07cf5-00000008 cancelled=False
  voucher mid=9 aid=9 Payment/1/20261002 guid=2bbc8f60-fad7-4b8f-b633-510b49c07cf5-00000009 cancelled=False
  voucher mid=10 aid=10 Payment/2/20261002 guid=2bbc8f60-fad7-4b8f-b633-510b49c07cf5-0000000a cancelled=False
  voucher mid=11 aid=11 Contra/1/20261002 guid=2bbc8f60-fad7-4b8f-b633-510b49c07cf5-0000000b cancelled=False
  voucher mid=12 aid=12 Journal/6/20261002 guid=2bbc8f60-fad7-4b8f-b633-510b49c07cf5-0000000c cancelled=False
  voucher mid=13 aid=13 Journal/7/20261002 guid=2bbc8f60-fad7-4b8f-b633-510b49c07cf5-0000000d cancelled=False
  voucher mid=14 aid=14 Sales/1/20261002 guid=2bbc8f60-fad7-4b8f-b633-510b49c07cf5-0000000e cancelled=False
  voucher mid=15 aid=15 Sales/2/20261002 guid=2bbc8f60-fad7-4b8f-b633-510b49c07cf5-0000000f cancelled=False
  voucher mid=16 aid=16 Sales/3/20261002 guid=2bbc8f60-fad7-4b8f-b633-510b49c07cf5-00000010 cancelled=False
  voucher mid=17 aid=17 Purchase/1/20261002 guid=2bbc8f60-fad7-4b8f-b633-510b49c07cf5-00000011 cancelled=False
  voucher mid=18 aid=18 Purchase/2/20261002 guid=2bbc8f60-fad7-4b8f-b633-510b49c07cf5-00000012 cancelled=False
  voucher mid=19 aid=19 Sales/4/20261002 guid=2bbc8f60-fad7-4b8f-b633-510b49c07cf5-00000013 cancelled=False
  voucher mid=20 aid=20 Purchase/3/20261002 guid=2bbc8f60-fad7-4b8f-b633-510b49c07cf5-00000014 cancelled=False
  voucher mid=21 aid=21 Credit Note/1/20261002 guid=2bbc8f60-fad7-4b8f-b633-510b49c07cf5-00000015 cancelled=False
  voucher mid=22 aid=22 Journal/8/20261002 guid=2bbc8f60-fad7-4b8f-b633-510b49c07cf5-00000016 cancelled=False
  voucher mid=23 aid=23 Receipt/3/20261002 guid=2bbc8f60-fad7-4b8f-b633-510b49c07cf5-00000017 cancelled=False
[shot] tds-516-gw0 (1024x768)
[19:35:17] [tds] screen tds-516-gw0 : x TallyPrime MANAGE EDU K: Company Gatewa of Tall CURRENT PERIOD I-Apr-26 to 31-Mar-27 NAME OF COMPANY FinCom Spike Co Y: Data Z: Exchange CURRENT OATE Friday, 2-Oct-2026 O: Import E: Export M: Share p: print Fl: Help Date o 3371a Gateway of Tally MASTERS Create Alter CHart of Accounts TRANSACTIONS Vouchers Day 800K UTILITIES BaNking REPORTS Balance Sheet Profit & Loss A/c Stock Summary Ratio Analysis Display More Reports DashbOard Quit Unity Q 2-Oct-26 Search Company o run 3b4-9 2731- acep 2+67- 2731- acep .337. ning 17523 ing j _id" : 1-01" 2+67- Mode Windows Server 2025 Datacenter Build 261...
[keys] '%g' -> Tally 'TallyPrime:9000'
[shot] tds-517-A1-goto (1024x768)
[19:35:21] [tds] screen tds-517-A1-goto : x R CEDU TallyPrime MANAGE K: Company List of Re Y: Data Its Z: Exchange O: Import E: Export M: Share p: print Fl: Help x FinCom Spike Co (Predefined) (Predefined) (Predefined) Saved Views Purchase Dashboard Sales Dashboard Outstanding MSME Bills Common Reports Dashboard Balance Sheet Profit & Loss A/c Cash/Bank Book Day Book Ledger Vouchers Stock Summary Trial Balance Bills Receivable Bills Payable Master and Voucher Statistics Stock Query Chart of Accounts Final Accounts Reports Receivables & Payables Reports Banking Utilities Ledger Reports Q Create Voucher Create Master Alter Master Expand...
[keys] 'Day Book' -> Tally 'TallyPrime:9000'
[keys] '{ENTER}' -> Tally 'TallyPrime:9000'
[shot] tds-518-A1-daybook (1024x768)
[19:35:28] [tds] screen tds-518-A1-daybook : x TallyPrime MANAGE EDU K: Company Da Book • Day Book Y: Data Space: Sekd Z: Exchange A Add Vch Q Search FinCom • ke Co Vch Type Contra Payment Payment Receipt Receipt Receipt Journal Journal Journal Credit Note Sales Sales Sales Sales Purchase Purchase Purchase O: Import Vch No. 1 1 2 1 2 3 6 7 8 1 1 2 3 4 1 2 3 E: Export M: Share P: Print For 2-Oct-26 Date 2-Oct-26 2-Oct-26 2-Oct-26 2-Oct-26 2-Oct-26 2-Oct-26 2-Oct-26 2-Oct-26 2-Oct-26 2-Oct-26 2-Oct-26 2-Oct-26 2-Oct-26 2-Oct-26 2-Oct-26 2-Oct-26 2-Oct-26 Unity Quit Particulars Cash Share Supplier Share Expense Share Party Spike Income Spik...
[keys] '{F2}' -> Tally 'TallyPrime:9000'
[shot] tds-519-A1-db-date (1024x768)
[19:35:31] [tds] screen tds-519-A1-db-date : TallyPrime MANAGE EDU K: Company Change Date Unity Quit Y: Data Z: Exchange A Accept Q Search O: Import E: Export M: Share p: print x Fl: Help FinCom Spike Co Change Date 2-10-2026 o 3371a o run 3b4-9 2731- acep 2+67- 2731- acep .337. ning 17523 ing j _id" : 1-01" 2+67- Mode Windows Server 2025 Datacenter Build 26100.ge_release240331-1435 7:35 PM 10/8/2026
[keys] '2-10-2026{ENTER}' -> Tally 'TallyPrime:9000'
[shot] tds-520-A1-db-dated (1024x768)
[19:35:36] [tds] screen tds-520-A1-db-dated : x TallyPrime MANAGE EDU K: Company Da Book • Day Book Y: Data Space: Sekd Z: Exchange A Add Vch Q Search FinCom • ke Co Vch Type Contra Payment Payment Receipt Receipt Receipt Journal Journal Journal Credit Note Sales Sales Sales Sales Purchase Purchase Purchase O: Import Vch No. 1 1 2 1 2 3 6 7 8 1 1 2 3 4 1 2 3 E: Export M: Share P: Print For 2-Oct-26 Date 2-Oct-26 2-Oct-26 2-Oct-26 2-Oct-26 2-Oct-26 2-Oct-26 2-Oct-26 2-Oct-26 2-Oct-26 2-Oct-26 2-Oct-26 2-Oct-26 2-Oct-26 2-Oct-26 2-Oct-26 2-Oct-26 2-Oct-26 Unity Quit Particulars Cash Share Supplier Share Expense Share Party Spike Income Spik...
[keys] '{F4}' -> Tally 'TallyPrime:9000'
[shot] tds-521-A1-db-type (1024x768)
[19:35:39] [tds] screen tds-521-A1-db-type : TallyPrime MANAGE EDU K: Company Change Voucher Type Unity Quit Y: Data Z: Exchange FinCom • ke Co Name of VoucherType O: Import Create E: Export M: Share p: print x Fl: Help Voucher T • All Items Contra Credit Note Debit Note Journal s Memorandum Payment Physical Stock Purchase Receipt Reversing Journal Sales Stock Journal A Accept Q Search o 3371a o run 3b4-9 2731- acep 2+67- 2731- acep .337. ning 17523 ing j _id" : 1-01" 2+67- Mode Windows Server 2025 Datacenter Build 26100.ge_release240331-1435 7:35 PM 10/8/2026
[keys] 'Receipt{ENTER}' -> Tally 'TallyPrime:9000'
[shot] tds-522-A1-db-typed (1024x768)
[19:35:44] [tds] screen tds-522-A1-db-typed : x TallyPrime MANAGE EDU K: Company Da Book • List of Receipt Vouchers Y: Data Space: Sekd Z: Exchange A Add Vch Q Search FinCom • ke Co Vch Type Receipt Receipt Receipt O: Import Vch No. 1 2 3 Total: E: Export M: Share P: Print For 2-Oct-26 Date 2-Oct-26 2-Oct-26 2-Oct-26 Unity Quit Particulars Share Party Spike Income Spike Income Enter: Alter Debit Amount DuÅicate Vch I Insert Vch Delete x: Cancel Vch Credit Amount 500.00 700.00 700.00 1,900.00 U: Restore Line Fl: Help F2: Date Company Voucher Type F 7: Show profit Columnar FIO B: Basis of = Values Change ¯ View Exception J: Reports Save Vie...
[keys] '{END}' -> Tally 'TallyPrime:9000'
[shot] tds-523-A1-db-last (1024x768)
[19:35:47] [tds] screen tds-523-A1-db-last : x TallyPrime MANAGE EDU K: Company Da Book • List of Receipt Vouchers Y: Data Space: Sekd Z: Exchange A Add Vch Q Search FinCom • ke Co Vch Type Receipt Receipt Receipt O: Import Vch No. 1 2 3 Total: E: Export M: Share P: Print For 2-Oct-26 Date 2-Oct-26 2-Oct-26 2-Oct-26 Unity Quit Particulars Share Party Spike Income Spike Income Enter: Alter Debit Amount DuÅicate Vch I Insert Vch Delete x: Cancel Vch Credit Amount 500.00 700.00 700.00 1,900.00 U: Restore Line Fl: Help F2: Date Company Voucher Type F 7: Show profit Columnar FIO B: Basis of = Values Change ¯ View Exception J: Reports Save Vie...
[keys] '{UP}' -> Tally 'TallyPrime:9000'
[shot] tds-524-A1-up (1024x768)
[19:35:50] [tds] screen tds-524-A1-up : x TallyPrime MANAGE EDU K: Company Da Book • List of Receipt Vouchers Y: Data Space: Sekd Z: Exchange A Add Vch Q Search FinCom • ke Co Vch Type Receipt Receipt Receipt O: Import Vch No. 1 2 3 Total: E: Export M: Share P: Print For 2-Oct-26 Date 2-Oct-26 2-Oct-26 2-Oct-26 Unity Quit Particulars Share Party Spike Income Spike Income Enter: Alter Debit Amount DuÅicate Vch I Insert Vch Delete x: Cancel Vch Credit Amount 500.00 700.00 700.00 1,900.00 U: Restore Line Fl: Help F2: Date Company Voucher Type F 7: Show profit Columnar FIO B: Basis of = Values Change ¯ View Exception J: Reports Save Vie...
[keys] '{ENTER}' -> Tally 'TallyPrime:9000'
[shot] tds-525-A1-open (1024x768)
[19:35:55] [tds] screen tds-525-A1-open : x O: Import cb Unity TallyPrime MANAGE EDU K: Company Y: Data Accounting Voucher Alteration (Secondary Recei t No. 2 Account Cash Current balance: 1,000.00 Dr Particulars Spike Income CurBal: 6,900.00 Cr Share Emp 1 Narration: share receipt plain Quit Z: Exchange 700.00 Cr A Accept Q Search E: Export M: Share FinCom • ke Co D: p: print x a-Oct-26 Friday Amount 700.00 700.00 Fl: Help Q: Date Company Ed: Contra Payment F-6: Receipt : Journal Sales o 3371a o run 3b4-9 2731- acep 2+67- Purchase 2731- Fl O: OåuVooctgs E: Autofill Change Mode More Details O: Related ¯ Repons Optional post -Dated J: ...
[keys] '{ENTER}' -> Tally 'TallyPrime:9000'
[keys] '{ENTER}' -> Tally 'TallyPrime:9000'
[keys] '{ENTER}' -> Tally 'TallyPrime:9000'
[shot] tds-526-A1-at-amount (1024x768)
[19:36:02] [tds] screen tds-526-A1-at-amount : x O: Import cb Unity TallyPrime MANAGE EDU K: Company Y: Data Accounting Voucher Alteration (Secondary Recei t No. 2 Account Cash Current balance: 1,000.00 Dr Particulars Spike Income CurBal: 6,900.00 Cr Share Emp 1 Narration: share receipt plain Quit Z: Exchange 700.00 Cr A Accept Q Search E: Export M: Share FinCom • ke Co D: p: print x 2-Oct-26 Friday Amount 700.00 700.00 Fl: Help Q: Date Company Ed: Contra Payment F-6: Receipt : Journal Sales o 3371a o run 3b4-9 2731- acep 2+67- Purchase 2731- Fl O: OåuVooctgs E: Autofill Change Mode More Details O: Related ¯ Repons Optional post -Dated J: ...
[keys] '800{ENTER}' -> Tally 'TallyPrime:9000'
[shot] tds-527-A1-amount (1024x768)
[19:36:06] [tds] screen tds-527-A1-amount : x O: Import cb Unity TallyPrime MANAGE EDU K: Company Y: Data Accounting Voucher Alteration (Secondary Recei t No. 2 Account Cash Current balance: 1, 100.00 Dr Particulars Spike Income CurBa1: 7,000.00 Cr Share Em 1 Narration: share receipt plain Quit Z: Exchange 800.00 Cr A Accept Q Search E: Export M: Share FinCom • ke Co D: p: print x 2-Oct-26 Friday Amount 800.00 800.00 Fl: Help Q: Date Company Ed: Contra Payment F-6: Receipt : Journal Sales o 3371a o run 3b4-9 2731- acep 2+67- Purchase 2731- Fl O: OåuVooctgs E: Autofill Change Mode More Details O: Related ¯ Repons Optional post -Dated J: ...
[keys] '^a' -> Tally 'TallyPrime:9000'
[shot] tds-528-A1-accept1 (1024x768)
[19:36:11] [tds] screen tds-528-A1-accept1 : x TallyPrime MANAGE EDU K: Company Da Book • List of Receipt Vouchers Y: Data Space: Sekd Z: Exchange A Add Vch Q Search FinCom • ke Co Vch Type Receipt Receipt Receipt O: Import Vch No. 1 2 3 Total: E: Export M: Share P: Print For 2-Oct-26 Date 2-Oct-26 2-Oct-26 2-Oct-26 Unity Quit Particulars Share Party Spike Income Spike Income Enter: Alter Debit Amount DuÅicate Vch I Insert Vch Delete x: Cancel Vch Credit Amount 500.00 800.00 700.00 2,000.00 U: Restore Line Fl: Help F2: Date Company Voucher Type F 7: Show profit Columnar FIO B: Basis of = Values Change ¯ View Exception J: Reports Save Vie...
[shot] tds-529-A1-after1 (1024x768)
[19:36:12] [tds] screen tds-529-A1-after1 : x TallyPrime MANAGE EDU K: Company Da Book • List of Receipt Vouchers Y: Data Space: Sekd Z: Exchange A Add Vch Q Search FinCom • ke Co Vch Type Receipt Receipt Receipt O: Import Vch No. 1 2 3 Total: E: Export M: Share P: Print For 2-Oct-26 Date 2-Oct-26 2-Oct-26 2-Oct-26 Unity Quit Particulars Share Party Spike Income Spike Income Enter: Alter Debit Amount DuÅicate Vch I Insert Vch Delete x: Cancel Vch Credit Amount 500.00 800.00 700.00 2,000.00 U: Restore Line Fl: Help F2: Date Company Voucher Type F 7: Show profit Columnar FIO B: Basis of = Values Change ¯ View Exception J: Reports Save Vie...
[shot] tds-530-gw0 (1024x768)
[19:36:12] [tds] screen tds-530-gw0 : x TallyPrime MANAGE EDU K: Company Da Book • List of Receipt Vouchers Y: Data Space: Sekd Z: Exchange A Add Vch Q Search FinCom • ke Co Vch Type Receipt Receipt Receipt O: Import Vch No. 1 2 3 Total: E: Export M: Share P: Print For 2-Oct-26 Date 2-Oct-26 2-Oct-26 2-Oct-26 Unity Quit Particulars Share Party Spike Income Spike Income Enter: Alter Debit Amount DuÅicate Vch I Insert Vch Delete x: Cancel Vch Credit Amount 500.00 800.00 700.00 2,000.00 U: Restore Line Fl: Help F2: Date Company Voucher Type F 7: Show profit Columnar FIO B: Basis of = Values Change ¯ View Exception J: Reports Save Vie...
[keys] '{ESC}' -> Tally 'TallyPrime:9000'
[shot] tds-531-gw1 (1024x768)
[19:36:16] [tds] screen tds-531-gw1 : x TallyPrime MANAGE EDU K: Company Gatewa of Tall CURRENT PERIOD I-Apr-26 to 31-Mar-27 NAME OF COMPANY FinCom Spike Co Y: Data Z: Exchange CURRENT OATE Friday, 2-Oct-2026 O: Import E: Export M: Share p: print Fl: Help Date o 3371a Gateway of Tally MASTERS Create Alter CHart of Accounts TRANSACTIONS Vouchers Day 800K UTILITIES BaNking REPORTS Balance Sheet Profit & Loss A/c Stock Summary Ratio Analysis Display More Reports DashbOard Quit Unity Q 2-Oct-26 Search Company o run 3b4-9 2731- acep 2+67- 2731- acep .337. ning 17523 ing j _id" : 1-01" 2+67- Mode Windows Server 2025 Datacenter Build 261...
  voucher mid=1 aid=1 Journal/1/20260401 guid=2bbc8f60-fad7-4b8f-b633-510b49c07cf5-00000001 cancelled=False
  voucher mid=2 aid=2 Journal/2/20261001 guid=2bbc8f60-fad7-4b8f-b633-510b49c07cf5-00000002 cancelled=False
  voucher mid=3 aid=3 Journal/3/20261001 guid=2bbc8f60-fad7-4b8f-b633-510b49c07cf5-00000003 cancelled=False
  voucher mid=4 aid=4 Journal/4/20261001 guid=2bbc8f60-fad7-4b8f-b633-510b49c07cf5-00000004 cancelled=False
  voucher mid=5 aid=5 Journal/5/20261001 guid=2bbc8f60-fad7-4b8f-b633-510b49c07cf5-00000005 cancelled=False
  voucher mid=6 aid=6 Payroll/1/20261001 guid=2bbc8f60-fad7-4b8f-b633-510b49c07cf5-00000006 cancelled=False
  voucher mid=7 aid=7 Receipt/1/20261002 guid=2bbc8f60-fad7-4b8f-b633-510b49c07cf5-00000007 cancelled=False
  voucher mid=8 aid=24 Receipt/2/20261002 guid=2bbc8f60-fad7-4b8f-b633-510b49c07cf5-00000008 cancelled=False
  voucher mid=9 aid=9 Payment/1/20261002 guid=2bbc8f60-fad7-4b8f-b633-510b49c07cf5-00000009 cancelled=False
  voucher mid=10 aid=10 Payment/2/20261002 guid=2bbc8f60-fad7-4b8f-b633-510b49c07cf5-0000000a cancelled=False
  voucher mid=11 aid=11 Contra/1/20261002 guid=2bbc8f60-fad7-4b8f-b633-510b49c07cf5-0000000b cancelled=False
  voucher mid=12 aid=12 Journal/6/20261002 guid=2bbc8f60-fad7-4b8f-b633-510b49c07cf5-0000000c cancelled=False
  voucher mid=13 aid=13 Journal/7/20261002 guid=2bbc8f60-fad7-4b8f-b633-510b49c07cf5-0000000d cancelled=False
  voucher mid=14 aid=14 Sales/1/20261002 guid=2bbc8f60-fad7-4b8f-b633-510b49c07cf5-0000000e cancelled=False
  voucher mid=15 aid=15 Sales/2/20261002 guid=2bbc8f60-fad7-4b8f-b633-510b49c07cf5-0000000f cancelled=False
  voucher mid=16 aid=16 Sales/3/20261002 guid=2bbc8f60-fad7-4b8f-b633-510b49c07cf5-00000010 cancelled=False
  voucher mid=17 aid=17 Purchase/1/20261002 guid=2bbc8f60-fad7-4b8f-b633-510b49c07cf5-00000011 cancelled=False
  voucher mid=18 aid=18 Purchase/2/20261002 guid=2bbc8f60-fad7-4b8f-b633-510b49c07cf5-00000012 cancelled=False
  voucher mid=19 aid=19 Sales/4/20261002 guid=2bbc8f60-fad7-4b8f-b633-510b49c07cf5-00000013 cancelled=False
  voucher mid=20 aid=20 Purchase/3/20261002 guid=2bbc8f60-fad7-4b8f-b633-510b49c07cf5-00000014 cancelled=False
  voucher mid=21 aid=21 Credit Note/1/20261002 guid=2bbc8f60-fad7-4b8f-b633-510b49c07cf5-00000015 cancelled=False
  voucher mid=22 aid=22 Journal/8/20261002 guid=2bbc8f60-fad7-4b8f-b633-510b49c07cf5-00000016 cancelled=False
  voucher mid=23 aid=23 Receipt/3/20261002 guid=2bbc8f60-fad7-4b8f-b633-510b49c07cf5-00000017 cancelled=False
  INFO share alter-receipt-plain (alteration: the receipt with no party, its amount 700 -> 800): Tally Receipt 2 mid 8; stored party 'Cash' bills []; the line party 'Cash' bills []; lines voucher_accept_post x1, voucher_accept_pre x1, voucher_full x1
[19:36:19] ---- share alter-sales-new: alteration: the New Ref sales invoice saved again unchanged (opened, Ctrl+A)
  voucher mid=1 aid=1 Journal/1/20260401 guid=2bbc8f60-fad7-4b8f-b633-510b49c07cf5-00000001 cancelled=False
  voucher mid=2 aid=2 Journal/2/20261001 guid=2bbc8f60-fad7-4b8f-b633-510b49c07cf5-00000002 cancelled=False
  voucher mid=3 aid=3 Journal/3/20261001 guid=2bbc8f60-fad7-4b8f-b633-510b49c07cf5-00000003 cancelled=False
  voucher mid=4 aid=4 Journal/4/20261001 guid=2bbc8f60-fad7-4b8f-b633-510b49c07cf5-00000004 cancelled=False
  voucher mid=5 aid=5 Journal/5/20261001 guid=2bbc8f60-fad7-4b8f-b633-510b49c07cf5-00000005 cancelled=False
  voucher mid=6 aid=6 Payroll/1/20261001 guid=2bbc8f60-fad7-4b8f-b633-510b49c07cf5-00000006 cancelled=False
  voucher mid=7 aid=7 Receipt/1/20261002 guid=2bbc8f60-fad7-4b8f-b633-510b49c07cf5-00000007 cancelled=False
  voucher mid=8 aid=24 Receipt/2/20261002 guid=2bbc8f60-fad7-4b8f-b633-510b49c07cf5-00000008 cancelled=False
  voucher mid=9 aid=9 Payment/1/20261002 guid=2bbc8f60-fad7-4b8f-b633-510b49c07cf5-00000009 cancelled=False
  voucher mid=10 aid=10 Payment/2/20261002 guid=2bbc8f60-fad7-4b8f-b633-510b49c07cf5-0000000a cancelled=False
  voucher mid=11 aid=11 Contra/1/20261002 guid=2bbc8f60-fad7-4b8f-b633-510b49c07cf5-0000000b cancelled=False
  voucher mid=12 aid=12 Journal/6/20261002 guid=2bbc8f60-fad7-4b8f-b633-510b49c07cf5-0000000c cancelled=False
  voucher mid=13 aid=13 Journal/7/20261002 guid=2bbc8f60-fad7-4b8f-b633-510b49c07cf5-0000000d cancelled=False
  voucher mid=14 aid=14 Sales/1/20261002 guid=2bbc8f60-fad7-4b8f-b633-510b49c07cf5-0000000e cancelled=False
  voucher mid=15 aid=15 Sales/2/20261002 guid=2bbc8f60-fad7-4b8f-b633-510b49c07cf5-0000000f cancelled=False
  voucher mid=16 aid=16 Sales/3/20261002 guid=2bbc8f60-fad7-4b8f-b633-510b49c07cf5-00000010 cancelled=False
  voucher mid=17 aid=17 Purchase/1/20261002 guid=2bbc8f60-fad7-4b8f-b633-510b49c07cf5-00000011 cancelled=False
  voucher mid=18 aid=18 Purchase/2/20261002 guid=2bbc8f60-fad7-4b8f-b633-510b49c07cf5-00000012 cancelled=False
  voucher mid=19 aid=19 Sales/4/20261002 guid=2bbc8f60-fad7-4b8f-b633-510b49c07cf5-00000013 cancelled=False
  voucher mid=20 aid=20 Purchase/3/20261002 guid=2bbc8f60-fad7-4b8f-b633-510b49c07cf5-00000014 cancelled=False
  voucher mid=21 aid=21 Credit Note/1/20261002 guid=2bbc8f60-fad7-4b8f-b633-510b49c07cf5-00000015 cancelled=False
  voucher mid=22 aid=22 Journal/8/20261002 guid=2bbc8f60-fad7-4b8f-b633-510b49c07cf5-00000016 cancelled=False
  voucher mid=23 aid=23 Receipt/3/20261002 guid=2bbc8f60-fad7-4b8f-b633-510b49c07cf5-00000017 cancelled=False
[shot] tds-532-gw0 (1024x768)
[19:36:20] [tds] screen tds-532-gw0 : x TallyPrime MANAGE EDU K: Company Gatewa of Tall CURRENT PERIOD I-Apr-26 to 31-Mar-27 NAME OF COMPANY FinCom Spike Co Y: Data Z: Exchange CURRENT OATE Friday, 2-Oct-2026 O: Import E: Export M: Share p: print Fl: Help Date o 3371a Gateway of Tally MASTERS Create Alter CHart of Accounts TRANSACTIONS Vouchers Day 800K UTILITIES BaNking REPORTS Balance Sheet Profit & Loss A/c Stock Summary Ratio Analysis Display More Reports DashbOard Quit Unity Q 2-Oct-26 Search Company o run 3b4-9 2731- acep 2+67- 2731- acep .337. ning 17523 ing j _id" : 1-01" 2+67- Mode Windows Server 2025 Datacenter Build 261...
[keys] '%g' -> Tally 'TallyPrime:9000'
[shot] tds-533-A3-goto (1024x768)
[19:36:24] [tds] screen tds-533-A3-goto : x R CEDU TallyPrime MANAGE K: Company List of Re Y: Data Its Z: Exchange O: Import E: Export M: Share p: print Fl: Help x FinCom Spike Co (Predefined) (Predefined) (Predefined) Saved Views Purchase Dashboard Sales Dashboard Outstanding MSME Bills Common Reports Dashboard Balance Sheet Profit & Loss A/c Cash/Bank Book Day Book Ledger Vouchers Stock Summary Trial Balance Bills Receivable Bills Payable Master and Voucher Statistics Stock Query Chart of Accounts Final Accounts Reports Receivables & Payables Reports Banking Utilities Ledger Reports Q Create Voucher Create Master Alter Master Expand...
[keys] 'Day Book' -> Tally 'TallyPrime:9000'
[keys] '{ENTER}' -> Tally 'TallyPrime:9000'
[shot] tds-534-A3-daybook (1024x768)
[19:36:31] [tds] screen tds-534-A3-daybook : x TallyPrime MANAGE EDU K: Company Da Book • Day Book Y: Data Space: Sekd Z: Exchange A Add Vch Q Search FinCom • ke Co Vch Type Contra Payment Payment Receipt Receipt Receipt Journal Journal Journal Credit Note Sales Sales Sales Sales Purchase Purchase Purchase O: Import Vch No. 1 1 2 1 2 3 6 7 8 1 1 2 3 4 1 2 3 E: Export M: Share P: Print For 2-Oct-26 Date 2-Oct-26 2-Oct-26 2-Oct-26 2-Oct-26 2-Oct-26 2-Oct-26 2-Oct-26 2-Oct-26 2-Oct-26 2-Oct-26 2-Oct-26 2-Oct-26 2-Oct-26 2-Oct-26 2-Oct-26 2-Oct-26 2-Oct-26 Unity Quit Particulars Cash Share Supplier Share Expense Share Party Spike Income Spik...
[keys] '{F2}' -> Tally 'TallyPrime:9000'
[shot] tds-535-A3-db-date (1024x768)
[19:36:34] [tds] screen tds-535-A3-db-date : TallyPrime MANAGE EDU K: Company Change Date Unity Quit Y: Data Z: Exchange A Accept Q Search O: Import E: Export M: Share p: print x Fl: Help FinCom Spike Co Change Date 2-10-2026 o 3371a o run 3b4-9 2731- acep 2+67- 2731- acep .337. ning 17523 ing j _id" : 1-01" 2+67- Mode Windows Server 2025 Datacenter Build 26100.ge_release240331-1435 7:36 PM 10/8/2026
[keys] '2-10-2026{ENTER}' -> Tally 'TallyPrime:9000'
[shot] tds-536-A3-db-dated (1024x768)
[19:36:38] [tds] screen tds-536-A3-db-dated : x TallyPrime MANAGE EDU K: Company Da Book • Day Book Y: Data Space: Sekd Z: Exchange A Add Vch Q Search FinCom • ke Co Vch Type Contra Payment Payment Receipt Receipt Receipt Journal Journal Journal Credit Note Sales Sales Sales Sales Purchase Purchase Purchase O: Import Vch No. 1 1 2 1 2 3 6 7 8 1 1 2 3 4 1 2 3 E: Export M: Share P: Print For 2-Oct-26 Date 2-Oct-26 2-Oct-26 2-Oct-26 2-Oct-26 2-Oct-26 2-Oct-26 2-Oct-26 2-Oct-26 2-Oct-26 2-Oct-26 2-Oct-26 2-Oct-26 2-Oct-26 2-Oct-26 2-Oct-26 2-Oct-26 2-Oct-26 Unity Quit Particulars Cash Share Supplier Share Expense Share Party Spike Income Spik...
[keys] '{F4}' -> Tally 'TallyPrime:9000'
[shot] tds-537-A3-db-type (1024x768)
[19:36:42] [tds] screen tds-537-A3-db-type : TallyPrime MANAGE EDU K: Company Change Voucher Type Unity Quit Y: Data Z: Exchange FinCom • ke Co Name of VoucherType O: Import Create E: Export M: Share p: print x Fl: Help Voucher T • All Items Contra Credit Note Debit Note Journal s Memorandum Payment Physical Stock Purchase Receipt Reversing Journal Sales Stock Journal A Accept Q Search o 3371a o run 3b4-9 2731- acep 2+67- 2731- acep .337. ning 17523 ing j _id" : 1-01" 2+67- Mode Windows Server 2025 Datacenter Build 26100.ge_release240331-1435 7:36 PM 10/8/2026
[keys] 'Sales{ENTER}' -> Tally 'TallyPrime:9000'
[shot] tds-538-A3-db-typed (1024x768)
[19:36:47] [tds] screen tds-538-A3-db-typed : x TallyPrime MANAGE EDU K: Company Da Book • List of Sales Vouchers Y: Data Space: Sekd Z: Exchange A Add Vch Q Search FinCom • ke Co Vch Type Sales Sales Sales Sales O: Import Vch No. 1 2 3 4 Total: E: Export M: Share P: Print For 2-Oct-26 Date 2-Oct-26 2-Oct-26 2-Oct-26 2-Oct-26 Unity Quit Particulars Share Party Share Party Share Party Share Party Enter: Alter Debit Amount 200.00 200.00 300.00 300.00 1,000 00 DuÅicate Vch I Insert Vch Delete x: Cancel Vch Credit Amount U: Restore Line Fl: Help F2: Date Company Voucher Type F7: Show profit Columnar FIO B: Basis of = Values Change ¯ View Exce...
[keys] '{END}' -> Tally 'TallyPrime:9000'
[shot] tds-539-A3-db-last (1024x768)
[19:36:50] [tds] screen tds-539-A3-db-last : x TallyPrime MANAGE EDU K: Company Da Book • List of Sales Vouchers Y: Data Space: Sekd Z: Exchange A Add Vch Q Search FinCom • ke Co Vch Type Sales Sales Sales Sales O: Import Vch No. 1 2 3 4 Total: E: Export M: Share P: Print For 2-Oct-26 Date 2-Oct-26 2-Oct-26 2-Oct-26 2-Oct-26 Unity Quit Particulars Share Party Share Party Share Party Share Party Enter: Alter Debit Amount 200.00 200.00 300.00 300.00 1,000 00 DuÅicate Vch I Insert Vch Delete x: Cancel Vch Credit Amount U: Restore Line Fl: Help F2: Date Company Voucher Type F7: Show profit Columnar FIO B: Basis of = Values Change ¯ View Exce...
[keys] '{HOME}' -> Tally 'TallyPrime:9000'
[shot] tds-540-A3-first (1024x768)
[19:36:53] [tds] screen tds-540-A3-first : x TallyPrime MANAGE EDU K: Company Da Book • List of Sales Vouchers Y: Data Space: Sekd Z: Exchange A Add Vch Q Search FinCom • ke Co Vch Type Sales Sales Sales Sales O: Import Vch No. 1 2 3 4 Total: E: Export M: Share P: Print For 2-Oct-26 Date 2-Oct-26 2-Oct-26 2-Oct-26 2-Oct-26 Unity Quit Particulars Share Party Share Party Share Party Share Party Enter: Alter Debit Amount 200.00 200.00 300.00 300.00 1,000 00 DuÅicate Vch I Insert Vch Delete x: Cancel Vch Credit Amount U: Restore Line Fl: Help F2: Date Company Voucher Type F7: Show profit Columnar FIO B: Basis of = Values Change ¯ View Exce...
[keys] '{ENTER}' -> Tally 'TallyPrime:9000'
[shot] tds-541-A3-open (1024x768)
[19:36:58] [tds] screen tds-541-A3-open : x cb Unity TallyPrime MANAGE EDU K: Company Y: Data Accounting Voucher Alteration (Secondary Sales Party A/c narne: Share Party Current balance: 4,400.00 Dr Sales ledger: Share Sales Current balance: 900.00 Cr Name of Item Share Item Narration: Quit Z: Exchange A Accept Q Search FinCom • ke Co O: Import Quantity 2 Nos 2 Nos E: Export Rate 100.00 M: Share per Nos p: print a-Oct-26 Friday Amount 200.00 Fl: Help Date o 3371a Company o run F4: Contra F5: Payment Receipt Journal F8: Sales 3b4-9 2731- acep 2+67- 2731- Purchase Fl 0: 0åHVouctg•s F: Autofill Change Mode More Details o: L: 200.00 Relat...
[keys] '^a' -> Tally 'TallyPrime:9000'
[shot] tds-542-A3-accept1 (1024x768)
[19:37:02] [tds] screen tds-542-A3-accept1 : x TallyPrime MANAGE EDU K: Company Da Book • List of Sales Vouchers Y: Data Space: Sekd Z: Exchange A Add Vch Q Search FinCom • ke Co Vch Type Sales Sales Sales Sales O: Import Vch No. 1 2 3 4 Total: E: Export M: Share P: Print For 2-Oct-26 Date 2-Oct-26 2-Oct-26 2-Oct-26 2-Oct-26 Unity Quit Particulars Share Party Share Party Share Party Share Party Enter: Alter Debit Amount 200.00 200.00 300.00 300.00 1,000 00 DuÅicate Vch I Insert Vch Delete x: Cancel Vch Credit Amount U: Restore Line Fl: Help F2: Date Company Voucher Type F7: Show profit Columnar FIO B: Basis of = Values Change ¯ View Exce...
[shot] tds-543-A3-after1 (1024x768)
[19:37:03] [tds] screen tds-543-A3-after1 : x TallyPrime MANAGE EDU K: Company Da Book • List of Sales Vouchers Y: Data Space: Sekd Z: Exchange A Add Vch Q Search FinCom • ke Co Vch Type Sales Sales Sales Sales O: Import Vch No. 1 2 3 4 Total: E: Export M: Share P: Print For 2-Oct-26 Date 2-Oct-26 2-Oct-26 2-Oct-26 2-Oct-26 Unity Quit Particulars Share Party Share Party Share Party Share Party Enter: Alter Debit Amount 200.00 200.00 300.00 300.00 1,000 00 DuÅicate Vch I Insert Vch Delete x: Cancel Vch Credit Amount U: Restore Line Fl: Help F2: Date Company Voucher Type F7: Show profit Columnar FIO B: Basis of = Values Change ¯ View Exce...
[shot] tds-544-gw0 (1024x768)
[19:37:04] [tds] screen tds-544-gw0 : x TallyPrime MANAGE EDU K: Company Da Book • List of Sales Vouchers Y: Data Space: Sekd Z: Exchange A Add Vch Q Search FinCom • ke Co Vch Type Sales Sales Sales Sales O: Import Vch No. 1 2 3 4 Total: E: Export M: Share P: Print For 2-Oct-26 Date 2-Oct-26 2-Oct-26 2-Oct-26 2-Oct-26 Unity Quit Particulars Share Party Share Party Share Party Share Party Enter: Alter Debit Amount 200.00 200.00 300.00 300.00 1,000 00 DuÅicate Vch I Insert Vch Delete x: Cancel Vch Credit Amount U: Restore Line Fl: Help F2: Date Company Voucher Type F7: Show profit Columnar FIO B: Basis of = Values Change ¯ View Exce...
[keys] '{ESC}' -> Tally 'TallyPrime:9000'
[shot] tds-545-gw1 (1024x768)
[19:37:07] [tds] screen tds-545-gw1 : x TallyPrime MANAGE EDU K: Company Gatewa of Tall CURRENT PERIOD I-Apr-26 to 31-Mar-27 NAME OF COMPANY FinCom Spike Co Y: Data Z: Exchange CURRENT OATE Friday, 2-Oct-2026 O: Import E: Export M: Share p: print Fl: Help Date o 3371a Gateway of Tally MASTERS Create Alter CHart of Accounts TRANSACTIONS Vouchers Day 800K UTILITIES BaNking REPORTS Balance Sheet Profit & Loss A/c Stock Summary Ratio Analysis Display More Reports DashbOard Quit Unity Q 2-Oct-26 Search Company o run 3b4-9 2731- acep 2+67- 2731- acep .337. ning 17523 ing j _id" : 1-01" 2+67- Mode Windows Server 2025 Datacenter Build 261...
  voucher mid=1 aid=1 Journal/1/20260401 guid=2bbc8f60-fad7-4b8f-b633-510b49c07cf5-00000001 cancelled=False
  voucher mid=2 aid=2 Journal/2/20261001 guid=2bbc8f60-fad7-4b8f-b633-510b49c07cf5-00000002 cancelled=False
  voucher mid=3 aid=3 Journal/3/20261001 guid=2bbc8f60-fad7-4b8f-b633-510b49c07cf5-00000003 cancelled=False
  voucher mid=4 aid=4 Journal/4/20261001 guid=2bbc8f60-fad7-4b8f-b633-510b49c07cf5-00000004 cancelled=False
  voucher mid=5 aid=5 Journal/5/20261001 guid=2bbc8f60-fad7-4b8f-b633-510b49c07cf5-00000005 cancelled=False
  voucher mid=6 aid=6 Payroll/1/20261001 guid=2bbc8f60-fad7-4b8f-b633-510b49c07cf5-00000006 cancelled=False
  voucher mid=7 aid=7 Receipt/1/20261002 guid=2bbc8f60-fad7-4b8f-b633-510b49c07cf5-00000007 cancelled=False
  voucher mid=8 aid=24 Receipt/2/20261002 guid=2bbc8f60-fad7-4b8f-b633-510b49c07cf5-00000008 cancelled=False
  voucher mid=9 aid=9 Payment/1/20261002 guid=2bbc8f60-fad7-4b8f-b633-510b49c07cf5-00000009 cancelled=False
  voucher mid=10 aid=10 Payment/2/20261002 guid=2bbc8f60-fad7-4b8f-b633-510b49c07cf5-0000000a cancelled=False
  voucher mid=11 aid=11 Contra/1/20261002 guid=2bbc8f60-fad7-4b8f-b633-510b49c07cf5-0000000b cancelled=False
  voucher mid=12 aid=12 Journal/6/20261002 guid=2bbc8f60-fad7-4b8f-b633-510b49c07cf5-0000000c cancelled=False
  voucher mid=13 aid=13 Journal/7/20261002 guid=2bbc8f60-fad7-4b8f-b633-510b49c07cf5-0000000d cancelled=False
  voucher mid=14 aid=25 Sales/1/20261002 guid=2bbc8f60-fad7-4b8f-b633-510b49c07cf5-0000000e cancelled=False
  voucher mid=15 aid=15 Sales/2/20261002 guid=2bbc8f60-fad7-4b8f-b633-510b49c07cf5-0000000f cancelled=False
  voucher mid=16 aid=16 Sales/3/20261002 guid=2bbc8f60-fad7-4b8f-b633-510b49c07cf5-00000010 cancelled=False
  voucher mid=17 aid=17 Purchase/1/20261002 guid=2bbc8f60-fad7-4b8f-b633-510b49c07cf5-00000011 cancelled=False
  voucher mid=18 aid=18 Purchase/2/20261002 guid=2bbc8f60-fad7-4b8f-b633-510b49c07cf5-00000012 cancelled=False
  voucher mid=19 aid=19 Sales/4/20261002 guid=2bbc8f60-fad7-4b8f-b633-510b49c07cf5-00000013 cancelled=False
  voucher mid=20 aid=20 Purchase/3/20261002 guid=2bbc8f60-fad7-4b8f-b633-510b49c07cf5-00000014 cancelled=False
  voucher mid=21 aid=21 Credit Note/1/20261002 guid=2bbc8f60-fad7-4b8f-b633-510b49c07cf5-00000015 cancelled=False
  voucher mid=22 aid=22 Journal/8/20261002 guid=2bbc8f60-fad7-4b8f-b633-510b49c07cf5-00000016 cancelled=False
  voucher mid=23 aid=23 Receipt/3/20261002 guid=2bbc8f60-fad7-4b8f-b633-510b49c07cf5-00000017 cancelled=False
  INFO share alter-sales-new (alteration: the New Ref sales invoice saved again unchanged (opened, Ctrl+A)): Tally Sales 1 mid 14; stored party 'Share Party' bills [New Ref,New Ref]; the line party 'Share Party' bills [New Ref]; lines voucher_accept_post x1, voucher_accept_pre x1, voucher_full x1
[19:37:11] ---- share alter-receipt-agst: alteration: the receipt against SB-1 saved again unchanged (opened, Ctrl+A)
  voucher mid=1 aid=1 Journal/1/20260401 guid=2bbc8f60-fad7-4b8f-b633-510b49c07cf5-00000001 cancelled=False
  voucher mid=2 aid=2 Journal/2/20261001 guid=2bbc8f60-fad7-4b8f-b633-510b49c07cf5-00000002 cancelled=False
  voucher mid=3 aid=3 Journal/3/20261001 guid=2bbc8f60-fad7-4b8f-b633-510b49c07cf5-00000003 cancelled=False
  voucher mid=4 aid=4 Journal/4/20261001 guid=2bbc8f60-fad7-4b8f-b633-510b49c07cf5-00000004 cancelled=False
  voucher mid=5 aid=5 Journal/5/20261001 guid=2bbc8f60-fad7-4b8f-b633-510b49c07cf5-00000005 cancelled=False
  voucher mid=6 aid=6 Payroll/1/20261001 guid=2bbc8f60-fad7-4b8f-b633-510b49c07cf5-00000006 cancelled=False
  voucher mid=7 aid=7 Receipt/1/20261002 guid=2bbc8f60-fad7-4b8f-b633-510b49c07cf5-00000007 cancelled=False
  voucher mid=8 aid=24 Receipt/2/20261002 guid=2bbc8f60-fad7-4b8f-b633-510b49c07cf5-00000008 cancelled=False
  voucher mid=9 aid=9 Payment/1/20261002 guid=2bbc8f60-fad7-4b8f-b633-510b49c07cf5-00000009 cancelled=False
  voucher mid=10 aid=10 Payment/2/20261002 guid=2bbc8f60-fad7-4b8f-b633-510b49c07cf5-0000000a cancelled=False
  voucher mid=11 aid=11 Contra/1/20261002 guid=2bbc8f60-fad7-4b8f-b633-510b49c07cf5-0000000b cancelled=False
  voucher mid=12 aid=12 Journal/6/20261002 guid=2bbc8f60-fad7-4b8f-b633-510b49c07cf5-0000000c cancelled=False
  voucher mid=13 aid=13 Journal/7/20261002 guid=2bbc8f60-fad7-4b8f-b633-510b49c07cf5-0000000d cancelled=False
  voucher mid=14 aid=25 Sales/1/20261002 guid=2bbc8f60-fad7-4b8f-b633-510b49c07cf5-0000000e cancelled=False
  voucher mid=15 aid=15 Sales/2/20261002 guid=2bbc8f60-fad7-4b8f-b633-510b49c07cf5-0000000f cancelled=False
  voucher mid=16 aid=16 Sales/3/20261002 guid=2bbc8f60-fad7-4b8f-b633-510b49c07cf5-00000010 cancelled=False
  voucher mid=17 aid=17 Purchase/1/20261002 guid=2bbc8f60-fad7-4b8f-b633-510b49c07cf5-00000011 cancelled=False
  voucher mid=18 aid=18 Purchase/2/20261002 guid=2bbc8f60-fad7-4b8f-b633-510b49c07cf5-00000012 cancelled=False
  voucher mid=19 aid=19 Sales/4/20261002 guid=2bbc8f60-fad7-4b8f-b633-510b49c07cf5-00000013 cancelled=False
  voucher mid=20 aid=20 Purchase/3/20261002 guid=2bbc8f60-fad7-4b8f-b633-510b49c07cf5-00000014 cancelled=False
  voucher mid=21 aid=21 Credit Note/1/20261002 guid=2bbc8f60-fad7-4b8f-b633-510b49c07cf5-00000015 cancelled=False
  voucher mid=22 aid=22 Journal/8/20261002 guid=2bbc8f60-fad7-4b8f-b633-510b49c07cf5-00000016 cancelled=False
  voucher mid=23 aid=23 Receipt/3/20261002 guid=2bbc8f60-fad7-4b8f-b633-510b49c07cf5-00000017 cancelled=False
[shot] tds-546-gw0 (1024x768)
[19:37:11] [tds] screen tds-546-gw0 : x TallyPrime MANAGE EDU K: Company Gatewa of Tall CURRENT PERIOD I-Apr-26 to 31-Mar-27 NAME OF COMPANY FinCom Spike Co Y: Data Z: Exchange CURRENT OATE Friday, 2-Oct-2026 O: Import E: Export M: Share p: print Fl: Help Date o 3371a Gateway of Tally MASTERS Create Alter CHart of Accounts TRANSACTIONS Vouchers Day 800K UTILITIES BaNking REPORTS Balance Sheet Profit & Loss A/c Stock Summary Ratio Analysis Display More Reports DashbOard Quit Unity Q 2-Oct-26 Search Company o run 3b4-9 2731- acep 2+67- 2731- acep .337. ning 17523 ing j _id" : 1-01" 2+67- Mode Windows Server 2025 Datacenter Build 261...
[keys] '%g' -> Tally 'TallyPrime:9000'
[shot] tds-547-A2-goto (1024x768)
[19:37:15] [tds] screen tds-547-A2-goto : x R CEDU TallyPrime MANAGE K: Company List of Re Y: Data Its Z: Exchange O: Import E: Export M: Share p: print Fl: Help x FinCom Spike Co (Predefined) (Predefined) (Predefined) Saved Views Purchase Dashboard Sales Dashboard Outstanding MSME Bills Common Reports Dashboard Balance Sheet Profit & Loss A/c Cash/Bank Book Day Book Ledger Vouchers Stock Summary Trial Balance Bills Receivable Bills Payable Master and Voucher Statistics Stock Query Chart of Accounts Final Accounts Reports Receivables & Payables Reports Banking Utilities Ledger Reports Q Create Voucher Create Master Alter Master Expand...
[keys] 'Day Book' -> Tally 'TallyPrime:9000'
[keys] '{ENTER}' -> Tally 'TallyPrime:9000'
[shot] tds-548-A2-daybook (1024x768)
[19:37:22] [tds] screen tds-548-A2-daybook : x TallyPrime MANAGE EDU K: Company Da Book • Day Book Y: Data Space: Sekd Z: Exchange A Add Vch Q Search FinCom • ke Co Vch Type Contra Payment Payment Receipt Receipt Receipt Journal Journal Journal Credit Note Sales Sales Sales Sales Purchase Purchase Purchase O: Import Vch No. 1 1 2 1 2 3 6 7 8 1 1 2 3 4 1 2 3 E: Export M: Share P: Print For 2-Oct-26 Date 2-Oct-26 2-Oct-26 2-Oct-26 2-Oct-26 2-Oct-26 2-Oct-26 2-Oct-26 2-Oct-26 2-Oct-26 2-Oct-26 2-Oct-26 2-Oct-26 2-Oct-26 2-Oct-26 2-Oct-26 2-Oct-26 2-Oct-26 Unity Quit Particulars Cash Share Supplier Share Expense Share Party Spike Income Spik...
[keys] '{F2}' -> Tally 'TallyPrime:9000'
[shot] tds-549-A2-db-date (1024x768)
[19:37:25] [tds] screen tds-549-A2-db-date : TallyPrime MANAGE EDU K: Company Change Date Unity Quit Y: Data Z: Exchange A Accept Q Search O: Import E: Export M: Share p: print x Fl: Help FinCom Spike Co Change Date 2-10-2026 o 3371a o run 3b4-9 2731- acep 2+67- 2731- acep .337. ning 17523 ing j _id" : 1-01" 2+67- Mode Windows Server 2025 Datacenter Build 26100.ge_release240331-1435 7•.37 PM 10/8/2026
[keys] '2-10-2026{ENTER}' -> Tally 'TallyPrime:9000'
[shot] tds-550-A2-db-dated (1024x768)
[19:37:30] [tds] screen tds-550-A2-db-dated : x TallyPrime MANAGE EDU K: Company Da Book • Day Book Y: Data Space: Sekd Z: Exchange A Add Vch Q Search FinCom • ke Co Vch Type Contra Payment Payment Receipt Receipt Receipt Journal Journal Journal Credit Note Sales Sales Sales Sales Purchase Purchase Purchase O: Import Vch No. 1 1 2 1 2 3 6 7 8 1 1 2 3 4 1 2 3 E: Export M: Share P: Print For 2-Oct-26 Date 2-Oct-26 2-Oct-26 2-Oct-26 2-Oct-26 2-Oct-26 2-Oct-26 2-Oct-26 2-Oct-26 2-Oct-26 2-Oct-26 2-Oct-26 2-Oct-26 2-Oct-26 2-Oct-26 2-Oct-26 2-Oct-26 2-Oct-26 Unity Quit Particulars Cash Share Supplier Share Expense Share Party Spike Income Spik...
[keys] '{F4}' -> Tally 'TallyPrime:9000'
[shot] tds-551-A2-db-type (1024x768)
[19:37:34] [tds] screen tds-551-A2-db-type : TallyPrime MANAGE EDU K: Company Change Voucher Type Unity Quit Y: Data Z: Exchange FinCom • ke Co Name of VoucherType O: Import Create E: Export M: Share p: print x Fl: Help Voucher T • All Items Contra Credit Note Debit Note Journal s Memorandum Payment Physical Stock Purchase Receipt Reversing Journal Sales Stock Journal A Accept Q Search o 3371a o run 3b4-9 2731- acep 2+67- 2731- acep .337. ning 17523 ing j _id" : 1-01" 2+67- Mode Windows Server 2025 Datacenter Build 26100.ge_release240331-1435 7•.37 PM 10/8/2026
[keys] 'Receipt{ENTER}' -> Tally 'TallyPrime:9000'
[shot] tds-552-A2-db-typed (1024x768)
[19:37:38] [tds] screen tds-552-A2-db-typed : x TallyPrime MANAGE EDU K: Company Da Book • List of Receipt Vouchers Y: Data Space: Sekd Z: Exchange A Add Vch Q Search FinCom • ke Co Vch Type Receipt Receipt Receipt O: Import Vch No. 1 2 3 Total: E: Export M: Share P: Print For 2-Oct-26 Date 2-Oct-26 2-Oct-26 2-Oct-26 Unity Quit Particulars Share Party Spike Income Spike Income Enter: Alter Debit Amount DuÅicate Vch I Insert Vch Delete x: Cancel Vch Credit Amount 500.00 800.00 700.00 2,000.00 U: Restore Line Fl: Help F2: Date Company Voucher Type F 7: Show profit Columnar FIO B: Basis of = Values Change ¯ View Exception J: Reports Save Vie...
[keys] '{END}' -> Tally 'TallyPrime:9000'
[shot] tds-553-A2-db-last (1024x768)
[19:37:41] [tds] screen tds-553-A2-db-last : x TallyPrime MANAGE EDU K: Company Da Book • List of Receipt Vouchers Y: Data Space: Sekd Z: Exchange A Add Vch Q Search FinCom • ke Co Vch Type Receipt Receipt Receipt O: Import Vch No. 1 2 3 Total: E: Export M: Share P: Print For 2-Oct-26 Date 2-Oct-26 2-Oct-26 2-Oct-26 Unity Quit Particulars Share Party Spike Income Spike Income Enter: Alter Debit Amount DuÅicate Vch I Insert Vch Delete x: Cancel Vch Credit Amount 500.00 800.00 700.00 2,000.00 U: Restore Line Fl: Help F2: Date Company Voucher Type F 7: Show profit Columnar FIO B: Basis of = Values Change ¯ View Exception J: Reports Save Vie...
[keys] '{HOME}' -> Tally 'TallyPrime:9000'
[shot] tds-554-A2-first (1024x768)
[19:37:45] [tds] screen tds-554-A2-first : x TallyPrime MANAGE EDU K: Company Da Book • List of Receipt Vouchers Y: Data Space: Sekd Z: Exchange A Add Vch Q Search FinCom • ke Co Vch Type Receipt Receipt Receipt O: Import Vch No. 1 2 3 Total: E: Export M: Share P: Print For 2-Oct-26 Date 2-Oct-26 2-Oct-26 2-Oct-26 Unity Quit Particulars Share Party Spike Income Spike Income Enter: Alter Debit Amount DuÅicate Vch I Insert Vch Delete x: Cancel Vch Credit Amount 500.00 800.00 700.00 2,000.00 U: Restore Line Fl: Help F2: Date Company Voucher Type F 7: Show profit Columnar FIO B: Basis of = Values Change ¯ View Exception J: Reports Save Vie...
[keys] '{ENTER}' -> Tally 'TallyPrime:9000'
[shot] tds-555-A2-open (1024x768)
[19:37:49] [tds] screen tds-555-A2-open : x O: Import cb Unity TallyPrime MANAGE EDU K: Company Y: Data Accounting Voucher Alteration (Secondary Recei t Account Cash Current balance: 1, 100.00 Dr Particulars Share Party CurBal: 4,400.00 Dr Agst Ref SB-I Narration: share receipt agst Quit Z: Exchange 500.00 Cr A Accept Q Search E: Export M: Share FinCom • ke Co D: p: print x 2-Oct-26 Friday Amount 500.00 500.00 Fl: Help Q: Date Company Ed: Contra Payment F-6: Receipt : Journal Sales o 3371a o run 3b4-9 2731- acep 2+67- Purchase 2731- Fl O: OåuVooctgs E: Autofill Change Mode More Details O: Related ¯ Repons Optional post -Dated J: Stat ...
[keys] '^a' -> Tally 'TallyPrime:9000'
[shot] tds-556-A2-accept1 (1024x768)
[19:37:54] [tds] screen tds-556-A2-accept1 : x TallyPrime MANAGE EDU K: Company Da Book • List of Receipt Vouchers Y: Data Space: Sekd Z: Exchange A Add Vch Q Search FinCom • ke Co Vch Type Receipt Receipt Receipt O: Import Vch No. 1 2 3 Total: E: Export M: Share P: Print For 2-Oct-26 Date 2-Oct-26 2-Oct-26 2-Oct-26 Unity Quit Particulars Share Party Spike Income Spike Income Enter: Alter Debit Amount DuÅicate Vch I Insert Vch Delete x: Cancel Vch Credit Amount 500.00 800.00 700.00 2,000.00 U: Restore Line Fl: Help F2: Date Company Voucher Type F 7: Show profit Columnar FIO B: Basis of = Values Change ¯ View Exception J: Reports Save Vie...
[shot] tds-557-A2-after1 (1024x768)
[19:37:55] [tds] screen tds-557-A2-after1 : x TallyPrime MANAGE EDU K: Company Da Book • List of Receipt Vouchers Y: Data Space: Sekd Z: Exchange A Add Vch Q Search FinCom • ke Co Vch Type Receipt Receipt Receipt O: Import Vch No. 1 2 3 Total: E: Export M: Share P: Print For 2-Oct-26 Date 2-Oct-26 2-Oct-26 2-Oct-26 Unity Quit Particulars Share Party Spike Income Spike Income Enter: Alter Debit Amount DuÅicate Vch I Insert Vch Delete x: Cancel Vch Credit Amount 500.00 800.00 700.00 2,000.00 U: Restore Line Fl: Help F2: Date Company Voucher Type F 7: Show profit Columnar FIO B: Basis of = Values Change ¯ View Exception J: Reports Save Vie...
[shot] tds-558-gw0 (1024x768)
[19:37:55] [tds] screen tds-558-gw0 : x TallyPrime MANAGE EDU K: Company Da Book • List of Receipt Vouchers Y: Data Space: Sekd Z: Exchange A Add Vch Q Search FinCom • ke Co Vch Type Receipt Receipt Receipt O: Import Vch No. 1 2 3 Total: E: Export M: Share P: Print For 2-Oct-26 Date 2-Oct-26 2-Oct-26 2-Oct-26 Unity Quit Particulars Share Party Spike Income Spike Income Enter: Alter Debit Amount DuÅicate Vch I Insert Vch Delete x: Cancel Vch Credit Amount 500.00 800.00 700.00 2,000.00 U: Restore Line Fl: Help F2: Date Company Voucher Type F 7: Show profit Columnar FIO B: Basis of = Values Change ¯ View Exception J: Reports Save Vie...
[keys] '{ESC}' -> Tally 'TallyPrime:9000'
[shot] tds-559-gw1 (1024x768)
[19:37:59] [tds] screen tds-559-gw1 : x TallyPrime MANAGE EDU K: Company Gatewa of Tall CURRENT PERIOD I-Apr-26 to 31-Mar-27 NAME OF COMPANY FinCom Spike Co Y: Data Z: Exchange CURRENT OATE Friday, 2-Oct-2026 O: Import E: Export M: Share p: print Fl: Help Date o 3371a Gateway of Tally MASTERS Create Alter CHart of Accounts TRANSACTIONS Vouchers Day 800K UTILITIES BaNking REPORTS Balance Sheet Profit & Loss A/c Stock Summary Ratio Analysis Display More Reports DashbOard Quit Unity Q 2-Oct-26 Search Company o run 3b4-9 2731- acep 2+67- 2731- acep .337. ning 17523 ing j _id" : 1-01" 2+67- Mode Windows Server 2025 Datacenter Build 261...
  voucher mid=1 aid=1 Journal/1/20260401 guid=2bbc8f60-fad7-4b8f-b633-510b49c07cf5-00000001 cancelled=False
  voucher mid=2 aid=2 Journal/2/20261001 guid=2bbc8f60-fad7-4b8f-b633-510b49c07cf5-00000002 cancelled=False
  voucher mid=3 aid=3 Journal/3/20261001 guid=2bbc8f60-fad7-4b8f-b633-510b49c07cf5-00000003 cancelled=False
  voucher mid=4 aid=4 Journal/4/20261001 guid=2bbc8f60-fad7-4b8f-b633-510b49c07cf5-00000004 cancelled=False
  voucher mid=5 aid=5 Journal/5/20261001 guid=2bbc8f60-fad7-4b8f-b633-510b49c07cf5-00000005 cancelled=False
  voucher mid=6 aid=6 Payroll/1/20261001 guid=2bbc8f60-fad7-4b8f-b633-510b49c07cf5-00000006 cancelled=False
  voucher mid=7 aid=26 Receipt/1/20261002 guid=2bbc8f60-fad7-4b8f-b633-510b49c07cf5-00000007 cancelled=False
  voucher mid=8 aid=24 Receipt/2/20261002 guid=2bbc8f60-fad7-4b8f-b633-510b49c07cf5-00000008 cancelled=False
  voucher mid=9 aid=9 Payment/1/20261002 guid=2bbc8f60-fad7-4b8f-b633-510b49c07cf5-00000009 cancelled=False
  voucher mid=10 aid=10 Payment/2/20261002 guid=2bbc8f60-fad7-4b8f-b633-510b49c07cf5-0000000a cancelled=False
  voucher mid=11 aid=11 Contra/1/20261002 guid=2bbc8f60-fad7-4b8f-b633-510b49c07cf5-0000000b cancelled=False
  voucher mid=12 aid=12 Journal/6/20261002 guid=2bbc8f60-fad7-4b8f-b633-510b49c07cf5-0000000c cancelled=False
  voucher mid=13 aid=13 Journal/7/20261002 guid=2bbc8f60-fad7-4b8f-b633-510b49c07cf5-0000000d cancelled=False
  voucher mid=14 aid=25 Sales/1/20261002 guid=2bbc8f60-fad7-4b8f-b633-510b49c07cf5-0000000e cancelled=False
  voucher mid=15 aid=15 Sales/2/20261002 guid=2bbc8f60-fad7-4b8f-b633-510b49c07cf5-0000000f cancelled=False
  voucher mid=16 aid=16 Sales/3/20261002 guid=2bbc8f60-fad7-4b8f-b633-510b49c07cf5-00000010 cancelled=False
  voucher mid=17 aid=17 Purchase/1/20261002 guid=2bbc8f60-fad7-4b8f-b633-510b49c07cf5-00000011 cancelled=False
  voucher mid=18 aid=18 Purchase/2/20261002 guid=2bbc8f60-fad7-4b8f-b633-510b49c07cf5-00000012 cancelled=False
  voucher mid=19 aid=19 Sales/4/20261002 guid=2bbc8f60-fad7-4b8f-b633-510b49c07cf5-00000013 cancelled=False
  voucher mid=20 aid=20 Purchase/3/20261002 guid=2bbc8f60-fad7-4b8f-b633-510b49c07cf5-00000014 cancelled=False
  voucher mid=21 aid=21 Credit Note/1/20261002 guid=2bbc8f60-fad7-4b8f-b633-510b49c07cf5-00000015 cancelled=False
  voucher mid=22 aid=22 Journal/8/20261002 guid=2bbc8f60-fad7-4b8f-b633-510b49c07cf5-00000016 cancelled=False
  voucher mid=23 aid=23 Receipt/3/20261002 guid=2bbc8f60-fad7-4b8f-b633-510b49c07cf5-00000017 cancelled=False
  INFO share alter-receipt-agst (alteration: the receipt against SB-1 saved again unchanged (opened, Ctrl+A)): Tally Receipt 1 mid 7; stored party 'Share Party' bills [Agst Ref]; the line party 'Share Party' bills [Agst Ref]; lines voucher_accept_post x1, voucher_accept_pre x1, voucher_full x1
  voucher mid=1 aid=1 Journal/1/20260401 guid=2bbc8f60-fad7-4b8f-b633-510b49c07cf5-00000001 cancelled=False
  voucher mid=2 aid=2 Journal/2/20261001 guid=2bbc8f60-fad7-4b8f-b633-510b49c07cf5-00000002 cancelled=False
  voucher mid=3 aid=3 Journal/3/20261001 guid=2bbc8f60-fad7-4b8f-b633-510b49c07cf5-00000003 cancelled=False
  voucher mid=4 aid=4 Journal/4/20261001 guid=2bbc8f60-fad7-4b8f-b633-510b49c07cf5-00000004 cancelled=False
  voucher mid=5 aid=5 Journal/5/20261001 guid=2bbc8f60-fad7-4b8f-b633-510b49c07cf5-00000005 cancelled=False
  voucher mid=6 aid=6 Payroll/1/20261001 guid=2bbc8f60-fad7-4b8f-b633-510b49c07cf5-00000006 cancelled=False
  voucher mid=7 aid=26 Receipt/1/20261002 guid=2bbc8f60-fad7-4b8f-b633-510b49c07cf5-00000007 cancelled=False
  voucher mid=8 aid=24 Receipt/2/20261002 guid=2bbc8f60-fad7-4b8f-b633-510b49c07cf5-00000008 cancelled=False
  voucher mid=9 aid=9 Payment/1/20261002 guid=2bbc8f60-fad7-4b8f-b633-510b49c07cf5-00000009 cancelled=False
  voucher mid=10 aid=10 Payment/2/20261002 guid=2bbc8f60-fad7-4b8f-b633-510b49c07cf5-0000000a cancelled=False
  voucher mid=11 aid=11 Contra/1/20261002 guid=2bbc8f60-fad7-4b8f-b633-510b49c07cf5-0000000b cancelled=False
  voucher mid=12 aid=12 Journal/6/20261002 guid=2bbc8f60-fad7-4b8f-b633-510b49c07cf5-0000000c cancelled=False
  voucher mid=13 aid=13 Journal/7/20261002 guid=2bbc8f60-fad7-4b8f-b633-510b49c07cf5-0000000d cancelled=False
  voucher mid=14 aid=25 Sales/1/20261002 guid=2bbc8f60-fad7-4b8f-b633-510b49c07cf5-0000000e cancelled=False
  voucher mid=15 aid=15 Sales/2/20261002 guid=2bbc8f60-fad7-4b8f-b633-510b49c07cf5-0000000f cancelled=False
  voucher mid=16 aid=16 Sales/3/20261002 guid=2bbc8f60-fad7-4b8f-b633-510b49c07cf5-00000010 cancelled=False
  voucher mid=17 aid=17 Purchase/1/20261002 guid=2bbc8f60-fad7-4b8f-b633-510b49c07cf5-00000011 cancelled=False
  voucher mid=18 aid=18 Purchase/2/20261002 guid=2bbc8f60-fad7-4b8f-b633-510b49c07cf5-00000012 cancelled=False
  voucher mid=19 aid=19 Sales/4/20261002 guid=2bbc8f60-fad7-4b8f-b633-510b49c07cf5-00000013 cancelled=False
  voucher mid=20 aid=20 Purchase/3/20261002 guid=2bbc8f60-fad7-4b8f-b633-510b49c07cf5-00000014 cancelled=False
  voucher mid=21 aid=21 Credit Note/1/20261002 guid=2bbc8f60-fad7-4b8f-b633-510b49c07cf5-00000015 cancelled=False
  voucher mid=22 aid=22 Journal/8/20261002 guid=2bbc8f60-fad7-4b8f-b633-510b49c07cf5-00000016 cancelled=False
  voucher mid=23 aid=23 Receipt/3/20261002 guid=2bbc8f60-fad7-4b8f-b633-510b49c07cf5-00000017 cancelled=False
[19:38:02] ---- share copy-payroll: Alt+2 copy of the payroll entry (five employees, two pay heads)
  voucher mid=1 aid=1 Journal/1/20260401 guid=2bbc8f60-fad7-4b8f-b633-510b49c07cf5-00000001 cancelled=False
  voucher mid=2 aid=2 Journal/2/20261001 guid=2bbc8f60-fad7-4b8f-b633-510b49c07cf5-00000002 cancelled=False
  voucher mid=3 aid=3 Journal/3/20261001 guid=2bbc8f60-fad7-4b8f-b633-510b49c07cf5-00000003 cancelled=False
  voucher mid=4 aid=4 Journal/4/20261001 guid=2bbc8f60-fad7-4b8f-b633-510b49c07cf5-00000004 cancelled=False
  voucher mid=5 aid=5 Journal/5/20261001 guid=2bbc8f60-fad7-4b8f-b633-510b49c07cf5-00000005 cancelled=False
  voucher mid=6 aid=6 Payroll/1/20261001 guid=2bbc8f60-fad7-4b8f-b633-510b49c07cf5-00000006 cancelled=False
  voucher mid=7 aid=26 Receipt/1/20261002 guid=2bbc8f60-fad7-4b8f-b633-510b49c07cf5-00000007 cancelled=False
  voucher mid=8 aid=24 Receipt/2/20261002 guid=2bbc8f60-fad7-4b8f-b633-510b49c07cf5-00000008 cancelled=False
  voucher mid=9 aid=9 Payment/1/20261002 guid=2bbc8f60-fad7-4b8f-b633-510b49c07cf5-00000009 cancelled=False
  voucher mid=10 aid=10 Payment/2/20261002 guid=2bbc8f60-fad7-4b8f-b633-510b49c07cf5-0000000a cancelled=False
  voucher mid=11 aid=11 Contra/1/20261002 guid=2bbc8f60-fad7-4b8f-b633-510b49c07cf5-0000000b cancelled=False
  voucher mid=12 aid=12 Journal/6/20261002 guid=2bbc8f60-fad7-4b8f-b633-510b49c07cf5-0000000c cancelled=False
  voucher mid=13 aid=13 Journal/7/20261002 guid=2bbc8f60-fad7-4b8f-b633-510b49c07cf5-0000000d cancelled=False
  voucher mid=14 aid=25 Sales/1/20261002 guid=2bbc8f60-fad7-4b8f-b633-510b49c07cf5-0000000e cancelled=False
  voucher mid=15 aid=15 Sales/2/20261002 guid=2bbc8f60-fad7-4b8f-b633-510b49c07cf5-0000000f cancelled=False
  voucher mid=16 aid=16 Sales/3/20261002 guid=2bbc8f60-fad7-4b8f-b633-510b49c07cf5-00000010 cancelled=False
  voucher mid=17 aid=17 Purchase/1/20261002 guid=2bbc8f60-fad7-4b8f-b633-510b49c07cf5-00000011 cancelled=False
  voucher mid=18 aid=18 Purchase/2/20261002 guid=2bbc8f60-fad7-4b8f-b633-510b49c07cf5-00000012 cancelled=False
  voucher mid=19 aid=19 Sales/4/20261002 guid=2bbc8f60-fad7-4b8f-b633-510b49c07cf5-00000013 cancelled=False
  voucher mid=20 aid=20 Purchase/3/20261002 guid=2bbc8f60-fad7-4b8f-b633-510b49c07cf5-00000014 cancelled=False
  voucher mid=21 aid=21 Credit Note/1/20261002 guid=2bbc8f60-fad7-4b8f-b633-510b49c07cf5-00000015 cancelled=False
  voucher mid=22 aid=22 Journal/8/20261002 guid=2bbc8f60-fad7-4b8f-b633-510b49c07cf5-00000016 cancelled=False
  voucher mid=23 aid=23 Receipt/3/20261002 guid=2bbc8f60-fad7-4b8f-b633-510b49c07cf5-00000017 cancelled=False
[shot] tds-560-gw0 (1024x768)
[19:38:03] [tds] screen tds-560-gw0 : x TallyPrime MANAGE EDU K: Company Gatewa of Tall CURRENT PERIOD I-Apr-26 to 31-Mar-27 NAME OF COMPANY FinCom Spike Co Y: Data Z: Exchange CURRENT OATE Friday, 2-Oct-2026 O: Import E: Export M: Share p: print Fl: Help Date o 3371a Gateway of Tally MASTERS Create Alter CHart of Accounts TRANSACTIONS Vouchers Day 800K UTILITIES BaNking REPORTS Balance Sheet Profit & Loss A/c Stock Summary Ratio Analysis Display More Reports DashbOard Quit Unity Q 2-Oct-26 Search Company o run 3b4-9 2731- acep 2+67- 2731- acep .337. ning 17523 ing j _id" : 1-01" 2+67- Mode Windows Server 2025 Datacenter Build 261...
[keys] '%g' -> Tally 'TallyPrime:9000'
[shot] tds-561-Y1-goto (1024x768)
[19:38:07] [tds] screen tds-561-Y1-goto : x R CEDU TallyPrime MANAGE K: Company List of Re Y: Data Its Z: Exchange O: Import E: Export M: Share p: print Fl: Help x FinCom Spike Co (Predefined) (Predefined) (Predefined) Saved Views Purchase Dashboard Sales Dashboard Outstanding MSME Bills Common Reports Dashboard Balance Sheet Profit & Loss A/c Cash/Bank Book Day Book Ledger Vouchers Stock Summary Trial Balance Bills Receivable Bills Payable Master and Voucher Statistics Stock Query Chart of Accounts Final Accounts Reports Receivables & Payables Reports Banking Utilities Ledger Reports Q Create Voucher Create Master Alter Master Expand...
[keys] 'Day Book' -> Tally 'TallyPrime:9000'
[keys] '{ENTER}' -> Tally 'TallyPrime:9000'
[shot] tds-562-Y1-daybook (1024x768)
[19:38:14] [tds] screen tds-562-Y1-daybook : x TallyPrime MANAGE EDU K: Company Da Book • Day Book Y: Data Space: Sekd Z: Exchange A Add Vch Q Search FinCom • ke Co Vch Type Contra Payment Payment Receipt Receipt Receipt Journal Journal Journal Credit Note Sales Sales Sales Sales Purchase Purchase Purchase O: Import Vch No. 1 1 2 1 2 3 6 7 8 1 1 2 3 4 1 2 3 E: Export M: Share P: Print For 2-Oct-26 Date 2-Oct-26 2-Oct-26 2-Oct-26 2-Oct-26 2-Oct-26 2-Oct-26 2-Oct-26 2-Oct-26 2-Oct-26 2-Oct-26 2-Oct-26 2-Oct-26 2-Oct-26 2-Oct-26 2-Oct-26 2-Oct-26 2-Oct-26 Unity Quit Particulars Cash Share Supplier Share Expense Share Party Spike Income Spik...
[keys] '{F2}' -> Tally 'TallyPrime:9000'
[shot] tds-563-Y1-db-date (1024x768)
[19:38:17] [tds] screen tds-563-Y1-db-date : TallyPrime MANAGE EDU K: Company Change Date Unity Quit Y: Data Z: Exchange A Accept Q Search O: Import E: Export M: Share p: print x Fl: Help FinCom Spike Co Change Date 2-10-2026 o 3371a o run 3b4-9 2731- acep 2+67- 2731- acep .337. ning 17523 ing j _id" : 1-01" 2+67- Mode Windows Server 2025 Datacenter Build 26100.ge_release240331-1435 7:38 PM 10/8/2026
[keys] '1-10-2026{ENTER}' -> Tally 'TallyPrime:9000'
[shot] tds-564-Y1-db-dated (1024x768)
[19:38:22] [tds] screen tds-564-Y1-db-dated : x TallyPrime MANAGE EDU K: Company Da Book • Day Book Y: Data Space: Sekd Z: Exchange A Add Vch Q Search FinCom • ke Co Vch Type Journal Journal Journal Journal Payroll O: Import Vch No. 2 3 4 5 1 E: Export M: Share P: Print For 10ct-26 Date I-Oct-26 I-Oct-26 I-Oct-26 I-Oct-26 I-Oct-26 Quit Particulars Share Party Share Supplier Share Party Share Supplier Share Basic Enter: Alter Debit Amount Credit Amount Inwards Qty_ Outwards Qt 5,000.00 1,000.00 5,000.00 4,000.00 1,000.00 U: Restore Line Fl: Help F2: Date Company Voucher Type F 7: Show profit F8: Columnar FIO Basis of B: Values Change ¯ Vie...
[keys] '{END}' -> Tally 'TallyPrime:9000'
[shot] tds-565-Y1-db-last (1024x768)
[19:38:25] [tds] screen tds-565-Y1-db-last : x TallyPrime MANAGE EDU K: Company Da Book • Day Book Y: Data Space: Sekd Z: Exchange A Add Vch Q Search FinCom • ke Co Vch Type Journal Journal Journal Journal Payroll O: Import Vch No. 2 3 4 5 E: Export M: Share P: Print For 10ct-26 Date I-Oct-26 I-Oct-26 I-Oct-26 I-Oct-26 I-Oct-26 Quit Particulars Share Party Share Supplier Share Party Share Supplier Share Basic Enter: Alter Debit Amount Credit Amount Inwards Qty_ Outwards Qt 5,000.00 1,000.00 5,000.00 4,000.00 1,000.00 U: Restore Line Fl: Help F2: Date Company Voucher Type F 7: Show profit F8: Columnar FIO Basis of B: Values Change ¯ View ...
[keys] '%2' -> Tally 'TallyPrime:9000'
[shot] tds-566-Y1-copy (1024x768)
[19:38:29] [tds] screen tds-566-Y1-copy : TallyPrime MANAGE EDU K: Company Y: Data Payroll Voucher Creation (Duplication) Unity Quit Z: Exchange FinCom Spike Co You need to enable the Payroll feature for your Company. Enable now? Yes or No Q Search O: Import E: Export M: Share p: print x Fl: Help o 3371a o run 3b4-9 2731- acep 2+67- 2731- acep .337. ning 17523 ing j _id" : 1-01" 2+67- Mode Windows Server 2025 Datacenter Build 26100.ge_release240331-1435 7:38 PM 10/8/2026
[keys] '^a' -> Tally 'TallyPrime:9000'
[shot] tds-567-Y1-accept1 (1024x768)
[19:38:34] [tds] screen tds-567-Y1-accept1 : x M: Share cb TallyPrime MANAGE EDU K: Company Y: Data Payroll Voucher Creation (Duplication) Pa roll No. 2 Z: Exchange 1,000.00 Dr CurBal: 500.00 Dr CurBal: 1,000.00 Dr CurBal: 500.00 Dr CurBal: 1,000.00 Dr CurBal: 500.00 Dr CurBal: 1,000.00 Dr CurBal: 500.00 Dr CurBal: 1,000.00 Dr CurBal: 500.00 Dr CurBal: A Accept Q Search FinCom Spike Co 1,000.00 Dr 500.00 Dr 1,000.00 Dr 500.00 Dr 1,000.00 Dr 500.00 Dr 1,000.00 Dr 500.00 Dr 1,000.00 Dr 500.00 Dr O: Import E: Export List of Led er Accounts Cash Share Bank p: print x Create Fl: Help Date o 3371a Company o run , Account CurBal: 7,500.00 Cr Pa...
[shot] tds-568-Y1-after1 (1024x768)
[19:38:35] [tds] screen tds-568-Y1-after1 : x M: Share cb TallyPrime MANAGE EDU K: Company Y: Data Payroll Voucher Creation (Duplication) Pa roll No. 2 Z: Exchange 1,000.00 Dr CurBal: 500.00 Dr CurBal: 1,000.00 Dr CurBal: 500.00 Dr CurBal: 1,000.00 Dr CurBal: 500.00 Dr CurBal: 1,000.00 Dr CurBal: 500.00 Dr CurBal: 1,000.00 Dr CurBal: 500.00 Dr CurBal: A Accept Q Search FinCom Spike Co 1,000.00 Dr 500.00 Dr 1,000.00 Dr 500.00 Dr 1,000.00 Dr 500.00 Dr 1,000.00 Dr 500.00 Dr 1,000.00 Dr 500.00 Dr O: Import E: Export List of Led er Accounts Cash Share Bank p: print x Create Fl: Help Date o 3371a Company o run , Account CurBal: 7,500.00 Cr Pa...
[keys] '^a' -> Tally 'TallyPrime:9000'
[shot] tds-569-Y1-accept2 (1024x768)
[19:38:39] [tds] screen tds-569-Y1-accept2 : x TallyPrime MANAGE EDU K: Company Da Book • Day Book Y: Data Space: Sekd Z: Exchange A Add Vch Q Search FinCom • ke Co Vch Type Journal Journal Journal Journal Payroll Payroll O: Import Vch No. 2 3 4 5 1 2 E: Export M: Share P: Print For 10ct-26 Date I-Oct-26 I-Oct-26 I-Oct-26 I-Oct-26 I-Oct-26 I-Oct-26 Quit Particulars Share Party Share Supplier Share Party Share Supplier Share Basic Share Basic Enter: Alter Debit Amount Credit Amount Inwards Qty_ Outwards Qt 5,000.00 1,000.00 5,000.00 5,000.00 4,000.00 1,000.00 U: Restore Line Fl: Help F2: Date Company Voucher Type F 7: Show profit F8: Colu...
[shot] tds-570-Y1-after2 (1024x768)
[19:38:40] [tds] screen tds-570-Y1-after2 : x TallyPrime MANAGE EDU K: Company Da Book • Day Book Y: Data Space: Sekd Z: Exchange A Add Vch Q Search FinCom • ke Co Vch Type Journal Journal Journal Journal Payroll Payroll O: Import Vch No. 2 3 4 5 1 2 E: Export M: Share P: Print For 10ct-26 Date I-Oct-26 I-Oct-26 I-Oct-26 I-Oct-26 I-Oct-26 I-Oct-26 Quit Particulars Share Party Share Supplier Share Party Share Supplier Share Basic Share Basic Enter: Alter Debit Amount Credit Amount Inwards Qty_ Outwards Qt 5,000.00 1,000.00 5,000.00 5,000.00 4,000.00 1,000.00 U: Restore Line Fl: Help F2: Date Company Voucher Type F 7: Show profit F8: Colu...
[shot] tds-571-gw0 (1024x768)
[19:38:41] [tds] screen tds-571-gw0 : x TallyPrime MANAGE EDU K: Company Da Book • Day Book Y: Data Space: Sekd Z: Exchange A Add Vch Q Search FinCom • ke Co Vch Type Journal Journal Journal Journal Payroll Payroll O: Import Vch No. 2 3 4 5 1 2 E: Export M: Share P: Print For 10ct-26 Date I-Oct-26 I-Oct-26 I-Oct-26 I-Oct-26 I-Oct-26 I-Oct-26 Quit Particulars Share Party Share Supplier Share Party Share Supplier Share Basic Share Basic Enter: Alter Debit Amount Credit Amount Inwards Qty_ Outwards Qt 5,000.00 1,000.00 5,000.00 5,000.00 4,000.00 1,000.00 U: Restore Line Fl: Help F2: Date Company Voucher Type F 7: Show profit F8: Colu...
[keys] '{ESC}' -> Tally 'TallyPrime:9000'
[shot] tds-572-gw1 (1024x768)
[19:38:45] [tds] screen tds-572-gw1 : x TallyPrime MANAGE EDU K: Company Gatewa of Tall CURRENT PERIOD I-Apr-26 to 31-Mar-27 NAME OF COMPANY FinCom Spike Co Y: Data Z: Exchange CURRENT OATE Thursday, I-Oct-2026 O: Import E: Export M: Share p: print Fl: Help Date o 3371a Gateway of Tally MASTERS Create Alter CHart of Accounts TRANSACTIONS Vouchers Day 800K UTILITIES BaNking REPORTS Balance Sheet Profit & Loss A/c Stock Summary Ratio Analysis Display More Reports DashbOard Quit Unity Q 2-Oct-26 Search Company o run 3b4-9 2731- acep 2+67- 2731- acep .337. ning 17523 ing j _id" : 1-01" 2+67- Mode Windows Server 2025 Datacenter Build 2...
  voucher mid=1 aid=1 Journal/1/20260401 guid=2bbc8f60-fad7-4b8f-b633-510b49c07cf5-00000001 cancelled=False
  voucher mid=2 aid=2 Journal/2/20261001 guid=2bbc8f60-fad7-4b8f-b633-510b49c07cf5-00000002 cancelled=False
  voucher mid=3 aid=3 Journal/3/20261001 guid=2bbc8f60-fad7-4b8f-b633-510b49c07cf5-00000003 cancelled=False
  voucher mid=4 aid=4 Journal/4/20261001 guid=2bbc8f60-fad7-4b8f-b633-510b49c07cf5-00000004 cancelled=False
  voucher mid=5 aid=5 Journal/5/20261001 guid=2bbc8f60-fad7-4b8f-b633-510b49c07cf5-00000005 cancelled=False
  voucher mid=6 aid=6 Payroll/1/20261001 guid=2bbc8f60-fad7-4b8f-b633-510b49c07cf5-00000006 cancelled=False
  voucher mid=24 aid=27 Payroll/2/20261001 guid=2bbc8f60-fad7-4b8f-b633-510b49c07cf5-00000018 cancelled=False
  voucher mid=7 aid=26 Receipt/1/20261002 guid=2bbc8f60-fad7-4b8f-b633-510b49c07cf5-00000007 cancelled=False
  voucher mid=8 aid=24 Receipt/2/20261002 guid=2bbc8f60-fad7-4b8f-b633-510b49c07cf5-00000008 cancelled=False
  voucher mid=9 aid=9 Payment/1/20261002 guid=2bbc8f60-fad7-4b8f-b633-510b49c07cf5-00000009 cancelled=False
  voucher mid=10 aid=10 Payment/2/20261002 guid=2bbc8f60-fad7-4b8f-b633-510b49c07cf5-0000000a cancelled=False
  voucher mid=11 aid=11 Contra/1/20261002 guid=2bbc8f60-fad7-4b8f-b633-510b49c07cf5-0000000b cancelled=False
  voucher mid=12 aid=12 Journal/6/20261002 guid=2bbc8f60-fad7-4b8f-b633-510b49c07cf5-0000000c cancelled=False
  voucher mid=13 aid=13 Journal/7/20261002 guid=2bbc8f60-fad7-4b8f-b633-510b49c07cf5-0000000d cancelled=False
  voucher mid=14 aid=25 Sales/1/20261002 guid=2bbc8f60-fad7-4b8f-b633-510b49c07cf5-0000000e cancelled=False
  voucher mid=15 aid=15 Sales/2/20261002 guid=2bbc8f60-fad7-4b8f-b633-510b49c07cf5-0000000f cancelled=False
  voucher mid=16 aid=16 Sales/3/20261002 guid=2bbc8f60-fad7-4b8f-b633-510b49c07cf5-00000010 cancelled=False
  voucher mid=17 aid=17 Purchase/1/20261002 guid=2bbc8f60-fad7-4b8f-b633-510b49c07cf5-00000011 cancelled=False
  voucher mid=18 aid=18 Purchase/2/20261002 guid=2bbc8f60-fad7-4b8f-b633-510b49c07cf5-00000012 cancelled=False
  voucher mid=19 aid=19 Sales/4/20261002 guid=2bbc8f60-fad7-4b8f-b633-510b49c07cf5-00000013 cancelled=False
  voucher mid=20 aid=20 Purchase/3/20261002 guid=2bbc8f60-fad7-4b8f-b633-510b49c07cf5-00000014 cancelled=False
  voucher mid=21 aid=21 Credit Note/1/20261002 guid=2bbc8f60-fad7-4b8f-b633-510b49c07cf5-00000015 cancelled=False
  voucher mid=22 aid=22 Journal/8/20261002 guid=2bbc8f60-fad7-4b8f-b633-510b49c07cf5-00000016 cancelled=False
  voucher mid=23 aid=23 Receipt/3/20261002 guid=2bbc8f60-fad7-4b8f-b633-510b49c07cf5-00000017 cancelled=False
  INFO share copy-payroll (Alt+2 copy of the payroll entry (five employees, two pay heads)): Tally Payroll 2 mid 24; stored party 'Cash' bills []; the line party 'Cash' bills []; lines voucher_accept_post x1, voucher_full x1
[19:38:48] ---- share alter-payroll: alteration: the payroll entry saved again unchanged (opened, Ctrl+A)
  voucher mid=1 aid=1 Journal/1/20260401 guid=2bbc8f60-fad7-4b8f-b633-510b49c07cf5-00000001 cancelled=False
  voucher mid=2 aid=2 Journal/2/20261001 guid=2bbc8f60-fad7-4b8f-b633-510b49c07cf5-00000002 cancelled=False
  voucher mid=3 aid=3 Journal/3/20261001 guid=2bbc8f60-fad7-4b8f-b633-510b49c07cf5-00000003 cancelled=False
  voucher mid=4 aid=4 Journal/4/20261001 guid=2bbc8f60-fad7-4b8f-b633-510b49c07cf5-00000004 cancelled=False
  voucher mid=5 aid=5 Journal/5/20261001 guid=2bbc8f60-fad7-4b8f-b633-510b49c07cf5-00000005 cancelled=False
  voucher mid=6 aid=6 Payroll/1/20261001 guid=2bbc8f60-fad7-4b8f-b633-510b49c07cf5-00000006 cancelled=False
  voucher mid=24 aid=27 Payroll/2/20261001 guid=2bbc8f60-fad7-4b8f-b633-510b49c07cf5-00000018 cancelled=False
  voucher mid=7 aid=26 Receipt/1/20261002 guid=2bbc8f60-fad7-4b8f-b633-510b49c07cf5-00000007 cancelled=False
  voucher mid=8 aid=24 Receipt/2/20261002 guid=2bbc8f60-fad7-4b8f-b633-510b49c07cf5-00000008 cancelled=False
  voucher mid=9 aid=9 Payment/1/20261002 guid=2bbc8f60-fad7-4b8f-b633-510b49c07cf5-00000009 cancelled=False
  voucher mid=10 aid=10 Payment/2/20261002 guid=2bbc8f60-fad7-4b8f-b633-510b49c07cf5-0000000a cancelled=False
  voucher mid=11 aid=11 Contra/1/20261002 guid=2bbc8f60-fad7-4b8f-b633-510b49c07cf5-0000000b cancelled=False
  voucher mid=12 aid=12 Journal/6/20261002 guid=2bbc8f60-fad7-4b8f-b633-510b49c07cf5-0000000c cancelled=False
  voucher mid=13 aid=13 Journal/7/20261002 guid=2bbc8f60-fad7-4b8f-b633-510b49c07cf5-0000000d cancelled=False
  voucher mid=14 aid=25 Sales/1/20261002 guid=2bbc8f60-fad7-4b8f-b633-510b49c07cf5-0000000e cancelled=False
  voucher mid=15 aid=15 Sales/2/20261002 guid=2bbc8f60-fad7-4b8f-b633-510b49c07cf5-0000000f cancelled=False
  voucher mid=16 aid=16 Sales/3/20261002 guid=2bbc8f60-fad7-4b8f-b633-510b49c07cf5-00000010 cancelled=False
  voucher mid=17 aid=17 Purchase/1/20261002 guid=2bbc8f60-fad7-4b8f-b633-510b49c07cf5-00000011 cancelled=False
  voucher mid=18 aid=18 Purchase/2/20261002 guid=2bbc8f60-fad7-4b8f-b633-510b49c07cf5-00000012 cancelled=False
  voucher mid=19 aid=19 Sales/4/20261002 guid=2bbc8f60-fad7-4b8f-b633-510b49c07cf5-00000013 cancelled=False
  voucher mid=20 aid=20 Purchase/3/20261002 guid=2bbc8f60-fad7-4b8f-b633-510b49c07cf5-00000014 cancelled=False
  voucher mid=21 aid=21 Credit Note/1/20261002 guid=2bbc8f60-fad7-4b8f-b633-510b49c07cf5-00000015 cancelled=False
  voucher mid=22 aid=22 Journal/8/20261002 guid=2bbc8f60-fad7-4b8f-b633-510b49c07cf5-00000016 cancelled=False
  voucher mid=23 aid=23 Receipt/3/20261002 guid=2bbc8f60-fad7-4b8f-b633-510b49c07cf5-00000017 cancelled=False
[shot] tds-573-gw0 (1024x768)
[19:38:49] [tds] screen tds-573-gw0 : x TallyPrime MANAGE EDU K: Company Gatewa of Tall CURRENT PERIOD I-Apr-26 to 31-Mar-27 NAME OF COMPANY FinCom Spike Co Y: Data Z: Exchange CURRENT OATE Thursday, I-Oct-2026 O: Import E: Export M: Share p: print Fl: Help Date o 3371a Gateway of Tally MASTERS Create Alter CHart of Accounts TRANSACTIONS Vouchers Day 800K UTILITIES BaNking REPORTS Balance Sheet Profit & Loss A/c Stock Summary Ratio Analysis Display More Reports DashbOard Quit Unity Q 2-Oct-26 Search Company o run 3b4-9 2731- acep 2+67- 2731- acep .337. ning 17523 ing j _id" : 1-01" 2+67- Mode Windows Server 2025 Datacenter Build 2...
[keys] '%g' -> Tally 'TallyPrime:9000'
[shot] tds-574-Y2-goto (1024x768)
[19:38:52] [tds] screen tds-574-Y2-goto : x R CEDU TallyPrime MANAGE K: Company List of Re Y: Data Its Z: Exchange O: Import E: Export M: Share p: print Fl: Help x FinCom Spike Co (Predefined) (Predefined) (Predefined) Saved Views Purchase Dashboard Sales Dashboard Outstanding MSME Bills Common Reports Dashboard Balance Sheet Profit & Loss A/c Cash/Bank Book Day Book Ledger Vouchers Stock Summary Trial Balance Bills Receivable Bills Payable Master and Voucher Statistics Stock Query Chart of Accounts Final Accounts Reports Receivables & Payables Reports Banking Utilities Ledger Reports Q Create Voucher Create Master Alter Master Expand...
[keys] 'Day Book' -> Tally 'TallyPrime:9000'
[keys] '{ENTER}' -> Tally 'TallyPrime:9000'
[shot] tds-575-Y2-daybook (1024x768)
[19:38:59] [tds] screen tds-575-Y2-daybook : x TallyPrime MANAGE EDU K: Company Da Book • Day Book Y: Data Space: Sekd Z: Exchange A Add Vch Q Search FinCom • ke Co Vch Type Journal Journal Journal Journal Payroll Payroll O: Import Vch No. 2 3 4 5 1 2 E: Export M: Share P: Print For 10ct-26 Date I-Oct-26 I-Oct-26 I-Oct-26 I-Oct-26 I-Oct-26 I-Oct-26 Quit Particulars Share Party Share Supplier Share Party Share Supplier Share Basic Share Basic Enter: Alter Debit Amount Credit Amount Inwards Qty_ Outwards Qt 5,000.00 1,000.00 5,000.00 5,000.00 4,000.00 1,000.00 U: Restore Line Fl: Help F2: Date Company Voucher Type F 7: Show profit F8: Colu...
[keys] '{F2}' -> Tally 'TallyPrime:9000'
[shot] tds-576-Y2-db-date (1024x768)
[19:39:03] [tds] screen tds-576-Y2-db-date : TallyPrime MANAGE EDU K: Company Change Date Unity Quit Y: Data Z: Exchange A Accept Q Search O: Import E: Export M: Share p: print x Fl: Help FinCom Spike Co Change Date 1-10-2026 o 3371a o run 3b4-9 2731- acep 2+67- 2731- acep .337. ning 17523 ing j _id" : 1-01" 2+67- Mode Windows Server 2025 Datacenter Build 26100.ge_release240331-1435 7:39 PM 10/8/2026
[keys] '1-10-2026{ENTER}' -> Tally 'TallyPrime:9000'
[shot] tds-577-Y2-db-dated (1024x768)
[19:39:07] [tds] screen tds-577-Y2-db-dated : x TallyPrime MANAGE EDU K: Company Da Book • Day Book Y: Data Space: Sekd Z: Exchange A Add Vch Q Search FinCom • ke Co Vch Type Journal Journal Journal Journal Payroll Payroll O: Import Vch No. 2 3 4 5 1 2 E: Export M: Share P: Print For 10ct-26 Date I-Oct-26 I-Oct-26 I-Oct-26 I-Oct-26 I-Oct-26 I-Oct-26 Quit Particulars Share Party Share Supplier Share Party Share Supplier Share Basic Share Basic Enter: Alter Debit Amount Credit Amount Inwards Qty_ Outwards Qt 5,000.00 1,000.00 5,000.00 5,000.00 4,000.00 1,000.00 U: Restore Line Fl: Help F2: Date Company Voucher Type F 7: Show profit F8: Colu...
[keys] '{END}' -> Tally 'TallyPrime:9000'
[shot] tds-578-Y2-db-last (1024x768)
[19:39:10] [tds] screen tds-578-Y2-db-last : x TallyPrime MANAGE EDU K: Company Da Book • Day Book Y: Data Space: Sekd Z: Exchange A Add Vch Q Search FinCom • ke Co Vch Type Journal Journal Journal Journal Payroll Payroll O: Import Vch No. 2 3 4 5 1 2 E: Export M: Share P: Print For 10ct-26 Date I-Oct-26 I-Oct-26 I-Oct-26 I-Oct-26 I-Oct-26 I-Oct-26 Quit Particulars Share Party Share Supplier Share Party Share Supplier Share Basic Share Basic Enter: Alter Debit Amount Credit Amount Inwards Qty_ Outwards Qt 5,000.00 1,000.00 5,000.00 5,000.00 4,000.00 1,000.00 U: Restore Line Fl: Help F2: Date Company Voucher Type F 7: Show profit F8: Colu...
[keys] '{UP}' -> Tally 'TallyPrime:9000'
[shot] tds-579-Y2-up (1024x768)
[19:39:14] [tds] screen tds-579-Y2-up : x TallyPrime MANAGE EDU K: Company Da Book • Day Book Y: Data Space: Sekd Z: Exchange A Add Vch Q Search FinCom • ke Co Vch Type Journal Journal Journal Journal Payroll Payroll O: Import Vch No. 2 3 4 5 1 2 E: Export M: Share P: Print For 10ct-26 Date I-Oct-26 I-Oct-26 I-Oct-26 I-Oct-26 I-Oct-26 I-Oct-26 Quit Particulars Share Party Share Supplier Share Party Share Supplier Share Basic Share Basic Enter: Alter Debit Amount Credit Amount Inwards Qty_ Outwards Qt 5,000.00 1,000.00 5,000.00 5,000.00 4,000.00 1,000.00 U: Restore Line Fl: Help F2: Date Company Voucher Type F 7: Show profit F8: Colu...
[keys] '{ENTER}' -> Tally 'TallyPrime:9000'
[shot] tds-580-Y2-open (1024x768)
[19:39:18] [tds] screen tds-580-Y2-open : x Z: Exchange cb TallyPrime MANAGE EDU K: Company Y: Data Payroll Voucher Alteration (Secondary) Pa roll No. 1 O: Import E: Export M: Share FinCom Spike Co p: print x a-Oct-26 Thursday Credit 7,500.00 7,500.00 Fl: Help Date o 3371a Company o run Dr Cr Particulars Share Basic CurBa1: 10,000.00 Dr Debit 5,000.00 2,500.00 7,500.00 F4: Contra F5: Payment Receipt Journal Sales 3b4-9 2731- acep 2+67- Share Emp 1 Share Emp 2 Share Emp 3 Share Emp 4 Share Emp 5 Share HRA CurBal: 5,000.00 Dr Share Emp 1 Share Emp 2 Share Emp 3 Share Emp 4 Share Emp 5 Share Salary Payable CurBal: 7,500.00 Cr 1,000.00 Dr...
[keys] '^a' -> Tally 'TallyPrime:9000'
[shot] tds-581-Y2-accept1 (1024x768)
[19:39:23] [tds] screen tds-581-Y2-accept1 : Z: Exchange cb TallyPrime MANAGE EDU K: Company Y: Data Payroll Voucher Alteration (Secondary) Pa roll No. 1 FinCom Spike Co O: Import E: Export List of Payroll Led ers Cash Share Bank Share Basic Share HRA M: Share p: print x Create Dr Particulars Share Basic CurBa1: 10,000.00 Dr Share Emp 1 Share Emp 2 Share Emp 3 Share Emp 4 Share Emp 5 Share HRA CurBal: 5,000.00 Dr Share Emp 1 Share Emp 2 Share Emp 3 Share Emp 4 Share Emp 5 Narration: share payroll template Unity Q: Quit 1,000.00 Dr 1,000.00 Dr 1,000.00 Dr 1,000.00 Dr 1,000.00 Dr 500.00 Dr 500.00 Dr 500.00 Dr 500.00 Dr 500.00 Dr A: Accept ...
[shot] tds-582-Y2-after1 (1024x768)
[19:39:24] [tds] screen tds-582-Y2-after1 : Z: Exchange cb TallyPrime MANAGE EDU K: Company Y: Data Payroll Voucher Alteration (Secondary) Pa roll No. 1 FinCom Spike Co O: Import E: Export List of Payroll Led ers Cash Share Bank Share Basic Share HRA M: Share p: print x Create Dr Particulars Share Basic CurBa1: 10,000.00 Dr Share Emp 1 Share Emp 2 Share Emp 3 Share Emp 4 Share Emp 5 Share HRA CurBal: 5,000.00 Dr Share Emp 1 Share Emp 2 Share Emp 3 Share Emp 4 Share Emp 5 Narration: share payroll template Unity Q: Quit 1,000.00 Dr 1,000.00 Dr 1,000.00 Dr 1,000.00 Dr 1,000.00 Dr 500.00 Dr 500.00 Dr 500.00 Dr 500.00 Dr 500.00 Dr A: Accept ...
[keys] '{ESC}' -> Tally 'TallyPrime:9000'
[shot] tds-583-Y2-list-esc1 (1024x768)
[19:39:27] [tds] screen tds-583-Y2-list-esc1 : x Z: Exchange cb TallyPrime MANAGE EDU K: Company Y: Data Payroll Voucher Alteration (Secondary) Pa roll No. 1 FinCom Spike Co O: Import E: Export List of Payroll Led Cash Share Bank Share Basic Share HRA M: Share p: print x Create Fl: Help Date o 3371a Company o run Dr Particulars Share Basic CurBa1: 10,000.00 Dr F4: Contra F5: Payment Receipt Journal Sales 3b4-9 2731- acep 2+67- Share Emp 1 Share Emp 2 Share Emp 3 Share Emp 4 Share Emp 5 Share HRA CurBal: 5,000.00 Dr Share Emp 1 Share Emp 2 Share Emp 3 Share Emp 4 Share Emp 5 Narration: share payroll template Unity Quit 1,000.00 Dr 1,000.00 ...
[shot] tds-584-Y2-list-esc-after1 (1024x768)
[19:39:28] [tds] screen tds-584-Y2-list-esc-after1 : x Z: Exchange cb TallyPrime MANAGE EDU K: Company Y: Data Payroll Voucher Alteration (Secondary) Pa roll No. 1 FinCom Spike Co O: Import E: Export List of Payroll Led Cash Share Bank Share Basic Share HRA M: Share p: print x Create Fl: Help Date o 3371a Company o run Dr Particulars Share Basic CurBa1: 10,000.00 Dr F4: Contra F5: Payment Receipt Journal Sales 3b4-9 2731- acep 2+67- Share Emp 1 Share Emp 2 Share Emp 3 Share Emp 4 Share Emp 5 Share HRA CurBal: 5,000.00 Dr Share Emp 1 Share Emp 2 Share Emp 3 Share Emp 4 Share Emp 5 Narration: share payroll template Unity Quit 1,000.00 Dr 1,000.00 ...
[keys] 'n' -> Tally 'TallyPrime:9000'
[keys] '^a' -> Tally 'TallyPrime:9000'
[shot] tds-585-Y2-accept2 (1024x768)
[19:39:36] [tds] screen tds-585-Y2-accept2 : x TallyPrime MANAGE EDU K: Company Da Book • Day Book Y: Data Space: Sekd Z: Exchange A Add Vch Q Search FinCom • ke Co Vch Type Journal Journal Journal Journal Payroll Payroll O: Import Vch No. 2 3 4 5 1 2 E: Export M: Share P: Print For 10ct-26 Date I-Oct-26 I-Oct-26 I-Oct-26 I-Oct-26 I-Oct-26 I-Oct-26 Quit Particulars Share Party Share Supplier Share Party Share Supplier Share Basic Share Basic Enter: Alter Debit Amount Credit Amount Inwards Qty_ Outwards Qt 5,000.00 1,000.00 5,000.00 5,000.00 4,000.00 1,000.00 U: Restore Line Fl: Help F2: Date Company Voucher Type F 7: Show profit F8: Colu...
[shot] tds-586-Y2-after2 (1024x768)
[19:39:36] [tds] screen tds-586-Y2-after2 : x TallyPrime MANAGE EDU K: Company Da Book • Day Book Y: Data Space: Sekd Z: Exchange A Add Vch Q Search FinCom • ke Co Vch Type Journal Journal Journal Journal Payroll Payroll O: Import Vch No. 2 3 4 5 1 2 E: Export M: Share P: Print For 10ct-26 Date I-Oct-26 I-Oct-26 I-Oct-26 I-Oct-26 I-Oct-26 I-Oct-26 Quit Particulars Share Party Share Supplier Share Party Share Supplier Share Basic Share Basic Enter: Alter Debit Amount Credit Amount Inwards Qty_ Outwards Qt 5,000.00 1,000.00 5,000.00 5,000.00 4,000.00 1,000.00 U: Restore Line Fl: Help F2: Date Company Voucher Type F 7: Show profit F8: Colu...
[shot] tds-587-gw0 (1024x768)
[19:39:37] [tds] screen tds-587-gw0 : x TallyPrime MANAGE EDU K: Company Da Book • Day Book Y: Data Space: Sekd Z: Exchange A Add Vch Q Search FinCom • ke Co Vch Type Journal Journal Journal Journal Payroll Payroll O: Import Vch No. 2 3 4 5 1 2 E: Export M: Share P: Print For 10ct-26 Date I-Oct-26 I-Oct-26 I-Oct-26 I-Oct-26 I-Oct-26 I-Oct-26 Quit Particulars Share Party Share Supplier Share Party Share Supplier Share Basic Share Basic Enter: Alter Debit Amount Credit Amount Inwards Qty_ Outwards Qt 5,000.00 1,000.00 5,000.00 5,000.00 4,000.00 1,000.00 U: Restore Line Fl: Help F2: Date Company Voucher Type F 7: Show profit F8: Colu...
[keys] '{ESC}' -> Tally 'TallyPrime:9000'
[shot] tds-588-gw1 (1024x768)
[19:39:41] [tds] screen tds-588-gw1 : x TallyPrime MANAGE EDU K: Company Gatewa of Tall CURRENT PERIOD I-Apr-26 to 31-Mar-27 NAME OF COMPANY FinCom Spike Co Y: Data Z: Exchange CURRENT OATE Thursday, I-Oct-2026 O: Import E: Export M: Share p: print Fl: Help Date o 3371a Gateway of Tally MASTERS Create Alter CHart of Accounts TRANSACTIONS Vouchers Day 800K UTILITIES BaNking REPORTS Balance Sheet Profit & Loss A/c Stock Summary Ratio Analysis Display More Reports DashbOard Quit Unity Q 2-Oct-26 Search Company o run 3b4-9 2731- acep 2+67- 2731- acep .337. ning 17523 ing j _id" : 1-01" 2+67- Mode Windows Server 2025 Datacenter Build 2...
  voucher mid=1 aid=1 Journal/1/20260401 guid=2bbc8f60-fad7-4b8f-b633-510b49c07cf5-00000001 cancelled=False
  voucher mid=2 aid=2 Journal/2/20261001 guid=2bbc8f60-fad7-4b8f-b633-510b49c07cf5-00000002 cancelled=False
  voucher mid=3 aid=3 Journal/3/20261001 guid=2bbc8f60-fad7-4b8f-b633-510b49c07cf5-00000003 cancelled=False
  voucher mid=4 aid=4 Journal/4/20261001 guid=2bbc8f60-fad7-4b8f-b633-510b49c07cf5-00000004 cancelled=False
  voucher mid=5 aid=5 Journal/5/20261001 guid=2bbc8f60-fad7-4b8f-b633-510b49c07cf5-00000005 cancelled=False
  voucher mid=6 aid=28 Payroll/1/20261001 guid=2bbc8f60-fad7-4b8f-b633-510b49c07cf5-00000006 cancelled=False
  voucher mid=24 aid=27 Payroll/2/20261001 guid=2bbc8f60-fad7-4b8f-b633-510b49c07cf5-00000018 cancelled=False
  voucher mid=7 aid=26 Receipt/1/20261002 guid=2bbc8f60-fad7-4b8f-b633-510b49c07cf5-00000007 cancelled=False
  voucher mid=8 aid=24 Receipt/2/20261002 guid=2bbc8f60-fad7-4b8f-b633-510b49c07cf5-00000008 cancelled=False
  voucher mid=9 aid=9 Payment/1/20261002 guid=2bbc8f60-fad7-4b8f-b633-510b49c07cf5-00000009 cancelled=False
  voucher mid=10 aid=10 Payment/2/20261002 guid=2bbc8f60-fad7-4b8f-b633-510b49c07cf5-0000000a cancelled=False
  voucher mid=11 aid=11 Contra/1/20261002 guid=2bbc8f60-fad7-4b8f-b633-510b49c07cf5-0000000b cancelled=False
  voucher mid=12 aid=12 Journal/6/20261002 guid=2bbc8f60-fad7-4b8f-b633-510b49c07cf5-0000000c cancelled=False
  voucher mid=13 aid=13 Journal/7/20261002 guid=2bbc8f60-fad7-4b8f-b633-510b49c07cf5-0000000d cancelled=False
  voucher mid=14 aid=25 Sales/1/20261002 guid=2bbc8f60-fad7-4b8f-b633-510b49c07cf5-0000000e cancelled=False
  voucher mid=15 aid=15 Sales/2/20261002 guid=2bbc8f60-fad7-4b8f-b633-510b49c07cf5-0000000f cancelled=False
  voucher mid=16 aid=16 Sales/3/20261002 guid=2bbc8f60-fad7-4b8f-b633-510b49c07cf5-00000010 cancelled=False
  voucher mid=17 aid=17 Purchase/1/20261002 guid=2bbc8f60-fad7-4b8f-b633-510b49c07cf5-00000011 cancelled=False
  voucher mid=18 aid=18 Purchase/2/20261002 guid=2bbc8f60-fad7-4b8f-b633-510b49c07cf5-00000012 cancelled=False
  voucher mid=19 aid=19 Sales/4/20261002 guid=2bbc8f60-fad7-4b8f-b633-510b49c07cf5-00000013 cancelled=False
  voucher mid=20 aid=20 Purchase/3/20261002 guid=2bbc8f60-fad7-4b8f-b633-510b49c07cf5-00000014 cancelled=False
  voucher mid=21 aid=21 Credit Note/1/20261002 guid=2bbc8f60-fad7-4b8f-b633-510b49c07cf5-00000015 cancelled=False
  voucher mid=22 aid=22 Journal/8/20261002 guid=2bbc8f60-fad7-4b8f-b633-510b49c07cf5-00000016 cancelled=False
  voucher mid=23 aid=23 Receipt/3/20261002 guid=2bbc8f60-fad7-4b8f-b633-510b49c07cf5-00000017 cancelled=False
  INFO share alter-payroll (alteration: the payroll entry saved again unchanged (opened, Ctrl+A)): Tally Payroll 1 mid 6; stored party 'Share Bank' bills []; the line party '' bills []; lines voucher_accept_post x1, voucher_accept_pre x1, voucher_full x1
[shot] tds-589-gw0 (1024x768)
[19:39:45] [tds] screen tds-589-gw0 : x TallyPrime MANAGE EDU K: Company Gatewa of Tall CURRENT PERIOD I-Apr-26 to 31-Mar-27 NAME OF COMPANY FinCom Spike Co Y: Data Z: Exchange CURRENT OATE Thursday, I-Oct-2026 O: Import E: Export M: Share p: print Fl: Help Date o 3371a Gateway of Tally MASTERS Create Alter CHart of Accounts TRANSACTIONS Vouchers Day 800K UTILITIES BaNking REPORTS Balance Sheet Profit & Loss A/c Stock Summary Ratio Analysis Display More Reports DashbOard Quit Unity Q 2-Oct-26 Search Company o run 3b4-9 2731- acep 2+67- 2731- acep .337. ning 17523 ing j _id" : 1-01" 2+67- Mode Windows Server 2025 Datacenter Build 2...
[keys] '%g' -> Tally 'TallyPrime:9000'
[shot] tds-590-P7c-goto (1024x768)
[19:39:49] [tds] screen tds-590-P7c-goto : x R CEDU TallyPrime MANAGE K: Company List of Re Y: Data Its Z: Exchange O: Import E: Export M: Share p: print Fl: Help x FinCom Spike Co (Predefined) (Predefined) (Predefined) Saved Views Purchase Dashboard Sales Dashboard Outstanding MSME Bills Common Reports Dashboard Balance Sheet Profit & Loss A/c Cash/Bank Book Day Book Ledger Vouchers Stock Summary Trial Balance Bills Receivable Bills Payable Master and Voucher Statistics Stock Query Chart of Accounts Final Accounts Reports Receivables & Payables Reports Banking Utilities Ledger Reports Q Create Voucher Create Master Alter Master Expand...
[keys] 'Bank Reconciliation' -> Tally 'TallyPrime:9000'
[shot] tds-591-P7c-typed (1024x768)
[19:39:52] [tds] screen tds-591-P7c-typed : TallyPrime MANAGE EDU K: Company List of Re Y: Data Its Z: Exchange FinCom Spike Co Bank Reconciliation O: Import E: Export M: Share p: print x Fl: Help Create Voucher Create Master Alter Master Expand All Show More Banking Utilities Bank Reconciliation Unity Quit o 3371a o run 3b4-9 2731- acep 2+67- 2731- acep .337. ning 17523 ing j _id" : 1-01" 2+67- Mode Q Search Windows Server 2025 Datacenter Build 26100.ge_release240331-1435 7:39 PM 10/8/2026
[keys] '{ENTER}' -> Tally 'TallyPrime:9000'
[shot] tds-592-P7c-select (1024x768)
[19:39:57] [tds] screen tds-592-P7c-select : TallyPrime MANAGE EDU K: Company Select Bank Unity Quit Y: Data Z: Exchange FinCom • ke Co Name of Bank Ledger O: Import Account No. Create E: Export M: Share p: print x Fl: Help List of Bank Led ers Ledger Name Share Bank A Accept Q Search o 3371a o run 3b4-9 2731- acep 2+67- 2731- acep .337. ning 17523 ing j _id" : 1-01" 2+67- Mode Windows Server 2025 Datacenter Build 26100.ge_release240331-1435 7:39 PM 10/8/2026
[keys] 'Share Bank{ENTER}' -> Tally 'TallyPrime:9000'
[shot] tds-593-P7c-brs (1024x768)
[19:40:01] [tds] screen tds-593-P7c-brs : x TallyPrime MANAGE EDU K: Company Bank Reconciliation Ledger: Share Bank Y: Data Vch Type Payroll Contra Z: Exchange O: Import E: Export FinCom • ke Co (Reconciliation Transaction Type Instrument No. M: Share As on . Date I-Oct-26 2-Oct-26 Quit Particulars Share Emp 1 Cash Enter: Alter Instrument Date I-Oct-26 2-Oct-26 Bank Date Sanp Bank Transfer Cash A Accept Q Search Debit 200.00 200.00 p: print • 2-0ct-26 Credit 7,500.00 7,300.00 7,500.00 Fl: Help period Corn pan y V4: Bank FIO Basis of B: — Values Change Vie w J: Reports H: Opening BRS Creata J: Voucher Reconcile Unlinked Reconcile — All...
[shot] tds-594-P7c-screen (1024x768)
[19:40:02] [tds] screen tds-594-P7c-screen : x TallyPrime MANAGE EDU K: Company Bank Reconciliation Ledger: Share Bank Y: Data Vch Type Payroll Contra Z: Exchange O: Import E: Export FinCom • ke Co (Reconciliation Transaction Type Instrument No. M: Share As on . Date I-Oct-26 2-Oct-26 Quit Particulars Share Emp 1 Cash Enter: Alter Instrument Date I-Oct-26 2-Oct-26 Bank Date Sanp Bank Transfer Cash A Accept Q Search Debit 200.00 200.00 p: print • 2-0ct-26 Credit 7,500.00 7,300.00 7,500.00 Fl: Help period Corn pan y V4: Bank FIO Basis of B: — Values Change Vie w J: Reports H: Opening BRS Creata J: Voucher Reconcile Unlinked Reconcile — All...
[keys] '{DOWN}' -> Tally 'TallyPrime:9000'
[shot] tds-595-P7c-contra-row (1024x768)
[19:40:06] [tds] screen tds-595-P7c-contra-row : x TallyPrime MANAGE EDU K: Company Bank Reconciliation Ledger: Share Bank Date Particulars I-Oct-26 Share Emp 1 2-Oct-26 Cash Y: Data Vch Type Payroll Contra Z: Exchange O: Import E: Export FinCom • ke Co (Reconciliation Transaction Type Instrument No. M: Share As on . Instrument Date Bank Date I-Oct-26 Same Bank Transfer Cash A Accept Q Search Debit 200.00 200.00 p: print • 2-0ct-26 Credit 7,500.00 7,300.00 7,500.00 Fl: Help period Corn pan y V4: Bank FIO Basis of B: — Values Change Vie w J: Reports H: Opening BRS Creata J: Voucher Reconcile Unlinked Reconcile — All Unlinked Sat Bank s: Data ...
[keys] '2-10-2026{ENTER}' -> Tally 'TallyPrime:9000'
[shot] tds-596-P7c-date (1024x768)
[19:40:09] [tds] screen tds-596-P7c-date : TallyPrime MANAGE EDU K: Company Bank Reconciliation Ledger: Share Bank Y: Data Vch Type Payroll Contra Z: Exchange FinCom (Reconciliation Transaction Type Instrument No. Same Bank Transfer Cash O: Import E: Export M: Share As on . Date I-Oct-26 2-Oct-26 Q: Quit Particulars Share Emp 1 Cash Enter: Alter Instrument Date I-Oct-26 2-Oct-26 Bank Date 2-Oct-26 Debit 200.00 200.00 p: print • 2-0ct-26 Credit 7,500.00 Accept Q Yes or No x Fl: Help F-2: Period F 3: Cornpany F-4: Bank FIO • Values Change Vie w Exception = Reports Opening — BRS Create — Voucher Reconcile Unlinked Reconcile — All Unlinked...
[keys] '^a' -> Tally 'TallyPrime:9000'
[shot] tds-597-P7c-accept (1024x768)
[19:40:14] [tds] screen tds-597-P7c-accept : TallyPrime MANAGE EDU K: Company Select Bank Unity Quit Y: Data Z: Exchange FinCom • ke Co Name of Bank Ledger Share Bank List of Bank Led ers Ledger Name Share Bank A Accept Q Search O: Import Account No. Create E: Export M: Share p: print x Fl: Help o 3371a o run 3b4-9 2731- acep 2+67- 2731- acep .337. ning 17523 ing j _id" : 1-01" 2+67- Mode Windows Server 2025 Datacenter Build 26100.ge_release240331-1435 7:40 PM 10/8/2026
[shot] tds-598-P7c-after (1024x768)
[19:40:15] [tds] screen tds-598-P7c-after : TallyPrime MANAGE EDU K: Company Select Bank Unity Quit Y: Data Z: Exchange FinCom • ke Co Name of Bank Ledger Share Bank List of Bank Led ers Ledger Name Share Bank A Accept Q Search O: Import Account No. Create E: Export M: Share p: print x Fl: Help o 3371a o run 3b4-9 2731- acep 2+67- 2731- acep .337. ning 17523 ing j _id" : 1-01" 2+67- Mode Windows Server 2025 Datacenter Build 26100.ge_release240331-1435 7:40 PM 10/8/2026
[shot] tds-599-gw0 (1024x768)
[19:40:16] [tds] screen tds-599-gw0 : TallyPrime MANAGE EDU K: Company Select Bank Unity Quit Y: Data Z: Exchange FinCom • ke Co Name of Bank Ledger Share Bank List of Bank Led ers Ledger Name Share Bank A Accept Q Search O: Import Account No. Create E: Export M: Share p: print x Fl: Help o 3371a o run 3b4-9 2731- acep 2+67- 2731- acep .337. ning 17523 ing j _id" : 1-01" 2+67- Mode Windows Server 2025 Datacenter Build 26100.ge_release240331-1435 7:40 PM 10/8/2026
[keys] '{ESC}' -> Tally 'TallyPrime:9000'
[shot] tds-600-gw1 (1024x768)
[19:40:19] [tds] screen tds-600-gw1 : TallyPrime MANAGE EDU K: Company Select Bank Unity Quit Y: Data Z: Exchange FinCom • ke Co Name of Bank Ledger O: Import Account No. Create E: Export M: Share p: print x Fl: Help List of Bank Led ers Ledger Name Share Bank A Accept Q Search o 3371a o run 3b4-9 2731- acep 2+67- 2731- acep .337. ning 17523 ing j _id" : 1-01" 2+67- Mode Windows Server 2025 Datacenter Build 26100.ge_release240331-1435 7:40 PM 10/8/2026
[keys] '{ESC}' -> Tally 'TallyPrime:9000'
[shot] tds-601-gw2 (1024x768)
[19:40:23] [tds] screen tds-601-gw2 : x TallyPrime MANAGE EDU K: Company Gatewa of Tall CURRENT PERIOD I-Apr-26 to 31-Mar-27 NAME OF COMPANY FinCom Spike Co Y: Data Z: Exchange CURRENT OATE Thursday, I-Oct-2026 O: Import E: Export M: Share p: print Fl: Help Date o 3371a Gateway of Tally MASTERS Create Alter CHart of Accounts TRANSACTIONS Vouchers Day 800K UTILITIES BaNking REPORTS Balance Sheet Profit & Loss A/c Stock Summary Ratio Analysis Display More Reports DashbOard Quit Unity Q 2-Oct-26 Search Company o run 3b4-9 2731- acep 2+67- 2731- acep .337. ning 17523 ing j _id" : 1-01" 2+67- Mode Windows Server 2025 Datacenter Build 2...
######## FAIL P7c bank date set in Bank Reconciliation: made: contra 1 (mid 11, AlterID 11 -> 29) has bank date 20261002; the add-on wrote 0 line(s) (Bank Reconciliation is not a voucher form: FinCom has it from the Day Book only)
[shot] tds-602-gw0 (1024x768)
[19:40:24] [tds] screen tds-602-gw0 : x TallyPrime MANAGE EDU K: Company Gatewa of Tall CURRENT PERIOD I-Apr-26 to 31-Mar-27 NAME OF COMPANY FinCom Spike Co Y: Data Z: Exchange CURRENT OATE Thursday, I-Oct-2026 O: Import E: Export M: Share p: print Fl: Help Date o 3371a Gateway of Tally MASTERS Create Alter CHart of Accounts TRANSACTIONS Vouchers Day 800K UTILITIES BaNking REPORTS Balance Sheet Profit & Loss A/c Stock Summary Ratio Analysis Display More Reports DashbOard Quit Unity Q 2-Oct-26 Search Company o run 3b4-9 2731- acep 2+67- 2731- acep .337. ning 17523 ing j _id" : 1-01" 2+67- Mode Windows Server 2025 Datacenter Build 2...
[keys] '%g' -> Tally 'TallyPrime:9000'
[shot] tds-603-P9b-goto (1024x768)
[19:40:27] [tds] screen tds-603-P9b-goto : x R CEDU TallyPrime MANAGE K: Company List of Re Y: Data Its Z: Exchange O: Import E: Export M: Share p: print Fl: Help x FinCom Spike Co (Predefined) (Predefined) (Predefined) Saved Views Purchase Dashboard Sales Dashboard Outstanding MSME Bills Common Reports Dashboard Balance Sheet Profit & Loss A/c Cash/Bank Book Day Book Ledger Vouchers Stock Summary Trial Balance Bills Receivable Bills Payable Master and Voucher Statistics Stock Query Chart of Accounts Final Accounts Reports Receivables & Payables Reports Banking Utilities Ledger Reports Q Create Voucher Create Master Alter Master Expand...
[keys] 'Day Book' -> Tally 'TallyPrime:9000'
[keys] '{ENTER}' -> Tally 'TallyPrime:9000'
[shot] tds-604-P9b-daybook (1024x768)
[19:40:34] [tds] screen tds-604-P9b-daybook : x TallyPrime MANAGE EDU K: Company Da Book • Day Book Y: Data Space: Sekd Z: Exchange A Add Vch Q Search FinCom • ke Co Vch Type Journal Journal Journal Journal Payroll Payroll O: Import Vch No. 2 3 4 5 1 2 E: Export M: Share P: Print For 10ct-26 Date I-Oct-26 I-Oct-26 I-Oct-26 I-Oct-26 I-Oct-26 I-Oct-26 Quit Particulars Share Party Share Supplier Share Party Share Supplier Share Basic Share Basic Enter: Alter Debit Amount Credit Amount Inwards Qty_ Outwards Qt 5,000.00 1,000.00 5,000.00 5,000.00 4,000.00 1,000.00 U: Restore Line Fl: Help F2: Date Company Voucher Type F 7: Show profit F8: Colu...
[keys] '{F2}' -> Tally 'TallyPrime:9000'
[shot] tds-605-P9b-db-date (1024x768)
[19:40:38] [tds] screen tds-605-P9b-db-date : TallyPrime MANAGE EDU K: Company Change Date Unity Quit Y: Data Z: Exchange A Accept Q Search O: Import E: Export M: Share p: print x Fl: Help FinCom Spike Co Change Date 1-10-2026 o 3371a o run 3b4-9 2731- acep 2+67- 2731- acep .337. ning 17523 ing j _id" : 1-01" 2+67- Mode Windows Server 2025 Datacenter Build 26100.ge_release240331-1435 7:40 PM 10/8/2026
[keys] '2-10-2026{ENTER}' -> Tally 'TallyPrime:9000'
[shot] tds-606-P9b-db-dated (1024x768)
[19:40:42] [tds] screen tds-606-P9b-db-dated : x TallyPrime MANAGE EDU K: Company Da Book • Day Book Y: Data Space: Sekd Z: Exchange A Add Vch Q Search FinCom • ke Co Vch Type Contra Payment Payment Receipt Receipt Receipt Journal Journal Journal Credit Note Sales Sales Sales Sales Purchase Purchase Purchase O: Import Vch No. 1 1 2 1 2 3 6 7 8 1 1 2 3 4 1 2 3 E: Export M: Share P: Print For 2-Oct-26 Date 2-Oct-26 2-Oct-26 2-Oct-26 2-Oct-26 2-Oct-26 2-Oct-26 2-Oct-26 2-Oct-26 2-Oct-26 2-Oct-26 2-Oct-26 2-Oct-26 2-Oct-26 2-Oct-26 2-Oct-26 2-Oct-26 2-Oct-26 Unity Quit Particulars Cash Share Supplier Share Expense Share Party Spike Income Spik...
[keys] '{F4}' -> Tally 'TallyPrime:9000'
[shot] tds-607-P9b-db-type (1024x768)
[19:40:46] [tds] screen tds-607-P9b-db-type : x TallyPrime MANAGE EDU K: Company Change Voucher Type Quit Y: Data Z: Exchange O: Import E: Export M: Share p: print Fl: Help x FinCom • ke Co Name of VoucherType Voucher T • All Items Attendance Contra Credit Note Debit Note Journal s Create Unity Memorandum Payment Payroll Physical Stock Purchase Receipt Reversing Journal Sales Stock Journal Accept Q Search o 3371a o run 3b4-9 2731- acep 2+67- 2731- acep .337. ning 17523 ing j _id" : 1-01" 2+67- Mode Windows Server 2025 Datacenter Build 26100.ge_release240331-1435 7:40 PM 10/8/2026
[keys] 'Receipt{ENTER}' -> Tally 'TallyPrime:9000'
[shot] tds-608-P9b-db-typed (1024x768)
[19:40:51] [tds] screen tds-608-P9b-db-typed : x TallyPrime MANAGE EDU K: Company Da Book • List of Receipt Vouchers Y: Data Space: Sekd Z: Exchange A Add Vch Q Search FinCom • ke Co Vch Type Receipt Receipt Receipt O: Import Vch No. 1 2 3 Total: E: Export M: Share P: Print For 2-Oct-26 Date 2-Oct-26 2-Oct-26 2-Oct-26 Unity Quit Particulars Share Party Spike Income Spike Income Enter: Alter Debit Amount DuÅicate Vch I Insert Vch Delete x: Cancel Vch Credit Amount 500.00 800.00 700.00 2,000.00 U: Restore Line Fl: Help F2: Date Company Voucher Type F 7: Show profit Columnar FIO B: Basis of = Values Change ¯ View Exception J: Reports Save Vie...
[keys] '{END}' -> Tally 'TallyPrime:9000'
[shot] tds-609-P9b-db-last (1024x768)
[19:40:54] [tds] screen tds-609-P9b-db-last : x TallyPrime MANAGE EDU K: Company Da Book • List of Receipt Vouchers Y: Data Space: Sekd Z: Exchange A Add Vch Q Search FinCom • ke Co Vch Type Receipt Receipt Receipt O: Import Vch No. 1 2 3 Total: E: Export M: Share P: Print For 2-Oct-26 Date 2-Oct-26 2-Oct-26 2-Oct-26 Unity Quit Particulars Share Party Spike Income Spike Income Enter: Alter Debit Amount DuÅicate Vch I Insert Vch Delete x: Cancel Vch Credit Amount 500.00 800.00 700.00 2,000.00 U: Restore Line Fl: Help F2: Date Company Voucher Type F 7: Show profit Columnar FIO B: Basis of = Values Change ¯ View Exception J: Reports Save Vie...
[keys] '{HOME}' -> Tally 'TallyPrime:9000'
[shot] tds-610-P9b-first (1024x768)
[19:40:57] [tds] screen tds-610-P9b-first : x TallyPrime MANAGE EDU K: Company Da Book • List of Receipt Vouchers Y: Data Space: Sekd Z: Exchange A Add Vch Q Search FinCom • ke Co Vch Type Receipt Receipt Receipt O: Import Vch No. 1 2 3 Total: E: Export M: Share P: Print For 2-Oct-26 Date 2-Oct-26 2-Oct-26 2-Oct-26 Unity Quit Particulars Share Party Spike Income Spike Income Enter: Alter Debit Amount DuÅicate Vch I Insert Vch Delete x: Cancel Vch Credit Amount 500.00 800.00 700.00 2,000.00 U: Restore Line Fl: Help F2: Date Company Voucher Type F 7: Show profit Columnar FIO B: Basis of = Values Change ¯ View Exception J: Reports Save Vie...
[keys] '%i' -> Tally 'TallyPrime:9000'
[shot] tds-611-P9b-insert (1024x768)
[19:41:02] [tds] screen tds-611-P9b-insert : x Y: Data cb Unity TallyPrime MANAGE EDU K: Company Accounting Voucher Creation Recei t No. 4 Account Current balance: Particulars Narration: Quit Z: Exchange A Accept Q Search O: Import E: Export M: Share FinCom • ke Co p: print x 2-Oct-26 Friday Amount Fl: Help Q: Date Company Ed: Contra Payment F-6: Receipt Journal Sales o 3371a o run 3b4-9 2731- acep 2+67- Purchase 2731- Fl O: OåuVooctgs E: Autofill Change Mode More Details O: Related ¯ Repons Optional post -Dated J: Stat acep .337. ning 17523 ing j _id" : 1-01" 2+67- D: Delete x: Cancel Vch Adjustment El 2: Configure Mode Windows Server 2...
[keys] 'Cash{ENTER}' -> Tally 'TallyPrime:9000'
[shot] tds-612-P9b-account (1024x768)
[19:41:05] [tds] screen tds-612-P9b-account : x Y: Data cb Unity TallyPrime MANAGE EDU K: Company Accounting Voucher Creation Recei t No. 4 Account Cash Current balance: 6,400.00 Cr Particulars Narration: Quit Z: Exchange A Accept Q Search O: Import E: Export M: Share FinCom • ke Co p: print x 2-Oct-26 Friday Amount Fl: Help Q: Date Company Ed: Contra Payment F-6: Receipt Journal Sales o 3371a o run 3b4-9 2731- acep 2+67- Purchase 2731- Fl O: OåuVooctgs E: Autofill Change Mode More Details O: Related ¯ Repons Optional post -Dated J: Stat acep .337. ning 17523 ing j _id" : 1-01" 2+67- D: Delete x: Cancel Vch Adjustment El 2: Configure Mode...
[keys] 'Spike Income{ENTER}' -> Tally 'TallyPrime:9000'
[shot] tds-613-P9b-ledger (1024x768)
[19:41:09] [tds] screen tds-613-P9b-ledger : x Y: Data cb Unity TallyPrime MANAGE EDU K: Company Accounting Voucher Creation Recei t No. 4 Account Cash Z: Exchange A Accept Q Search O: Import E: Export M: Share FinCom • ke Co p: print x 2-Oct-26 Friday Amount Fl: Help Q: Date Company Ed: Contra Payment F-6: Receipt Journal Sales o 3371a o run 3b4-9 2731- acep 2+67- Current balance: 6,400.00 Cr Particulars Spike Income CurBal: 7,000.00 Cr Narration: Quit Purchase 2731- Fl O: OåuVooctgs E: Autofill Change Mode More Details O: Related ¯ Repons Optional post -Dated J: Stat acep .337. ning 17523 ing j _id" : 1-01" 2+67- D: Delete x: Cancel Vc...
[shot] tds-614-P9b-led-sub1 (1024x768)
[19:41:10] [tds] screen tds-614-P9b-led-sub1 : x Y: Data cb Unity TallyPrime MANAGE EDU K: Company Accounting Voucher Creation Recei t No. 4 Account Cash Z: Exchange A Accept Q Search O: Import E: Export M: Share FinCom • ke Co p: print x 2-Oct-26 Friday Amount Fl: Help Q: Date Company Ed: Contra Payment F-6: Receipt Journal Sales o 3371a o run 3b4-9 2731- acep 2+67- Current balance: 6,400.00 Cr Particulars Spike Income CurBal: 7,000.00 Cr Narration: Quit Purchase 2731- Fl O: OåuVooctgs E: Autofill Change Mode More Details O: Related ¯ Repons Optional post -Dated J: Stat acep .337. ning 17523 ing j _id" : 1-01" 2+67- D: Delete x: Cancel Vc...
[keys] '60{ENTER}' -> Tally 'TallyPrime:9000'
[shot] tds-615-P9b-amount (1024x768)
[19:41:14] [tds] screen tds-615-P9b-amount : TallyPrime MANAGE EDU K: Company Cost Centre Allocations Unity Quit Y: Data Z: Exchange O: Import E: Export M: Share p: print x Fl: Help FinCom Spike Co Cost Allocations for : Spike Income Up to: 60.00 cr Name of Cost Centre Ehare Em 1 A Accept Q Search Amount 60.00 60.00 o 3371a o run 3b4-9 2731- acep 2+67- 2731- acep .337. ning 17523 ing j _id" : 1-01" 2+67- Mode Windows Server 2025 Datacenter Build 26100.ge_release240331-1435 7:41 PM 10/8/2026
[shot] tds-616-P9b-amt-sub1 (1024x768)
[19:41:14] [tds] screen tds-616-P9b-amt-sub1 : TallyPrime MANAGE EDU K: Company Cost Centre Allocations Unity Quit Y: Data Z: Exchange O: Import E: Export M: Share p: print x Fl: Help FinCom Spike Co Cost Allocations for : Spike Income Up to: 60.00 cr Name of Cost Centre Share Em 1 A Accept Q Search Amount 60.00 60.00 o 3371a o run 3b4-9 2731- acep 2+67- 2731- acep .337. ning 17523 ing j _id" : 1-01" 2+67- Mode Windows Server 2025 Datacenter Build 26100.ge_release240331-1435 7:41 PM 10/8/2026
[keys] '^a' -> Tally 'TallyPrime:9000'
[shot] tds-617-P9b-amt-sub-accept (1024x768)
[19:41:18] [tds] screen tds-617-P9b-amt-sub-accept : x Y: Data cb Unity TallyPrime MANAGE EDU K: Company Accounting Voucher Creation Recei t No. 4 Account Cash Z: Exchange 60.00 Cr A Accept Q Search O: Import E: Export M: Share FinCom • ke Co p: print x 2-Oct-26 Friday Amount 60.00 60.00 Fl: Help Q: Date Company Ed: Contra Payment F-6: Receipt : Journal Sales o 3371a o run 3b4-9 2731- acep 2+67- Current balance: 6,340.00 Cr Particulars Spike Income CurBal: 7,060.00 Cr Share Emp 1 Narration: Quit Purchase 2731- Fl O: OåuVooctgs E: Autofill Change Mode More Details O: Related ¯ Repons Optional post -Dated J: Stat acep .337. ning 17523 ing j _id" :...
[shot] tds-618-P9b-amt-sub2 (1024x768)
[19:41:19] [tds] screen tds-618-P9b-amt-sub2 : x Y: Data cb Unity TallyPrime MANAGE EDU K: Company Accounting Voucher Creation Recei t No. 4 Account Cash Z: Exchange 60.00 Cr A Accept Q Search O: Import E: Export M: Share FinCom • ke Co p: print x 2-Oct-26 Friday Amount 60.00 60.00 Fl: Help Q: Date Company Ed: Contra Payment F-6: Receipt : Journal Sales o 3371a o run 3b4-9 2731- acep 2+67- Current balance: 6,340.00 Cr Particulars Spike Income CurBal: 7,060.00 Cr Share Emp 1 Narration: Quit Purchase 2731- Fl O: OåuVooctgs E: Autofill Change Mode More Details O: Related ¯ Repons Optional post -Dated J: Stat acep .337. ning 17523 ing j _id" :...
[keys] '{ENTER}' -> Tally 'TallyPrime:9000'
[shot] tds-619-P9b-rows-done (1024x768)
[19:41:23] [tds] screen tds-619-P9b-rows-done : x Y: Data cb 65 Unity TallyPrime MANAGE EDU K: Company Accounting Voucher Creation Recei t No. 4 Account Cash Z: Exchange 60.00 Cr Accept Q Search O: Import E: Export M: Share FinCom • ke Co p: print x 2-Oct-26 Friday Amount 60.00 60.00 Fl: Help Q: Date Company Ed: Contra Payment F-6: Receipt : Journal Sales o 3371a o run 3b4-9 2731- acep 2+67- Current balance: 6,340.00 Cr Particulars Spike Income CurBal: 7,060.00 Cr Share Emp 1 Narration: Quit Purchase 2731- Fl O: OåuVooctgs E: Autofill Change Mode More Details O: Related ¯ Repons Optional post -Dated J: Stat acep .337. ning 17523 ing j _id" ...
[shot] tds-620-P9b-done-sub1 (1024x768)
[19:41:23] [tds] screen tds-620-P9b-done-sub1 : x Y: Data cb 65 Unity TallyPrime MANAGE EDU K: Company Accounting Voucher Creation Recei t No. 4 Account Cash Z: Exchange 60.00 Cr Accept Q Search O: Import E: Export M: Share FinCom • ke Co p: print x 2-Oct-26 Friday Amount 60.00 60.00 Fl: Help Q: Date Company Ed: Contra Payment F-6: Receipt : Journal Sales o 3371a o run 3b4-9 2731- acep 2+67- Current balance: 6,340.00 Cr Particulars Spike Income CurBal: 7,060.00 Cr Share Emp 1 Narration: Quit Purchase 2731- Fl O: OåuVooctgs E: Autofill Change Mode More Details O: Related ¯ Repons Optional post -Dated J: Stat acep .337. ning 17523 ing j _id" ...
[keys] 'share insert{ENTER}' -> Tally 'TallyPrime:9000'
[shot] tds-621-P9b-narr (1024x768)
[19:41:27] [tds] screen tds-621-P9b-narr : Y: Data cb TallyPrime MANAGE EDU K: Company Accounting Voucher Creation Recei t No. 4 Account Cash Z: Exchange 60.00 Cr A: Accept Q Search O: Import E: Export M: Share FinCom Current balance: 6,340.00 Cr Particulars Spike Income CurBal: 7,060.00 Cr Share Emp 1 Narration: • share insert Unity Q: Quit p: print x 2-Oct-26 Friday Amount 60.00 60.00 Accept Q Yes or No D: Delete X: Cancel Vch x Fl: Help F-2: Date F-3: Company F-4: Contra F-5: Payment F-6: Receipt F-7: Journal F-9: Purchase PIO: E: Autofill H: Change = Mode I: More - Details O: Related ¯ Repons L: Optional T: post = -Dated J: Stat ¯ ...
[keys] '^a' -> Tally 'TallyPrime:9000'
[shot] tds-622-P9b-accept1 (1024x768)
[19:41:32] [tds] screen tds-622-P9b-accept1 : x TallyPrime MANAGE EDU K: Company Da Book • List of Receipt Vouchers Y: Data Space: Sekd Z: Exchange A Add Vch Q Search FinCom • ke Co Vch Type Receipt Receipt Receipt Receipt O: Import Vch No. 4 1 2 3 Total: E: Export M: Share P: Print For 2-Oct-26 Date 2-Oct-26 2-Oct-26 2-Oct-26 2-Oct-26 Unity Quit Particulars Spike Income Share Party Spike Income Spike Income Enter: Alter Debit Amount DuÅicate Vch I Insert Vch Delete x: Cancel Vch Credit Amount 60.00 500.00 800.00 700.00 2,060.00 U: Restore Line Fl: Help F2: Date Company Voucher Type F 7: Show profit Columnar FIO B: Basis of = Values Chang...
[shot] tds-623-P9b-after1 (1024x768)
[19:41:33] [tds] screen tds-623-P9b-after1 : x TallyPrime MANAGE EDU K: Company Da Book • List of Receipt Vouchers Y: Data Space: Sekd Z: Exchange A Add Vch Q Search FinCom • ke Co Vch Type Receipt Receipt Receipt Receipt O: Import Vch No. 4 1 2 3 Total: E: Export M: Share P: Print For 2-Oct-26 Date 2-Oct-26 2-Oct-26 2-Oct-26 2-Oct-26 Unity Quit Particulars Spike Income Share Party Spike Income Spike Income Enter: Alter Debit Amount DuÅicate Vch I Insert Vch Delete x: Cancel Vch Credit Amount 60.00 500.00 800.00 700.00 2,060.00 U: Restore Line Fl: Help F2: Date Company Voucher Type F 7: Show profit Columnar FIO B: Basis of = Values Chang...
[shot] tds-624-gw0 (1024x768)
[19:41:34] [tds] screen tds-624-gw0 : x TallyPrime MANAGE EDU K: Company Da Book • List of Receipt Vouchers Y: Data Space: Sekd Z: Exchange A Add Vch Q Search FinCom • ke Co Vch Type Receipt Receipt Receipt Receipt O: Import Vch No. 4 1 2 3 Total: E: Export M: Share P: Print For 2-Oct-26 Date 2-Oct-26 2-Oct-26 2-Oct-26 2-Oct-26 Unity Quit Particulars Spike Income Share Party Spike Income Spike Income Enter: Alter Debit Amount DuÅicate Vch I Insert Vch Delete x: Cancel Vch Credit Amount 60.00 500.00 800.00 700.00 2,060.00 U: Restore Line Fl: Help F2: Date Company Voucher Type F 7: Show profit Columnar FIO B: Basis of = Values Chang...
[keys] '{ESC}' -> Tally 'TallyPrime:9000'
[shot] tds-625-gw1 (1024x768)
[19:41:37] [tds] screen tds-625-gw1 : x TallyPrime MANAGE EDU K: Company Gatewa of Tall CURRENT PERIOD I-Apr-26 to 31-Mar-27 NAME OF COMPANY FinCom Spike Co Y: Data Z: Exchange CURRENT OATE Friday, 2-Oct-2026 O: Import E: Export M: Share p: print Fl: Help Date o 3371a Gateway of Tally MASTERS Create Alter CHart of Accounts TRANSACTIONS Vouchers Day 800K UTILITIES BaNking REPORTS Balance Sheet Profit & Loss A/c Stock Summary Ratio Analysis Display More Reports DashbOard Quit Unity Q 2-Oct-26 Search Company o run 3b4-9 2731- acep 2+67- 2731- acep .337. ning 17523 ing j _id" : 1-01" 2+67- Mode Windows Server 2025 Datacenter Build 261...
######## HARNESS P9b back-dated insert: the renumbered entries: receipt 4 (mid 25, its line's number '4') inserted; Tally renumbered none
[p9r sub-method Auto Renumber] 21 ms: <RESPONSE><CREATED>0</CREATED><ALTERED>1</ALTERED><DELETED>0</DELETED><LASTVCHID>0</LASTVCHID><LASTMID>0</LASTMID><COMBINED>0</COMBINED><IGNORED>0</IGNORED><ERRORS>0</ERRORS><CANCELLED>0</CANCELLED><EXCEPTIONS>0</EXCEPTIONS></RESPONSE>
  INFO P9r the Receipt voucher type's numbering sub-method: 'Auto Retain' -> 'Auto Renumber' (tried: Auto Renumber -> 'Auto Renumber')
[shot] tds-626-gw0 (1024x768)
[19:41:38] [tds] screen tds-626-gw0 : x TallyPrime MANAGE EDU K: Company Gatewa of Tall CURRENT PERIOD I-Apr-26 to 31-Mar-27 NAME OF COMPANY FinCom Spike Co Y: Data Z: Exchange CURRENT OATE Friday, 2-Oct-2026 O: Import E: Export M: Share p: print Fl: Help Date o 3371a Gateway of Tally MASTERS Create Alter CHart of Accounts TRANSACTIONS Vouchers Day 800K UTILITIES BaNking REPORTS Balance Sheet Profit & Loss A/c Stock Summary Ratio Analysis Display More Reports DashbOard Quit Unity Q 2-Oct-26 Search Company o run 3b4-9 2731- acep 2+67- 2731- acep .337. ning 17523 ing j _id" : 1-01" 2+67- Mode Windows Server 2025 Datacenter Build 261...
[keys] '%g' -> Tally 'TallyPrime:9000'
[shot] tds-627-P9r-insert-goto (1024x768)
[19:41:42] [tds] screen tds-627-P9r-insert-goto : x R CEDU TallyPrime MANAGE K: Company List of Re Y: Data Its Z: Exchange O: Import E: Export M: Share p: print Fl: Help x FinCom Spike Co (Predefined) (Predefined) (Predefined) Saved Views Purchase Dashboard Sales Dashboard Outstanding MSME Bills Common Reports Dashboard Balance Sheet Profit & Loss A/c Cash/Bank Book Day Book Ledger Vouchers Stock Summary Trial Balance Bills Receivable Bills Payable Master and Voucher Statistics Stock Query Chart of Accounts Final Accounts Reports Receivables & Payables Reports Banking Utilities Ledger Reports Q Create Voucher Create Master Alter Master Expand...
[keys] 'Day Book' -> Tally 'TallyPrime:9000'
[keys] '{ENTER}' -> Tally 'TallyPrime:9000'
[shot] tds-628-P9r-insert-daybook (1024x768)
[19:41:49] [tds] screen tds-628-P9r-insert-daybook : x R CEDU Da Book • Day Book TallyPrime MANAGE K: Company Particulars Cash Share Supplier Share Expense Spike Income Share Party Spike Income Spike Income Share Expense Share Expense Share Expense Share Party Share Party Share Party Share Party Share Party Share Supplier Share Supplier Share Supplier Enter: Alter Y: Data Space: Sekd Z: Exchange A Add Vch Q Search FinCom • ke Co Vch Type Contra Payment Payment Receipt Receipt Receipt Receipt Journal Journal Journal Credit Note Sales Sales Sales Sales Purchase Purchase Purchase O: Import Vch No. 1 1 2 1 2 3 4 6 7 8 1 1 2 3 4 1 2 3 E: Export M: Sh...
[keys] '{F2}' -> Tally 'TallyPrime:9000'
[shot] tds-629-P9r-insert-db-date (1024x768)
[19:41:52] [tds] screen tds-629-P9r-insert-db-date : TallyPrime MANAGE EDU K: Company Change Date Unity Quit Y: Data Z: Exchange A Accept Q Search O: Import E: Export M: Share p: print x Fl: Help FinCom Spike Co Change Date 2-10-2026 o 3371a o run 3b4-9 2731- acep 2+67- 2731- acep .337. ning 17523 ing j _id" : 1-01" 2+67- Mode Windows Server 2025 Datacenter Build 26100.ge_release240331-1435 7:41 PM 10/8/2026
[keys] '2-10-2026{ENTER}' -> Tally 'TallyPrime:9000'
[shot] tds-630-P9r-insert-db-dated (1024x768)
[19:41:57] [tds] screen tds-630-P9r-insert-db-dated : x R CEDU Da Book • Day Book TallyPrime MANAGE K: Company Particulars Cash Share Supplier Share Expense Spike Income Share Party Spike Income Spike Income Share Expense Share Expense Share Expense Share Party Share Party Share Party Share Party Share Party Share Supplier Share Supplier Share Supplier Enter: Alter Y: Data Space: Sekd Z: Exchange A Add Vch Q Search FinCom • ke Co Vch Type Contra Payment Payment Receipt Receipt Receipt Receipt Journal Journal Journal Credit Note Sales Sales Sales Sales Purchase Purchase Purchase O: Import Vch No. 1 1 2 1 2 3 4 6 7 8 1 1 2 3 4 1 2 3 E: Export M: Sh...
[keys] '{F4}' -> Tally 'TallyPrime:9000'
[shot] tds-631-P9r-insert-db-type (1024x768)
[19:42:00] [tds] screen tds-631-P9r-insert-db-type : TallyPrime MANAGE EDU K: Company Change Voucher Type Unity Quit Y: Data Z: Exchange O: Import E: Export M: Share p: print x Fl: Help FinCom • ke Co Name of VoucherType Voucher T • All Items Attendance Contra Credit Note Debit Note Journal s Create Memorandum Payment Payroll Physical Stock Purchase Receipt Reversing Journal Sales Stock Journal A Accept Q Search o 3371a o run 3b4-9 2731- acep 2+67- 2731- acep .337. ning 17523 ing j _id" : 1-01" 2+67- Mode Windows Server 2025 Datacenter Build 26100.ge_release240331-1435 7:41 PM 10/8/2026
[keys] 'Receipt{ENTER}' -> Tally 'TallyPrime:9000'
[shot] tds-632-P9r-insert-db-typed (1024x768)
[19:42:05] [tds] screen tds-632-P9r-insert-db-typed : x TallyPrime MANAGE EDU K: Company Da Book • List of Receipt Vouchers Y: Data Space: Sekd Z: Exchange A Add Vch Q Search FinCom • ke Co Vch Type Receipt Receipt Receipt Receipt O: Import Vch No. 1 2 3 4 Total: E: Export M: Share P: Print For 2-Oct-26 Date 2-Oct-26 2-Oct-26 2-Oct-26 2-Oct-26 Unity Quit Particulars Spike Income Share Party Spike Income Spike Income Enter: Alter Debit Amount DuÅicate Vch I Insert Vch Delete x: Cancel Vch Credit Amount 60.00 500.00 800.00 700.00 2,060.00 U: Restore Line Fl: Help F2: Date Company Voucher Type F 7: Show profit Columnar FIO B: Basis of = Values Chang...
[keys] '{END}' -> Tally 'TallyPrime:9000'
[shot] tds-633-P9r-insert-db-last (1024x768)
[19:42:08] [tds] screen tds-633-P9r-insert-db-last : x TallyPrime MANAGE EDU K: Company Da Book • List of Receipt Vouchers Y: Data Space: Sekd Z: Exchange A Add Vch Q Search FinCom • ke Co Vch Type Receipt Receipt Receipt Receipt O: Import Vch No. 1 2 3 4 Total: E: Export M: Share P: Print For 2-Oct-26 Date 2-Oct-26 2-Oct-26 2-Oct-26 2-Oct-26 Unity Quit Particulars Spike Income Share Party Spike Income Spike Income Enter: Alter Debit Amount DuÅicate Vch I Insert Vch Delete x: Cancel Vch Credit Amount 60.00 500.00 800.00 700.00 2,060.00 U: Restore Line Fl: Help F2: Date Company Voucher Type F 7: Show profit Columnar FIO B: Basis of = Values Chang...
[keys] '{HOME}' -> Tally 'TallyPrime:9000'
[shot] tds-634-P9r-insert-first (1024x768)
[19:42:11] [tds] screen tds-634-P9r-insert-first : x TallyPrime MANAGE EDU K: Company Da Book • List of Receipt Vouchers Y: Data Space: Sekd Z: Exchange A Add Vch Q Search FinCom • ke Co Vch Type Receipt Receipt Receipt Receipt O: Import Vch No. 1 2 3 4 Total: E: Export M: Share P: Print For 2-Oct-26 Date 2-Oct-26 2-Oct-26 2-Oct-26 2-Oct-26 Unity Quit Particulars Spike Income Share Party Spike Income Spike Income Enter: Alter Debit Amount DuÅicate Vch I Insert Vch Delete x: Cancel Vch Credit Amount 60.00 500.00 800.00 700.00 2,060.00 U: Restore Line Fl: Help F2: Date Company Voucher Type F 7: Show profit Columnar FIO B: Basis of = Values Chang...
[keys] '%i' -> Tally 'TallyPrime:9000'
[shot] tds-635-P9r-insert (1024x768)
[19:42:16] [tds] screen tds-635-P9r-insert : x Y: Data cb Unity TallyPrime MANAGE EDU K: Company Accounting Voucher Creation Recei t Account Current balance: Particulars Narration: Quit Z: Exchange A Accept Q Search O: Import E: Export M: Share FinCom • ke Co p: print x 2-Oct-26 Friday Amount Fl: Help Q: Date Company Ed: Contra Payment F-6: Receipt Journal Sales o 3371a o run 3b4-9 2731- acep 2+67- Purchase 2731- Fl O: OåuVooctgs E: Autofill Change Mode More Details O: Related ¯ Repons Optional post -Dated J: Stat acep .337. ning 17523 ing j _id" : 1-01" 2+67- D: Delete x: Cancel Vch Adjustment El 2: Configure Mode Windows Server 2025 Da...
[keys] 'Cash{ENTER}' -> Tally 'TallyPrime:9000'
[shot] tds-636-P9r-account (1024x768)
[19:42:20] [tds] screen tds-636-P9r-account : x Y: Data cb Unity TallyPrime MANAGE EDU K: Company Accounting Voucher Creation Recei t Account Cash Current balance: 6,340.00 Cr Particulars Narration: Quit Z: Exchange A Accept Q Search O: Import E: Export M: Share FinCom • ke Co p: print x 2-Oct-26 Friday Amount Fl: Help Q: Date Company Ed: Contra Payment F-6: Receipt Journal Sales o 3371a o run 3b4-9 2731- acep 2+67- Purchase 2731- Fl O: OåuVooctgs E: Autofill Change Mode More Details O: Related ¯ Repons Optional post -Dated J: Stat acep .337. ning 17523 ing j _id" : 1-01" 2+67- D: Delete x: Cancel Vch Adjustment El 2: Configure Mode Windo...
[keys] 'Spike Income{ENTER}' -> Tally 'TallyPrime:9000'
[shot] tds-637-P9r-ledger (1024x768)
[19:42:23] [tds] screen tds-637-P9r-ledger : x Y: Data cb Unity TallyPrime MANAGE EDU K: Company Accounting Voucher Creation Recei t Account Cash Z: Exchange A Accept Q Search O: Import E: Export M: Share FinCom • ke Co p: print x 2-Oct-26 Friday Amount Fl: Help Q: Date Company Ed: Contra Payment F-6: Receipt Journal Sales o 3371a o run 3b4-9 2731- acep 2+67- Current balance: 6,340.00 Cr Particulars Spike Income CurBal: 7,060.00 Cr Narration: Quit Purchase 2731- Fl O: OåuVooctgs E: Autofill Change Mode More Details O: Related ¯ Repons Optional post -Dated J: Stat acep .337. ning 17523 ing j _id" : 1-01" 2+67- D: Delete x: Cancel Vch Adju...
[shot] tds-638-P9r-led-sub1 (1024x768)
[19:42:24] [tds] screen tds-638-P9r-led-sub1 : x Y: Data cb Unity TallyPrime MANAGE EDU K: Company Accounting Voucher Creation Recei t Account Cash Z: Exchange A Accept Q Search O: Import E: Export M: Share FinCom • ke Co p: print x 2-Oct-26 Friday Amount Fl: Help Q: Date Company Ed: Contra Payment F-6: Receipt Journal Sales o 3371a o run 3b4-9 2731- acep 2+67- Current balance: 6,340.00 Cr Particulars Spike Income CurBal: 7,060.00 Cr Narration: Quit Purchase 2731- Fl O: OåuVooctgs E: Autofill Change Mode More Details O: Related ¯ Repons Optional post -Dated J: Stat acep .337. ning 17523 ing j _id" : 1-01" 2+67- D: Delete x: Cancel Vch Adju...
[keys] '70{ENTER}' -> Tally 'TallyPrime:9000'
[shot] tds-639-P9r-amount (1024x768)
[19:42:28] [tds] screen tds-639-P9r-amount : TallyPrime MANAGE EDU K: Company Cost Centre Allocations Unity Quit Y: Data Z: Exchange O: Import E: Export M: Share p: print x Fl: Help FinCom Spike Co Cost Allocations for : Spike Income Up to: 70.00 cr Name of Cost Centre Ehare Em 1 A Accept Q Search Amount 70.00 70.00 o 3371a o run 3b4-9 2731- acep 2+67- 2731- acep .337. ning 17523 ing j _id" : 1-01" 2+67- Mode Windows Server 2025 Datacenter Build 26100.ge_release240331-1435 7:42 PM 10/8/2026
[shot] tds-640-P9r-amt-sub1 (1024x768)
[19:42:29] [tds] screen tds-640-P9r-amt-sub1 : TallyPrime MANAGE EDU K: Company Cost Centre Allocations Unity Quit Y: Data Z: Exchange O: Import E: Export M: Share p: print x Fl: Help FinCom Spike Co Cost Allocations for : Spike Income Up to: 70.00 cr Name of Cost Centre Ehare Em 1 A Accept Q Search Amount 70.00 70.00 o 3371a o run 3b4-9 2731- acep 2+67- 2731- acep .337. ning 17523 ing j _id" : 1-01" 2+67- Mode Windows Server 2025 Datacenter Build 26100.ge_release240331-1435 7:42 PM 10/8/2026
[keys] '^a' -> Tally 'TallyPrime:9000'
[shot] tds-641-P9r-amt-sub-accept (1024x768)
[19:42:32] [tds] screen tds-641-P9r-amt-sub-accept : x Y: Data cb Unity TallyPrime MANAGE EDU K: Company Accounting Voucher Creation Recei t Account Cash Z: Exchange 70.00 Cr A Accept Q Search O: Import E: Export M: Share FinCom • ke Co p: print x 2-Oct-26 Friday Amount 70.00 70.00 Fl: Help Q: Date Company Ed: Contra Payment F-6: Receipt : Journal Sales o 3371a o run 3b4-9 2731- acep 2+67- Current balance: 6,270.00 Cr Particulars Spike Income CurBal: 7,130.00 Cr Share Emp 1 Narration: Quit Purchase 2731- Fl O: OåuVooctgs E: Autofill Change Mode More Details O: Related ¯ Repons Optional post -Dated J: Stat acep .337. ning 17523 ing j _id" : 1-01"...
[shot] tds-642-P9r-amt-sub2 (1024x768)
[19:42:33] [tds] screen tds-642-P9r-amt-sub2 : x Y: Data cb Unity TallyPrime MANAGE EDU K: Company Accounting Voucher Creation Recei t Account Cash Z: Exchange 70.00 Cr A Accept Q Search O: Import E: Export M: Share FinCom • ke Co p: print x 2-Oct-26 Friday Amount 70.00 70.00 Fl: Help Q: Date Company Ed: Contra Payment F-6: Receipt : Journal Sales o 3371a o run 3b4-9 2731- acep 2+67- Current balance: 6,270.00 Cr Particulars Spike Income CurBal: 7,130.00 Cr Share Emp 1 Narration: Quit Purchase 2731- Fl O: OåuVooctgs E: Autofill Change Mode More Details O: Related ¯ Repons Optional post -Dated J: Stat acep .337. ning 17523 ing j _id" : 1-01"...
[keys] '{ENTER}' -> Tally 'TallyPrime:9000'
[shot] tds-643-P9r-rows-done (1024x768)
[19:42:37] [tds] screen tds-643-P9r-rows-done : x Y: Data cb 65 Unity TallyPrime MANAGE EDU K: Company Accounting Voucher Creation Recei t Account Cash Z: Exchange 70.00 Cr Accept Q Search O: Import E: Export M: Share FinCom • ke Co p: print x 2-Oct-26 Friday Amount 70.00 70.00 Fl: Help Q: Date Company Ed: Contra Payment F-6: Receipt : Journal Sales o 3371a o run 3b4-9 2731- acep 2+67- Current balance: 6,270.00 Cr Particulars Spike Income CurBal: 7,130.00 Cr Share Emp 1 Narration: Quit Purchase 2731- Fl O: OåuVooctgs E: Autofill Change Mode More Details O: Related ¯ Repons Optional post -Dated J: Stat acep .337. ning 17523 ing j _id" : 1-01...
[shot] tds-644-P9r-done-sub1 (1024x768)
[19:42:38] [tds] screen tds-644-P9r-done-sub1 : x Y: Data cb 65 Unity TallyPrime MANAGE EDU K: Company Accounting Voucher Creation Recei t Account Cash Z: Exchange 70.00 Cr Accept Q Search O: Import E: Export M: Share FinCom • ke Co p: print x 2-Oct-26 Friday Amount 70.00 70.00 Fl: Help Q: Date Company Ed: Contra Payment F-6: Receipt : Journal Sales o 3371a o run 3b4-9 2731- acep 2+67- Current balance: 6,270.00 Cr Particulars Spike Income CurBal: 7,130.00 Cr Share Emp 1 Narration: Quit Purchase 2731- Fl O: OåuVooctgs E: Autofill Change Mode More Details O: Related ¯ Repons Optional post -Dated J: Stat acep .337. ning 17523 ing j _id" : 1-01...
[keys] 'share insert renumbering{ENTER}' -> Tally 'TallyPrime:9000'
[shot] tds-645-P9r-narr (1024x768)
[19:42:42] [tds] screen tds-645-P9r-narr : Y: Data cb Unity TallyPrime MANAGE EDU K: Company Accounting Voucher Creation Recei t Account Cash Z: Exchange 70.00 Cr A: Accept Q Search O: Import E: Export M: Share FinCom Current balance: 6,270.00 Cr Particulars Spike Income CurBal: 7,130.00 Cr Share Emp 1 Narration: share insert renumbering Q: Quit p: print x 2-Oct-26 Friday Amount 70.00 70.00 Accept Q Yes or No D: Delete X: Cancel Vch x Fl: Help F-2: Date F-3: Company F-4: Contra F-5: Payment F-6: Receipt F-7: Journal F-9: Purchase PIO: E: Autofill H: Change = Mode I: More - Details O: Related ¯ Repons L: Optional T: post = -Dated J: Sta...
[keys] '^a' -> Tally 'TallyPrime:9000'
[shot] tds-646-P9r-ins-accept1 (1024x768)
[19:42:46] [tds] screen tds-646-P9r-ins-accept1 : x TallyPrime MANAGE EDU K: Company Da Book • List of Receipt Vouchers Y: Data Space: Sekd Z: Exchange A Add Vch Q Search FinCom • ke Co Vch Type Receipt Receipt Receipt Receipt Receipt O: Import Vch No. 1 2 3 4 5 Total: E: Export M: Share P: Print For 2-Oct-26 Date 2-Oct-26 2-Oct-26 2-Oct-26 2-Oct-26 2-Oct-26 Unity Quit Particulars Spike Income Spike Income Share Party Spike Income Spike Income Enter: Alter Debit Amount DuÅicate Vch I Insert Vch Delete x: Cancel Vch Credit Amount 70.00 60.00 500.00 800.00 700.00 2,130.00 U: Restore Line Fl: Help F2: Date Company Voucher Type F 7: Show profit C...
[shot] tds-647-P9r-ins-after1 (1024x768)
[19:42:47] [tds] screen tds-647-P9r-ins-after1 : x TallyPrime MANAGE EDU K: Company Da Book • List of Receipt Vouchers Y: Data Space: Sekd Z: Exchange A Add Vch Q Search FinCom • ke Co Vch Type Receipt Receipt Receipt Receipt Receipt O: Import Vch No. 1 2 3 4 5 Total: E: Export M: Share P: Print For 2-Oct-26 Date 2-Oct-26 2-Oct-26 2-Oct-26 2-Oct-26 2-Oct-26 Unity Quit Particulars Spike Income Spike Income Share Party Spike Income Spike Income Enter: Alter Debit Amount DuÅicate Vch I Insert Vch Delete x: Cancel Vch Credit Amount 70.00 60.00 500.00 800.00 700.00 2,130.00 U: Restore Line Fl: Help F2: Date Company Voucher Type F 7: Show profit C...
[shot] tds-648-gw0 (1024x768)
[19:42:48] [tds] screen tds-648-gw0 : x TallyPrime MANAGE EDU K: Company Da Book • List of Receipt Vouchers Y: Data Space: Sekd Z: Exchange A Add Vch Q Search FinCom • ke Co Vch Type Receipt Receipt Receipt Receipt Receipt O: Import Vch No. 1 2 3 4 5 Total: E: Export M: Share P: Print For 2-Oct-26 Date 2-Oct-26 2-Oct-26 2-Oct-26 2-Oct-26 2-Oct-26 Unity Quit Particulars Spike Income Spike Income Share Party Spike Income Spike Income Enter: Alter Debit Amount DuÅicate Vch I Insert Vch Delete x: Cancel Vch Credit Amount 70.00 60.00 500.00 800.00 700.00 2,130.00 U: Restore Line Fl: Help F2: Date Company Voucher Type F 7: Show profit C...
[keys] '{ESC}' -> Tally 'TallyPrime:9000'
[shot] tds-649-gw1 (1024x768)
[19:42:52] [tds] screen tds-649-gw1 : x TallyPrime MANAGE EDU K: Company Gatewa of Tall CURRENT PERIOD I-Apr-26 to 31-Mar-27 NAME OF COMPANY FinCom Spike Co Y: Data Z: Exchange CURRENT OATE Friday, 2-Oct-2026 O: Import E: Export M: Share p: print Fl: Help Date o 3371a Gateway of Tally MASTERS Create Alter CHart of Accounts TRANSACTIONS Vouchers Day 800K UTILITIES BaNking REPORTS Balance Sheet Profit & Loss A/c Stock Summary Ratio Analysis Display More Reports DashbOard Quit Unity Q 2-Oct-26 Search Company o run 3b4-9 2731- acep 2+67- 2731- acep .337. ning 17523 ing j _id" : 1-01" 2+67- Mode Windows Server 2025 Datacenter Build 261...
######## FAIL P9r renumbering on: insert: the insert made; Tally renumbered 4; ALTVCHID 30 -> 31; each: mid 25 1 -> 2, AlterID 30 -> 30, lines 0, the fast request says '2'; mid 7 2 -> 3, AlterID 26 -> 26, lines 0, the fast request says '3'; mid 8 3 -> 4, AlterID 24 -> 24, lines 0, the fast request says '4'; mid 23 4 -> 5, AlterID 23 -> 23, lines 0, the fast request says '5' (a renumbered receipt with no line keeps its old number in FinCom until something asks Tally for it)
[shot] tds-650-gw0 (1024x768)
[19:42:53] [tds] screen tds-650-gw0 : x TallyPrime MANAGE EDU K: Company Gatewa of Tall CURRENT PERIOD I-Apr-26 to 31-Mar-27 NAME OF COMPANY FinCom Spike Co Y: Data Z: Exchange CURRENT OATE Friday, 2-Oct-2026 O: Import E: Export M: Share p: print Fl: Help Date o 3371a Gateway of Tally MASTERS Create Alter CHart of Accounts TRANSACTIONS Vouchers Day 800K UTILITIES BaNking REPORTS Balance Sheet Profit & Loss A/c Stock Summary Ratio Analysis Display More Reports DashbOard Quit Unity Q 2-Oct-26 Search Company o run 3b4-9 2731- acep 2+67- 2731- acep .337. ning 17523 ing j _id" : 1-01" 2+67- Mode Windows Server 2025 Datacenter Build 261...
[keys] '%g' -> Tally 'TallyPrime:9000'
[shot] tds-651-P9r-delete-goto (1024x768)
[19:42:56] [tds] screen tds-651-P9r-delete-goto : x R CEDU TallyPrime MANAGE K: Company List of Re Y: Data Its Z: Exchange O: Import E: Export M: Share p: print Fl: Help x FinCom Spike Co (Predefined) (Predefined) (Predefined) Saved Views Purchase Dashboard Sales Dashboard Outstanding MSME Bills Common Reports Dashboard Balance Sheet Profit & Loss A/c Cash/Bank Book Day Book Ledger Vouchers Stock Summary Trial Balance Bills Receivable Bills Payable Master and Voucher Statistics Stock Query Chart of Accounts Final Accounts Reports Receivables & Payables Reports Banking Utilities Ledger Reports Q Create Voucher Create Master Alter Master Expand...
[keys] 'Day Book' -> Tally 'TallyPrime:9000'
[keys] '{ENTER}' -> Tally 'TallyPrime:9000'
[shot] tds-652-P9r-delete-daybook (1024x768)
[19:43:03] [tds] screen tds-652-P9r-delete-daybook : x R CEDU Da Book • Day Book TallyPrime MANAGE K: Company Particulars Cash Share Supplier Share Expense Spike Income Spike Income Share Party Spike Income Spike Income Share Expense Share Expense Share Expense Share Party Share Party Share Party Share Party Share Party Share Supplier Share Supplier Share Supplier Enter: Alter Y: Data Space: Sekd Z: Exchange A Add Vch Q Search FinCom • ke Co Vch Type Contra Payment Payment Receipt Receipt Receipt Receipt Receipt Journal Journal Journal Credit Note Sales Sales Sales Sales Purchase Purchase Purchase O: Import Vch No. 1 1 2 1 2 3 4 5 6 7 8 1 1 2 3 ...
[keys] '{F2}' -> Tally 'TallyPrime:9000'
[shot] tds-653-P9r-delete-db-date (1024x768)
[19:43:07] [tds] screen tds-653-P9r-delete-db-date : TallyPrime MANAGE EDU K: Company Change Date Unity Quit Y: Data Z: Exchange A Accept Q Search O: Import E: Export M: Share p: print x Fl: Help FinCom Spike Co Change Date 2-10-2026 o 3371a o run 3b4-9 2731- acep 2+67- 2731- acep .337. ning 17523 ing j _id" : 1-01" 2+67- Mode Windows Server 2025 Datacenter Build 26100.ge_release240331-1435 7:43 PM 10/8/2026
[keys] '2-10-2026{ENTER}' -> Tally 'TallyPrime:9000'
[shot] tds-654-P9r-delete-db-dated (1024x768)
[19:43:11] [tds] screen tds-654-P9r-delete-db-dated : x R CEDU Da Book • Day Book TallyPrime MANAGE K: Company Particulars Cash Share Supplier Share Expense Spike Income Spike Income Share Party Spike Income Spike Income Share Expense Share Expense Share Expense Share Party Share Party Share Party Share Party Share Party Share Supplier Share Supplier Share Supplier Enter: Alter Y: Data Space: Sekd Z: Exchange A Add Vch Q Search FinCom • ke Co Vch Type Contra Payment Payment Receipt Receipt Receipt Receipt Receipt Journal Journal Journal Credit Note Sales Sales Sales Sales Purchase Purchase Purchase O: Import Vch No. 1 1 2 1 2 3 4 5 6 7 8 1 1 2 3 ...
[keys] '{F4}' -> Tally 'TallyPrime:9000'
[shot] tds-655-P9r-delete-db-type (1024x768)
[19:43:15] [tds] screen tds-655-P9r-delete-db-type : TallyPrime MANAGE EDU K: Company Change Voucher Type Unity Quit Y: Data Z: Exchange O: Import E: Export M: Share p: print x Fl: Help FinCom • ke Co Name of VoucherType Voucher T • All Items Attendance Contra Credit Note Debit Note Journal s Create Memorandum Payment Payroll Physical Stock Purchase Receipt Reversing Journal Sales Stock Journal A Accept Q Search o 3371a o run 3b4-9 2731- acep 2+67- 2731- acep .337. ning 17523 ing j _id" : 1-01" 2+67- Mode Windows Server 2025 Datacenter Build 26100.ge_release240331-1435 7:43 PM 10/8/2026
[keys] 'Receipt{ENTER}' -> Tally 'TallyPrime:9000'
[shot] tds-656-P9r-delete-db-typed (1024x768)
[19:43:20] [tds] screen tds-656-P9r-delete-db-typed : x TallyPrime MANAGE EDU K: Company Da Book • List of Receipt Vouchers Y: Data Space: Sekd Z: Exchange A Add Vch Q Search FinCom • ke Co Vch Type Receipt Receipt Receipt Receipt Receipt O: Import Vch No. 1 2 3 4 5 Total: E: Export M: Share P: Print For 2-Oct-26 Date 2-Oct-26 2-Oct-26 2-Oct-26 2-Oct-26 2-Oct-26 Unity Quit Particulars Spike Income Spike Income Share Party Spike Income Spike Income Enter: Alter Debit Amount DuÅicate Vch I Insert Vch Delete x: Cancel Vch Credit Amount 70.00 60.00 500.00 800.00 700.00 2,130.00 U: Restore Line Fl: Help F2: Date Company Voucher Type F 7: Show profit C...
[keys] '{END}' -> Tally 'TallyPrime:9000'
[shot] tds-657-P9r-delete-db-last (1024x768)
[19:43:23] [tds] screen tds-657-P9r-delete-db-last : x TallyPrime MANAGE EDU K: Company Da Book • List of Receipt Vouchers Y: Data Space: Sekd Z: Exchange A Add Vch Q Search FinCom • ke Co Vch Type Receipt Receipt Receipt Receipt Receipt O: Import Vch No. 1 2 3 4 5 Total: E: Export M: Share P: Print For 2-Oct-26 Date 2-Oct-26 2-Oct-26 2-Oct-26 2-Oct-26 2-Oct-26 Unity Quit Particulars Spike Income Spike Income Share Party Spike Income Spike Income Enter: Alter Debit Amount DuÅicate Vch I Insert Vch Delete x: Cancel Vch Credit Amount 70.00 60.00 500.00 800.00 700.00 2,130.00 U: Restore Line Fl: Help F2: Date Company Voucher Type F 7: Show profit C...
[keys] '{HOME}' -> Tally 'TallyPrime:9000'
[shot] tds-658-P9r-delete-first (1024x768)
[19:43:26] [tds] screen tds-658-P9r-delete-first : x TallyPrime MANAGE EDU K: Company Da Book • List of Receipt Vouchers Y: Data Space: Sekd Z: Exchange A Add Vch Q Search FinCom • ke Co Vch Type Receipt Receipt Receipt Receipt Receipt O: Import Vch No. 1 2 3 4 5 Total: E: Export M: Share P: Print For 2-Oct-26 Date 2-Oct-26 2-Oct-26 2-Oct-26 2-Oct-26 2-Oct-26 Unity Quit Particulars Spike Income Spike Income Share Party Spike Income Spike Income Enter: Alter Debit Amount DuÅicate Vch I Insert Vch Delete x: Cancel Vch Credit Amount 70.00 60.00 500.00 800.00 700.00 2,130.00 U: Restore Line Fl: Help F2: Date Company Voucher Type F 7: Show profit C...
[keys] '{DOWN}' -> Tally 'TallyPrime:9000'
[shot] tds-659-P9r-down1 (1024x768)
[19:43:29] [tds] screen tds-659-P9r-down1 : x TallyPrime MANAGE EDU K: Company Da Book • List of Receipt Vouchers Y: Data Space: Sekd Z: Exchange A Add Vch Q Search FinCom • ke Co Vch Type Receipt Receipt Receipt Receipt Receipt O: Import Vch No. 1 2 3 4 5 Total: E: Export M: Share P: Print For 2-Oct-26 Date 2-Oct-26 2-Oct-26 2-Oct-26 2-Oct-26 2-Oct-26 Unity Quit Particulars Spike Income Spike Income Share Party Spike Income Spike Income Enter: Alter Debit Amount DuÅicate Vch I Insert Vch Delete x: Cancel Vch Credit Amount 70.00 60.00 500.00 800.00 700.00 2,130.00 U: Restore Line Fl: Help F2: Date Company Voucher Type F 7: Show profit C...
[keys] '{DOWN}' -> Tally 'TallyPrime:9000'
[shot] tds-660-P9r-middle (1024x768)
[19:43:32] [tds] screen tds-660-P9r-middle : x TallyPrime MANAGE EDU K: Company Da Book • List of Receipt Vouchers Y: Data Space: Sekd Z: Exchange A Add Vch Q Search FinCom • ke Co Vch Type Receipt Receipt Receipt Receipt Receipt O: Import Vch No. 1 2 3 4 5 Total: E: Export M: Share P: Print For 2-Oct-26 Date 2-Oct-26 2-Oct-26 2-Oct-26 2-Oct-26 2-Oct-26 Unity Quit Particulars Spike Income Spike Income Share Party Spike Income Spike Income Enter: Alter Debit Amount DuÅicate Vch I Insert Vch Delete x: Cancel Vch Credit Amount 70.00 60.00 500.00 800.00 700.00 2,130.00 U: Restore Line Fl: Help F2: Date Company Voucher Type F 7: Show profit C...
[keys] '%d' -> Tally 'TallyPrime:9000'
[shot] tds-661-P9r-delete-q (1024x768)
[19:43:37] [tds] screen tds-661-P9r-delete-q : x R CEDU Day Book Unity Q: Quit TallyPrime MANAGE K: Company Enter: Alter Y: Data Z: Exchange FinCom Spike Co Delete Q Yes or No O: Import E: Export M: Share p: print x Fl: Help F2: Date F 3: Company F4: Voucher Type F 7: Show profit F8: Columnar FIO B: Basis of = Values H: Change = View J: Exception = Reports L: Save View F: Apply = Filter F: Filter ¯ Details o 3371a o run 3b4-9 2731- acep 2+67- 2731- acep .337. ning 17523 ing j _id" : 1-01" 2+67- Mode Space: Seé:t IA:Add Vch I R: Üup(icateVch I l: Insert Vch Ip: Delete Q Search Cancel Vch R: Remue Line U: Restore Line I F12: Configure Window...
[shot] tds-662-P9r-delete-ask (1024x768)
[19:43:38] [tds] screen tds-662-P9r-delete-ask : x R CEDU Day Book Unity Q: Quit TallyPrime MANAGE K: Company Enter: Alter Y: Data Z: Exchange FinCom Spike Co Delete Q Yes or No O: Import E: Export M: Share p: print x Fl: Help F2: Date F 3: Company F4: Voucher Type F 7: Show profit F8: Columnar FIO B: Basis of = Values H: Change = View J: Exception = Reports L: Save View F: Apply = Filter F: Filter ¯ Details o 3371a o run 3b4-9 2731- acep 2+67- 2731- acep .337. ning 17523 ing j _id" : 1-01" 2+67- Mode Space: Seé:t IA:Add Vch I R: Üup(icateVch I l: Insert Vch Ip: Delete Q Search Cancel Vch R: Remue Line U: Restore Line I F12: Configure Window...
[keys] 'y' -> Tally 'TallyPrime:9000'
[shot] tds-663-gw0 (1024x768)
[19:43:42] [tds] screen tds-663-gw0 : x TallyPrime MANAGE EDU K: Company Da Book • List of Receipt Vouchers Y: Data Space: Sekd Z: Exchange A Add Vch Q Search FinCom • ke Co Vch Type Receipt Receipt Receipt Receipt O: Import Vch No. 1 2 3 4 Total: E: Export M: Share P: Print For 2-Oct-26 Date 2-Oct-26 2-Oct-26 2-Oct-26 2-Oct-26 Unity Quit Particulars Spike Income Spike Income Spike Income Spike Income Enter: Alter Debit Amount DuÅicate Vch I Insert Vch Delete x: Cancel Vch Credit Amount 70.00 60.00 800.00 700.00 1,630.00 U: Restore Line Fl: Help F2: Date Company Voucher Type F 7: Show profit Columnar FIO B: Basis of = Values Chang...
[keys] '{ESC}' -> Tally 'TallyPrime:9000'
[shot] tds-664-gw1 (1024x768)
[19:43:46] [tds] screen tds-664-gw1 : x TallyPrime MANAGE EDU K: Company Gatewa of Tall CURRENT PERIOD I-Apr-26 to 31-Mar-27 NAME OF COMPANY FinCom Spike Co Y: Data Z: Exchange CURRENT OATE Friday, 2-Oct-2026 O: Import E: Export M: Share p: print Fl: Help Date o 3371a Gateway of Tally MASTERS Create Alter CHart of Accounts TRANSACTIONS Vouchers Day 800K UTILITIES BaNking REPORTS Balance Sheet Profit & Loss A/c Stock Summary Ratio Analysis Display More Reports DashbOard Quit Unity Q 2-Oct-26 Search Company o run 3b4-9 2731- acep 2+67- 2731- acep .337. ning 17523 ing j _id" : 1-01" 2+67- Mode Windows Server 2025 Datacenter Build 261...
######## FAIL P9r renumbering on: delete: the delete made; Tally renumbered 2; ALTVCHID 31 -> 32; each: mid 8 4 -> 3, AlterID 24 -> 24, lines 0, the fast request says '3'; mid 23 5 -> 4, AlterID 23 -> 23, lines 0, the fast request says '4' (a renumbered receipt with no line keeps its old number in FinCom until something asks Tally for it)
[p7 invoice SH-E1] 29 ms: <RESPONSE><CREATED>1</CREATED><ALTERED>0</ALTERED><DELETED>0</DELETED><LASTVCHID>27</LASTVCHID><LASTMID>0</LASTMID><COMBINED>0</COMBINED><IGNORED>0</IGNORED><ERRORS>0</ERRORS><CANCELLED>0</CANCELLED><EXCEPTIONS>0</EXCEPTIONS></RESPONSE>
  voucher mid=1 aid=1 Journal/1/20260401 guid=2bbc8f60-fad7-4b8f-b633-510b49c07cf5-00000001 cancelled=False
  voucher mid=2 aid=2 Journal/2/20261001 guid=2bbc8f60-fad7-4b8f-b633-510b49c07cf5-00000002 cancelled=False
  voucher mid=3 aid=3 Journal/3/20261001 guid=2bbc8f60-fad7-4b8f-b633-510b49c07cf5-00000003 cancelled=False
  voucher mid=4 aid=4 Journal/4/20261001 guid=2bbc8f60-fad7-4b8f-b633-510b49c07cf5-00000004 cancelled=False
  voucher mid=5 aid=5 Journal/5/20261001 guid=2bbc8f60-fad7-4b8f-b633-510b49c07cf5-00000005 cancelled=False
  voucher mid=6 aid=28 Payroll/1/20261001 guid=2bbc8f60-fad7-4b8f-b633-510b49c07cf5-00000006 cancelled=False
  voucher mid=24 aid=27 Payroll/2/20261001 guid=2bbc8f60-fad7-4b8f-b633-510b49c07cf5-00000018 cancelled=False
  voucher mid=26 aid=31 Receipt/1/20261002 guid=2bbc8f60-fad7-4b8f-b633-510b49c07cf5-0000001a cancelled=False
  voucher mid=25 aid=30 Receipt/2/20261002 guid=2bbc8f60-fad7-4b8f-b633-510b49c07cf5-00000019 cancelled=False
  voucher mid=8 aid=24 Receipt/3/20261002 guid=2bbc8f60-fad7-4b8f-b633-510b49c07cf5-00000008 cancelled=False
  voucher mid=9 aid=9 Payment/1/20261002 guid=2bbc8f60-fad7-4b8f-b633-510b49c07cf5-00000009 cancelled=False
  voucher mid=10 aid=10 Payment/2/20261002 guid=2bbc8f60-fad7-4b8f-b633-510b49c07cf5-0000000a cancelled=False
  voucher mid=11 aid=29 Contra/1/20261002 guid=2bbc8f60-fad7-4b8f-b633-510b49c07cf5-0000000b cancelled=False
  voucher mid=12 aid=12 Journal/6/20261002 guid=2bbc8f60-fad7-4b8f-b633-510b49c07cf5-0000000c cancelled=False
  voucher mid=13 aid=13 Journal/7/20261002 guid=2bbc8f60-fad7-4b8f-b633-510b49c07cf5-0000000d cancelled=False
  voucher mid=14 aid=25 Sales/1/20261002 guid=2bbc8f60-fad7-4b8f-b633-510b49c07cf5-0000000e cancelled=False
  voucher mid=15 aid=15 Sales/2/20261002 guid=2bbc8f60-fad7-4b8f-b633-510b49c07cf5-0000000f cancelled=False
  voucher mid=16 aid=16 Sales/3/20261002 guid=2bbc8f60-fad7-4b8f-b633-510b49c07cf5-00000010 cancelled=False
  voucher mid=17 aid=17 Purchase/1/20261002 guid=2bbc8f60-fad7-4b8f-b633-510b49c07cf5-00000011 cancelled=False
  voucher mid=18 aid=18 Purchase/2/20261002 guid=2bbc8f60-fad7-4b8f-b633-510b49c07cf5-00000012 cancelled=False
  voucher mid=19 aid=19 Sales/4/20261002 guid=2bbc8f60-fad7-4b8f-b633-510b49c07cf5-00000013 cancelled=False
  voucher mid=20 aid=20 Purchase/3/20261002 guid=2bbc8f60-fad7-4b8f-b633-510b49c07cf5-00000014 cancelled=False
  voucher mid=21 aid=21 Credit Note/1/20261002 guid=2bbc8f60-fad7-4b8f-b633-510b49c07cf5-00000015 cancelled=False
  voucher mid=22 aid=22 Journal/8/20261002 guid=2bbc8f60-fad7-4b8f-b633-510b49c07cf5-00000016 cancelled=False
  voucher mid=23 aid=23 Receipt/4/20261002 guid=2bbc8f60-fad7-4b8f-b633-510b49c07cf5-00000017 cancelled=False
  voucher mid=27 aid=33 Sales/5/20261031 guid=2bbc8f60-fad7-4b8f-b633-510b49c07cf5-0000001b cancelled=False
[p7a IRN and e-way bill by a tool] 30 ms: <RESPONSE><CREATED>0</CREATED><ALTERED>1</ALTERED><DELETED>0</DELETED><LASTVCHID>27</LASTVCHID><LASTMID>0</LASTMID><COMBINED>0</COMBINED><IGNORED>0</IGNORED><ERRORS>0</ERRORS><CANCELLED>0</CANCELLED><EXCEPTIONS>0</EXCEPTIONS></RESPONSE>
  voucher mid=1 aid=1 Journal/1/20260401 guid=2bbc8f60-fad7-4b8f-b633-510b49c07cf5-00000001 cancelled=False
  voucher mid=2 aid=2 Journal/2/20261001 guid=2bbc8f60-fad7-4b8f-b633-510b49c07cf5-00000002 cancelled=False
  voucher mid=3 aid=3 Journal/3/20261001 guid=2bbc8f60-fad7-4b8f-b633-510b49c07cf5-00000003 cancelled=False
  voucher mid=4 aid=4 Journal/4/20261001 guid=2bbc8f60-fad7-4b8f-b633-510b49c07cf5-00000004 cancelled=False
  voucher mid=5 aid=5 Journal/5/20261001 guid=2bbc8f60-fad7-4b8f-b633-510b49c07cf5-00000005 cancelled=False
  voucher mid=6 aid=28 Payroll/1/20261001 guid=2bbc8f60-fad7-4b8f-b633-510b49c07cf5-00000006 cancelled=False
  voucher mid=24 aid=27 Payroll/2/20261001 guid=2bbc8f60-fad7-4b8f-b633-510b49c07cf5-00000018 cancelled=False
  voucher mid=26 aid=31 Receipt/1/20261002 guid=2bbc8f60-fad7-4b8f-b633-510b49c07cf5-0000001a cancelled=False
  voucher mid=25 aid=30 Receipt/2/20261002 guid=2bbc8f60-fad7-4b8f-b633-510b49c07cf5-00000019 cancelled=False
  voucher mid=8 aid=24 Receipt/3/20261002 guid=2bbc8f60-fad7-4b8f-b633-510b49c07cf5-00000008 cancelled=False
  voucher mid=9 aid=9 Payment/1/20261002 guid=2bbc8f60-fad7-4b8f-b633-510b49c07cf5-00000009 cancelled=False
  voucher mid=10 aid=10 Payment/2/20261002 guid=2bbc8f60-fad7-4b8f-b633-510b49c07cf5-0000000a cancelled=False
  voucher mid=11 aid=29 Contra/1/20261002 guid=2bbc8f60-fad7-4b8f-b633-510b49c07cf5-0000000b cancelled=False
  voucher mid=12 aid=12 Journal/6/20261002 guid=2bbc8f60-fad7-4b8f-b633-510b49c07cf5-0000000c cancelled=False
  voucher mid=13 aid=13 Journal/7/20261002 guid=2bbc8f60-fad7-4b8f-b633-510b49c07cf5-0000000d cancelled=False
  voucher mid=14 aid=25 Sales/1/20261002 guid=2bbc8f60-fad7-4b8f-b633-510b49c07cf5-0000000e cancelled=False
  voucher mid=15 aid=15 Sales/2/20261002 guid=2bbc8f60-fad7-4b8f-b633-510b49c07cf5-0000000f cancelled=False
  voucher mid=16 aid=16 Sales/3/20261002 guid=2bbc8f60-fad7-4b8f-b633-510b49c07cf5-00000010 cancelled=False
  voucher mid=17 aid=17 Purchase/1/20261002 guid=2bbc8f60-fad7-4b8f-b633-510b49c07cf5-00000011 cancelled=False
  voucher mid=18 aid=18 Purchase/2/20261002 guid=2bbc8f60-fad7-4b8f-b633-510b49c07cf5-00000012 cancelled=False
  voucher mid=19 aid=19 Sales/4/20261002 guid=2bbc8f60-fad7-4b8f-b633-510b49c07cf5-00000013 cancelled=False
  voucher mid=20 aid=20 Purchase/3/20261002 guid=2bbc8f60-fad7-4b8f-b633-510b49c07cf5-00000014 cancelled=False
  voucher mid=21 aid=21 Credit Note/1/20261002 guid=2bbc8f60-fad7-4b8f-b633-510b49c07cf5-00000015 cancelled=False
  voucher mid=22 aid=22 Journal/8/20261002 guid=2bbc8f60-fad7-4b8f-b633-510b49c07cf5-00000016 cancelled=False
  voucher mid=23 aid=23 Receipt/4/20261002 guid=2bbc8f60-fad7-4b8f-b633-510b49c07cf5-00000017 cancelled=False
  voucher mid=27 aid=34 Sales/5/20261031 guid=2bbc8f60-fad7-4b8f-b633-510b49c07cf5-0000001b cancelled=False
######## FAIL P7a IRN and e-way bill written back after the save by a tool: made by an XML alteration (DATE="20261031" TAGNAME="Voucher Number" TAGVALUE="5" VCHTYPE="Sales" ACTION="Alter"): Tally stored IRN 'IRN-SHARE-0001' ack 'ACK-SHARE-1' 20261031 e-way bill '381101234299', AlterID 33 -> 34, no other entry changed; the add-on wrote 0 line(s) (an alteration with no form: by design no line; the counter route / Day Book has it)
[19:43:46] ---- share einvoice-save: alteration: the e-invoice (IRN and e-way bill set by a tool) saved again on its form
  voucher mid=1 aid=1 Journal/1/20260401 guid=2bbc8f60-fad7-4b8f-b633-510b49c07cf5-00000001 cancelled=False
  voucher mid=2 aid=2 Journal/2/20261001 guid=2bbc8f60-fad7-4b8f-b633-510b49c07cf5-00000002 cancelled=False
  voucher mid=3 aid=3 Journal/3/20261001 guid=2bbc8f60-fad7-4b8f-b633-510b49c07cf5-00000003 cancelled=False
  voucher mid=4 aid=4 Journal/4/20261001 guid=2bbc8f60-fad7-4b8f-b633-510b49c07cf5-00000004 cancelled=False
  voucher mid=5 aid=5 Journal/5/20261001 guid=2bbc8f60-fad7-4b8f-b633-510b49c07cf5-00000005 cancelled=False
  voucher mid=6 aid=28 Payroll/1/20261001 guid=2bbc8f60-fad7-4b8f-b633-510b49c07cf5-00000006 cancelled=False
  voucher mid=24 aid=27 Payroll/2/20261001 guid=2bbc8f60-fad7-4b8f-b633-510b49c07cf5-00000018 cancelled=False
  voucher mid=26 aid=31 Receipt/1/20261002 guid=2bbc8f60-fad7-4b8f-b633-510b49c07cf5-0000001a cancelled=False
  voucher mid=25 aid=30 Receipt/2/20261002 guid=2bbc8f60-fad7-4b8f-b633-510b49c07cf5-00000019 cancelled=False
  voucher mid=8 aid=24 Receipt/3/20261002 guid=2bbc8f60-fad7-4b8f-b633-510b49c07cf5-00000008 cancelled=False
  voucher mid=9 aid=9 Payment/1/20261002 guid=2bbc8f60-fad7-4b8f-b633-510b49c07cf5-00000009 cancelled=False
  voucher mid=10 aid=10 Payment/2/20261002 guid=2bbc8f60-fad7-4b8f-b633-510b49c07cf5-0000000a cancelled=False
  voucher mid=11 aid=29 Contra/1/20261002 guid=2bbc8f60-fad7-4b8f-b633-510b49c07cf5-0000000b cancelled=False
  voucher mid=12 aid=12 Journal/6/20261002 guid=2bbc8f60-fad7-4b8f-b633-510b49c07cf5-0000000c cancelled=False
  voucher mid=13 aid=13 Journal/7/20261002 guid=2bbc8f60-fad7-4b8f-b633-510b49c07cf5-0000000d cancelled=False
  voucher mid=14 aid=25 Sales/1/20261002 guid=2bbc8f60-fad7-4b8f-b633-510b49c07cf5-0000000e cancelled=False
  voucher mid=15 aid=15 Sales/2/20261002 guid=2bbc8f60-fad7-4b8f-b633-510b49c07cf5-0000000f cancelled=False
  voucher mid=16 aid=16 Sales/3/20261002 guid=2bbc8f60-fad7-4b8f-b633-510b49c07cf5-00000010 cancelled=False
  voucher mid=17 aid=17 Purchase/1/20261002 guid=2bbc8f60-fad7-4b8f-b633-510b49c07cf5-00000011 cancelled=False
  voucher mid=18 aid=18 Purchase/2/20261002 guid=2bbc8f60-fad7-4b8f-b633-510b49c07cf5-00000012 cancelled=False
  voucher mid=19 aid=19 Sales/4/20261002 guid=2bbc8f60-fad7-4b8f-b633-510b49c07cf5-00000013 cancelled=False
  voucher mid=20 aid=20 Purchase/3/20261002 guid=2bbc8f60-fad7-4b8f-b633-510b49c07cf5-00000014 cancelled=False
  voucher mid=21 aid=21 Credit Note/1/20261002 guid=2bbc8f60-fad7-4b8f-b633-510b49c07cf5-00000015 cancelled=False
  voucher mid=22 aid=22 Journal/8/20261002 guid=2bbc8f60-fad7-4b8f-b633-510b49c07cf5-00000016 cancelled=False
  voucher mid=23 aid=23 Receipt/4/20261002 guid=2bbc8f60-fad7-4b8f-b633-510b49c07cf5-00000017 cancelled=False
  voucher mid=27 aid=34 Sales/5/20261031 guid=2bbc8f60-fad7-4b8f-b633-510b49c07cf5-0000001b cancelled=False
[shot] tds-665-gw0 (1024x768)
[19:43:47] [tds] screen tds-665-gw0 : x TallyPrime MANAGE EDU K: Company Gatewa of Tall CURRENT PERIOD I-Apr-26 to 31-Mar-27 NAME OF COMPANY FinCom Spike Co Y: Data Z: Exchange CURRENT OATE Friday, 2-Oct-2026 O: Import E: Export M: Share p: print Fl: Help Date o 3371a Gateway of Tally MASTERS Create Alter CHart of Accounts TRANSACTIONS Vouchers Day 800K UTILITIES BaNking REPORTS Balance Sheet Profit & Loss A/c Stock Summary Ratio Analysis Display More Reports DashbOard Quit Unity Q 2-Oct-26 Search Company o run 3b4-9 2731- acep 2+67- 2731- acep .337. ning 17523 ing j _id" : 1-01" 2+67- Mode Windows Server 2025 Datacenter Build 261...
[keys] '%g' -> Tally 'TallyPrime:9000'
[shot] tds-666-P7b-goto (1024x768)
[19:43:51] [tds] screen tds-666-P7b-goto : x R CEDU TallyPrime MANAGE K: Company List of Re Y: Data Its Z: Exchange O: Import E: Export M: Share p: print Fl: Help x FinCom Spike Co (Predefined) (Predefined) (Predefined) Saved Views Purchase Dashboard Sales Dashboard Outstanding MSME Bills Common Reports Dashboard Balance Sheet Profit & Loss A/c Cash/Bank Book Day Book Ledger Vouchers Stock Summary Trial Balance Bills Receivable Bills Payable Master and Voucher Statistics Stock Query Chart of Accounts Final Accounts Reports Receivables & Payables Reports Banking Utilities Ledger Reports Q Create Voucher Create Master Alter Master Expand...
[keys] 'Day Book' -> Tally 'TallyPrime:9000'
[keys] '{ENTER}' -> Tally 'TallyPrime:9000'
[shot] tds-667-P7b-daybook (1024x768)
[19:43:58] [tds] screen tds-667-P7b-daybook : x R CEDU Da Book • Day Book TallyPrime MANAGE K: Company Particulars Cash Share Supplier Share Expense Spike Income Spike Income Spike Income Spike Income Share Expense Share Expense Share Expense Share Party Share Party Share Party Share Party Share Party Share Supplier Share Supplier Share Supplier Enter: Alter Y: Data Space: Sekd Z: Exchange A Add Vch Q Search FinCom • ke Co Vch Type Contra Payment Payment Receipt Receipt Receipt Receipt Journal Journal Journal Credit Note Sales Sales Sales Sales Purchase Purchase Purchase O: Import Vch No. 1 1 2 1 2 3 4 6 7 8 1 1 2 3 4 1 2 3 E: Export M: S...
[keys] '{F2}' -> Tally 'TallyPrime:9000'
[shot] tds-668-P7b-db-date (1024x768)
[19:44:01] [tds] screen tds-668-P7b-db-date : TallyPrime MANAGE EDU K: Company Change Date Unity Quit Y: Data Z: Exchange A Accept Q Search O: Import E: Export M: Share p: print x Fl: Help FinCom Spike Co Change Date 2-10-2026 o 3371a o run 3b4-9 2731- acep 2+67- 2731- acep .337. ning 17523 ing j _id" : 1-01" 2+67- Mode Windows Server 2025 Datacenter Build 26100.ge_release240331-1435 7:43 PM 10/8/2026
[keys] '31-10-2026{ENTER}' -> Tally 'TallyPrime:9000'
[shot] tds-669-P7b-db-dated (1024x768)
[19:44:06] [tds] screen tds-669-P7b-db-dated : x TallyPrime MANAGE EDU K: Company Da Book • Day Book Y: Data Space: Sekd Z: Exchange A Add Vch Q Search FinCom • ke Co Vch Type Sales DuÅicate Vch I Insert Vch O: Import Vch No. 5 E: Export M: Share P: Print For 310ct-26 Date 31-Oct-26 Unity Quit Particulars Share Party Enter: Alter Debit Amount Credit Amount Inwards Qty_ Outwards Qt 150.00 Fl: Help F2: Date Company Voucher Type F 7: Show profit F8: Columnar FIO Basis of B: Values Change ¯ View Exception J: Reports Save View L: Apply F: — Filter F: Filter ¯ Details o 3371a o run 3b4-9 2731- acep 2+67- 2731- acep .337. ning 17523 ing j _id" : ...
[keys] '{F4}' -> Tally 'TallyPrime:9000'
[shot] tds-670-P7b-db-type (1024x768)
[19:44:09] [tds] screen tds-670-P7b-db-type : x TallyPrime MANAGE EDU K: Company Change Voucher Type Quit Y: Data Z: Exchange O: Import E: Export M: Share p: print Fl: Help x FinCom • ke Co Name of VoucherType Voucher T • All Items Attendance Contra Credit Note Debit Note Journal s Create Unity Memorandum Payment Payroll Physical Stock Purchase Receipt Reversing Journal Sales Stock Journal Accept Q Search o 3371a o run 3b4-9 2731- acep 2+67- 2731- acep .337. ning 17523 ing j _id" : 1-01" 2+67- Mode Windows Server 2025 Datacenter Build 26100.ge_release240331-1435 7:44 PM 10/8/2026
[keys] 'Sales{ENTER}' -> Tally 'TallyPrime:9000'
[shot] tds-671-P7b-db-typed (1024x768)
[19:44:14] [tds] screen tds-671-P7b-db-typed : x TallyPrime MANAGE EDU K: Company Da Book • List of Sales Vouchers Y: Data Space: Sekd Z: Exchange A Add Vch Q Search FinCom • ke Co Vch Type Sales DuÅicate Vch I Insert Vch O: Import Vch No. 5 Total: E: Export M: Share P: Print For 310ct-26 Date 31-Oct-26 Unity Quit Particulars Share Party Enter: Alter Debit Amount 150.00 150.00 Delete x: Cancel Vch Credit Amount U: Restore Line Fl: Help F2: Date Company Voucher Type F7: Show profit Columnar FIO B: Basis of = Values Change ¯ View Exception J: Reports Save View L: Apply F: — Filter F: Filter ¯ Details F 12: Configure o 3371a o run 3b4-9 2731-...
[keys] '{END}' -> Tally 'TallyPrime:9000'
[shot] tds-672-P7b-db-last (1024x768)
[19:44:17] [tds] screen tds-672-P7b-db-last : x TallyPrime MANAGE EDU K: Company Da Book • List of Sales Vouchers Y: Data Space: Sekd Z: Exchange A Add Vch Q Search FinCom • ke Co Vch Type Sales DuÅicate Vch I Insert Vch O: Import Vch No. 5 Total: E: Export M: Share P: Print For 310ct-26 Date 31-Oct-26 Unity Quit Particulars Share Party Enter: Alter Debit Amount 150.00 150.00 Delete x: Cancel Vch Credit Amount U: Restore Line Fl: Help F2: Date Company Voucher Type F7: Show profit Columnar FIO B: Basis of = Values Change ¯ View Exception J: Reports Save View L: Apply F: — Filter F: Filter ¯ Details F 12: Configure o 3371a o run 3b4-9 2731-...
[keys] '{HOME}' -> Tally 'TallyPrime:9000'
[shot] tds-673-P7b-first (1024x768)
[19:44:20] [tds] screen tds-673-P7b-first : x TallyPrime MANAGE EDU K: Company Da Book • List of Sales Vouchers Y: Data Space: Sekd Z: Exchange A Add Vch Q Search FinCom • ke Co Vch Type Sales DuÅicate Vch I Insert Vch O: Import Vch No. 5 Total: E: Export M: Share P: Print For 310ct-26 Date 31-Oct-26 Unity Quit Particulars Share Party Enter: Alter Debit Amount 150.00 150.00 Delete x: Cancel Vch Credit Amount U: Restore Line Fl: Help F2: Date Company Voucher Type F7: Show profit Columnar FIO B: Basis of = Values Change ¯ View Exception J: Reports Save View L: Apply F: — Filter F: Filter ¯ Details F 12: Configure o 3371a o run 3b4-9 2731-...
[keys] '{ENTER}' -> Tally 'TallyPrime:9000'
[shot] tds-674-P7b-open (1024x768)
[19:44:25] [tds] screen tds-674-P7b-open : x TallyPrime MANAGE EDU K: Company Y: Data Accounting Voucher Alteration (Secondary cb Z: Exchange 150.00 Dr No A Accept Q Search O: Import E: Export M: Share FinCom • ke Co p: print El -Oct-26 Saturday Credit 150.00 150.00 Fl: Help Date o 3371a Dr Cr Sales Particulars Share Party CurBal: 5,050.00 Dr New Ref SH-EI Share Sales CurBa1: 1,050.00 Cr Company o run Debit 150.00 150.00 F4: Contra F5: Payment Receipt Journal F8: Sales 3b4-9 2731- acep 2+67- 2731- Purchase Fl 0: 0åHVouctg•s F: Autofill Change Mode More Details o: Related Reports Optional post -Dated acep .337. ning 17523 ing j _id" : 1...
[keys] '^a' -> Tally 'TallyPrime:9000'
[shot] tds-675-P7b-accept1 (1024x768)
[19:44:29] [tds] screen tds-675-P7b-accept1 : x TallyPrime MANAGE EDU K: Company Da Book • List of Sales Vouchers Y: Data Space: Sekd Z: Exchange A Add Vch Q Search FinCom • ke Co Vch Type Sales DuÅicate Vch I Insert Vch O: Import Vch No. 5 Total: E: Export M: Share P: Print For 310ct-26 Date 31-Oct-26 Unity Quit Particulars Share Party Enter: Alter Debit Amount 150.00 150.00 Delete x: Cancel Vch Credit Amount U: Restore Line Fl: Help F2: Date Company Voucher Type F7: Show profit Columnar FIO B: Basis of = Values Change ¯ View Exception J: Reports Save View L: Apply F: — Filter F: Filter ¯ Details F 12: Configure o 3371a o run 3b4-9 2731-...
[shot] tds-676-P7b-after1 (1024x768)
[19:44:30] [tds] screen tds-676-P7b-after1 : x TallyPrime MANAGE EDU K: Company Da Book • List of Sales Vouchers Y: Data Space: Sekd Z: Exchange A Add Vch Q Search FinCom • ke Co Vch Type Sales DuÅicate Vch I Insert Vch O: Import Vch No. 5 Total: E: Export M: Share P: Print For 310ct-26 Date 31-Oct-26 Unity Quit Particulars Share Party Enter: Alter Debit Amount 150.00 150.00 Delete x: Cancel Vch Credit Amount U: Restore Line Fl: Help F2: Date Company Voucher Type F7: Show profit Columnar FIO B: Basis of = Values Change ¯ View Exception J: Reports Save View L: Apply F: — Filter F: Filter ¯ Details F 12: Configure o 3371a o run 3b4-9 2731-...
[shot] tds-677-gw0 (1024x768)
[19:44:31] [tds] screen tds-677-gw0 : x TallyPrime MANAGE EDU K: Company Da Book • List of Sales Vouchers Y: Data Space: Sekd Z: Exchange A Add Vch Q Search FinCom • ke Co Vch Type Sales DuÅicate Vch I Insert Vch O: Import Vch No. 5 Total: E: Export M: Share P: Print For 310ct-26 Date 31-Oct-26 Unity Quit Particulars Share Party Enter: Alter Debit Amount 150.00 150.00 Delete x: Cancel Vch Credit Amount U: Restore Line Fl: Help F2: Date Company Voucher Type F7: Show profit Columnar FIO B: Basis of = Values Change ¯ View Exception J: Reports Save View L: Apply F: — Filter F: Filter ¯ Details F 12: Configure o 3371a o run 3b4-9 2731-...
[keys] '{ESC}' -> Tally 'TallyPrime:9000'
[shot] tds-678-gw1 (1024x768)
[19:44:35] [tds] screen tds-678-gw1 : x TallyPrime MANAGE EDU K: Company Gatewa of Tall CURRENT PERIOD I-Apr-26 to 31-Mar-27 NAME OF COMPANY FinCom Spike Co Y: Data Z: Exchange CURRENT OATE Saturday, 31-Oct-2026 O: Import E: Export M: Share p: print Fl: Help Date o 3371a Gateway of Tally MASTERS Create Alter CHart of Accounts TRANSACTIONS Vouchers Day 800K UTILITIES BaNking REPORTS Balance Sheet Profit & Loss A/c Stock Summary Ratio Analysis Display More Reports DashbOard Quit Unity Q 31-Oct-26 Search Company o run 3b4-9 2731- acep 2+67- 2731- acep .337. ning 17523 ing j _id" : 1-01" 2+67- Mode Windows Server 2025 Datacenter Build...
  voucher mid=1 aid=1 Journal/1/20260401 guid=2bbc8f60-fad7-4b8f-b633-510b49c07cf5-00000001 cancelled=False
  voucher mid=2 aid=2 Journal/2/20261001 guid=2bbc8f60-fad7-4b8f-b633-510b49c07cf5-00000002 cancelled=False
  voucher mid=3 aid=3 Journal/3/20261001 guid=2bbc8f60-fad7-4b8f-b633-510b49c07cf5-00000003 cancelled=False
  voucher mid=4 aid=4 Journal/4/20261001 guid=2bbc8f60-fad7-4b8f-b633-510b49c07cf5-00000004 cancelled=False
  voucher mid=5 aid=5 Journal/5/20261001 guid=2bbc8f60-fad7-4b8f-b633-510b49c07cf5-00000005 cancelled=False
  voucher mid=6 aid=28 Payroll/1/20261001 guid=2bbc8f60-fad7-4b8f-b633-510b49c07cf5-00000006 cancelled=False
  voucher mid=24 aid=27 Payroll/2/20261001 guid=2bbc8f60-fad7-4b8f-b633-510b49c07cf5-00000018 cancelled=False
  voucher mid=26 aid=31 Receipt/1/20261002 guid=2bbc8f60-fad7-4b8f-b633-510b49c07cf5-0000001a cancelled=False
  voucher mid=25 aid=30 Receipt/2/20261002 guid=2bbc8f60-fad7-4b8f-b633-510b49c07cf5-00000019 cancelled=False
  voucher mid=8 aid=24 Receipt/3/20261002 guid=2bbc8f60-fad7-4b8f-b633-510b49c07cf5-00000008 cancelled=False
  voucher mid=9 aid=9 Payment/1/20261002 guid=2bbc8f60-fad7-4b8f-b633-510b49c07cf5-00000009 cancelled=False
  voucher mid=10 aid=10 Payment/2/20261002 guid=2bbc8f60-fad7-4b8f-b633-510b49c07cf5-0000000a cancelled=False
  voucher mid=11 aid=29 Contra/1/20261002 guid=2bbc8f60-fad7-4b8f-b633-510b49c07cf5-0000000b cancelled=False
  voucher mid=12 aid=12 Journal/6/20261002 guid=2bbc8f60-fad7-4b8f-b633-510b49c07cf5-0000000c cancelled=False
  voucher mid=13 aid=13 Journal/7/20261002 guid=2bbc8f60-fad7-4b8f-b633-510b49c07cf5-0000000d cancelled=False
  voucher mid=14 aid=25 Sales/1/20261002 guid=2bbc8f60-fad7-4b8f-b633-510b49c07cf5-0000000e cancelled=False
  voucher mid=15 aid=15 Sales/2/20261002 guid=2bbc8f60-fad7-4b8f-b633-510b49c07cf5-0000000f cancelled=False
  voucher mid=16 aid=16 Sales/3/20261002 guid=2bbc8f60-fad7-4b8f-b633-510b49c07cf5-00000010 cancelled=False
  voucher mid=17 aid=17 Purchase/1/20261002 guid=2bbc8f60-fad7-4b8f-b633-510b49c07cf5-00000011 cancelled=False
  voucher mid=18 aid=18 Purchase/2/20261002 guid=2bbc8f60-fad7-4b8f-b633-510b49c07cf5-00000012 cancelled=False
  voucher mid=19 aid=19 Sales/4/20261002 guid=2bbc8f60-fad7-4b8f-b633-510b49c07cf5-00000013 cancelled=False
  voucher mid=20 aid=20 Purchase/3/20261002 guid=2bbc8f60-fad7-4b8f-b633-510b49c07cf5-00000014 cancelled=False
  voucher mid=21 aid=21 Credit Note/1/20261002 guid=2bbc8f60-fad7-4b8f-b633-510b49c07cf5-00000015 cancelled=False
  voucher mid=22 aid=22 Journal/8/20261002 guid=2bbc8f60-fad7-4b8f-b633-510b49c07cf5-00000016 cancelled=False
  voucher mid=23 aid=23 Receipt/4/20261002 guid=2bbc8f60-fad7-4b8f-b633-510b49c07cf5-00000017 cancelled=False
  voucher mid=27 aid=35 Sales/5/20261031 guid=2bbc8f60-fad7-4b8f-b633-510b49c07cf5-0000001b cancelled=False
  INFO share einvoice-save (alteration: the e-invoice (IRN and e-way bill set by a tool) saved again on its form): Tally Sales 5 mid 27; stored party 'Share Party' bills [New Ref]; the line party 'Share Party' bills [New Ref]; lines voucher_accept_post x1, voucher_accept_pre x1, voucher_full x1
######## FAIL P7b IRN and e-way bill in the full line of the form save: the line: irn 'IRN-SHARE-0001' irnack 'ACK-SHARE-1' irnackdt '31-Oct-26' ewb ''; Tally after the save (AlterID 35): 'IRN-SHARE-0001' / 'ACK-SHARE-1' / '20261031' / '381101234299' (P7a's alteration took); lines 3
  INFO share: 23 of 23 cases made by keys: receipt-agst=mid 7; receipt-plain=mid 8; payment-agst=mid 9; payment-expense=mid 10; contra=mid 11; journal-party=mid 12; journal-plain=mid 13; sales-new=mid 14; copy-sales-new=mid 15; sales-new2=mid 16; purchase-new=mid 17; purchase-new2=mid 18; sales-agst=mid 19; purchase-agst=mid 20; credit-note=mid 21; copy-journal-party=mid 22; copy-receipt-plain=mid 23; alter-receipt-plain=mid 8; alter-sales-new=mid 14; alter-receipt-agst=mid 7; copy-payroll=mid 24; alter-payroll=mid 6; einvoice-save=mid 27
