[15:36:43] ---- c1 install and open the company (TallyPrime 5.1)
  INFO installed: C:\Program Files\TallyPrime\tally.exe; tally.exe 15643264 bytes, 2026-10-08, FileVersion 1.1.5.1, ProductVersion 1.1.5.1, ProductName TallyPrime
  INFO company folder made by flow.ps1: D:\a\_temp\TallyData\100000
[keys] 'a' -> Tally 'TallyPrime:9000'
[keys] 't' -> Tally 'TallyPrime:9000'
[shot] v-00-started (1024x768)
[companies] 8 ms: <ENVELOPE><HEADER><VERSION>1</VERSION><STATUS>1</STATUS></HEADER><BODY><DESC><CMPINFO><COMPANY>0</COMPANY><GROUP>0</GROUP><LEDGER>0</LEDGER><COSTCATEGORY>0</COSTCATEGORY><COSTCENTRE>0</COSTCENTRE><GODOWN>0</GODOWN><STOCKGROUP>0</STOCKGROUP><STOCKCATEGORY>0</STOCKCATEGORY><STOCKITEM>0</STOCKITEM><VOUCHERTYPE>0</VOUCHERTYPE><CURRENCY>0</CURRENCY><UNIT>0</UNIT><BUDGET>0</BUDGET><CLIENTRULE>0</CLIENTRULE><SERVERRULE>0</SERVERRULE><STATE>0</STATE><TDSRATE>0</TDSRATE><TAXCLASSIFICATION>0</TAXCLASSIFICATION><STCATEGORY>0</STCATEGORY><DEDUCTEETYPE>0</DEDUCTEETYPE><ATTENDANCETYPE>0</ATTENDANCETYPE><FBT...
[header] 8 ms: <ENVELOPE><HEADER><VERSION>1</VERSION><STATUS>1</STATUS><PRODMAJORVER>1</PRODMAJORVER><PRODMINORVER>1</PRODMINORVER><PRODMAJORREL>5</PRODMAJORREL><PRODMINORREL>1</PRODMINORREL><PRODTYPE>5</PRODTYPE></HEADER><BODY><DESC><CMPINFO><COMPANY>0</COMPANY><GROUP>0</GROUP><LEDGER>0</LEDGER><COSTCATEGORY>0</COSTCATEGORY><COSTCENTRE>0</COSTCENTRE><GODOWN>0</GODOWN><STOCKGROUP>0</STOCKGROUP><STOCKCATEGORY>0</STOCKCATEGORY><STOCKITEM>0</STOCKITEM><VOUCHERTYPE>0</VOUCHERTYPE><CURRENCY>0</CURRENCY><UNIT>0</UNIT><BUDGET>0</BUDGET><CLIENTRULE>0</CLIENTRULE><SERVERRULE>0</SERVERRULE><STATE>0</STATE><TDSRATE>0</...
  INFO Tally's own release in its answer header: PRODMAJORREL 5 PRODMINORREL 1 (PRODMAJORVER 1 PRODMINORVER 1 PRODTYPE 5)
######## PASS c1 install and open the company: installed tally.exe 15643264 bytes, 2026-10-08, FileVersion 1.1.5.1, ProductVersion 1.1.5.1, ProductName TallyPrime; company folder 100000 loaded at start: True; window 'TallyPrime:9000'
######## PASS c2 port and company list: port 9000 answered 10.1 s after start, GET 19 ms ('<RESPONSE>TallyPrime Server is Running</RESPONSE>'); company list 8 ms, 'FinCom Spike Co' in it: True
[15:37:16] ---- share: the full line against the stored entry, per kind, typed on the screen
[share masters] 32 ms: <RESPONSE><CREATED>9</CREATED><ALTERED>0</ALTERED><DELETED>0</DELETED><LASTVCHID>0</LASTVCHID><LASTMID>0</LASTMID><COMBINED>0</COMBINED><IGNORED>0</IGNORED><ERRORS>0</ERRORS><CANCELLED>0</CANCELLED><EXCEPTIONS>0</EXCEPTIONS></RESPONSE>
  INFO share masters: <CREATED>9</CREATED> <ALTERED>0</ALTERED> <DELETED>0</DELETED> <LASTVCHID>0</LASTVCHID> <LASTMID>0</LASTMID> <COMBINED>0</COMBINED> <IGNORED>0</IGNORED> <ERRORS>0</ERRORS>
[share bills] 45 ms: <RESPONSE><CREATED>4</CREATED><ALTERED>0</ALTERED><DELETED>0</DELETED><LASTVCHID>5</LASTVCHID><LASTMID>0</LASTMID><COMBINED>0</COMBINED><IGNORED>0</IGNORED><ERRORS>0</ERRORS><CANCELLED>0</CANCELLED><EXCEPTIONS>0</EXCEPTIONS></RESPONSE>
  INFO share bills to settle (SB-1, PB-1, ADVS-1, ADVP-1): <CREATED>4</CREATED> <ALTERED>0</ALTERED> <DELETED>0</DELETED> <LASTVCHID>5</LASTVCHID> <LASTMID>0</LASTMID> <COMBINED>0</COMBINED> <IGNORED>0</IGNORED> <ERRORS>0</ERRORS>
[share company cost centres] 11 ms: <RESPONSE><CREATED>0</CREATED><ALTERED>1</ALTERED><DELETED>0</DELETED><LASTVCHID>0</LASTVCHID><LASTMID>0</LASTMID><COMBINED>0</COMBINED><IGNORED>0</IGNORED><ERRORS>0</ERRORS><CANCELLED>0</CANCELLED><EXCEPTIONS>0</EXCEPTIONS></RESPONSE>
[share payroll masters] 28 ms: <RESPONSE><CREATED>9</CREATED><ALTERED>0</ALTERED><DELETED>0</DELETED><LASTVCHID>0</LASTVCHID><LASTMID>0</LASTMID><COMBINED>0</COMBINED><IGNORED>0</IGNORED><ERRORS>0</ERRORS><CANCELLED>0</CANCELLED><EXCEPTIONS>0</EXCEPTIONS></RESPONSE>
[share payroll template] 17 ms: <RESPONSE><CREATED>1</CREATED><ALTERED>0</ALTERED><DELETED>0</DELETED><LASTVCHID>6</LASTVCHID><LASTMID>0</LASTMID><COMBINED>0</COMBINED><IGNORED>0</IGNORED><ERRORS>0</ERRORS><CANCELLED>0</CANCELLED><EXCEPTIONS>0</EXCEPTIONS></RESPONSE>
  INFO share payroll masters and template: <CREATED>9</CREATED> / <CREATED>1</CREATED> <ALTERED>0</ALTERED> <DELETED>0</DELETED> <LASTVCHID>6</LASTVCHID> <LASTMID>0</LASTMID> <COMBINED>0</COMBINED> <IGNORED>0</IGNORED> <ERRORS>0</ERRORS>
[15:37:16] ---- share receipt-agst: receipt from a party against its bill (Agst Ref SB-1)
  voucher mid=1 aid=1 Journal/1/20260401 guid=a381c3ad-1c49-482a-8d4f-cb1da1df58a6-00000001 cancelled=False
  voucher mid=2 aid=2 Journal/2/20261001 guid=a381c3ad-1c49-482a-8d4f-cb1da1df58a6-00000002 cancelled=False
  voucher mid=3 aid=3 Journal/3/20261001 guid=a381c3ad-1c49-482a-8d4f-cb1da1df58a6-00000003 cancelled=False
  voucher mid=4 aid=4 Journal/4/20261001 guid=a381c3ad-1c49-482a-8d4f-cb1da1df58a6-00000004 cancelled=False
  voucher mid=5 aid=5 Journal/5/20261001 guid=a381c3ad-1c49-482a-8d4f-cb1da1df58a6-00000005 cancelled=False
  voucher mid=6 aid=6 Payroll/1/20261001 guid=a381c3ad-1c49-482a-8d4f-cb1da1df58a6-00000006 cancelled=False
[shot] tds-001-gw0 (1024x768)
[15:37:19] [tds] screen tds-001-gw0 : TallyPrime MANAGE EDU K: Company Gatewa of Tall CURRENT PERIOD I-Apr-26 to 31-Mar-27 NAME OF COMPANY FinCom Spike Co Y: Data Z: Exchange CURRENT OATE Wednesday, I-Apr-2026 O: Import E: Export M: Share p: print Fl: Help Date aaala Gateway of Tally MASTERS Create Alter CHart of Accounts TRANSACTIONS Vouchers Day 800K UTILITIES BaNking REPORTS Balance Sheet Profit & Loss A/c Stock Summary Ratio Analysis Display More Reports DashbOard Quit Unity Q I-Oct-26 Search Company to ru 756a- OLIO— acep 0670- FOLIO— acep .337. -a30 ning bbb75 ing j _id" : 3-011' 0670- Mode Windows Server 2025 Datacenter Bui...
[shot] tds-002-R1-start (1024x768)
[15:37:20] [tds] screen tds-002-R1-start : TallyPrime MANAGE EDU K: Company Gatewa of Tall CURRENT PERIOD I-Apr-26 to 31-Mar-27 NAME OF COMPANY FinCom Spike Co Y: Data Z: Exchange CURRENT OATE Wednesday, I-Apr-2026 O: Import E: Export M: Share p: print Fl: Help Date aaala Gateway of Tally MASTERS Create Alter CHart of Accounts TRANSACTIONS Vouchers Day 800K UTILITIES BaNking REPORTS Balance Sheet Profit & Loss A/c Stock Summary Ratio Analysis Display More Reports DashbOard Quit Unity Q I-Oct-26 Search Company to ru 756a- OLIO— acep 0670- FOLIO— acep .337. -a30 ning bbb75 ing j _id" : 3-011' 0670- Mode Windows Server 2025 Datacenter Bui...
[keys] 'v' -> Tally 'TallyPrime:9000'
[shot] tds-003-R1-vouchers (1024x768)
[15:37:24] [tds] screen tds-003-R1-vouchers : Y: Data 76 TallyPrime MANAGE EDU K: Company Accounting Voucher Creation Pa ment No. 1 Z: Exchange A Accept Q Search O: Import E: Export M: Share FinCom • ke Co p: print upr-26 Wednesday Amount • Account Current balance: Particulars Narration: Unity Quit Fl: Help Q: Date Company Ed: Contra F-5: Payment Receipt Journal Sales aaala to ru 756a- OLIO— acep 0670- Purchase FOLIO— Fl O: OåuVooctgs E: Autofill Change Mode More Details O: Related ¯ Repons Optional post -Dated J: Stat acep .337. -a30 ning bbb75 ing j _id" : 3-011' 0670- D: Delete x: Cancel Vch Adjustment El 2: Configure Mode Windows Serv...
[keys] '{F6}' -> Tally 'TallyPrime:9000'
[shot] tds-004-R1-type (1024x768)
[15:37:28] [tds] screen tds-004-R1-type : Y: Data 76 TallyPrime MANAGE EDU K: Company Accounting Voucher Creation Recei t Z: Exchange A Accept Q Search O: Import E: Export M: Share FinCom • ke Co p: print x upr-26 Wednesday Amount • Account Current balance: Particulars Narration: Unity Quit Fl: Help Q: Date Company Ed: Contra Payment F-6: Receipt Journal Sales aaala to ru 756a- OLIO— acep 0670- Purchase FOLIO— Fl O: OåuVooctgs E: Autofill Change Mode More Details O: Related ¯ Repons Optional post -Dated J: Stat acep .337. -a30 ning bbb75 ing j _id" : 3-011' 0670- D: Delete x: Cancel Vch Adjustment El 2: Configure Mode Windows Server 2...
[keys] '{F2}' -> Tally 'TallyPrime:9000'
[shot] tds-005-R1-date-box (1024x768)
[15:37:31] [tds] screen tds-005-R1-date-box : TallyPrime MANAGE EDU K: Company Change Voucher Date Unity Quit Y: Data Z: Exchange A Accept Q Search O: Import E: Export M: Share p: print Fl: Help FinCom Spike Co Voucher Date 24-2026 aaala to ru 756a- OLIO— acep 0670- FOLIO— acep .337. -a30 ning bbb75 ing j _id" : 3-011' 0670- Mode Windows Server 2025 Datacenter Build 26100.ge_release240331-1435 3:37 PM 10/8/2026
[keys] '2-10-2026{ENTER}' -> Tally 'TallyPrime:9000'
[shot] tds-006-R1-date (1024x768)
[15:37:35] [tds] screen tds-006-R1-date : Y: Data 76 TallyPrime MANAGE EDU K: Company Accounting Voucher Creation Recei t Z: Exchange A Accept Q Search O: Import E: Export M: Share FinCom • ke Co p: print x 2-Oct-26 Friday Amount • Account Current balance: Particulars Narration: Unity Quit Fl: Help Q: Date Company Ed: Contra Payment F-6: Receipt Journal Sales aaala to ru 756a- OLIO— acep 0670- Purchase FOLIO— Fl O: OåuVooctgs E: Autofill Change Mode More Details O: Related ¯ Repons Optional post -Dated J: Stat acep .337. -a30 ning bbb75 ing j _id" : 3-011' 0670- D: Delete x: Cancel Vch Adjustment El 2: Configure Mode Windows Server 20...
[keys] 'Cash{ENTER}' -> Tally 'TallyPrime:9000'
[shot] tds-007-R1-account (1024x768)
[15:37:38] [tds] screen tds-007-R1-account : Y: Data 76 TallyPrime MANAGE EDU K: Company Accounting Voucher Creation Recei t Z: Exchange A Accept Q Search O: Import E: Export M: Share FinCom • ke Co p: print x 2-Oct-26 Friday Amount • Account Cash Current balance: 0.00 Dr Particulars Narration: Unity Quit Fl: Help Q: Date Company Ed: Contra Payment F-6: Receipt Journal Sales aaala to ru 756a- OLIO— acep 0670- Purchase FOLIO— Fl O: OåuVooctgs E: Autofill Change Mode More Details O: Related ¯ Repons Optional post -Dated J: Stat acep .337. -a30 ning bbb75 ing j _id" : 3-011' 0670- D: Delete x: Cancel Vch Adjustment El 2: Configure Mode Wind...
[shot] tds-008-R1-acc-sub1 (1024x768)
[15:37:39] [tds] screen tds-008-R1-acc-sub1 : Y: Data 76 TallyPrime MANAGE EDU K: Company Accounting Voucher Creation Recei t Z: Exchange A Accept Q Search O: Import E: Export M: Share FinCom • ke Co p: print x 2-Oct-26 Friday Amount • Account Cash Current balance: 0.00 Dr Particulars Narration: Unity Quit Fl: Help Q: Date Company Ed: Contra Payment F-6: Receipt Journal Sales aaala to ru 756a- OLIO— acep 0670- Purchase FOLIO— Fl O: OåuVooctgs E: Autofill Change Mode More Details O: Related ¯ Repons Optional post -Dated J: Stat acep .337. -a30 ning bbb75 ing j _id" : 3-011' 0670- D: Delete x: Cancel Vch Adjustment El 2: Configure Mode Wind...
[keys] 'Share Party{ENTER}' -> Tally 'TallyPrime:9000'
[shot] tds-009-R1-row1 (1024x768)
[15:37:43] [tds] screen tds-009-R1-row1 : Y: Data 76 TallyPrime MANAGE EDU K: Company Accounting Voucher Creation Recei t Z: Exchange A Accept Q Search O: Import E: Export M: Share FinCom • ke Co p: print x 2-Oct-26 Friday Amount • Account Cash Current balance: 0.00 Dr Particulars Share Party CurBal: 4,000.00 Dr Narration: Unity Quit Fl: Help Q: Date Company Ed: Contra Payment F-6: Receipt Journal Sales aaala to ru 756a- OLIO— acep 0670- Purchase FOLIO— Fl O: OåuVooctgs E: Autofill Change Mode More Details O: Related ¯ Repons Optional post -Dated J: Stat acep .337. -a30 ning bbb75 ing j _id" : 3-011' 0670- D: Delete x: Cancel Vch Adju...
[shot] tds-010-R1-row1-a-sub1 (1024x768)
[15:37:44] [tds] screen tds-010-R1-row1-a-sub1 : Y: Data 76 TallyPrime MANAGE EDU K: Company Accounting Voucher Creation Recei t Z: Exchange A Accept Q Search O: Import E: Export M: Share FinCom • ke Co p: print x 2-Oct-26 Friday Amount • Account Cash Current balance: 0.00 Dr Particulars Share Party CurBal: 4,000.00 Dr Narration: Unity Quit Fl: Help Q: Date Company Ed: Contra Payment F-6: Receipt Journal Sales aaala to ru 756a- OLIO— acep 0670- Purchase FOLIO— Fl O: OåuVooctgs E: Autofill Change Mode More Details O: Related ¯ Repons Optional post -Dated J: Stat acep .337. -a30 ning bbb75 ing j _id" : 3-011' 0670- D: Delete x: Cancel Vch Adju...
[keys] '500{ENTER}' -> Tally 'TallyPrime:9000'
[shot] tds-011-R1-row1-amt (1024x768)
[15:37:48] [tds] screen tds-011-R1-row1-amt : Unity TallyPrime MANAGE EDU K: Company Bill-wise Details Quit Y: Data Type of Ref St Ref Z: Exchange FinCom Spike Co Bill-wise Details for : Share Party Up to: 500.00 cr O: Import Amount E: Export M: Share p: print Fl: Help x Name Method of Ad Advance Agst Ref New Ref On Account Accept Q Search Due Date, or Credit Days 20ct-26) aaala to ru 756a- OLIO— acep 0670- FOLIO— acep .337. -a30 ning bbb75 ing j _id" : 3-011' 0670- Mode Windows Server 2025 Datacenter Build 26100.ge_release240331-1435 3:37 PM 10/8/2026
[shot] tds-012-R1-row1-bills1 (1024x768)
[15:37:48] [tds] screen tds-012-R1-row1-bills1 : Unity TallyPrime MANAGE EDU K: Company Bill-wise Details Quit Y: Data Type of Ref St Ref Z: Exchange FinCom Spike Co Bill-wise Details for : Share Party Up to: 500.00 cr O: Import Amount E: Export M: Share p: print Fl: Help x Name Method of Ad Advance Agst Ref New Ref On Account Accept Q Search Due Date, or Credit Days 20ct-26) aaala to ru 756a- OLIO— acep 0670- FOLIO— acep .337. -a30 ning bbb75 ing j _id" : 3-011' 0670- Mode Windows Server 2025 Datacenter Build 26100.ge_release240331-1435 3:37 PM 10/8/2026
[keys] 'Agst Ref{ENTER}' -> Tally 'TallyPrime:9000'
[shot] tds-013-R1-row1-reftype (1024x768)
[15:37:52] [tds] screen tds-013-R1-row1-reftype : Unity TallyPrime MANAGE EDU K: Company Bill-wise Details pendin Name ADVS-I Sd-I Quit Y: Data Type of Ref Agst Ref Bills Z: Exchange FinCom Spike Co Bill-wise Details for : Share Party Up to: 500.00 cr O: Import Amount E: Export M: Share p: print Fl: Help x Name Due Date I-Oct-26 I-Oct-26 Due Date, or Credit Days (wef 20ct-26) Balance 1,000.00 cr 5,000.00 Dr Bill Date I-Oct-26 I-Oct-26 Accept Final Balance 1,000.00 cr 5,000.00 Dr aaala to ru 756a- OLIO— acep 0670- FOLIO— acep .337. -a30 ning bbb75 ing j _id" : 3-011' 0670- Mode Q Search Windows Server 2025 Datacenter Build 26100.ge_release2403...
[keys] 'SB-1{ENTER}' -> Tally 'TallyPrime:9000'
[shot] tds-014-R1-row1-refname (1024x768)
[15:37:56] [tds] screen tds-014-R1-row1-refname : Unity TallyPrime MANAGE EDU K: Company Bill-wise Details Quit Y: Data Type of Ref Agst Ref Z: Exchange O: Import E: Export M: Share p: print Fl: Help x FinCom Spike Co Bill-wise Details for : Share Party Up to: 500.00 cr Name SB_I Accept Q Search Due Date, or Credit Days (wef 20ct-26) Amount Eoo.oo cr 500.00 cr aaala to ru 756a- OLIO— acep 0670- FOLIO— acep .337. -a30 ning bbb75 ing j _id" : 3-011' 0670- Mode Windows Server 2025 Datacenter Build 26100.ge_release240331-1435 3:37 PM 10/8/2026
[keys] '{ENTER}' -> Tally 'TallyPrime:9000'
[shot] tds-015-R1-row1-refamount (1024x768)
[15:38:00] [tds] screen tds-015-R1-row1-refamount : Unity TallyPrime MANAGE EDU K: Company Bill-wise Details Quit Y: Data Type of Ref Agst Ref Z: Exchange O: Import E: Export M: Share p: print Fl: Help x FinCom Spike Co Bill-wise Details for : Share Party Up to: 500.00 cr Name SB_I Accept Q Search Due Date, or Credit Days (wef 20ct-26) Amount 500.00 er 500.00 cr aaala to ru 756a- OLIO— acep 0670- FOLIO— acep .337. -a30 ning bbb75 ing j _id" : 3-011' 0670- Mode Windows Server 2025 Datacenter Build 26100.ge_release240331-1435 3:37 PM 10/8/2026
[shot] tds-016-R1-row1-bills2 (1024x768)
[15:38:00] [tds] screen tds-016-R1-row1-bills2 : Unity TallyPrime MANAGE EDU K: Company Bill-wise Details Quit Y: Data Type of Ref Agst Ref Z: Exchange O: Import E: Export M: Share p: print Fl: Help x FinCom Spike Co Bill-wise Details for : Share Party Up to: 500.00 cr Name SB_I Accept Q Search Due Date, or Credit Days (wef 20ct-26) Amount 500.00 er 500.00 cr aaala to ru 756a- OLIO— acep 0670- FOLIO— acep .337. -a30 ning bbb75 ing j _id" : 3-011' 0670- Mode Windows Server 2025 Datacenter Build 26100.ge_release240331-1435 3:37 PM 10/8/2026
[keys] '^a' -> Tally 'TallyPrime:9000'
[shot] tds-017-R1-row1-bills-accept (1024x768)
[15:38:04] [tds] screen tds-017-R1-row1-bills-accept : Y: Data 76 TallyPrime MANAGE EDU K: Company Accounting Voucher Creation Recei t Z: Exchange 500.00 Cr A Accept Q Search O: Import E: Export M: Share FinCom • ke Co • Account Cash Current balance: 500.00 Dr Particulars Share Party CurBal: 3,500.00 Dr Agst Ref SB-I Narration: Unity Quit p: print x 2-Oct-26 Friday Amount 500.00 500.00 Fl: Help Q: Date Company Ed: Contra Payment F-6: Receipt : Journal Sales aaala to ru 756a- OLIO— acep 0670- Purchase FOLIO— Fl O: OåuVooctgs E: Autofill Change Mode More Details O: Related ¯ Repons Optional post -Dated J: Stat acep .337. -a30 ning bbb75 ing j _id" :...
[shot] tds-018-R1-row1-bills3 (1024x768)
[15:38:05] [tds] screen tds-018-R1-row1-bills3 : Y: Data 76 TallyPrime MANAGE EDU K: Company Accounting Voucher Creation Recei t Z: Exchange 500.00 Cr A Accept Q Search O: Import E: Export M: Share FinCom • ke Co • Account Cash Current balance: 500.00 Dr Particulars Share Party CurBal: 3,500.00 Dr Agst Ref SB-I Narration: Unity Quit p: print x 2-Oct-26 Friday Amount 500.00 500.00 Fl: Help Q: Date Company Ed: Contra Payment F-6: Receipt : Journal Sales aaala to ru 756a- OLIO— acep 0670- Purchase FOLIO— Fl O: OåuVooctgs E: Autofill Change Mode More Details O: Related ¯ Repons Optional post -Dated J: Stat acep .337. -a30 ning bbb75 ing j _id" :...
[shot] tds-019-R1-row1-b-sub1 (1024x768)
[15:38:06] [tds] screen tds-019-R1-row1-b-sub1 : Y: Data 76 TallyPrime MANAGE EDU K: Company Accounting Voucher Creation Recei t Z: Exchange 500.00 Cr A Accept Q Search O: Import E: Export M: Share FinCom • ke Co • Account Cash Current balance: 500.00 Dr Particulars Share Party CurBal: 3,500.00 Dr Agst Ref SB-I Narration: Unity Quit p: print x 2-Oct-26 Friday Amount 500.00 500.00 Fl: Help Q: Date Company Ed: Contra Payment F-6: Receipt : Journal Sales aaala to ru 756a- OLIO— acep 0670- Purchase FOLIO— Fl O: OåuVooctgs E: Autofill Change Mode More Details O: Related ¯ Repons Optional post -Dated J: Stat acep .337. -a30 ning bbb75 ing j _id" :...
[keys] '{ENTER}' -> Tally 'TallyPrime:9000'
[shot] tds-020-R1-rows-done (1024x768)
[15:38:09] [tds] screen tds-020-R1-rows-done : Y: Data 76 TallyPrime MANAGE EDU K: Company Accounting Voucher Creation Recei t Z: Exchange 500.00 Cr Accept Q Search O: Import E: Export M: Share FinCom • ke Co • Account Cash Current balance: 500.00 Dr Particulars Share Party CurBal: 3,500.00 Dr Agst Ref SB-I Narration: 95 Unity Quit p: print x 2-Oct-26 Friday Amount 500.00 500.00 Fl: Help Q: Date Company Ed: Contra Payment F-6: Receipt : Journal Sales aaala to ru 756a- OLIO— acep 0670- Purchase FOLIO— Fl O: OåuVooctgs E: Autofill Change Mode More Details O: Related ¯ Repons Optional post -Dated J: Stat Adjustment acep .337. -a30 ning bbb75 ...
[shot] tds-021-R1-done-sub1 (1024x768)
[15:38:10] [tds] screen tds-021-R1-done-sub1 : Y: Data 76 TallyPrime MANAGE EDU K: Company Accounting Voucher Creation Recei t Z: Exchange 500.00 Cr Accept Q Search O: Import E: Export M: Share FinCom • ke Co • Account Cash Current balance: 500.00 Dr Particulars Share Party CurBal: 3,500.00 Dr Agst Ref SB-I Narration: 95 Unity Quit p: print x 2-Oct-26 Friday Amount 500.00 500.00 Fl: Help Q: Date Company Ed: Contra Payment F-6: Receipt : Journal Sales aaala to ru 756a- OLIO— acep 0670- Purchase FOLIO— Fl O: OåuVooctgs E: Autofill Change Mode More Details O: Related ¯ Repons Optional post -Dated J: Stat Adjustment acep .337. -a30 ning bbb75 ...
[keys] 'share receipt agst{ENTER}' -> Tally 'TallyPrime:9000'
[shot] tds-022-R1-narr (1024x768)
[15:38:14] [tds] screen tds-022-R1-narr : Y: Data 76 TallyPrime MANAGE EDU K: Company Accounting Voucher Creation Recei t Z: Exchange 500.00 Cr A: Accept Q Search O: Import E: Export M: Share FinCom • Account Cash Current balance: 500.00 Dr Particulars Share Party CurBal: 3,500.00 Dr Agst Ref SB-I Narration: • share receipt agst Unity Q: Quit p: print x 2-Oct-26 Friday Amount 500.00 500.00 Accept Q Yes or No Fl: Help F-2: Date F-3: Company F-4: Contra F-5: Payment F-6: Receipt F-7: Journal F-9: Purchase PIO: E: Autofill H: Change = Mode I: More - Details O: Related ¯ Repons L: Optional T: post = -Dated J: Stat aaala to ru 756a- OLIO— ...
[keys] '^a' -> Tally 'TallyPrime:9000'
[shot] tds-023-R1-accept1 (1024x768)
[15:38:19] [tds] screen tds-023-R1-accept1 : Y: Data 76 TallyPrime MANAGE EDU K: Company Accounting Voucher Creation Recei t No. 2 Z: Exchange A Accept Q Search O: Import E: Export M: Share FinCom • ke Co p: print x 2-Oct-26 Friday Amount • Account Current balance: Particulars Narration: Unity Quit Fl: Help Q: Date Company Ed: Contra Payment F-6: Receipt Journal Sales aaala to ru 756a- OLIO— acep 0670- Purchase FOLIO— Fl O: OåuVooctgs E: Autofill Change Mode More Details O: Related ¯ Repons Optional post -Dated J: Stat acep .337. -a30 ning bbb75 ing j _id" : 3-011' 0670- D: Delete x: Cancel Vch Adjustment El 2: Configure Mode Windows Ser...
[shot] tds-024-R1-after1 (1024x768)
[15:38:19] [tds] screen tds-024-R1-after1 : Y: Data 76 TallyPrime MANAGE EDU K: Company Accounting Voucher Creation Recei t No. 2 Z: Exchange A Accept Q Search O: Import E: Export M: Share FinCom • ke Co p: print x 2-Oct-26 Friday Amount • Account Current balance: Particulars Narration: Unity Quit Fl: Help Q: Date Company Ed: Contra Payment F-6: Receipt Journal Sales aaala to ru 756a- OLIO— acep 0670- Purchase FOLIO— Fl O: OåuVooctgs E: Autofill Change Mode More Details O: Related ¯ Repons Optional post -Dated J: Stat acep .337. -a30 ning bbb75 ing j _id" : 3-011' 0670- D: Delete x: Cancel Vch Adjustment El 2: Configure Mode Windows Ser...
[keys] '^a' -> Tally 'TallyPrime:9000'
[shot] tds-025-R1-accept2 (1024x768)
[15:38:24] [tds] screen tds-025-R1-accept2 : Unity TallyPrime MANAGE EDU K: Company Accounting Voucher Creation Q: Quit Y: Data Z: Exchange A: Accept Q Search O: Import E: Export M: Share FinCom Spike Co p: print x Error Oops! No Entries in Voucher! Fl: Help F-2: Date F-3: Company F-4: Contra F-5: Payment F-6: Receipt F-7: Journal F-9: Purchase PIO: E: Autofill H: Change = Mode I: More - Details O: Related ¯ Repons L: Optional T: post = -Dated J: Stat aaala to ru 756a- OLIO— acep 0670- FOLIO— acep .337. -a30 ning bbb75 ing j _id" : 3-011' 0670- p: Delete , cancel vch ¯ Adjustment F-12: Configure Mode Windows Server 2025 Datacenter Build ...
[shot] tds-026-R1-after2 (1024x768)
[15:38:25] [tds] screen tds-026-R1-after2 : Unity TallyPrime MANAGE EDU K: Company Accounting Voucher Creation Q: Quit Y: Data Z: Exchange A: Accept Q Search O: Import E: Export M: Share FinCom Spike Co p: print x Error Oops! No Entries in Voucher! Fl: Help F-2: Date F-3: Company F-4: Contra F-5: Payment F-6: Receipt F-7: Journal F-9: Purchase PIO: E: Autofill H: Change = Mode I: More - Details O: Related ¯ Repons L: Optional T: post = -Dated J: Stat aaala to ru 756a- OLIO— acep 0670- FOLIO— acep .337. -a30 ning bbb75 ing j _id" : 3-011' 0670- p: Delete , cancel vch ¯ Adjustment F-12: Configure Mode Windows Server 2025 Datacenter Build ...
[keys] '^a' -> Tally 'TallyPrime:9000'
[shot] tds-027-R1-accept3 (1024x768)
[15:38:30] [tds] screen tds-027-R1-accept3 : Y: Data 76 TallyPrime MANAGE EDU K: Company Accounting Voucher Creation Recei t No. 2 Z: Exchange A Accept Q Search FinCom • ke Co O: Import E: Export List of Led er Accounts Cash Share Bank M: Share p: print x Create Cash • Account Current balance: 500.00 Dr Particulars End of List Cur Bal: Narration: Unity Quit Fl: Help Q: Date Company Ed: Contra Payment F-6: Receipt Journal Sales aaala to ru 756a- OLIO— acep 0670- Purchase FOLIO— Fl O: OåuVooctgs E: Autofill Change Mode More Details O: Related ¯ Repons Optional post -Dated J: Stat acep .337. -a30 ning bbb75 ing j _id" : 3-011' 0670- D: Dele...
[shot] tds-028-R1-after3 (1024x768)
[15:38:30] [tds] screen tds-028-R1-after3 : Y: Data 76 TallyPrime MANAGE EDU K: Company Accounting Voucher Creation Recei t No. 2 Z: Exchange A Accept Q Search FinCom • ke Co O: Import E: Export List of Led er Accounts Cash Share Bank M: Share p: print x Create Cash • Account Current balance: 500.00 Dr Particulars End of List Cur Bal: Narration: Unity Quit Fl: Help Q: Date Company Ed: Contra Payment F-6: Receipt Journal Sales aaala to ru 756a- OLIO— acep 0670- Purchase FOLIO— Fl O: OåuVooctgs E: Autofill Change Mode More Details O: Related ¯ Repons Optional post -Dated J: Stat acep .337. -a30 ning bbb75 ing j _id" : 3-011' 0670- D: Dele...
[keys] '^a' -> Tally 'TallyPrime:9000'
[shot] tds-029-R1-accept4 (1024x768)
[15:38:35] [tds] screen tds-029-R1-accept4 : Unity TallyPrime MANAGE EDU K: Company Accounting Voucher Creation Q: Quit Y: Data Z: Exchange A: Accept Q Search O: Import E: Export M: Share FinCom Spike Co p: print x Error Oops! No Entries in Voucher! Fl: Help F-2: Date F-3: Company F-4: Contra F-5: Payment F-6: Receipt F-7: Journal F-9: Purchase PIO: E: Autofill H: Change = Mode I: More - Details O: Related ¯ Repons L: Optional T: post = -Dated J: Stat aaala to ru 756a- OLIO— acep 0670- FOLIO— acep .337. -a30 ning bbb75 ing j _id" : 3-011' 0670- p: Delete , cancel vch ¯ Adjustment F-12: Configure Mode Windows Server 2025 Datacenter Build ...
[shot] tds-030-R1-after4 (1024x768)
[15:38:36] [tds] screen tds-030-R1-after4 : Unity TallyPrime MANAGE EDU K: Company Accounting Voucher Creation Q: Quit Y: Data Z: Exchange A: Accept Q Search O: Import E: Export M: Share FinCom Spike Co p: print x Error Oops! No Entries in Voucher! Fl: Help F-2: Date F-3: Company F-4: Contra F-5: Payment F-6: Receipt F-7: Journal F-9: Purchase PIO: E: Autofill H: Change = Mode I: More - Details O: Related ¯ Repons L: Optional T: post = -Dated J: Stat aaala to ru 756a- OLIO— acep 0670- FOLIO— acep .337. -a30 ning bbb75 ing j _id" : 3-011' 0670- p: Delete , cancel vch ¯ Adjustment F-12: Configure Mode Windows Server 2025 Datacenter Build ...
[shot] tds-031-gw0 (1024x768)
[15:38:37] [tds] screen tds-031-gw0 : Unity TallyPrime MANAGE EDU K: Company Accounting Voucher Creation Q: Quit Y: Data Z: Exchange A: Accept Q Search O: Import E: Export M: Share FinCom Spike Co p: print x Error Oops! No Entries in Voucher! Fl: Help F-2: Date F-3: Company F-4: Contra F-5: Payment F-6: Receipt F-7: Journal F-9: Purchase PIO: E: Autofill H: Change = Mode I: More - Details O: Related ¯ Repons L: Optional T: post = -Dated J: Stat aaala to ru 756a- OLIO— acep 0670- FOLIO— acep .337. -a30 ning bbb75 ing j _id" : 3-011' 0670- p: Delete , cancel vch ¯ Adjustment F-12: Configure Mode Windows Server 2025 Datacenter Build ...
[keys] '{ESC}' -> Tally 'TallyPrime:9000'
[shot] tds-032-gw1 (1024x768)
[15:38:40] [tds] screen tds-032-gw1 : Y: Data 76 TallyPrime MANAGE EDU K: Company Accounting Voucher Creation Recei t No. 2 Z: Exchange A Accept Q Search FinCom • ke Co O: Import E: Export List of Led er Accounts Cash Share Bank M: Share p: print x Create Cash • Account Current balance: 500.00 Dr Particulars End of List Cur Bal: Narration: Unity Quit Fl: Help Q: Date Company Ed: Contra Payment F-6: Receipt Journal Sales aaala to ru 756a- OLIO— acep 0670- Purchase FOLIO— Fl O: OåuVooctgs E: Autofill Change Mode More Details O: Related ¯ Repons Optional post -Dated J: Stat acep .337. -a30 ning bbb75 ing j _id" : 3-011' 0670- D: Dele...
[keys] '{ESC}' -> Tally 'TallyPrime:9000'
[shot] tds-033-gw2 (1024x768)
[15:38:44] [tds] screen tds-033-gw2 : Y: Data 76 TallyPrime MANAGE EDU K: Company Accounting Voucher Creation Recei t No. 2 Z: Exchange A Accept Q Search FinCom • ke Co O: Import E: Export List of Led er Accounts Cash Share Bank M: Share p: print x Create • Account Current balance: 500.00 Dr Particulars End of List Cur Bal: Narration: Unity Quit Fl: Help Q: Date Company Ed: Contra Payment F-6: Receipt Journal Sales aaala to ru 756a- OLIO— acep 0670- Purchase FOLIO— Fl O: OåuVooctgs E: Autofill Change Mode More Details O: Related ¯ Repons Optional post -Dated J: Stat acep .337. -a30 ning bbb75 ing j _id" : 3-011' 0670- D: Delete Ca...
[keys] '{ESC}' -> Tally 'TallyPrime:9000'
[shot] tds-034-gw3 (1024x768)
[15:38:47] [tds] screen tds-034-gw3 : Y: Data 76 TallyPrime MANAGE EDU K: Company Accounting Voucher Creation Recei t No. 2 Z: Exchange A: Accept Q Search O: Import E: Export M: Share FinCom • Account Current balance: 500.00 Dr Particulars End of List Cur Bal: Narration: Unity Q: Quit p: print x 2-Oct-26 Friday Amount Quit o Yes or No Fl: Help F-2: Date F-3: Company F-4: Contra F-5: Payment F-6: Receipt F-7: Journal F-9: Purchase PIO: E: Autofill H: Change = Mode I: More - Details O: Related ¯ Repons L: Optional T: post = -Dated J: Stat ¯ Adjustment aaala to ru 756a- OLIO— acep 0670- FOLIO— acep .337. -a30 ning bbb75 ing j _id" : ...
[keys] 'y' -> Tally 'TallyPrime:9000'
[shot] tds-035-gw4 (1024x768)
[15:38:51] [tds] screen tds-035-gw4 : TallyPrime MANAGE EDU K: Company Gatewa of Tall CURRENT PERIOD I-Apr-26 to 31-Mar-27 NAME OF COMPANY FinCom Spike Co Y: Data Z: Exchange O: Import E: Export M: Share p: print Fl: Help Date aaala Q CURRENT OATE Friday, 2-Oct-2026 2-Oct-26 Search Gateway of Tally MASTERS Create Alter CHart of Accounts TRANSACTIONS Vouchers Day 800K UTILITIES BaNking REPORTS Balance Sheet Profit & Loss A/c Stock Summary Ratio Analysis Display More Reports DashbOard Quit Unity Company to ru 756a- OLIO— acep 0670- FOLIO— acep .337. -a30 ning bbb75 ing j _id" : 3-011' 0670- Mode Windows Server 2025 Datacenter Build ...
  voucher mid=1 aid=1 Journal/1/20260401 guid=a381c3ad-1c49-482a-8d4f-cb1da1df58a6-00000001 cancelled=False
  voucher mid=2 aid=2 Journal/2/20261001 guid=a381c3ad-1c49-482a-8d4f-cb1da1df58a6-00000002 cancelled=False
  voucher mid=3 aid=3 Journal/3/20261001 guid=a381c3ad-1c49-482a-8d4f-cb1da1df58a6-00000003 cancelled=False
  voucher mid=4 aid=4 Journal/4/20261001 guid=a381c3ad-1c49-482a-8d4f-cb1da1df58a6-00000004 cancelled=False
  voucher mid=5 aid=5 Journal/5/20261001 guid=a381c3ad-1c49-482a-8d4f-cb1da1df58a6-00000005 cancelled=False
  voucher mid=6 aid=6 Payroll/1/20261001 guid=a381c3ad-1c49-482a-8d4f-cb1da1df58a6-00000006 cancelled=False
  voucher mid=7 aid=7 Receipt/1/20261002 guid=a381c3ad-1c49-482a-8d4f-cb1da1df58a6-00000007 cancelled=False
  INFO share receipt-agst (receipt from a party against its bill (Agst Ref SB-1)): Tally Receipt 1 mid 7; stored party 'Share Party' bills [Agst Ref]; the line party '' bills [Agst Ref]; lines voucher_accept_post x1, voucher_full x1
[15:38:54] ---- share receipt-plain: receipt with no party (Cash / Spike Income)
  voucher mid=1 aid=1 Journal/1/20260401 guid=a381c3ad-1c49-482a-8d4f-cb1da1df58a6-00000001 cancelled=False
  voucher mid=2 aid=2 Journal/2/20261001 guid=a381c3ad-1c49-482a-8d4f-cb1da1df58a6-00000002 cancelled=False
  voucher mid=3 aid=3 Journal/3/20261001 guid=a381c3ad-1c49-482a-8d4f-cb1da1df58a6-00000003 cancelled=False
  voucher mid=4 aid=4 Journal/4/20261001 guid=a381c3ad-1c49-482a-8d4f-cb1da1df58a6-00000004 cancelled=False
  voucher mid=5 aid=5 Journal/5/20261001 guid=a381c3ad-1c49-482a-8d4f-cb1da1df58a6-00000005 cancelled=False
  voucher mid=6 aid=6 Payroll/1/20261001 guid=a381c3ad-1c49-482a-8d4f-cb1da1df58a6-00000006 cancelled=False
  voucher mid=7 aid=7 Receipt/1/20261002 guid=a381c3ad-1c49-482a-8d4f-cb1da1df58a6-00000007 cancelled=False
[shot] tds-036-gw0 (1024x768)
[15:38:55] [tds] screen tds-036-gw0 : TallyPrime MANAGE EDU K: Company Gatewa of Tall CURRENT PERIOD I-Apr-26 to 31-Mar-27 NAME OF COMPANY FinCom Spike Co Y: Data Z: Exchange O: Import E: Export M: Share p: print Fl: Help Date aaala Q CURRENT OATE Friday, 2-Oct-2026 2-Oct-26 Search Gateway of Tally MASTERS Create Alter CHart of Accounts TRANSACTIONS Vouchers Day 800K UTILITIES BaNking REPORTS Balance Sheet Profit & Loss A/c Stock Summary Ratio Analysis Display More Reports DashbOard Quit Unity Company to ru 756a- OLIO— acep 0670- FOLIO— acep .337. -a30 ning bbb75 ing j _id" : 3-011' 0670- Mode Windows Server 2025 Datacenter Build ...
[shot] tds-037-R2-start (1024x768)
[15:38:56] [tds] screen tds-037-R2-start : TallyPrime MANAGE EDU K: Company Gatewa of Tall CURRENT PERIOD I-Apr-26 to 31-Mar-27 NAME OF COMPANY FinCom Spike Co Y: Data Z: Exchange O: Import E: Export M: Share p: print Fl: Help Date aaala Q CURRENT OATE Friday, 2-Oct-2026 2-Oct-26 Search Gateway of Tally MASTERS Create Alter CHart of Accounts TRANSACTIONS Vouchers Day 800K UTILITIES BaNking REPORTS Balance Sheet Profit & Loss A/c Stock Summary Ratio Analysis Display More Reports DashbOard Quit Unity Company to ru 756a- OLIO— acep 0670- FOLIO— acep .337. -a30 ning bbb75 ing j _id" : 3-011' 0670- Mode Windows Server 2025 Datacenter Build ...
[keys] 'v' -> Tally 'TallyPrime:9000'
[shot] tds-038-R2-vouchers (1024x768)
[15:39:00] [tds] screen tds-038-R2-vouchers : Y: Data 76 TallyPrime MANAGE EDU K: Company Accounting Voucher Creation Recei t No. 2 Z: Exchange A Accept Q Search O: Import E: Export M: Share FinCom • ke Co p: print x 2-Oct-26 Friday Amount • Account Current balance: Particulars Narration: Unity Quit Fl: Help Q: Date Company Ed: Contra Payment F-6: Receipt Journal Sales aaala to ru 756a- OLIO— acep 0670- Purchase FOLIO— Fl O: OåuVooctgs E: Autofill Change Mode More Details O: Related ¯ Repons Optional post -Dated J: Stat acep .337. -a30 ning bbb75 ing j _id" : 3-011' 0670- D: Delete x: Cancel Vch Adjustment El 2: Configure Mode Windows Ser...
[keys] '{F6}' -> Tally 'TallyPrime:9000'
[shot] tds-039-R2-type (1024x768)
[15:39:04] [tds] screen tds-039-R2-type : Y: Data 76 TallyPrime MANAGE EDU K: Company Accounting Voucher Creation Recei t No. 2 Z: Exchange A Accept Q Search O: Import E: Export M: Share FinCom • ke Co p: print x 2-Oct-26 Friday Amount • Account Current balance: Particulars Narration: Unity Quit Fl: Help Q: Date Company Ed: Contra Payment F-6: Receipt Journal Sales aaala to ru 756a- OLIO— acep 0670- Purchase FOLIO— Fl O: OåuVooctgs E: Autofill Change Mode More Details O: Related ¯ Repons Optional post -Dated J: Stat acep .337. -a30 ning bbb75 ing j _id" : 3-011' 0670- D: Delete x: Cancel Vch Adjustment El 2: Configure Mode Windows Ser...
[keys] '{F2}' -> Tally 'TallyPrime:9000'
[shot] tds-040-R2-date-box (1024x768)
[15:39:07] [tds] screen tds-040-R2-date-box : TallyPrime MANAGE EDU K: Company Change Voucher Date Unity Quit Y: Data Z: Exchange A Accept Q Search O: Import E: Export M: Share p: print Fl: Help FinCom Spike Co Voucher Date 3-10-2026 aaala to ru 756a- OLIO— acep 0670- FOLIO— acep .337. -a30 ning bbb75 ing j _id" : 3-011' 0670- Mode Windows Server 2025 Datacenter Build 26100.ge_release240331-1435 3:39 PM 10/8/2026
[keys] '2-10-2026{ENTER}' -> Tally 'TallyPrime:9000'
[shot] tds-041-R2-date (1024x768)
[15:39:11] [tds] screen tds-041-R2-date : Y: Data 76 TallyPrime MANAGE EDU K: Company Accounting Voucher Creation Recei t No. 2 Z: Exchange A Accept Q Search O: Import E: Export M: Share FinCom • ke Co p: print x 2-Oct-26 Friday Amount • Account Current balance: Particulars Narration: Unity Quit Fl: Help Q: Date Company Ed: Contra Payment F-6: Receipt Journal Sales aaala to ru 756a- OLIO— acep 0670- Purchase FOLIO— Fl O: OåuVooctgs E: Autofill Change Mode More Details O: Related ¯ Repons Optional post -Dated J: Stat acep .337. -a30 ning bbb75 ing j _id" : 3-011' 0670- D: Delete x: Cancel Vch Adjustment El 2: Configure Mode Windows Ser...
[keys] 'Cash{ENTER}' -> Tally 'TallyPrime:9000'
[shot] tds-042-R2-account (1024x768)
[15:39:14] [tds] screen tds-042-R2-account : Y: Data 76 TallyPrime MANAGE EDU K: Company Accounting Voucher Creation Recei t No. 2 Z: Exchange A Accept Q Search O: Import E: Export M: Share FinCom • ke Co p: print x 2-Oct-26 Friday Amount • Account Cash Current balance: 500.00 Dr Particulars Narration: Unity Quit Fl: Help Q: Date Company Ed: Contra Payment F-6: Receipt Journal Sales aaala to ru 756a- OLIO— acep 0670- Purchase FOLIO— Fl O: OåuVooctgs E: Autofill Change Mode More Details O: Related ¯ Repons Optional post -Dated J: Stat acep .337. -a30 ning bbb75 ing j _id" : 3-011' 0670- D: Delete x: Cancel Vch Adjustment El 2: Configure M...
[shot] tds-043-R2-acc-sub1 (1024x768)
[15:39:15] [tds] screen tds-043-R2-acc-sub1 : Y: Data 76 TallyPrime MANAGE EDU K: Company Accounting Voucher Creation Recei t No. 2 Z: Exchange A Accept Q Search O: Import E: Export M: Share FinCom • ke Co p: print x 2-Oct-26 Friday Amount • Account Cash Current balance: 500.00 Dr Particulars Narration: Unity Quit Fl: Help Q: Date Company Ed: Contra Payment F-6: Receipt Journal Sales aaala to ru 756a- OLIO— acep 0670- Purchase FOLIO— Fl O: OåuVooctgs E: Autofill Change Mode More Details O: Related ¯ Repons Optional post -Dated J: Stat acep .337. -a30 ning bbb75 ing j _id" : 3-011' 0670- D: Delete x: Cancel Vch Adjustment El 2: Configure M...
[keys] 'Spike Income{ENTER}' -> Tally 'TallyPrime:9000'
[shot] tds-044-R2-row1 (1024x768)
[15:39:19] [tds] screen tds-044-R2-row1 : Y: Data 76 TallyPrime MANAGE EDU K: Company Accounting Voucher Creation Recei t No. 2 Z: Exchange A Accept Q Search O: Import E: Export M: Share FinCom • ke Co p: print x 2-Oct-26 Friday Amount • Account Cash Current balance: 500.00 Dr Particulars Spike Income CurBal: 5,000.00 Cr Narration: Unity Quit Fl: Help Q: Date Company Ed: Contra Payment F-6: Receipt Journal Sales aaala to ru 756a- OLIO— acep 0670- Purchase FOLIO— Fl O: OåuVooctgs E: Autofill Change Mode More Details O: Related ¯ Repons Optional post -Dated J: Stat acep .337. -a30 ning bbb75 ing j _id" : 3-011' 0670- D: Delete x: Cancel...
[shot] tds-045-R2-row1-a-sub1 (1024x768)
[15:39:20] [tds] screen tds-045-R2-row1-a-sub1 : Y: Data 76 TallyPrime MANAGE EDU K: Company Accounting Voucher Creation Recei t No. 2 Z: Exchange A Accept Q Search O: Import E: Export M: Share FinCom • ke Co p: print x 2-Oct-26 Friday Amount • Account Cash Current balance: 500.00 Dr Particulars Spike Income CurBal: 5,000.00 Cr Narration: Unity Quit Fl: Help Q: Date Company Ed: Contra Payment F-6: Receipt Journal Sales aaala to ru 756a- OLIO— acep 0670- Purchase FOLIO— Fl O: OåuVooctgs E: Autofill Change Mode More Details O: Related ¯ Repons Optional post -Dated J: Stat acep .337. -a30 ning bbb75 ing j _id" : 3-011' 0670- D: Delete x: Cancel...
[keys] '700{ENTER}' -> Tally 'TallyPrime:9000'
[shot] tds-046-R2-row1-amt (1024x768)
[15:39:24] [tds] screen tds-046-R2-row1-amt : TallyPrime MANAGE EDU K: Company Cost Centre Allocations Unity Quit Y: Data Z: Exchange O: Import E: Export M: Share p: print Fl: Help FinCom Spike Co Cost Allocations for : Spike Income Up to: 700.00 cr Name of Cost Centre A Accept Q Search Amount aaala to ru 756a- OLIO— acep 0670- FOLIO— acep .337. -a30 ning bbb75 ing j _id" : 3-011' 0670- Mode Windows Server 2025 Datacenter Build 26100.ge_release240331-1435 3:39 PM 10/8/2026
[shot] tds-047-R2-row1-bills1 (1024x768)
[15:39:24] [tds] screen tds-047-R2-row1-bills1 : TallyPrime MANAGE EDU K: Company Cost Centre Allocations Unity Quit Y: Data Z: Exchange O: Import E: Export M: Share p: print Fl: Help FinCom Spike Co Cost Allocations for : Spike Income Up to: 700.00 cr Name of Cost Centre A Accept Q Search Amount aaala to ru 756a- OLIO— acep 0670- FOLIO— acep .337. -a30 ning bbb75 ing j _id" : 3-011' 0670- Mode Windows Server 2025 Datacenter Build 26100.ge_release240331-1435 3:39 PM 10/8/2026
[shot] tds-048-R2-row1-b-sub1 (1024x768)
[15:39:25] [tds] screen tds-048-R2-row1-b-sub1 : TallyPrime MANAGE EDU K: Company Cost Centre Allocations Unity Quit Y: Data Z: Exchange O: Import E: Export M: Share p: print Fl: Help FinCom Spike Co Cost Allocations for : Spike Income Up to: 700.00 cr Name of Cost Centre A Accept Q Search Amount aaala to ru 756a- OLIO— acep 0670- FOLIO— acep .337. -a30 ning bbb75 ing j _id" : 3-011' 0670- Mode Windows Server 2025 Datacenter Build 26100.ge_release240331-1435 3:39 PM 10/8/2026
[keys] '^a' -> Tally 'TallyPrime:9000'
[shot] tds-049-R2-row1-b-sub-accept (1024x768)
[15:39:29] [tds] screen tds-049-R2-row1-b-sub-accept : Y: Data 76 TallyPrime MANAGE EDU K: Company Accounting Voucher Creation Recei t No. 2 Z: Exchange 700.00 Cr A Accept Q Search O: Import E: Export M: Share FinCom • ke Co • Account Cash Current balance: 1,200.00 Dr Particulars Spike Income CurBal: 5,700.00 Cr Share Emp 1 Narration: Unity Quit p: print x 2-Oct-26 Friday Amount 700.00 700.00 Fl: Help Q: Date Company Ed: Contra Payment F-6: Receipt : Journal Sales aaala to ru 756a- OLIO— acep 0670- Purchase FOLIO— Fl O: OåuVooctgs E: Autofill Change Mode More Details O: Related ¯ Repons Optional post -Dated J: Stat acep .337. -a30 ning bbb75 ing j...
[shot] tds-050-R2-row1-b-sub2 (1024x768)
[15:39:30] [tds] screen tds-050-R2-row1-b-sub2 : Y: Data 76 TallyPrime MANAGE EDU K: Company Accounting Voucher Creation Recei t No. 2 Z: Exchange 700.00 Cr A Accept Q Search O: Import E: Export M: Share FinCom • ke Co • Account Cash Current balance: 1,200.00 Dr Particulars Spike Income CurBal: 5,700.00 Cr Share Emp 1 Narration: Unity Quit p: print x 2-Oct-26 Friday Amount 700.00 700.00 Fl: Help Q: Date Company Ed: Contra Payment F-6: Receipt : Journal Sales aaala to ru 756a- OLIO— acep 0670- Purchase FOLIO— Fl O: OåuVooctgs E: Autofill Change Mode More Details O: Related ¯ Repons Optional post -Dated J: Stat acep .337. -a30 ning bbb75 ing j...
[keys] '{ENTER}' -> Tally 'TallyPrime:9000'
[shot] tds-051-R2-rows-done (1024x768)
[15:39:33] [tds] screen tds-051-R2-rows-done : Y: Data 76 TallyPrime MANAGE EDU K: Company Accounting Voucher Creation Recei t No. 2 Z: Exchange 700.00 Cr Accept Q Search O: Import E: Export M: Share FinCom • ke Co • Account Cash Current balance: 1,200.00 Dr Particulars Spike Income CurBal: 5,700.00 Cr Share Emp 1 Narration: 95 Unity Quit p: print x 2-Oct-26 Friday Amount 700.00 700.00 Fl: Help Q: Date Company Ed: Contra Payment F-6: Receipt : Journal Sales aaala to ru 756a- OLIO— acep 0670- Purchase FOLIO— Fl O: OåuVooctgs E: Autofill Change Mode More Details O: Related ¯ Repons Optional post -Dated J: Stat acep .337. -a30 ning bbb75 ing ...
[shot] tds-052-R2-done-sub1 (1024x768)
[15:39:34] [tds] screen tds-052-R2-done-sub1 : Y: Data 76 TallyPrime MANAGE EDU K: Company Accounting Voucher Creation Recei t No. 2 Z: Exchange 700.00 Cr Accept Q Search O: Import E: Export M: Share FinCom • ke Co • Account Cash Current balance: 1,200.00 Dr Particulars Spike Income CurBal: 5,700.00 Cr Share Emp 1 Narration: 95 Unity Quit p: print x 2-Oct-26 Friday Amount 700.00 700.00 Fl: Help Q: Date Company Ed: Contra Payment F-6: Receipt : Journal Sales aaala to ru 756a- OLIO— acep 0670- Purchase FOLIO— Fl O: OåuVooctgs E: Autofill Change Mode More Details O: Related ¯ Repons Optional post -Dated J: Stat acep .337. -a30 ning bbb75 ing ...
[keys] 'share receipt plain{ENTER}' -> Tally 'TallyPrime:9000'
[shot] tds-053-R2-narr (1024x768)
[15:39:38] [tds] screen tds-053-R2-narr : Y: Data 76 TallyPrime MANAGE EDU K: Company Accounting Voucher Creation Recei t No. 2 Z: Exchange 700.00 Cr A: Accept Q Search O: Import E: Export M: Share FinCom • Account Cash Current balance: 1,200.00 Dr Particulars Spike Income CurBal: 5,700.00 Cr Share Emp 1 Narration: • share receipt plain Unity Q: Quit p: print x 2-Oct-26 Friday Amount 700.00 700.00 Accept Q Yes or No Fl: Help F-2: Date F-3: Company F-4: Contra F-5: Payment F-6: Receipt F-7: Journal F-9: Purchase PIO: E: Autofill H: Change = Mode I: More - Details O: Related ¯ Repons L: Optional T: post = -Dated J: Stat aaala to ru 756a...
[keys] '^a' -> Tally 'TallyPrime:9000'
[shot] tds-054-R2-accept1 (1024x768)
[15:39:43] [tds] screen tds-054-R2-accept1 : Y: Data 76 TallyPrime MANAGE EDU K: Company Accounting Voucher Creation Recei t Z: Exchange A Accept Q Search O: Import E: Export M: Share FinCom • ke Co p: print x 2-Oct-26 Friday Amount • Account Current balance: Particulars Narration: Unity Quit Fl: Help Q: Date Company Ed: Contra Payment F-6: Receipt Journal Sales aaala to ru 756a- OLIO— acep 0670- Purchase FOLIO— Fl O: OåuVooctgs E: Autofill Change Mode More Details O: Related ¯ Repons Optional post -Dated J: Stat acep .337. -a30 ning bbb75 ing j _id" : 3-011' 0670- D: Delete x: Cancel Vch Adjustment El 2: Configure Mode Windows Server 20...
[shot] tds-055-R2-after1 (1024x768)
[15:39:44] [tds] screen tds-055-R2-after1 : Y: Data 76 TallyPrime MANAGE EDU K: Company Accounting Voucher Creation Recei t Z: Exchange A Accept Q Search O: Import E: Export M: Share FinCom • ke Co p: print x 2-Oct-26 Friday Amount • Account Current balance: Particulars Narration: Unity Quit Fl: Help Q: Date Company Ed: Contra Payment F-6: Receipt Journal Sales aaala to ru 756a- OLIO— acep 0670- Purchase FOLIO— Fl O: OåuVooctgs E: Autofill Change Mode More Details O: Related ¯ Repons Optional post -Dated J: Stat acep .337. -a30 ning bbb75 ing j _id" : 3-011' 0670- D: Delete x: Cancel Vch Adjustment El 2: Configure Mode Windows Server 20...
[keys] '^a' -> Tally 'TallyPrime:9000'
[shot] tds-056-R2-accept2 (1024x768)
[15:39:48] [tds] screen tds-056-R2-accept2 : Unity TallyPrime MANAGE EDU K: Company Accounting Voucher Creation Q: Quit Y: Data Z: Exchange A: Accept Q Search O: Import E: Export M: Share FinCom Spike Co p: print x Error Oops! No Entries in Voucher! Fl: Help F-2: Date F-3: Company F-4: Contra F-5: Payment F-6: Receipt F-7: Journal F-9: Purchase PIO: E: Autofill H: Change = Mode I: More - Details O: Related ¯ Repons L: Optional T: post = -Dated J: Stat aaala to ru 756a- OLIO— acep 0670- FOLIO— acep .337. -a30 ning bbb75 ing j _id" : 3-011' 0670- p: Delete , cancel vch ¯ Adjustment F-12: Configure Mode Windows Server 2025 Datacenter Build ...
[shot] tds-057-R2-after2 (1024x768)
[15:39:49] [tds] screen tds-057-R2-after2 : Unity TallyPrime MANAGE EDU K: Company Accounting Voucher Creation Q: Quit Y: Data Z: Exchange A: Accept Q Search O: Import E: Export M: Share FinCom Spike Co p: print x Error Oops! No Entries in Voucher! Fl: Help F-2: Date F-3: Company F-4: Contra F-5: Payment F-6: Receipt F-7: Journal F-9: Purchase PIO: E: Autofill H: Change = Mode I: More - Details O: Related ¯ Repons L: Optional T: post = -Dated J: Stat aaala to ru 756a- OLIO— acep 0670- FOLIO— acep .337. -a30 ning bbb75 ing j _id" : 3-011' 0670- p: Delete , cancel vch ¯ Adjustment F-12: Configure Mode Windows Server 2025 Datacenter Build ...
[keys] '^a' -> Tally 'TallyPrime:9000'
[shot] tds-058-R2-accept3 (1024x768)
[15:39:54] [tds] screen tds-058-R2-accept3 : Y: Data 76 TallyPrime MANAGE EDU K: Company Accounting Voucher Creation Recei t Z: Exchange A Accept Q Search FinCom • ke Co O: Import E: Export List of Led er Accounts Cash Share Bank M: Share p: print x Create Cash • Account Current balance: 1,200.00 Dr Particulars End of List Cur Bal: Narration: Unity Quit Fl: Help Q: Date Company Ed: Contra Payment F-6: Receipt Journal Sales aaala to ru 756a- OLIO— acep 0670- Purchase FOLIO— Fl O: OåuVooctgs E: Autofill Change Mode More Details O: Related ¯ Repons Optional post -Dated J: Stat acep .337. -a30 ning bbb75 ing j _id" : 3-011' 0670- D: Delete C...
[shot] tds-059-R2-after3 (1024x768)
[15:39:55] [tds] screen tds-059-R2-after3 : Y: Data 76 TallyPrime MANAGE EDU K: Company Accounting Voucher Creation Recei t Z: Exchange A Accept Q Search FinCom • ke Co O: Import E: Export List of Led er Accounts Cash Share Bank M: Share p: print x Create Cash • Account Current balance: 1,200.00 Dr Particulars End of List Cur Bal: Narration: Unity Quit Fl: Help Q: Date Company Ed: Contra Payment F-6: Receipt Journal Sales aaala to ru 756a- OLIO— acep 0670- Purchase FOLIO— Fl O: OåuVooctgs E: Autofill Change Mode More Details O: Related ¯ Repons Optional post -Dated J: Stat acep .337. -a30 ning bbb75 ing j _id" : 3-011' 0670- D: Delete C...
[keys] '^a' -> Tally 'TallyPrime:9000'
[shot] tds-060-R2-accept4 (1024x768)
[15:39:59] [tds] screen tds-060-R2-accept4 : Unity TallyPrime MANAGE EDU K: Company Accounting Voucher Creation Q: Quit Y: Data Z: Exchange A: Accept Q Search O: Import E: Export M: Share FinCom Spike Co p: print x Error Oops! No Entries in Voucher! Fl: Help F-2: Date F-3: Company F-4: Contra F-5: Payment F-6: Receipt F-7: Journal F-9: Purchase PIO: E: Autofill H: Change = Mode I: More - Details O: Related ¯ Repons L: Optional T: post = -Dated J: Stat aaala to ru 756a- OLIO— acep 0670- FOLIO— acep .337. -a30 ning bbb75 ing j _id" : 3-011' 0670- p: Delete , cancel vch ¯ Adjustment F-12: Configure Mode Windows Server 2025 Datacenter Build ...
[shot] tds-061-R2-after4 (1024x768)
[15:40:00] [tds] screen tds-061-R2-after4 : Unity TallyPrime MANAGE EDU K: Company Accounting Voucher Creation Q: Quit Y: Data Z: Exchange A: Accept Q Search O: Import E: Export M: Share FinCom Spike Co p: print x Error Oops! No Entries in Voucher! Fl: Help F-2: Date F-3: Company F-4: Contra F-5: Payment F-6: Receipt F-7: Journal F-9: Purchase PIO: E: Autofill H: Change = Mode I: More - Details O: Related ¯ Repons L: Optional T: post = -Dated J: Stat aaala to ru 756a- OLIO— acep 0670- FOLIO— acep .337. -a30 ning bbb75 ing j _id" : 3-011' 0670- p: Delete , cancel vch ¯ Adjustment F-12: Configure Mode Windows Server 2025 Datacenter Build ...
[shot] tds-062-gw0 (1024x768)
[15:40:01] [tds] screen tds-062-gw0 : Unity TallyPrime MANAGE EDU K: Company Accounting Voucher Creation Q: Quit Y: Data Z: Exchange A: Accept Q Search O: Import E: Export M: Share FinCom Spike Co p: print x Error Oops! No Entries in Voucher! Fl: Help F-2: Date F-3: Company F-4: Contra F-5: Payment F-6: Receipt F-7: Journal F-9: Purchase PIO: E: Autofill H: Change = Mode I: More - Details O: Related ¯ Repons L: Optional T: post = -Dated J: Stat aaala to ru 756a- OLIO— acep 0670- FOLIO— acep .337. -a30 ning bbb75 ing j _id" : 3-011' 0670- p: Delete , cancel vch ¯ Adjustment F-12: Configure Mode Windows Server 2025 Datacenter Build ...
[keys] '{ESC}' -> Tally 'TallyPrime:9000'
[shot] tds-063-gw1 (1024x768)
[15:40:04] [tds] screen tds-063-gw1 : Y: Data 76 TallyPrime MANAGE EDU K: Company Accounting Voucher Creation Recei t Z: Exchange A Accept Q Search FinCom • ke Co O: Import E: Export List of Led er Accounts Cash Share Bank M: Share p: print x Create Cash • Account Current balance: 1,200.00 Dr Particulars End of List Cur Bal: Narration: Unity Quit Fl: Help Q: Date Company Ed: Contra Payment F-6: Receipt Journal Sales aaala to ru 756a- OLIO— acep 0670- Purchase FOLIO— Fl O: OåuVooctgs E: Autofill Change Mode More Details O: Related ¯ Repons Optional post -Dated J: Stat acep .337. -a30 ning bbb75 ing j _id" : 3-011' 0670- D: Delete C...
[keys] '{ESC}' -> Tally 'TallyPrime:9000'
[shot] tds-064-gw2 (1024x768)
[15:40:08] [tds] screen tds-064-gw2 : Y: Data 76 TallyPrime MANAGE EDU K: Company Accounting Voucher Creation Recei t Z: Exchange A Accept Q Search FinCom • ke Co O: Import E: Export List of Led er Accounts Cash Share Bank M: Share p: print x Create • Account Current balance: 1,200.00 Dr Particulars End of List Cur Bal: Narration: Unity Quit Fl: Help Q: Date Company Ed: Contra Payment F-6: Receipt Journal Sales aaala to ru 756a- OLIO— acep 0670- Purchase FOLIO— Fl O: OåuVooctgs E: Autofill Change Mode More Details O: Related ¯ Repons Optional post -Dated J: Stat acep .337. -a30 ning bbb75 ing j _id" : 3-011' 0670- D: Delete Cancel...
[keys] '{ESC}' -> Tally 'TallyPrime:9000'
[shot] tds-065-gw3 (1024x768)
[15:40:11] [tds] screen tds-065-gw3 : Y: Data 76 TallyPrime MANAGE EDU K: Company Accounting Voucher Creation Recei t Z: Exchange A: Accept Q Search O: Import E: Export M: Share FinCom • Account Current balance: 1,200.00 Dr Particulars End of List Cur Bal: Narration: Unity Q: Quit p: print x 2-Oct-26 Friday Amount Quit o Yes or No Fl: Help F-2: Date F-3: Company F-4: Contra F-5: Payment F-6: Receipt F-7: Journal F-9: Purchase PIO: E: Autofill H: Change = Mode I: More - Details O: Related ¯ Repons L: Optional T: post = -Dated J: Stat ¯ Adjustment aaala to ru 756a- OLIO— acep 0670- FOLIO— acep .337. -a30 ning bbb75 ing j _id" : 3-01...
[keys] 'y' -> Tally 'TallyPrime:9000'
[shot] tds-066-gw4 (1024x768)
[15:40:15] [tds] screen tds-066-gw4 : TallyPrime MANAGE EDU K: Company Gatewa of Tall CURRENT PERIOD I-Apr-26 to 31-Mar-27 NAME OF COMPANY FinCom Spike Co Y: Data Z: Exchange O: Import E: Export M: Share p: print Fl: Help Date aaala Q CURRENT OATE Friday, 2-Oct-2026 2-Oct-26 Search Gateway of Tally MASTERS Create Alter CHart of Accounts TRANSACTIONS Vouchers Day 800K UTILITIES BaNking REPORTS Balance Sheet Profit & Loss A/c Stock Summary Ratio Analysis Display More Reports DashbOard Quit Unity Company to ru 756a- OLIO— acep 0670- FOLIO— acep .337. -a30 ning bbb75 ing j _id" : 3-011' 0670- Mode Windows Server 2025 Datacenter Build ...
  voucher mid=1 aid=1 Journal/1/20260401 guid=a381c3ad-1c49-482a-8d4f-cb1da1df58a6-00000001 cancelled=False
  voucher mid=2 aid=2 Journal/2/20261001 guid=a381c3ad-1c49-482a-8d4f-cb1da1df58a6-00000002 cancelled=False
  voucher mid=3 aid=3 Journal/3/20261001 guid=a381c3ad-1c49-482a-8d4f-cb1da1df58a6-00000003 cancelled=False
  voucher mid=4 aid=4 Journal/4/20261001 guid=a381c3ad-1c49-482a-8d4f-cb1da1df58a6-00000004 cancelled=False
  voucher mid=5 aid=5 Journal/5/20261001 guid=a381c3ad-1c49-482a-8d4f-cb1da1df58a6-00000005 cancelled=False
  voucher mid=6 aid=6 Payroll/1/20261001 guid=a381c3ad-1c49-482a-8d4f-cb1da1df58a6-00000006 cancelled=False
  voucher mid=7 aid=7 Receipt/1/20261002 guid=a381c3ad-1c49-482a-8d4f-cb1da1df58a6-00000007 cancelled=False
  voucher mid=8 aid=8 Receipt/2/20261002 guid=a381c3ad-1c49-482a-8d4f-cb1da1df58a6-00000008 cancelled=False
  INFO share receipt-plain (receipt with no party (Cash / Spike Income)): Tally Receipt 2 mid 8; stored party 'Cash' bills []; the line party '' bills []; lines voucher_accept_post x1, voucher_full x1
[15:40:18] ---- share payment-agst: payment to a supplier against its bill (Agst Ref PB-1)
  voucher mid=1 aid=1 Journal/1/20260401 guid=a381c3ad-1c49-482a-8d4f-cb1da1df58a6-00000001 cancelled=False
  voucher mid=2 aid=2 Journal/2/20261001 guid=a381c3ad-1c49-482a-8d4f-cb1da1df58a6-00000002 cancelled=False
  voucher mid=3 aid=3 Journal/3/20261001 guid=a381c3ad-1c49-482a-8d4f-cb1da1df58a6-00000003 cancelled=False
  voucher mid=4 aid=4 Journal/4/20261001 guid=a381c3ad-1c49-482a-8d4f-cb1da1df58a6-00000004 cancelled=False
  voucher mid=5 aid=5 Journal/5/20261001 guid=a381c3ad-1c49-482a-8d4f-cb1da1df58a6-00000005 cancelled=False
  voucher mid=6 aid=6 Payroll/1/20261001 guid=a381c3ad-1c49-482a-8d4f-cb1da1df58a6-00000006 cancelled=False
  voucher mid=7 aid=7 Receipt/1/20261002 guid=a381c3ad-1c49-482a-8d4f-cb1da1df58a6-00000007 cancelled=False
  voucher mid=8 aid=8 Receipt/2/20261002 guid=a381c3ad-1c49-482a-8d4f-cb1da1df58a6-00000008 cancelled=False
[shot] tds-067-gw0 (1024x768)
[15:40:19] [tds] screen tds-067-gw0 : TallyPrime MANAGE EDU K: Company Gatewa of Tall CURRENT PERIOD I-Apr-26 to 31-Mar-27 NAME OF COMPANY FinCom Spike Co Y: Data Z: Exchange O: Import E: Export M: Share p: print Fl: Help Date aaala Q CURRENT OATE Friday, 2-Oct-2026 2-Oct-26 Search Gateway of Tally MASTERS Create Alter CHart of Accounts TRANSACTIONS Vouchers Day 800K UTILITIES BaNking REPORTS Balance Sheet Profit & Loss A/c Stock Summary Ratio Analysis Display More Reports DashbOard Quit Unity Company to ru 756a- OLIO— acep 0670- FOLIO— acep .337. -a30 ning bbb75 ing j _id" : 3-011' 0670- Mode Windows Server 2025 Datacenter Build ...
[shot] tds-068-P1-start (1024x768)
[15:40:20] [tds] screen tds-068-P1-start : TallyPrime MANAGE EDU K: Company Gatewa of Tall CURRENT PERIOD I-Apr-26 to 31-Mar-27 NAME OF COMPANY FinCom Spike Co Y: Data Z: Exchange O: Import E: Export M: Share p: print Fl: Help Date aaala Q CURRENT OATE Friday, 2-Oct-2026 2-Oct-26 Search Gateway of Tally MASTERS Create Alter CHart of Accounts TRANSACTIONS Vouchers Day 800K UTILITIES BaNking REPORTS Balance Sheet Profit & Loss A/c Stock Summary Ratio Analysis Display More Reports DashbOard Quit Unity Company to ru 756a- OLIO— acep 0670- FOLIO— acep .337. -a30 ning bbb75 ing j _id" : 3-011' 0670- Mode Windows Server 2025 Datacenter Build ...
[keys] 'v' -> Tally 'TallyPrime:9000'
[shot] tds-069-P1-vouchers (1024x768)
[15:40:24] [tds] screen tds-069-P1-vouchers : Y: Data 76 TallyPrime MANAGE EDU K: Company Accounting Voucher Creation Recei t Z: Exchange A Accept Q Search O: Import E: Export M: Share FinCom • ke Co p: print x 2-Oct-26 Friday Amount • Account Current balance: Particulars Narration: Unity Quit Fl: Help Q: Date Company Ed: Contra Payment F-6: Receipt Journal Sales aaala to ru 756a- OLIO— acep 0670- Purchase FOLIO— Fl O: OåuVooctgs E: Autofill Change Mode More Details O: Related ¯ Repons Optional post -Dated J: Stat acep .337. -a30 ning bbb75 ing j _id" : 3-011' 0670- D: Delete x: Cancel Vch Adjustment El 2: Configure Mode Windows Server 20...
[keys] '{F5}' -> Tally 'TallyPrime:9000'
[shot] tds-070-P1-type (1024x768)
[15:40:28] [tds] screen tds-070-P1-type : Y: Data 76 TallyPrime MANAGE EDU K: Company Accounting Voucher Creation Pa ment No. 1 Z: Exchange A Accept Q Search O: Import E: Export M: Share FinCom • ke Co p: print 20ct-26 Friday Amount • Account Current balance: Particulars Narration: Unity Quit Fl: Help Q: Date Company Ed: Contra F-5: Payment Receipt Journal Sales aaala to ru 756a- OLIO— acep 0670- Purchase FOLIO— Fl O: OåuVooctgs E: Autofill Change Mode More Details O: Related ¯ Repons Optional post -Dated J: Stat acep .337. -a30 ning bbb75 ing j _id" : 3-011' 0670- D: Delete x: Cancel Vch Adjustment El 2: Configure Mode Windows Server...
[keys] '{F2}' -> Tally 'TallyPrime:9000'
[shot] tds-071-P1-date-box (1024x768)
[15:40:31] [tds] screen tds-071-P1-date-box : TallyPrime MANAGE EDU K: Company Change Voucher Date Unity Quit Y: Data Z: Exchange A Accept Q Search O: Import E: Export M: Share p: print Fl: Help FinCom Spike Co Voucher Date 3-10-2026 aaala to ru 756a- OLIO— acep 0670- FOLIO— acep .337. -a30 ning bbb75 ing j _id" : 3-011' 0670- Mode Windows Server 2025 Datacenter Build 26100.ge_release240331-1435 3:40 PM 10/8/2026
[keys] '2-10-2026{ENTER}' -> Tally 'TallyPrime:9000'
[shot] tds-072-P1-date (1024x768)
[15:40:35] [tds] screen tds-072-P1-date : Y: Data 76 TallyPrime MANAGE EDU K: Company Accounting Voucher Creation Pa ment No. 1 Z: Exchange A Accept Q Search O: Import E: Export M: Share FinCom • ke Co p: print 20ct-26 Friday Amount • Account Current balance: Particulars Narration: Unity Quit Fl: Help Q: Date Company Ed: Contra F-5: Payment Receipt Journal Sales aaala to ru 756a- OLIO— acep 0670- Purchase FOLIO— Fl O: OåuVooctgs E: Autofill Change Mode More Details O: Related ¯ Repons Optional post -Dated J: Stat acep .337. -a30 ning bbb75 ing j _id" : 3-011' 0670- D: Delete x: Cancel Vch Adjustment El 2: Configure Mode Windows Server...
[keys] 'Cash{ENTER}' -> Tally 'TallyPrime:9000'
[shot] tds-073-P1-account (1024x768)
[15:40:38] [tds] screen tds-073-P1-account : Y: Data 76 TallyPrime MANAGE EDU K: Company Accounting Voucher Creation Pa ment No. 1 Z: Exchange A Accept Q Search O: Import E: Export M: Share FinCom • ke Co p: print 20ct-26 Friday Amount • Account Cash Current balance: 1,200.00 Dr Particulars Narration: Unity Quit Fl: Help Q: Date Company Ed: Contra F-5: Payment Receipt Journal Sales aaala to ru 756a- OLIO— acep 0670- Purchase FOLIO— Fl O: OåuVooctgs E: Autofill Change Mode More Details O: Related ¯ Repons Optional post -Dated J: Stat acep .337. -a30 ning bbb75 ing j _id" : 3-011' 0670- D: Delete x: Cancel Vch Adjustment El 2: Configure Mo...
[shot] tds-074-P1-acc-sub1 (1024x768)
[15:40:39] [tds] screen tds-074-P1-acc-sub1 : Y: Data 76 TallyPrime MANAGE EDU K: Company Accounting Voucher Creation Pa ment No. 1 Z: Exchange A Accept Q Search O: Import E: Export M: Share FinCom • ke Co p: print 20ct-26 Friday Amount • Account Cash Current balance: 1,200.00 Dr Particulars Narration: Unity Quit Fl: Help Q: Date Company Ed: Contra F-5: Payment Receipt Journal Sales aaala to ru 756a- OLIO— acep 0670- Purchase FOLIO— Fl O: OåuVooctgs E: Autofill Change Mode More Details O: Related ¯ Repons Optional post -Dated J: Stat acep .337. -a30 ning bbb75 ing j _id" : 3-011' 0670- D: Delete x: Cancel Vch Adjustment El 2: Configure Mo...
[keys] 'Share Supplier{ENTER}' -> Tally 'TallyPrime:9000'
[shot] tds-075-P1-row1 (1024x768)
[15:40:43] [tds] screen tds-075-P1-row1 : Y: Data 76 TallyPrime MANAGE EDU K: Company Accounting Voucher Creation Pa ment No. 1 Z: Exchange A Accept Q Search O: Import E: Export M: Share FinCom • ke Co p: print 20ct-26 Friday Amount • Account Cash Current balance: 1,200.00 Dr Particulars Share Supplier CurBal: 3,000.00 Cr Narration: Unity Quit Fl: Help Q: Date Company Ed: Contra F-5: Payment Receipt Journal Sales aaala to ru 756a- OLIO— acep 0670- Purchase FOLIO— Fl O: OåuVooctgs E: Autofill Change Mode More Details O: Related ¯ Repons Optional post -Dated J: Stat acep .337. -a30 ning bbb75 ing j _id" : 3-011' 0670- D: Delete x: Cance...
[shot] tds-076-P1-row1-a-sub1 (1024x768)
[15:40:44] [tds] screen tds-076-P1-row1-a-sub1 : Y: Data 76 TallyPrime MANAGE EDU K: Company Accounting Voucher Creation Pa ment No. 1 Z: Exchange A Accept Q Search O: Import E: Export M: Share FinCom • ke Co p: print 20ct-26 Friday Amount • Account Cash Current balance: 1,200.00 Dr Particulars Share Supplier CurBal: 3,000.00 Cr Narration: Unity Quit Fl: Help Q: Date Company Ed: Contra F-5: Payment Receipt Journal Sales aaala to ru 756a- OLIO— acep 0670- Purchase FOLIO— Fl O: OåuVooctgs E: Autofill Change Mode More Details O: Related ¯ Repons Optional post -Dated J: Stat acep .337. -a30 ning bbb75 ing j _id" : 3-011' 0670- D: Delete x: Cance...
[keys] '400{ENTER}' -> Tally 'TallyPrime:9000'
[shot] tds-077-P1-row1-amt (1024x768)
[15:40:48] [tds] screen tds-077-P1-row1-amt : Unity TallyPrime MANAGE EDU K: Company Bill-wise Details Quit Y: Data Type of Ref St Ref Z: Exchange FinCom Spike Co Bill-wise Details for : Share Supplier Up to: 400.00 Dr O: Import Amount E: Export M: Share p: print Fl: Help x Name Method of Ad Advance Agst Ref New Ref On Account Accept Q Search Due Date, or Credit Days 20ct-26) aaala to ru 756a- OLIO— acep 0670- FOLIO— acep .337. -a30 ning bbb75 ing j _id" : 3-011' 0670- Mode Windows Server 2025 Datacenter Build 26100.ge_release240331-1435 3:40 PM 10/8/2026
[shot] tds-078-P1-row1-bills1 (1024x768)
[15:40:48] [tds] screen tds-078-P1-row1-bills1 : Unity TallyPrime MANAGE EDU K: Company Bill-wise Details Quit Y: Data Type of Ref St Ref Z: Exchange FinCom Spike Co Bill-wise Details for : Share Supplier Up to: 400.00 Dr O: Import Amount E: Export M: Share p: print Fl: Help x Name Method of Ad Advance Agst Ref New Ref On Account Accept Q Search Due Date, or Credit Days 20ct-26) aaala to ru 756a- OLIO— acep 0670- FOLIO— acep .337. -a30 ning bbb75 ing j _id" : 3-011' 0670- Mode Windows Server 2025 Datacenter Build 26100.ge_release240331-1435 3:40 PM 10/8/2026
[keys] 'Agst Ref{ENTER}' -> Tally 'TallyPrime:9000'
[shot] tds-079-P1-row1-reftype (1024x768)
[15:40:52] [tds] screen tds-079-P1-row1-reftype : Unity TallyPrime MANAGE EDU K: Company Bill-wise Details pendin Name ADVP-I PB-I Quit Y: Data Type of Ref Agst Ref Bills Z: Exchange FinCom Spike Co Bill-wise Details for : Share Supplier Up to: 400.00 Dr O: Import Amount E: Export M: Share p: print Fl: Help x Name Due Date I-Oct-26 I-Oct-26 Due Date, or Credit Days (wef 20ct-26) Balance 1,000.00 Dr 4,000.00 Cr Bill Date I-Oct-26 I-Oct-26 Accept Final Balance 1,000.00 Dr 4,000.00 Cr aaala to ru 756a- OLIO— acep 0670- FOLIO— acep .337. -a30 ning bbb75 ing j _id" : 3-011' 0670- Mode Q Search Windows Server 2025 Datacenter Build 26100.ge_release2...
[keys] 'PB-1{ENTER}' -> Tally 'TallyPrime:9000'
[shot] tds-080-P1-row1-refname (1024x768)
[15:40:56] [tds] screen tds-080-P1-row1-refname : Unity TallyPrime MANAGE EDU K: Company Bill-wise Details Quit Y: Data Type of Ref Agst Ref Z: Exchange O: Import E: Export M: Share p: print Fl: Help x FinCom Spike Co Bill-wise Details for : Share Supplier Up to: 400.00 Dr Name PB_I Accept Q Search Due Date, or Credit Days (wef 20ct-26) Amount $0.00 Dr 400.00 Dr aaala to ru 756a- OLIO— acep 0670- FOLIO— acep .337. -a30 ning bbb75 ing j _id" : 3-011' 0670- Mode Windows Server 2025 Datacenter Build 26100.ge_release240331-1435 3:40 PM 10/8/2026
[keys] '{ENTER}' -> Tally 'TallyPrime:9000'
[shot] tds-081-P1-row1-refamount (1024x768)
[15:41:00] [tds] screen tds-081-P1-row1-refamount : Unity TallyPrime MANAGE EDU K: Company Bill-wise Details Quit Y: Data Type of Ref Agst Ref Z: Exchange O: Import E: Export M: Share p: print Fl: Help x FinCom Spike Co Bill-wise Details for : Share Supplier Up to: 400.00 Dr Name PB_I Accept Q Search Due Date, or Credit Days (wef 20ct-26) Amount 400.00 400.00 Dr aaala to ru 756a- OLIO— acep 0670- FOLIO— acep .337. -a30 ning bbb75 ing j _id" : 3-011' 0670- Mode Windows Server 2025 Datacenter Build 26100.ge_release240331-1435 3:40 PM 10/8/2026
[shot] tds-082-P1-row1-bills2 (1024x768)
[15:41:00] [tds] screen tds-082-P1-row1-bills2 : Unity TallyPrime MANAGE EDU K: Company Bill-wise Details Quit Y: Data Type of Ref Agst Ref Z: Exchange O: Import E: Export M: Share p: print Fl: Help x FinCom Spike Co Bill-wise Details for : Share Supplier Up to: 400.00 Dr Name PB_I Accept Q Search Due Date, or Credit Days (wef 20ct-26) Amount 400.00 400.00 Dr aaala to ru 756a- OLIO— acep 0670- FOLIO— acep .337. -a30 ning bbb75 ing j _id" : 3-011' 0670- Mode Windows Server 2025 Datacenter Build 26100.ge_release240331-1435 3:40 PM 10/8/2026
[keys] '^a' -> Tally 'TallyPrime:9000'
[shot] tds-083-P1-row1-bills-accept (1024x768)
[15:41:04] [tds] screen tds-083-P1-row1-bills-accept : Y: Data 76 95 TallyPrime MANAGE EDU K: Company Accounting Voucher Creation Pa ment No. 1 • Account Cash Current balance: 800.00 Dr Particulars Share Supplier Z: Exchange 400.00 Dr A Accept Q Search O: Import E: Export M: Share FinCom • ke Co p: print 20ct-26 Friday Amount 400.00 400.00 Fl: Help Q: Date Company Ed: Contra F-5: Payment Receipt : Journal Sales aaala to ru 756a- OLIO— acep 0670- CurBal: 2,600.00 Cr Agst Ref PB-I Narration: Quit Purchase FOLIO— Fl O: OåuVooctgs E: Autofill Change Mode More Details O: Related ¯ Repons Optional post -Dated J: Stat acep .337. -a30 ning bbb75 ing j _id...
[shot] tds-084-P1-row1-bills3 (1024x768)
[15:41:05] [tds] screen tds-084-P1-row1-bills3 : Y: Data 76 95 TallyPrime MANAGE EDU K: Company Accounting Voucher Creation Pa ment No. 1 • Account Cash Current balance: 800.00 Dr Particulars Share Supplier Z: Exchange 400.00 Dr A Accept Q Search O: Import E: Export M: Share FinCom • ke Co p: print 20ct-26 Friday Amount 400.00 400.00 Fl: Help Q: Date Company Ed: Contra F-5: Payment Receipt : Journal Sales aaala to ru 756a- OLIO— acep 0670- CurBal: 2,600.00 Cr Agst Ref PB-I Narration: Quit Purchase FOLIO— Fl O: OåuVooctgs E: Autofill Change Mode More Details O: Related ¯ Repons Optional post -Dated J: Stat acep .337. -a30 ning bbb75 ing j _id...
[shot] tds-085-P1-row1-b-sub1 (1024x768)
[15:41:06] [tds] screen tds-085-P1-row1-b-sub1 : Y: Data 76 95 TallyPrime MANAGE EDU K: Company Accounting Voucher Creation Pa ment No. 1 • Account Cash Current balance: 800.00 Dr Particulars Share Supplier Z: Exchange 400.00 Dr A Accept Q Search O: Import E: Export M: Share FinCom • ke Co p: print 20ct-26 Friday Amount 400.00 400.00 Fl: Help Q: Date Company Ed: Contra F-5: Payment Receipt : Journal Sales aaala to ru 756a- OLIO— acep 0670- CurBal: 2,600.00 Cr Agst Ref PB-I Narration: Quit Purchase FOLIO— Fl O: OåuVooctgs E: Autofill Change Mode More Details O: Related ¯ Repons Optional post -Dated J: Stat acep .337. -a30 ning bbb75 ing j _id...
[keys] '{ENTER}' -> Tally 'TallyPrime:9000'
[shot] tds-086-P1-rows-done (1024x768)
[15:41:09] [tds] screen tds-086-P1-rows-done : Y: Data 76 TallyPrime MANAGE EDU K: Company Accounting Voucher Creation Pa ment No. 1 Z: Exchange 400.00 Dr Accept Q Search O: Import E: Export M: Share FinCom • ke Co • Account Cash Current balance: 800.00 Dr Particulars Share Supplier CurBal: 2,600.00 Cr Agst Ref PB-I Narration: 95 Unity Quit p: print 20ct-26 Friday Amount 400.00 400.00 Fl: Help Q: Date Company Ed: Contra F-5: Payment Receipt : Journal Sales aaala to ru 756a- OLIO— acep 0670- Purchase FOLIO— Fl O: OåuVooctgs E: Autofill Change Mode More Details O: Related ¯ Repons Optional post -Dated J: Stat Adjustment acep .337. -a30 ning ...
[shot] tds-087-P1-done-sub1 (1024x768)
[15:41:10] [tds] screen tds-087-P1-done-sub1 : Y: Data 76 TallyPrime MANAGE EDU K: Company Accounting Voucher Creation Pa ment No. 1 Z: Exchange 400.00 Dr Accept Q Search O: Import E: Export M: Share FinCom • ke Co • Account Cash Current balance: 800.00 Dr Particulars Share Supplier CurBal: 2,600.00 Cr Agst Ref PB-I Narration: 95 Unity Quit p: print 20ct-26 Friday Amount 400.00 400.00 Fl: Help Q: Date Company Ed: Contra F-5: Payment Receipt : Journal Sales aaala to ru 756a- OLIO— acep 0670- Purchase FOLIO— Fl O: OåuVooctgs E: Autofill Change Mode More Details O: Related ¯ Repons Optional post -Dated J: Stat Adjustment acep .337. -a30 ning ...
[keys] 'share payment agst{ENTER}' -> Tally 'TallyPrime:9000'
[shot] tds-088-P1-narr (1024x768)
[15:41:14] [tds] screen tds-088-P1-narr : Y: Data 76 TallyPrime MANAGE EDU K: Company Accounting Voucher Creation Pa ment No. 1 Z: Exchange 400.00 Dr A: Accept Q Search O: Import E: Export M: Share FinCom • Account Cash Current balance: 800.00 Dr Particulars Share Supplier CurBal: 2,600.00 Cr Agst Ref PB-I Narration: • share payment agst Unity Q: Quit p: print 20ct-26 Friday Amount 400.00 400.00 Accept Q Yes or No Fl: Help F-2: Date F-3: Company F-4: Contra F-5: Payment F-6: Receipt F-7: Journal F-9: Purchase PIO: E: Autofill H: Change = Mode I: More - Details O: Related ¯ Repons L: Optional T: post = -Dated J: Stat aaala to ru 756a- ...
[keys] '^a' -> Tally 'TallyPrime:9000'
[shot] tds-089-P1-accept1 (1024x768)
[15:41:19] [tds] screen tds-089-P1-accept1 : Y: Data 76 TallyPrime MANAGE EDU K: Company Accounting Voucher Creation Pa ment No. 2 Z: Exchange A Accept Q Search O: Import E: Export M: Share FinCom • ke Co p: print 20ct-26 Friday Amount • Account Current balance: Particulars Narration: Unity Quit Fl: Help Q: Date Company Ed: Contra F-5: Payment Receipt Journal Sales aaala to ru 756a- OLIO— acep 0670- Purchase FOLIO— Fl O: OåuVooctgs E: Autofill Change Mode More Details O: Related ¯ Repons Optional post -Dated J: Stat acep .337. -a30 ning bbb75 ing j _id" : 3-011' 0670- D: Delete x: Cancel Vch Adjustment El 2: Configure Mode Windows Server...
[shot] tds-090-P1-after1 (1024x768)
[15:41:19] [tds] screen tds-090-P1-after1 : Y: Data 76 TallyPrime MANAGE EDU K: Company Accounting Voucher Creation Pa ment No. 2 Z: Exchange A Accept Q Search O: Import E: Export M: Share FinCom • ke Co p: print 20ct-26 Friday Amount • Account Current balance: Particulars Narration: Unity Quit Fl: Help Q: Date Company Ed: Contra F-5: Payment Receipt Journal Sales aaala to ru 756a- OLIO— acep 0670- Purchase FOLIO— Fl O: OåuVooctgs E: Autofill Change Mode More Details O: Related ¯ Repons Optional post -Dated J: Stat acep .337. -a30 ning bbb75 ing j _id" : 3-011' 0670- D: Delete x: Cancel Vch Adjustment El 2: Configure Mode Windows Server...
[keys] '^a' -> Tally 'TallyPrime:9000'
[shot] tds-091-P1-accept2 (1024x768)
[15:41:24] [tds] screen tds-091-P1-accept2 : Unity TallyPrime MANAGE EDU K: Company Accounting Voucher Creation Q: Quit Y: Data Z: Exchange A: Accept Q Search O: Import E: Export M: Share FinCom Spike Co p: print x Error Oops! No Entries in Voucher! Fl: Help F-2: Date F-3: Company F-4: Contra F-5: Payment F-6: Receipt F-7: Journal F-9: Purchase PIO: E: Autofill H: Change = Mode I: More - Details O: Related ¯ Repons L: Optional T: post = -Dated J: Stat aaala to ru 756a- OLIO— acep 0670- FOLIO— acep .337. -a30 ning bbb75 ing j _id" : 3-011' 0670- p: Delete , cancel vch ¯ Adjustment F-12: Configure Mode Windows Server 2025 Datacenter Build ...
[shot] tds-092-P1-after2 (1024x768)
[15:41:25] [tds] screen tds-092-P1-after2 : Unity TallyPrime MANAGE EDU K: Company Accounting Voucher Creation Q: Quit Y: Data Z: Exchange A: Accept Q Search O: Import E: Export M: Share FinCom Spike Co p: print x Error Oops! No Entries in Voucher! Fl: Help F-2: Date F-3: Company F-4: Contra F-5: Payment F-6: Receipt F-7: Journal F-9: Purchase PIO: E: Autofill H: Change = Mode I: More - Details O: Related ¯ Repons L: Optional T: post = -Dated J: Stat aaala to ru 756a- OLIO— acep 0670- FOLIO— acep .337. -a30 ning bbb75 ing j _id" : 3-011' 0670- p: Delete , cancel vch ¯ Adjustment F-12: Configure Mode Windows Server 2025 Datacenter Build ...
[keys] '^a' -> Tally 'TallyPrime:9000'
[shot] tds-093-P1-accept3 (1024x768)
[15:41:29] [tds] screen tds-093-P1-accept3 : Y: Data 76 TallyPrime MANAGE EDU K: Company Accounting Voucher Creation Pa ment No. 2 Z: Exchange A Accept Q Search FinCom • ke Co O: Import E: Export List of Led er Accounts Cash Share Bank M: Share p: print x Create Cash • Account Current balance: 800.00 Dr Particulars End of List Cur Bal: Narration: Unity Quit Fl: Help Q: Date Company Ed: Contra F-5: Payment Receipt Journal Sales aaala to ru 756a- OLIO— acep 0670- Purchase FOLIO— Fl O: OåuVooctgs E: Autofill Change Mode More Details O: Related ¯ Repons Optional post -Dated J: Stat acep .337. -a30 ning bbb75 ing j _id" : 3-011' 0670- D: Dele...
[shot] tds-094-P1-after3 (1024x768)
[15:41:30] [tds] screen tds-094-P1-after3 : Y: Data 76 TallyPrime MANAGE EDU K: Company Accounting Voucher Creation Pa ment No. 2 Z: Exchange A Accept Q Search FinCom • ke Co O: Import E: Export List of Led er Accounts Cash Share Bank M: Share p: print x Create Cash • Account Current balance: 800.00 Dr Particulars End of List Cur Bal: Narration: Unity Quit Fl: Help Q: Date Company Ed: Contra F-5: Payment Receipt Journal Sales aaala to ru 756a- OLIO— acep 0670- Purchase FOLIO— Fl O: OåuVooctgs E: Autofill Change Mode More Details O: Related ¯ Repons Optional post -Dated J: Stat acep .337. -a30 ning bbb75 ing j _id" : 3-011' 0670- D: Dele...
[keys] '^a' -> Tally 'TallyPrime:9000'
[shot] tds-095-P1-accept4 (1024x768)
[15:41:35] [tds] screen tds-095-P1-accept4 : Unity TallyPrime MANAGE EDU K: Company Accounting Voucher Creation Q: Quit Y: Data Z: Exchange A: Accept Q Search O: Import E: Export M: Share FinCom Spike Co p: print x Error Oops! No Entries in Voucher! Fl: Help F-2: Date F-3: Company F-4: Contra F-5: Payment F-6: Receipt F-7: Journal F-9: Purchase PIO: E: Autofill H: Change = Mode I: More - Details O: Related ¯ Repons L: Optional T: post = -Dated J: Stat aaala to ru 756a- OLIO— acep 0670- FOLIO— acep .337. -a30 ning bbb75 ing j _id" : 3-011' 0670- p: Delete , cancel vch ¯ Adjustment F-12: Configure Mode Windows Server 2025 Datacenter Build ...
[shot] tds-096-P1-after4 (1024x768)
[15:41:36] [tds] screen tds-096-P1-after4 : Unity TallyPrime MANAGE EDU K: Company Accounting Voucher Creation Q: Quit Y: Data Z: Exchange A: Accept Q Search O: Import E: Export M: Share FinCom Spike Co p: print x Error Oops! No Entries in Voucher! Fl: Help F-2: Date F-3: Company F-4: Contra F-5: Payment F-6: Receipt F-7: Journal F-9: Purchase PIO: E: Autofill H: Change = Mode I: More - Details O: Related ¯ Repons L: Optional T: post = -Dated J: Stat aaala to ru 756a- OLIO— acep 0670- FOLIO— acep .337. -a30 ning bbb75 ing j _id" : 3-011' 0670- p: Delete , cancel vch ¯ Adjustment F-12: Configure Mode Windows Server 2025 Datacenter Build ...
[shot] tds-097-gw0 (1024x768)
[15:41:36] [tds] screen tds-097-gw0 : Unity TallyPrime MANAGE EDU K: Company Accounting Voucher Creation Q: Quit Y: Data Z: Exchange A: Accept Q Search O: Import E: Export M: Share FinCom Spike Co p: print x Error Oops! No Entries in Voucher! Fl: Help F-2: Date F-3: Company F-4: Contra F-5: Payment F-6: Receipt F-7: Journal F-9: Purchase PIO: E: Autofill H: Change = Mode I: More - Details O: Related ¯ Repons L: Optional T: post = -Dated J: Stat aaala to ru 756a- OLIO— acep 0670- FOLIO— acep .337. -a30 ning bbb75 ing j _id" : 3-011' 0670- p: Delete , cancel vch ¯ Adjustment F-12: Configure Mode Windows Server 2025 Datacenter Build ...
[keys] '{ESC}' -> Tally 'TallyPrime:9000'
[shot] tds-098-gw1 (1024x768)
[15:41:40] [tds] screen tds-098-gw1 : Y: Data 76 TallyPrime MANAGE EDU K: Company Accounting Voucher Creation Pa ment No. 2 Z: Exchange A Accept Q Search FinCom • ke Co O: Import E: Export List of Led er Accounts Cash Share Bank M: Share p: print x Create Cash • Account Current balance: 800.00 Dr Particulars End of List Cur Bal: Narration: Unity Quit Fl: Help Q: Date Company Ed: Contra F-5: Payment Receipt Journal Sales aaala to ru 756a- OLIO— acep 0670- Purchase FOLIO— Fl O: OåuVooctgs E: Autofill Change Mode More Details O: Related ¯ Repons Optional post -Dated J: Stat acep .337. -a30 ning bbb75 ing j _id" : 3-011' 0670- D: Dele...
[keys] '{ESC}' -> Tally 'TallyPrime:9000'
[shot] tds-099-gw2 (1024x768)
[15:41:44] [tds] screen tds-099-gw2 : Y: Data 76 TallyPrime MANAGE EDU K: Company Accounting Voucher Creation Pa ment No. 2 Z: Exchange A Accept Q Search FinCom • ke Co O: Import E: Export List of Led er Accounts Cash Share Bank M: Share p: print x Create • Account Current balance: 800.00 Dr Particulars End of List Cur Bal: Narration: Unity Quit Fl: Help Q: Date Company Ed: Contra F-5: Payment Receipt Journal Sales aaala to ru 756a- OLIO— acep 0670- Purchase FOLIO— Fl O: OåuVooctgs E: Autofill Change Mode More Details O: Related ¯ Repons Optional post -Dated J: Stat acep .337. -a30 ning bbb75 ing j _id" : 3-011' 0670- D: Delete Ca...
[keys] '{ESC}' -> Tally 'TallyPrime:9000'
[shot] tds-100-gw3 (1024x768)
[15:41:47] [tds] screen tds-100-gw3 : Y: Data 76 TallyPrime MANAGE EDU K: Company Accounting Voucher Creation Pa ment No. 2 Z: Exchange A: Accept Q Search O: Import E: Export M: Share FinCom • Account Current balance: 800.00 Dr Particulars End of List Cur Bal: Narration: Unity Q: Quit p: print 20ct-26 Friday Amount Quit o Yes or No Fl: Help F-2: Date F-3: Company F-4: Contra F-5: Payment F-6: Receipt F-7: Journal F-9: Purchase PIO: E: Autofill H: Change = Mode I: More - Details O: Related ¯ Repons L: Optional T: post = -Dated J: Stat ¯ Adjustment aaala to ru 756a- OLIO— acep 0670- FOLIO— acep .337. -a30 ning bbb75 ing j _id" : 3-0...
[keys] 'y' -> Tally 'TallyPrime:9000'
[shot] tds-101-gw4 (1024x768)
[15:41:51] [tds] screen tds-101-gw4 : TallyPrime MANAGE EDU K: Company Gatewa of Tall CURRENT PERIOD I-Apr-26 to 31-Mar-27 NAME OF COMPANY FinCom Spike Co Y: Data Z: Exchange O: Import E: Export M: Share p: print Fl: Help Date aaala Q CURRENT OATE Friday, 2-Oct-2026 2-Oct-26 Search Gateway of Tally MASTERS Create Alter CHart of Accounts TRANSACTIONS Vouchers Day 800K UTILITIES BaNking REPORTS Balance Sheet Profit & Loss A/c Stock Summary Ratio Analysis Display More Reports DashbOard Quit Unity Company to ru 756a- OLIO— acep 0670- FOLIO— acep .337. -a30 ning bbb75 ing j _id" : 3-011' 0670- Mode Windows Server 2025 Datacenter Build ...
  voucher mid=1 aid=1 Journal/1/20260401 guid=a381c3ad-1c49-482a-8d4f-cb1da1df58a6-00000001 cancelled=False
  voucher mid=2 aid=2 Journal/2/20261001 guid=a381c3ad-1c49-482a-8d4f-cb1da1df58a6-00000002 cancelled=False
  voucher mid=3 aid=3 Journal/3/20261001 guid=a381c3ad-1c49-482a-8d4f-cb1da1df58a6-00000003 cancelled=False
  voucher mid=4 aid=4 Journal/4/20261001 guid=a381c3ad-1c49-482a-8d4f-cb1da1df58a6-00000004 cancelled=False
  voucher mid=5 aid=5 Journal/5/20261001 guid=a381c3ad-1c49-482a-8d4f-cb1da1df58a6-00000005 cancelled=False
  voucher mid=6 aid=6 Payroll/1/20261001 guid=a381c3ad-1c49-482a-8d4f-cb1da1df58a6-00000006 cancelled=False
  voucher mid=7 aid=7 Receipt/1/20261002 guid=a381c3ad-1c49-482a-8d4f-cb1da1df58a6-00000007 cancelled=False
  voucher mid=8 aid=8 Receipt/2/20261002 guid=a381c3ad-1c49-482a-8d4f-cb1da1df58a6-00000008 cancelled=False
  voucher mid=9 aid=9 Payment/1/20261002 guid=a381c3ad-1c49-482a-8d4f-cb1da1df58a6-00000009 cancelled=False
  INFO share payment-agst (payment to a supplier against its bill (Agst Ref PB-1)): Tally Payment 1 mid 9; stored party 'Share Supplier' bills [Agst Ref]; the line party '' bills [Agst Ref]; lines voucher_accept_post x1, voucher_full x1
[15:41:54] ---- share payment-expense: payment of an expense (no party)
  voucher mid=1 aid=1 Journal/1/20260401 guid=a381c3ad-1c49-482a-8d4f-cb1da1df58a6-00000001 cancelled=False
  voucher mid=2 aid=2 Journal/2/20261001 guid=a381c3ad-1c49-482a-8d4f-cb1da1df58a6-00000002 cancelled=False
  voucher mid=3 aid=3 Journal/3/20261001 guid=a381c3ad-1c49-482a-8d4f-cb1da1df58a6-00000003 cancelled=False
  voucher mid=4 aid=4 Journal/4/20261001 guid=a381c3ad-1c49-482a-8d4f-cb1da1df58a6-00000004 cancelled=False
  voucher mid=5 aid=5 Journal/5/20261001 guid=a381c3ad-1c49-482a-8d4f-cb1da1df58a6-00000005 cancelled=False
  voucher mid=6 aid=6 Payroll/1/20261001 guid=a381c3ad-1c49-482a-8d4f-cb1da1df58a6-00000006 cancelled=False
  voucher mid=7 aid=7 Receipt/1/20261002 guid=a381c3ad-1c49-482a-8d4f-cb1da1df58a6-00000007 cancelled=False
  voucher mid=8 aid=8 Receipt/2/20261002 guid=a381c3ad-1c49-482a-8d4f-cb1da1df58a6-00000008 cancelled=False
  voucher mid=9 aid=9 Payment/1/20261002 guid=a381c3ad-1c49-482a-8d4f-cb1da1df58a6-00000009 cancelled=False
[shot] tds-102-gw0 (1024x768)
[15:41:55] [tds] screen tds-102-gw0 : TallyPrime MANAGE EDU K: Company Gatewa of Tall CURRENT PERIOD I-Apr-26 to 31-Mar-27 NAME OF COMPANY FinCom Spike Co Y: Data Z: Exchange O: Import E: Export M: Share p: print Fl: Help Date aaala Q CURRENT OATE Friday, 2-Oct-2026 2-Oct-26 Search Gateway of Tally MASTERS Create Alter CHart of Accounts TRANSACTIONS Vouchers Day 800K UTILITIES BaNking REPORTS Balance Sheet Profit & Loss A/c Stock Summary Ratio Analysis Display More Reports DashbOard Quit Unity Company to ru 756a- OLIO— acep 0670- FOLIO— acep .337. -a30 ning bbb75 ing j _id" : 3-011' 0670- Mode Windows Server 2025 Datacenter Build ...
[shot] tds-103-P2-start (1024x768)
[15:41:56] [tds] screen tds-103-P2-start : TallyPrime MANAGE EDU K: Company Gatewa of Tall CURRENT PERIOD I-Apr-26 to 31-Mar-27 NAME OF COMPANY FinCom Spike Co Y: Data Z: Exchange O: Import E: Export M: Share p: print Fl: Help Date aaala Q CURRENT OATE Friday, 2-Oct-2026 2-Oct-26 Search Gateway of Tally MASTERS Create Alter CHart of Accounts TRANSACTIONS Vouchers Day 800K UTILITIES BaNking REPORTS Balance Sheet Profit & Loss A/c Stock Summary Ratio Analysis Display More Reports DashbOard Quit Unity Company to ru 756a- OLIO— acep 0670- FOLIO— acep .337. -a30 ning bbb75 ing j _id" : 3-011' 0670- Mode Windows Server 2025 Datacenter Build ...
[keys] 'v' -> Tally 'TallyPrime:9000'
[shot] tds-104-P2-vouchers (1024x768)
[15:42:00] [tds] screen tds-104-P2-vouchers : Y: Data 76 TallyPrime MANAGE EDU K: Company Accounting Voucher Creation Pa ment No. 2 Z: Exchange A Accept Q Search O: Import E: Export M: Share FinCom • ke Co p: print 20ct-26 Friday Amount • Account Current balance: Particulars Narration: Unity Quit Fl: Help Q: Date Company Ed: Contra F-5: Payment Receipt Journal Sales aaala to ru 756a- OLIO— acep 0670- Purchase FOLIO— Fl O: OåuVooctgs E: Autofill Change Mode More Details O: Related ¯ Repons Optional post -Dated J: Stat acep .337. -a30 ning bbb75 ing j _id" : 3-011' 0670- D: Delete x: Cancel Vch Adjustment El 2: Configure Mode Windows Server...
[keys] '{F5}' -> Tally 'TallyPrime:9000'
[shot] tds-105-P2-type (1024x768)
[15:42:04] [tds] screen tds-105-P2-type : Y: Data 76 TallyPrime MANAGE EDU K: Company Accounting Voucher Creation Pa ment No. 2 Z: Exchange A Accept Q Search O: Import E: Export M: Share FinCom • ke Co p: print 20ct-26 Friday Amount • Account Current balance: Particulars Narration: Unity Quit Fl: Help Q: Date Company Ed: Contra F-5: Payment Receipt Journal Sales aaala to ru 756a- OLIO— acep 0670- Purchase FOLIO— Fl O: OåuVooctgs E: Autofill Change Mode More Details O: Related ¯ Repons Optional post -Dated J: Stat acep .337. -a30 ning bbb75 ing j _id" : 3-011' 0670- D: Delete x: Cancel Vch Adjustment El 2: Configure Mode Windows Server...
[keys] '{F2}' -> Tally 'TallyPrime:9000'
[shot] tds-106-P2-date-box (1024x768)
[15:42:07] [tds] screen tds-106-P2-date-box : TallyPrime MANAGE EDU K: Company Change Voucher Date Unity Quit Y: Data Z: Exchange A Accept Q Search O: Import E: Export M: Share p: print Fl: Help FinCom Spike Co Voucher Date 3-10-2026 aaala to ru 756a- OLIO— acep 0670- FOLIO— acep .337. -a30 ning bbb75 ing j _id" : 3-011' 0670- Mode Windows Server 2025 Datacenter Build 26100.ge_release240331-1435 3:42 PM 10/8/2026
[keys] '2-10-2026{ENTER}' -> Tally 'TallyPrime:9000'
[shot] tds-107-P2-date (1024x768)
[15:42:10] [tds] screen tds-107-P2-date : Y: Data 76 TallyPrime MANAGE EDU K: Company Accounting Voucher Creation Pa ment No. 2 Z: Exchange A Accept Q Search O: Import E: Export M: Share FinCom • ke Co p: print 20ct-26 Friday Amount • Account Current balance: Particulars Narration: Unity Quit Fl: Help Q: Date Company Ed: Contra F-5: Payment Receipt Journal Sales aaala to ru 756a- OLIO— acep 0670- Purchase FOLIO— Fl O: OåuVooctgs E: Autofill Change Mode More Details O: Related ¯ Repons Optional post -Dated J: Stat acep .337. -a30 ning bbb75 ing j _id" : 3-011' 0670- D: Delete x: Cancel Vch Adjustment El 2: Configure Mode Windows Server...
[keys] 'Cash{ENTER}' -> Tally 'TallyPrime:9000'
[shot] tds-108-P2-account (1024x768)
[15:42:14] [tds] screen tds-108-P2-account : Y: Data 76 TallyPrime MANAGE EDU K: Company Accounting Voucher Creation Pa ment No. 2 Z: Exchange A Accept Q Search O: Import E: Export M: Share FinCom • ke Co p: print 20ct-26 Friday Amount • Account Cash Current balance: 800.00 Dr Particulars Narration: Unity Quit Fl: Help Q: Date Company Ed: Contra F-5: Payment Receipt Journal Sales aaala to ru 756a- OLIO— acep 0670- Purchase FOLIO— Fl O: OåuVooctgs E: Autofill Change Mode More Details O: Related ¯ Repons Optional post -Dated J: Stat acep .337. -a30 ning bbb75 ing j _id" : 3-011' 0670- D: Delete x: Cancel Vch Adjustment El 2: Configure Mode...
[shot] tds-109-P2-acc-sub1 (1024x768)
[15:42:15] [tds] screen tds-109-P2-acc-sub1 : Y: Data 76 TallyPrime MANAGE EDU K: Company Accounting Voucher Creation Pa ment No. 2 Z: Exchange A Accept Q Search O: Import E: Export M: Share FinCom • ke Co p: print 20ct-26 Friday Amount • Account Cash Current balance: 800.00 Dr Particulars Narration: Unity Quit Fl: Help Q: Date Company Ed: Contra F-5: Payment Receipt Journal Sales aaala to ru 756a- OLIO— acep 0670- Purchase FOLIO— Fl O: OåuVooctgs E: Autofill Change Mode More Details O: Related ¯ Repons Optional post -Dated J: Stat acep .337. -a30 ning bbb75 ing j _id" : 3-011' 0670- D: Delete x: Cancel Vch Adjustment El 2: Configure Mode...
[keys] 'Share Expense{ENTER}' -> Tally 'TallyPrime:9000'
[shot] tds-110-P2-row1 (1024x768)
[15:42:19] [tds] screen tds-110-P2-row1 : Y: Data 76 TallyPrime MANAGE EDU K: Company Accounting Voucher Creation Pa ment No. 2 Z: Exchange A Accept Q Search O: Import E: Export M: Share FinCom • ke Co p: print 20ct-26 Friday Amount • Account Cash Current balance: 800.00 Dr Particulars Share Expense CurBal: 4,000.00 Dr Narration: Unity Quit Fl: Help Q: Date Company Ed: Contra F-5: Payment Receipt Journal Sales aaala to ru 756a- OLIO— acep 0670- Purchase FOLIO— Fl O: OåuVooctgs E: Autofill Change Mode More Details O: Related ¯ Repons Optional post -Dated J: Stat acep .337. -a30 ning bbb75 ing j _id" : 3-011' 0670- D: Delete x: Cancel V...
[shot] tds-111-P2-row1-a-sub1 (1024x768)
[15:42:20] [tds] screen tds-111-P2-row1-a-sub1 : Y: Data 76 TallyPrime MANAGE EDU K: Company Accounting Voucher Creation Pa ment No. 2 Z: Exchange A Accept Q Search O: Import E: Export M: Share FinCom • ke Co p: print 20ct-26 Friday Amount • Account Cash Current balance: 800.00 Dr Particulars Share Expense CurBal: 4,000.00 Dr Narration: Unity Quit Fl: Help Q: Date Company Ed: Contra F-5: Payment Receipt Journal Sales aaala to ru 756a- OLIO— acep 0670- Purchase FOLIO— Fl O: OåuVooctgs E: Autofill Change Mode More Details O: Related ¯ Repons Optional post -Dated J: Stat acep .337. -a30 ning bbb75 ing j _id" : 3-011' 0670- D: Delete x: Cancel V...
[keys] '300{ENTER}' -> Tally 'TallyPrime:9000'
[shot] tds-112-P2-row1-amt (1024x768)
[15:42:23] [tds] screen tds-112-P2-row1-amt : TallyPrime MANAGE EDU K: Company Cost Centre Allocations Unity Quit Y: Data Z: Exchange O: Import E: Export M: Share p: print Fl: Help FinCom Spike Co Cost Allocations for : Share Expense Up to: 300.00 Dr Name of Cost Centre A Accept Q Search Amount aaala to ru 756a- OLIO— acep 0670- FOLIO— acep .337. -a30 ning bbb75 ing j _id" : 3-011' 0670- Mode Windows Server 2025 Datacenter Build 26100.ge_release240331-1435 3:42 PM 10/8/2026
[shot] tds-113-P2-row1-bills1 (1024x768)
[15:42:24] [tds] screen tds-113-P2-row1-bills1 : TallyPrime MANAGE EDU K: Company Cost Centre Allocations Unity Quit Y: Data Z: Exchange O: Import E: Export M: Share p: print Fl: Help FinCom Spike Co Cost Allocations for : Share Expense Up to: 300.00 Dr Name of Cost Centre A Accept Q Search Amount aaala to ru 756a- OLIO— acep 0670- FOLIO— acep .337. -a30 ning bbb75 ing j _id" : 3-011' 0670- Mode Windows Server 2025 Datacenter Build 26100.ge_release240331-1435 3:42 PM 10/8/2026
[shot] tds-114-P2-row1-b-sub1 (1024x768)
[15:42:25] [tds] screen tds-114-P2-row1-b-sub1 : TallyPrime MANAGE EDU K: Company Cost Centre Allocations Unity Quit Y: Data Z: Exchange O: Import E: Export M: Share p: print Fl: Help FinCom Spike Co Cost Allocations for : Share Expense Up to: 300.00 Dr Name of Cost Centre A Accept Q Search Amount aaala to ru 756a- OLIO— acep 0670- FOLIO— acep .337. -a30 ning bbb75 ing j _id" : 3-011' 0670- Mode Windows Server 2025 Datacenter Build 26100.ge_release240331-1435 3:42 PM 10/8/2026
[keys] '^a' -> Tally 'TallyPrime:9000'
[shot] tds-115-P2-row1-b-sub-accept (1024x768)
[15:42:29] [tds] screen tds-115-P2-row1-b-sub-accept : Y: Data 76 95 TallyPrime MANAGE EDU K: Company Accounting Voucher Creation Pa ment No. 2 • Account Cash Current balance: 500.00 Dr Particulars Share Expense Z: Exchange 300.00 Dr A Accept Q Search O: Import E: Export M: Share FinCom • ke Co p: print 20ct-26 Friday Amount 300.00 300.00 Fl: Help Q: Date Company Ed: Contra F-5: Payment Receipt : Journal Sales aaala to ru 756a- OLIO— acep 0670- CurBal: 4,300.00 Dr Share Emp 1 Narration: Quit Purchase FOLIO— Fl O: OåuVooctgs E: Autofill Change Mode More Details O: Related ¯ Repons Optional post -Dated J: Stat acep .337. -a30 ning bbb75 ing j _id" :...
[shot] tds-116-P2-row1-b-sub2 (1024x768)
[15:42:30] [tds] screen tds-116-P2-row1-b-sub2 : Y: Data 76 95 TallyPrime MANAGE EDU K: Company Accounting Voucher Creation Pa ment No. 2 • Account Cash Current balance: 500.00 Dr Particulars Share Expense Z: Exchange 300.00 Dr A Accept Q Search O: Import E: Export M: Share FinCom • ke Co p: print 20ct-26 Friday Amount 300.00 300.00 Fl: Help Q: Date Company Ed: Contra F-5: Payment Receipt : Journal Sales aaala to ru 756a- OLIO— acep 0670- CurBal: 4,300.00 Dr Share Emp 1 Narration: Quit Purchase FOLIO— Fl O: OåuVooctgs E: Autofill Change Mode More Details O: Related ¯ Repons Optional post -Dated J: Stat acep .337. -a30 ning bbb75 ing j _id" :...
[keys] '{ENTER}' -> Tally 'TallyPrime:9000'
[shot] tds-117-P2-rows-done (1024x768)
[15:42:33] [tds] screen tds-117-P2-rows-done : Y: Data 76 TallyPrime MANAGE EDU K: Company Accounting Voucher Creation Pa ment No. 2 Z: Exchange 300.00 Dr Accept Q Search O: Import E: Export M: Share FinCom • ke Co • Account Cash Current balance: 500.00 Dr Particulars Share Expense CurBal: 4,300.00 Dr Share Emp 1 Narration: 95 Unity Quit p: print 20ct-26 Friday Amount 300.00 300.00 Fl: Help Q: Date Company Ed: Contra F-5: Payment Receipt : Journal Sales aaala to ru 756a- OLIO— acep 0670- Purchase FOLIO— Fl O: OåuVooctgs E: Autofill Change Mode More Details O: Related ¯ Repons Optional post -Dated J: Stat acep .337. -a30 ning bbb75 ing j _i...
[shot] tds-118-P2-done-sub1 (1024x768)
[15:42:34] [tds] screen tds-118-P2-done-sub1 : Y: Data 76 TallyPrime MANAGE EDU K: Company Accounting Voucher Creation Pa ment No. 2 Z: Exchange 300.00 Dr Accept Q Search O: Import E: Export M: Share FinCom • ke Co • Account Cash Current balance: 500.00 Dr Particulars Share Expense CurBal: 4,300.00 Dr Share Emp 1 Narration: 95 Unity Quit p: print 20ct-26 Friday Amount 300.00 300.00 Fl: Help Q: Date Company Ed: Contra F-5: Payment Receipt : Journal Sales aaala to ru 756a- OLIO— acep 0670- Purchase FOLIO— Fl O: OåuVooctgs E: Autofill Change Mode More Details O: Related ¯ Repons Optional post -Dated J: Stat acep .337. -a30 ning bbb75 ing j _i...
[keys] 'share payment expense{ENTER}' -> Tally 'TallyPrime:9000'
[shot] tds-119-P2-narr (1024x768)
[15:42:38] [tds] screen tds-119-P2-narr : Y: Data 76 TallyPrime MANAGE EDU K: Company Accounting Voucher Creation Pa ment No. 2 Z: Exchange FinCom 300.00 Dr A: Accept Q Search O: Import E: Export M: Share • Account Cash Current balance: 500.00 Dr Particulars Share Expense CurBal: 4,300.00 Dr Share Emp 1 Narration: • share payment expense Unity Q: Quit p: print 20ct-26 Friday Amount 300.00 300.00 Accept Q Yes or No Fl: Help F-2: Date F-3: Company F-4: Contra F-5: Payment F-6: Receipt F-7: Journal F-9: Purchase PIO: E: Autofill H: Change = Mode I: More - Details O: Related ¯ Repons L: Optional T: post = -Dated J: Stat aaala to ru 756a- ...
[keys] '^a' -> Tally 'TallyPrime:9000'
[shot] tds-120-P2-accept1 (1024x768)
[15:42:42] [tds] screen tds-120-P2-accept1 : Y: Data 76 TallyPrime MANAGE EDU K: Company Accounting Voucher Creation Pa ment Z: Exchange A Accept Q Search O: Import E: Export M: Share FinCom • ke Co p: print 20ct-26 Friday Amount • Account Current balance: Particulars Narration: Unity Quit Fl: Help Q: Date Company Ed: Contra F-5: Payment Receipt Journal Sales aaala to ru 756a- OLIO— acep 0670- Purchase FOLIO— Fl O: OåuVooctgs E: Autofill Change Mode More Details O: Related ¯ Repons Optional post -Dated J: Stat acep .337. -a30 ning bbb75 ing j _id" : 3-011' 0670- D: Delete x: Cancel Vch Adjustment El 2: Configure Mode Windows Server 2025 ...
[shot] tds-121-P2-after1 (1024x768)
[15:42:43] [tds] screen tds-121-P2-after1 : Y: Data 76 TallyPrime MANAGE EDU K: Company Accounting Voucher Creation Pa ment Z: Exchange A Accept Q Search O: Import E: Export M: Share FinCom • ke Co p: print 20ct-26 Friday Amount • Account Current balance: Particulars Narration: Unity Quit Fl: Help Q: Date Company Ed: Contra F-5: Payment Receipt Journal Sales aaala to ru 756a- OLIO— acep 0670- Purchase FOLIO— Fl O: OåuVooctgs E: Autofill Change Mode More Details O: Related ¯ Repons Optional post -Dated J: Stat acep .337. -a30 ning bbb75 ing j _id" : 3-011' 0670- D: Delete x: Cancel Vch Adjustment El 2: Configure Mode Windows Server 2025 ...
[keys] '^a' -> Tally 'TallyPrime:9000'
[shot] tds-122-P2-accept2 (1024x768)
[15:42:48] [tds] screen tds-122-P2-accept2 : Unity TallyPrime MANAGE EDU K: Company Accounting Voucher Creation Q: Quit Y: Data Z: Exchange A: Accept Q Search O: Import E: Export M: Share FinCom Spike Co p: print x Error Oops! No Entries in Voucher! Fl: Help F-2: Date F-3: Company F-4: Contra F-5: Payment F-6: Receipt F-7: Journal F-9: Purchase PIO: E: Autofill H: Change = Mode I: More - Details O: Related ¯ Repons L: Optional T: post = -Dated J: Stat aaala to ru 756a- OLIO— acep 0670- FOLIO— acep .337. -a30 ning bbb75 ing j _id" : 3-011' 0670- p: Delete , cancel vch ¯ Adjustment F-12: Configure Mode Windows Server 2025 Datacenter Build ...
[shot] tds-123-P2-after2 (1024x768)
[15:42:49] [tds] screen tds-123-P2-after2 : Unity TallyPrime MANAGE EDU K: Company Accounting Voucher Creation Q: Quit Y: Data Z: Exchange A: Accept Q Search O: Import E: Export M: Share FinCom Spike Co p: print x Error Oops! No Entries in Voucher! Fl: Help F-2: Date F-3: Company F-4: Contra F-5: Payment F-6: Receipt F-7: Journal F-9: Purchase PIO: E: Autofill H: Change = Mode I: More - Details O: Related ¯ Repons L: Optional T: post = -Dated J: Stat aaala to ru 756a- OLIO— acep 0670- FOLIO— acep .337. -a30 ning bbb75 ing j _id" : 3-011' 0670- p: Delete , cancel vch ¯ Adjustment F-12: Configure Mode Windows Server 2025 Datacenter Build ...
[keys] '^a' -> Tally 'TallyPrime:9000'
[shot] tds-124-P2-accept3 (1024x768)
[15:42:53] [tds] screen tds-124-P2-accept3 : Y: Data 76 TallyPrime MANAGE EDU K: Company Accounting Voucher Creation Pa ment Z: Exchange A Accept Q Search FinCom • ke Co O: Import E: Export List of Led er Accounts Cash Share Bank M: Share p: print x Create Cash • Account Current balance: 500.00 Dr Particulars End of List Cur Bal: Narration: Unity Quit Fl: Help Q: Date Company Ed: Contra F-5: Payment Receipt Journal Sales aaala to ru 756a- OLIO— acep 0670- Purchase FOLIO— Fl O: OåuVooctgs E: Autofill Change Mode More Details O: Related ¯ Repons Optional post -Dated J: Stat acep .337. -a30 ning bbb75 ing j _id" : 3-011' 0670- D: Delete Can...
[shot] tds-125-P2-after3 (1024x768)
[15:42:54] [tds] screen tds-125-P2-after3 : Y: Data 76 TallyPrime MANAGE EDU K: Company Accounting Voucher Creation Pa ment Z: Exchange A Accept Q Search FinCom • ke Co O: Import E: Export List of Led er Accounts Cash Share Bank M: Share p: print x Create Cash • Account Current balance: 500.00 Dr Particulars End of List Cur Bal: Narration: Unity Quit Fl: Help Q: Date Company Ed: Contra F-5: Payment Receipt Journal Sales aaala to ru 756a- OLIO— acep 0670- Purchase FOLIO— Fl O: OåuVooctgs E: Autofill Change Mode More Details O: Related ¯ Repons Optional post -Dated J: Stat acep .337. -a30 ning bbb75 ing j _id" : 3-011' 0670- D: Delete Can...
[keys] '^a' -> Tally 'TallyPrime:9000'
[shot] tds-126-P2-accept4 (1024x768)
[15:42:59] [tds] screen tds-126-P2-accept4 : Unity TallyPrime MANAGE EDU K: Company Accounting Voucher Creation Q: Quit Y: Data Z: Exchange A: Accept Q Search O: Import E: Export M: Share FinCom Spike Co p: print x Error Oops! No Entries in Voucher! Fl: Help F-2: Date F-3: Company F-4: Contra F-5: Payment F-6: Receipt F-7: Journal F-9: Purchase PIO: E: Autofill H: Change = Mode I: More - Details O: Related ¯ Repons L: Optional T: post = -Dated J: Stat aaala to ru 756a- OLIO— acep 0670- FOLIO— acep .337. -a30 ning bbb75 ing j _id" : 3-011' 0670- p: Delete , cancel vch ¯ Adjustment F-12: Configure Mode Windows Server 2025 Datacenter Build ...
[shot] tds-127-P2-after4 (1024x768)
[15:43:00] [tds] screen tds-127-P2-after4 : Unity TallyPrime MANAGE EDU K: Company Accounting Voucher Creation Q: Quit Y: Data Z: Exchange A: Accept Q Search O: Import E: Export M: Share FinCom Spike Co p: print x Error Oops! No Entries in Voucher! Fl: Help F-2: Date F-3: Company F-4: Contra F-5: Payment F-6: Receipt F-7: Journal F-9: Purchase PIO: E: Autofill H: Change = Mode I: More - Details O: Related ¯ Repons L: Optional T: post = -Dated J: Stat aaala to ru 756a- OLIO— acep 0670- FOLIO— acep .337. -a30 ning bbb75 ing j _id" : 3-011' 0670- p: Delete , cancel vch ¯ Adjustment F-12: Configure Mode Windows Server 2025 Datacenter Build ...
[shot] tds-128-gw0 (1024x768)
[15:43:00] [tds] screen tds-128-gw0 : Unity TallyPrime MANAGE EDU K: Company Accounting Voucher Creation Q: Quit Y: Data Z: Exchange A: Accept Q Search O: Import E: Export M: Share FinCom Spike Co p: print x Error Oops! No Entries in Voucher! Fl: Help F-2: Date F-3: Company F-4: Contra F-5: Payment F-6: Receipt F-7: Journal F-9: Purchase PIO: E: Autofill H: Change = Mode I: More - Details O: Related ¯ Repons L: Optional T: post = -Dated J: Stat aaala to ru 756a- OLIO— acep 0670- FOLIO— acep .337. -a30 ning bbb75 ing j _id" : 3-011' 0670- p: Delete , cancel vch ¯ Adjustment F-12: Configure Mode Windows Server 2025 Datacenter Build ...
[keys] '{ESC}' -> Tally 'TallyPrime:9000'
[shot] tds-129-gw1 (1024x768)
[15:43:04] [tds] screen tds-129-gw1 : Y: Data 76 TallyPrime MANAGE EDU K: Company Accounting Voucher Creation Pa ment Z: Exchange A Accept Q Search FinCom • ke Co O: Import E: Export List of Led er Accounts Cash Share Bank M: Share p: print x Create Cash • Account Current balance: 500.00 Dr Particulars End of List Cur Bal: Narration: Unity Quit Fl: Help Q: Date Company Ed: Contra F-5: Payment Receipt Journal Sales aaala to ru 756a- OLIO— acep 0670- Purchase FOLIO— Fl O: OåuVooctgs E: Autofill Change Mode More Details O: Related ¯ Repons Optional post -Dated J: Stat acep .337. -a30 ning bbb75 ing j _id" : 3-011' 0670- D: Delete Can...
[keys] '{ESC}' -> Tally 'TallyPrime:9000'
[shot] tds-130-gw2 (1024x768)
[15:43:08] [tds] screen tds-130-gw2 : Y: Data 76 TallyPrime MANAGE EDU K: Company Accounting Voucher Creation Pa ment Z: Exchange A Accept Q Search FinCom • ke Co O: Import E: Export List of Led er Accounts Cash Share Bank M: Share p: print x Create • Account Current balance: 500.00 Dr Particulars End of List Cur Bal: Narration: Unity Quit Fl: Help Q: Date Company Ed: Contra F-5: Payment Receipt Journal Sales aaala to ru 756a- OLIO— acep 0670- Purchase FOLIO— Fl O: OåuVooctgs E: Autofill Change Mode More Details O: Related ¯ Repons Optional post -Dated J: Stat acep .337. -a30 ning bbb75 ing j _id" : 3-011' 0670- D: Delete Cancel V...
[keys] '{ESC}' -> Tally 'TallyPrime:9000'
[shot] tds-131-gw3 (1024x768)
[15:43:11] [tds] screen tds-131-gw3 : Y: Data 76 TallyPrime MANAGE EDU K: Company Accounting Voucher Creation Pa ment Z: Exchange A: Accept Q Search O: Import E: Export M: Share FinCom • Account Current balance: 500.00 Dr Particulars End of List Cur Bal: Narration: Unity Q: Quit p: print 20ct-26 Friday Amount Quit o Yes or No Fl: Help F-2: Date F-3: Company F-4: Contra F-5: Payment F-6: Receipt F-7: Journal F-9: Purchase PIO: E: Autofill H: Change = Mode I: More - Details O: Related ¯ Repons L: Optional T: post = -Dated J: Stat ¯ Adjustment aaala to ru 756a- OLIO— acep 0670- FOLIO— acep .337. -a30 ning bbb75 ing j _id" : 3-011' 06...
[keys] 'y' -> Tally 'TallyPrime:9000'
[shot] tds-132-gw4 (1024x768)
[15:43:15] [tds] screen tds-132-gw4 : TallyPrime MANAGE EDU K: Company Gatewa of Tall CURRENT PERIOD I-Apr-26 to 31-Mar-27 NAME OF COMPANY FinCom Spike Co Y: Data Z: Exchange O: Import E: Export M: Share p: print Fl: Help Date aaala Q CURRENT OATE Friday, 2-Oct-2026 2-Oct-26 Search Gateway of Tally MASTERS Create Alter CHart of Accounts TRANSACTIONS Vouchers Day 800K UTILITIES BaNking REPORTS Balance Sheet Profit & Loss A/c Stock Summary Ratio Analysis Display More Reports DashbOard Quit Unity Company to ru 756a- OLIO— acep 0670- FOLIO— acep .337. -a30 ning bbb75 ing j _id" : 3-011' 0670- Mode Windows Server 2025 Datacenter Build ...
  voucher mid=1 aid=1 Journal/1/20260401 guid=a381c3ad-1c49-482a-8d4f-cb1da1df58a6-00000001 cancelled=False
  voucher mid=2 aid=2 Journal/2/20261001 guid=a381c3ad-1c49-482a-8d4f-cb1da1df58a6-00000002 cancelled=False
  voucher mid=3 aid=3 Journal/3/20261001 guid=a381c3ad-1c49-482a-8d4f-cb1da1df58a6-00000003 cancelled=False
  voucher mid=4 aid=4 Journal/4/20261001 guid=a381c3ad-1c49-482a-8d4f-cb1da1df58a6-00000004 cancelled=False
  voucher mid=5 aid=5 Journal/5/20261001 guid=a381c3ad-1c49-482a-8d4f-cb1da1df58a6-00000005 cancelled=False
  voucher mid=6 aid=6 Payroll/1/20261001 guid=a381c3ad-1c49-482a-8d4f-cb1da1df58a6-00000006 cancelled=False
  voucher mid=7 aid=7 Receipt/1/20261002 guid=a381c3ad-1c49-482a-8d4f-cb1da1df58a6-00000007 cancelled=False
  voucher mid=8 aid=8 Receipt/2/20261002 guid=a381c3ad-1c49-482a-8d4f-cb1da1df58a6-00000008 cancelled=False
  voucher mid=9 aid=9 Payment/1/20261002 guid=a381c3ad-1c49-482a-8d4f-cb1da1df58a6-00000009 cancelled=False
  voucher mid=10 aid=10 Payment/2/20261002 guid=a381c3ad-1c49-482a-8d4f-cb1da1df58a6-0000000a cancelled=False
  INFO share payment-expense (payment of an expense (no party)): Tally Payment 2 mid 10; stored party 'Cash' bills []; the line party '' bills []; lines voucher_accept_post x1, voucher_full x1
[15:43:18] ---- share contra: contra: cash into the bank
  voucher mid=1 aid=1 Journal/1/20260401 guid=a381c3ad-1c49-482a-8d4f-cb1da1df58a6-00000001 cancelled=False
  voucher mid=2 aid=2 Journal/2/20261001 guid=a381c3ad-1c49-482a-8d4f-cb1da1df58a6-00000002 cancelled=False
  voucher mid=3 aid=3 Journal/3/20261001 guid=a381c3ad-1c49-482a-8d4f-cb1da1df58a6-00000003 cancelled=False
  voucher mid=4 aid=4 Journal/4/20261001 guid=a381c3ad-1c49-482a-8d4f-cb1da1df58a6-00000004 cancelled=False
  voucher mid=5 aid=5 Journal/5/20261001 guid=a381c3ad-1c49-482a-8d4f-cb1da1df58a6-00000005 cancelled=False
  voucher mid=6 aid=6 Payroll/1/20261001 guid=a381c3ad-1c49-482a-8d4f-cb1da1df58a6-00000006 cancelled=False
  voucher mid=7 aid=7 Receipt/1/20261002 guid=a381c3ad-1c49-482a-8d4f-cb1da1df58a6-00000007 cancelled=False
  voucher mid=8 aid=8 Receipt/2/20261002 guid=a381c3ad-1c49-482a-8d4f-cb1da1df58a6-00000008 cancelled=False
  voucher mid=9 aid=9 Payment/1/20261002 guid=a381c3ad-1c49-482a-8d4f-cb1da1df58a6-00000009 cancelled=False
  voucher mid=10 aid=10 Payment/2/20261002 guid=a381c3ad-1c49-482a-8d4f-cb1da1df58a6-0000000a cancelled=False
[shot] tds-133-gw0 (1024x768)
[15:43:19] [tds] screen tds-133-gw0 : TallyPrime MANAGE EDU K: Company Gatewa of Tall CURRENT PERIOD I-Apr-26 to 31-Mar-27 NAME OF COMPANY FinCom Spike Co Y: Data Z: Exchange O: Import E: Export M: Share p: print Fl: Help Date aaala Q CURRENT OATE Friday, 2-Oct-2026 2-Oct-26 Search Gateway of Tally MASTERS Create Alter CHart of Accounts TRANSACTIONS Vouchers Day 800K UTILITIES BaNking REPORTS Balance Sheet Profit & Loss A/c Stock Summary Ratio Analysis Display More Reports DashbOard Quit Unity Company to ru 756a- OLIO— acep 0670- FOLIO— acep .337. -a30 ning bbb75 ing j _id" : 3-011' 0670- Mode Windows Server 2025 Datacenter Build ...
[shot] tds-134-C1-start (1024x768)
[15:43:20] [tds] screen tds-134-C1-start : TallyPrime MANAGE EDU K: Company Gatewa of Tall CURRENT PERIOD I-Apr-26 to 31-Mar-27 NAME OF COMPANY FinCom Spike Co Y: Data Z: Exchange O: Import E: Export M: Share p: print Fl: Help Date aaala Q CURRENT OATE Friday, 2-Oct-2026 2-Oct-26 Search Gateway of Tally MASTERS Create Alter CHart of Accounts TRANSACTIONS Vouchers Day 800K UTILITIES BaNking REPORTS Balance Sheet Profit & Loss A/c Stock Summary Ratio Analysis Display More Reports DashbOard Quit Unity Company to ru 756a- OLIO— acep 0670- FOLIO— acep .337. -a30 ning bbb75 ing j _id" : 3-011' 0670- Mode Windows Server 2025 Datacenter Build ...
[keys] 'v' -> Tally 'TallyPrime:9000'
[shot] tds-135-C1-vouchers (1024x768)
[15:43:24] [tds] screen tds-135-C1-vouchers : Y: Data 76 TallyPrime MANAGE EDU K: Company Accounting Voucher Creation Pa ment Z: Exchange A Accept Q Search O: Import E: Export M: Share FinCom • ke Co p: print 20ct-26 Friday Amount • Account Current balance: Particulars Narration: Unity Quit Fl: Help Q: Date Company Ed: Contra F-5: Payment Receipt Journal Sales aaala to ru 756a- OLIO— acep 0670- Purchase FOLIO— Fl O: OåuVooctgs E: Autofill Change Mode More Details O: Related ¯ Repons Optional post -Dated J: Stat acep .337. -a30 ning bbb75 ing j _id" : 3-011' 0670- D: Delete x: Cancel Vch Adjustment El 2: Configure Mode Windows Server 2025 ...
[keys] '{F4}' -> Tally 'TallyPrime:9000'
[shot] tds-136-C1-type (1024x768)
[15:43:28] [tds] screen tds-136-C1-type : Y: Data 76 TallyPrime MANAGE EDU K: Company Accounting Voucher Creation Contra Z: Exchange A Accept Q Search O: Import E: Export M: Share FinCom • ke Co p: print x 2-Oct-26 Friday Amount Fl: Help Date aaala Company to ru • Account Current balance: Particulars Narration: Unity Quit F4: Contra F5: Payment Receipt Journal Sales 756a- OLIO— acep 0670- FOLIO— Purchase • Fl 0: 0åHVouctg•s F: Autofill Change Mode More Details O: Related Reports L: Optional post -Dated acep .337. -a30 ning bbb75 ing j _id" : 3-011' 0670- D: Delete x: Cancel Vch F12: Configure Mode Windows Server 2025 Datacenter Build ...
[keys] '{F2}' -> Tally 'TallyPrime:9000'
[shot] tds-137-C1-date-box (1024x768)
[15:43:31] [tds] screen tds-137-C1-date-box : TallyPrime MANAGE EDU K: Company Change Voucher Date Unity Quit Y: Data Z: Exchange A Accept Q Search O: Import E: Export M: Share p: print Fl: Help FinCom Spike Co Voucher Date 3-10-2026 aaala to ru 756a- OLIO— acep 0670- FOLIO— acep .337. -a30 ning bbb75 ing j _id" : 3-011' 0670- Mode Windows Server 2025 Datacenter Build 26100.ge_release240331-1435 3:43 PM 10/8/2026
[keys] '2-10-2026{ENTER}' -> Tally 'TallyPrime:9000'
[shot] tds-138-C1-date (1024x768)
[15:43:35] [tds] screen tds-138-C1-date : Y: Data 76 TallyPrime MANAGE EDU K: Company Accounting Voucher Creation Contra Z: Exchange A Accept Q Search O: Import E: Export M: Share FinCom • ke Co p: print x 2-Oct-26 Friday Amount Fl: Help Date aaala Company to ru • Account Current balance: Particulars Narration: Unity Quit F4: Contra F5: Payment Receipt Journal Sales 756a- OLIO— acep 0670- FOLIO— Purchase • Fl 0: 0åHVouctg•s F: Autofill Change Mode More Details O: Related Reports L: Optional post -Dated acep .337. -a30 ning bbb75 ing j _id" : 3-011' 0670- D: Delete x: Cancel Vch F12: Configure Mode Windows Server 2025 Datacenter Build ...
[keys] 'Share Bank{ENTER}' -> Tally 'TallyPrime:9000'
[shot] tds-139-C1-account (1024x768)
[15:43:38] [tds] screen tds-139-C1-account : Y: Data 76 TallyPrime MANAGE EDU K: Company Accounting Voucher Creation Contra Z: Exchange A Accept Q Search O: Import E: Export M: Share FinCom • ke Co p: print x 2-Oct-26 Friday Amount Fl: Help Date aaala Company to ru • Account Share Bank Current balance: Particulars Narration: Unity Quit F4: Contra F5: Payment Receipt Journal Sales 756a- OLIO— acep 0670- FOLIO— Purchase • Fl 0: 0åHVouctg•s F: Autofill Change Mode More Details O: Related Reports L: Optional post -Dated acep .337. -a30 ning bbb75 ing j _id" : 3-011' 0670- D: Delete x: Cancel Vch F12: Configure Mode Windows Server 2025 Datace...
[shot] tds-140-C1-acc-sub1 (1024x768)
[15:43:39] [tds] screen tds-140-C1-acc-sub1 : Y: Data 76 TallyPrime MANAGE EDU K: Company Accounting Voucher Creation Contra Z: Exchange A Accept Q Search O: Import E: Export M: Share FinCom • ke Co p: print x 2-Oct-26 Friday Amount Fl: Help Date aaala Company to ru • Account Share Bank Current balance: Particulars Narration: Unity Quit F4: Contra F5: Payment Receipt Journal Sales 756a- OLIO— acep 0670- FOLIO— Purchase • Fl 0: 0åHVouctg•s F: Autofill Change Mode More Details O: Related Reports L: Optional post -Dated acep .337. -a30 ning bbb75 ing j _id" : 3-011' 0670- D: Delete x: Cancel Vch F12: Configure Mode Windows Server 2025 Datace...
[keys] 'Cash{ENTER}' -> Tally 'TallyPrime:9000'
[shot] tds-141-C1-row1 (1024x768)
[15:43:43] [tds] screen tds-141-C1-row1 : Y: Data 76 TallyPrime MANAGE EDU K: Company Accounting Voucher Creation Contra Z: Exchange A Accept Q Search O: Import E: Export M: Share FinCom • ke Co p: print x 2-Oct-26 Friday Amount Fl: Help Date aaala Company to ru • Account Share Bank Current balance: Particulars Cash CurBal: 500.00 Dr Narration: Unity Quit F4: Contra F5: Payment Receipt Journal Sales 756a- OLIO— acep 0670- FOLIO— Purchase • Fl 0: 0åHVouctg•s F: Autofill Change Mode More Details O: Related Reports L: Optional post -Dated acep .337. -a30 ning bbb75 ing j _id" : 3-011' 0670- D: Delete x: Cancel Vch F12: Configure Mode Win...
[shot] tds-142-C1-row1-a-sub1 (1024x768)
[15:43:44] [tds] screen tds-142-C1-row1-a-sub1 : Y: Data 76 TallyPrime MANAGE EDU K: Company Accounting Voucher Creation Contra Z: Exchange A Accept Q Search O: Import E: Export M: Share FinCom • ke Co p: print x 2-Oct-26 Friday Amount Fl: Help Date aaala Company to ru • Account Share Bank Current balance: Particulars Cash CurBal: 500.00 Dr Narration: Unity Quit F4: Contra F5: Payment Receipt Journal Sales 756a- OLIO— acep 0670- FOLIO— Purchase • Fl 0: 0åHVouctg•s F: Autofill Change Mode More Details O: Related Reports L: Optional post -Dated acep .337. -a30 ning bbb75 ing j _id" : 3-011' 0670- D: Delete x: Cancel Vch F12: Configure Mode Win...
[keys] '200{ENTER}' -> Tally 'TallyPrime:9000'
[shot] tds-143-C1-row1-amt (1024x768)
[15:43:47] [tds] screen tds-143-C1-row1-amt : Y: Data 76 TallyPrime MANAGE EDU K: Company Accounting Voucher Creation Contra Z: Exchange A Accept Q Search O: Import E: Export M: Share FinCom • ke Co p: print x 2-Oct-26 Friday Amount 200.00 200.00 Fl: Help Date aaala Company to ru • Account Share Bank Current balance: 200.00 Dr Particulars Cash CurBa1: 300.00 Dr Narration: Unity Quit F4: Contra F5: Payment Receipt Journal Sales 756a- OLIO— acep 0670- FOLIO— Purchase • Fl 0: 0åHVouctg•s F: Autofill Change Mode More Details O: Related Reports Optional post -Dated acep .337. -a30 ning bbb75 ing j _id" : 3-011' 0670- D: Delete x: Cancel Vch F1...
[shot] tds-144-C1-row1-bills1 (1024x768)
[15:43:48] [tds] screen tds-144-C1-row1-bills1 : Y: Data 76 TallyPrime MANAGE EDU K: Company Accounting Voucher Creation Contra Z: Exchange A Accept Q Search O: Import E: Export M: Share FinCom • ke Co p: print x 2-Oct-26 Friday Amount 200.00 200.00 Fl: Help Date aaala Company to ru • Account Share Bank Current balance: 200.00 Dr Particulars Cash CurBa1: 300.00 Dr Narration: Unity Quit F4: Contra F5: Payment Receipt Journal Sales 756a- OLIO— acep 0670- FOLIO— Purchase • Fl 0: 0åHVouctg•s F: Autofill Change Mode More Details O: Related Reports Optional post -Dated acep .337. -a30 ning bbb75 ing j _id" : 3-011' 0670- D: Delete x: Cancel Vch F1...
[shot] tds-145-C1-row1-b-sub1 (1024x768)
[15:43:49] [tds] screen tds-145-C1-row1-b-sub1 : Y: Data 76 TallyPrime MANAGE EDU K: Company Accounting Voucher Creation Contra Z: Exchange A Accept Q Search O: Import E: Export M: Share FinCom • ke Co p: print x 2-Oct-26 Friday Amount 200.00 200.00 Fl: Help Date aaala Company to ru • Account Share Bank Current balance: 200.00 Dr Particulars Cash CurBa1: 300.00 Dr Narration: Unity Quit F4: Contra F5: Payment Receipt Journal Sales 756a- OLIO— acep 0670- FOLIO— Purchase • Fl 0: 0åHVouctg•s F: Autofill Change Mode More Details O: Related Reports Optional post -Dated acep .337. -a30 ning bbb75 ing j _id" : 3-011' 0670- D: Delete x: Cancel Vch F1...
[keys] '{ENTER}' -> Tally 'TallyPrime:9000'
[shot] tds-146-C1-rows-done (1024x768)
[15:43:53] [tds] screen tds-146-C1-rows-done : Y: Data 76 TallyPrime MANAGE EDU K: Company Accounting Voucher Creation Contra Z: Exchange A Accept Q Search O: Import E: Export M: Share FinCom • ke Co p: print x 2-Oct-26 Friday Amount 200.00 200.00 Fl: Help Date aaala Company to ru • Account Share Bank Current balance: 200.00 Dr Particulars Cash CurBal: 300.00 Dr Narration: Unity Quit F4: Contra F5: Payment Receipt Journal Sales 756a- OLIO— acep 0670- FOLIO— Purchase • Fl 0: 0åHVouctg•s F: Autofill Change Mode More Details O: Related Reports Optional post -Dated acep .337. -a30 ning bbb75 ing j _id" : 3-011' 0670- D: Delete x: Cancel Vch F1...
[shot] tds-147-C1-done-sub1 (1024x768)
[15:43:53] [tds] screen tds-147-C1-done-sub1 : Y: Data 76 TallyPrime MANAGE EDU K: Company Accounting Voucher Creation Contra Z: Exchange A Accept Q Search O: Import E: Export M: Share FinCom • ke Co p: print x 2-Oct-26 Friday Amount 200.00 200.00 Fl: Help Date aaala Company to ru • Account Share Bank Current balance: 200.00 Dr Particulars Cash CurBal: 300.00 Dr Narration: Unity Quit F4: Contra F5: Payment Receipt Journal Sales 756a- OLIO— acep 0670- FOLIO— Purchase • Fl 0: 0åHVouctg•s F: Autofill Change Mode More Details O: Related Reports Optional post -Dated acep .337. -a30 ning bbb75 ing j _id" : 3-011' 0670- D: Delete x: Cancel Vch F1...
[keys] 'share contra{ENTER}' -> Tally 'TallyPrime:9000'
[shot] tds-148-C1-narr (1024x768)
[15:43:57] [tds] screen tds-148-C1-narr : Unity TallyPrime MANAGE EDU K: Company Bank Allocations Quit Y: Data Z: Exchange O: Import E: Export M: Share p: print Fl: Help x FinCom Spike Co Bank Allocations for: Share Bank For: 200.00 Inst Date Transacion Type Cash Inst No. Bank Name: Accept Amount 200.00 2-OctQ6 aaala to ru 756a- OLIO— acep 0670- FOLIO— acep .337. -a30 ning bbb75 ing j _id" : 3-011' 0670- Q Search Configure Mode Windows Server 2025 Datacenter Build 26100.ge_release240331-1435 3:43 PM 10/8/2026
[keys] '^a' -> Tally 'TallyPrime:9000'
[shot] tds-149-C1-accept1 (1024x768)
[15:44:02] [tds] screen tds-149-C1-accept1 : Y: Data 76 TallyPrime MANAGE EDU K: Company Accounting Voucher Creation Contra Z: Exchange Accept Q Search O: Import E: Export M: Share FinCom • ke Co p: print x 2-Oct-26 Friday Amount 200.00 200.00 Fl: Help Date aaala Company to ru • Account Share Bank Current balance: 200.00 Dr Particulars Cash CurBal: 300.00 Dr Narration: 95 Unity Quit F4: Contra F5: Payment Receipt Journal Sales 756a- OLIO— acep 0670- FOLIO— Purchase • Fl 0: 0åHVouctg•s F: Autofill Change Mode More Details O: Related Reports Optional post -Dated acep .337. -a30 ning bbb75 ing j _id" : 3-011' 0670- D: Delete x: Cancel Vch F...
[shot] tds-150-C1-after1 (1024x768)
[15:44:03] [tds] screen tds-150-C1-after1 : Y: Data 76 TallyPrime MANAGE EDU K: Company Accounting Voucher Creation Contra Z: Exchange Accept Q Search O: Import E: Export M: Share FinCom • ke Co p: print x 2-Oct-26 Friday Amount 200.00 200.00 Fl: Help Date aaala Company to ru • Account Share Bank Current balance: 200.00 Dr Particulars Cash CurBal: 300.00 Dr Narration: 95 Unity Quit F4: Contra F5: Payment Receipt Journal Sales 756a- OLIO— acep 0670- FOLIO— Purchase • Fl 0: 0åHVouctg•s F: Autofill Change Mode More Details O: Related Reports Optional post -Dated acep .337. -a30 ning bbb75 ing j _id" : 3-011' 0670- D: Delete x: Cancel Vch F...
[keys] '^a' -> Tally 'TallyPrime:9000'
[shot] tds-151-C1-accept2 (1024x768)
[15:44:07] [tds] screen tds-151-C1-accept2 : Y: Data 76 TallyPrime MANAGE EDU K: Company Accounting Voucher Creation Contra No. 2 Z: Exchange A Accept Q Search O: Import E: Export M: Share FinCom • ke Co p: print x 2-Oct-26 Friday Amount Fl: Help Date aaala Company to ru • Account Current balance: Particulars Narration: Unity Quit F4: Contra F5: Payment Receipt Journal Sales 756a- OLIO— acep 0670- FOLIO— Purchase • Fl 0: 0åHVouctg•s F: Autofill Change Mode More Details O: Related Reports L: Optional post -Dated acep .337. -a30 ning bbb75 ing j _id" : 3-011' 0670- D: Delete x: Cancel Vch F12: Configure Mode Windows Server 2025 Datacenter ...
[shot] tds-152-C1-after2 (1024x768)
[15:44:08] [tds] screen tds-152-C1-after2 : Y: Data 76 TallyPrime MANAGE EDU K: Company Accounting Voucher Creation Contra No. 2 Z: Exchange A Accept Q Search O: Import E: Export M: Share FinCom • ke Co p: print x 2-Oct-26 Friday Amount Fl: Help Date aaala Company to ru • Account Current balance: Particulars Narration: Unity Quit F4: Contra F5: Payment Receipt Journal Sales 756a- OLIO— acep 0670- FOLIO— Purchase • Fl 0: 0åHVouctg•s F: Autofill Change Mode More Details O: Related Reports L: Optional post -Dated acep .337. -a30 ning bbb75 ing j _id" : 3-011' 0670- D: Delete x: Cancel Vch F12: Configure Mode Windows Server 2025 Datacenter ...
[keys] '^a' -> Tally 'TallyPrime:9000'
[shot] tds-153-C1-accept3 (1024x768)
[15:44:13] [tds] screen tds-153-C1-accept3 : Unity TallyPrime MANAGE EDU K: Company Accounting Voucher Creation Q: Quit Y: Data Z: Exchange A: Accept Q Search O: Import E: Export M: Share FinCom Spike Co p: print x Error Oops! No Entries in Voucher! p: Delete , cancel vch Fl: Help F2: Date F3: Company F4: Contra F5: Payment F6: Receipt F7: Journal F8: Sales F9: Purchase F: Autofill H: Change Mode l: More Details O: Related Reports k: Optional T: post -Dated F 12: Configure aaala to ru 756a- OLIO— acep 0670- FOLIO— acep .337. -a30 ning bbb75 ing j _id" : 3-011' 0670- Mode Windows Server 2025 Datacenter Build 26100.ge_release240331-1435 3:...
[shot] tds-154-C1-after3 (1024x768)
[15:44:14] [tds] screen tds-154-C1-after3 : Unity TallyPrime MANAGE EDU K: Company Accounting Voucher Creation Q: Quit Y: Data Z: Exchange A: Accept Q Search O: Import E: Export M: Share FinCom Spike Co p: print x Error Oops! No Entries in Voucher! p: Delete , cancel vch Fl: Help F2: Date F3: Company F4: Contra F5: Payment F6: Receipt F7: Journal F8: Sales F9: Purchase F: Autofill H: Change Mode l: More Details O: Related Reports k: Optional T: post -Dated F 12: Configure aaala to ru 756a- OLIO— acep 0670- FOLIO— acep .337. -a30 ning bbb75 ing j _id" : 3-011' 0670- Mode Windows Server 2025 Datacenter Build 26100.ge_release240331-1435 3:...
[keys] '^a' -> Tally 'TallyPrime:9000'
[shot] tds-155-C1-accept4 (1024x768)
[15:44:18] [tds] screen tds-155-C1-accept4 : Y: Data 76 TallyPrime MANAGE EDU K: Company Accounting Voucher Creation Contra No. 2 Z: Exchange A Accept Q Search FinCom • ke Co O: Import E: Export List of Led er Accounts Cash Share Bank M: Share p: print x Create Fl: Help Date aaala Company to ru • Account Cash Current balance: 300.00 Dr Particulars End of List Cur Bal: Narration: Unity Quit F4: Contra F5: Payment Receipt Journal Sales 756a- OLIO— acep 0670- FOLIO— Purchase • Fl 0: 0åHVouctg•s F: Autofill Change Mode More Details O: Related Reports L: Optional post -Dated acep .337. -a30 ning bbb75 ing j _id" : 3-011' 0670- D: Delete Cance...
[shot] tds-156-C1-after4 (1024x768)
[15:44:19] [tds] screen tds-156-C1-after4 : Y: Data 76 TallyPrime MANAGE EDU K: Company Accounting Voucher Creation Contra No. 2 Z: Exchange A Accept Q Search FinCom • ke Co O: Import E: Export List of Led er Accounts Cash Share Bank M: Share p: print x Create Fl: Help Date aaala Company to ru • Account Cash Current balance: 300.00 Dr Particulars End of List Cur Bal: Narration: Unity Quit F4: Contra F5: Payment Receipt Journal Sales 756a- OLIO— acep 0670- FOLIO— Purchase • Fl 0: 0åHVouctg•s F: Autofill Change Mode More Details O: Related Reports L: Optional post -Dated acep .337. -a30 ning bbb75 ing j _id" : 3-011' 0670- D: Delete Cance...
[shot] tds-157-gw0 (1024x768)
[15:44:20] [tds] screen tds-157-gw0 : Y: Data 76 TallyPrime MANAGE EDU K: Company Accounting Voucher Creation Contra No. 2 Z: Exchange A Accept Q Search FinCom • ke Co O: Import E: Export List of Led er Accounts Cash Share Bank M: Share p: print x Create Fl: Help Date aaala Company to ru Cash • Account Current balance: 300.00 Dr Particulars End of List Cur Bal: Narration: Unity Quit F4: Contra F5: Payment Receipt Journal Sales 756a- OLIO— acep 0670- FOLIO— Purchase • Fl 0: 0åHVouctg•s F: Autofill Change Mode More Details O: Related Reports L: Optional post -Dated acep .337. -a30 ning bbb75 ing j _id" : 3-011' 0670- D: Delete Cance...
[keys] '{ESC}' -> Tally 'TallyPrime:9000'
[shot] tds-158-gw1 (1024x768)
[15:44:23] [tds] screen tds-158-gw1 : Y: Data 76 TallyPrime MANAGE EDU K: Company Accounting Voucher Creation Contra No. 2 Z: Exchange A Accept Q Search FinCom • ke Co O: Import E: Export List of Led er Accounts Cash Share Bank M: Share p: print x Create Fl: Help Date aaala Company to ru • Account Current balance: 300.00 Dr Particulars End of List Cur Bal: Narration: Unity Quit F4: Contra F5: Payment Receipt Journal Sales 756a- OLIO— acep 0670- FOLIO— Purchase • Fl 0: 0åHVouctg•s F: Autofill Change Mode More Details O: Related Reports L: Optional post -Dated acep .337. -a30 ning bbb75 ing j _id" : 3-011' 0670- D: Delete Cancel Vch...
[keys] '{ESC}' -> Tally 'TallyPrime:9000'
[shot] tds-159-gw2 (1024x768)
[15:44:27] [tds] screen tds-159-gw2 : Y: Data 76 TallyPrime MANAGE EDU K: Company Accounting Voucher Creation Contra No. 2 Z: Exchange FinCom A: Accept Q Search O: Import E: Export M: Share • Account Current balance: 300.00 Dr Particulars End of List Cur Bal: Narration: Unity Q: Quit p: print x 2-Oct-26 Friday Amount Quit o Yes or No D: Delete X: Cancel Vch Fl: Help F2: Date F3: Company F4: Contra F5: Payment F6: Receipt F7: Journal F8: Sales F9: Purchase F: Autofill H: Change Mode l: More Details O: Related Reports k: Optional T: post -Dated Fl 2: Configure aaala to ru 756a- OLIO— acep 0670- FOLIO— acep .337. -a30 ning bbb75 ing ...
[keys] 'y' -> Tally 'TallyPrime:9000'
[shot] tds-160-gw3 (1024x768)
[15:44:30] [tds] screen tds-160-gw3 : TallyPrime MANAGE EDU K: Company Gatewa of Tall CURRENT PERIOD I-Apr-26 to 31-Mar-27 NAME OF COMPANY FinCom Spike Co Y: Data Z: Exchange O: Import E: Export M: Share p: print Fl: Help Date aaala Q CURRENT OATE Friday, 2-Oct-2026 2-Oct-26 Search Gateway of Tally MASTERS Create Alter CHart of Accounts TRANSACTIONS Vouchers Day 800K UTILITIES BaNking REPORTS Balance Sheet Profit & Loss A/c Stock Summary Ratio Analysis Display More Reports DashbOard Quit Unity Company to ru 756a- OLIO— acep 0670- FOLIO— acep .337. -a30 ning bbb75 ing j _id" : 3-011' 0670- Mode Windows Server 2025 Datacenter Build ...
  voucher mid=1 aid=1 Journal/1/20260401 guid=a381c3ad-1c49-482a-8d4f-cb1da1df58a6-00000001 cancelled=False
  voucher mid=2 aid=2 Journal/2/20261001 guid=a381c3ad-1c49-482a-8d4f-cb1da1df58a6-00000002 cancelled=False
  voucher mid=3 aid=3 Journal/3/20261001 guid=a381c3ad-1c49-482a-8d4f-cb1da1df58a6-00000003 cancelled=False
  voucher mid=4 aid=4 Journal/4/20261001 guid=a381c3ad-1c49-482a-8d4f-cb1da1df58a6-00000004 cancelled=False
  voucher mid=5 aid=5 Journal/5/20261001 guid=a381c3ad-1c49-482a-8d4f-cb1da1df58a6-00000005 cancelled=False
  voucher mid=6 aid=6 Payroll/1/20261001 guid=a381c3ad-1c49-482a-8d4f-cb1da1df58a6-00000006 cancelled=False
  voucher mid=7 aid=7 Receipt/1/20261002 guid=a381c3ad-1c49-482a-8d4f-cb1da1df58a6-00000007 cancelled=False
  voucher mid=8 aid=8 Receipt/2/20261002 guid=a381c3ad-1c49-482a-8d4f-cb1da1df58a6-00000008 cancelled=False
  voucher mid=9 aid=9 Payment/1/20261002 guid=a381c3ad-1c49-482a-8d4f-cb1da1df58a6-00000009 cancelled=False
  voucher mid=10 aid=10 Payment/2/20261002 guid=a381c3ad-1c49-482a-8d4f-cb1da1df58a6-0000000a cancelled=False
  voucher mid=11 aid=11 Contra/1/20261002 guid=a381c3ad-1c49-482a-8d4f-cb1da1df58a6-0000000b cancelled=False
  INFO share contra (contra: cash into the bank): Tally Contra 1 mid 11; stored party 'Cash' bills []; the line party '' bills []; lines voucher_accept_post x1, voucher_full x1
[15:44:34] ---- share journal-party: journal with a party (Share Expense Dr / Share Supplier Cr, New Ref JN-1)
  voucher mid=1 aid=1 Journal/1/20260401 guid=a381c3ad-1c49-482a-8d4f-cb1da1df58a6-00000001 cancelled=False
  voucher mid=2 aid=2 Journal/2/20261001 guid=a381c3ad-1c49-482a-8d4f-cb1da1df58a6-00000002 cancelled=False
  voucher mid=3 aid=3 Journal/3/20261001 guid=a381c3ad-1c49-482a-8d4f-cb1da1df58a6-00000003 cancelled=False
  voucher mid=4 aid=4 Journal/4/20261001 guid=a381c3ad-1c49-482a-8d4f-cb1da1df58a6-00000004 cancelled=False
  voucher mid=5 aid=5 Journal/5/20261001 guid=a381c3ad-1c49-482a-8d4f-cb1da1df58a6-00000005 cancelled=False
  voucher mid=6 aid=6 Payroll/1/20261001 guid=a381c3ad-1c49-482a-8d4f-cb1da1df58a6-00000006 cancelled=False
  voucher mid=7 aid=7 Receipt/1/20261002 guid=a381c3ad-1c49-482a-8d4f-cb1da1df58a6-00000007 cancelled=False
  voucher mid=8 aid=8 Receipt/2/20261002 guid=a381c3ad-1c49-482a-8d4f-cb1da1df58a6-00000008 cancelled=False
  voucher mid=9 aid=9 Payment/1/20261002 guid=a381c3ad-1c49-482a-8d4f-cb1da1df58a6-00000009 cancelled=False
  voucher mid=10 aid=10 Payment/2/20261002 guid=a381c3ad-1c49-482a-8d4f-cb1da1df58a6-0000000a cancelled=False
  voucher mid=11 aid=11 Contra/1/20261002 guid=a381c3ad-1c49-482a-8d4f-cb1da1df58a6-0000000b cancelled=False
[shot] tds-161-gw0 (1024x768)
[15:44:34] [tds] screen tds-161-gw0 : TallyPrime MANAGE EDU K: Company Gatewa of Tall CURRENT PERIOD I-Apr-26 to 31-Mar-27 NAME OF COMPANY FinCom Spike Co Y: Data Z: Exchange O: Import E: Export M: Share p: print Fl: Help Date aaala Q CURRENT OATE Friday, 2-Oct-2026 2-Oct-26 Search Gateway of Tally MASTERS Create Alter CHart of Accounts TRANSACTIONS Vouchers Day 800K UTILITIES BaNking REPORTS Balance Sheet Profit & Loss A/c Stock Summary Ratio Analysis Display More Reports DashbOard Quit Unity Company to ru 756a- OLIO— acep 0670- FOLIO— acep .337. -a30 ning bbb75 ing j _id" : 3-011' 0670- Mode Windows Server 2025 Datacenter Build ...
[shot] tds-162-J1-start (1024x768)
[15:44:35] [tds] screen tds-162-J1-start : TallyPrime MANAGE EDU K: Company Gatewa of Tall CURRENT PERIOD I-Apr-26 to 31-Mar-27 NAME OF COMPANY FinCom Spike Co Y: Data Z: Exchange O: Import E: Export M: Share p: print Fl: Help Date aaala Q CURRENT OATE Friday, 2-Oct-2026 2-Oct-26 Search Gateway of Tally MASTERS Create Alter CHart of Accounts TRANSACTIONS Vouchers Day 800K UTILITIES BaNking REPORTS Balance Sheet Profit & Loss A/c Stock Summary Ratio Analysis Display More Reports DashbOard Quit Unity Company to ru 756a- OLIO— acep 0670- FOLIO— acep .337. -a30 ning bbb75 ing j _id" : 3-011' 0670- Mode Windows Server 2025 Datacenter Build ...
[keys] 'v' -> Tally 'TallyPrime:9000'
[shot] tds-163-J1-vouchers (1024x768)
[15:44:39] [tds] screen tds-163-J1-vouchers : Y: Data 76 TallyPrime MANAGE EDU K: Company Accounting Voucher Creation Contra No. 2 Z: Exchange A Accept Q Search O: Import E: Export M: Share FinCom • ke Co p: print x 2-Oct-26 Friday Amount Fl: Help Date aaala Company to ru • Account Current balance: Particulars Narration: Unity Quit F4: Contra F5: Payment Receipt Journal Sales 756a- OLIO— acep 0670- FOLIO— Purchase • Fl 0: 0åHVouctg•s F: Autofill Change Mode More Details O: Related Reports L: Optional post -Dated acep .337. -a30 ning bbb75 ing j _id" : 3-011' 0670- D: Delete x: Cancel Vch F12: Configure Mode Windows Server 2025 Datacenter ...
[keys] '{F7}' -> Tally 'TallyPrime:9000'
[shot] tds-164-J1-type (1024x768)
[15:44:43] [tds] screen tds-164-J1-type : Y: Data 76 Unity TallyPrime MANAGE EDU K: Company Accounting Voucher Creation Journal Particulars By Narration: Quit Z: Exchange A Accept Q Search FinCom • ke Co O: Import E: Export List of Led er Accounts Profit & Loss Alc Share Basic Share Expense Share HRA Share Party Share Purchase Share Salary Payable Share Sales Share Supplier Spike Income Spike Party Spike Party 2 Ul Party M: Share p: print x Create Show More Fl: Help Q: Date Company Ed: Contra Payment Receipt F-7: Journal Sales aaala to ru 756a- OLIO— acep 0670- Purchase FOLIO— Fl O: OåuVooctgs E: Autofill H: Change = Mode More Details...
[keys] '{F2}' -> Tally 'TallyPrime:9000'
[shot] tds-165-J1-date-box (1024x768)
[15:44:46] [tds] screen tds-165-J1-date-box : TallyPrime MANAGE EDU K: Company Change Voucher Date Unity Quit Y: Data Z: Exchange A Accept Q Search O: Import E: Export M: Share p: print Fl: Help FinCom Spike Co Voucher Date 3-10-2026 aaala to ru 756a- OLIO— acep 0670- FOLIO— acep .337. -a30 ning bbb75 ing j _id" : 3-011' 0670- Mode Windows Server 2025 Datacenter Build 26100.ge_release240331-1435 3:44 PM 10/8/2026
[keys] '2-10-2026{ENTER}' -> Tally 'TallyPrime:9000'
[shot] tds-166-J1-date (1024x768)
[15:44:50] [tds] screen tds-166-J1-date : Y: Data 76 Unity TallyPrime MANAGE EDU K: Company Accounting Voucher Creation Journal Particulars By Narration: Quit Z: Exchange A Accept Q Search FinCom • ke Co O: Import E: Export List of Led er Accounts Profit & Loss Alc Share Basic Share Expense Share HRA Share Party Share Purchase Share Salary Payable Share Sales Share Supplier Spike Income Spike Party Spike Party 2 Ul Party M: Share p: print x Create Show More Fl: Help Q: Date Company Ed: Contra Payment Receipt F-7: Journal Sales aaala to ru 756a- OLIO— acep 0670- Purchase FOLIO— Fl O: OåuVooctgs E: Autofill H: Change = Mode More Details...
[keys] 'Share Expense{ENTER}' -> Tally 'TallyPrime:9000'
[shot] tds-167-J1-row1 (1024x768)
[15:44:54] [tds] screen tds-167-J1-row1 : Y: Data 76 TallyPrime MANAGE EDU K: Company Accounting Voucher Creation Journal Z: Exchange A Accept Q Search O: Import E: Export FinCom • ke Co M: Share Debit p: print x 2-Oct-26 Friday Credit • By By Particulars Share Expense CurBal: 4,300.00 Dr Fl: Help Q: Date Company Ed: Contra Payment Receipt F-7: Journal Sales aaala to ru 756a- OLIO— acep 0670- Purchase FOLIO— Fl O: OåuVooctgs E: Autofill H: Change = Mode More Details O: Related ¯ Repons Optional post -Dated J: Stat acep .337. -a30 ning bbb75 ing j _id" : 3-011' 0670- Unity Narration: Quit D: Delete x: Cancel Vch Adjustment El 2: Config...
[shot] tds-168-J1-row1-a-sub1 (1024x768)
[15:44:55] [tds] screen tds-168-J1-row1-a-sub1 : Y: Data 76 TallyPrime MANAGE EDU K: Company Accounting Voucher Creation Journal Z: Exchange A Accept Q Search O: Import E: Export FinCom • ke Co M: Share Debit p: print x 2-Oct-26 Friday Credit • By By Particulars Share Expense CurBal: 4,300.00 Dr Fl: Help Q: Date Company Ed: Contra Payment Receipt F-7: Journal Sales aaala to ru 756a- OLIO— acep 0670- Purchase FOLIO— Fl O: OåuVooctgs E: Autofill H: Change = Mode More Details O: Related ¯ Repons Optional post -Dated J: Stat acep .337. -a30 ning bbb75 ing j _id" : 3-011' 0670- Unity Narration: Quit D: Delete x: Cancel Vch Adjustment El 2: Config...
[keys] '600{ENTER}' -> Tally 'TallyPrime:9000'
[shot] tds-169-J1-row1-amt (1024x768)
[15:44:59] [tds] screen tds-169-J1-row1-amt : TallyPrime MANAGE EDU K: Company Cost Centre Allocations Unity Quit Y: Data Z: Exchange O: Import E: Export M: Share p: print Fl: Help FinCom Spike Co Cost Allocations for : Share Expense Up to: 600.00 Dr Name of Cost Centre Ehare Em 1 A Accept Q Search Amount 600.00 600.00 aaala to ru 756a- OLIO— acep 0670- FOLIO— acep .337. -a30 ning bbb75 ing j _id" : 3-011' 0670- Mode Windows Server 2025 Datacenter Build 26100.ge_release240331-1435 3:44 PM 10/8/2026
[shot] tds-170-J1-row1-bills1 (1024x768)
[15:44:59] [tds] screen tds-170-J1-row1-bills1 : TallyPrime MANAGE EDU K: Company Cost Centre Allocations Unity Quit Y: Data Z: Exchange O: Import E: Export M: Share p: print Fl: Help FinCom Spike Co Cost Allocations for : Share Expense Up to: 600.00 Dr Name of Cost Centre Ehare Em 1 A Accept Q Search Amount 600.00 600.00 aaala to ru 756a- OLIO— acep 0670- FOLIO— acep .337. -a30 ning bbb75 ing j _id" : 3-011' 0670- Mode Windows Server 2025 Datacenter Build 26100.ge_release240331-1435 3:44 PM 10/8/2026
[shot] tds-171-J1-row1-b-sub1 (1024x768)
[15:45:00] [tds] screen tds-171-J1-row1-b-sub1 : TallyPrime MANAGE EDU K: Company Cost Centre Allocations Unity Quit Y: Data Z: Exchange O: Import E: Export M: Share p: print Fl: Help FinCom Spike Co Cost Allocations for : Share Expense Up to: 600.00 Dr Name of Cost Centre Share Em 1 A Accept Q Search Amount 600.00 600.00 aaala to ru 756a- OLIO— acep 0670- FOLIO— acep .337. -a30 ning bbb75 ing j _id" : 3-011' 0670- Mode Windows Server 2025 Datacenter Build 26100.ge_release240331-1435 3:44 PM 10/8/2026
[keys] '^a' -> Tally 'TallyPrime:9000'
[shot] tds-172-J1-row1-b-sub-accept (1024x768)
[15:45:04] [tds] screen tds-172-J1-row1-b-sub-accept : Y: Data 76 TallyPrime MANAGE EDU K: Company Accounting Voucher Creation Journal Z: Exchange 600.00 Dr A Accept Q Search O: Import E: Export M: Share FinCom • ke Co p: print x 2-Oct-26 Friday Credit • By Particulars Share Expense CurBal: 4,900.00 Dr Share Emp 1 Debit 600.00 600.00 Fl: Help Q: Date Company Ed: Contra Payment Receipt F-7: Journal Sales aaala to ru 756a- OLIO— acep 0670- Purchase FOLIO— Fl O: OåuVooctgs E: Autofill H: Change = Mode More Details O: Related ¯ Repons Optional post -Dated J: Stat acep .337. -a30 ning bbb75 ing j _id" : 3-011' 0670- Narration: Unity Quit D: Delete x: C...
[shot] tds-173-J1-row1-b-sub2 (1024x768)
[15:45:05] [tds] screen tds-173-J1-row1-b-sub2 : Y: Data 76 TallyPrime MANAGE EDU K: Company Accounting Voucher Creation Journal Z: Exchange 600.00 Dr A Accept Q Search O: Import E: Export M: Share FinCom • ke Co p: print x 2-Oct-26 Friday Credit • By Particulars Share Expense CurBal: 4,900.00 Dr Share Emp 1 Debit 600.00 600.00 Fl: Help Q: Date Company Ed: Contra Payment Receipt F-7: Journal Sales aaala to ru 756a- OLIO— acep 0670- Purchase FOLIO— Fl O: OåuVooctgs E: Autofill H: Change = Mode More Details O: Related ¯ Repons Optional post -Dated J: Stat acep .337. -a30 ning bbb75 ing j _id" : 3-011' 0670- Narration: Unity Quit D: Delete x: C...
[shot] tds-174-J1-row2-before (1024x768)
[15:45:05] [tds] screen tds-174-J1-row2-before : Y: Data 76 TallyPrime MANAGE EDU K: Company Accounting Voucher Creation Journal Z: Exchange 600.00 Dr A Accept Q Search O: Import E: Export M: Share FinCom • ke Co p: print x 2-Oct-26 Friday Credit • By Particulars Share Expense CurBal: 4,900.00 Dr Share Emp 1 Debit 600.00 600.00 Fl: Help Q: Date Company Ed: Contra Payment Receipt F-7: Journal Sales aaala to ru 756a- OLIO— acep 0670- Purchase FOLIO— Fl O: OåuVooctgs E: Autofill H: Change = Mode More Details O: Related ¯ Repons Optional post -Dated J: Stat acep .337. -a30 ning bbb75 ing j _id" : 3-011' 0670- Unity Narration: Quit D: Delete x: C...
[keys] 'To{ENTER}' -> Tally 'TallyPrime:9000'
[shot] tds-175-J1-row2-to (1024x768)
[15:45:09] [tds] screen tds-175-J1-row2-to : Y: Data 76 TallyPrime MANAGE EDU K: Company Accounting Voucher Creation Journal Z: Exchange 600.00 Dr A Accept Q Search FinCom • ke Co O: Import E: Export List of Led er Accounts Profit & Loss Alc Share Basic Share Expense Share HRA Share Party Share Purchase Share Salary Payable Share Sales Share Supplier Spike Income Spike Party Spike Party 2 Ul Party M: Share p: print x Create Show More • By Particulars Share Expense CurBal: 4,900.00 Dr Share Emp 1 Fl: Help Q: Date Company Ed: Contra Payment Receipt F-7: Journal Sales aaala to ru 756a- OLIO— acep 0670- Purchase FOLIO— Fl O: OåuVooctgs E: Au...
[keys] 'Share Supplier{ENTER}' -> Tally 'TallyPrime:9000'
[shot] tds-176-J1-row2 (1024x768)
[15:45:12] [tds] screen tds-176-J1-row2 : Y: Data 76 TallyPrime MANAGE EDU K: Company Accounting Voucher Creation Journal Z: Exchange 600.00 Dr A Accept Q Search O: Import E: Export M: Share FinCom • ke Co • By To Particulars Share Expense CurBal: 4,900.00 Dr Share Emp 1 Share Supplier CurBal: 3,200.00 Cr Debit 600.00 600.00 p: print x 2-Oct-26 Friday Credit 300.00 600.00 Fl: Help Q: Date Company Ed: Contra Payment Receipt F-7: Journal Sales aaala to ru 756a- OLIO— acep 0670- Purchase FOLIO— Fl O: OåuVooctgs E: Autofill H: Change = Mode More Details O: Related ¯ Repons Optional post -Dated J: Stat acep .337. -a30 ning bbb75 ing j _id"...
[shot] tds-177-J1-row2-a-sub1 (1024x768)
[15:45:13] [tds] screen tds-177-J1-row2-a-sub1 : Y: Data 76 TallyPrime MANAGE EDU K: Company Accounting Voucher Creation Journal Z: Exchange 600.00 Dr A Accept Q Search O: Import E: Export M: Share FinCom • ke Co • By To Particulars Share Expense CurBal: 4,900.00 Dr Share Emp 1 Share Supplier CurBal: 3,200.00 Cr Debit 600.00 600.00 p: print x 2-Oct-26 Friday Credit 600.00 600.00 Fl: Help Q: Date Company Ed: Contra Payment Receipt F-7: Journal Sales aaala to ru 756a- OLIO— acep 0670- Purchase FOLIO— Fl O: OåuVooctgs E: Autofill H: Change = Mode More Details O: Related ¯ Repons Optional post -Dated J: Stat acep .337. -a30 ning bbb75 ing j _id"...
[keys] '{ENTER}' -> Tally 'TallyPrime:9000'
[shot] tds-178-J1-row2-amt (1024x768)
[15:45:17] [tds] screen tds-178-J1-row2-amt : Unity TallyPrime MANAGE EDU K: Company Bill-wise Details II Quit Y: Data Type of Ref St Ref Z: Exchange FinCom Spike Co Bill-wise Details for : Share Supplier Up to: 600.00 cr O: Import Amount E: Export M: Share p: print Fl: Help x Name Method of Ad Advance Agst Ref New Ref On Account Accept Q Search Due Date, or Credit Days 20ct-26) aaala to ru 756a- OLIO— acep 0670- FOLIO— acep .337. -a30 ning bbb75 ing j _id" : 3-011' 0670- Mode Windows Server 2025 Datacenter Build 26100.ge_release240331-1435 3:45 PM 10/8/2026
[shot] tds-179-J1-row2-bills1 (1024x768)
[15:45:18] [tds] screen tds-179-J1-row2-bills1 : Unity TallyPrime MANAGE EDU K: Company Bill-wise Details II Quit Y: Data Type of Ref A Ref Z: Exchange FinCom Spike Co Bill-wise Details for : Share Supplier Up to: 600.00 cr O: Import Amount E: Export M: Share p: print Fl: Help x Name Method of Ad Advance Agst Ref New Ref On Account Accept Q Search Due Date, or Credit Days 20ct-26) aaala to ru 756a- OLIO— acep 0670- FOLIO— acep .337. -a30 ning bbb75 ing j _id" : 3-011' 0670- Mode Windows Server 2025 Datacenter Build 26100.ge_release240331-1435 3:45 PM 10/8/2026
[keys] 'New Ref{ENTER}' -> Tally 'TallyPrime:9000'
[shot] tds-180-J1-row2-reftype (1024x768)
[15:45:21] [tds] screen tds-180-J1-row2-reftype : Unity TallyPrime MANAGE EDU K: Company Bill-wise Details II Quit Y: Data Type of Ref New Ref Z: Exchange FinCom Spike Co Bill-wise Details for : Share Supplier Up to: 600.00 cr O: Import E: Export Amount 600.00 cr 600.00 cr M: Share p: print Fl: Help x Name Due Date, or Credit Days (wef 20ct-26) aaala to ru 756a- OLIO— acep 0670- FOLIO— acep .337. -a30 ning bbb75 ing j _id" : 3-011' 0670- Mode Accept Q Search Windows Server 2025 Datacenter Build 26100.ge_release240331-1435 3:45 PM 10/8/2026
[keys] 'JN-1{ENTER}' -> Tally 'TallyPrime:9000'
[shot] tds-181-J1-row2-refname (1024x768)
[15:45:25] [tds] screen tds-181-J1-row2-refname : Unity TallyPrime MANAGE EDU K: Company Bill-wise Details II Quit Y: Data Type of Ref New Ref Z: Exchange O: Import E: Export M: Share p: print Fl: Help x FinCom Spike Co Bill-wise Details for : Share Supplier Up to: 600.00 cr Name JN_I Accept Q Search Due Date, or Credit Days (wef 20ct-26) Amount 600.00 cr 600.00 cr aaala to ru 756a- OLIO— acep 0670- FOLIO— acep .337. -a30 ning bbb75 ing j _id" : 3-011' 0670- Mode Windows Server 2025 Datacenter Build 26100.ge_release240331-1435 3:45 PM 10/8/2026
[keys] '{ENTER}' -> Tally 'TallyPrime:9000'
[shot] tds-182-J1-row2-due (1024x768)
[15:45:28] [tds] screen tds-182-J1-row2-due : Unity TallyPrime MANAGE EDU K: Company Bill-wise Details II Quit Y: Data Type of Ref New Ref Z: Exchange O: Import E: Export M: Share p: print Fl: Help x FinCom Spike Co Bill-wise Details for : Share Supplier Up to: 600.00 cr Name JN_I Accept Q Search Due Date, or Credit Days (wef 20ct-26) Amount 600.00 cr 600.00 cr aaala to ru 756a- OLIO— acep 0670- FOLIO— acep .337. -a30 ning bbb75 ing j _id" : 3-011' 0670- Mode Windows Server 2025 Datacenter Build 26100.ge_release240331-1435 3:45 PM 10/8/2026
[keys] '{ENTER}' -> Tally 'TallyPrime:9000'
[shot] tds-183-J1-row2-refamount (1024x768)
[15:45:32] [tds] screen tds-183-J1-row2-refamount : Unity TallyPrime MANAGE EDU K: Company Bill-wise Details II Quit Y: Data Type of Ref New Ref Z: Exchange O: Import E: Export M: Share p: print Fl: Help x FinCom Spike Co Bill-wise Details for : Share Supplier Up to: 600.00 cr Name JN_I Accept Q Search Due Date, or Credit Days (wef 20ct-26) Amount 600.00 er 600.00 cr aaala to ru 756a- OLIO— acep 0670- FOLIO— acep .337. -a30 ning bbb75 ing j _id" : 3-011' 0670- Mode Windows Server 2025 Datacenter Build 26100.ge_release240331-1435 3:45 PM 10/8/2026
[shot] tds-184-J1-row2-bills2 (1024x768)
[15:45:33] [tds] screen tds-184-J1-row2-bills2 : Unity TallyPrime MANAGE EDU K: Company Bill-wise Details II Quit Y: Data Type of Ref New Ref Z: Exchange O: Import E: Export M: Share p: print Fl: Help x FinCom Spike Co Bill-wise Details for : Share Supplier Up to: 600.00 cr Name JN_I Accept Q Search Due Date, or Credit Days (wef 20ct-26) Amount 600.00 er 600.00 cr aaala to ru 756a- OLIO— acep 0670- FOLIO— acep .337. -a30 ning bbb75 ing j _id" : 3-011' 0670- Mode Windows Server 2025 Datacenter Build 26100.ge_release240331-1435 3:45 PM 10/8/2026
[keys] '^a' -> Tally 'TallyPrime:9000'
[shot] tds-185-J1-row2-bills-accept (1024x768)
[15:45:36] [tds] screen tds-185-J1-row2-bills-accept : Y: Data 76 TallyPrime MANAGE EDU K: Company Accounting Voucher Creation Journal Z: Exchange 600.00 Dr 600.00 Cr Accept Q Search O: Import E: Export M: Share FinCom • ke Co • By To Particulars Share Expense CurBal: 4,900.00 Dr Share Emp 1 Share Supplier CurBal: 3,200.00 Cr New Ref JN-I Debit 600.00 600.00 p: print x 2-Oct-26 Friday Credit 600.00 600.00 Fl: Help Q: Date Company Ed: Contra Payment Receipt F-7: Journal Sales aaala to ru 756a- OLIO— acep 0670- Purchase FOLIO— Fl O: OåuVooctgs E: Autofill H: Change = Mode More Details O: Related ¯ Repons Optional post -Dated J: Stat acep .337. -a30 ...
[shot] tds-186-J1-row2-bills3 (1024x768)
[15:45:37] [tds] screen tds-186-J1-row2-bills3 : Y: Data 76 TallyPrime MANAGE EDU K: Company Accounting Voucher Creation Journal Z: Exchange 600.00 Dr 600.00 Cr Accept Q Search O: Import E: Export M: Share FinCom • ke Co • By To Particulars Share Expense CurBal: 4,900.00 Dr Share Emp 1 Share Supplier CurBal: 3,200.00 Cr New Ref JN-I Debit 600.00 600.00 p: print x 2-Oct-26 Friday Credit 600.00 600.00 Fl: Help Q: Date Company Ed: Contra Payment Receipt F-7: Journal Sales aaala to ru 756a- OLIO— acep 0670- Purchase FOLIO— Fl O: OåuVooctgs E: Autofill H: Change = Mode More Details O: Related ¯ Repons Optional post -Dated J: Stat acep .337. -a30 ...
[shot] tds-187-J1-row2-b-sub1 (1024x768)
[15:45:38] [tds] screen tds-187-J1-row2-b-sub1 : Y: Data 76 TallyPrime MANAGE EDU K: Company Accounting Voucher Creation Journal Z: Exchange 600.00 Dr 600.00 Cr Accept Q Search O: Import E: Export M: Share FinCom • ke Co • By To Particulars Share Expense CurBal: 4,900.00 Dr Share Emp 1 Share Supplier CurBal: 3,200.00 Cr New Ref JN-I Debit 600.00 600.00 p: print x 2-Oct-26 Friday Credit 600.00 600.00 Fl: Help Q: Date Company Ed: Contra Payment Receipt F-7: Journal Sales aaala to ru 756a- OLIO— acep 0670- Purchase FOLIO— Fl O: OåuVooctgs E: Autofill H: Change = Mode More Details O: Related ¯ Repons Optional post -Dated J: Stat acep .337. -a30 ...
[shot] tds-188-J1-last-row (1024x768)
[15:45:39] [tds] screen tds-188-J1-last-row : Y: Data 76 TallyPrime MANAGE EDU K: Company Accounting Voucher Creation Journal Z: Exchange 600.00 Dr 600.00 Cr Accept Q Search O: Import E: Export M: Share FinCom • ke Co • By To Particulars Share Expense CurBal: 4,900.00 Dr Share Emp 1 Share Supplier CurBal: 3,200.00 Cr New Ref JN-I Debit 600.00 600.00 p: print x 2-Oct-26 Friday Credit 600.00 600.00 Fl: Help Q: Date Company Ed: Contra Payment Receipt F-7: Journal Sales aaala to ru 756a- OLIO— acep 0670- Purchase FOLIO— Fl O: OåuVooctgs E: Autofill H: Change = Mode More Details O: Related ¯ Repons Optional post -Dated J: Stat acep .337. -a30 ...
[keys] '^a' -> Tally 'TallyPrime:9000'
[shot] tds-189-J1-accept1 (1024x768)
[15:45:43] [tds] screen tds-189-J1-accept1 : Y: Data 76 Unity TallyPrime MANAGE EDU K: Company Accounting Voucher Creation Journal No. 7 Particulars Narration: Quit Z: Exchange A Accept Q Search FinCom • ke Co O: Import E: Export List of Led er Accounts Profit & Loss Alc Share Basic Share Expense Share HRA Share Party Share Purchase Share Salary Payable Share Sales Share Supplier Spike Income Spike Party Spike Party 2 Ul Party M: Share p: print x Create Show More Fl: Help Q: Date Company Ed: Contra Payment Receipt F-7: Journal Sales aaala to ru 756a- OLIO— acep 0670- Purchase FOLIO— Fl O: OåuVooctgs E: Autofill H: Change = Mode More Deta...
[shot] tds-190-J1-after1 (1024x768)
[15:45:44] [tds] screen tds-190-J1-after1 : Y: Data 76 Unity TallyPrime MANAGE EDU K: Company Accounting Voucher Creation Journal No. 7 Particulars Narration: Quit Z: Exchange A Accept Q Search FinCom • ke Co O: Import E: Export List of Led er Accounts Profit & Loss Alc Share Basic Share Expense Share HRA Share Party Share Purchase Share Salary Payable Share Sales Share Supplier Spike Income Spike Party Spike Party 2 Ul Party M: Share p: print x Create Show More Fl: Help Q: Date Company Ed: Contra Payment Receipt F-7: Journal Sales aaala to ru 756a- OLIO— acep 0670- Purchase FOLIO— Fl O: OåuVooctgs E: Autofill H: Change = Mode More Deta...
[keys] '^a' -> Tally 'TallyPrime:9000'
[shot] tds-191-J1-accept2 (1024x768)
[15:45:49] [tds] screen tds-191-J1-accept2 : Y: Data 76 Unity TallyPrime MANAGE EDU K: Company Accounting Voucher Creation Journal No. 7 Particulars By Profit & Loss Alc Z: Exchange A Accept Q Search O: Import E: Export FinCom • ke Co M: Share Debit p: print x 2-Oct-26 Friday Credit Fl: Help Q: Date Company Ed: Contra Payment Receipt F-7: Journal Sales aaala to ru 756a- OLIO— acep 0670- CurBal: 6,700.00 Dr Narration: Quit Purchase FOLIO— Fl O: OåuVooctgs E: Autofill H: Change = Mode More Details O: Related ¯ Repons Optional post -Dated J: Stat acep .337. -a30 ning bbb75 ing j _id" : 3-011' 0670- D: Delete x: Cancel Vch Adjustment El 2: C...
[shot] tds-192-J1-after2 (1024x768)
[15:45:50] [tds] screen tds-192-J1-after2 : Y: Data 76 Unity TallyPrime MANAGE EDU K: Company Accounting Voucher Creation Journal No. 7 Particulars By Profit & Loss Alc Z: Exchange A Accept Q Search O: Import E: Export FinCom • ke Co M: Share Debit p: print x 2-Oct-26 Friday Credit Fl: Help Q: Date Company Ed: Contra Payment Receipt F-7: Journal Sales aaala to ru 756a- OLIO— acep 0670- CurBal: 6,700.00 Dr Narration: Quit Purchase FOLIO— Fl O: OåuVooctgs E: Autofill H: Change = Mode More Details O: Related ¯ Repons Optional post -Dated J: Stat acep .337. -a30 ning bbb75 ing j _id" : 3-011' 0670- D: Delete x: Cancel Vch Adjustment El 2: C...
[keys] '^a' -> Tally 'TallyPrime:9000'
[shot] tds-193-J1-accept3 (1024x768)
[15:45:54] [tds] screen tds-193-J1-accept3 : Y: Data 76 Unity TallyPrime MANAGE EDU K: Company Accounting Voucher Creation Journal No. 7 Particulars By Profit & Loss Alc Z: Exchange A Accept Q Search O: Import E: Export FinCom • ke Co M: Share Debit p: print x 2-Oct-26 Friday Credit Fl: Help Q: Date Company Ed: Contra Payment Receipt F-7: Journal Sales aaala to ru 756a- OLIO— acep 0670- CurBal: 6,700.00 Dr Narration: Quit Purchase FOLIO— Fl O: OåuVooctgs E: Autofill H: Change = Mode More Details O: Related ¯ Repons Optional post -Dated J: Stat acep .337. -a30 ning bbb75 ing j _id" : 3-011' 0670- D: Delete x: Cancel Vch Adjustment El 2: C...
[shot] tds-194-J1-after3 (1024x768)
[15:45:55] [tds] screen tds-194-J1-after3 : Y: Data 76 Unity TallyPrime MANAGE EDU K: Company Accounting Voucher Creation Journal No. 7 Particulars By Profit & Loss Alc Z: Exchange A Accept Q Search O: Import E: Export FinCom • ke Co M: Share Debit p: print x 2-Oct-26 Friday Credit Fl: Help Q: Date Company Ed: Contra Payment Receipt F-7: Journal Sales aaala to ru 756a- OLIO— acep 0670- CurBal: 6,700.00 Dr Narration: Quit Purchase FOLIO— Fl O: OåuVooctgs E: Autofill H: Change = Mode More Details O: Related ¯ Repons Optional post -Dated J: Stat acep .337. -a30 ning bbb75 ing j _id" : 3-011' 0670- D: Delete x: Cancel Vch Adjustment El 2: C...
[keys] '^a' -> Tally 'TallyPrime:9000'
[shot] tds-195-J1-accept4 (1024x768)
[15:46:00] [tds] screen tds-195-J1-accept4 : Y: Data 76 Unity TallyPrime MANAGE EDU K: Company Accounting Voucher Creation Journal No. 7 Particulars By Profit & Loss Alc Z: Exchange A Accept Q Search O: Import E: Export FinCom • ke Co M: Share Debit p: print x 2-Oct-26 Friday Credit Fl: Help Q: Date Company Ed: Contra Payment Receipt F-7: Journal Sales aaala to ru 756a- OLIO— acep 0670- CurBal: 6,700.00 Dr Narration: Quit Purchase FOLIO— Fl O: OåuVooctgs E: Autofill H: Change = Mode More Details O: Related ¯ Repons Optional post -Dated J: Stat acep .337. -a30 ning bbb75 ing j _id" : 3-011' 0670- D: Delete x: Cancel Vch Adjustment El 2: C...
[shot] tds-196-J1-after4 (1024x768)
[15:46:01] [tds] screen tds-196-J1-after4 : Y: Data 76 Unity TallyPrime MANAGE EDU K: Company Accounting Voucher Creation Journal No. 7 Particulars By Profit & Loss Alc Z: Exchange A Accept Q Search O: Import E: Export FinCom • ke Co M: Share Debit p: print x 2-Oct-26 Friday Credit Fl: Help Q: Date Company Ed: Contra Payment Receipt F-7: Journal Sales aaala to ru 756a- OLIO— acep 0670- CurBal: 6,700.00 Dr Narration: Quit Purchase FOLIO— Fl O: OåuVooctgs E: Autofill H: Change = Mode More Details O: Related ¯ Repons Optional post -Dated J: Stat acep .337. -a30 ning bbb75 ing j _id" : 3-011' 0670- D: Delete x: Cancel Vch Adjustment El 2: C...
[shot] tds-197-gw0 (1024x768)
[15:46:01] [tds] screen tds-197-gw0 : Y: Data 76 Unity TallyPrime MANAGE EDU K: Company Accounting Voucher Creation Journal No. 7 Particulars By Profit & Loss Alc Z: Exchange A Accept Q Search O: Import E: Export FinCom • ke Co M: Share Debit p: print x 2-Oct-26 Friday Credit Fl: Help Q: Date Company Ed: Contra Payment Receipt F-7: Journal Sales aaala to ru 756a- OLIO— acep 0670- CurBal: 6,700.00 Dr Narration: Quit Purchase FOLIO— Fl O: OåuVooctgs E: Autofill H: Change = Mode More Details O: Related ¯ Repons Optional post -Dated J: Stat acep .337. -a30 ning bbb75 ing j _id" : 3-011' 0670- D: Delete x: Cancel Vch Adjustment El 2: C...
[keys] '{ESC}' -> Tally 'TallyPrime:9000'
[shot] tds-198-gw1 (1024x768)
[15:46:05] [tds] screen tds-198-gw1 : Y: Data 76 Unity TallyPrime MANAGE EDU K: Company Accounting Voucher Creation Journal No. 7 Particulars By Profit & Loss Alc Z: Exchange FinCom A: Accept Q Search O: Import E: Export M: Share Debit CurBal: 6,700.00 Dr Narration: Q: Quit p: print x 2-Oct-26 Friday Credit Quit o Yes or No Fl: Help F-2: Date F-3: Company F-4: Contra F-5: Payment F-6: Receipt F-7: Journal F-9: Purchase PIO: E: Autofill H: Change = Mode I: More - Details O: Related ¯ Repons L: Optional T: post = -Dated J: Stat aaala to ru 756a- OLIO— acep 0670- FOLIO— acep .337. -a30 ning bbb75 ing j _id" : 3-011' 0670- D: Delete X...
[keys] 'y' -> Tally 'TallyPrime:9000'
[shot] tds-199-gw2 (1024x768)
[15:46:08] [tds] screen tds-199-gw2 : TallyPrime MANAGE EDU K: Company Gatewa of Tall CURRENT PERIOD I-Apr-26 to 31-Mar-27 NAME OF COMPANY FinCom Spike Co Y: Data Z: Exchange O: Import E: Export M: Share p: print Fl: Help Date aaala Q CURRENT OATE Friday, 2-Oct-2026 2-Oct-26 Search Gateway of Tally MASTERS Create Alter CHart of Accounts TRANSACTIONS Vouchers Day 800K UTILITIES BaNking REPORTS Balance Sheet Profit & Loss A/c Stock Summary Ratio Analysis Display More Reports DashbOard Quit Unity Company to ru 756a- OLIO— acep 0670- FOLIO— acep .337. -a30 ning bbb75 ing j _id" : 3-011' 0670- Mode Windows Server 2025 Datacenter Build ...
  voucher mid=1 aid=1 Journal/1/20260401 guid=a381c3ad-1c49-482a-8d4f-cb1da1df58a6-00000001 cancelled=False
  voucher mid=2 aid=2 Journal/2/20261001 guid=a381c3ad-1c49-482a-8d4f-cb1da1df58a6-00000002 cancelled=False
  voucher mid=3 aid=3 Journal/3/20261001 guid=a381c3ad-1c49-482a-8d4f-cb1da1df58a6-00000003 cancelled=False
  voucher mid=4 aid=4 Journal/4/20261001 guid=a381c3ad-1c49-482a-8d4f-cb1da1df58a6-00000004 cancelled=False
  voucher mid=5 aid=5 Journal/5/20261001 guid=a381c3ad-1c49-482a-8d4f-cb1da1df58a6-00000005 cancelled=False
  voucher mid=6 aid=6 Payroll/1/20261001 guid=a381c3ad-1c49-482a-8d4f-cb1da1df58a6-00000006 cancelled=False
  voucher mid=7 aid=7 Receipt/1/20261002 guid=a381c3ad-1c49-482a-8d4f-cb1da1df58a6-00000007 cancelled=False
  voucher mid=8 aid=8 Receipt/2/20261002 guid=a381c3ad-1c49-482a-8d4f-cb1da1df58a6-00000008 cancelled=False
  voucher mid=9 aid=9 Payment/1/20261002 guid=a381c3ad-1c49-482a-8d4f-cb1da1df58a6-00000009 cancelled=False
  voucher mid=10 aid=10 Payment/2/20261002 guid=a381c3ad-1c49-482a-8d4f-cb1da1df58a6-0000000a cancelled=False
  voucher mid=11 aid=11 Contra/1/20261002 guid=a381c3ad-1c49-482a-8d4f-cb1da1df58a6-0000000b cancelled=False
  voucher mid=12 aid=12 Journal/6/20261002 guid=a381c3ad-1c49-482a-8d4f-cb1da1df58a6-0000000c cancelled=False
  INFO share journal-party (journal with a party (Share Expense Dr / Share Supplier Cr, New Ref JN-1)): Tally Journal 6 mid 12; stored party 'Share Supplier' bills [New Ref]; the line party '' bills [New Ref]; lines voucher_accept_post x1, voucher_full x1
[15:46:12] ---- share journal-plain: journal with no party (Share Expense Dr / Spike Income Cr)
  voucher mid=1 aid=1 Journal/1/20260401 guid=a381c3ad-1c49-482a-8d4f-cb1da1df58a6-00000001 cancelled=False
  voucher mid=2 aid=2 Journal/2/20261001 guid=a381c3ad-1c49-482a-8d4f-cb1da1df58a6-00000002 cancelled=False
  voucher mid=3 aid=3 Journal/3/20261001 guid=a381c3ad-1c49-482a-8d4f-cb1da1df58a6-00000003 cancelled=False
  voucher mid=4 aid=4 Journal/4/20261001 guid=a381c3ad-1c49-482a-8d4f-cb1da1df58a6-00000004 cancelled=False
  voucher mid=5 aid=5 Journal/5/20261001 guid=a381c3ad-1c49-482a-8d4f-cb1da1df58a6-00000005 cancelled=False
  voucher mid=6 aid=6 Payroll/1/20261001 guid=a381c3ad-1c49-482a-8d4f-cb1da1df58a6-00000006 cancelled=False
  voucher mid=7 aid=7 Receipt/1/20261002 guid=a381c3ad-1c49-482a-8d4f-cb1da1df58a6-00000007 cancelled=False
  voucher mid=8 aid=8 Receipt/2/20261002 guid=a381c3ad-1c49-482a-8d4f-cb1da1df58a6-00000008 cancelled=False
  voucher mid=9 aid=9 Payment/1/20261002 guid=a381c3ad-1c49-482a-8d4f-cb1da1df58a6-00000009 cancelled=False
  voucher mid=10 aid=10 Payment/2/20261002 guid=a381c3ad-1c49-482a-8d4f-cb1da1df58a6-0000000a cancelled=False
  voucher mid=11 aid=11 Contra/1/20261002 guid=a381c3ad-1c49-482a-8d4f-cb1da1df58a6-0000000b cancelled=False
  voucher mid=12 aid=12 Journal/6/20261002 guid=a381c3ad-1c49-482a-8d4f-cb1da1df58a6-0000000c cancelled=False
[shot] tds-200-gw0 (1024x768)
[15:46:12] [tds] screen tds-200-gw0 : TallyPrime MANAGE EDU K: Company Gatewa of Tall CURRENT PERIOD I-Apr-26 to 31-Mar-27 NAME OF COMPANY FinCom Spike Co Y: Data Z: Exchange O: Import E: Export M: Share p: print Fl: Help Date aaala Q CURRENT OATE Friday, 2-Oct-2026 2-Oct-26 Search Gateway of Tally MASTERS Create Alter CHart of Accounts TRANSACTIONS Vouchers Day 800K UTILITIES BaNking REPORTS Balance Sheet Profit & Loss A/c Stock Summary Ratio Analysis Display More Reports DashbOard Quit Unity Company to ru 756a- OLIO— acep 0670- FOLIO— acep .337. -a30 ning bbb75 ing j _id" : 3-011' 0670- Mode Windows Server 2025 Datacenter Build ...
[shot] tds-201-J2-start (1024x768)
[15:46:13] [tds] screen tds-201-J2-start : TallyPrime MANAGE EDU K: Company Gatewa of Tall CURRENT PERIOD I-Apr-26 to 31-Mar-27 NAME OF COMPANY FinCom Spike Co Y: Data Z: Exchange O: Import E: Export M: Share p: print Fl: Help Date aaala Q CURRENT OATE Friday, 2-Oct-2026 2-Oct-26 Search Gateway of Tally MASTERS Create Alter CHart of Accounts TRANSACTIONS Vouchers Day 800K UTILITIES BaNking REPORTS Balance Sheet Profit & Loss A/c Stock Summary Ratio Analysis Display More Reports DashbOard Quit Unity Company to ru 756a- OLIO— acep 0670- FOLIO— acep .337. -a30 ning bbb75 ing j _id" : 3-011' 0670- Mode Windows Server 2025 Datacenter Build ...
[keys] 'v' -> Tally 'TallyPrime:9000'
[shot] tds-202-J2-vouchers (1024x768)
[15:46:17] [tds] screen tds-202-J2-vouchers : Y: Data 76 Unity TallyPrime MANAGE EDU K: Company Accounting Voucher Creation Journal No. 7 Particulars Narration: Quit Z: Exchange A Accept Q Search FinCom • ke Co O: Import E: Export List of Led er Accounts Profit & Loss Alc Share Basic Share Expense Share HRA Share Party Share Purchase Share Salary Payable Share Sales Share Supplier Spike Income Spike Party Spike Party 2 Ul Party M: Share p: print x Create Show More Fl: Help Q: Date Company Ed: Contra Payment Receipt F-7: Journal Sales aaala to ru 756a- OLIO— acep 0670- Purchase FOLIO— Fl O: OåuVooctgs E: Autofill H: Change = Mode More Deta...
[keys] '{F7}' -> Tally 'TallyPrime:9000'
[shot] tds-203-J2-type (1024x768)
[15:46:21] [tds] screen tds-203-J2-type : Y: Data 76 Unity TallyPrime MANAGE EDU K: Company Accounting Voucher Creation Journal No. 7 Particulars Narration: Quit Z: Exchange A Accept Q Search FinCom • ke Co O: Import E: Export List of Led er Accounts Profit & Loss Alc Share Basic Share Expense Share HRA Share Party Share Purchase Share Salary Payable Share Sales Share Supplier Spike Income Spike Party Spike Party 2 Ul Party M: Share p: print x Create Show More Fl: Help Q: Date Company Ed: Contra Payment Receipt F-7: Journal Sales aaala to ru 756a- OLIO— acep 0670- Purchase FOLIO— Fl O: OåuVooctgs E: Autofill H: Change = Mode More Deta...
[keys] '{F2}' -> Tally 'TallyPrime:9000'
[shot] tds-204-J2-date-box (1024x768)
[15:46:24] [tds] screen tds-204-J2-date-box : TallyPrime MANAGE EDU K: Company Change Voucher Date Unity Quit Y: Data Z: Exchange A Accept Q Search O: Import E: Export M: Share p: print Fl: Help FinCom Spike Co Voucher Date 3-10-2026 aaala to ru 756a- OLIO— acep 0670- FOLIO— acep .337. -a30 ning bbb75 ing j _id" : 3-011' 0670- Mode Windows Server 2025 Datacenter Build 26100.ge_release240331-1435 3:46 PM 10/8/2026
[keys] '2-10-2026{ENTER}' -> Tally 'TallyPrime:9000'
[shot] tds-205-J2-date (1024x768)
[15:46:28] [tds] screen tds-205-J2-date : Y: Data 76 Unity TallyPrime MANAGE EDU K: Company Accounting Voucher Creation Journal No. 7 Particulars Narration: Quit Z: Exchange A Accept Q Search FinCom • ke Co O: Import E: Export List of Led er Accounts Profit & Loss Alc Share Basic Share Expense Share HRA Share Party Share Purchase Share Salary Payable Share Sales Share Supplier Spike Income Spike Party Spike Party 2 Ul Party M: Share p: print x Create Show More Fl: Help Q: Date Company Ed: Contra Payment Receipt F-7: Journal Sales aaala to ru 756a- OLIO— acep 0670- Purchase FOLIO— Fl O: OåuVooctgs E: Autofill H: Change = Mode More Deta...
[keys] 'Share Expense{ENTER}' -> Tally 'TallyPrime:9000'
[shot] tds-206-J2-row1 (1024x768)
[15:46:32] [tds] screen tds-206-J2-row1 : Y: Data 76 Unity TallyPrime MANAGE EDU K: Company Accounting Voucher Creation Journal No. 7 Particulars By Share Expense Z: Exchange A Accept Q Search O: Import E: Export FinCom • ke Co M: Share Debit p: print x 2-Oct-26 Friday Credit Fl: Help Q: Date Company Ed: Contra Payment Receipt F-7: Journal Sales aaala to ru 756a- OLIO— acep 0670- CurBal: 4,900.00 Dr Narration: Quit Purchase FOLIO— Fl O: OåuVooctgs E: Autofill H: Change = Mode More Details O: Related ¯ Repons Optional post -Dated J: Stat acep .337. -a30 ning bbb75 ing j _id" : 3-011' 0670- D: Delete x: Cancel Vch Adjustment El 2: Confi...
[shot] tds-207-J2-row1-a-sub1 (1024x768)
[15:46:33] [tds] screen tds-207-J2-row1-a-sub1 : Y: Data 76 Unity TallyPrime MANAGE EDU K: Company Accounting Voucher Creation Journal No. 7 Particulars By Share Expense Z: Exchange A Accept Q Search O: Import E: Export FinCom • ke Co M: Share Debit p: print x 2-Oct-26 Friday Credit Fl: Help Q: Date Company Ed: Contra Payment Receipt F-7: Journal Sales aaala to ru 756a- OLIO— acep 0670- CurBal: 4,900.00 Dr Narration: Quit Purchase FOLIO— Fl O: OåuVooctgs E: Autofill H: Change = Mode More Details O: Related ¯ Repons Optional post -Dated J: Stat acep .337. -a30 ning bbb75 ing j _id" : 3-011' 0670- D: Delete x: Cancel Vch Adjustment El 2: Confi...
[keys] '250{ENTER}' -> Tally 'TallyPrime:9000'
[shot] tds-208-J2-row1-amt (1024x768)
[15:46:37] [tds] screen tds-208-J2-row1-amt : TallyPrime MANAGE EDU K: Company Cost Centre Allocations Unity Quit Y: Data Z: Exchange O: Import E: Export M: Share p: print Fl: Help FinCom Spike Co Cost Allocations for : Share Expense Up to: 250.00 Dr Name of Cost Centre Ehare Em 1 A Accept Q Search Amount 250.00 250.00 aaala to ru 756a- OLIO— acep 0670- FOLIO— acep .337. -a30 ning bbb75 ing j _id" : 3-011' 0670- Mode Windows Server 2025 Datacenter Build 26100.ge_release240331-1435 3:46 PM 10/8/2026
[shot] tds-209-J2-row1-bills1 (1024x768)
[15:46:37] [tds] screen tds-209-J2-row1-bills1 : TallyPrime MANAGE EDU K: Company Cost Centre Allocations Unity Quit Y: Data Z: Exchange O: Import E: Export M: Share p: print Fl: Help FinCom Spike Co Cost Allocations for : Share Expense Up to: 250.00 Dr Name of Cost Centre Share Em 1 A Accept Q Search Amount 250.00 250.00 aaala to ru 756a- OLIO— acep 0670- FOLIO— acep .337. -a30 ning bbb75 ing j _id" : 3-011' 0670- Mode Windows Server 2025 Datacenter Build 26100.ge_release240331-1435 3:46 PM 10/8/2026
[shot] tds-210-J2-row1-b-sub1 (1024x768)
[15:46:38] [tds] screen tds-210-J2-row1-b-sub1 : TallyPrime MANAGE EDU K: Company Cost Centre Allocations Unity Quit Y: Data Z: Exchange O: Import E: Export M: Share p: print Fl: Help FinCom Spike Co Cost Allocations for : Share Expense Up to: 250.00 Dr Name of Cost Centre Share Em 1 A Accept Q Search Amount 250.00 250.00 aaala to ru 756a- OLIO— acep 0670- FOLIO— acep .337. -a30 ning bbb75 ing j _id" : 3-011' 0670- Mode Windows Server 2025 Datacenter Build 26100.ge_release240331-1435 3:46 PM 10/8/2026
[keys] '^a' -> Tally 'TallyPrime:9000'
[shot] tds-211-J2-row1-b-sub-accept (1024x768)
[15:46:42] [tds] screen tds-211-J2-row1-b-sub-accept : Y: Data 76 TallyPrime MANAGE EDU K: Company Accounting Voucher Creation Journal No. 7 Z: Exchange 250.00 Dr A Accept Q Search O: Import E: Export M: Share FinCom • ke Co • By Particulars Share Expense CurBal: 5,150.00 Dr Share Emp 1 Share Supplier CurBal: 3,450.00 Cr Debit 250.00 250.00 p: print x 2-Oct-26 Friday Credit 250.00 250.00 Fl: Help Q: Date Company Ed: Contra Payment Receipt F-7: Journal Sales aaala to ru 756a- OLIO— acep 0670- Purchase FOLIO— Fl O: OåuVooctgs E: Autofill H: Change = Mode More Details O: Related ¯ Repons Optional post -Dated J: Stat acep .337. -a30 ning bbb75 ing j _...
[shot] tds-212-J2-row1-b-sub2 (1024x768)
[15:46:43] [tds] screen tds-212-J2-row1-b-sub2 : Y: Data 76 TallyPrime MANAGE EDU K: Company Accounting Voucher Creation Journal No. 7 Z: Exchange 250.00 Dr A Accept Q Search O: Import E: Export M: Share FinCom • ke Co • By Particulars Share Expense CurBal: 5,150.00 Dr Share Emp 1 Share Supplier CurBal: 3,450.00 Cr Debit 250.00 250.00 p: print x 2-Oct-26 Friday Credit 250.00 250.00 Fl: Help Q: Date Company Ed: Contra Payment Receipt F-7: Journal Sales aaala to ru 756a- OLIO— acep 0670- Purchase FOLIO— Fl O: OåuVooctgs E: Autofill H: Change = Mode More Details O: Related ¯ Repons Optional post -Dated J: Stat acep .337. -a30 ning bbb75 ing j _...
[shot] tds-213-J2-row2-before (1024x768)
[15:46:44] [tds] screen tds-213-J2-row2-before : Y: Data 76 TallyPrime MANAGE EDU K: Company Accounting Voucher Creation Journal No. 7 Z: Exchange 250.00 Dr A Accept Q Search O: Import E: Export M: Share FinCom • ke Co • By To Particulars Share Expense CurBal: 5,150.00 Dr Share Emp 1 Share Supplier CurBal: 3,450.00 Cr Debit 250.00 250.00 p: print x 2-Oct-26 Friday Credit 250.00 250.00 Fl: Help Q: Date Company Ed: Contra Payment Receipt F-7: Journal Sales aaala to ru 756a- OLIO— acep 0670- Purchase FOLIO— Fl O: OåuVooctgs E: Autofill H: Change = Mode More Details O: Related ¯ Repons Optional post -Dated J: Stat acep .337. -a30 ning bbb75 ing ...
[keys] 'To{ENTER}' -> Tally 'TallyPrime:9000'
[shot] tds-214-J2-row2-to (1024x768)
[15:46:47] [tds] screen tds-214-J2-row2-to : Y: Data 76 TallyPrime MANAGE EDU K: Company Accounting Voucher Creation Journal No. 7 Z: Exchange 250.00 Dr A Accept Q Search FinCom • ke Co O: Import E: Export List of Led er Accounts Profit & Loss A/c Share Basic Share Expense Share HRA Share Party Share Purchase Share Salary Payable Share Sales Share Supplier Spike Income Spike Party Spike Party 2 Ul Party M: Share p: print x Create Show More • By To Particulars Share Expense CurBal: 5,150.00 Dr Share Emp 1 Share Su lier CurBal: 3,450.00 Cr Fl: Help Q: Date Company Ed: Contra Payment Receipt F-7: Journal Sales aaala to ru 756a- OLIO— acep 0...
[keys] 'Spike Income{ENTER}' -> Tally 'TallyPrime:9000'
[shot] tds-215-J2-row2 (1024x768)
[15:46:51] [tds] screen tds-215-J2-row2 : Y: Data 76 TallyPrime MANAGE EDU K: Company Accounting Voucher Creation Journal No. 7 Z: Exchange 250.00 Dr A Accept Q Search O: Import E: Export M: Share FinCom • ke Co • By To Particulars Share Expense CurBal: 5,150.00 Dr Share Emp 1 Spike Income CurBal: 5,950.00 Cr Debit 250.00 250.00 p: print x 2-Oct-26 Friday Credit 250.00 250.00 Fl: Help Q: Date Company Ed: Contra Payment Receipt F-7: Journal Sales aaala to ru 756a- OLIO— acep 0670- Purchase FOLIO— Fl O: OåuVooctgs E: Autofill H: Change = Mode More Details O: Related ¯ Repons Optional post -Dated J: Stat acep .337. -a30 ning bbb75 ing j ...
[shot] tds-216-J2-row2-a-sub1 (1024x768)
[15:46:51] [tds] screen tds-216-J2-row2-a-sub1 : Y: Data 76 TallyPrime MANAGE EDU K: Company Accounting Voucher Creation Journal No. 7 Z: Exchange 250.00 Dr A Accept Q Search O: Import E: Export M: Share FinCom • ke Co • By To Particulars Share Expense CurBal: 5,150.00 Dr Share Emp 1 Spike Income CurBal: 5,950.00 Cr Debit 250.00 250.00 p: print x 2-Oct-26 Friday Credit 250.00 250.00 Fl: Help Q: Date Company Ed: Contra Payment Receipt F-7: Journal Sales aaala to ru 756a- OLIO— acep 0670- Purchase FOLIO— Fl O: OåuVooctgs E: Autofill H: Change = Mode More Details O: Related ¯ Repons Optional post -Dated J: Stat acep .337. -a30 ning bbb75 ing j ...
[keys] '{ENTER}' -> Tally 'TallyPrime:9000'
[shot] tds-217-J2-row2-amt (1024x768)
[15:46:55] [tds] screen tds-217-J2-row2-amt : TallyPrime MANAGE EDU K: Company Cost Centre Allocations Unity Quit Y: Data Z: Exchange O: Import E: Export M: Share p: print Fl: Help FinCom Spike Co Cost Allocations for : Spike Income Up to: 250.00 cr Name of Cost Centre Ehare Em 1 A Accept Q Search Amount 250.00 250.00 aaala to ru 756a- OLIO— acep 0670- FOLIO— acep .337. -a30 ning bbb75 ing j _id" : 3-011' 0670- Mode Windows Server 2025 Datacenter Build 26100.ge_release240331-1435 3:46 PM 10/8/2026
[shot] tds-218-J2-row2-bills1 (1024x768)
[15:46:56] [tds] screen tds-218-J2-row2-bills1 : TallyPrime MANAGE EDU K: Company Cost Centre Allocations Unity Quit Y: Data Z: Exchange O: Import E: Export M: Share p: print Fl: Help FinCom Spike Co Cost Allocations for : Spike Income Up to: 250.00 cr Name of Cost Centre Ehare Em 1 A Accept Q Search Amount 250.00 250.00 aaala to ru 756a- OLIO— acep 0670- FOLIO— acep .337. -a30 ning bbb75 ing j _id" : 3-011' 0670- Mode Windows Server 2025 Datacenter Build 26100.ge_release240331-1435 3:46 PM 10/8/2026
[shot] tds-219-J2-row2-b-sub1 (1024x768)
[15:46:57] [tds] screen tds-219-J2-row2-b-sub1 : TallyPrime MANAGE EDU K: Company Cost Centre Allocations Unity Quit Y: Data Z: Exchange O: Import E: Export M: Share p: print Fl: Help FinCom Spike Co Cost Allocations for : Spike Income Up to: 250.00 cr Name of Cost Centre Share Em 1 A Accept Q Search Amount 250.00 250.00 aaala to ru 756a- OLIO— acep 0670- FOLIO— acep .337. -a30 ning bbb75 ing j _id" : 3-011' 0670- Mode Windows Server 2025 Datacenter Build 26100.ge_release240331-1435 3:46 PM 10/8/2026
[keys] '^a' -> Tally 'TallyPrime:9000'
[shot] tds-220-J2-row2-b-sub-accept (1024x768)
[15:47:00] [tds] screen tds-220-J2-row2-b-sub-accept : Y: Data 76 TallyPrime MANAGE EDU K: Company Accounting Voucher Creation Journal No. 7 Z: Exchange 250.00 Dr 250.00 Cr Accept Q Search O: Import E: Export M: Share FinCom • ke Co • By To Particulars Share Expense CurBal: 5,150.00 Dr Share Emp 1 Spike Income CurBal: 5,950.00 Cr Share Emp 1 Debit 250.00 250.00 p: print x 2-Oct-26 Friday Credit 250.00 250.00 Fl: Help Q: Date Company Ed: Contra Payment Receipt F-7: Journal Sales aaala to ru 756a- OLIO— acep 0670- Purchase FOLIO— Fl O: OåuVooctgs E: Autofill H: Change = Mode More Details O: Related ¯ Repons Optional post -Dated J: Stat acep .337. -a...
[shot] tds-221-J2-row2-b-sub2 (1024x768)
[15:47:01] [tds] screen tds-221-J2-row2-b-sub2 : Y: Data 76 TallyPrime MANAGE EDU K: Company Accounting Voucher Creation Journal No. 7 Z: Exchange 250.00 Dr 250.00 Cr Accept Q Search O: Import E: Export M: Share FinCom • ke Co • By To Particulars Share Expense CurBal: 5,150.00 Dr Share Emp 1 Spike Income CurBal: 5,950.00 Cr Share Emp 1 Debit 250.00 250.00 p: print x 2-Oct-26 Friday Credit 250.00 250.00 Fl: Help Q: Date Company Ed: Contra Payment Receipt F-7: Journal Sales aaala to ru 756a- OLIO— acep 0670- Purchase FOLIO— Fl O: OåuVooctgs E: Autofill H: Change = Mode More Details O: Related ¯ Repons Optional post -Dated J: Stat acep .337. -a...
[shot] tds-222-J2-last-row (1024x768)
[15:47:02] [tds] screen tds-222-J2-last-row : Y: Data 76 TallyPrime MANAGE EDU K: Company Accounting Voucher Creation Journal No. 7 Z: Exchange 250.00 Dr 250.00 Cr Accept Q Search O: Import E: Export M: Share FinCom • ke Co • By To Particulars Share Expense CurBal: 5,150.00 Dr Share Emp 1 Spike Income CurBal: 5,950.00 Cr Share Emp 1 Debit 250.00 250.00 p: print x 2-Oct-26 Friday Credit 250.00 250.00 Fl: Help Q: Date Company Ed: Contra Payment Receipt F-7: Journal Sales aaala to ru 756a- OLIO— acep 0670- Purchase FOLIO— Fl O: OåuVooctgs E: Autofill H: Change = Mode More Details O: Related ¯ Repons Optional post -Dated J: Stat acep .337. -a...
[keys] '^a' -> Tally 'TallyPrime:9000'
[shot] tds-223-J2-accept1 (1024x768)
[15:47:06] [tds] screen tds-223-J2-accept1 : Y: Data 76 Unity TallyPrime MANAGE EDU K: Company Accounting Voucher Creation Journal Particulars Narration: Quit Z: Exchange A Accept Q Search FinCom • ke Co O: Import E: Export List of Led er Accounts Profit & Loss Alc Share Basic Share Expense Share HRA Share Party Share Purchase Share Salary Payable Share Sales Share Supplier Spike Income Spike Party Spike Party 2 Ul Party M: Share p: print x Create Show More Fl: Help Q: Date Company Ed: Contra Payment Receipt F-7: Journal Sales aaala to ru 756a- OLIO— acep 0670- Purchase FOLIO— Fl O: OåuVooctgs E: Autofill H: Change = Mode More Details O:...
[shot] tds-224-J2-after1 (1024x768)
[15:47:07] [tds] screen tds-224-J2-after1 : Y: Data 76 Unity TallyPrime MANAGE EDU K: Company Accounting Voucher Creation Journal Particulars Narration: Quit Z: Exchange A Accept Q Search FinCom • ke Co O: Import E: Export List of Led er Accounts Profit & Loss Alc Share Basic Share Expense Share HRA Share Party Share Purchase Share Salary Payable Share Sales Share Supplier Spike Income Spike Party Spike Party 2 Ul Party M: Share p: print x Create Show More Fl: Help Q: Date Company Ed: Contra Payment Receipt F-7: Journal Sales aaala to ru 756a- OLIO— acep 0670- Purchase FOLIO— Fl O: OåuVooctgs E: Autofill H: Change = Mode More Details O:...
[keys] '^a' -> Tally 'TallyPrime:9000'
[shot] tds-225-J2-accept2 (1024x768)
[15:47:12] [tds] screen tds-225-J2-accept2 : Y: Data 76 Unity TallyPrime MANAGE EDU K: Company Accounting Voucher Creation Journal Particulars By Profit & Loss Alc Z: Exchange A Accept Q Search O: Import E: Export FinCom • ke Co M: Share Debit p: print x 2-Oct-26 Friday Credit Fl: Help Q: Date Company Ed: Contra Payment Receipt F-7: Journal Sales aaala to ru 756a- OLIO— acep 0670- CurBal: 6,700.00 Dr Narration: Quit Purchase FOLIO— Fl O: OåuVooctgs E: Autofill H: Change = Mode More Details O: Related ¯ Repons Optional post -Dated J: Stat acep .337. -a30 ning bbb75 ing j _id" : 3-011' 0670- D: Delete x: Cancel Vch Adjustment El 2: Configu...
[shot] tds-226-J2-after2 (1024x768)
[15:47:13] [tds] screen tds-226-J2-after2 : Y: Data 76 Unity TallyPrime MANAGE EDU K: Company Accounting Voucher Creation Journal Particulars By Profit & Loss Alc Z: Exchange A Accept Q Search O: Import E: Export FinCom • ke Co M: Share Debit p: print x 2-Oct-26 Friday Credit Fl: Help Q: Date Company Ed: Contra Payment Receipt F-7: Journal Sales aaala to ru 756a- OLIO— acep 0670- CurBal: 6,700.00 Dr Narration: Quit Purchase FOLIO— Fl O: OåuVooctgs E: Autofill H: Change = Mode More Details O: Related ¯ Repons Optional post -Dated J: Stat acep .337. -a30 ning bbb75 ing j _id" : 3-011' 0670- D: Delete x: Cancel Vch Adjustment El 2: Configu...
[keys] '^a' -> Tally 'TallyPrime:9000'
[shot] tds-227-J2-accept3 (1024x768)
[15:47:17] [tds] screen tds-227-J2-accept3 : Y: Data 76 Unity TallyPrime MANAGE EDU K: Company Accounting Voucher Creation Journal Particulars By Profit & Loss Alc Z: Exchange A Accept Q Search O: Import E: Export FinCom • ke Co M: Share Debit p: print x 2-Oct-26 Friday Credit Fl: Help Q: Date Company Ed: Contra Payment Receipt F-7: Journal Sales aaala to ru 756a- OLIO— acep 0670- CurBal: 6,700.00 Dr Narration: Quit Purchase FOLIO— Fl O: OåuVooctgs E: Autofill H: Change = Mode More Details O: Related ¯ Repons Optional post -Dated J: Stat acep .337. -a30 ning bbb75 ing j _id" : 3-011' 0670- D: Delete x: Cancel Vch Adjustment El 2: Configu...
[shot] tds-228-J2-after3 (1024x768)
[15:47:18] [tds] screen tds-228-J2-after3 : Y: Data 76 Unity TallyPrime MANAGE EDU K: Company Accounting Voucher Creation Journal Particulars By Profit & Loss Alc Z: Exchange A Accept Q Search O: Import E: Export FinCom • ke Co M: Share Debit p: print x 2-Oct-26 Friday Credit Fl: Help Q: Date Company Ed: Contra Payment Receipt F-7: Journal Sales aaala to ru 756a- OLIO— acep 0670- CurBal: 6,700.00 Dr Narration: Quit Purchase FOLIO— Fl O: OåuVooctgs E: Autofill H: Change = Mode More Details O: Related ¯ Repons Optional post -Dated J: Stat acep .337. -a30 ning bbb75 ing j _id" : 3-011' 0670- D: Delete x: Cancel Vch Adjustment El 2: Configu...
[keys] '^a' -> Tally 'TallyPrime:9000'
[shot] tds-229-J2-accept4 (1024x768)
[15:47:23] [tds] screen tds-229-J2-accept4 : Y: Data 76 Unity TallyPrime MANAGE EDU K: Company Accounting Voucher Creation Journal Particulars By Profit & Loss Alc Z: Exchange A Accept Q Search O: Import E: Export FinCom • ke Co M: Share Debit p: print x 2-Oct-26 Friday Credit Fl: Help Q: Date Company Ed: Contra Payment Receipt F-7: Journal Sales aaala to ru 756a- OLIO— acep 0670- CurBal: 6,700.00 Dr Narration: Quit Purchase FOLIO— Fl O: OåuVooctgs E: Autofill H: Change = Mode More Details O: Related ¯ Repons Optional post -Dated J: Stat acep .337. -a30 ning bbb75 ing j _id" : 3-011' 0670- D: Delete x: Cancel Vch Adjustment El 2: Configu...
[shot] tds-230-J2-after4 (1024x768)
[15:47:24] [tds] screen tds-230-J2-after4 : Y: Data 76 Unity TallyPrime MANAGE EDU K: Company Accounting Voucher Creation Journal Particulars By Profit & Loss Alc Z: Exchange A Accept Q Search O: Import E: Export FinCom • ke Co M: Share Debit p: print x 2-Oct-26 Friday Credit Fl: Help Q: Date Company Ed: Contra Payment Receipt F-7: Journal Sales aaala to ru 756a- OLIO— acep 0670- CurBal: 6,700.00 Dr Narration: Quit Purchase FOLIO— Fl O: OåuVooctgs E: Autofill H: Change = Mode More Details O: Related ¯ Repons Optional post -Dated J: Stat acep .337. -a30 ning bbb75 ing j _id" : 3-011' 0670- D: Delete x: Cancel Vch Adjustment El 2: Configu...
[shot] tds-231-gw0 (1024x768)
[15:47:25] [tds] screen tds-231-gw0 : Y: Data 76 Unity TallyPrime MANAGE EDU K: Company Accounting Voucher Creation Journal Particulars By Profit & Loss Alc Z: Exchange A Accept Q Search O: Import E: Export FinCom • ke Co M: Share Debit p: print x 2-Oct-26 Friday Credit Fl: Help Q: Date Company Ed: Contra Payment Receipt F-7: Journal Sales aaala to ru 756a- OLIO— acep 0670- CurBal: 6,700.00 Dr Narration: Quit Purchase FOLIO— Fl O: OåuVooctgs E: Autofill H: Change = Mode More Details O: Related ¯ Repons Optional post -Dated J: Stat acep .337. -a30 ning bbb75 ing j _id" : 3-011' 0670- D: Delete x: Cancel Vch Adjustment El 2: Configu...
[keys] '{ESC}' -> Tally 'TallyPrime:9000'
[shot] tds-232-gw1 (1024x768)
[15:47:28] [tds] screen tds-232-gw1 : Y: Data 76 Unity TallyPrime MANAGE EDU K: Company Accounting Voucher Creation Journal Particulars By Profit & Loss Alc Z: Exchange FinCom A: Accept Q Search O: Import E: Export M: Share Debit CurBal: 6,700.00 Dr Narration: Q: Quit p: print x 2-Oct-26 Friday Credit Quit o Yes or No Fl: Help F-2: Date F-3: Company F-4: Contra F-5: Payment F-6: Receipt F-7: Journal F-9: Purchase PIO: E: Autofill H: Change = Mode I: More - Details O: Related ¯ Repons L: Optional T: post = -Dated J: Stat aaala to ru 756a- OLIO— acep 0670- FOLIO— acep .337. -a30 ning bbb75 ing j _id" : 3-011' 0670- D: Delete X: Canc...
[keys] 'y' -> Tally 'TallyPrime:9000'
[shot] tds-233-gw2 (1024x768)
[15:47:32] [tds] screen tds-233-gw2 : TallyPrime MANAGE EDU K: Company Gatewa of Tall CURRENT PERIOD I-Apr-26 to 31-Mar-27 NAME OF COMPANY FinCom Spike Co Y: Data Z: Exchange O: Import E: Export M: Share p: print Fl: Help Date aaala Q CURRENT OATE Friday, 2-Oct-2026 2-Oct-26 Search Gateway of Tally MASTERS Create Alter CHart of Accounts TRANSACTIONS Vouchers Day 800K UTILITIES BaNking REPORTS Balance Sheet Profit & Loss A/c Stock Summary Ratio Analysis Display More Reports DashbOard Quit Unity Company to ru 756a- OLIO— acep 0670- FOLIO— acep .337. -a30 ning bbb75 ing j _id" : 3-011' 0670- Mode Windows Server 2025 Datacenter Build ...
  voucher mid=1 aid=1 Journal/1/20260401 guid=a381c3ad-1c49-482a-8d4f-cb1da1df58a6-00000001 cancelled=False
  voucher mid=2 aid=2 Journal/2/20261001 guid=a381c3ad-1c49-482a-8d4f-cb1da1df58a6-00000002 cancelled=False
  voucher mid=3 aid=3 Journal/3/20261001 guid=a381c3ad-1c49-482a-8d4f-cb1da1df58a6-00000003 cancelled=False
  voucher mid=4 aid=4 Journal/4/20261001 guid=a381c3ad-1c49-482a-8d4f-cb1da1df58a6-00000004 cancelled=False
  voucher mid=5 aid=5 Journal/5/20261001 guid=a381c3ad-1c49-482a-8d4f-cb1da1df58a6-00000005 cancelled=False
  voucher mid=6 aid=6 Payroll/1/20261001 guid=a381c3ad-1c49-482a-8d4f-cb1da1df58a6-00000006 cancelled=False
  voucher mid=7 aid=7 Receipt/1/20261002 guid=a381c3ad-1c49-482a-8d4f-cb1da1df58a6-00000007 cancelled=False
  voucher mid=8 aid=8 Receipt/2/20261002 guid=a381c3ad-1c49-482a-8d4f-cb1da1df58a6-00000008 cancelled=False
  voucher mid=9 aid=9 Payment/1/20261002 guid=a381c3ad-1c49-482a-8d4f-cb1da1df58a6-00000009 cancelled=False
  voucher mid=10 aid=10 Payment/2/20261002 guid=a381c3ad-1c49-482a-8d4f-cb1da1df58a6-0000000a cancelled=False
  voucher mid=11 aid=11 Contra/1/20261002 guid=a381c3ad-1c49-482a-8d4f-cb1da1df58a6-0000000b cancelled=False
  voucher mid=12 aid=12 Journal/6/20261002 guid=a381c3ad-1c49-482a-8d4f-cb1da1df58a6-0000000c cancelled=False
  voucher mid=13 aid=13 Journal/7/20261002 guid=a381c3ad-1c49-482a-8d4f-cb1da1df58a6-0000000d cancelled=False
  INFO share journal-plain (journal with no party (Share Expense Dr / Spike Income Cr)): Tally Journal 7 mid 13; stored party '' bills []; the line party '' bills []; lines voucher_accept_post x1, voucher_full x1
[15:47:35] ---- share sales-new: sales item invoice, New Ref bill (SI-1)
  voucher mid=1 aid=1 Journal/1/20260401 guid=a381c3ad-1c49-482a-8d4f-cb1da1df58a6-00000001 cancelled=False
  voucher mid=2 aid=2 Journal/2/20261001 guid=a381c3ad-1c49-482a-8d4f-cb1da1df58a6-00000002 cancelled=False
  voucher mid=3 aid=3 Journal/3/20261001 guid=a381c3ad-1c49-482a-8d4f-cb1da1df58a6-00000003 cancelled=False
  voucher mid=4 aid=4 Journal/4/20261001 guid=a381c3ad-1c49-482a-8d4f-cb1da1df58a6-00000004 cancelled=False
  voucher mid=5 aid=5 Journal/5/20261001 guid=a381c3ad-1c49-482a-8d4f-cb1da1df58a6-00000005 cancelled=False
  voucher mid=6 aid=6 Payroll/1/20261001 guid=a381c3ad-1c49-482a-8d4f-cb1da1df58a6-00000006 cancelled=False
  voucher mid=7 aid=7 Receipt/1/20261002 guid=a381c3ad-1c49-482a-8d4f-cb1da1df58a6-00000007 cancelled=False
  voucher mid=8 aid=8 Receipt/2/20261002 guid=a381c3ad-1c49-482a-8d4f-cb1da1df58a6-00000008 cancelled=False
  voucher mid=9 aid=9 Payment/1/20261002 guid=a381c3ad-1c49-482a-8d4f-cb1da1df58a6-00000009 cancelled=False
  voucher mid=10 aid=10 Payment/2/20261002 guid=a381c3ad-1c49-482a-8d4f-cb1da1df58a6-0000000a cancelled=False
  voucher mid=11 aid=11 Contra/1/20261002 guid=a381c3ad-1c49-482a-8d4f-cb1da1df58a6-0000000b cancelled=False
  voucher mid=12 aid=12 Journal/6/20261002 guid=a381c3ad-1c49-482a-8d4f-cb1da1df58a6-0000000c cancelled=False
  voucher mid=13 aid=13 Journal/7/20261002 guid=a381c3ad-1c49-482a-8d4f-cb1da1df58a6-0000000d cancelled=False
[shot] tds-234-gw0 (1024x768)
[15:47:36] [tds] screen tds-234-gw0 : TallyPrime MANAGE EDU K: Company Gatewa of Tall CURRENT PERIOD I-Apr-26 to 31-Mar-27 NAME OF COMPANY FinCom Spike Co Y: Data Z: Exchange O: Import E: Export M: Share p: print Fl: Help Date aaala Q CURRENT OATE Friday, 2-Oct-2026 2-Oct-26 Search Gateway of Tally MASTERS Create Alter CHart of Accounts TRANSACTIONS Vouchers Day 800K UTILITIES BaNking REPORTS Balance Sheet Profit & Loss A/c Stock Summary Ratio Analysis Display More Reports DashbOard Quit Unity Company to ru 756a- OLIO— acep 0670- FOLIO— acep .337. -a30 ning bbb75 ing j _id" : 3-011' 0670- Mode Windows Server 2025 Datacenter Build ...
[shot] tds-235-S1-start (1024x768)
[15:47:36] [tds] screen tds-235-S1-start : TallyPrime MANAGE EDU K: Company Gatewa of Tall CURRENT PERIOD I-Apr-26 to 31-Mar-27 NAME OF COMPANY FinCom Spike Co Y: Data Z: Exchange O: Import E: Export M: Share p: print Fl: Help Date aaala Q CURRENT OATE Friday, 2-Oct-2026 2-Oct-26 Search Gateway of Tally MASTERS Create Alter CHart of Accounts TRANSACTIONS Vouchers Day 800K UTILITIES BaNking REPORTS Balance Sheet Profit & Loss A/c Stock Summary Ratio Analysis Display More Reports DashbOard Quit Unity Company to ru 756a- OLIO— acep 0670- FOLIO— acep .337. -a30 ning bbb75 ing j _id" : 3-011' 0670- Mode Windows Server 2025 Datacenter Build ...
[keys] 'v' -> Tally 'TallyPrime:9000'
[shot] tds-236-S1-vouchers (1024x768)
[15:47:41] [tds] screen tds-236-S1-vouchers : Y: Data 76 Unity TallyPrime MANAGE EDU K: Company Accounting Voucher Creation Journal Particulars Narration: Quit Z: Exchange A Accept Q Search FinCom • ke Co O: Import E: Export List of Led er Accounts Profit & Loss Alc Share Basic Share Expense Share HRA Share Party Share Purchase Share Salary Payable Share Sales Share Supplier Spike Income Spike Party Spike Party 2 Ul Party M: Share p: print x Create Show More Fl: Help Q: Date Company Ed: Contra Payment Receipt F-7: Journal Sales aaala to ru 756a- OLIO— acep 0670- Purchase FOLIO— Fl O: OåuVooctgs E: Autofill H: Change = Mode More Details O:...
[keys] '{F8}' -> Tally 'TallyPrime:9000'
[shot] tds-237-S1-type (1024x768)
[15:47:45] [tds] screen tds-237-S1-type : TallyPrime MANAGE EDU K: Company Accounting Voucher Creation 76 Sales Party Alc narne. Current balance: Sales ledger: • Current balance: Name of Item Narration: Unity Quit Y: Data Z: Exchange A Accept Q Search FinCom • ke Co O: Import E: Export List of Led er Accounts Cash Share Bank Share Party Share Supplier Spike Party Spike Party 2 Ul Party M: Share p: print x Create Fl: Help Date aaala Company to ru F4: Contra F5: Payment Receipt Journal F8: Sales 756a- OLIO— acep 0670- FOLIO— Purchase • Fl 0: 0åHVouctg•s F: Autofill Change Mode More Details o: L: Related Reports Optional post -Dated acep...
[keys] '^h' -> Tally 'TallyPrime:9000'
[shot] tds-238-S1-mode (1024x768)
[15:47:48] [tds] screen tds-238-S1-mode : TallyPrime MANAGE EDU K: Company Change Mode Unity Quit Y: Data Z: Exchange O: Import E: Export M: Share p: print Fl: Help FinCom • ke Co Change Voucher Mode Item Invoice List of Modes/Usa es Item Invoice Accounting Invoice As Voucher A Accept Q Search aaala to ru 756a- OLIO— acep 0670- FOLIO— acep .337. -a30 ning bbb75 ing j _id" : 3-011' 0670- Mode Windows Server 2025 Datacenter Build 26100.ge_release240331-1435 3:47 PM 10/8/2026
[keys] 'Item Invoice{ENTER}' -> Tally 'TallyPrime:9000'
[shot] tds-239-S1-item-mode (1024x768)
[15:47:52] [tds] screen tds-239-S1-item-mode : TallyPrime MANAGE EDU K: Company Accounting Voucher Creation 76 Sales Party Alc narne. Current balance: Sales ledger: • Current balance: Name of Item Narration: Unity Quit Y: Data Z: Exchange A Accept Q Search FinCom • ke Co O: Import E: Export List of Led er Accounts Cash Share Bank Share Party Share Supplier Spike Party Spike Party 2 Ul Party M: Share p: print x Create Fl: Help Date aaala Company to ru F4: Contra F5: Payment Receipt Journal F8: Sales 756a- OLIO— acep 0670- FOLIO— Purchase • Fl 0: 0åHVouctg•s F: Autofill Change Mode More Details o: L: Related Reports Optional post -Dated acep...
[keys] '{F2}' -> Tally 'TallyPrime:9000'
[shot] tds-240-S1-date-box (1024x768)
[15:47:55] [tds] screen tds-240-S1-date-box : TallyPrime MANAGE EDU K: Company Change Voucher Date Unity Quit Y: Data Z: Exchange A Accept Q Search O: Import E: Export M: Share p: print Fl: Help FinCom Spike Co Voucher Date 3-10-2026 aaala to ru 756a- OLIO— acep 0670- FOLIO— acep .337. -a30 ning bbb75 ing j _id" : 3-011' 0670- Mode Windows Server 2025 Datacenter Build 26100.ge_release240331-1435 3:47 PM 10/8/2026
[keys] '2-10-2026{ENTER}' -> Tally 'TallyPrime:9000'
[shot] tds-241-S1-date (1024x768)
[15:47:59] [tds] screen tds-241-S1-date : TallyPrime MANAGE EDU K: Company Accounting Voucher Creation 76 Sales Party Alc narne. Current balance: Sales ledger: • Current balance: Name of Item Narration: Unity Quit Y: Data Z: Exchange A Accept Q Search FinCom • ke Co O: Import E: Export List of Led er Accounts Cash Share Bank Share Party Share Supplier Spike Party Spike Party 2 Ul Party M: Share p: print x Create Fl: Help Date aaala Company to ru F4: Contra F5: Payment Receipt Journal F8: Sales 756a- OLIO— acep 0670- FOLIO— Purchase • Fl 0: 0åHVouctg•s F: Autofill Change Mode More Details o: L: Related Reports Optional post -Dated acep...
[keys] 'Share Party{ENTER}' -> Tally 'TallyPrime:9000'
[shot] tds-242-S1-party (1024x768)
[15:48:03] [tds] screen tds-242-S1-party : R CEDU Details TallyPrime MANAGE K: Company Y: Data Z: Exchange Accept Q Search O: Import E: Export M: Share p: print Fl: Help x Delivery Note No(s) FinCom Spike Co Dispatch Details Dispatch Doc No. Dispatched through Destination Carrier Name/Agent Bill of No. Motor Vehicle No. Date: Unity Quit aaala to ru 756a- OLIO— acep 0670- FOLIO— acep .337. -a30 ning bbb75 ing j _id" : 3-011' 0670- Mode Windows Server 2025 Datacenter Build 26100.ge_release240331-1435 3:48 PM 10/8/2026
[shot] tds-243-S1-party-sub1 (1024x768)
[15:48:04] [tds] screen tds-243-S1-party-sub1 : R CEDU Details TallyPrime MANAGE K: Company Y: Data Z: Exchange Accept Q Search O: Import E: Export M: Share p: print Fl: Help x Delivery Note No(s) FinCom Spike Co Dispatch Details Dispatch Doc No. Dispatched through Destination Carrier Name/Agent Bill of No. Motor Vehicle No. Date: Unity Quit aaala to ru 756a- OLIO— acep 0670- FOLIO— acep .337. -a30 ning bbb75 ing j _id" : 3-011' 0670- Mode Windows Server 2025 Datacenter Build 26100.ge_release240331-1435 3:48 PM 10/8/2026
[keys] '^a' -> Tally 'TallyPrime:9000'
[shot] tds-244-S1-party-sub-accept (1024x768)
[15:48:08] [tds] screen tds-244-S1-party-sub-accept : TallyPrime MANAGE EDU K: Company Details Unity E: Export Y: Data Z: Exchange O: Import M: Share p: print Buyer (Bill to) Mailing Name Address State Country GST Registration type GSTIN/UIN Place of Supply Accept A: Q Search FinCom Spike co Party Details List of Led er Accounts Share Party Share Supplier Spike Party Spike Party 2 IJI Party Create New Party Fl: Help Fetch L: Details Using aaal to r 756a +01.1 ace 067 race .337. -a3 ning bbb75 GSTIN/UIN ing _ id " : 3-01" 0670- ly Configure Fl 2: Mode Windows Server 2025 Datacentet Build 26100.ge_release240331-1435 3:48 PM eo r-=f 10/8/2026
[shot] tds-245-S1-party-sub2 (1024x768)
[15:48:09] [tds] screen tds-245-S1-party-sub2 : TallyPrime MANAGE EDU K: Company Details Unity E: Export Y: Data Z: Exchange O: Import M: Share p: print Buyer (Bill to) Mailing Name Address State Country GST Registration type GSTIN/UIN Place of Supply Accept A: Q Search FinCom Spike co Party Details List of Led er Accounts Share Party Share Supplier Spike Party Spike Party 2 IJI Party Create New Party Fl: Help Fetch L: Details Using aaal to r 756a +01.1 ace 067 race .337. -a3 ning bbb75 GSTIN/UIN ing _ id " : 3-01" 0670- ly Configure Fl 2: Mode Windows Server 2025 Datacentet Build 26100.ge_release240331-1435 3:48 PM eo r-=f 10/8/2026
[keys] '^a' -> Tally 'TallyPrime:9000'
[shot] tds-246-S1-party-sub-accept (1024x768)
[15:48:12] [tds] screen tds-246-S1-party-sub-accept : Y: Data 76 TallyPrime MANAGE EDU K: Company Accounting Voucher Creation Sales Z: Exchange A Accept Q Search FinCom • ke Co O: Import E: Export List of Led er Accounts Share Sales M: Share p: print x Create Show More Fl: Help Date aaala Company to ru Party A/c narne: Share Party Currentbalance: 3,500.00 Dr Sales ledger: • Current balance: Name of Item Narration: Quit F4: Contra F5: Payment Receipt Journal F8: Sales 756a- OLIO— acep 0670- FOLIO— Purchase • Fl 0: 0åHVouctg•s F: Autofill Change Mode More Details o: L: Related Reports Optional post -Dated acep .337. -a30 ning bbb75 ing j _id" : 3-0...
[shot] tds-247-S1-party-sub3 (1024x768)
[15:48:13] [tds] screen tds-247-S1-party-sub3 : Y: Data 76 TallyPrime MANAGE EDU K: Company Accounting Voucher Creation Sales Z: Exchange A Accept Q Search FinCom • ke Co O: Import E: Export List of Led er Accounts Share Sales M: Share p: print x Create Show More Fl: Help Date aaala Company to ru Party A/c narne: Share Party Currentbalance: 3,500.00 Dr Sales ledger: • Current balance: Name of Item Narration: Quit F4: Contra F5: Payment Receipt Journal F8: Sales 756a- OLIO— acep 0670- FOLIO— Purchase • Fl 0: 0åHVouctg•s F: Autofill Change Mode More Details o: L: Related Reports Optional post -Dated acep .337. -a30 ning bbb75 ing j _id" : 3-0...
[keys] 'Share Sales{ENTER}' -> Tally 'TallyPrime:9000'
[shot] tds-248-S1-ledger (1024x768)
[15:48:17] [tds] screen tds-248-S1-ledger : TallyPrime MANAGE EDU K: Company Accounting Voucher Creation Sales Y: Data 76 Ch Z: Exchange A Accept Q Search FinCom • ke Co O: Import Quantity E: Export Rate M: Share per p: print 2-Oct-26 Friday Amount Fl: Help Date aaala Company to ru Party A/c narne: Share Party Currentbalance: 3,500.00 Dr Sales ledger: Share Sales • Current balance: Name of Item Narration: Quit F4: Contra F5: Payment Receipt Journal F8: Sales 756a- OLIO— acep 0670- FOLIO— Purchase • Fl 0: 0åHVouctg•s F: Autofill Change Mode More Details o: L: Related Reports Optional post -Dated acep .337. -a30 ning bbb75 ing j _id" : 3-...
[keys] 'Share Item{ENTER}' -> Tally 'TallyPrime:9000'
[shot] tds-249-S1-item (1024x768)
[15:48:21] [tds] screen tds-249-S1-item : Y: Data 76 TallyPrime MANAGE EDU K: Company Accounting Voucher Creation Sales Z: Exchange A Accept Q Search FinCom • ke Co O: Import Quantity E: Export Rate M: Share per p: print 2-Oct-26 Friday Amount Fl: Help Date aaala Company to ru Party A/c narne: Share Party Currentbalance: 3,500.00 Dr Sales ledger: Share Sales • Current balance: Name of Item Share Item Narration: Quit F4: Contra F5: Payment Receipt Journal F8: Sales 756a- OLIO— acep 0670- FOLIO— Purchase • Fl 0: 0åHVouctg•s F: Autofill Change Mode More Details o: L: Related Reports Optional post -Dated acep .337. -a30 ning bbb75 ing j _...
[shot] tds-250-S1-item-sub1 (1024x768)
[15:48:22] [tds] screen tds-250-S1-item-sub1 : Y: Data 76 TallyPrime MANAGE EDU K: Company Accounting Voucher Creation Sales Z: Exchange A Accept Q Search FinCom • ke Co O: Import Quantity E: Export Rate M: Share per p: print 2-Oct-26 Friday Amount Fl: Help Date aaala Company to ru Party A/c narne: Share Party Currentbalance: 3,500.00 Dr Sales ledger: Share Sales • Current balance: Name of Item Share Item Narration: Quit F4: Contra F5: Payment Receipt Journal F8: Sales 756a- OLIO— acep 0670- FOLIO— Purchase • Fl 0: 0åHVouctg•s F: Autofill Change Mode More Details o: L: Related Reports Optional post -Dated acep .337. -a30 ning bbb75 ing j _...
[keys] '2{ENTER}' -> Tally 'TallyPrime:9000'
[shot] tds-251-S1-qty (1024x768)
[15:48:25] [tds] screen tds-251-S1-qty : Y: Data 76 TallyPrime MANAGE EDU K: Company Accounting Voucher Creation Sales Z: Exchange A Accept Q Search FinCom • ke Co O: Import Quantity 2 Nos 2 Nos E: Export Rate M: Share per p: print 2-Oct-26 Friday Amount Fl: Help Date aaala Company to ru Party A/c narne: Share Party Currentbalance: 3,500.00 Dr Sales ledger: Share Sales • Current balance: Name of Item Share Item Narration: Quit F4: Contra F5: Payment Receipt Journal F8: Sales 756a- OLIO— acep 0670- FOLIO— Purchase • Fl 0: 0åHVouctg•s F: Autofill Change Mode More Details o: L: Related Reports Optional post -Dated acep .337. -a30 ning b...
[keys] '100{ENTER}' -> Tally 'TallyPrime:9000'
[shot] tds-252-S1-rate (1024x768)
[15:48:28] [tds] screen tds-252-S1-rate : Y: Data 76 TallyPrime MANAGE EDU K: Company Accounting Voucher Creation Sales Z: Exchange A Accept Q Search FinCom • ke Co O: Import Quantity 2 Nos 2 Nos E: Export Rate 100.00 M: Share per Nos p: print 2-Oct-26 Friday Amount 200.00 Fl: Help Date aaala Company to ru Party A/c narne: Share Party Currentbalance: 3,500.00 Dr Sales ledger: Share Sales • Current balance: Name of Item Share Item Narration: Quit F4: Contra F5: Payment Receipt Journal F8: Sales 756a- OLIO— acep 0670- FOLIO— Purchase • Fl 0: 0åHVouctg•s F: Autofill Change Mode More Details o: L: 200.00 Related Reports Optional post -Dat...
[keys] '{ENTER}' -> Tally 'TallyPrime:9000'
[shot] tds-253-S1-amount (1024x768)
[15:48:31] [tds] screen tds-253-S1-amount : Y: Data 76 TallyPrime MANAGE EDU K: Company Accounting Voucher Creation Sales Z: Exchange A Accept Q Search FinCom • ke Co O: Import Quantity 2 Nos 2 Nos E: Export Rate 100.00 M: Share per Nos p: print 2-Oct-26 Friday Amount 200.00 Fl: Help Date aaala Company to ru Party A/c narne: Share Party Currentbalance: 3,500.00 Dr Sales ledger: Share Sales • Current balance: Name of Item Share Item Narration: Quit F4: Contra F5: Payment Receipt Journal F8: Sales 756a- OLIO— acep 0670- FOLIO— Purchase • Fl 0: 0åHVouctg•s F: Autofill Change Mode More Details o: L: 200.00 Related Reports Optional post -Dat...
[shot] tds-254-S1-item-b-sub1 (1024x768)
[15:48:32] [tds] screen tds-254-S1-item-b-sub1 : Y: Data 76 TallyPrime MANAGE EDU K: Company Accounting Voucher Creation Sales Z: Exchange A Accept Q Search FinCom • ke Co O: Import Quantity 2 Nos 2 Nos E: Export Rate 100.00 M: Share per Nos p: print 2-Oct-26 Friday Amount 200.00 Fl: Help Date aaala Company to ru Party A/c narne: Share Party Currentbalance: 3,500.00 Dr Sales ledger: Share Sales • Current balance: Name of Item Share Item Narration: Quit F4: Contra F5: Payment Receipt Journal F8: Sales 756a- OLIO— acep 0670- FOLIO— Purchase • Fl 0: 0åHVouctg•s F: Autofill Change Mode More Details o: L: 200.00 Related Reports Optional post -Dat...
[keys] '{ENTER}' -> Tally 'TallyPrime:9000'
[shot] tds-255-S1-items-done (1024x768)
[15:48:35] [tds] screen tds-255-S1-items-done : Y: Data 76 TallyPrime MANAGE EDU K: Company Accounting Voucher Creation Sales Z: Exchange A Accept Q Search FinCom • ke Co O: Import Quantity 2 Nos 2 Nos E: Export Rate 100.00 M: Share per Nos p: print 2-Oct-26 Friday Amount 200.00 200.00 Fl: Help Date aaala Company to ru Party A/c narne: Share Party Currentbalance: 3,500.00 Dr Sales ledger: Share Sales • Current balance: Name of Item Share Item Narration: Quit F4: Contra F5: Payment Receipt Journal F8: Sales 756a- OLIO— acep 0670- FOLIO— Purchase • Fl 0: 0åHVouctg•s F: Autofill Change Mode More Details o: L: 200.00 Related Reports Optional po...
[keys] '^a' -> Tally 'TallyPrime:9000'
[shot] tds-256-S1-accept1 (1024x768)
[15:48:39] [tds] screen tds-256-S1-accept1 : TallyPrime MANAGE EDU K: Company Accounting Voucher Creation 76 Sales No. 2 Party Alc narne. Current balance: Sales ledger: • Current balance: Name of Item Narration: Unity Quit Y: Data Z: Exchange A Accept Q Search FinCom • ke Co O: Import E: Export List of Led er Accounts Cash Share Bank Share Party Share Supplier Spike Party Spike Party 2 Ul Party M: Share p: print x Create Fl: Help Date aaala Company to ru F4: Contra F5: Payment Receipt Journal F8: Sales 756a- OLIO— acep 0670- FOLIO— Purchase • Fl 0: 0åHVouctg•s F: Autofill Change Mode More Details o: L: Related Reports Optional post -Date...
[shot] tds-257-S1-after1 (1024x768)
[15:48:40] [tds] screen tds-257-S1-after1 : TallyPrime MANAGE EDU K: Company Accounting Voucher Creation 76 Sales No. 2 Party Alc narne. Current balance: Sales ledger: • Current balance: Name of Item Narration: Unity Quit Y: Data Z: Exchange A Accept Q Search FinCom • ke Co O: Import E: Export List of Led er Accounts Cash Share Bank Share Party Share Supplier Spike Party Spike Party 2 Ul Party M: Share p: print x Create Fl: Help Date aaala Company to ru F4: Contra F5: Payment Receipt Journal F8: Sales 756a- OLIO— acep 0670- FOLIO— Purchase • Fl 0: 0åHVouctg•s F: Autofill Change Mode More Details o: L: Related Reports Optional post -Date...
[keys] '^a' -> Tally 'TallyPrime:9000'
[shot] tds-258-S1-accept2 (1024x768)
[15:48:45] [tds] screen tds-258-S1-accept2 : Unity TallyPrime MANAGE EDU K: Company Accounting Voucher Creation Q: Quit Y: Data Z: Exchange A: Accept Q Search O: Import E: Export M: Share FinCom Spike Co p: print Fl: Help x F2: Date F3: Company F4: Contra F5: Payment t F6: Receipt F7: Journal F8: Sales F9: Purchase F: Autofill H: Change Mode l: More Details Error Oops! No Entries in Voucher! p: Delete , cancel vch O: Related Reports k: Optional T: post -Dated Fl 2: Configure aaala to ru 756a- OLIO— acep 0670- FOLIO— acep .337. -a30 ning bbb75 ing j _id" : 3-011' 0670- Mode Windows Server 2025 Datacenter Build 26100.ge_release240331-1435 ...
[shot] tds-259-S1-after2 (1024x768)
[15:48:46] [tds] screen tds-259-S1-after2 : Unity TallyPrime MANAGE EDU K: Company Accounting Voucher Creation Q: Quit Y: Data Z: Exchange A: Accept Q Search O: Import E: Export M: Share FinCom Spike Co p: print Fl: Help x F2: Date F3: Company F4: Contra F5: Payment t F6: Receipt F7: Journal F8: Sales F9: Purchase F: Autofill H: Change Mode l: More Details Error Oops! No Entries in Voucher! p: Delete , cancel vch O: Related Reports k: Optional T: post -Dated Fl 2: Configure aaala to ru 756a- OLIO— acep 0670- FOLIO— acep .337. -a30 ning bbb75 ing j _id" : 3-011' 0670- Mode Windows Server 2025 Datacenter Build 26100.ge_release240331-1435 ...
[keys] '^a' -> Tally 'TallyPrime:9000'
[shot] tds-260-S1-accept3 (1024x768)
[15:48:50] [tds] screen tds-260-S1-accept3 : TallyPrime MANAGE EDU K: Company Accounting Voucher Creation Y: Data 76 Sales Party Alc narne. Current balance: Sales ledger: • Current balance: Z: Exchange A Accept Q Search FinCom • ke Co O: Import E: Export List of Led er Accounts Cash Share Bank Share Party Share Supplier Spike Party Spike Party 2 Ul Party M: Share p: print x Create Fl: Help Date aaala No. 2 Cash 300.00 Dr Share Sales 200.00 Cr Company to ru F4: Contra F5: Payment Receipt Journal F8: Sales 756a- OLIO— acep 0670- Name of Item End of List • End of List Narration: Quit FOLIO— Purchase • Fl 0: 0åHVouctg•s F: Autofill Change Mo...
[shot] tds-261-S1-after3 (1024x768)
[15:48:51] [tds] screen tds-261-S1-after3 : TallyPrime MANAGE EDU K: Company Accounting Voucher Creation Y: Data 76 Sales Party Alc narne. Current balance: Sales ledger: • Current balance: Z: Exchange A Accept Q Search FinCom • ke Co O: Import E: Export List of Led er Accounts Cash Share Bank Share Party Share Supplier Spike Party Spike Party 2 Ul Party M: Share p: print x Create Fl: Help Date aaala No. 2 Cash 300.00 Dr Share Sales 200.00 Cr Company to ru F4: Contra F5: Payment Receipt Journal F8: Sales 756a- OLIO— acep 0670- Name of Item End of List • End of List Narration: Quit FOLIO— Purchase • Fl 0: 0åHVouctg•s F: Autofill Change Mo...
[keys] '^a' -> Tally 'TallyPrime:9000'
[shot] tds-262-S1-accept4 (1024x768)
[15:48:56] [tds] screen tds-262-S1-accept4 : Unity TallyPrime MANAGE EDU K: Company Accounting Voucher Creation Q: Quit Y: Data Z: Exchange A: Accept Q Search O: Import E: Export M: Share FinCom Spike Co p: print Fl: Help x F2: Date F3: Company F4: Contra F5: Payment t F6: Receipt F7: Journal F8: Sales F9: Purchase F: Autofill H: Change Mode l: More Details Error Oops! No Entries in Voucher! p: Delete , cancel vch O: Related Reports k: Optional T: post -Dated Fl 2: Configure aaala to ru 756a- OLIO— acep 0670- FOLIO— acep .337. -a30 ning bbb75 ing j _id" : 3-011' 0670- Mode Windows Server 2025 Datacenter Build 26100.ge_release240331-1435 ...
[shot] tds-263-S1-after4 (1024x768)
[15:48:57] [tds] screen tds-263-S1-after4 : Unity TallyPrime MANAGE EDU K: Company Accounting Voucher Creation Q: Quit Y: Data Z: Exchange A: Accept Q Search O: Import E: Export M: Share FinCom Spike Co p: print Fl: Help x F2: Date F3: Company F4: Contra F5: Payment t F6: Receipt F7: Journal F8: Sales F9: Purchase F: Autofill H: Change Mode l: More Details Error Oops! No Entries in Voucher! p: Delete , cancel vch O: Related Reports k: Optional T: post -Dated Fl 2: Configure aaala to ru 756a- OLIO— acep 0670- FOLIO— acep .337. -a30 ning bbb75 ing j _id" : 3-011' 0670- Mode Windows Server 2025 Datacenter Build 26100.ge_release240331-1435 ...
[shot] tds-264-gw0 (1024x768)
[15:48:57] [tds] screen tds-264-gw0 : Unity TallyPrime MANAGE EDU K: Company Accounting Voucher Creation Q: Quit Y: Data Z: Exchange A: Accept Q Search O: Import E: Export M: Share FinCom Spike Co p: print Fl: Help x F2: Date F3: Company F4: Contra F5: Payment t F6: Receipt F7: Journal F8: Sales F9: Purchase F: Autofill H: Change Mode l: More Details Error Oops! No Entries in Voucher! p: Delete , cancel vch O: Related Reports k: Optional T: post -Dated Fl 2: Configure aaala to ru 756a- OLIO— acep 0670- FOLIO— acep .337. -a30 ning bbb75 ing j _id" : 3-011' 0670- Mode Windows Server 2025 Datacenter Build 26100.ge_release240331-1435 ...
[keys] '{ESC}' -> Tally 'TallyPrime:9000'
[shot] tds-265-gw1 (1024x768)
[15:49:01] [tds] screen tds-265-gw1 : TallyPrime MANAGE EDU K: Company Accounting Voucher Creation Y: Data 76 Sales Party Alc narne. Current balance: Sales ledger: • Current balance: Z: Exchange A Accept Q Search FinCom • ke Co O: Import E: Export List of Led er Accounts Cash Share Bank Share Party Share Supplier Spike Party Spike Party 2 Ul Party M: Share p: print x Create Fl: Help Date aaala No. 2 Cash 300.00 Dr Share Sales 200.00 Cr Company to ru F4: Contra F5: Payment Receipt Journal F8: Sales 756a- OLIO— acep 0670- Name of Item End of List • End of List Narration: Quit FOLIO— Purchase • Fl 0: 0åHVouctg•s F: Autofill Change Mo...
[keys] '{ESC}' -> Tally 'TallyPrime:9000'
[shot] tds-266-gw2 (1024x768)
[15:49:05] [tds] screen tds-266-gw2 : TallyPrime MANAGE EDU K: Company Accounting Voucher Creation Y: Data 76 Sales Party Alc narne. Current balance: Sales ledger: • Current balance: Z: Exchange A Accept Q Search FinCom • ke Co O: Import E: Export List of Led er Accounts Cash Share Bank Share Party Share Supplier Spike Party Spike Party 2 Ul Party M: Share p: print x Create Fl: Help Date aaala No. 2 300.00 Dr Share Sales 200.00 Cr Company to ru F4: Contra F5: Payment Receipt Journal F8: Sales 756a- OLIO— acep 0670- Name of Item End of List • End of List Narration: Quit FOLIO— Purchase • Fl 0: 0åHVouctg•s F: Autofill Change Mode Mo...
[keys] '{ESC}' -> Tally 'TallyPrime:9000'
[shot] tds-267-gw3 (1024x768)
[15:49:08] [tds] screen tds-267-gw3 : TallyPrime MANAGE EDU K: Company Accounting Voucher Creation Y: Data 76 Sales Party Alc narne. Current balance: Sales ledger: • Current balance: No. 2 300.00 Dr Share Sales 200.00 Cr Z: Exchange FinCom A: Accept Q Search O: Import Quantity E: Export Rate M: Share per Name of Item End of List • End of List Narration: Q: Quit p: print 2-Oct-26 Friday Amount Quit o Yes or No Unity D: Delete X: Cancel Vch Fl: Help F2: Date F3: Company F4: Contra F5: Payment F6: Receipt F7: Journal F8: Sales F9: Purchase F: Autofill H: Change Mode l: More Details O: Related Reports k: Optional T: post -Dated Fl 2: ...
[keys] 'y' -> Tally 'TallyPrime:9000'
[shot] tds-268-gw4 (1024x768)
[15:49:12] [tds] screen tds-268-gw4 : TallyPrime MANAGE EDU K: Company Gatewa of Tall CURRENT PERIOD I-Apr-26 to 31-Mar-27 NAME OF COMPANY FinCom Spike Co Y: Data Z: Exchange O: Import E: Export M: Share p: print Fl: Help Date aaala Q CURRENT OATE Friday, 2-Oct-2026 2-Oct-26 Search Gateway of Tally MASTERS Create Alter CHart of Accounts TRANSACTIONS Vouchers Day 800K UTILITIES BaNking REPORTS Balance Sheet Profit & Loss A/c Stock Summary Ratio Analysis Display More Reports DashbOard Quit Unity Company to ru 756a- OLIO— acep 0670- FOLIO— acep .337. -a30 ning bbb75 ing j _id" : 3-011' 0670- Mode Windows Server 2025 Datacenter Build ...
  voucher mid=1 aid=1 Journal/1/20260401 guid=a381c3ad-1c49-482a-8d4f-cb1da1df58a6-00000001 cancelled=False
  voucher mid=2 aid=2 Journal/2/20261001 guid=a381c3ad-1c49-482a-8d4f-cb1da1df58a6-00000002 cancelled=False
  voucher mid=3 aid=3 Journal/3/20261001 guid=a381c3ad-1c49-482a-8d4f-cb1da1df58a6-00000003 cancelled=False
  voucher mid=4 aid=4 Journal/4/20261001 guid=a381c3ad-1c49-482a-8d4f-cb1da1df58a6-00000004 cancelled=False
  voucher mid=5 aid=5 Journal/5/20261001 guid=a381c3ad-1c49-482a-8d4f-cb1da1df58a6-00000005 cancelled=False
  voucher mid=6 aid=6 Payroll/1/20261001 guid=a381c3ad-1c49-482a-8d4f-cb1da1df58a6-00000006 cancelled=False
  voucher mid=7 aid=7 Receipt/1/20261002 guid=a381c3ad-1c49-482a-8d4f-cb1da1df58a6-00000007 cancelled=False
  voucher mid=8 aid=8 Receipt/2/20261002 guid=a381c3ad-1c49-482a-8d4f-cb1da1df58a6-00000008 cancelled=False
  voucher mid=9 aid=9 Payment/1/20261002 guid=a381c3ad-1c49-482a-8d4f-cb1da1df58a6-00000009 cancelled=False
  voucher mid=10 aid=10 Payment/2/20261002 guid=a381c3ad-1c49-482a-8d4f-cb1da1df58a6-0000000a cancelled=False
  voucher mid=11 aid=11 Contra/1/20261002 guid=a381c3ad-1c49-482a-8d4f-cb1da1df58a6-0000000b cancelled=False
  voucher mid=12 aid=12 Journal/6/20261002 guid=a381c3ad-1c49-482a-8d4f-cb1da1df58a6-0000000c cancelled=False
  voucher mid=13 aid=13 Journal/7/20261002 guid=a381c3ad-1c49-482a-8d4f-cb1da1df58a6-0000000d cancelled=False
  voucher mid=14 aid=14 Sales/1/20261002 guid=a381c3ad-1c49-482a-8d4f-cb1da1df58a6-0000000e cancelled=False
  INFO share sales-new (sales item invoice, New Ref bill (SI-1)): Tally Sales 1 mid 14; stored party 'Share Party' bills [New Ref,New Ref]; the line party 'Share Party' bills []; lines voucher_accept_post x1, voucher_full x1
[15:49:15] ---- share copy-sales-new: Alt+2 copy of the New Ref sales invoice (its bill as the copy carries it)
  voucher mid=1 aid=1 Journal/1/20260401 guid=a381c3ad-1c49-482a-8d4f-cb1da1df58a6-00000001 cancelled=False
  voucher mid=2 aid=2 Journal/2/20261001 guid=a381c3ad-1c49-482a-8d4f-cb1da1df58a6-00000002 cancelled=False
  voucher mid=3 aid=3 Journal/3/20261001 guid=a381c3ad-1c49-482a-8d4f-cb1da1df58a6-00000003 cancelled=False
  voucher mid=4 aid=4 Journal/4/20261001 guid=a381c3ad-1c49-482a-8d4f-cb1da1df58a6-00000004 cancelled=False
  voucher mid=5 aid=5 Journal/5/20261001 guid=a381c3ad-1c49-482a-8d4f-cb1da1df58a6-00000005 cancelled=False
  voucher mid=6 aid=6 Payroll/1/20261001 guid=a381c3ad-1c49-482a-8d4f-cb1da1df58a6-00000006 cancelled=False
  voucher mid=7 aid=7 Receipt/1/20261002 guid=a381c3ad-1c49-482a-8d4f-cb1da1df58a6-00000007 cancelled=False
  voucher mid=8 aid=8 Receipt/2/20261002 guid=a381c3ad-1c49-482a-8d4f-cb1da1df58a6-00000008 cancelled=False
  voucher mid=9 aid=9 Payment/1/20261002 guid=a381c3ad-1c49-482a-8d4f-cb1da1df58a6-00000009 cancelled=False
  voucher mid=10 aid=10 Payment/2/20261002 guid=a381c3ad-1c49-482a-8d4f-cb1da1df58a6-0000000a cancelled=False
  voucher mid=11 aid=11 Contra/1/20261002 guid=a381c3ad-1c49-482a-8d4f-cb1da1df58a6-0000000b cancelled=False
  voucher mid=12 aid=12 Journal/6/20261002 guid=a381c3ad-1c49-482a-8d4f-cb1da1df58a6-0000000c cancelled=False
  voucher mid=13 aid=13 Journal/7/20261002 guid=a381c3ad-1c49-482a-8d4f-cb1da1df58a6-0000000d cancelled=False
  voucher mid=14 aid=14 Sales/1/20261002 guid=a381c3ad-1c49-482a-8d4f-cb1da1df58a6-0000000e cancelled=False
[shot] tds-269-gw0 (1024x768)
[15:49:16] [tds] screen tds-269-gw0 : TallyPrime MANAGE EDU K: Company Gatewa of Tall CURRENT PERIOD I-Apr-26 to 31-Mar-27 NAME OF COMPANY FinCom Spike Co Y: Data Z: Exchange O: Import E: Export M: Share p: print Fl: Help Date aaala Q CURRENT OATE Friday, 2-Oct-2026 2-Oct-26 Search Gateway of Tally MASTERS Create Alter CHart of Accounts TRANSACTIONS Vouchers Day 800K UTILITIES BaNking REPORTS Balance Sheet Profit & Loss A/c Stock Summary Ratio Analysis Display More Reports DashbOard Quit Unity Company to ru 756a- OLIO— acep 0670- FOLIO— acep .337. -a30 ning bbb75 ing j _id" : 3-011' 0670- Mode Windows Server 2025 Datacenter Build ...
[keys] '%g' -> Tally 'TallyPrime:9000'
[shot] tds-270-D1-goto (1024x768)
[15:49:19] [tds] screen tds-270-D1-goto : R CEDU Unity Quit TallyPrime MANAGE K: Company List of Re Y: Data Its Z: Exchange O: Import E: Export M: Share p: print Fl: Help x Saved Views Bills Payable - GST Bills Payable - GST - Sundry Creditors Bills Payable - GST - Sundry Debtors Bills Receivable - GST Bills Receivable - GST - Sundry Creditors Bills Receivable - GST - Sundry Debtors Purchase Dashboard Sales Dashboard Ledger Vouchers - GST Details Outstanding MSME Bills Common Reports Dashboard Balance Sheet Profit & Loss A/c Cash/Bank Book Day Book Ledger Vouchers Ledger Vouchers - GST Stock Summary Trial Balance Bills Receivable FinC...
[keys] 'Day Book' -> Tally 'TallyPrime:9000'
[keys] '{ENTER}' -> Tally 'TallyPrime:9000'
[shot] tds-271-D1-daybook (1024x768)
[15:49:26] [tds] screen tds-271-D1-daybook : TallyPrime MANAGE EDU K: Company Da Book . Day Book Y: Data Space: Sekd Z: Exchange A Add Vch Q Search FinCom • ke Co Vch Type Contra Payment Payment Receipt Receipt Journal Journal Sales O: Import Vch No. 1 1 2 1 2 6 7 1 E: Export M: Share P: Print For 2-Oct-26 Fl: Help F2: Date aaala Company to ru Voucher Date 2-Oct-26 2-Oct-26 2-Oct-26 2-Oct-26 2-Oct-26 2-Oct-26 2-Oct-26 2-Oct-26 Unity Quit Particulars Cash Share Supplier Share Expense Share Party Spike Income Share Expense Share Expense Share Party Enter: Alter Debit Amount Credit Amount Inwards Qty_ Outwards Qt 400.00 300.00 600.00 250.00...
[keys] '{F2}' -> Tally 'TallyPrime:9000'
[shot] tds-272-D1-db-date (1024x768)
[15:49:29] [tds] screen tds-272-D1-db-date : TallyPrime MANAGE EDU K: Company Change Date Unity Quit Y: Data Z: Exchange A Accept Q Search O: Import E: Export M: Share p: print Fl: Help FinCom Spike Co Change Date 2-10-2026 aaala to ru 756a- OLIO— acep 0670- FOLIO— acep .337. -a30 ning bbb75 ing j _id" : 3-011' 0670- Mode Windows Server 2025 Datacenter Build 26100.ge_release240331-1435 3:49 PM 10/8/2026
[keys] '2-10-2026{ENTER}' -> Tally 'TallyPrime:9000'
[shot] tds-273-D1-db-dated (1024x768)
[15:49:34] [tds] screen tds-273-D1-db-dated : TallyPrime MANAGE EDU K: Company Da Book . Day Book Y: Data Space: Sekd Z: Exchange A Add Vch Q Search FinCom • ke Co Vch Type Contra Payment Payment Receipt Receipt Journal Journal Sales O: Import Vch No. 1 1 2 1 2 6 7 1 E: Export M: Share P: Print For 2-Oct-26 Fl: Help F2: Date aaala Company to ru Voucher Date 2-Oct-26 2-Oct-26 2-Oct-26 2-Oct-26 2-Oct-26 2-Oct-26 2-Oct-26 2-Oct-26 Unity Quit Particulars Cash Share Supplier Share Expense Share Party Spike Income Share Expense Share Expense Share Party Enter: Alter Debit Amount Credit Amount Inwards Qty_ Outwards Qt 400.00 300.00 600.00 250.00...
[keys] '{F4}' -> Tally 'TallyPrime:9000'
[shot] tds-274-D1-db-type (1024x768)
[15:49:38] [tds] screen tds-274-D1-db-type : Y: Data 7 Unity TallyPrime MANAGE EDU K: Company Change Voucher Type Quit Z: Exchange O: Import E: Export M: Share p: print Fl: Help x FinCom • ke Co Name of VoucherType Voucher T • All Items Contra Credit Note Debit Note Journal Memorandum s Create Payment Physical Stock Purchase Receipt Reversing Journal Sales Stock Journal Accept Q Search aaala to ru 756a- OLIO— acep 0670- FOLIO— acep .337. -a30 ning bbb75 ing j _id" : 3-011' 0670- Mode Windows Server 2025 Datacenter Build 26100.ge_release240331-1435 3:49 PM 10/8/2026
[keys] 'Sales{ENTER}' -> Tally 'TallyPrime:9000'
[shot] tds-275-D1-db-typed (1024x768)
[15:49:42] [tds] screen tds-275-D1-db-typed : TallyPrime MANAGE EDU K: Company Da Book . List of Sales Vouchers Y: Data Space: Sekd Z: Exchange A Add Vch Q Search FinCom • ke Co Vch Type O: Import Vch No. Total: E: Export M: Share P: Print For 2-Oct-26 Fl: Help F2: Date aaala Date 2-Oct-26 Unity Quit Particulars Share Party Enter: Alter Debit Amount 200.00 200.00 Credit Amount U: Restore Line Company to ru Voucher 756a- Type OLIO— acep Sales DuÅicate Vch I Insert Vch Delete x: Cancel Vch F7: Show profit Columnar FIO B: Basis of = Values Change ¯ View Exception J: Reports Save View L: Apply F: — Filter F: Filter ¯ Details F 12: Configure 0...
[keys] '{END}' -> Tally 'TallyPrime:9000'
[shot] tds-276-D1-db-last (1024x768)
[15:49:46] [tds] screen tds-276-D1-db-last : TallyPrime MANAGE EDU K: Company Da Book . List of Sales Vouchers Y: Data Space: Sekd Z: Exchange A Add Vch Q Search FinCom • ke Co Vch Type O: Import Vch No. Total: E: Export M: Share P: Print For 2-Oct-26 Fl: Help F2: Date aaala Date 2-Oct-26 Unity Quit Particulars Share Party Enter: Alter Debit Amount 200.00 200.00 Credit Amount U: Restore Line Company to ru Voucher 756a- Type OLIO— acep Sales DuÅicate Vch I Insert Vch Delete x: Cancel Vch F7: Show profit Columnar FIO B: Basis of = Values Change ¯ View Exception J: Reports Save View L: Apply F: — Filter F: Filter ¯ Details F 12: Configure 0...
[keys] '%2' -> Tally 'TallyPrime:9000'
[shot] tds-277-D1-copy (1024x768)
[15:49:50] [tds] screen tds-277-D1-copy : TallyPrime MANAGE EDU K: Company Y: Data Accounting Voucher Creation (Duplication 76 Sales No. 2 PartyA/c narne: Share Pa Currentbalance: 3,700.00 Dr Sales ledger: Share Sales • Current balance: 200.00 Cr Name of Item Share Item Narration: Unity Quit Z: Exchange A Accept Q Search FinCom • ke Co O: Import Quantity 2 Nos 2 Nos E: Export Rate 100.00 M: Share per Nos p: print 2-Oct-26 Friday Amount 200.00 Fl: Help Date aaala Company to ru F4: Contra F5: Payment Receipt Journal F8: Sales 756a- OLIO— acep 0670- FOLIO— Purchase • Fl 0: 0åHVouctg•s F: Autofill Change Mode More Details o: L: 200.00 Rel...
[keys] '^a' -> Tally 'TallyPrime:9000'
[shot] tds-278-D1-accept1 (1024x768)
[15:49:55] [tds] screen tds-278-D1-accept1 : TallyPrime MANAGE EDU K: Company Da Book . List of Sales Vouchers Y: Data Space: Sekd Z: Exchange A Add Vch Q Search FinCom • ke Co Vch Type Sales Sales O: Import Vch No. 1 2 Total: E: Export M: Share P: Print For 2-Oct-26 Fl: Help F2: Date aaala Date 2-Oct-26 2-Oct-26 Unity Quit Particulars Share Party Share Party Enter: Alter Debit Amount 200.00 200.00 400.00 Credit Amount U: Restore Line Company to ru Voucher 756a- Type OLIO— acep DuÅicate Vch I Insert Vch Delete x: Cancel Vch F7: Show profit Columnar FIO B: Basis of = Values Change ¯ View Exception J: Reports Save View L: Apply F: — Filter...
[shot] tds-279-D1-after1 (1024x768)
[15:49:56] [tds] screen tds-279-D1-after1 : TallyPrime MANAGE EDU K: Company Da Book . List of Sales Vouchers Y: Data Space: Sekd Z: Exchange A Add Vch Q Search FinCom • ke Co Vch Type Sales Sales O: Import Vch No. 1 2 Total: E: Export M: Share P: Print For 2-Oct-26 Fl: Help F2: Date aaala Date 2-Oct-26 2-Oct-26 Unity Quit Particulars Share Party Share Party Enter: Alter Debit Amount 200.00 200.00 400.00 Credit Amount U: Restore Line Company to ru Voucher 756a- Type OLIO— acep DuÅicate Vch I Insert Vch Delete x: Cancel Vch F7: Show profit Columnar FIO B: Basis of = Values Change ¯ View Exception J: Reports Save View L: Apply F: — Filter...
[shot] tds-280-gw0 (1024x768)
[15:49:56] [tds] screen tds-280-gw0 : TallyPrime MANAGE EDU K: Company Da Book . List of Sales Vouchers Y: Data Space: Sekd Z: Exchange A Add Vch Q Search FinCom • ke Co Vch Type Sales Sales O: Import Vch No. 1 2 Total: E: Export M: Share P: Print For 2-Oct-26 Fl: Help F2: Date aaala Date 2-Oct-26 2-Oct-26 Unity Quit Particulars Share Party Share Party Enter: Alter Debit Amount 200.00 200.00 400.00 Credit Amount U: Restore Line Company to ru Voucher 756a- Type OLIO— acep DuÅicate Vch I Insert Vch Delete x: Cancel Vch F7: Show profit Columnar FIO B: Basis of = Values Change ¯ View Exception J: Reports Save View L: Apply F: — Filter...
[keys] '{ESC}' -> Tally 'TallyPrime:9000'
[shot] tds-281-gw1 (1024x768)
[15:50:00] [tds] screen tds-281-gw1 : TallyPrime MANAGE EDU K: Company Gatewa of Tall CURRENT PERIOD I-Apr-26 to 31-Mar-27 NAME OF COMPANY FinCom Spike Co Y: Data Z: Exchange O: Import E: Export M: Share p: print Fl: Help Date aaala Q CURRENT OATE Friday, 2-Oct-2026 2-Oct-26 Search Gateway of Tally MASTERS Create Alter CHart of Accounts TRANSACTIONS Vouchers Day 800K UTILITIES BaNking REPORTS Balance Sheet Profit & Loss A/c Stock Summary Ratio Analysis Display More Reports DashbOard Quit Unity Company to ru 756a- OLIO— acep 0670- FOLIO— acep .337. -a30 ning bbb75 ing j _id" : 3-011' 0670- Mode Windows Server 2025 Datacenter Build ...
  voucher mid=1 aid=1 Journal/1/20260401 guid=a381c3ad-1c49-482a-8d4f-cb1da1df58a6-00000001 cancelled=False
  voucher mid=2 aid=2 Journal/2/20261001 guid=a381c3ad-1c49-482a-8d4f-cb1da1df58a6-00000002 cancelled=False
  voucher mid=3 aid=3 Journal/3/20261001 guid=a381c3ad-1c49-482a-8d4f-cb1da1df58a6-00000003 cancelled=False
  voucher mid=4 aid=4 Journal/4/20261001 guid=a381c3ad-1c49-482a-8d4f-cb1da1df58a6-00000004 cancelled=False
  voucher mid=5 aid=5 Journal/5/20261001 guid=a381c3ad-1c49-482a-8d4f-cb1da1df58a6-00000005 cancelled=False
  voucher mid=6 aid=6 Payroll/1/20261001 guid=a381c3ad-1c49-482a-8d4f-cb1da1df58a6-00000006 cancelled=False
  voucher mid=7 aid=7 Receipt/1/20261002 guid=a381c3ad-1c49-482a-8d4f-cb1da1df58a6-00000007 cancelled=False
  voucher mid=8 aid=8 Receipt/2/20261002 guid=a381c3ad-1c49-482a-8d4f-cb1da1df58a6-00000008 cancelled=False
  voucher mid=9 aid=9 Payment/1/20261002 guid=a381c3ad-1c49-482a-8d4f-cb1da1df58a6-00000009 cancelled=False
  voucher mid=10 aid=10 Payment/2/20261002 guid=a381c3ad-1c49-482a-8d4f-cb1da1df58a6-0000000a cancelled=False
  voucher mid=11 aid=11 Contra/1/20261002 guid=a381c3ad-1c49-482a-8d4f-cb1da1df58a6-0000000b cancelled=False
  voucher mid=12 aid=12 Journal/6/20261002 guid=a381c3ad-1c49-482a-8d4f-cb1da1df58a6-0000000c cancelled=False
  voucher mid=13 aid=13 Journal/7/20261002 guid=a381c3ad-1c49-482a-8d4f-cb1da1df58a6-0000000d cancelled=False
  voucher mid=14 aid=14 Sales/1/20261002 guid=a381c3ad-1c49-482a-8d4f-cb1da1df58a6-0000000e cancelled=False
  voucher mid=15 aid=15 Sales/2/20261002 guid=a381c3ad-1c49-482a-8d4f-cb1da1df58a6-0000000f cancelled=False
  INFO share copy-sales-new (Alt+2 copy of the New Ref sales invoice (its bill as the copy carries it)): Tally Sales 2 mid 15; stored party 'Share Party' bills [Agst Ref,Agst Ref]; the line party 'Share Party' bills [New Ref]; lines voucher_accept_post x1, voucher_full x1
[15:50:03] ---- share sales-new2: sales item invoice, a second one (Tally allocates its bill at the save: no bill-wise screen in item invoice mode, run 37719717293)
  voucher mid=1 aid=1 Journal/1/20260401 guid=a381c3ad-1c49-482a-8d4f-cb1da1df58a6-00000001 cancelled=False
  voucher mid=2 aid=2 Journal/2/20261001 guid=a381c3ad-1c49-482a-8d4f-cb1da1df58a6-00000002 cancelled=False
  voucher mid=3 aid=3 Journal/3/20261001 guid=a381c3ad-1c49-482a-8d4f-cb1da1df58a6-00000003 cancelled=False
  voucher mid=4 aid=4 Journal/4/20261001 guid=a381c3ad-1c49-482a-8d4f-cb1da1df58a6-00000004 cancelled=False
  voucher mid=5 aid=5 Journal/5/20261001 guid=a381c3ad-1c49-482a-8d4f-cb1da1df58a6-00000005 cancelled=False
  voucher mid=6 aid=6 Payroll/1/20261001 guid=a381c3ad-1c49-482a-8d4f-cb1da1df58a6-00000006 cancelled=False
  voucher mid=7 aid=7 Receipt/1/20261002 guid=a381c3ad-1c49-482a-8d4f-cb1da1df58a6-00000007 cancelled=False
  voucher mid=8 aid=8 Receipt/2/20261002 guid=a381c3ad-1c49-482a-8d4f-cb1da1df58a6-00000008 cancelled=False
  voucher mid=9 aid=9 Payment/1/20261002 guid=a381c3ad-1c49-482a-8d4f-cb1da1df58a6-00000009 cancelled=False
  voucher mid=10 aid=10 Payment/2/20261002 guid=a381c3ad-1c49-482a-8d4f-cb1da1df58a6-0000000a cancelled=False
  voucher mid=11 aid=11 Contra/1/20261002 guid=a381c3ad-1c49-482a-8d4f-cb1da1df58a6-0000000b cancelled=False
  voucher mid=12 aid=12 Journal/6/20261002 guid=a381c3ad-1c49-482a-8d4f-cb1da1df58a6-0000000c cancelled=False
  voucher mid=13 aid=13 Journal/7/20261002 guid=a381c3ad-1c49-482a-8d4f-cb1da1df58a6-0000000d cancelled=False
  voucher mid=14 aid=14 Sales/1/20261002 guid=a381c3ad-1c49-482a-8d4f-cb1da1df58a6-0000000e cancelled=False
  voucher mid=15 aid=15 Sales/2/20261002 guid=a381c3ad-1c49-482a-8d4f-cb1da1df58a6-0000000f cancelled=False
[shot] tds-282-gw0 (1024x768)
[15:50:04] [tds] screen tds-282-gw0 : TallyPrime MANAGE EDU K: Company Gatewa of Tall CURRENT PERIOD I-Apr-26 to 31-Mar-27 NAME OF COMPANY FinCom Spike Co Y: Data Z: Exchange O: Import E: Export M: Share p: print Fl: Help Date aaala Q CURRENT OATE Friday, 2-Oct-2026 2-Oct-26 Search Gateway of Tally MASTERS Create Alter CHart of Accounts TRANSACTIONS Vouchers Day 800K UTILITIES BaNking REPORTS Balance Sheet Profit & Loss A/c Stock Summary Ratio Analysis Display More Reports DashbOard Quit Unity Company to ru 756a- OLIO— acep 0670- FOLIO— acep .337. -a30 ning bbb75 ing j _id" : 3-011' 0670- Mode Windows Server 2025 Datacenter Build ...
[shot] tds-283-S2-start (1024x768)
[15:50:05] [tds] screen tds-283-S2-start : TallyPrime MANAGE EDU K: Company Gatewa of Tall CURRENT PERIOD I-Apr-26 to 31-Mar-27 NAME OF COMPANY FinCom Spike Co Y: Data Z: Exchange O: Import E: Export M: Share p: print Fl: Help Date aaala Q CURRENT OATE Friday, 2-Oct-2026 2-Oct-26 Search Gateway of Tally MASTERS Create Alter CHart of Accounts TRANSACTIONS Vouchers Day 800K UTILITIES BaNking REPORTS Balance Sheet Profit & Loss A/c Stock Summary Ratio Analysis Display More Reports DashbOard Quit Unity Company to ru 756a- OLIO— acep 0670- FOLIO— acep .337. -a30 ning bbb75 ing j _id" : 3-011' 0670- Mode Windows Server 2025 Datacenter Build ...
[keys] 'v' -> Tally 'TallyPrime:9000'
[shot] tds-284-S2-vouchers (1024x768)
[15:50:09] [tds] screen tds-284-S2-vouchers : TallyPrime MANAGE EDU K: Company Accounting Voucher Creation 76 Sales No. 3 Party Alc narne. Current balance: Sales ledger: • Current balance: Name of Item Narration: Unity Quit Y: Data Z: Exchange A Accept Q Search FinCom • ke Co O: Import E: Export List of Led er Accounts Cash Share Bank Share Party Share Supplier Spike Party Spike Party 2 Ul Party M: Share p: print x Create Fl: Help Date aaala Company to ru F4: Contra F5: Payment Receipt Journal F8: Sales 756a- OLIO— acep 0670- FOLIO— Purchase • Fl 0: 0åHVouctg•s F: Autofill Change Mode More Details o: L: Related Reports Optional post -Date...
[keys] '{F8}' -> Tally 'TallyPrime:9000'
[shot] tds-285-S2-type (1024x768)
[15:50:13] [tds] screen tds-285-S2-type : TallyPrime MANAGE EDU K: Company Accounting Voucher Creation 76 Sales No. 3 Party Alc narne. Current balance: Sales ledger: • Current balance: Name of Item Narration: Unity Quit Y: Data Z: Exchange A Accept Q Search FinCom • ke Co O: Import E: Export List of Led er Accounts Cash Share Bank Share Party Share Supplier Spike Party Spike Party 2 Ul Party M: Share p: print x Create Fl: Help Date aaala Company to ru F4: Contra F5: Payment Receipt Journal F8: Sales 756a- OLIO— acep 0670- FOLIO— Purchase • Fl 0: 0åHVouctg•s F: Autofill Change Mode More Details o: L: Related Reports Optional post -Date...
[keys] '^h' -> Tally 'TallyPrime:9000'
[shot] tds-286-S2-mode (1024x768)
[15:50:17] [tds] screen tds-286-S2-mode : TallyPrime MANAGE EDU K: Company Change Mode Unity Quit Y: Data Z: Exchange O: Import E: Export M: Share p: print Fl: Help FinCom • ke Co Change Voucher Mode Item Invoice List of Modes/Usa es Item Invoice Accounting Invoice As Voucher A Accept Q Search aaala to ru 756a- OLIO— acep 0670- FOLIO— acep .337. -a30 ning bbb75 ing j _id" : 3-011' 0670- Mode Windows Server 2025 Datacenter Build 26100.ge_release240331-1435 3:50 PM 10/8/2026
[keys] 'Item Invoice{ENTER}' -> Tally 'TallyPrime:9000'
[shot] tds-287-S2-item-mode (1024x768)
[15:50:21] [tds] screen tds-287-S2-item-mode : TallyPrime MANAGE EDU K: Company Accounting Voucher Creation 76 Sales No. 3 Party Alc narne. Current balance: Sales ledger: • Current balance: Name of Item Narration: Unity Quit Y: Data Z: Exchange A Accept Q Search FinCom • ke Co O: Import E: Export List of Led er Accounts Cash Share Bank Share Party Share Supplier Spike Party Spike Party 2 Ul Party M: Share p: print x Create Fl: Help Date aaala Company to ru F4: Contra F5: Payment Receipt Journal F8: Sales 756a- OLIO— acep 0670- FOLIO— Purchase • Fl 0: 0åHVouctg•s F: Autofill Change Mode More Details o: L: Related Reports Optional post -Date...
[keys] '{F2}' -> Tally 'TallyPrime:9000'
[shot] tds-288-S2-date-box (1024x768)
[15:50:24] [tds] screen tds-288-S2-date-box : TallyPrime MANAGE EDU K: Company Change Voucher Date Unity Quit Y: Data Z: Exchange A Accept Q Search O: Import E: Export M: Share p: print Fl: Help FinCom Spike Co Voucher Date 3-10-2026 aaala to ru 756a- OLIO— acep 0670- FOLIO— acep .337. -a30 ning bbb75 ing j _id" : 3-011' 0670- Mode Windows Server 2025 Datacenter Build 26100.ge_release240331-1435 3:50 PM 10/8/2026
[keys] '2-10-2026{ENTER}' -> Tally 'TallyPrime:9000'
[shot] tds-289-S2-date (1024x768)
[15:50:27] [tds] screen tds-289-S2-date : TallyPrime MANAGE EDU K: Company Accounting Voucher Creation 76 Sales No. 3 Party Alc narne. Current balance: Sales ledger: • Current balance: Name of Item Narration: Unity Quit Y: Data Z: Exchange A Accept Q Search FinCom • ke Co O: Import E: Export List of Led er Accounts Cash Share Bank Share Party Share Supplier Spike Party Spike Party 2 Ul Party M: Share p: print x Create Fl: Help Date aaala Company to ru F4: Contra F5: Payment Receipt Journal F8: Sales 756a- OLIO— acep 0670- FOLIO— Purchase • Fl 0: 0åHVouctg•s F: Autofill Change Mode More Details o: L: Related Reports Optional post -Date...
[keys] 'Share Party{ENTER}' -> Tally 'TallyPrime:9000'
[shot] tds-290-S2-party (1024x768)
[15:50:32] [tds] screen tds-290-S2-party : R CEDU Details TallyPrime MANAGE K: Company Y: Data Z: Exchange Accept Q Search O: Import E: Export M: Share p: print Fl: Help x Delivery Note No(s) FinCom Spike Co Dispatch Details Dispatch Doc No. Dispatched through Destination Carrier Name/Agent Bill of No. Motor Vehicle No. Date: Unity Quit aaala to ru 756a- OLIO— acep 0670- FOLIO— acep .337. -a30 ning bbb75 ing j _id" : 3-011' 0670- Mode Windows Server 2025 Datacenter Build 26100.ge_release240331-1435 3:50 PM 10/8/2026
[shot] tds-291-S2-party-sub1 (1024x768)
[15:50:33] [tds] screen tds-291-S2-party-sub1 : R CEDU Details TallyPrime MANAGE K: Company Y: Data Z: Exchange Accept Q Search O: Import E: Export M: Share p: print Fl: Help x Delivery Note No(s) FinCom Spike Co Dispatch Details Dispatch Doc No. Dispatched through Destination Carrier Name/Agent Bill of No. Motor Vehicle No. Date: Unity Quit aaala to ru 756a- OLIO— acep 0670- FOLIO— acep .337. -a30 ning bbb75 ing j _id" : 3-011' 0670- Mode Windows Server 2025 Datacenter Build 26100.ge_release240331-1435 3:50 PM 10/8/2026
[keys] '^a' -> Tally 'TallyPrime:9000'
[shot] tds-292-S2-party-sub-accept (1024x768)
[15:50:36] [tds] screen tds-292-S2-party-sub-accept : TallyPrime MANAGE EDU K: Company Details Unity E: Export Y: Data Z: Exchange O: Import M: Share p: print Buyer (Bill to) Mailing Name Address State Country GST Registration type GSTIN/UIN Place of Supply Accept A: Q Search FinCom Spike co Party Details List of Led er Accounts Share Party Share Supplier Spike Party Spike Party 2 IJI Party Create New Party Fl: Help Fetch L: Details Using aaal to r 756a +01.1 ace 067 race .337. -a3 ning bbb75 GSTIN/UIN ing _ id " : 3-01" 0670- ly Configure Fl 2: Mode Windows Server 2025 Datacentet Build 26100.ge_release240331-1435 3:50 PM eo r-=f 10/8/2026
[shot] tds-293-S2-party-sub2 (1024x768)
[15:50:37] [tds] screen tds-293-S2-party-sub2 : TallyPrime MANAGE EDU K: Company Details Unity E: Export Y: Data Z: Exchange O: Import M: Share p: print Buyer (Bill to) Mailing Name Address State Country GST Registration type GSTIN/UIN Place of Supply Accept A: Q Search FinCom Spike co Party Details List of Led er Accounts Share Party Share Supplier Spike Party Spike Party 2 IJI Party Create New Party Fl: Help Fetch L: Details Using aaal to r 756a +01.1 ace 067 race .337. -a3 ning bbb75 GSTIN/UIN ing _ id " : 3-01" 0670- ly Configure Fl 2: Mode Windows Server 2025 Datacentet Build 26100.ge_release240331-1435 3:50 PM eo r-=f 10/8/2026
[keys] '^a' -> Tally 'TallyPrime:9000'
[shot] tds-294-S2-party-sub-accept (1024x768)
[15:50:41] [tds] screen tds-294-S2-party-sub-accept : Y: Data 76 TallyPrime MANAGE EDU K: Company Accounting Voucher Creation Sales No. 3 Z: Exchange A Accept Q Search FinCom • ke Co O: Import E: Export List of Led er Accounts Share Sales M: Share p: print x Create Show More Fl: Help Date aaala Company to ru Party A/c narne: Share Party Current balance: 3,900.00 Dr Sales ledger: • Current balance: Name of Item Narration: Quit F4: Contra F5: Payment Receipt Journal F8: Sales 756a- OLIO— acep 0670- FOLIO— Purchase • Fl 0: 0åHVouctg•s F: Autofill Change Mode More Details o: L: Related Reports Optional post -Dated acep .337. -a30 ning bbb75 ing j _id...
[shot] tds-295-S2-party-sub3 (1024x768)
[15:50:42] [tds] screen tds-295-S2-party-sub3 : Y: Data 76 TallyPrime MANAGE EDU K: Company Accounting Voucher Creation Sales No. 3 Z: Exchange A Accept Q Search FinCom • ke Co O: Import E: Export List of Led er Accounts Share Sales M: Share p: print x Create Show More Fl: Help Date aaala Company to ru Party A/c narne: Share Party Current balance: 3,900.00 Dr Sales ledger: • Current balance: Name of Item Narration: Quit F4: Contra F5: Payment Receipt Journal F8: Sales 756a- OLIO— acep 0670- FOLIO— Purchase • Fl 0: 0åHVouctg•s F: Autofill Change Mode More Details o: L: Related Reports Optional post -Dated acep .337. -a30 ning bbb75 ing j _id...
[keys] 'Share Sales{ENTER}' -> Tally 'TallyPrime:9000'
[shot] tds-296-S2-ledger (1024x768)
[15:50:46] [tds] screen tds-296-S2-ledger : TallyPrime MANAGE EDU K: Company Accounting Voucher Creation Sales No. 3 Y: Data 76 Ch Z: Exchange A Accept Q Search FinCom • ke Co O: Import Quantity E: Export Rate M: Share per p: print 2-Oct-26 Friday Amount Fl: Help Date aaala Company to ru Party A/c narne: Share Party Current balance: 3,900.00 Dr Sales ledger: Share Sales • Current balance: 400.00 Cr Name of Item Narration: Quit F4: Contra F5: Payment Receipt Journal F8: Sales 756a- OLIO— acep 0670- FOLIO— Purchase • Fl 0: 0åHVouctg•s F: Autofill Change Mode More Details o: L: Related Reports Optional post -Dated acep .337. -a30 ning bbb7...
[keys] 'Share Item{ENTER}' -> Tally 'TallyPrime:9000'
[shot] tds-297-S2-item (1024x768)
[15:50:49] [tds] screen tds-297-S2-item : Y: Data 76 TallyPrime MANAGE EDU K: Company Accounting Voucher Creation Sales No. 3 Z: Exchange A Accept Q Search FinCom • ke Co O: Import Quantity E: Export Rate M: Share per p: print 2-Oct-26 Friday Amount Fl: Help Date aaala Company to ru Party A/c narne: Share Party Current balance: 3,900.00 Dr Sales ledger: Share Sales • Current balance: 400.00 Cr Name of Item Share Item Narration: Quit F4: Contra F5: Payment Receipt Journal F8: Sales 756a- OLIO— acep 0670- FOLIO— Purchase • Fl 0: 0åHVouctg•s F: Autofill Change Mode More Details o: L: Related Reports Optional post -Dated acep .337. -a30 n...
[shot] tds-298-S2-item-sub1 (1024x768)
[15:50:50] [tds] screen tds-298-S2-item-sub1 : Y: Data 76 TallyPrime MANAGE EDU K: Company Accounting Voucher Creation Sales No. 3 Z: Exchange A Accept Q Search FinCom • ke Co O: Import Quantity E: Export Rate M: Share per p: print 2-Oct-26 Friday Amount Fl: Help Date aaala Company to ru Party A/c narne: Share Party Current balance: 3,900.00 Dr Sales ledger: Share Sales • Current balance: 400.00 Cr Name of Item Share Item Narration: Quit F4: Contra F5: Payment Receipt Journal F8: Sales 756a- OLIO— acep 0670- FOLIO— Purchase • Fl 0: 0åHVouctg•s F: Autofill Change Mode More Details o: L: Related Reports Optional post -Dated acep .337. -a30 n...
[keys] '3{ENTER}' -> Tally 'TallyPrime:9000'
[shot] tds-299-S2-qty (1024x768)
[15:50:53] [tds] screen tds-299-S2-qty : Y: Data 76 TallyPrime MANAGE EDU K: Company Accounting Voucher Creation Sales No. 3 Z: Exchange A Accept Q Search FinCom • ke Co O: Import Quantity 3 Nos 3 Nos E: Export Rate 100.00 M: Share per Nos p: print 2-Oct-26 Friday Amount 300.00 Fl: Help Date aaala Company to ru Party A/c narne: Share Party Current balance: 3,900.00 Dr Sales ledger: Share Sales • Current balance: 400.00 Cr Name of Item Share Item Narration: Quit F4: Contra F5: Payment Receipt Journal F8: Sales 756a- OLIO— acep 0670- FOLIO— Purchase • Fl 0: 0åHVouctg•s F: Autofill Change Mode More Details o: L: 300.00 Related Reports O...
[keys] '100{ENTER}' -> Tally 'TallyPrime:9000'
[shot] tds-300-S2-rate (1024x768)
[15:50:56] [tds] screen tds-300-S2-rate : Y: Data 76 TallyPrime MANAGE EDU K: Company Accounting Voucher Creation Sales No. 3 Z: Exchange A Accept Q Search FinCom • ke Co O: Import Quantity 3 Nos 3 Nos E: Export Rate 100.00 M: Share per Nos p: print 2-Oct-26 Friday Amount 300.00 Fl: Help Date aaala Company to ru Party A/c narne: Share Party Current balance: 3,900.00 Dr Sales ledger: Share Sales • Current balance: 400.00 Cr Name of Item Share Item Narration: Quit F4: Contra F5: Payment Receipt Journal F8: Sales 756a- OLIO— acep 0670- FOLIO— Purchase • Fl 0: 0åHVouctg•s F: Autofill Change Mode More Details o: L: 300.00 Related Reports O...
[keys] '{ENTER}' -> Tally 'TallyPrime:9000'
[shot] tds-301-S2-amount (1024x768)
[15:51:00] [tds] screen tds-301-S2-amount : Y: Data 76 TallyPrime MANAGE EDU K: Company Accounting Voucher Creation Sales No. 3 Z: Exchange A Accept Q Search FinCom • ke Co O: Import Quantity 3 Nos 3 Nos E: Export Rate 100.00 M: Share per Nos p: print 2-Oct-26 Friday Amount 300.00 Fl: Help Date aaala Company to ru Party A/c narne: Share Party Current balance: 3,900.00 Dr Sales ledger: Share Sales • Current balance: 400.00 Cr Name of Item Share Item Narration: Quit F4: Contra F5: Payment Receipt Journal F8: Sales 756a- OLIO— acep 0670- FOLIO— Purchase • Fl 0: 0åHVouctg•s F: Autofill Change Mode More Details o: L: 300.00 Related Reports O...
[shot] tds-302-S2-item-b-sub1 (1024x768)
[15:51:00] [tds] screen tds-302-S2-item-b-sub1 : Y: Data 76 TallyPrime MANAGE EDU K: Company Accounting Voucher Creation Sales No. 3 Z: Exchange A Accept Q Search FinCom • ke Co O: Import Quantity 3 Nos 3 Nos E: Export Rate 100.00 M: Share per Nos p: print 2-Oct-26 Friday Amount 300.00 Fl: Help Date aaala Company to ru Party A/c narne: Share Party Current balance: 3,900.00 Dr Sales ledger: Share Sales • Current balance: 400.00 Cr Name of Item Share Item Narration: Quit F4: Contra F5: Payment Receipt Journal F8: Sales 756a- OLIO— acep 0670- FOLIO— Purchase • Fl 0: 0åHVouctg•s F: Autofill Change Mode More Details o: L: 300.00 Related Reports O...
[keys] '{ENTER}' -> Tally 'TallyPrime:9000'
[shot] tds-303-S2-items-done (1024x768)
[15:51:04] [tds] screen tds-303-S2-items-done : Y: Data 76 TallyPrime MANAGE EDU K: Company Accounting Voucher Creation Sales No. 3 Z: Exchange A Accept Q Search FinCom • ke Co O: Import Quantity 3 Nos 3 Nos E: Export Rate 100.00 M: Share per Nos p: print 2-Oct-26 Friday Amount 300.00 300.00 Fl: Help Date aaala Company to ru Party A/c narne: Share Party Current balance: 3,900.00 Dr Sales ledger: Share Sales • Current balance: 400.00 Cr Name of Item Share Item Narration: Quit F4: Contra F5: Payment Receipt Journal F8: Sales 756a- OLIO— acep 0670- FOLIO— Purchase • Fl 0: 0åHVouctg•s F: Autofill Change Mode More Details o: L: 300.00 Related Re...
[keys] '^a' -> Tally 'TallyPrime:9000'
[shot] tds-304-S2-accept1 (1024x768)
[15:51:08] [tds] screen tds-304-S2-accept1 : TallyPrime MANAGE EDU K: Company Accounting Voucher Creation 76 Sales No. 4 Party Alc narne. Current balance: Sales ledger: • Current balance: Name of Item Narration: Unity Quit Y: Data Z: Exchange A Accept Q Search FinCom • ke Co O: Import E: Export List of Led er Accounts Cash Share Bank Share Party Share Supplier Spike Party Spike Party 2 Ul Party M: Share p: print x Create Fl: Help Date aaala Company to ru F4: Contra F5: Payment Receipt Journal F8: Sales 756a- OLIO— acep 0670- FOLIO— Purchase • Fl 0: 0åHVouctg•s F: Autofill Change Mode More Details o: L: Related Reports Optional post -Date...
[shot] tds-305-S2-after1 (1024x768)
[15:51:09] [tds] screen tds-305-S2-after1 : TallyPrime MANAGE EDU K: Company Accounting Voucher Creation 76 Sales No. 4 Party Alc narne. Current balance: Sales ledger: • Current balance: Name of Item Narration: Unity Quit Y: Data Z: Exchange A Accept Q Search FinCom • ke Co O: Import E: Export List of Led er Accounts Cash Share Bank Share Party Share Supplier Spike Party Spike Party 2 Ul Party M: Share p: print x Create Fl: Help Date aaala Company to ru F4: Contra F5: Payment Receipt Journal F8: Sales 756a- OLIO— acep 0670- FOLIO— Purchase • Fl 0: 0åHVouctg•s F: Autofill Change Mode More Details o: L: Related Reports Optional post -Date...
[keys] '^a' -> Tally 'TallyPrime:9000'
[shot] tds-306-S2-accept2 (1024x768)
[15:51:14] [tds] screen tds-306-S2-accept2 : Unity TallyPrime MANAGE EDU K: Company Accounting Voucher Creation Q: Quit Y: Data Z: Exchange A: Accept Q Search O: Import E: Export M: Share FinCom Spike Co p: print Fl: Help x F2: Date F3: Company F4: Contra F5: Payment t F6: Receipt F7: Journal F8: Sales F9: Purchase F: Autofill H: Change Mode l: More Details Error Oops! No Entries in Voucher! p: Delete , cancel vch O: Related Reports k: Optional T: post -Dated Fl 2: Configure aaala to ru 756a- OLIO— acep 0670- FOLIO— acep .337. -a30 ning bbb75 ing j _id" : 3-011' 0670- Mode Windows Server 2025 Datacenter Build 26100.ge_release240331-1435 ...
[shot] tds-307-S2-after2 (1024x768)
[15:51:14] [tds] screen tds-307-S2-after2 : Unity TallyPrime MANAGE EDU K: Company Accounting Voucher Creation Q: Quit Y: Data Z: Exchange A: Accept Q Search O: Import E: Export M: Share FinCom Spike Co p: print Fl: Help x F2: Date F3: Company F4: Contra F5: Payment t F6: Receipt F7: Journal F8: Sales F9: Purchase F: Autofill H: Change Mode l: More Details Error Oops! No Entries in Voucher! p: Delete , cancel vch O: Related Reports k: Optional T: post -Dated Fl 2: Configure aaala to ru 756a- OLIO— acep 0670- FOLIO— acep .337. -a30 ning bbb75 ing j _id" : 3-011' 0670- Mode Windows Server 2025 Datacenter Build 26100.ge_release240331-1435 ...
[keys] '^a' -> Tally 'TallyPrime:9000'
[shot] tds-308-S2-accept3 (1024x768)
[15:51:19] [tds] screen tds-308-S2-accept3 : TallyPrime MANAGE EDU K: Company Accounting Voucher Creation Y: Data 76 Sales Party Alc narne. Current balance: Sales ledger: • Current balance: Z: Exchange A Accept Q Search FinCom • ke Co O: Import E: Export List of Led er Accounts Cash Share Bank Share Party Share Supplier Spike Party Spike Party 2 Ul Party M: Share p: print x Create Fl: Help Date aaala No. 4 Cash 300.00 Dr Share Sales 700.00 Cr Company to ru F4: Contra F5: Payment Receipt Journal F8: Sales 756a- OLIO— acep 0670- Name of Item End of List • End of List Narration: Quit FOLIO— Purchase • Fl 0: 0åHVouctg•s F: Autofill Change Mo...
[shot] tds-309-S2-after3 (1024x768)
[15:51:20] [tds] screen tds-309-S2-after3 : TallyPrime MANAGE EDU K: Company Accounting Voucher Creation Y: Data 76 Sales Party Alc narne. Current balance: Sales ledger: • Current balance: Z: Exchange A Accept Q Search FinCom • ke Co O: Import E: Export List of Led er Accounts Cash Share Bank Share Party Share Supplier Spike Party Spike Party 2 Ul Party M: Share p: print x Create Fl: Help Date aaala No. 4 Cash 300.00 Dr Share Sales 700.00 Cr Company to ru F4: Contra F5: Payment Receipt Journal F8: Sales 756a- OLIO— acep 0670- Name of Item End of List • End of List Narration: Quit FOLIO— Purchase • Fl 0: 0åHVouctg•s F: Autofill Change Mo...
[keys] '^a' -> Tally 'TallyPrime:9000'
[shot] tds-310-S2-accept4 (1024x768)
[15:51:24] [tds] screen tds-310-S2-accept4 : Unity TallyPrime MANAGE EDU K: Company Accounting Voucher Creation Q: Quit Y: Data Z: Exchange A: Accept Q Search O: Import E: Export M: Share FinCom Spike Co p: print Fl: Help x F2: Date F3: Company F4: Contra F5: Payment t F6: Receipt F7: Journal F8: Sales F9: Purchase F: Autofill H: Change Mode l: More Details Error Oops! No Entries in Voucher! p: Delete , cancel vch O: Related Reports k: Optional T: post -Dated Fl 2: Configure aaala to ru 756a- OLIO— acep 0670- FOLIO— acep .337. -a30 ning bbb75 ing j _id" : 3-011' 0670- Mode Windows Server 2025 Datacenter Build 26100.ge_release240331-1435 ...
[shot] tds-311-S2-after4 (1024x768)
[15:51:25] [tds] screen tds-311-S2-after4 : Unity TallyPrime MANAGE EDU K: Company Accounting Voucher Creation Q: Quit Y: Data Z: Exchange A: Accept Q Search O: Import E: Export M: Share FinCom Spike Co p: print Fl: Help x F2: Date F3: Company F4: Contra F5: Payment t F6: Receipt F7: Journal F8: Sales F9: Purchase F: Autofill H: Change Mode l: More Details Error Oops! No Entries in Voucher! p: Delete , cancel vch O: Related Reports k: Optional T: post -Dated Fl 2: Configure aaala to ru 756a- OLIO— acep 0670- FOLIO— acep .337. -a30 ning bbb75 ing j _id" : 3-011' 0670- Mode Windows Server 2025 Datacenter Build 26100.ge_release240331-1435 ...
[shot] tds-312-gw0 (1024x768)
[15:51:26] [tds] screen tds-312-gw0 : Unity TallyPrime MANAGE EDU K: Company Accounting Voucher Creation Q: Quit Y: Data Z: Exchange A: Accept Q Search O: Import E: Export M: Share FinCom Spike Co p: print Fl: Help x F2: Date F3: Company F4: Contra F5: Payment t F6: Receipt F7: Journal F8: Sales F9: Purchase F: Autofill H: Change Mode l: More Details Error Oops! No Entries in Voucher! p: Delete , cancel vch O: Related Reports k: Optional T: post -Dated Fl 2: Configure aaala to ru 756a- OLIO— acep 0670- FOLIO— acep .337. -a30 ning bbb75 ing j _id" : 3-011' 0670- Mode Windows Server 2025 Datacenter Build 26100.ge_release240331-1435 ...
[keys] '{ESC}' -> Tally 'TallyPrime:9000'
[shot] tds-313-gw1 (1024x768)
[15:51:30] [tds] screen tds-313-gw1 : TallyPrime MANAGE EDU K: Company Accounting Voucher Creation Y: Data 76 Sales Party Alc narne. Current balance: Sales ledger: • Current balance: Z: Exchange A Accept Q Search FinCom • ke Co O: Import E: Export List of Led er Accounts Cash Share Bank Share Party Share Supplier Spike Party Spike Party 2 Ul Party M: Share p: print x Create Fl: Help Date aaala No. 4 Cash 300.00 Dr Share Sales 700.00 Cr Company to ru F4: Contra F5: Payment Receipt Journal F8: Sales 756a- OLIO— acep 0670- Name of Item End of List • End of List Narration: Quit FOLIO— Purchase • Fl 0: 0åHVouctg•s F: Autofill Change Mo...
[keys] '{ESC}' -> Tally 'TallyPrime:9000'
[shot] tds-314-gw2 (1024x768)
[15:51:33] [tds] screen tds-314-gw2 : TallyPrime MANAGE EDU K: Company Accounting Voucher Creation Y: Data 76 Sales Party Alc narne. Current balance: Sales ledger: • Current balance: Z: Exchange A Accept Q Search FinCom • ke Co O: Import E: Export List of Led er Accounts Cash Share Bank Share Party Share Supplier Spike Party Spike Party 2 Ul Party M: Share p: print x Create Fl: Help Date aaala No. 4 300.00 Dr Share Sales 700.00 Cr Company to ru F4: Contra F5: Payment Receipt Journal F8: Sales 756a- OLIO— acep 0670- Name of Item End of List • End of List Narration: Quit FOLIO— Purchase • Fl 0: 0åHVouctg•s F: Autofill Change Mode Mo...
[keys] '{ESC}' -> Tally 'TallyPrime:9000'
[shot] tds-315-gw3 (1024x768)
[15:51:37] [tds] screen tds-315-gw3 : TallyPrime MANAGE EDU K: Company Accounting Voucher Creation Y: Data 76 Sales Party Alc narne. Current balance: Sales ledger: • Current balance: No. 4 300.00 Dr Share Sales 700.00 Cr Z: Exchange FinCom A: Accept Q Search O: Import Quantity E: Export Rate M: Share per Name of Item End of List • End of List Narration: Q: Quit p: print 2-Oct-26 Friday Amount Quit o Yes or No Unity D: Delete X: Cancel Vch Fl: Help F2: Date F3: Company F4: Contra F5: Payment F6: Receipt F7: Journal F8: Sales F9: Purchase F: Autofill H: Change Mode l: More Details O: Related Reports k: Optional T: post -Dated Fl 2: ...
[keys] 'y' -> Tally 'TallyPrime:9000'
[shot] tds-316-gw4 (1024x768)
[15:51:40] [tds] screen tds-316-gw4 : TallyPrime MANAGE EDU K: Company Gatewa of Tall CURRENT PERIOD I-Apr-26 to 31-Mar-27 NAME OF COMPANY FinCom Spike Co Y: Data Z: Exchange O: Import E: Export M: Share p: print Fl: Help Date aaala Q CURRENT OATE Friday, 2-Oct-2026 2-Oct-26 Search Gateway of Tally MASTERS Create Alter CHart of Accounts TRANSACTIONS Vouchers Day 800K UTILITIES BaNking REPORTS Balance Sheet Profit & Loss A/c Stock Summary Ratio Analysis Display More Reports DashbOard Quit Unity Company to ru 756a- OLIO— acep 0670- FOLIO— acep .337. -a30 ning bbb75 ing j _id" : 3-011' 0670- Mode Windows Server 2025 Datacenter Build ...
  voucher mid=1 aid=1 Journal/1/20260401 guid=a381c3ad-1c49-482a-8d4f-cb1da1df58a6-00000001 cancelled=False
  voucher mid=2 aid=2 Journal/2/20261001 guid=a381c3ad-1c49-482a-8d4f-cb1da1df58a6-00000002 cancelled=False
  voucher mid=3 aid=3 Journal/3/20261001 guid=a381c3ad-1c49-482a-8d4f-cb1da1df58a6-00000003 cancelled=False
  voucher mid=4 aid=4 Journal/4/20261001 guid=a381c3ad-1c49-482a-8d4f-cb1da1df58a6-00000004 cancelled=False
  voucher mid=5 aid=5 Journal/5/20261001 guid=a381c3ad-1c49-482a-8d4f-cb1da1df58a6-00000005 cancelled=False
  voucher mid=6 aid=6 Payroll/1/20261001 guid=a381c3ad-1c49-482a-8d4f-cb1da1df58a6-00000006 cancelled=False
  voucher mid=7 aid=7 Receipt/1/20261002 guid=a381c3ad-1c49-482a-8d4f-cb1da1df58a6-00000007 cancelled=False
  voucher mid=8 aid=8 Receipt/2/20261002 guid=a381c3ad-1c49-482a-8d4f-cb1da1df58a6-00000008 cancelled=False
  voucher mid=9 aid=9 Payment/1/20261002 guid=a381c3ad-1c49-482a-8d4f-cb1da1df58a6-00000009 cancelled=False
  voucher mid=10 aid=10 Payment/2/20261002 guid=a381c3ad-1c49-482a-8d4f-cb1da1df58a6-0000000a cancelled=False
  voucher mid=11 aid=11 Contra/1/20261002 guid=a381c3ad-1c49-482a-8d4f-cb1da1df58a6-0000000b cancelled=False
  voucher mid=12 aid=12 Journal/6/20261002 guid=a381c3ad-1c49-482a-8d4f-cb1da1df58a6-0000000c cancelled=False
  voucher mid=13 aid=13 Journal/7/20261002 guid=a381c3ad-1c49-482a-8d4f-cb1da1df58a6-0000000d cancelled=False
  voucher mid=14 aid=14 Sales/1/20261002 guid=a381c3ad-1c49-482a-8d4f-cb1da1df58a6-0000000e cancelled=False
  voucher mid=15 aid=15 Sales/2/20261002 guid=a381c3ad-1c49-482a-8d4f-cb1da1df58a6-0000000f cancelled=False
  voucher mid=16 aid=16 Sales/3/20261002 guid=a381c3ad-1c49-482a-8d4f-cb1da1df58a6-00000010 cancelled=False
  INFO share sales-new2 (sales item invoice, a second one (Tally allocates its bill at the save: no bill-wise screen in item invoice mode, run 37719717293)): Tally Sales 3 mid 16; stored party 'Share Party' bills [New Ref,New Ref]; the line party 'Share Party' bills []; lines voucher_accept_post x1, voucher_full x1
[15:51:44] ---- share purchase-new: purchase item invoice, New Ref bill (PI-1)
  voucher mid=1 aid=1 Journal/1/20260401 guid=a381c3ad-1c49-482a-8d4f-cb1da1df58a6-00000001 cancelled=False
  voucher mid=2 aid=2 Journal/2/20261001 guid=a381c3ad-1c49-482a-8d4f-cb1da1df58a6-00000002 cancelled=False
  voucher mid=3 aid=3 Journal/3/20261001 guid=a381c3ad-1c49-482a-8d4f-cb1da1df58a6-00000003 cancelled=False
  voucher mid=4 aid=4 Journal/4/20261001 guid=a381c3ad-1c49-482a-8d4f-cb1da1df58a6-00000004 cancelled=False
  voucher mid=5 aid=5 Journal/5/20261001 guid=a381c3ad-1c49-482a-8d4f-cb1da1df58a6-00000005 cancelled=False
  voucher mid=6 aid=6 Payroll/1/20261001 guid=a381c3ad-1c49-482a-8d4f-cb1da1df58a6-00000006 cancelled=False
  voucher mid=7 aid=7 Receipt/1/20261002 guid=a381c3ad-1c49-482a-8d4f-cb1da1df58a6-00000007 cancelled=False
  voucher mid=8 aid=8 Receipt/2/20261002 guid=a381c3ad-1c49-482a-8d4f-cb1da1df58a6-00000008 cancelled=False
  voucher mid=9 aid=9 Payment/1/20261002 guid=a381c3ad-1c49-482a-8d4f-cb1da1df58a6-00000009 cancelled=False
  voucher mid=10 aid=10 Payment/2/20261002 guid=a381c3ad-1c49-482a-8d4f-cb1da1df58a6-0000000a cancelled=False
  voucher mid=11 aid=11 Contra/1/20261002 guid=a381c3ad-1c49-482a-8d4f-cb1da1df58a6-0000000b cancelled=False
  voucher mid=12 aid=12 Journal/6/20261002 guid=a381c3ad-1c49-482a-8d4f-cb1da1df58a6-0000000c cancelled=False
  voucher mid=13 aid=13 Journal/7/20261002 guid=a381c3ad-1c49-482a-8d4f-cb1da1df58a6-0000000d cancelled=False
  voucher mid=14 aid=14 Sales/1/20261002 guid=a381c3ad-1c49-482a-8d4f-cb1da1df58a6-0000000e cancelled=False
  voucher mid=15 aid=15 Sales/2/20261002 guid=a381c3ad-1c49-482a-8d4f-cb1da1df58a6-0000000f cancelled=False
  voucher mid=16 aid=16 Sales/3/20261002 guid=a381c3ad-1c49-482a-8d4f-cb1da1df58a6-00000010 cancelled=False
[shot] tds-317-gw0 (1024x768)
[15:51:44] [tds] screen tds-317-gw0 : TallyPrime MANAGE EDU K: Company Gatewa of Tall CURRENT PERIOD I-Apr-26 to 31-Mar-27 NAME OF COMPANY FinCom Spike Co Y: Data Z: Exchange O: Import E: Export M: Share p: print Fl: Help Date aaala Q CURRENT OATE Friday, 2-Oct-2026 2-Oct-26 Search Gateway of Tally MASTERS Create Alter CHart of Accounts TRANSACTIONS Vouchers Day 800K UTILITIES BaNking REPORTS Balance Sheet Profit & Loss A/c Stock Summary Ratio Analysis Display More Reports DashbOard Quit Unity Company to ru 756a- OLIO— acep 0670- FOLIO— acep .337. -a30 ning bbb75 ing j _id" : 3-011' 0670- Mode Windows Server 2025 Datacenter Build ...
[shot] tds-318-U1-start (1024x768)
[15:51:45] [tds] screen tds-318-U1-start : TallyPrime MANAGE EDU K: Company Gatewa of Tall CURRENT PERIOD I-Apr-26 to 31-Mar-27 NAME OF COMPANY FinCom Spike Co Y: Data Z: Exchange O: Import E: Export M: Share p: print Fl: Help Date aaala Q CURRENT OATE Friday, 2-Oct-2026 2-Oct-26 Search Gateway of Tally MASTERS Create Alter CHart of Accounts TRANSACTIONS Vouchers Day 800K UTILITIES BaNking REPORTS Balance Sheet Profit & Loss A/c Stock Summary Ratio Analysis Display More Reports DashbOard Quit Unity Company to ru 756a- OLIO— acep 0670- FOLIO— acep .337. -a30 ning bbb75 ing j _id" : 3-011' 0670- Mode Windows Server 2025 Datacenter Build ...
[keys] 'v' -> Tally 'TallyPrime:9000'
[shot] tds-319-U1-vouchers (1024x768)
[15:51:49] [tds] screen tds-319-U1-vouchers : TallyPrime MANAGE EDU K: Company Accounting Voucher Creation 76 Sales No. 4 Party Alc narne. Current balance: Sales ledger: • Current balance: Name of Item Narration: Unity Quit Y: Data Z: Exchange A Accept Q Search FinCom • ke Co O: Import E: Export List of Led er Accounts Cash Share Bank Share Party Share Supplier Spike Party Spike Party 2 Ul Party M: Share p: print x Create Fl: Help Date aaala Company to ru F4: Contra F5: Payment Receipt Journal F8: Sales 756a- OLIO— acep 0670- FOLIO— Purchase • Fl 0: 0åHVouctg•s F: Autofill Change Mode More Details o: L: Related Reports Optional post -Date...
[keys] '{F9}' -> Tally 'TallyPrime:9000'
[shot] tds-320-U1-type (1024x768)
[15:51:53] [tds] screen tds-320-U1-type : TallyPrime MANAGE EDU K: Company Accounting»ucher Creation 76 Purchase No. 1 Su*i« Imoice No. Party Alc narne: Current balance: Purchase ledger: • Current balance: Name of Item Narration: Unity Quit Y: Data Date Z: Exchange A Accept Q Search FinCom Spike Co O: Import Quantity E: Export Rate M: Share per p: print x 20ct-26 Friday Amount Fl: Help Date aaala Company to ru F4: Contra F5: Payment Receipt Journal Sales 756a- OLIO— acep 0670- FOLIO— F9: Purchase Fl 0: 0åHVouctg•s F: Autofill Change Mode More Details o: L: Related Reports Optional post -Dated acep .337. -a30 ning bbb75 ing j _id" : 3-...
[keys] '^h' -> Tally 'TallyPrime:9000'
[shot] tds-321-U1-mode (1024x768)
[15:51:57] [tds] screen tds-321-U1-mode : TallyPrime MANAGE EDU K: Company Change Mode Unity Quit Y: Data Z: Exchange O: Import E: Export M: Share p: print Fl: Help FinCom • ke Co Change Voucher Mode Item Invoice List of Modes/Usa es Item Invoice Accounting Invoice As Voucher A Accept Q Search aaala to ru 756a- OLIO— acep 0670- FOLIO— acep .337. -a30 ning bbb75 ing j _id" : 3-011' 0670- Mode Windows Server 2025 Datacenter Build 26100.ge_release240331-1435 3:51 PM 10/8/2026
[keys] 'Item Invoice{ENTER}' -> Tally 'TallyPrime:9000'
[shot] tds-322-U1-item-mode (1024x768)
[15:52:01] [tds] screen tds-322-U1-item-mode : TallyPrime MANAGE EDU K: Company Accounting»ucher Creation 76 Purchase No. 1 Su*i« Imoice No. Party Alc narne: Current balance: Purchase ledger: • Current balance: Name of Item Narration: Unity Quit Y: Data Date Z: Exchange A Accept Q Search FinCom Spike Co O: Import Quantity E: Export Rate M: Share per p: print x 20ct-26 Friday Amount Fl: Help Date aaala Company to ru F4: Contra F5: Payment Receipt Journal Sales 756a- OLIO— acep 0670- FOLIO— F9: Purchase Fl 0: 0åHVouctg•s F: Autofill Change Mode More Details o: L: Related Reports Optional post -Dated acep .337. -a30 ning bbb75 ing j _id" : 3-...
[keys] '{F2}' -> Tally 'TallyPrime:9000'
[shot] tds-323-U1-date-box (1024x768)
[15:52:04] [tds] screen tds-323-U1-date-box : TallyPrime MANAGE EDU K: Company Change Voucher Date Unity Quit Y: Data Z: Exchange A Accept Q Search O: Import E: Export M: Share p: print Fl: Help FinCom Spike Co Voucher Date 3-10-2026 aaala to ru 756a- OLIO— acep 0670- FOLIO— acep .337. -a30 ning bbb75 ing j _id" : 3-011' 0670- Mode Windows Server 2025 Datacenter Build 26100.ge_release240331-1435 3:52 PM 10/8/2026
[keys] '2-10-2026{ENTER}' -> Tally 'TallyPrime:9000'
[shot] tds-324-U1-date (1024x768)
[15:52:08] [tds] screen tds-324-U1-date : TallyPrime MANAGE EDU K: Company Accounting»ucher Creation 76 Purchase No. 1 Su*i« Imoice No. Party Alc narne: Current balance: Purchase ledger: • Current balance: Name of Item Narration: Unity Quit Y: Data Date Z: Exchange A Accept Q Search FinCom Spike Co O: Import Quantity E: Export Rate M: Share per p: print x 20ct-26 Friday Amount Fl: Help Date aaala Company to ru F4: Contra F5: Payment Receipt Journal Sales 756a- OLIO— acep 0670- FOLIO— F9: Purchase Fl 0: 0åHVouctg•s F: Autofill Change Mode More Details o: L: Related Reports Optional post -Dated acep .337. -a30 ning bbb75 ing j _id" : 3-...
[keys] 'SUP-1{ENTER}' -> Tally 'TallyPrime:9000'
[shot] tds-325-U1-head (1024x768)
[15:52:11] [tds] screen tds-325-U1-head : TallyPrime MANAGE EDU K: Company Accounting»ucher Creation 76 Purchase No. 1 Su*lmoice No.: SUP-I Party Alc narne: Current balance: Purchase ledger: • Current balance: Name of Item Narration: Unity Quit Y: Data Date Z: Exchange 2-Oct-26 A Accept Q Search FinCom Spike Co O: Import Quantity E: Export Rate M: Share per p: print x 20ct-26 Friday Amount Fl: Help Date aaala Company to ru F4: Contra F5: Payment Receipt Journal Sales 756a- OLIO— acep 0670- FOLIO— F9: Purchase Fl 0: 0åHVouctg•s F: Autofill Change Mode More Details o: L: Related Reports Optional post -Dated acep .337. -a30 ning bbb75 in...
[keys] '{ENTER}' -> Tally 'TallyPrime:9000'
[shot] tds-326-U1-head (1024x768)
[15:52:14] [tds] screen tds-326-U1-head : TallyPrime MANAGE EDU K: Company Accounting»ucher Creation 76 Purchase No. 1 Su*lmoice No.: SUP-I Party Alc narne. Current balance: Purchase ledger: • Current balance: Name of Item Narration: Unity Quit Y: Data Date Z: Exchange 2-Oct-26 A Accept Q Search FinCom Spike Co O: Import E: Export List of Led er Accounts Cash Share Bank Share Party Share Supplier Spike Party Spike Party 2 Ul Party M: Share p: print x Create Fl: Help Date aaala Company to ru F4: Contra F5: Payment Receipt Journal Sales 756a- OLIO— acep 0670- FOLIO— F9: Purchase Fl 0: 0åHVouctg•s F: Autofill Change Mode More Details o: ...
[keys] 'Share Supplier{ENTER}' -> Tally 'TallyPrime:9000'
[shot] tds-327-U1-party (1024x768)
[15:52:18] [tds] screen tds-327-U1-party : TallyPrime MANAGE EDU K: Company Details Y: Data Z: Exchange Accept Q Search O: Import E: Export M: Share p: print Fl: Help x Receipt Note No(s) FinCom Spike Co Receipt Details Receipt Doc No. Dispatched through Destination Carrier Name/Agent Bill of No. Motor Vehicle No. Date: Unity Quit aaala to ru 756a- OLIO— acep 0670- FOLIO— acep .337. -a30 ning bbb75 ing j _id" : 3-011' 0670- Mode Windows Server 2025 Datacenter Build 26100.ge_release240331-1435 3:52 PM 10/8/2026
[shot] tds-328-U1-party-sub1 (1024x768)
[15:52:19] [tds] screen tds-328-U1-party-sub1 : TallyPrime MANAGE EDU K: Company Details Y: Data Z: Exchange Accept Q Search O: Import E: Export M: Share p: print Fl: Help x Receipt Note No(s) FinCom Spike Co Receipt Details Receipt Doc No. Dispatched through Destination Carrier Name/Agent Bill of No. Motor Vehicle No. Date: Unity Quit aaala to ru 756a- OLIO— acep 0670- FOLIO— acep .337. -a30 ning bbb75 ing j _id" : 3-011' 0670- Mode Windows Server 2025 Datacenter Build 26100.ge_release240331-1435 3:52 PM 10/8/2026
[keys] '^a' -> Tally 'TallyPrime:9000'
[shot] tds-329-U1-party-sub-accept (1024x768)
[15:52:23] [tds] screen tds-329-U1-party-sub-accept : Unity TallyPrime MANAGE EDU K: Company Details Quit Y: Data Z: Exchange FinCom Spike Co Party Details List of Led er Accounts Share Party Share Supplier Spike Party Spike Party 2 Ul Party O: Import Create New Party E: Export M: Share p: print Fl: Help Supplier (Bill from) Mailing Name Address State Country GST Registration type GSTIN/UIN Place of Supply Accept Q Search x L: Fetch Details Using aaala to ru 756a- OLIO— acep 0670- FOLIO— acep .337. -a30 ning bbb75 GSTIN/UIN ing j _id" : 3-011' 0670- Configure Mode Windows Server 2025 Datacenter Build 26100.ge_release240331-1435 3:52 PM 10/8/2026
[shot] tds-330-U1-party-sub2 (1024x768)
[15:52:24] [tds] screen tds-330-U1-party-sub2 : Unity TallyPrime MANAGE EDU K: Company Details Quit Y: Data Z: Exchange FinCom Spike Co Party Details List of Led er Accounts Share Party Share Supplier Spike Party Spike Party 2 Ul Party O: Import Create New Party E: Export M: Share p: print Fl: Help Supplier (Bill from) Mailing Name Address State Country GST Registration type GSTIN/UIN Place of Supply Accept Q Search x L: Fetch Details Using aaala to ru 756a- OLIO— acep 0670- FOLIO— acep .337. -a30 ning bbb75 GSTIN/UIN ing j _id" : 3-011' 0670- Configure Mode Windows Server 2025 Datacenter Build 26100.ge_release240331-1435 3:52 PM 10/8/2026
[keys] '^a' -> Tally 'TallyPrime:9000'
[shot] tds-331-U1-party-sub-accept (1024x768)
[15:52:27] [tds] screen tds-331-U1-party-sub-accept : M: Share FinCom Spike Co 76 TallyPrime MANAGE EDU K: Company Accounting»ucher Creation Purchase No. 1 Su*lmoice No.: SUP-I Y: Data Date Z: Exchange 2-Oct-26 A Accept Q Search O: Import E: Export List of Led er Accounts Share Purchase p: print x Create Show More Fl: Help Date aaala Company to ru PartyA/c narne: Share Supplier Currentbalance: 3,200.00Cr Purchase ledger: • Current balance: Name of Item Narration: Quit F4: Contra F5: Payment Receipt Journal Sales 756a- OLIO— acep 0670- FOLIO— F9: Purchase Fl 0: 0åHVouctg•s F: Autofill Change Mode More Details o: L: Related Reports Optional post -D...
[shot] tds-332-U1-party-sub3 (1024x768)
[15:52:28] [tds] screen tds-332-U1-party-sub3 : M: Share FinCom Spike Co 76 TallyPrime MANAGE EDU K: Company Accounting»ucher Creation Purchase No. 1 Su*lmoice No.: SUP-I Y: Data Date Z: Exchange 2-Oct-26 A Accept Q Search O: Import E: Export List of Led er Accounts Share Purchase p: print x Create Show More Fl: Help Date aaala Company to ru PartyA/c narne: Share Supplier Currentbalance: 3,200.00Cr Purchase ledger: • Current balance: Name of Item Narration: Quit F4: Contra F5: Payment Receipt Journal Sales 756a- OLIO— acep 0670- FOLIO— F9: Purchase Fl 0: 0åHVouctg•s F: Autofill Change Mode More Details o: L: Related Reports Optional post -D...
[keys] 'Share Purchase{ENTER}' -> Tally 'TallyPrime:9000'
[shot] tds-333-U1-ledger (1024x768)
[15:52:32] [tds] screen tds-333-U1-ledger : TallyPrime MANAGE EDU K: Company Accounting»ucher Creation Purchase No. 1 Su*lmoice No.: SUP-I 76 Ch Y: Data Date Z: Exchange 2-Oct-26 A Accept Q Search FinCom Spike Co O: Import Quantity E: Export Rate M: Share per p: print x 20ct-26 Friday Amount Fl: Help Date aaala Company to ru PartyA/c narne: Share Supplier Currentbalance: 3,200.00 Cr Purchase ledger: Share Purchase • Current balance: Name of Item Narration: Quit F4: Contra F5: Payment Receipt Journal Sales 756a- OLIO— acep 0670- FOLIO— F9: Purchase Fl 0: 0åHVouctg•s F: Autofill Change Mode More Details o: L: Related Reports Optional post...
[keys] 'Share Item{ENTER}' -> Tally 'TallyPrime:9000'
[shot] tds-334-U1-item (1024x768)
[15:52:36] [tds] screen tds-334-U1-item : FinCom Spike Co 76 TallyPrime MANAGE EDU K: Company Accounting»ucher Creation Purchase No. 1 Su*lmoice No.: SUP-I Y: Data Date Z: Exchange 2-Oct-26 A Accept Q Search O: Import Quantity E: Export Rate M: Share per p: print x 20ct-26 Friday Amount Fl: Help Date aaala Company to ru PartyA/c narne: Share Supplier Currentbalance: 3,200.00 Cr Purchase ledger: Share Purchase • Current balance: Name of Item Share Item Narration: Quit F4: Contra F5: Payment Receipt Journal Sales 756a- OLIO— acep 0670- FOLIO— F9: Purchase Fl 0: 0åHVouctg•s F: Autofill Change Mode More Details o: L: Related Reports Optio...
[shot] tds-335-U1-item-sub1 (1024x768)
[15:52:37] [tds] screen tds-335-U1-item-sub1 : FinCom Spike Co 76 TallyPrime MANAGE EDU K: Company Accounting»ucher Creation Purchase No. 1 Su*lmoice No.: SUP-I Y: Data Date Z: Exchange 2-Oct-26 A Accept Q Search O: Import Quantity E: Export Rate M: Share per p: print x 20ct-26 Friday Amount Fl: Help Date aaala Company to ru PartyA/c narne: Share Supplier Currentbalance: 3,200.00 Cr Purchase ledger: Share Purchase • Current balance: Name of Item Share Item Narration: Quit F4: Contra F5: Payment Receipt Journal Sales 756a- OLIO— acep 0670- FOLIO— F9: Purchase Fl 0: 0åHVouctg•s F: Autofill Change Mode More Details o: L: Related Reports Optio...
[keys] '2{ENTER}' -> Tally 'TallyPrime:9000'
[shot] tds-336-U1-qty (1024x768)
[15:52:40] [tds] screen tds-336-U1-qty : FinCom Spike Co 76 TallyPrime MANAGE EDU K: Company Accounting»ucher Creation Purchase No. 1 Su*lmoice No.: SUP-I Y: Data Date Z: Exchange 2-Oct-26 A Accept Q Search O: Import Quantity 2 Nos 2 Nos E: Export Rate 50.00 M: Share per Nos p: print x 20ct-26 Friday Amount 100.00 Fl: Help Date aaala Company to ru PartyA/c narne: Share Supplier Currentbalance: 3,200.00 Cr Purchase ledger: Share Purchase • Current balance: Name of Item Share Item Narration: Quit F4: Contra F5: Payment Receipt Journal Sales 756a- OLIO— acep 0670- FOLIO— F9: Purchase Fl 0: 0åHVouctg•s F: Autofill Change Mode More Detail...
[keys] '80{ENTER}' -> Tally 'TallyPrime:9000'
[shot] tds-337-U1-rate (1024x768)
[15:52:43] [tds] screen tds-337-U1-rate : FinCom Spike Co 76 TallyPrime MANAGE EDU K: Company Accounting»ucher Creation Purchase No. 1 Su*lmoice No.: SUP-I Y: Data Date Z: Exchange 2-Oct-26 A Accept Q Search O: Import Quantity 2 Nos 2 Nos E: Export Rate 80.00 M: Share per Nos p: print x 20ct-26 Friday Amount 160.00 Fl: Help Date aaala Company to ru PartyA/c narne: Share Supplier Currentbalance: 3,200.00 Cr Purchase ledger: Share Purchase • Current balance: Name of Item Share Item Narration: Quit F4: Contra F5: Payment Receipt Journal Sales 756a- OLIO— acep 0670- FOLIO— F9: Purchase Fl 0: 0åHVouctg•s F: Autofill Change Mode More Detail...
[keys] '{ENTER}' -> Tally 'TallyPrime:9000'
[shot] tds-338-U1-amount (1024x768)
[15:52:46] [tds] screen tds-338-U1-amount : FinCom Spike Co 76 TallyPrime MANAGE EDU K: Company Accounting»ucher Creation Purchase No. 1 Su*lmoice No.: SUP-I Y: Data Date Z: Exchange 2-Oct-26 A Accept Q Search O: Import Quantity 2 Nos 2 Nos E: Export Rate 80.00 M: Share per Nos p: print x 20ct-26 Friday Amount 160.00 Fl: Help Date aaala Company to ru PartyA/c narne: Share Supplier Currentbalance: 3,200.00 Cr Purchase ledger: Share Purchase • Current balance: Name of Item Share Item Narration: Quit F4: Contra F5: Payment Receipt Journal Sales 756a- OLIO— acep 0670- FOLIO— F9: Purchase Fl 0: 0åHVouctg•s F: Autofill Change Mode More Detail...
[shot] tds-339-U1-item-b-sub1 (1024x768)
[15:52:47] [tds] screen tds-339-U1-item-b-sub1 : FinCom Spike Co 76 TallyPrime MANAGE EDU K: Company Accounting»ucher Creation Purchase No. 1 Su*lmoice No.: SUP-I Y: Data Date Z: Exchange 2-Oct-26 A Accept Q Search O: Import Quantity 2 Nos 2 Nos E: Export Rate 80.00 M: Share per Nos p: print x 20ct-26 Friday Amount 160.00 Fl: Help Date aaala Company to ru PartyA/c narne: Share Supplier Currentbalance: 3,200.00 Cr Purchase ledger: Share Purchase • Current balance: Name of Item Share Item Narration: Quit F4: Contra F5: Payment Receipt Journal Sales 756a- OLIO— acep 0670- FOLIO— F9: Purchase Fl 0: 0åHVouctg•s F: Autofill Change Mode More Detail...
[keys] '{ENTER}' -> Tally 'TallyPrime:9000'
[shot] tds-340-U1-items-done (1024x768)
[15:52:50] [tds] screen tds-340-U1-items-done : FinCom Spike Co 76 TallyPrime MANAGE EDU K: Company Accounting»ucher Creation Purchase No. 1 Su*lmoice No.: SUP-I Y: Data Date Z: Exchange 2-Oct-26 A Accept Q Search O: Import Quantity 2 Nos 2 Nos E: Export Rate 80.00 M: Share per Nos p: print x 20ct-26 Friday Amount 160.00 160.00 Fl: Help Date aaala Company to ru PartyA/c narne: Share Supplier Currentbalance: 3,200.00 Cr Purchase ledger: Share Purchase • Current balance: Name of Item Share Item Narration: Quit F4: Contra F5: Payment Receipt Journal Sales 756a- OLIO— acep 0670- FOLIO— F9: Purchase Fl 0: 0åHVouctg•s F: Autofill Change Mode More...
[keys] '^a' -> Tally 'TallyPrime:9000'
[shot] tds-341-U1-accept1 (1024x768)
[15:52:55] [tds] screen tds-341-U1-accept1 : TallyPrime MANAGE EDU K: Company Accounting»ucher Creation 76 Purchase No. 2 Su*i« Imoice No. Party Alc narne: Current balance: Purchase ledger: • Current balance: Name of Item Narration: Unity Quit Y: Data Date Z: Exchange A Accept Q Search FinCom Spike Co O: Import Quantity E: Export Rate M: Share per p: print x 20ct-26 Friday Amount Fl: Help Date aaala Company to ru F4: Contra F5: Payment Receipt Journal Sales 756a- OLIO— acep 0670- FOLIO— F9: Purchase Fl 0: 0åHVouctg•s F: Autofill Change Mode More Details o: L: Related Reports Optional post -Dated acep .337. -a30 ning bbb75 ing j _id" : 3-...
[shot] tds-342-U1-after1 (1024x768)
[15:52:56] [tds] screen tds-342-U1-after1 : TallyPrime MANAGE EDU K: Company Accounting»ucher Creation 76 Purchase No. 2 Su*i« Imoice No. Party Alc narne: Current balance: Purchase ledger: • Current balance: Name of Item Narration: Unity Quit Y: Data Date Z: Exchange A Accept Q Search FinCom Spike Co O: Import Quantity E: Export Rate M: Share per p: print x 20ct-26 Friday Amount Fl: Help Date aaala Company to ru F4: Contra F5: Payment Receipt Journal Sales 756a- OLIO— acep 0670- FOLIO— F9: Purchase Fl 0: 0åHVouctg•s F: Autofill Change Mode More Details o: L: Related Reports Optional post -Dated acep .337. -a30 ning bbb75 ing j _id" : 3-...
[shot] tds-343-gw0 (1024x768)
[15:52:56] [tds] screen tds-343-gw0 : TallyPrime MANAGE EDU K: Company Accounting»ucher Creation 76 Purchase No. 2 Su*i« Imoice No. Party Alc narne: Current balance: Purchase ledger: • Current balance: Name of Item Narration: Unity Quit Y: Data Date Z: Exchange A Accept Q Search FinCom Spike Co O: Import Quantity E: Export Rate M: Share per p: print x 20ct-26 Friday Amount Fl: Help Date aaala Company to ru F4: Contra F5: Payment Receipt Journal Sales 756a- OLIO— acep 0670- FOLIO— F9: Purchase Fl 0: 0åHVouctg•s F: Autofill Change Mode More Details o: L: Related Reports Optional post -Dated acep .337. -a30 ning bbb75 ing j _id" : 3-...
[keys] '{ESC}' -> Tally 'TallyPrime:9000'
[shot] tds-344-gw1 (1024x768)
[15:53:00] [tds] screen tds-344-gw1 : TallyPrime MANAGE EDU K: Company Accounting»ucher Creation 76 Purchase No. 2 Su*i« Imoice No. Party Alc narne: Current balance: Purchase ledger: • Current balance: Name of Item Narration: Unity Q: Quit Y: Data Date Z: Exchange A: Accept Q Search FinCom Spike Co O: Import Quantity E: Export Rate M: Share per p: print x 20ct-26 Friday Amount Quit o Yes or No D: Delete X: Cancel Vch Fl: Help F2: Date F3: Company F4: Contra F5: Payment F6: Receipt F7: Journal F8: Sales F9: Purchase F: Autofill H: Change Mode l: More Details O: Related Reports k: Optional T: post -Dated Fl 2: Configure aaala to ru ...
[keys] 'y' -> Tally 'TallyPrime:9000'
[shot] tds-345-gw2 (1024x768)
[15:53:04] [tds] screen tds-345-gw2 : TallyPrime MANAGE EDU K: Company Gatewa of Tall CURRENT PERIOD I-Apr-26 to 31-Mar-27 NAME OF COMPANY FinCom Spike Co Y: Data Z: Exchange O: Import E: Export M: Share p: print Fl: Help Date aaala Q CURRENT OATE Friday, 2-Oct-2026 2-Oct-26 Search Gateway of Tally MASTERS Create Alter CHart of Accounts TRANSACTIONS Vouchers Day 800K UTILITIES BaNking REPORTS Balance Sheet Profit & Loss A/c Stock Summary Ratio Analysis Display More Reports DashbOard Quit Unity Company to ru 756a- OLIO— acep 0670- FOLIO— acep .337. -a30 ning bbb75 ing j _id" : 3-011' 0670- Mode Windows Server 2025 Datacenter Build ...
  voucher mid=1 aid=1 Journal/1/20260401 guid=a381c3ad-1c49-482a-8d4f-cb1da1df58a6-00000001 cancelled=False
  voucher mid=2 aid=2 Journal/2/20261001 guid=a381c3ad-1c49-482a-8d4f-cb1da1df58a6-00000002 cancelled=False
  voucher mid=3 aid=3 Journal/3/20261001 guid=a381c3ad-1c49-482a-8d4f-cb1da1df58a6-00000003 cancelled=False
  voucher mid=4 aid=4 Journal/4/20261001 guid=a381c3ad-1c49-482a-8d4f-cb1da1df58a6-00000004 cancelled=False
  voucher mid=5 aid=5 Journal/5/20261001 guid=a381c3ad-1c49-482a-8d4f-cb1da1df58a6-00000005 cancelled=False
  voucher mid=6 aid=6 Payroll/1/20261001 guid=a381c3ad-1c49-482a-8d4f-cb1da1df58a6-00000006 cancelled=False
  voucher mid=7 aid=7 Receipt/1/20261002 guid=a381c3ad-1c49-482a-8d4f-cb1da1df58a6-00000007 cancelled=False
  voucher mid=8 aid=8 Receipt/2/20261002 guid=a381c3ad-1c49-482a-8d4f-cb1da1df58a6-00000008 cancelled=False
  voucher mid=9 aid=9 Payment/1/20261002 guid=a381c3ad-1c49-482a-8d4f-cb1da1df58a6-00000009 cancelled=False
  voucher mid=10 aid=10 Payment/2/20261002 guid=a381c3ad-1c49-482a-8d4f-cb1da1df58a6-0000000a cancelled=False
  voucher mid=11 aid=11 Contra/1/20261002 guid=a381c3ad-1c49-482a-8d4f-cb1da1df58a6-0000000b cancelled=False
  voucher mid=12 aid=12 Journal/6/20261002 guid=a381c3ad-1c49-482a-8d4f-cb1da1df58a6-0000000c cancelled=False
  voucher mid=13 aid=13 Journal/7/20261002 guid=a381c3ad-1c49-482a-8d4f-cb1da1df58a6-0000000d cancelled=False
  voucher mid=14 aid=14 Sales/1/20261002 guid=a381c3ad-1c49-482a-8d4f-cb1da1df58a6-0000000e cancelled=False
  voucher mid=15 aid=15 Sales/2/20261002 guid=a381c3ad-1c49-482a-8d4f-cb1da1df58a6-0000000f cancelled=False
  voucher mid=16 aid=16 Sales/3/20261002 guid=a381c3ad-1c49-482a-8d4f-cb1da1df58a6-00000010 cancelled=False
  voucher mid=17 aid=17 Purchase/1/20261002 guid=a381c3ad-1c49-482a-8d4f-cb1da1df58a6-00000011 cancelled=False
  INFO share purchase-new (purchase item invoice, New Ref bill (PI-1)): Tally Purchase 1 mid 17; stored party 'Share Supplier' bills [New Ref,New Ref]; the line party 'Share Supplier' bills []; lines voucher_accept_post x1, voucher_full x1
[15:53:07] ---- share purchase-new2: purchase item invoice, a second one (Tally allocates its bill at the save)
  voucher mid=1 aid=1 Journal/1/20260401 guid=a381c3ad-1c49-482a-8d4f-cb1da1df58a6-00000001 cancelled=False
  voucher mid=2 aid=2 Journal/2/20261001 guid=a381c3ad-1c49-482a-8d4f-cb1da1df58a6-00000002 cancelled=False
  voucher mid=3 aid=3 Journal/3/20261001 guid=a381c3ad-1c49-482a-8d4f-cb1da1df58a6-00000003 cancelled=False
  voucher mid=4 aid=4 Journal/4/20261001 guid=a381c3ad-1c49-482a-8d4f-cb1da1df58a6-00000004 cancelled=False
  voucher mid=5 aid=5 Journal/5/20261001 guid=a381c3ad-1c49-482a-8d4f-cb1da1df58a6-00000005 cancelled=False
  voucher mid=6 aid=6 Payroll/1/20261001 guid=a381c3ad-1c49-482a-8d4f-cb1da1df58a6-00000006 cancelled=False
  voucher mid=7 aid=7 Receipt/1/20261002 guid=a381c3ad-1c49-482a-8d4f-cb1da1df58a6-00000007 cancelled=False
  voucher mid=8 aid=8 Receipt/2/20261002 guid=a381c3ad-1c49-482a-8d4f-cb1da1df58a6-00000008 cancelled=False
  voucher mid=9 aid=9 Payment/1/20261002 guid=a381c3ad-1c49-482a-8d4f-cb1da1df58a6-00000009 cancelled=False
  voucher mid=10 aid=10 Payment/2/20261002 guid=a381c3ad-1c49-482a-8d4f-cb1da1df58a6-0000000a cancelled=False
  voucher mid=11 aid=11 Contra/1/20261002 guid=a381c3ad-1c49-482a-8d4f-cb1da1df58a6-0000000b cancelled=False
  voucher mid=12 aid=12 Journal/6/20261002 guid=a381c3ad-1c49-482a-8d4f-cb1da1df58a6-0000000c cancelled=False
  voucher mid=13 aid=13 Journal/7/20261002 guid=a381c3ad-1c49-482a-8d4f-cb1da1df58a6-0000000d cancelled=False
  voucher mid=14 aid=14 Sales/1/20261002 guid=a381c3ad-1c49-482a-8d4f-cb1da1df58a6-0000000e cancelled=False
  voucher mid=15 aid=15 Sales/2/20261002 guid=a381c3ad-1c49-482a-8d4f-cb1da1df58a6-0000000f cancelled=False
  voucher mid=16 aid=16 Sales/3/20261002 guid=a381c3ad-1c49-482a-8d4f-cb1da1df58a6-00000010 cancelled=False
  voucher mid=17 aid=17 Purchase/1/20261002 guid=a381c3ad-1c49-482a-8d4f-cb1da1df58a6-00000011 cancelled=False
[shot] tds-346-gw0 (1024x768)
[15:53:08] [tds] screen tds-346-gw0 : TallyPrime MANAGE EDU K: Company Gatewa of Tall CURRENT PERIOD I-Apr-26 to 31-Mar-27 NAME OF COMPANY FinCom Spike Co Y: Data Z: Exchange O: Import E: Export M: Share p: print Fl: Help Date aaala Q CURRENT OATE Friday, 2-Oct-2026 2-Oct-26 Search Gateway of Tally MASTERS Create Alter CHart of Accounts TRANSACTIONS Vouchers Day 800K UTILITIES BaNking REPORTS Balance Sheet Profit & Loss A/c Stock Summary Ratio Analysis Display More Reports DashbOard Quit Unity Company to ru 756a- OLIO— acep 0670- FOLIO— acep .337. -a30 ning bbb75 ing j _id" : 3-011' 0670- Mode Windows Server 2025 Datacenter Build ...
[shot] tds-347-U2-start (1024x768)
[15:53:08] [tds] screen tds-347-U2-start : TallyPrime MANAGE EDU K: Company Gatewa of Tall CURRENT PERIOD I-Apr-26 to 31-Mar-27 NAME OF COMPANY FinCom Spike Co Y: Data Z: Exchange O: Import E: Export M: Share p: print Fl: Help Date aaala Q CURRENT OATE Friday, 2-Oct-2026 2-Oct-26 Search Gateway of Tally MASTERS Create Alter CHart of Accounts TRANSACTIONS Vouchers Day 800K UTILITIES BaNking REPORTS Balance Sheet Profit & Loss A/c Stock Summary Ratio Analysis Display More Reports DashbOard Quit Unity Company to ru 756a- OLIO— acep 0670- FOLIO— acep .337. -a30 ning bbb75 ing j _id" : 3-011' 0670- Mode Windows Server 2025 Datacenter Build ...
[keys] 'v' -> Tally 'TallyPrime:9000'
[shot] tds-348-U2-vouchers (1024x768)
[15:53:13] [tds] screen tds-348-U2-vouchers : TallyPrime MANAGE EDU K: Company Accounting»ucher Creation 76 Purchase No. 2 Su*i« Imoice No. Party Alc narne: Current balance: Purchase ledger: • Current balance: Name of Item Narration: Unity Quit Y: Data Date Z: Exchange A Accept Q Search FinCom Spike Co O: Import Quantity E: Export Rate M: Share per p: print x 20ct-26 Friday Amount Fl: Help Date aaala Company to ru F4: Contra F5: Payment Receipt Journal Sales 756a- OLIO— acep 0670- FOLIO— F9: Purchase Fl 0: 0åHVouctg•s F: Autofill Change Mode More Details o: L: Related Reports Optional post -Dated acep .337. -a30 ning bbb75 ing j _id" : 3-...
[keys] '{F9}' -> Tally 'TallyPrime:9000'
[shot] tds-349-U2-type (1024x768)
[15:53:17] [tds] screen tds-349-U2-type : TallyPrime MANAGE EDU K: Company Accounting»ucher Creation 76 Purchase No. 2 Su*i« Imoice No. Party Alc narne: Current balance: Purchase ledger: • Current balance: Name of Item Narration: Unity Quit Y: Data Date Z: Exchange A Accept Q Search FinCom Spike Co O: Import Quantity E: Export Rate M: Share per p: print x 20ct-26 Friday Amount Fl: Help Date aaala Company to ru F4: Contra F5: Payment Receipt Journal Sales 756a- OLIO— acep 0670- FOLIO— F9: Purchase Fl 0: 0åHVouctg•s F: Autofill Change Mode More Details o: L: Related Reports Optional post -Dated acep .337. -a30 ning bbb75 ing j _id" : 3-...
[keys] '^h' -> Tally 'TallyPrime:9000'
[shot] tds-350-U2-mode (1024x768)
[15:53:20] [tds] screen tds-350-U2-mode : TallyPrime MANAGE EDU K: Company Change Mode Unity Quit Y: Data Z: Exchange O: Import E: Export M: Share p: print Fl: Help FinCom • ke Co Change Voucher Mode Item Invoice List of Modes/Usa es Item Invoice Accounting Invoice As Voucher A Accept Q Search aaala to ru 756a- OLIO— acep 0670- FOLIO— acep .337. -a30 ning bbb75 ing j _id" : 3-011' 0670- Mode Windows Server 2025 Datacenter Build 26100.ge_release240331-1435 3:53 PM 10/8/2026
[keys] 'Item Invoice{ENTER}' -> Tally 'TallyPrime:9000'
[shot] tds-351-U2-item-mode (1024x768)
[15:53:24] [tds] screen tds-351-U2-item-mode : TallyPrime MANAGE EDU K: Company Accounting»ucher Creation 76 Purchase No. 2 Su*i« Imoice No. Party Alc narne: Current balance: Purchase ledger: • Current balance: Name of Item Narration: Unity Quit Y: Data Date Z: Exchange A Accept Q Search FinCom Spike Co O: Import Quantity E: Export Rate M: Share per p: print x 20ct-26 Friday Amount Fl: Help Date aaala Company to ru F4: Contra F5: Payment Receipt Journal Sales 756a- OLIO— acep 0670- FOLIO— F9: Purchase Fl 0: 0åHVouctg•s F: Autofill Change Mode More Details o: L: Related Reports Optional post -Dated acep .337. -a30 ning bbb75 ing j _id" : 3-...
[keys] '{F2}' -> Tally 'TallyPrime:9000'
[shot] tds-352-U2-date-box (1024x768)
[15:53:27] [tds] screen tds-352-U2-date-box : TallyPrime MANAGE EDU K: Company Change Voucher Date Unity Quit Y: Data Z: Exchange A Accept Q Search O: Import E: Export M: Share p: print Fl: Help FinCom Spike Co Voucher Date 3-10-2026 aaala to ru 756a- OLIO— acep 0670- FOLIO— acep .337. -a30 ning bbb75 ing j _id" : 3-011' 0670- Mode Windows Server 2025 Datacenter Build 26100.ge_release240331-1435 3:53 PM 10/8/2026
[keys] '2-10-2026{ENTER}' -> Tally 'TallyPrime:9000'
[shot] tds-353-U2-date (1024x768)
[15:53:31] [tds] screen tds-353-U2-date : TallyPrime MANAGE EDU K: Company Accounting»ucher Creation 76 Purchase No. 2 Su*i« Imoice No. Party Alc narne: Current balance: Purchase ledger: • Current balance: Name of Item Narration: Unity Quit Y: Data Date Z: Exchange A Accept Q Search FinCom Spike Co O: Import Quantity E: Export Rate M: Share per p: print x 20ct-26 Friday Amount Fl: Help Date aaala Company to ru F4: Contra F5: Payment Receipt Journal Sales 756a- OLIO— acep 0670- FOLIO— F9: Purchase Fl 0: 0åHVouctg•s F: Autofill Change Mode More Details o: L: Related Reports Optional post -Dated acep .337. -a30 ning bbb75 ing j _id" : 3-...
[keys] 'SUP-2{ENTER}' -> Tally 'TallyPrime:9000'
[shot] tds-354-U2-head (1024x768)
[15:53:34] [tds] screen tds-354-U2-head : TallyPrime MANAGE EDU K: Company Accounting»ucher Creation 76 Purchase No. 2 Su*lmoice No.: SUP-2 Party Alc narne: Current balance: Purchase ledger: • Current balance: Name of Item Narration: Unity Quit Y: Data Date Z: Exchange 2-Oct-26 A Accept Q Search FinCom Spike Co O: Import Quantity E: Export Rate M: Share per p: print x 20ct-26 Friday Amount Fl: Help Date aaala Company to ru F4: Contra F5: Payment Receipt Journal Sales 756a- OLIO— acep 0670- FOLIO— F9: Purchase Fl 0: 0åHVouctg•s F: Autofill Change Mode More Details o: L: Related Reports Optional post -Dated acep .337. -a30 ning bbb75 in...
[keys] '{ENTER}' -> Tally 'TallyPrime:9000'
[shot] tds-355-U2-head (1024x768)
[15:53:37] [tds] screen tds-355-U2-head : TallyPrime MANAGE EDU K: Company Accounting»ucher Creation 76 Purchase No. 2 Su*lmoice No.: SUP-2 Party Alc narne. Current balance: Purchase ledger: • Current balance: Name of Item Narration: Unity Quit Y: Data Date Z: Exchange 2-Oct-26 A Accept Q Search FinCom Spike Co O: Import E: Export List of Led er Accounts Cash Share Bank Share Party Share Supplier Spike Party Spike Party 2 Ul Party M: Share p: print x Create Fl: Help Date aaala Company to ru F4: Contra F5: Payment Receipt Journal Sales 756a- OLIO— acep 0670- FOLIO— F9: Purchase Fl 0: 0åHVouctg•s F: Autofill Change Mode More Details o: ...
[keys] 'Share Supplier{ENTER}' -> Tally 'TallyPrime:9000'
[shot] tds-356-U2-party (1024x768)
[15:53:42] [tds] screen tds-356-U2-party : TallyPrime MANAGE EDU K: Company Details Y: Data Z: Exchange Accept Q Search O: Import E: Export M: Share p: print Fl: Help x Receipt Note No(s) FinCom Spike Co Receipt Details Receipt Doc No. Dispatched through Destination Carrier Name/Agent Bill of No. Motor Vehicle No. Date: Unity Quit aaala to ru 756a- OLIO— acep 0670- FOLIO— acep .337. -a30 ning bbb75 ing j _id" : 3-011' 0670- Mode Windows Server 2025 Datacenter Build 26100.ge_release240331-1435 3:53 PM 10/8/2026
[shot] tds-357-U2-party-sub1 (1024x768)
[15:53:42] [tds] screen tds-357-U2-party-sub1 : TallyPrime MANAGE EDU K: Company Details Y: Data Z: Exchange Accept Q Search O: Import E: Export M: Share p: print Fl: Help x Receipt Note No(s) FinCom Spike Co Receipt Details Receipt Doc No. Dispatched through Destination Carrier Name/Agent Bill of No. Motor Vehicle No. Date: Unity Quit aaala to ru 756a- OLIO— acep 0670- FOLIO— acep .337. -a30 ning bbb75 ing j _id" : 3-011' 0670- Mode Windows Server 2025 Datacenter Build 26100.ge_release240331-1435 3:53 PM 10/8/2026
[keys] '^a' -> Tally 'TallyPrime:9000'
[shot] tds-358-U2-party-sub-accept (1024x768)
[15:53:46] [tds] screen tds-358-U2-party-sub-accept : Unity TallyPrime MANAGE EDU K: Company Details Quit Y: Data Z: Exchange FinCom Spike Co Party Details List of Led er Accounts Share Party Share Supplier Spike Party Spike Party 2 Ul Party O: Import Create New Party E: Export M: Share p: print Fl: Help Supplier (Bill from) Mailing Name Address State Country GST Registration type GSTIN/UIN Place of Supply Accept Q Search x L: Fetch Details Using aaala to ru 756a- OLIO— acep 0670- FOLIO— acep .337. -a30 ning bbb75 GSTIN/UIN ing j _id" : 3-011' 0670- Configure Mode Windows Server 2025 Datacenter Build 26100.ge_release240331-1435 3:53 PM 10/8/2026
[shot] tds-359-U2-party-sub2 (1024x768)
[15:53:47] [tds] screen tds-359-U2-party-sub2 : Unity TallyPrime MANAGE EDU K: Company Details Quit Y: Data Z: Exchange FinCom Spike Co Party Details List of Led er Accounts Share Party Share Supplier Spike Party Spike Party 2 Ul Party O: Import Create New Party E: Export M: Share p: print Fl: Help Supplier (Bill from) Mailing Name Address State Country GST Registration type GSTIN/UIN Place of Supply Accept Q Search x L: Fetch Details Using aaala to ru 756a- OLIO— acep 0670- FOLIO— acep .337. -a30 ning bbb75 GSTIN/UIN ing j _id" : 3-011' 0670- Configure Mode Windows Server 2025 Datacenter Build 26100.ge_release240331-1435 3:53 PM 10/8/2026
[keys] '^a' -> Tally 'TallyPrime:9000'
[shot] tds-360-U2-party-sub-accept (1024x768)
[15:53:50] [tds] screen tds-360-U2-party-sub-accept : M: Share FinCom Spike Co 76 TallyPrime MANAGE EDU K: Company Accounting»ucher Creation Purchase No. 2 Su*lmoice No.: SUP-2 Y: Data Date Z: Exchange 2-Oct-26 A Accept Q Search O: Import E: Export List of Led er Accounts Share Purchase p: print x Create Show More Fl: Help Date aaala Company to ru PartyA/c narne: Share Supplier Currentbalance: 3,360.00Cr Purchase ledger: • Current balance: Name of Item Narration: Quit F4: Contra F5: Payment Receipt Journal Sales 756a- OLIO— acep 0670- FOLIO— F9: Purchase Fl 0: 0åHVouctg•s F: Autofill Change Mode More Details o: L: Related Reports Optional post -D...
[shot] tds-361-U2-party-sub3 (1024x768)
[15:53:51] [tds] screen tds-361-U2-party-sub3 : M: Share FinCom Spike Co 76 TallyPrime MANAGE EDU K: Company Accounting»ucher Creation Purchase No. 2 Su*lmoice No.: SUP-2 Y: Data Date Z: Exchange 2-Oct-26 A Accept Q Search O: Import E: Export List of Led er Accounts Share Purchase p: print x Create Show More Fl: Help Date aaala Company to ru PartyA/c narne: Share Supplier Currentbalance: 3,360.00Cr Purchase ledger: • Current balance: Name of Item Narration: Quit F4: Contra F5: Payment Receipt Journal Sales 756a- OLIO— acep 0670- FOLIO— F9: Purchase Fl 0: 0åHVouctg•s F: Autofill Change Mode More Details o: L: Related Reports Optional post -D...
[keys] 'Share Purchase{ENTER}' -> Tally 'TallyPrime:9000'
[shot] tds-362-U2-ledger (1024x768)
[15:53:55] [tds] screen tds-362-U2-ledger : TallyPrime MANAGE EDU K: Company Accounting»ucher Creation Purchase No. 2 Su*lmoice No.: SUP-2 76 Ch Y: Data Date Z: Exchange 2-Oct-26 A Accept Q Search FinCom Spike Co O: Import Quantity E: Export Rate M: Share per p: print x 20ct-26 Friday Amount Fl: Help Date aaala Company to ru PartyA/c narne: Share Supplier Currentbalance: 3,360.00 Cr Purchase ledger: Share Purchase • Current balance: 160.00 Dr Name of Item Narration: Quit F4: Contra F5: Payment Receipt Journal Sales 756a- OLIO— acep 0670- FOLIO— F9: Purchase Fl 0: 0åHVouctg•s F: Autofill Change Mode More Details o: L: Related Reports Opt...
[keys] 'Share Item{ENTER}' -> Tally 'TallyPrime:9000'
[shot] tds-363-U2-item (1024x768)
[15:53:59] [tds] screen tds-363-U2-item : FinCom Spike Co 76 TallyPrime MANAGE EDU K: Company Accounting»ucher Creation Purchase No. 2 Su*lmoice No.: SUP-2 Y: Data Date Z: Exchange 2-Oct-26 A Accept Q Search O: Import Quantity E: Export Rate M: Share per p: print x 20ct-26 Friday Amount Fl: Help Date aaala Company to ru PartyA/c narne: Share Supplier Currentbalance: 3,360.00 Cr Purchase ledger: Share Purchase • Current balance: 160.00 Dr Name of Item Share Item Narration: Quit F4: Contra F5: Payment Receipt Journal Sales 756a- OLIO— acep 0670- FOLIO— F9: Purchase Fl 0: 0åHVouctg•s F: Autofill Change Mode More Details o: L: Related Rep...
[shot] tds-364-U2-item-sub1 (1024x768)
[15:54:00] [tds] screen tds-364-U2-item-sub1 : FinCom Spike Co 76 TallyPrime MANAGE EDU K: Company Accounting»ucher Creation Purchase No. 2 Su*lmoice No.: SUP-2 Y: Data Date Z: Exchange 2-Oct-26 A Accept Q Search O: Import Quantity E: Export Rate M: Share per p: print x 20ct-26 Friday Amount Fl: Help Date aaala Company to ru PartyA/c narne: Share Supplier Currentbalance: 3,360.00 Cr Purchase ledger: Share Purchase • Current balance: 160.00 Dr Name of Item Share Item Narration: Quit F4: Contra F5: Payment Receipt Journal Sales 756a- OLIO— acep 0670- FOLIO— F9: Purchase Fl 0: 0åHVouctg•s F: Autofill Change Mode More Details o: L: Related Rep...
[keys] '3{ENTER}' -> Tally 'TallyPrime:9000'
[shot] tds-365-U2-qty (1024x768)
[15:54:03] [tds] screen tds-365-U2-qty : FinCom Spike Co 76 TallyPrime MANAGE EDU K: Company Accounting»ucher Creation Purchase No. 2 Su*lmoice No.: SUP-2 Y: Data Date Z: Exchange 2-Oct-26 A Accept Q Search O: Import Quantity 3 Nos 3 Nos E: Export Rate 80.00 M: Share per Nos p: print x 20ct-26 Friday Amount 240.00 Fl: Help Date aaala Company to ru PartyA/c narne: Share Supplier Currentbalance: 3,360.00 Cr Purchase ledger: Share Purchase • Current balance: 160.00 Dr Name of Item Share Item Narration: Quit F4: Contra F5: Payment Receipt Journal Sales 756a- OLIO— acep 0670- FOLIO— F9: Purchase Fl 0: 0åHVouctg•s F: Autofill Change Mode M...
[keys] '80{ENTER}' -> Tally 'TallyPrime:9000'
[shot] tds-366-U2-rate (1024x768)
[15:54:06] [tds] screen tds-366-U2-rate : FinCom Spike Co 76 TallyPrime MANAGE EDU K: Company Accounting»ucher Creation Purchase No. 2 Su*lmoice No.: SUP-2 Y: Data Date Z: Exchange 2-Oct-26 A Accept Q Search O: Import Quantity 3 Nos 3 Nos E: Export Rate 80.00 M: Share per Nos p: print x 20ct-26 Friday Amount 240.00 Fl: Help Date aaala Company to ru PartyA/c narne: Share Supplier Currentbalance: 3,360.00 Cr Purchase ledger: Share Purchase • Current balance: 160.00 Dr Name of Item Share Item Narration: Quit F4: Contra F5: Payment Receipt Journal Sales 756a- OLIO— acep 0670- FOLIO— F9: Purchase Fl 0: 0åHVouctg•s F: Autofill Change Mode M...
[keys] '{ENTER}' -> Tally 'TallyPrime:9000'
[shot] tds-367-U2-amount (1024x768)
[15:54:09] [tds] screen tds-367-U2-amount : FinCom Spike Co 76 TallyPrime MANAGE EDU K: Company Accounting»ucher Creation Purchase No. 2 Su*lmoice No.: SUP-2 Y: Data Date Z: Exchange 2-Oct-26 A Accept Q Search O: Import Quantity 3 Nos 3 Nos E: Export Rate 80.00 M: Share per Nos p: print x 20ct-26 Friday Amount 240.00 Fl: Help Date aaala Company to ru PartyA/c narne: Share Supplier Currentbalance: 3,360.00 Cr Purchase ledger: Share Purchase • Current balance: 160.00 Dr Name of Item Share Item Narration: Quit F4: Contra F5: Payment Receipt Journal Sales 756a- OLIO— acep 0670- FOLIO— F9: Purchase Fl 0: 0åHVouctg•s F: Autofill Change Mode M...
[shot] tds-368-U2-item-b-sub1 (1024x768)
[15:54:10] [tds] screen tds-368-U2-item-b-sub1 : FinCom Spike Co 76 TallyPrime MANAGE EDU K: Company Accounting»ucher Creation Purchase No. 2 Su*lmoice No.: SUP-2 Y: Data Date Z: Exchange 2-Oct-26 A Accept Q Search O: Import Quantity 3 Nos 3 Nos E: Export Rate 80.00 M: Share per Nos p: print x 20ct-26 Friday Amount 240.00 Fl: Help Date aaala Company to ru PartyA/c narne: Share Supplier Currentbalance: 3,360.00 Cr Purchase ledger: Share Purchase • Current balance: 160.00 Dr Name of Item Share Item Narration: Quit F4: Contra F5: Payment Receipt Journal Sales 756a- OLIO— acep 0670- FOLIO— F9: Purchase Fl 0: 0åHVouctg•s F: Autofill Change Mode M...
[keys] '{ENTER}' -> Tally 'TallyPrime:9000'
[shot] tds-369-U2-items-done (1024x768)
[15:54:13] [tds] screen tds-369-U2-items-done : FinCom Spike Co 76 TallyPrime MANAGE EDU K: Company Accounting»ucher Creation Purchase No. 2 Su*lmoice No.: SUP-2 Y: Data Date Z: Exchange 2-Oct-26 A Accept Q Search O: Import Quantity 3 Nos 3 Nos E: Export Rate 80.00 M: Share per Nos p: print x 20ct-26 Friday Amount 240.00 240.00 Fl: Help Date aaala Company to ru PartyA/c narne: Share Supplier Currentbalance: 3,360.00 Cr Purchase ledger: Share Purchase • Current balance: 160.00 Dr Name of Item Share Item Narration: Quit F4: Contra F5: Payment Receipt Journal Sales 756a- OLIO— acep 0670- FOLIO— F9: Purchase Fl 0: 0åHVouctg•s F: Autofill Change...
[keys] '^a' -> Tally 'TallyPrime:9000'
[shot] tds-370-U2-accept1 (1024x768)
[15:54:18] [tds] screen tds-370-U2-accept1 : TallyPrime MANAGE EDU K: Company Accounting»ucher Creation 76 Purchase Su*i« Imoice No. Party Alc narne: Current balance: Purchase ledger: • Current balance: Name of Item Narration: Unity Quit Y: Data Date Z: Exchange A Accept Q Search FinCom Spike Co O: Import Quantity E: Export Rate M: Share per p: print x 20ct-26 Friday Amount Fl: Help Date aaala Company to ru F4: Contra F5: Payment Receipt Journal Sales 756a- OLIO— acep 0670- FOLIO— F9: Purchase Fl 0: 0åHVouctg•s F: Autofill Change Mode More Details o: L: Related Reports Optional post -Dated acep .337. -a30 ning bbb75 ing j _id" : 3-011' 0...
[shot] tds-371-U2-after1 (1024x768)
[15:54:19] [tds] screen tds-371-U2-after1 : TallyPrime MANAGE EDU K: Company Accounting»ucher Creation 76 Purchase Su*i« Imoice No. Party Alc narne: Current balance: Purchase ledger: • Current balance: Name of Item Narration: Unity Quit Y: Data Date Z: Exchange A Accept Q Search FinCom Spike Co O: Import Quantity E: Export Rate M: Share per p: print x 20ct-26 Friday Amount Fl: Help Date aaala Company to ru F4: Contra F5: Payment Receipt Journal Sales 756a- OLIO— acep 0670- FOLIO— F9: Purchase Fl 0: 0åHVouctg•s F: Autofill Change Mode More Details o: L: Related Reports Optional post -Dated acep .337. -a30 ning bbb75 ing j _id" : 3-011' 0...
[shot] tds-372-gw0 (1024x768)
[15:54:20] [tds] screen tds-372-gw0 : TallyPrime MANAGE EDU K: Company Accounting»ucher Creation 76 Purchase Su*i« Imoice No. Party Alc narne: Current balance: Purchase ledger: • Current balance: Name of Item Narration: Unity Quit Y: Data Date Z: Exchange A Accept Q Search FinCom Spike Co O: Import Quantity E: Export Rate M: Share per p: print x 20ct-26 Friday Amount Fl: Help Date aaala Company to ru F4: Contra F5: Payment Receipt Journal Sales 756a- OLIO— acep 0670- FOLIO— F9: Purchase Fl 0: 0åHVouctg•s F: Autofill Change Mode More Details o: L: Related Reports Optional post -Dated acep .337. -a30 ning bbb75 ing j _id" : 3-011' 0...
[keys] '{ESC}' -> Tally 'TallyPrime:9000'
[shot] tds-373-gw1 (1024x768)
[15:54:23] [tds] screen tds-373-gw1 : TallyPrime MANAGE EDU K: Company Accounting»ucher Creation 76 Purchase Su*i« Imoice No. Party Alc narne: Current balance: Purchase ledger: • Current balance: Name of Item Narration: Unity Q: Quit Y: Data Date Z: Exchange A: Accept Q Search FinCom Spike Co O: Import Quantity E: Export Rate M: Share per p: print x 20ct-26 Friday Amount Quit o Yes or No D: Delete X: Cancel Vch Fl: Help F2: Date F3: Company F4: Contra F5: Payment F6: Receipt F7: Journal F8: Sales F9: Purchase F: Autofill H: Change Mode l: More Details O: Related Reports k: Optional T: post -Dated Fl 2: Configure aaala to ru 756a- ...
[keys] 'y' -> Tally 'TallyPrime:9000'
[shot] tds-374-gw2 (1024x768)
[15:54:27] [tds] screen tds-374-gw2 : TallyPrime MANAGE EDU K: Company Gatewa of Tall CURRENT PERIOD I-Apr-26 to 31-Mar-27 NAME OF COMPANY FinCom Spike Co Y: Data Z: Exchange O: Import E: Export M: Share p: print Fl: Help Date aaala Q CURRENT OATE Friday, 2-Oct-2026 2-Oct-26 Search Gateway of Tally MASTERS Create Alter CHart of Accounts TRANSACTIONS Vouchers Day 800K UTILITIES BaNking REPORTS Balance Sheet Profit & Loss A/c Stock Summary Ratio Analysis Display More Reports DashbOard Quit Unity Company to ru 756a- OLIO— acep 0670- FOLIO— acep .337. -a30 ning bbb75 ing j _id" : 3-011' 0670- Mode Windows Server 2025 Datacenter Build ...
  voucher mid=1 aid=1 Journal/1/20260401 guid=a381c3ad-1c49-482a-8d4f-cb1da1df58a6-00000001 cancelled=False
  voucher mid=2 aid=2 Journal/2/20261001 guid=a381c3ad-1c49-482a-8d4f-cb1da1df58a6-00000002 cancelled=False
  voucher mid=3 aid=3 Journal/3/20261001 guid=a381c3ad-1c49-482a-8d4f-cb1da1df58a6-00000003 cancelled=False
  voucher mid=4 aid=4 Journal/4/20261001 guid=a381c3ad-1c49-482a-8d4f-cb1da1df58a6-00000004 cancelled=False
  voucher mid=5 aid=5 Journal/5/20261001 guid=a381c3ad-1c49-482a-8d4f-cb1da1df58a6-00000005 cancelled=False
  voucher mid=6 aid=6 Payroll/1/20261001 guid=a381c3ad-1c49-482a-8d4f-cb1da1df58a6-00000006 cancelled=False
  voucher mid=7 aid=7 Receipt/1/20261002 guid=a381c3ad-1c49-482a-8d4f-cb1da1df58a6-00000007 cancelled=False
  voucher mid=8 aid=8 Receipt/2/20261002 guid=a381c3ad-1c49-482a-8d4f-cb1da1df58a6-00000008 cancelled=False
  voucher mid=9 aid=9 Payment/1/20261002 guid=a381c3ad-1c49-482a-8d4f-cb1da1df58a6-00000009 cancelled=False
  voucher mid=10 aid=10 Payment/2/20261002 guid=a381c3ad-1c49-482a-8d4f-cb1da1df58a6-0000000a cancelled=False
  voucher mid=11 aid=11 Contra/1/20261002 guid=a381c3ad-1c49-482a-8d4f-cb1da1df58a6-0000000b cancelled=False
  voucher mid=12 aid=12 Journal/6/20261002 guid=a381c3ad-1c49-482a-8d4f-cb1da1df58a6-0000000c cancelled=False
  voucher mid=13 aid=13 Journal/7/20261002 guid=a381c3ad-1c49-482a-8d4f-cb1da1df58a6-0000000d cancelled=False
  voucher mid=14 aid=14 Sales/1/20261002 guid=a381c3ad-1c49-482a-8d4f-cb1da1df58a6-0000000e cancelled=False
  voucher mid=15 aid=15 Sales/2/20261002 guid=a381c3ad-1c49-482a-8d4f-cb1da1df58a6-0000000f cancelled=False
  voucher mid=16 aid=16 Sales/3/20261002 guid=a381c3ad-1c49-482a-8d4f-cb1da1df58a6-00000010 cancelled=False
  voucher mid=17 aid=17 Purchase/1/20261002 guid=a381c3ad-1c49-482a-8d4f-cb1da1df58a6-00000011 cancelled=False
  voucher mid=18 aid=18 Purchase/2/20261002 guid=a381c3ad-1c49-482a-8d4f-cb1da1df58a6-00000012 cancelled=False
  INFO share purchase-new2 (purchase item invoice, a second one (Tally allocates its bill at the save)): Tally Purchase 2 mid 18; stored party 'Share Supplier' bills [New Ref,New Ref]; the line party 'Share Supplier' bills []; lines voucher_accept_post x1, voucher_full x1
[15:54:30] ---- share sales-agst: sales in As Voucher mode, the party Dr with an Agst Ref bill (the advance ADVS-1)
  voucher mid=1 aid=1 Journal/1/20260401 guid=a381c3ad-1c49-482a-8d4f-cb1da1df58a6-00000001 cancelled=False
  voucher mid=2 aid=2 Journal/2/20261001 guid=a381c3ad-1c49-482a-8d4f-cb1da1df58a6-00000002 cancelled=False
  voucher mid=3 aid=3 Journal/3/20261001 guid=a381c3ad-1c49-482a-8d4f-cb1da1df58a6-00000003 cancelled=False
  voucher mid=4 aid=4 Journal/4/20261001 guid=a381c3ad-1c49-482a-8d4f-cb1da1df58a6-00000004 cancelled=False
  voucher mid=5 aid=5 Journal/5/20261001 guid=a381c3ad-1c49-482a-8d4f-cb1da1df58a6-00000005 cancelled=False
  voucher mid=6 aid=6 Payroll/1/20261001 guid=a381c3ad-1c49-482a-8d4f-cb1da1df58a6-00000006 cancelled=False
  voucher mid=7 aid=7 Receipt/1/20261002 guid=a381c3ad-1c49-482a-8d4f-cb1da1df58a6-00000007 cancelled=False
  voucher mid=8 aid=8 Receipt/2/20261002 guid=a381c3ad-1c49-482a-8d4f-cb1da1df58a6-00000008 cancelled=False
  voucher mid=9 aid=9 Payment/1/20261002 guid=a381c3ad-1c49-482a-8d4f-cb1da1df58a6-00000009 cancelled=False
  voucher mid=10 aid=10 Payment/2/20261002 guid=a381c3ad-1c49-482a-8d4f-cb1da1df58a6-0000000a cancelled=False
  voucher mid=11 aid=11 Contra/1/20261002 guid=a381c3ad-1c49-482a-8d4f-cb1da1df58a6-0000000b cancelled=False
  voucher mid=12 aid=12 Journal/6/20261002 guid=a381c3ad-1c49-482a-8d4f-cb1da1df58a6-0000000c cancelled=False
  voucher mid=13 aid=13 Journal/7/20261002 guid=a381c3ad-1c49-482a-8d4f-cb1da1df58a6-0000000d cancelled=False
  voucher mid=14 aid=14 Sales/1/20261002 guid=a381c3ad-1c49-482a-8d4f-cb1da1df58a6-0000000e cancelled=False
  voucher mid=15 aid=15 Sales/2/20261002 guid=a381c3ad-1c49-482a-8d4f-cb1da1df58a6-0000000f cancelled=False
  voucher mid=16 aid=16 Sales/3/20261002 guid=a381c3ad-1c49-482a-8d4f-cb1da1df58a6-00000010 cancelled=False
  voucher mid=17 aid=17 Purchase/1/20261002 guid=a381c3ad-1c49-482a-8d4f-cb1da1df58a6-00000011 cancelled=False
  voucher mid=18 aid=18 Purchase/2/20261002 guid=a381c3ad-1c49-482a-8d4f-cb1da1df58a6-00000012 cancelled=False
[shot] tds-375-gw0 (1024x768)
[15:54:31] [tds] screen tds-375-gw0 : TallyPrime MANAGE EDU K: Company Gatewa of Tall CURRENT PERIOD I-Apr-26 to 31-Mar-27 NAME OF COMPANY FinCom Spike Co Y: Data Z: Exchange O: Import E: Export M: Share p: print Fl: Help Date aaala Q CURRENT OATE Friday, 2-Oct-2026 2-Oct-26 Search Gateway of Tally MASTERS Create Alter CHart of Accounts TRANSACTIONS Vouchers Day 800K UTILITIES BaNking REPORTS Balance Sheet Profit & Loss A/c Stock Summary Ratio Analysis Display More Reports DashbOard Quit Unity Company to ru 756a- OLIO— acep 0670- FOLIO— acep .337. -a30 ning bbb75 ing j _id" : 3-011' 0670- Mode Windows Server 2025 Datacenter Build ...
[shot] tds-376-S3-start (1024x768)
[15:54:31] [tds] screen tds-376-S3-start : TallyPrime MANAGE EDU K: Company Gatewa of Tall CURRENT PERIOD I-Apr-26 to 31-Mar-27 NAME OF COMPANY FinCom Spike Co Y: Data Z: Exchange O: Import E: Export M: Share p: print Fl: Help Date aaala Q CURRENT OATE Friday, 2-Oct-2026 2-Oct-26 Search Gateway of Tally MASTERS Create Alter CHart of Accounts TRANSACTIONS Vouchers Day 800K UTILITIES BaNking REPORTS Balance Sheet Profit & Loss A/c Stock Summary Ratio Analysis Display More Reports DashbOard Quit Unity Company to ru 756a- OLIO— acep 0670- FOLIO— acep .337. -a30 ning bbb75 ing j _id" : 3-011' 0670- Mode Windows Server 2025 Datacenter Build ...
[keys] 'v' -> Tally 'TallyPrime:9000'
[shot] tds-377-S3-vouchers (1024x768)
[15:54:35] [tds] screen tds-377-S3-vouchers : TallyPrime MANAGE EDU K: Company Accounting»ucher Creation 76 Purchase Su*i« Imoice No. Party Alc narne: Current balance: Purchase ledger: • Current balance: Name of Item Narration: Unity Quit Y: Data Date Z: Exchange A Accept Q Search FinCom Spike Co O: Import Quantity E: Export Rate M: Share per p: print x 20ct-26 Friday Amount Fl: Help Date aaala Company to ru F4: Contra F5: Payment Receipt Journal Sales 756a- OLIO— acep 0670- FOLIO— F9: Purchase Fl 0: 0åHVouctg•s F: Autofill Change Mode More Details o: L: Related Reports Optional post -Dated acep .337. -a30 ning bbb75 ing j _id" : 3-011' 0...
[keys] '{F8}' -> Tally 'TallyPrime:9000'
[shot] tds-378-S3-type (1024x768)
[15:54:40] [tds] screen tds-378-S3-type : TallyPrime MANAGE EDU K: Company Accounting Voucher Creation 76 Sales No. 4 Party Alc narne. Current balance: Sales ledger: • Current balance: Name of Item Narration: Unity Quit Y: Data Z: Exchange A Accept Q Search FinCom • ke Co O: Import E: Export List of Led er Accounts Cash Share Bank Share Party Share Supplier Spike Party Spike Party 2 Ul Party M: Share p: print x Create Fl: Help Date aaala Company to ru F4: Contra F5: Payment Receipt Journal F8: Sales 756a- OLIO— acep 0670- FOLIO— Purchase • Fl 0: 0åHVouctg•s F: Autofill Change Mode More Details o: L: Related Reports Optional post -Date...
[keys] '^h' -> Tally 'TallyPrime:9000'
[shot] tds-379-S3-type (1024x768)
[15:54:44] [tds] screen tds-379-S3-type : TallyPrime MANAGE EDU K: Company Change Mode Unity Quit Y: Data Z: Exchange O: Import E: Export M: Share p: print Fl: Help FinCom • ke Co Change Voucher Mode Item Invoice List of Modes/Usa es Item Invoice Accounting Invoice As Voucher A Accept Q Search aaala to ru 756a- OLIO— acep 0670- FOLIO— acep .337. -a30 ning bbb75 ing j _id" : 3-011' 0670- Mode Windows Server 2025 Datacenter Build 26100.ge_release240331-1435 3:54 PM 10/8/2026
[keys] 'As Voucher{ENTER}' -> Tally 'TallyPrime:9000'
[shot] tds-380-S3-type (1024x768)
[15:54:48] [tds] screen tds-380-S3-type : Y: Data 76 Unity TallyPrime MANAGE EDU K: Company Accounting Voucher Creation Sales No. 4 Particulars Narration: Quit Z: Exchange A Accept Q Search FinCom • ke Co O: Import E: Export List of Led er Accounts Cash Share Bank Share Party Share Supplier Spike Party Spike Party 2 Ul Party M: Share p: print x Create Fl: Help Date aaala Company to ru F4: Contra F5: Payment Receipt Journal F8: Sales 756a- OLIO— acep 0670- FOLIO— Purchase • Fl 0: 0åHVouctg•s F: Autofill Change Mode More Details o: L: Related Reports Optional post -Dated acep .337. -a30 ning bbb75 ing j _id" : 3-011' 0670- D: Delete Can...
[keys] '{F2}' -> Tally 'TallyPrime:9000'
[shot] tds-381-S3-date-box (1024x768)
[15:54:51] [tds] screen tds-381-S3-date-box : TallyPrime MANAGE EDU K: Company Change Voucher Date Unity Quit Y: Data Z: Exchange A Accept Q Search O: Import E: Export M: Share p: print Fl: Help FinCom Spike Co Voucher Date 3-10-2026 aaala to ru 756a- OLIO— acep 0670- FOLIO— acep .337. -a30 ning bbb75 ing j _id" : 3-011' 0670- Mode Windows Server 2025 Datacenter Build 26100.ge_release240331-1435 3:54 PM 10/8/2026
[keys] '2-10-2026{ENTER}' -> Tally 'TallyPrime:9000'
[shot] tds-382-S3-date (1024x768)
[15:54:55] [tds] screen tds-382-S3-date : Y: Data 76 Unity TallyPrime MANAGE EDU K: Company Accounting Voucher Creation Sales No. 4 Particulars Narration: Quit Z: Exchange A Accept Q Search FinCom • ke Co O: Import E: Export List of Led er Accounts Cash Share Bank Share Party Share Supplier Spike Party Spike Party 2 Ul Party M: Share p: print x Create Fl: Help Date aaala Company to ru F4: Contra F5: Payment Receipt Journal F8: Sales 756a- OLIO— acep 0670- FOLIO— Purchase • Fl 0: 0åHVouctg•s F: Autofill Change Mode More Details o: L: Related Reports Optional post -Dated acep .337. -a30 ning bbb75 ing j _id" : 3-011' 0670- D: Delete Can...
[keys] 'Share Party{ENTER}' -> Tally 'TallyPrime:9000'
[shot] tds-383-S3-row1 (1024x768)
[15:54:58] [tds] screen tds-383-S3-row1 : TallyPrime MANAGE EDU K: Company Details Y: Data Z: Exchange Accept Q Search O: Import E: Export M: Share p: print Fl: Help x Delivery Note No(s) FinCom Spike Co Dispatch Details Dispatch Doc No. Dispatched through Destination Carrier Name/Agent Bill of No. Motor Vehicle No. Date: Unity Quit aaala to ru 756a- OLIO— acep 0670- FOLIO— acep .337. -a30 ning bbb75 ing j _id" : 3-011' 0670- Mode Windows Server 2025 Datacenter Build 26100.ge_release240331-1435 3:54 PM 10/8/2026
[shot] tds-384-S3-row1-a-sub1 (1024x768)
[15:54:59] [tds] screen tds-384-S3-row1-a-sub1 : TallyPrime MANAGE EDU K: Company Details Y: Data Z: Exchange Accept Q Search O: Import E: Export M: Share p: print Fl: Help x Delivery Note No(s) FinCom Spike Co Dispatch Details Dispatch Doc No. Dispatched through Destination Carrier Name/Agent Bill of No. Motor Vehicle No. Date: Unity Quit aaala to ru 756a- OLIO— acep 0670- FOLIO— acep .337. -a30 ning bbb75 ing j _id" : 3-011' 0670- Mode Windows Server 2025 Datacenter Build 26100.ge_release240331-1435 3:54 PM 10/8/2026
[keys] '^a' -> Tally 'TallyPrime:9000'
[shot] tds-385-S3-row1-a-sub-accept (1024x768)
[15:55:03] [tds] screen tds-385-S3-row1-a-sub-accept : TallyPrime MANAGE EDU K: Company Details Unity Y: Data Z: Exchange O: Import E: Export M: Share Buyer (Bill to) Mailing Name Address State Country GST Registration type GSTIN/UIN Place of Supply Accept A: Q Search FinCom Spike co Party Details List of Led er Accounts Share Party Share Supplier Spike Party Spike Party 2 IJI Party Create New Party Fl: Help p: print Fetch L: Details Using aaal to r 756a +01.1 ace 067 race .337. -a3 ning bbb75 GSTIN/UIN ing _ id " : 3-01" 0670- ly Configure Fl 2: Mode Windows Server 2025 Datacentet Build 26100.ge_release240331-1435 3:55 PM eo r-=f 10/8/2026
[shot] tds-386-S3-row1-a-sub2 (1024x768)
[15:55:04] [tds] screen tds-386-S3-row1-a-sub2 : TallyPrime MANAGE EDU K: Company Details Unity Y: Data Z: Exchange O: Import E: Export M: Share Buyer (Bill to) Mailing Name Address State Country GST Registration type GSTIN/UIN Place of Supply Accept A: Q Search FinCom Spike co Party Details List of Led er Accounts Share Party Share Supplier Spike Party Spike Party 2 IJI Party Create New Party Fl: Help p: print Fetch L: Details Using aaal to r 756a +01.1 ace 067 race .337. -a3 ning bbb75 GSTIN/UIN ing _ id " : 3-01" 0670- ly Configure Fl 2: Mode Windows Server 2025 Datacentet Build 26100.ge_release240331-1435 3:55 PM eo r-=f 10/8/2026
[keys] '^a' -> Tally 'TallyPrime:9000'
[shot] tds-387-S3-row1-a-sub-accept (1024x768)
[15:55:07] [tds] screen tds-387-S3-row1-a-sub-accept : TallyPrime MANAGE EDU K: Company Accounting Voucher Creation Y: Data 76 • By Z: Exchange A Accept Q Search O: Import E: Export FinCom • ke Co M: Share Debit p: print 2-Oct-26 Friday Credit Fl: Help Date aaala Sales No. 4 Particulars Share Party CurBal: 4,200.00 Dr Company to ru F4: Contra F5: Payment Receipt Journal F8: Sales 756a- OLIO— acep 0670- FOLIO— Purchase • Fl 0: 0åHVouctg•s F: Autofill Change Mode More Details o: L: Related Reports Optional post -Dated acep .337. -a30 ning bbb75 ing j _id" : 3-011' 0670- Unity Narration: Quit D: Delete x: Cancel Vch F12: Configure Mode Windows Server...
[shot] tds-388-S3-row1-a-sub3 (1024x768)
[15:55:08] [tds] screen tds-388-S3-row1-a-sub3 : TallyPrime MANAGE EDU K: Company Accounting Voucher Creation Y: Data 76 • By Z: Exchange A Accept Q Search O: Import E: Export FinCom • ke Co M: Share Debit p: print 2-Oct-26 Friday Credit Fl: Help Date aaala Sales No. 4 Particulars Share Party CurBal: 4,200.00 Dr Company to ru F4: Contra F5: Payment Receipt Journal F8: Sales 756a- OLIO— acep 0670- FOLIO— Purchase • Fl 0: 0åHVouctg•s F: Autofill Change Mode More Details o: L: Related Reports Optional post -Dated acep .337. -a30 ning bbb75 ing j _id" : 3-011' 0670- Unity Narration: Quit D: Delete x: Cancel Vch F12: Configure Mode Windows Server...
[keys] '300{ENTER}' -> Tally 'TallyPrime:9000'
[shot] tds-389-S3-row1-amt (1024x768)
[15:55:12] [tds] screen tds-389-S3-row1-amt : Unity TallyPrime MANAGE EDU K: Company Bill-wise Details Quit Y: Data Type of Ref Jew Ref Z: Exchange FinCom Spike Co Bill-wise Details for : Share Party Up to: 300.00 Dr O: Import Amount E: Export M: Share p: print Fl: Help x Name Method of Ad Advance Agst Ref New Ref On Account Accept Q Search Due Date, or Credit Days 20ct-26) 300.00 Dr 300.00 Dr aaala to ru 756a- OLIO— acep 0670- FOLIO— acep .337. -a30 ning bbb75 ing j _id" : 3-011' 0670- Mode Windows Server 2025 Datacenter Build 26100.ge_release240331-1435 3:55 PM 10/8/2026
[shot] tds-390-S3-row1-bills1 (1024x768)
[15:55:13] [tds] screen tds-390-S3-row1-bills1 : Unity TallyPrime MANAGE EDU K: Company Bill-wise Details Quit Y: Data Type of Ref New Ref Z: Exchange FinCom Spike Co Bill-wise Details for : Share Party Up to: 300.00 Dr O: Import Amount E: Export M: Share p: print Fl: Help x Name Method of Ad Advance Agst Ref New Ref On Account Accept Q Search Due Date, or Credit Days 20ct-26) 300.00 Dr 300.00 Dr aaala to ru 756a- OLIO— acep 0670- FOLIO— acep .337. -a30 ning bbb75 ing j _id" : 3-011' 0670- Mode Windows Server 2025 Datacenter Build 26100.ge_release240331-1435 3:55 PM 10/8/2026
[keys] 'Agst Ref{ENTER}' -> Tally 'TallyPrime:9000'
[shot] tds-391-S3-row1-reftype (1024x768)
[15:55:17] [tds] screen tds-391-S3-row1-reftype : Unity TallyPrime MANAGE EDU K: Company Bill-wise Details pendin Name 1 3 4 ADVS-I Sd-I Quit Y: Data Type of Ref Agst Ref Bills Z: Exchange FinCom Spike Co Bill-wise Details for : Share Party Up to: 300.00 Dr O: Import Amount E: Export M: Share p: print Fl: Help x Bill Date 2-Oct-26 2-Oct-26 I-Oct-26 I-Oct-26 Accept Name Due Date 2-Oct-26 2-Oct-26 I-Oct-26 I-Oct-26 Due Date, or Credit Days (wef 20ct-26) Balance 400.00 Dr 300.00 Dr 1,000.00 cr 4,500.00 Dr 300.00 Dr Final Balance 400.00 Dr 300.00 Dr 1,000.00 cr 4,500.00 Dr 300.00 Dr aaala to ru 756a- OLIO— acep 0670- FOLIO— acep .337. -a30 ning b...
[keys] 'ADVS-1{ENTER}' -> Tally 'TallyPrime:9000'
[shot] tds-392-S3-row1-refname (1024x768)
[15:55:20] [tds] screen tds-392-S3-row1-refname : Unity TallyPrime MANAGE EDU K: Company Bill-wise Details Quit Y: Data Type of Ref Agst Ref Z: Exchange FinCom Spike Co Bill-wise Details for : Share Party Up to: 300.00 Dr O: Import E: Export Amount Goo.oo Dr 300.00 Dr M: Share p: print Fl: Help x Name ADVS-I Accept Q Search Due Date, or Credit Days (wef 20ct-26) aaala to ru 756a- OLIO— acep 0670- FOLIO— acep .337. -a30 ning bbb75 ing j _id" : 3-011' 0670- Mode Windows Server 2025 Datacenter Build 26100.ge_release240331-1435 3:55 PM 10/8/2026
[keys] '{ENTER}' -> Tally 'TallyPrime:9000'
[shot] tds-393-S3-row1-refamount (1024x768)
[15:55:24] [tds] screen tds-393-S3-row1-refamount : Unity TallyPrime MANAGE EDU K: Company Bill-wise Details Quit Y: Data Type of Ref Agst Ref Z: Exchange FinCom Spike Co Bill-wise Details for : Share Party Up to: 300.00 Dr O: Import E: Export Amount 300.00 300.00 Dr M: Share p: print Fl: Help x Name ADVS-I Accept Q Search Due Date, or Credit Days (wef 20ct-26) aaala to ru 756a- OLIO— acep 0670- FOLIO— acep .337. -a30 ning bbb75 ing j _id" : 3-011' 0670- Mode Windows Server 2025 Datacenter Build 26100.ge_release240331-1435 3:55 PM 10/8/2026
[shot] tds-394-S3-row1-bills2 (1024x768)
[15:55:25] [tds] screen tds-394-S3-row1-bills2 : Unity TallyPrime MANAGE EDU K: Company Bill-wise Details Quit Y: Data Type of Ref Agst Ref Z: Exchange FinCom Spike Co Bill-wise Details for : Share Party Up to: 300.00 Dr O: Import E: Export Amount 300.00 Dr 300.00 Dr M: Share p: print Fl: Help x Name ADVS-I Accept Q Search Due Date, or Credit Days (wef 20ct-26) aaala to ru 756a- OLIO— acep 0670- FOLIO— acep .337. -a30 ning bbb75 ing j _id" : 3-011' 0670- Mode Windows Server 2025 Datacenter Build 26100.ge_release240331-1435 3:55 PM 10/8/2026
[keys] '^a' -> Tally 'TallyPrime:9000'
[shot] tds-395-S3-row1-bills-accept (1024x768)
[15:55:28] [tds] screen tds-395-S3-row1-bills-accept : TallyPrime MANAGE EDU K: Company Accounting Voucher Creation Y: Data Z: Exchange 300.00 Dr A Accept Q Search FinCom • ke Co O: Import E: Export List of Led er Accounts Share Sales M: Share p: print x Create Show More Fl: Help Date aaala 76 • By TO Sales No. 4 Particulars Share Party CurBal: 4,500.00 Dr Agst Ref ADVS-I Share Sales CurBa1: 1,000.00 Cr Company to ru F4: Contra F5: Payment Receipt Journal F8: Sales 756a- OLIO— acep 0670- FOLIO— Purchase • Fl 0: 0åHVouctg•s F: Autofill Change Mode More Details o: L: Related Reports Optional post -Dated acep .337. -a30 ning bbb75 ing j _id" : 3-011'...
[shot] tds-396-S3-row1-bills3 (1024x768)
[15:55:29] [tds] screen tds-396-S3-row1-bills3 : TallyPrime MANAGE EDU K: Company Accounting Voucher Creation Y: Data Z: Exchange 300.00 Dr A Accept Q Search FinCom • ke Co O: Import E: Export List of Led er Accounts Share Sales M: Share p: print x Create Show More Fl: Help Date aaala 76 • By To Sales No. 4 Particulars Share Party CurBal: 4,500.00 Dr Agst Ref ADVS-I Share Sales CurBa1: 1,000.00 Cr Company to ru F4: Contra F5: Payment Receipt Journal F8: Sales 756a- OLIO— acep 0670- FOLIO— Purchase • Fl 0: 0åHVouctg•s F: Autofill Change Mode More Details o: L: Related Reports Optional post -Dated acep .337. -a30 ning bbb75 ing j _id" : 3-011'...
[shot] tds-397-S3-row1-b-sub1 (1024x768)
[15:55:30] [tds] screen tds-397-S3-row1-b-sub1 : TallyPrime MANAGE EDU K: Company Accounting Voucher Creation Y: Data Z: Exchange 300.00 Dr A Accept Q Search FinCom • ke Co O: Import E: Export List of Led er Accounts Share Sales M: Share p: print x Create Show More Fl: Help Date aaala 76 • By To Sales No. 4 Particulars Share Party CurBal: 4,500.00 Dr Agst Ref ADVS-I Share Sales CurBa1: 1,000.00 Cr Company to ru F4: Contra F5: Payment Receipt Journal F8: Sales 756a- OLIO— acep 0670- FOLIO— Purchase • Fl 0: 0åHVouctg•s F: Autofill Change Mode More Details o: L: Related Reports Optional post -Dated acep .337. -a30 ning bbb75 ing j _id" : 3-011'...
[shot] tds-398-S3-row2-before (1024x768)
[15:55:31] [tds] screen tds-398-S3-row2-before : TallyPrime MANAGE EDU K: Company Accounting Voucher Creation Y: Data Z: Exchange 300.00 Dr A Accept Q Search FinCom • ke Co O: Import E: Export List of Led er Accounts Share Sales M: Share p: print x Create Show More Fl: Help Date aaala 76 • By TO Sales No. 4 Particulars Share Party CurBal: 4,500.00 Dr Agst Ref ADVS-I Share Sales CurBa1: 1,000.00 Cr Company to ru F4: Contra F5: Payment Receipt Journal F8: Sales 756a- OLIO— acep 0670- FOLIO— Purchase • Fl 0: 0åHVouctg•s F: Autofill Change Mode More Details o: L: Related Reports Optional post -Dated acep .337. -a30 ning bbb75 ing j _id" : 3-011'...
[keys] 'Share Sales{ENTER}' -> Tally 'TallyPrime:9000'
[shot] tds-399-S3-row2 (1024x768)
[15:55:34] [tds] screen tds-399-S3-row2 : TallyPrime MANAGE EDU K: Company Inventory Allocations Unity Quit Y: Data Z: Exchange FinCom Spike Co Inventory Allocations for : Share Sales O: Import Amount E: Export M: Share p: print Fl: Help Name of Item A Accept Q Search Quantity Rate per aaala to ru 756a- OLIO— acep 0670- FOLIO— acep .337. -a30 ning bbb75 ing j _id" : 3-011' 0670- Mode Windows Server 2025 Datacenter Build 26100.ge_release240331-1435 3:55 PM 10/8/2026
[shot] tds-400-S3-row2-a-sub1 (1024x768)
[15:55:35] [tds] screen tds-400-S3-row2-a-sub1 : TallyPrime MANAGE EDU K: Company Inventory Allocations Unity Quit Y: Data Z: Exchange FinCom Spike Co Inventory Allocations for : Share Sales O: Import Amount E: Export M: Share p: print Fl: Help Name of Item A Accept Q Search Quantity Rate per aaala to ru 756a- OLIO— acep 0670- FOLIO— acep .337. -a30 ning bbb75 ing j _id" : 3-011' 0670- Mode Windows Server 2025 Datacenter Build 26100.ge_release240331-1435 3:55 PM 10/8/2026
[keys] '{ENTER}' -> Tally 'TallyPrime:9000'
[shot] tds-401-S3-row2-amt (1024x768)
[15:55:39] [tds] screen tds-401-S3-row2-amt : TallyPrime MANAGE EDU K: Company Accounting Voucher Creation Y: Data 76 • By To Z: Exchange 300.00 Dr A Accept Q Search O: Import E: Export M: Share FinCom • ke Co p: print 2-Oct-26 Friday Credit 200.00 300.00 Fl: Help Date aaala Sales No. 4 Particulars Share Party CurBal: 4,500.00 Dr Agst Ref ADVS-I Share Sales CurBa1: 1,000.00 Cr Company to ru Debit 300.00 300.00 F4: Contra F5: Payment Receipt Journal F8: Sales 756a- OLIO— acep 0670- FOLIO— Purchase • Fl 0: 0åHVouctg•s F: Autofill Change Mode More Details o: Related Reports Optional post -Dated acep .337. -a30 ning bbb75 ing j _id" : 3-011' ...
[shot] tds-402-S3-row2-bills1 (1024x768)
[15:55:40] [tds] screen tds-402-S3-row2-bills1 : TallyPrime MANAGE EDU K: Company Accounting Voucher Creation Y: Data 76 • By To Z: Exchange 300.00 Dr A Accept Q Search O: Import E: Export M: Share FinCom • ke Co p: print 2-Oct-26 Friday Credit 300.00 300.00 Fl: Help Date aaala Sales No. 4 Particulars Share Party CurBal: 4,500.00 Dr Agst Ref ADVS-I Share Sales CurBa1: 1,000.00 Cr Company to ru Debit 300.00 300.00 F4: Contra F5: Payment Receipt Journal F8: Sales 756a- OLIO— acep 0670- FOLIO— Purchase • Fl 0: 0åHVouctg•s F: Autofill Change Mode More Details o: Related Reports Optional post -Dated acep .337. -a30 ning bbb75 ing j _id" : 3-011' ...
[shot] tds-403-S3-row2-b-sub1 (1024x768)
[15:55:40] [tds] screen tds-403-S3-row2-b-sub1 : TallyPrime MANAGE EDU K: Company Accounting Voucher Creation Y: Data 76 • By To Z: Exchange 300.00 Dr A Accept Q Search O: Import E: Export M: Share FinCom • ke Co p: print 2-Oct-26 Friday Credit 300.00 300.00 Fl: Help Date aaala Sales No. 4 Particulars Share Party CurBal: 4,500.00 Dr Agst Ref ADVS-I Share Sales CurBa1: 1,000.00 Cr Company to ru Debit 300.00 300.00 F4: Contra F5: Payment Receipt Journal F8: Sales 756a- OLIO— acep 0670- FOLIO— Purchase • Fl 0: 0åHVouctg•s F: Autofill Change Mode More Details o: Related Reports Optional post -Dated acep .337. -a30 ning bbb75 ing j _id" : 3-011' ...
[shot] tds-404-S3-last-row (1024x768)
[15:55:41] [tds] screen tds-404-S3-last-row : TallyPrime MANAGE EDU K: Company Accounting Voucher Creation Y: Data 76 • By To Z: Exchange 300.00 Dr A Accept Q Search O: Import E: Export M: Share FinCom • ke Co p: print 2-Oct-26 Friday Credit 300.00 300.00 Fl: Help Date aaala Sales No. 4 Particulars Share Party CurBal: 4,500.00 Dr Agst Ref ADVS-I Share Sales CurBa1: 1,000.00 Cr Company to ru Debit 300.00 300.00 F4: Contra F5: Payment Receipt Journal F8: Sales 756a- OLIO— acep 0670- FOLIO— Purchase • Fl 0: 0åHVouctg•s F: Autofill Change Mode More Details o: Related Reports Optional post -Dated acep .337. -a30 ning bbb75 ing j _id" : 3-011' ...
[keys] '^a' -> Tally 'TallyPrime:9000'
[shot] tds-405-S3-accept1 (1024x768)
[15:55:46] [tds] screen tds-405-S3-accept1 : Y: Data 76 Unity TallyPrime MANAGE EDU K: Company Accounting Voucher Creation Sales Particulars Narration: Quit Z: Exchange A Accept Q Search FinCom • ke Co O: Import E: Export List of Led er Accounts Cash Share Bank Share Party Share Supplier Spike Party Spike Party 2 Ul Party M: Share p: print x Create Fl: Help Date aaala Company to ru F4: Contra F5: Payment Receipt Journal F8: Sales 756a- OLIO— acep 0670- FOLIO— Purchase • Fl 0: 0åHVouctg•s F: Autofill Change Mode More Details o: L: Related Reports Optional post -Dated acep .337. -a30 ning bbb75 ing j _id" : 3-011' 0670- D: Delete Cancel Vc...
[shot] tds-406-S3-after1 (1024x768)
[15:55:47] [tds] screen tds-406-S3-after1 : Y: Data 76 Unity TallyPrime MANAGE EDU K: Company Accounting Voucher Creation Sales Particulars Narration: Quit Z: Exchange A Accept Q Search FinCom • ke Co O: Import E: Export List of Led er Accounts Cash Share Bank Share Party Share Supplier Spike Party Spike Party 2 Ul Party M: Share p: print x Create Fl: Help Date aaala Company to ru F4: Contra F5: Payment Receipt Journal F8: Sales 756a- OLIO— acep 0670- FOLIO— Purchase • Fl 0: 0åHVouctg•s F: Autofill Change Mode More Details o: L: Related Reports Optional post -Dated acep .337. -a30 ning bbb75 ing j _id" : 3-011' 0670- D: Delete Cancel Vc...
[keys] '^a' -> Tally 'TallyPrime:9000'
[shot] tds-407-S3-accept2 (1024x768)
[15:55:51] [tds] screen tds-407-S3-accept2 : TallyPrime MANAGE EDU K: Company Accounting Voucher Creation Y: Data 76 • By Z: Exchange A Accept Q Search O: Import E: Export FinCom • ke Co M: Share Debit p: print 2-Oct-26 Friday Credit Fl: Help Date aaala Sales Particulars Cash CurBa1: 300.00 Dr Company to ru F4: Contra F5: Payment Receipt Journal F8: Sales 756a- OLIO— acep 0670- FOLIO— Purchase • Fl 0: 0åHVouctg•s F: Autofill Change Mode More Details o: L: Related Reports Optional post -Dated acep .337. -a30 ning bbb75 ing j _id" : 3-011' 0670- Unity Narration: Quit D: Delete x: Cancel Vch F12: Configure Mode Windows Server 2025 Datacente...
[shot] tds-408-S3-after2 (1024x768)
[15:55:52] [tds] screen tds-408-S3-after2 : TallyPrime MANAGE EDU K: Company Accounting Voucher Creation Y: Data 76 • By Z: Exchange A Accept Q Search O: Import E: Export FinCom • ke Co M: Share Debit p: print 2-Oct-26 Friday Credit Fl: Help Date aaala Sales Particulars Cash CurBa1: 300.00 Dr Company to ru F4: Contra F5: Payment Receipt Journal F8: Sales 756a- OLIO— acep 0670- FOLIO— Purchase • Fl 0: 0åHVouctg•s F: Autofill Change Mode More Details o: L: Related Reports Optional post -Dated acep .337. -a30 ning bbb75 ing j _id" : 3-011' 0670- Unity Narration: Quit D: Delete x: Cancel Vch F12: Configure Mode Windows Server 2025 Datacente...
[keys] '^a' -> Tally 'TallyPrime:9000'
[shot] tds-409-S3-accept3 (1024x768)
[15:55:57] [tds] screen tds-409-S3-accept3 : TallyPrime MANAGE EDU K: Company Accounting Voucher Creation Y: Data 76 • By Z: Exchange A Accept Q Search O: Import E: Export FinCom • ke Co M: Share Debit p: print 2-Oct-26 Friday Credit Fl: Help Date aaala Sales Particulars Cash CurBa1: 300.00 Dr Company to ru F4: Contra F5: Payment Receipt Journal F8: Sales 756a- OLIO— acep 0670- FOLIO— Purchase • Fl 0: 0åHVouctg•s F: Autofill Change Mode More Details o: L: Related Reports Optional post -Dated acep .337. -a30 ning bbb75 ing j _id" : 3-011' 0670- Unity Narration: Quit D: Delete x: Cancel Vch F12: Configure Mode Windows Server 2025 Datacente...
[shot] tds-410-S3-after3 (1024x768)
[15:55:58] [tds] screen tds-410-S3-after3 : TallyPrime MANAGE EDU K: Company Accounting Voucher Creation Y: Data 76 • By Z: Exchange A Accept Q Search O: Import E: Export FinCom • ke Co M: Share Debit p: print 2-Oct-26 Friday Credit Fl: Help Date aaala Sales Particulars Cash CurBa1: 300.00 Dr Company to ru F4: Contra F5: Payment Receipt Journal F8: Sales 756a- OLIO— acep 0670- FOLIO— Purchase • Fl 0: 0åHVouctg•s F: Autofill Change Mode More Details o: L: Related Reports Optional post -Dated acep .337. -a30 ning bbb75 ing j _id" : 3-011' 0670- Unity Narration: Quit D: Delete x: Cancel Vch F12: Configure Mode Windows Server 2025 Datacente...
[keys] '^a' -> Tally 'TallyPrime:9000'
[shot] tds-411-S3-accept4 (1024x768)
[15:56:02] [tds] screen tds-411-S3-accept4 : TallyPrime MANAGE EDU K: Company Accounting Voucher Creation Y: Data 76 • By Z: Exchange A Accept Q Search O: Import E: Export FinCom • ke Co M: Share Debit p: print 2-Oct-26 Friday Credit Fl: Help Date aaala Sales Particulars Cash CurBa1: 300.00 Dr Company to ru F4: Contra F5: Payment Receipt Journal F8: Sales 756a- OLIO— acep 0670- FOLIO— Purchase • Fl 0: 0åHVouctg•s F: Autofill Change Mode More Details o: L: Related Reports Optional post -Dated acep .337. -a30 ning bbb75 ing j _id" : 3-011' 0670- Unity Narration: Quit D: Delete x: Cancel Vch F12: Configure Mode Windows Server 2025 Datacente...
[shot] tds-412-S3-after4 (1024x768)
[15:56:03] [tds] screen tds-412-S3-after4 : TallyPrime MANAGE EDU K: Company Accounting Voucher Creation Y: Data 76 • By Z: Exchange A Accept Q Search O: Import E: Export FinCom • ke Co M: Share Debit p: print 2-Oct-26 Friday Credit Fl: Help Date aaala Sales Particulars Cash CurBa1: 300.00 Dr Company to ru F4: Contra F5: Payment Receipt Journal F8: Sales 756a- OLIO— acep 0670- FOLIO— Purchase • Fl 0: 0åHVouctg•s F: Autofill Change Mode More Details o: L: Related Reports Optional post -Dated acep .337. -a30 ning bbb75 ing j _id" : 3-011' 0670- Unity Narration: Quit D: Delete x: Cancel Vch F12: Configure Mode Windows Server 2025 Datacente...
[shot] tds-413-gw0 (1024x768)
[15:56:04] [tds] screen tds-413-gw0 : TallyPrime MANAGE EDU K: Company Accounting Voucher Creation Y: Data 76 • By Z: Exchange A Accept Q Search O: Import E: Export FinCom • ke Co M: Share Debit p: print 2-Oct-26 Friday Credit Fl: Help Date aaala Sales Particulars Cash CurBa1: 300.00 Dr Company to ru F4: Contra F5: Payment Receipt Journal F8: Sales 756a- OLIO— acep 0670- FOLIO— Purchase • Fl 0: 0åHVouctg•s F: Autofill Change Mode More Details o: L: Related Reports Optional post -Dated acep .337. -a30 ning bbb75 ing j _id" : 3-011' 0670- Unity Narration: Quit D: Delete x: Cancel Vch F12: Configure Mode Windows Server 2025 Datacente...
[keys] '{ESC}' -> Tally 'TallyPrime:9000'
[shot] tds-414-gw1 (1024x768)
[15:56:07] [tds] screen tds-414-gw1 : TallyPrime MANAGE EDU K: Company Accounting Voucher Creation Y: Data 76 • By Z: Exchange FinCom A: Accept Q Search O: Import E: Export Sales Particulars Cash CurBa1: 300.00 Dr M: Share Debit Narration: Q: Quit p: print 2-Oct-26 Friday Credit Quit o Yes or No Unity D: Delete X: Cancel Vch Fl: Help F2: Date F3: Company F4: Contra F5: Payment F6: Receipt F7: Journal F8: Sales F9: Purchase F: Autofill H: Change Mode l: More Details O: Related Reports k: Optional T: post -Dated Fl 2: Configure aaala to ru 756a- OLIO— acep 0670- FOLIO— acep .337. -a30 ning bbb75 ing j _id" : 3-011' 0670- Mode Window...
[keys] 'y' -> Tally 'TallyPrime:9000'
[shot] tds-415-gw2 (1024x768)
[15:56:11] [tds] screen tds-415-gw2 : TallyPrime MANAGE EDU K: Company Gatewa of Tall CURRENT PERIOD I-Apr-26 to 31-Mar-27 NAME OF COMPANY FinCom Spike Co Y: Data Z: Exchange O: Import E: Export M: Share p: print Fl: Help Date aaala Q CURRENT OATE Friday, 2-Oct-2026 2-Oct-26 Search Gateway of Tally MASTERS Create Alter CHart of Accounts TRANSACTIONS Vouchers Day 800K UTILITIES BaNking REPORTS Balance Sheet Profit & Loss A/c Stock Summary Ratio Analysis Display More Reports DashbOard Quit Unity Company to ru 756a- OLIO— acep 0670- FOLIO— acep .337. -a30 ning bbb75 ing j _id" : 3-011' 0670- Mode Windows Server 2025 Datacenter Build ...
  voucher mid=1 aid=1 Journal/1/20260401 guid=a381c3ad-1c49-482a-8d4f-cb1da1df58a6-00000001 cancelled=False
  voucher mid=2 aid=2 Journal/2/20261001 guid=a381c3ad-1c49-482a-8d4f-cb1da1df58a6-00000002 cancelled=False
  voucher mid=3 aid=3 Journal/3/20261001 guid=a381c3ad-1c49-482a-8d4f-cb1da1df58a6-00000003 cancelled=False
  voucher mid=4 aid=4 Journal/4/20261001 guid=a381c3ad-1c49-482a-8d4f-cb1da1df58a6-00000004 cancelled=False
  voucher mid=5 aid=5 Journal/5/20261001 guid=a381c3ad-1c49-482a-8d4f-cb1da1df58a6-00000005 cancelled=False
  voucher mid=6 aid=6 Payroll/1/20261001 guid=a381c3ad-1c49-482a-8d4f-cb1da1df58a6-00000006 cancelled=False
  voucher mid=7 aid=7 Receipt/1/20261002 guid=a381c3ad-1c49-482a-8d4f-cb1da1df58a6-00000007 cancelled=False
  voucher mid=8 aid=8 Receipt/2/20261002 guid=a381c3ad-1c49-482a-8d4f-cb1da1df58a6-00000008 cancelled=False
  voucher mid=9 aid=9 Payment/1/20261002 guid=a381c3ad-1c49-482a-8d4f-cb1da1df58a6-00000009 cancelled=False
  voucher mid=10 aid=10 Payment/2/20261002 guid=a381c3ad-1c49-482a-8d4f-cb1da1df58a6-0000000a cancelled=False
  voucher mid=11 aid=11 Contra/1/20261002 guid=a381c3ad-1c49-482a-8d4f-cb1da1df58a6-0000000b cancelled=False
  voucher mid=12 aid=12 Journal/6/20261002 guid=a381c3ad-1c49-482a-8d4f-cb1da1df58a6-0000000c cancelled=False
  voucher mid=13 aid=13 Journal/7/20261002 guid=a381c3ad-1c49-482a-8d4f-cb1da1df58a6-0000000d cancelled=False
  voucher mid=14 aid=14 Sales/1/20261002 guid=a381c3ad-1c49-482a-8d4f-cb1da1df58a6-0000000e cancelled=False
  voucher mid=15 aid=15 Sales/2/20261002 guid=a381c3ad-1c49-482a-8d4f-cb1da1df58a6-0000000f cancelled=False
  voucher mid=16 aid=16 Sales/3/20261002 guid=a381c3ad-1c49-482a-8d4f-cb1da1df58a6-00000010 cancelled=False
  voucher mid=17 aid=17 Purchase/1/20261002 guid=a381c3ad-1c49-482a-8d4f-cb1da1df58a6-00000011 cancelled=False
  voucher mid=18 aid=18 Purchase/2/20261002 guid=a381c3ad-1c49-482a-8d4f-cb1da1df58a6-00000012 cancelled=False
  voucher mid=19 aid=19 Sales/4/20261002 guid=a381c3ad-1c49-482a-8d4f-cb1da1df58a6-00000013 cancelled=False
  INFO share sales-agst (sales in As Voucher mode, the party Dr with an Agst Ref bill (the advance ADVS-1)): Tally Sales 4 mid 19; stored party 'Share Party' bills [Agst Ref]; the line party '' bills [Agst Ref]; lines voucher_accept_post x1, voucher_full x1
[15:56:14] ---- share purchase-agst: purchase in As Voucher mode, the supplier Cr with an Agst Ref bill (the advance ADVP-1)
  voucher mid=1 aid=1 Journal/1/20260401 guid=a381c3ad-1c49-482a-8d4f-cb1da1df58a6-00000001 cancelled=False
  voucher mid=2 aid=2 Journal/2/20261001 guid=a381c3ad-1c49-482a-8d4f-cb1da1df58a6-00000002 cancelled=False
  voucher mid=3 aid=3 Journal/3/20261001 guid=a381c3ad-1c49-482a-8d4f-cb1da1df58a6-00000003 cancelled=False
  voucher mid=4 aid=4 Journal/4/20261001 guid=a381c3ad-1c49-482a-8d4f-cb1da1df58a6-00000004 cancelled=False
  voucher mid=5 aid=5 Journal/5/20261001 guid=a381c3ad-1c49-482a-8d4f-cb1da1df58a6-00000005 cancelled=False
  voucher mid=6 aid=6 Payroll/1/20261001 guid=a381c3ad-1c49-482a-8d4f-cb1da1df58a6-00000006 cancelled=False
  voucher mid=7 aid=7 Receipt/1/20261002 guid=a381c3ad-1c49-482a-8d4f-cb1da1df58a6-00000007 cancelled=False
  voucher mid=8 aid=8 Receipt/2/20261002 guid=a381c3ad-1c49-482a-8d4f-cb1da1df58a6-00000008 cancelled=False
  voucher mid=9 aid=9 Payment/1/20261002 guid=a381c3ad-1c49-482a-8d4f-cb1da1df58a6-00000009 cancelled=False
  voucher mid=10 aid=10 Payment/2/20261002 guid=a381c3ad-1c49-482a-8d4f-cb1da1df58a6-0000000a cancelled=False
  voucher mid=11 aid=11 Contra/1/20261002 guid=a381c3ad-1c49-482a-8d4f-cb1da1df58a6-0000000b cancelled=False
  voucher mid=12 aid=12 Journal/6/20261002 guid=a381c3ad-1c49-482a-8d4f-cb1da1df58a6-0000000c cancelled=False
  voucher mid=13 aid=13 Journal/7/20261002 guid=a381c3ad-1c49-482a-8d4f-cb1da1df58a6-0000000d cancelled=False
  voucher mid=14 aid=14 Sales/1/20261002 guid=a381c3ad-1c49-482a-8d4f-cb1da1df58a6-0000000e cancelled=False
  voucher mid=15 aid=15 Sales/2/20261002 guid=a381c3ad-1c49-482a-8d4f-cb1da1df58a6-0000000f cancelled=False
  voucher mid=16 aid=16 Sales/3/20261002 guid=a381c3ad-1c49-482a-8d4f-cb1da1df58a6-00000010 cancelled=False
  voucher mid=17 aid=17 Purchase/1/20261002 guid=a381c3ad-1c49-482a-8d4f-cb1da1df58a6-00000011 cancelled=False
  voucher mid=18 aid=18 Purchase/2/20261002 guid=a381c3ad-1c49-482a-8d4f-cb1da1df58a6-00000012 cancelled=False
  voucher mid=19 aid=19 Sales/4/20261002 guid=a381c3ad-1c49-482a-8d4f-cb1da1df58a6-00000013 cancelled=False
[shot] tds-416-gw0 (1024x768)
[15:56:15] [tds] screen tds-416-gw0 : TallyPrime MANAGE EDU K: Company Gatewa of Tall CURRENT PERIOD I-Apr-26 to 31-Mar-27 NAME OF COMPANY FinCom Spike Co Y: Data Z: Exchange O: Import E: Export M: Share p: print Fl: Help Date aaala Q CURRENT OATE Friday, 2-Oct-2026 2-Oct-26 Search Gateway of Tally MASTERS Create Alter CHart of Accounts TRANSACTIONS Vouchers Day 800K UTILITIES BaNking REPORTS Balance Sheet Profit & Loss A/c Stock Summary Ratio Analysis Display More Reports DashbOard Quit Unity Company to ru 756a- OLIO— acep 0670- FOLIO— acep .337. -a30 ning bbb75 ing j _id" : 3-011' 0670- Mode Windows Server 2025 Datacenter Build ...
[shot] tds-417-U3-start (1024x768)
[15:56:16] [tds] screen tds-417-U3-start : TallyPrime MANAGE EDU K: Company Gatewa of Tall CURRENT PERIOD I-Apr-26 to 31-Mar-27 NAME OF COMPANY FinCom Spike Co Y: Data Z: Exchange O: Import E: Export M: Share p: print Fl: Help Date aaala Q CURRENT OATE Friday, 2-Oct-2026 2-Oct-26 Search Gateway of Tally MASTERS Create Alter CHart of Accounts TRANSACTIONS Vouchers Day 800K UTILITIES BaNking REPORTS Balance Sheet Profit & Loss A/c Stock Summary Ratio Analysis Display More Reports DashbOard Quit Unity Company to ru 756a- OLIO— acep 0670- FOLIO— acep .337. -a30 ning bbb75 ing j _id" : 3-011' 0670- Mode Windows Server 2025 Datacenter Build ...
[keys] 'v' -> Tally 'TallyPrime:9000'
[shot] tds-418-U3-vouchers (1024x768)
[15:56:20] [tds] screen tds-418-U3-vouchers : Y: Data 76 Unity TallyPrime MANAGE EDU K: Company Accounting Voucher Creation Sales Particulars Narration: Quit Z: Exchange A Accept Q Search FinCom • ke Co O: Import E: Export List of Led er Accounts Cash Share Bank Share Party Share Supplier Spike Party Spike Party 2 Ul Party M: Share p: print x Create Fl: Help Date aaala Company to ru F4: Contra F5: Payment Receipt Journal F8: Sales 756a- OLIO— acep 0670- FOLIO— Purchase • Fl 0: 0åHVouctg•s F: Autofill Change Mode More Details o: L: Related Reports Optional post -Dated acep .337. -a30 ning bbb75 ing j _id" : 3-011' 0670- D: Delete Cancel Vc...
[keys] '{F9}' -> Tally 'TallyPrime:9000'
[shot] tds-419-U3-type (1024x768)
[15:56:24] [tds] screen tds-419-U3-type : TallyPrime MANAGE EDU K: Company Accounting»ucher Creation 76 Purchase Su*i« Imoice No. Party Alc narne: Current balance: Purchase ledger: • Current balance: Name of Item Narration: Unity Quit Y: Data Date Z: Exchange A Accept Q Search FinCom Spike Co O: Import Quantity E: Export Rate M: Share per p: print x 20ct-26 Friday Amount Fl: Help Date aaala Company to ru F4: Contra F5: Payment Receipt Journal Sales 756a- OLIO— acep 0670- FOLIO— F9: Purchase Fl 0: 0åHVouctg•s F: Autofill Change Mode More Details o: L: Related Reports Optional post -Dated acep .337. -a30 ning bbb75 ing j _id" : 3-011' 0...
[keys] '^h' -> Tally 'TallyPrime:9000'
[shot] tds-420-U3-type (1024x768)
[15:56:28] [tds] screen tds-420-U3-type : TallyPrime MANAGE EDU K: Company Change Mode Unity Quit Y: Data Z: Exchange O: Import E: Export M: Share p: print Fl: Help FinCom • ke Co Change Voucher Mode Item Invoice List of Modes/Usa es Item Invoice Accounting Invoice As Voucher A Accept Q Search aaala to ru 756a- OLIO— acep 0670- FOLIO— acep .337. -a30 ning bbb75 ing j _id" : 3-011' 0670- Mode Windows Server 2025 Datacenter Build 26100.ge_release240331-1435 3:56 PM 10/8/2026
[keys] 'As Voucher{ENTER}' -> Tally 'TallyPrime:9000'
[shot] tds-421-U3-type (1024x768)
[15:56:32] [tds] screen tds-421-U3-type : O: Import FinCom Spike Co 76 TallyPrime MANAGE EDU K: Company Accounting»ucher Creation Purchase Su*i« Imoice No. Particulars Narration: Y: Data Date Z: Exchange A Accept Q Search E: Export M: Share Debit p: print x 20ct-26 Friday Credit Fl: Help Date aaala Company to ru F4: Contra F5: Payment Receipt Journal Sales 756a- OLIO— acep 0670- FOLIO— F9: Purchase Fl 0: 0åHVouctg•s F: Autofill Change Mode More Details o: L: Related Reports Optional post -Dated acep .337. -a30 ning bbb75 ing j _id" : 3-011' 0670- Unity Quit D: Delete x: Cancel Vch F12: Configure Mode Windows Server 2025 Datacenter Bui...
[keys] '{F2}' -> Tally 'TallyPrime:9000'
[shot] tds-422-U3-date-box (1024x768)
[15:56:35] [tds] screen tds-422-U3-date-box : TallyPrime MANAGE EDU K: Company Change Voucher Date Unity Quit Y: Data Z: Exchange A Accept Q Search O: Import E: Export M: Share p: print Fl: Help FinCom Spike Co Voucher Date 3-10-2026 aaala to ru 756a- OLIO— acep 0670- FOLIO— acep .337. -a30 ning bbb75 ing j _id" : 3-011' 0670- Mode Windows Server 2025 Datacenter Build 26100.ge_release240331-1435 3:56 PM 10/8/2026
[keys] '2-10-2026{ENTER}' -> Tally 'TallyPrime:9000'
[shot] tds-423-U3-date (1024x768)
[15:56:39] [tds] screen tds-423-U3-date : O: Import FinCom Spike Co 76 TallyPrime MANAGE EDU K: Company Accounting»ucher Creation Purchase Su*i« Imoice No. Particulars Narration: Y: Data Date Z: Exchange A Accept Q Search E: Export M: Share Debit p: print x 20ct-26 Friday Credit Fl: Help Date aaala Company to ru F4: Contra F5: Payment Receipt Journal Sales 756a- OLIO— acep 0670- FOLIO— F9: Purchase Fl 0: 0åHVouctg•s F: Autofill Change Mode More Details o: L: Related Reports Optional post -Dated acep .337. -a30 ning bbb75 ing j _id" : 3-011' 0670- Unity Quit D: Delete x: Cancel Vch F12: Configure Mode Windows Server 2025 Datacenter Bui...
[keys] 'SUP-3{ENTER}' -> Tally 'TallyPrime:9000'
[shot] tds-424-U3-head (1024x768)
[15:56:42] [tds] screen tds-424-U3-head : O: Import FinCom Spike Co 76 TallyPrime MANAGE EDU K: Company Accounting»ucher Creation Purchase Su*lmoice No.: SUP-3 Particulars Narration: Y: Data Date Z: Exchange 2-Oct-26 A Accept Q Search E: Export M: Share Debit p: print x 20ct-26 Friday Credit Fl: Help Date aaala Company to ru F4: Contra F5: Payment Receipt Journal Sales 756a- OLIO— acep 0670- FOLIO— F9: Purchase Fl 0: 0åHVouctg•s F: Autofill Change Mode More Details o: L: Related Reports Optional post -Dated acep .337. -a30 ning bbb75 ing j _id" : 3-011' 0670- Unity Quit D: Delete x: Cancel Vch F12: Configure Mode Windows Server 2025 D...
[keys] '{ENTER}' -> Tally 'TallyPrime:9000'
[shot] tds-425-U3-head (1024x768)
[15:56:45] [tds] screen tds-425-U3-head : M: Share FinCom Spike Co 76 Unity TallyPrime MANAGE EDU K: Company Accounting»ucher Creation Purchase Su*lmoice No.: SUP-3 Particulars Narration: Quit Y: Data Date Z: Exchange 2-Oct-26 A Accept Q Search O: Import E: Export List of Led er Accounts Cash Share Bank Share Party Share Supplier Spike Party Spike Party 2 Ul Party p: print x Create Fl: Help Date aaala Company to ru F4: Contra F5: Payment Receipt Journal Sales 756a- OLIO— acep 0670- FOLIO— F9: Purchase Fl 0: 0åHVouctg•s F: Autofill Change Mode More Details o: L: Related Reports Optional post -Dated acep .337. -a30 ning bbb75 ing j _id"...
[keys] 'Share Purchase{ENTER}' -> Tally 'TallyPrime:9000'
[shot] tds-426-U3-row1 (1024x768)
[15:56:49] [tds] screen tds-426-U3-row1 : M: Share FinCom Spike Co 76 Unity TallyPrime MANAGE EDU K: Company Accounting»ucher Creation Purchase Su*lmoice No.: SUP-3 Particulars Narration: Quit Y: Data Date Z: Exchange 2-Oct-26 A Accept Q Search O: Import E: Export List of Led er Accounts Share Party p: print x Create Fl: Help Date aaala Company to ru F4: Contra F5: Payment Receipt Journal Sales 756a- OLIO— acep 0670- FOLIO— F9: Purchase Fl 0: 0åHVouctg•s F: Autofill Change Mode More Details o: L: Related Reports Optional post -Dated acep .337. -a30 ning bbb75 ing j _id" : 3-011' 0670- D: Delete Cancel Vch Configure Mode Windows Server...
[shot] tds-427-U3-row1-a-sub1 (1024x768)
[15:56:50] [tds] screen tds-427-U3-row1-a-sub1 : M: Share FinCom Spike Co 76 Unity TallyPrime MANAGE EDU K: Company Accounting»ucher Creation Purchase Su*lmoice No.: SUP-3 Particulars Narration: Quit Y: Data Date Z: Exchange 2-Oct-26 A Accept Q Search O: Import E: Export List of Led er Accounts Share Party p: print x Create Fl: Help Date aaala Company to ru F4: Contra F5: Payment Receipt Journal Sales 756a- OLIO— acep 0670- FOLIO— F9: Purchase Fl 0: 0åHVouctg•s F: Autofill Change Mode More Details o: L: Related Reports Optional post -Dated acep .337. -a30 ning bbb75 ing j _id" : 3-011' 0670- D: Delete Cancel Vch Configure Mode Windows Server...
[keys] '240{ENTER}' -> Tally 'TallyPrime:9000'
[shot] tds-428-U3-row1-amt (1024x768)
[15:56:54] [tds] screen tds-428-U3-row1-amt : M: Share FinCom Spike Co 76 Unity TallyPrime MANAGE EDU K: Company Accounting»ucher Creation Purchase Su*lmoice No.: SUP-3 Particulars Narration: Quit Y: Data Date Z: Exchange 2-Oct-26 A Accept Q Search O: Import E: Export List of Led er Accounts Share Party p: print x Create Fl: Help Date aaala Company to ru F4: Contra F5: Payment Receipt Journal Sales 756a- OLIO— acep 0670- FOLIO— F9: Purchase Fl 0: 0åHVouctg•s F: Autofill Change Mode More Details o: L: Related Reports Optional post -Dated acep .337. -a30 ning bbb75 ing j _id" : 3-011' 0670- D: Delete Cancel Vch Configure Mode Windows Server...
[shot] tds-429-U3-row1-bills1 (1024x768)
[15:56:55] [tds] screen tds-429-U3-row1-bills1 : M: Share FinCom Spike Co 76 Unity TallyPrime MANAGE EDU K: Company Accounting»ucher Creation Purchase Su*lmoice No.: SUP-3 Particulars Narration: Quit Y: Data Date Z: Exchange 2-Oct-26 A Accept Q Search O: Import E: Export List of Led er Accounts Share Party p: print x Create Fl: Help Date aaala Company to ru F4: Contra F5: Payment Receipt Journal Sales 756a- OLIO— acep 0670- FOLIO— F9: Purchase Fl 0: 0åHVouctg•s F: Autofill Change Mode More Details o: L: Related Reports Optional post -Dated acep .337. -a30 ning bbb75 ing j _id" : 3-011' 0670- D: Delete Cancel Vch Configure Mode Windows Server...
[shot] tds-430-U3-row1-b-sub1 (1024x768)
[15:56:56] [tds] screen tds-430-U3-row1-b-sub1 : M: Share FinCom Spike Co 76 Unity TallyPrime MANAGE EDU K: Company Accounting»ucher Creation Purchase Su*lmoice No.: SUP-3 Particulars Narration: Quit Y: Data Date Z: Exchange 2-Oct-26 A Accept Q Search O: Import E: Export List of Led er Accounts Share Party p: print x Create Fl: Help Date aaala Company to ru F4: Contra F5: Payment Receipt Journal Sales 756a- OLIO— acep 0670- FOLIO— F9: Purchase Fl 0: 0åHVouctg•s F: Autofill Change Mode More Details o: L: Related Reports Optional post -Dated acep .337. -a30 ning bbb75 ing j _id" : 3-011' 0670- D: Delete Cancel Vch Configure Mode Windows Server...
[shot] tds-431-U3-row2-before (1024x768)
[15:56:57] [tds] screen tds-431-U3-row2-before : M: Share FinCom Spike Co 76 Unity TallyPrime MANAGE EDU K: Company Accounting»ucher Creation Purchase Su*lmoice No.: SUP-3 Particulars Narration: Quit Y: Data Date Z: Exchange 2-Oct-26 A Accept Q Search O: Import E: Export List of Led er Accounts Share Party p: print x Create Fl: Help Date aaala Company to ru F4: Contra F5: Payment Receipt Journal Sales 756a- OLIO— acep 0670- FOLIO— F9: Purchase Fl 0: 0åHVouctg•s F: Autofill Change Mode More Details o: L: Related Reports Optional post -Dated acep .337. -a30 ning bbb75 ing j _id" : 3-011' 0670- D: Delete Cancel Vch Configure Mode Windows Server...
[keys] 'Share Supplier{ENTER}' -> Tally 'TallyPrime:9000'
[shot] tds-432-U3-row2 (1024x768)
[15:57:00] [tds] screen tds-432-U3-row2 : M: Share FinCom Spike Co 76 Unity TallyPrime MANAGE EDU K: Company Accounting»ucher Creation Purchase Su*lmoice No.: SUP-3 Particulars Narration: Quit Y: Data Date Z: Exchange 2-Oct-26 A Accept Q Search O: Import E: Export List of Led er Accounts Share Party p: print x Create Fl: Help Date aaala Company to ru F4: Contra F5: Payment Receipt Journal Sales 756a- OLIO— acep 0670- FOLIO— F9: Purchase Fl 0: 0åHVouctg•s F: Autofill Change Mode More Details o: L: Related Reports Optional post -Dated acep .337. -a30 ning bbb75 ing j _id" : 3-011' 0670- D: Delete Cancel Vch Configure Mode Windows Server...
[shot] tds-433-U3-row2-a-sub1 (1024x768)
[15:57:01] [tds] screen tds-433-U3-row2-a-sub1 : M: Share FinCom Spike Co 76 Unity TallyPrime MANAGE EDU K: Company Accounting»ucher Creation Purchase Su*lmoice No.: SUP-3 Particulars Narration: Quit Y: Data Date Z: Exchange 2-Oct-26 A Accept Q Search O: Import E: Export List of Led er Accounts Share Party p: print x Create Fl: Help Date aaala Company to ru F4: Contra F5: Payment Receipt Journal Sales 756a- OLIO— acep 0670- FOLIO— F9: Purchase Fl 0: 0åHVouctg•s F: Autofill Change Mode More Details o: L: Related Reports Optional post -Dated acep .337. -a30 ning bbb75 ing j _id" : 3-011' 0670- D: Delete Cancel Vch Configure Mode Windows Server...
[keys] '{ENTER}' -> Tally 'TallyPrime:9000'
[shot] tds-434-U3-row2-amt (1024x768)
[15:57:05] [tds] screen tds-434-U3-row2-amt : TallyPrime MANAGE EDU K: Company Details Y: Data Z: Exchange Accept Q Search O: Import E: Export M: Share FinCom Spike Co Receipt Details Receipt Doc No. Dispatched through Destination Carrier Name/Agent Bill of No. Motor Vehicle No. p: print Fl: Help x : It Receipt Note No(s) Date: Unity Quit aaala to ru 756a- OLIO— acep 0670- FOLIO— acep .337. -a30 ning bbb75 ing j _id" : 3-011' 0670- Mode Windows Server 2025 Datacenter Build 26100.ge_release240331-1435 3:57 PM 10/8/2026
[shot] tds-435-U3-row2-bills1 (1024x768)
[15:57:06] [tds] screen tds-435-U3-row2-bills1 : TallyPrime MANAGE EDU K: Company Details Y: Data Z: Exchange Accept Q Search O: Import E: Export M: Share FinCom Spike Co Receipt Details Receipt Doc No. Dispatched through Destination Carrier Name/Agent Bill of No. Motor Vehicle No. p: print Fl: Help x : It Receipt Note No(s) Date: Unity Quit aaala to ru 756a- OLIO— acep 0670- FOLIO— acep .337. -a30 ning bbb75 ing j _id" : 3-011' 0670- Mode Windows Server 2025 Datacenter Build 26100.ge_release240331-1435 3:57 PM 10/8/2026
[shot] tds-436-U3-row2-b-sub1 (1024x768)
[15:57:06] [tds] screen tds-436-U3-row2-b-sub1 : TallyPrime MANAGE EDU K: Company Details Y: Data Z: Exchange Accept Q Search O: Import E: Export M: Share FinCom Spike Co Receipt Details Receipt Doc No. Dispatched through Destination Carrier Name/Agent Bill of No. Motor Vehicle No. p: print Fl: Help x : It Receipt Note No(s) Date: Unity Quit aaala to ru 756a- OLIO— acep 0670- FOLIO— acep .337. -a30 ning bbb75 ing j _id" : 3-011' 0670- Mode Windows Server 2025 Datacenter Build 26100.ge_release240331-1435 3:57 PM 10/8/2026
[keys] '^a' -> Tally 'TallyPrime:9000'
[shot] tds-437-U3-row2-b-sub-accept (1024x768)
[15:57:10] [tds] screen tds-437-U3-row2-b-sub-accept : Unity TallyPrime MANAGE EDU K: Company Details Quit Y: Data Z: Exchange FinCom Spike Co Party Details List of Led er Accounts Share Party Share Supplier Spike Party Spike Party 2 Ul Party O: Import Create New Party E: Export M: Share p: print Fl: Help Supplier (Bill from) Mailing Name Address State Country GST Registration type GSTIN/UIN Place of Supply Accept Q Search x : It L: Fetch Details Using aaala to ru 756a- OLIO— acep 0670- FOLIO— acep .337. -a30 ning bbb75 GSTIN/UIN ing j _id" : 3-011' 0670- Configure Mode Windows Server 2025 Datacenter Build 26100.ge_release240331-1435 3:57 PM 10/8/...
[shot] tds-438-U3-row2-b-sub2 (1024x768)
[15:57:11] [tds] screen tds-438-U3-row2-b-sub2 : Unity TallyPrime MANAGE EDU K: Company Details Quit Y: Data Z: Exchange FinCom Spike Co Party Details List of Led er Accounts Share Party Share Supplier Spike Party Spike Party 2 Ul Party O: Import Create New Party E: Export M: Share p: print Fl: Help Supplier (Bill from) Mailing Name Address State Country GST Registration type GSTIN/UIN Place of Supply Accept Q Search x : It L: Fetch Details Using aaala to ru 756a- OLIO— acep 0670- FOLIO— acep .337. -a30 ning bbb75 GSTIN/UIN ing j _id" : 3-011' 0670- Configure Mode Windows Server 2025 Datacenter Build 26100.ge_release240331-1435 3:57 PM 10/8/...
[keys] '^a' -> Tally 'TallyPrime:9000'
[shot] tds-439-U3-row2-b-sub-accept (1024x768)
[15:57:14] [tds] screen tds-439-U3-row2-b-sub-accept : O: Import FinCom Spike Co 76 TallyPrime MANAGE EDU K: Company Accounting»ucher Creation Purchase Su*lmoice No.: SUP-3 Particulars To Share Party Y: Data Date Z: Exchange 2-Oct-26 A Accept Q Search E: Export M: Share Debit p: print x 20ct-26 Friday Credit Fl: Help Date aaala Company to ru CurBal: 4,500.00 Dr Narration: Unity Quit F4: Contra F5: Payment Receipt Journal Sales 756a- OLIO— acep 0670- FOLIO— F9: Purchase Fl 0: 0åHVouctg•s F: Autofill Change Mode More Details o: L: Related Reports Optional post -Dated acep .337. -a30 ning bbb75 ing j _id" : 3-011' 0670- D: Delete x: Cancel Vch F12: C...
[shot] tds-440-U3-row2-b-sub3 (1024x768)
[15:57:15] [tds] screen tds-440-U3-row2-b-sub3 : O: Import FinCom Spike Co 76 TallyPrime MANAGE EDU K: Company Accounting»ucher Creation Purchase Su*lmoice No.: SUP-3 Particulars To Share Party Y: Data Date Z: Exchange 2-Oct-26 A Accept Q Search E: Export M: Share Debit p: print x 20ct-26 Friday Credit Fl: Help Date aaala Company to ru CurBal: 4,500.00 Dr Narration: Unity Quit F4: Contra F5: Payment Receipt Journal Sales 756a- OLIO— acep 0670- FOLIO— F9: Purchase Fl 0: 0åHVouctg•s F: Autofill Change Mode More Details o: L: Related Reports Optional post -Dated acep .337. -a30 ning bbb75 ing j _id" : 3-011' 0670- D: Delete x: Cancel Vch F12: C...
[shot] tds-441-U3-last-row (1024x768)
[15:57:16] [tds] screen tds-441-U3-last-row : O: Import FinCom Spike Co 76 TallyPrime MANAGE EDU K: Company Accounting»ucher Creation Purchase Su*lmoice No.: SUP-3 Particulars To Share Party Y: Data Date Z: Exchange 2-Oct-26 A Accept Q Search E: Export M: Share Debit p: print x 20ct-26 Friday Credit Fl: Help Date aaala Company to ru CurBal: 4,500.00 Dr Narration: Unity Quit F4: Contra F5: Payment Receipt Journal Sales 756a- OLIO— acep 0670- FOLIO— F9: Purchase Fl 0: 0åHVouctg•s F: Autofill Change Mode More Details o: L: Related Reports Optional post -Dated acep .337. -a30 ning bbb75 ing j _id" : 3-011' 0670- D: Delete x: Cancel Vch F12: C...
[keys] '^a' -> Tally 'TallyPrime:9000'
[shot] tds-442-U3-accept1 (1024x768)
[15:57:21] [tds] screen tds-442-U3-accept1 : O: Import FinCom Spike Co 76 TallyPrime MANAGE EDU K: Company Accounting»ucher Creation Purchase Su*lmoice No.: SUP-3 Particulars To Share Party Y: Data Date Z: Exchange 2-Oct-26 A Accept Q Search E: Export M: Share Debit p: print x 20ct-26 Friday Credit Fl: Help Date aaala Company to ru CurBal: 4,500.00 Dr Narration: Unity Quit F4: Contra F5: Payment Receipt Journal Sales 756a- OLIO— acep 0670- FOLIO— F9: Purchase Fl 0: 0åHVouctg•s F: Autofill Change Mode More Details o: L: Related Reports Optional post -Dated acep .337. -a30 ning bbb75 ing j _id" : 3-011' 0670- D: Delete x: Cancel Vch F12: C...
[shot] tds-443-U3-after1 (1024x768)
[15:57:22] [tds] screen tds-443-U3-after1 : O: Import FinCom Spike Co 76 TallyPrime MANAGE EDU K: Company Accounting»ucher Creation Purchase Su*lmoice No.: SUP-3 Particulars To Share Party Y: Data Date Z: Exchange 2-Oct-26 A Accept Q Search E: Export M: Share Debit p: print x 20ct-26 Friday Credit Fl: Help Date aaala Company to ru CurBal: 4,500.00 Dr Narration: Unity Quit F4: Contra F5: Payment Receipt Journal Sales 756a- OLIO— acep 0670- FOLIO— F9: Purchase Fl 0: 0åHVouctg•s F: Autofill Change Mode More Details o: L: Related Reports Optional post -Dated acep .337. -a30 ning bbb75 ing j _id" : 3-011' 0670- D: Delete x: Cancel Vch F12: C...
[shot] tds-444-gw0 (1024x768)
[15:57:22] [tds] screen tds-444-gw0 : O: Import FinCom Spike Co 76 TallyPrime MANAGE EDU K: Company Accounting»ucher Creation Purchase Su*lmoice No.: SUP-3 Particulars To Share Party Y: Data Date Z: Exchange 2-Oct-26 A Accept Q Search E: Export M: Share Debit p: print x 20ct-26 Friday Credit Fl: Help Date aaala Company to ru CurBal: 4,500.00 Dr Narration: Unity Quit F4: Contra F5: Payment Receipt Journal Sales 756a- OLIO— acep 0670- FOLIO— F9: Purchase Fl 0: 0åHVouctg•s F: Autofill Change Mode More Details o: L: Related Reports Optional post -Dated acep .337. -a30 ning bbb75 ing j _id" : 3-011' 0670- D: Delete x: Cancel Vch F12: C...
[keys] '{ESC}' -> Tally 'TallyPrime:9000'
[shot] tds-445-gw1 (1024x768)
[15:57:26] [tds] screen tds-445-gw1 : O: Import FinCom Spike Co 76 TallyPrime MANAGE EDU K: Company Accounting»ucher Creation Purchase Su*lmoice No.: SUP-3 Particulars To Share Party Y: Data Date Z: Exchange 2-Oct-26 A: Accept Q Search E: Export M: Share Debit CurBal: 4,500.00 Dr Narration: Unity Q: Quit p: print x 20ct-26 Friday Credit Quit o Yes or No D: Delete X: Cancel Vch Fl: Help F2: Date F3: Company F4: Contra F5: Payment F6: Receipt F7: Journal F8: Sales F9: Purchase F: Autofill H: Change Mode l: More Details O: Related Reports k: Optional T: post -Dated Fl 2: Configure aaala to ru 756a- OLIO— acep 0670- FOLIO— acep .337. ...
[keys] 'y' -> Tally 'TallyPrime:9000'
[shot] tds-446-gw2 (1024x768)
[15:57:30] [tds] screen tds-446-gw2 : TallyPrime MANAGE EDU K: Company Gatewa of Tall CURRENT PERIOD I-Apr-26 to 31-Mar-27 NAME OF COMPANY FinCom Spike Co Y: Data Z: Exchange O: Import E: Export M: Share p: print Fl: Help Date aaala Q CURRENT OATE Friday, 2-Oct-2026 2-Oct-26 Search Gateway of Tally MASTERS Create Alter CHart of Accounts TRANSACTIONS Vouchers Day 800K UTILITIES BaNking REPORTS Balance Sheet Profit & Loss A/c Stock Summary Ratio Analysis Display More Reports DashbOard Quit Unity Company to ru 756a- OLIO— acep 0670- FOLIO— acep .337. -a30 ning bbb75 ing j _id" : 3-011' 0670- Mode Windows Server 2025 Datacenter Build ...
  voucher mid=1 aid=1 Journal/1/20260401 guid=a381c3ad-1c49-482a-8d4f-cb1da1df58a6-00000001 cancelled=False
  voucher mid=2 aid=2 Journal/2/20261001 guid=a381c3ad-1c49-482a-8d4f-cb1da1df58a6-00000002 cancelled=False
  voucher mid=3 aid=3 Journal/3/20261001 guid=a381c3ad-1c49-482a-8d4f-cb1da1df58a6-00000003 cancelled=False
  voucher mid=4 aid=4 Journal/4/20261001 guid=a381c3ad-1c49-482a-8d4f-cb1da1df58a6-00000004 cancelled=False
  voucher mid=5 aid=5 Journal/5/20261001 guid=a381c3ad-1c49-482a-8d4f-cb1da1df58a6-00000005 cancelled=False
  voucher mid=6 aid=6 Payroll/1/20261001 guid=a381c3ad-1c49-482a-8d4f-cb1da1df58a6-00000006 cancelled=False
  voucher mid=7 aid=7 Receipt/1/20261002 guid=a381c3ad-1c49-482a-8d4f-cb1da1df58a6-00000007 cancelled=False
  voucher mid=8 aid=8 Receipt/2/20261002 guid=a381c3ad-1c49-482a-8d4f-cb1da1df58a6-00000008 cancelled=False
  voucher mid=9 aid=9 Payment/1/20261002 guid=a381c3ad-1c49-482a-8d4f-cb1da1df58a6-00000009 cancelled=False
  voucher mid=10 aid=10 Payment/2/20261002 guid=a381c3ad-1c49-482a-8d4f-cb1da1df58a6-0000000a cancelled=False
  voucher mid=11 aid=11 Contra/1/20261002 guid=a381c3ad-1c49-482a-8d4f-cb1da1df58a6-0000000b cancelled=False
  voucher mid=12 aid=12 Journal/6/20261002 guid=a381c3ad-1c49-482a-8d4f-cb1da1df58a6-0000000c cancelled=False
  voucher mid=13 aid=13 Journal/7/20261002 guid=a381c3ad-1c49-482a-8d4f-cb1da1df58a6-0000000d cancelled=False
  voucher mid=14 aid=14 Sales/1/20261002 guid=a381c3ad-1c49-482a-8d4f-cb1da1df58a6-0000000e cancelled=False
  voucher mid=15 aid=15 Sales/2/20261002 guid=a381c3ad-1c49-482a-8d4f-cb1da1df58a6-0000000f cancelled=False
  voucher mid=16 aid=16 Sales/3/20261002 guid=a381c3ad-1c49-482a-8d4f-cb1da1df58a6-00000010 cancelled=False
  voucher mid=17 aid=17 Purchase/1/20261002 guid=a381c3ad-1c49-482a-8d4f-cb1da1df58a6-00000011 cancelled=False
  voucher mid=18 aid=18 Purchase/2/20261002 guid=a381c3ad-1c49-482a-8d4f-cb1da1df58a6-00000012 cancelled=False
  voucher mid=19 aid=19 Sales/4/20261002 guid=a381c3ad-1c49-482a-8d4f-cb1da1df58a6-00000013 cancelled=False
[15:57:33] ---- share credit-note: credit note, item invoice, Agst Ref the sales bill SB-1
  voucher mid=1 aid=1 Journal/1/20260401 guid=a381c3ad-1c49-482a-8d4f-cb1da1df58a6-00000001 cancelled=False
  voucher mid=2 aid=2 Journal/2/20261001 guid=a381c3ad-1c49-482a-8d4f-cb1da1df58a6-00000002 cancelled=False
  voucher mid=3 aid=3 Journal/3/20261001 guid=a381c3ad-1c49-482a-8d4f-cb1da1df58a6-00000003 cancelled=False
  voucher mid=4 aid=4 Journal/4/20261001 guid=a381c3ad-1c49-482a-8d4f-cb1da1df58a6-00000004 cancelled=False
  voucher mid=5 aid=5 Journal/5/20261001 guid=a381c3ad-1c49-482a-8d4f-cb1da1df58a6-00000005 cancelled=False
  voucher mid=6 aid=6 Payroll/1/20261001 guid=a381c3ad-1c49-482a-8d4f-cb1da1df58a6-00000006 cancelled=False
  voucher mid=7 aid=7 Receipt/1/20261002 guid=a381c3ad-1c49-482a-8d4f-cb1da1df58a6-00000007 cancelled=False
  voucher mid=8 aid=8 Receipt/2/20261002 guid=a381c3ad-1c49-482a-8d4f-cb1da1df58a6-00000008 cancelled=False
  voucher mid=9 aid=9 Payment/1/20261002 guid=a381c3ad-1c49-482a-8d4f-cb1da1df58a6-00000009 cancelled=False
  voucher mid=10 aid=10 Payment/2/20261002 guid=a381c3ad-1c49-482a-8d4f-cb1da1df58a6-0000000a cancelled=False
  voucher mid=11 aid=11 Contra/1/20261002 guid=a381c3ad-1c49-482a-8d4f-cb1da1df58a6-0000000b cancelled=False
  voucher mid=12 aid=12 Journal/6/20261002 guid=a381c3ad-1c49-482a-8d4f-cb1da1df58a6-0000000c cancelled=False
  voucher mid=13 aid=13 Journal/7/20261002 guid=a381c3ad-1c49-482a-8d4f-cb1da1df58a6-0000000d cancelled=False
  voucher mid=14 aid=14 Sales/1/20261002 guid=a381c3ad-1c49-482a-8d4f-cb1da1df58a6-0000000e cancelled=False
  voucher mid=15 aid=15 Sales/2/20261002 guid=a381c3ad-1c49-482a-8d4f-cb1da1df58a6-0000000f cancelled=False
  voucher mid=16 aid=16 Sales/3/20261002 guid=a381c3ad-1c49-482a-8d4f-cb1da1df58a6-00000010 cancelled=False
  voucher mid=17 aid=17 Purchase/1/20261002 guid=a381c3ad-1c49-482a-8d4f-cb1da1df58a6-00000011 cancelled=False
  voucher mid=18 aid=18 Purchase/2/20261002 guid=a381c3ad-1c49-482a-8d4f-cb1da1df58a6-00000012 cancelled=False
  voucher mid=19 aid=19 Sales/4/20261002 guid=a381c3ad-1c49-482a-8d4f-cb1da1df58a6-00000013 cancelled=False
[shot] tds-447-gw0 (1024x768)
[15:57:33] [tds] screen tds-447-gw0 : TallyPrime MANAGE EDU K: Company Gatewa of Tall CURRENT PERIOD I-Apr-26 to 31-Mar-27 NAME OF COMPANY FinCom Spike Co Y: Data Z: Exchange O: Import E: Export M: Share p: print Fl: Help Date aaala Q CURRENT OATE Friday, 2-Oct-2026 2-Oct-26 Search Gateway of Tally MASTERS Create Alter CHart of Accounts TRANSACTIONS Vouchers Day 800K UTILITIES BaNking REPORTS Balance Sheet Profit & Loss A/c Stock Summary Ratio Analysis Display More Reports DashbOard Quit Unity Company to ru 756a- OLIO— acep 0670- FOLIO— acep .337. -a30 ning bbb75 ing j _id" : 3-011' 0670- Mode Windows Server 2025 Datacenter Build ...
[shot] tds-448-N1-start (1024x768)
[15:57:34] [tds] screen tds-448-N1-start : TallyPrime MANAGE EDU K: Company Gatewa of Tall CURRENT PERIOD I-Apr-26 to 31-Mar-27 NAME OF COMPANY FinCom Spike Co Y: Data Z: Exchange O: Import E: Export M: Share p: print Fl: Help Date aaala Q CURRENT OATE Friday, 2-Oct-2026 2-Oct-26 Search Gateway of Tally MASTERS Create Alter CHart of Accounts TRANSACTIONS Vouchers Day 800K UTILITIES BaNking REPORTS Balance Sheet Profit & Loss A/c Stock Summary Ratio Analysis Display More Reports DashbOard Quit Unity Company to ru 756a- OLIO— acep 0670- FOLIO— acep .337. -a30 ning bbb75 ing j _id" : 3-011' 0670- Mode Windows Server 2025 Datacenter Build ...
[keys] 'v' -> Tally 'TallyPrime:9000'
[shot] tds-449-N1-vouchers (1024x768)
[15:57:38] [tds] screen tds-449-N1-vouchers : O: Import FinCom Spike Co 76 TallyPrime MANAGE EDU K: Company Accounting»ucher Creation Purchase Su*i« Imoice No. Particulars Narration: Y: Data Date Z: Exchange A Accept Q Search E: Export M: Share Debit p: print x 20ct-26 Friday Credit Fl: Help Date aaala Company to ru F4: Contra F5: Payment Receipt Journal Sales 756a- OLIO— acep 0670- FOLIO— F9: Purchase Fl 0: 0åHVouctg•s F: Autofill Change Mode More Details o: L: Related Reports Optional post -Dated acep .337. -a30 ning bbb75 ing j _id" : 3-011' 0670- Unity Quit D: Delete x: Cancel Vch F12: Configure Mode Windows Server 2025 Datacenter Bui...
[keys] '{F10}' -> Tally 'TallyPrime:9000'
[shot] tds-450-N1-type (1024x768)
[15:57:42] [tds] screen tds-450-N1-type : R CEDU Unity Quit TallyPrime MANAGE K: Company Y: Data Z: Exchange FinCom • ke Co Change Voucher Type O: Import Create Show Inactive F4 A lt+F6 Ctd+F7 Alt+F7 E: Export M: Share Purchase List of Voucher T S p: print Fl: Help x : It Accounting Vouchers Contra Credit Note Debit Note Journal Payment Purchase Receipt Sales Inventory Vouchers Physical Stock Stock Journal aaala to ru 756a- OLIO— acep 0670- FOLIO— acep .337. -a30 ning bbb75 ing j _id" : 3-011' 0670- Mode Q Search Windows Server 2025 Datacenter Build 26100.ge_release240331-1435 3:57 PM 10/8/2026
[keys] 'Credit Note{ENTER}' -> Tally 'TallyPrime:9000'
[shot] tds-451-N1-type (1024x768)
[15:57:47] [tds] screen tds-451-N1-type : TallyPrime MANAGE EDU K: Company Accounting Yeucher Creation 76 Credit Note Party Alc narne. Current balance: Ledger account: • Current balance: Name of Item Narration: Unity Quit Y: Data Z: Exchange A Accept Q Search FinCom Spike Co O: Import E: Export List of Led er Accounts Cash Share Bank Share Party Share Supplier Spike Party Spike Party 2 Ul Party M: Share p: print x Create Fl: Help Date aaala Company to ru F4: Contra F5: Payment Receipt Journal Sales 756a- OLIO— acep 0670- FOLIO— Purchase • Fl 0: 0åHVouctg•s F: Autofill Change Mode More Details o: L: Related Reports Optional post -Dated...
[keys] '^h' -> Tally 'TallyPrime:9000'
[shot] tds-452-N1-mode (1024x768)
[15:57:50] [tds] screen tds-452-N1-mode : TallyPrime MANAGE EDU K: Company Change Mode Unity Quit Y: Data Z: Exchange O: Import E: Export M: Share p: print Fl: Help FinCom • ke Co Change Voucher Mode Item Invoice List of Modes/Usa es Item Invoice Accounting Invoice As Voucher Use for Interest Accounting A Accept Q Search aaala to ru 756a- OLIO— acep 0670- FOLIO— acep .337. -a30 ning bbb75 ing j _id" : 3-011' 0670- Mode Windows Server 2025 Datacenter Build 26100.ge_release240331-1435 3:57 PM 10/8/2026
[keys] 'Item Invoice{ENTER}' -> Tally 'TallyPrime:9000'
[shot] tds-453-N1-item-mode (1024x768)
[15:57:54] [tds] screen tds-453-N1-item-mode : TallyPrime MANAGE EDU K: Company Accounting Yeucher Creation 76 Credit Note Party Alc narne. Current balance: Ledger account: • Current balance: Name of Item Narration: Unity Quit Y: Data Z: Exchange A Accept Q Search FinCom Spike Co O: Import E: Export List of Led er Accounts Cash Share Bank Share Party Share Supplier Spike Party Spike Party 2 Ul Party M: Share p: print x Create Fl: Help Date aaala Company to ru F4: Contra F5: Payment Receipt Journal Sales 756a- OLIO— acep 0670- FOLIO— Purchase • Fl 0: 0åHVouctg•s F: Autofill Change Mode More Details o: L: Related Reports Optional post -Dated...
[keys] '{F2}' -> Tally 'TallyPrime:9000'
[shot] tds-454-N1-date-box (1024x768)
[15:57:57] [tds] screen tds-454-N1-date-box : TallyPrime MANAGE EDU K: Company Change Voucher Date Unity Quit Y: Data Z: Exchange A Accept Q Search O: Import E: Export M: Share p: print Fl: Help FinCom Spike Co Voucher Date 3-10-2026 aaala to ru 756a- OLIO— acep 0670- FOLIO— acep .337. -a30 ning bbb75 ing j _id" : 3-011' 0670- Mode Windows Server 2025 Datacenter Build 26100.ge_release240331-1435 3:57 PM 10/8/2026
[keys] '2-10-2026{ENTER}' -> Tally 'TallyPrime:9000'
[shot] tds-455-N1-date (1024x768)
[15:58:01] [tds] screen tds-455-N1-date : TallyPrime MANAGE EDU K: Company Accounting Yeucher Creation 76 Credit Note Party Alc narne. Current balance: Ledger account: • Current balance: Name of Item Narration: Unity Quit Y: Data Z: Exchange A Accept Q Search FinCom Spike Co O: Import E: Export List of Led er Accounts Cash Share Bank Share Party Share Supplier Spike Party Spike Party 2 Ul Party M: Share p: print x Create Fl: Help Date aaala Company to ru F4: Contra F5: Payment Receipt Journal Sales 756a- OLIO— acep 0670- FOLIO— Purchase • Fl 0: 0åHVouctg•s F: Autofill Change Mode More Details o: L: Related Reports Optional post -Dated...
[keys] 'Share Party{ENTER}' -> Tally 'TallyPrime:9000'
[shot] tds-456-N1-party (1024x768)
[15:58:05] [tds] screen tds-456-N1-party : TallyPrime MANAGE EDU K: Company Details Y: Data Z: Exchange Accept Q Search O: Import E: Export M: Share p: print Fl: Help x Tracking No(s) Original Invoice No. FinCom Spike Co Receipt Details Dispatch Doc No. Dispatched through Destination Carrier Name/Agent Bill of No. Motor Vehicle No. Original Invoice Details Date Date: Unity Quit aaala to ru 756a- OLIO— acep 0670- FOLIO— acep .337. -a30 ning bbb75 ing j _id" : 3-011' 0670- Mode Windows Server 2025 Datacenter Build 26100.ge_release240331-1435 3:58 PM 10/8/2026
[shot] tds-457-N1-party-sub1 (1024x768)
[15:58:06] [tds] screen tds-457-N1-party-sub1 : TallyPrime MANAGE EDU K: Company Details Y: Data Z: Exchange Accept Q Search O: Import E: Export M: Share p: print Fl: Help x Tracking No(s) Original Invoice No. FinCom Spike Co Receipt Details Dispatch Doc No. Dispatched through Destination Carrier Name/Agent Bill of No. Motor Vehicle No. Original Invoice Details Date Date: Unity Quit aaala to ru 756a- OLIO— acep 0670- FOLIO— acep .337. -a30 ning bbb75 ing j _id" : 3-011' 0670- Mode Windows Server 2025 Datacenter Build 26100.ge_release240331-1435 3:58 PM 10/8/2026
[keys] '^a' -> Tally 'TallyPrime:9000'
[shot] tds-458-N1-party-sub-accept (1024x768)
[15:58:10] [tds] screen tds-458-N1-party-sub-accept : Unity TallyPrime MANAGE EDU K: Company Details Quit Y: Data Z: Exchange FinCom Spike Co Party Details Share Pa List of Led er Accounts Share Party Share Supplier Spike Party Spike Party 2 Ul Party O: Import Create New Party E: Export M: Share p: print Fl: Help x Buyer (Bill to) Mailing Name Address State Country GST Registration type GSTIN/UIN Place of Supply Accept Q Search L: Fetch Details Using aaala to ru 756a- OLIO— acep 0670- FOLIO— acep .337. -a30 ning bbb75 GSTIN/UIN ing j _id" : 3-011' 0670- Configure Mode Windows Server 2025 Datacenter Build 26100.ge_release240331-1435 3:58 PM 10/8/2...
[shot] tds-459-N1-party-sub2 (1024x768)
[15:58:11] [tds] screen tds-459-N1-party-sub2 : Unity TallyPrime MANAGE EDU K: Company Details Quit Y: Data Z: Exchange FinCom Spike Co Party Details Share Pa List of Led er Accounts Share Party Share Supplier Spike Party Spike Party 2 Ul Party O: Import Create New Party E: Export M: Share p: print Fl: Help x Buyer (Bill to) Mailing Name Address State Country GST Registration type GSTIN/UIN Place of Supply Accept Q Search L: Fetch Details Using aaala to ru 756a- OLIO— acep 0670- FOLIO— acep .337. -a30 ning bbb75 GSTIN/UIN ing j _id" : 3-011' 0670- Configure Mode Windows Server 2025 Datacenter Build 26100.ge_release240331-1435 3:58 PM 10/8/2...
[keys] '^a' -> Tally 'TallyPrime:9000'
[shot] tds-460-N1-party-sub-accept (1024x768)
[15:58:14] [tds] screen tds-460-N1-party-sub-accept : TallyPrime MANAGE EDU K: Company Accounting Yeucher Creation 76 Credit Note Party A/c narne: Share Party Current balance: 4,500.00 Dr Ledger account: • Current balance: Name of Item Narration: Unity Quit Y: Data Z: Exchange A Accept Q Search FinCom Spike Co O: Import E: Export List of Led er Accounts Share Sales M: Share p: print x Create Show More Fl: Help Date aaala Company to ru F4: Contra F5: Payment Receipt Journal Sales 756a- OLIO— acep 0670- FOLIO— Purchase • Fl 0: 0åHVouctg•s F: Autofill Change Mode More Details o: L: Related Reports Optional post -Dated acep .337. -a30 ning bbb75 ing ...
[shot] tds-461-N1-party-sub3 (1024x768)
[15:58:15] [tds] screen tds-461-N1-party-sub3 : TallyPrime MANAGE EDU K: Company Accounting Yeucher Creation 76 Credit Note Party A/c narne: Share Party Current balance: 4,500.00 Dr Ledger account: • Current balance: Name of Item Narration: Unity Quit Y: Data Z: Exchange A Accept Q Search FinCom Spike Co O: Import E: Export List of Led er Accounts Share Sales M: Share p: print x Create Show More Fl: Help Date aaala Company to ru F4: Contra F5: Payment Receipt Journal Sales 756a- OLIO— acep 0670- FOLIO— Purchase • Fl 0: 0åHVouctg•s F: Autofill Change Mode More Details o: L: Related Reports Optional post -Dated acep .337. -a30 ning bbb75 ing ...
[keys] 'Share Sales{ENTER}' -> Tally 'TallyPrime:9000'
[shot] tds-462-N1-ledger (1024x768)
[15:58:19] [tds] screen tds-462-N1-ledger : TallyPrime MANAGE EDU K: Company Accounting Yeucher Creation 76 Credit Note Party A/c narne: Share Party Current balance: 4,500.00 Dr Ledger account: Share Sales • Current balance: 1,000.00 Cr Name of Item Ch Narration: Unity Quit Y: Data Z: Exchange A Accept Q Search FinCom Spike Co O: Import Quantity E: Export Rate M: Share per p: print x 20ct-26 Friday Amount Fl: Help Date aaala Company to ru F4: Contra F5: Payment Receipt Journal Sales 756a- OLIO— acep 0670- FOLIO— Purchase • Fl 0: 0åHVouctg•s F: Autofill Change Mode More Details o: L: Related Reports Optional post -Dated acep .337. -a30 n...
[keys] 'Share Item{ENTER}' -> Tally 'TallyPrime:9000'
[shot] tds-463-N1-item (1024x768)
[15:58:23] [tds] screen tds-463-N1-item : TallyPrime MANAGE EDU K: Company Accounting Yeucher Creation 76 Credit Note Party A/c narne: Share Party Current balance: 4,500.00 Dr Ledger account: Share Sales • Current balance: 1,000.00 Cr Name of Item Share Item Narration: Unity Quit Y: Data Z: Exchange A Accept Q Search FinCom Spike Co O: Import Quantity E: Export Rate M: Share per p: print x 20ct-26 Friday Amount Fl: Help Date aaala Company to ru F4: Contra F5: Payment Receipt Journal Sales 756a- OLIO— acep 0670- FOLIO— Purchase • Fl 0: 0åHVouctg•s F: Autofill Change Mode More Details o: L: Related Reports Optional post -Dated acep .337...
[shot] tds-464-N1-item-sub1 (1024x768)
[15:58:24] [tds] screen tds-464-N1-item-sub1 : TallyPrime MANAGE EDU K: Company Accounting Yeucher Creation 76 Credit Note Party A/c narne: Share Party Current balance: 4,500.00 Dr Ledger account: Share Sales • Current balance: 1,000.00 Cr Name of Item Share Item Narration: Unity Quit Y: Data Z: Exchange A Accept Q Search FinCom Spike Co O: Import Quantity E: Export Rate M: Share per p: print x 20ct-26 Friday Amount Fl: Help Date aaala Company to ru F4: Contra F5: Payment Receipt Journal Sales 756a- OLIO— acep 0670- FOLIO— Purchase • Fl 0: 0åHVouctg•s F: Autofill Change Mode More Details o: L: Related Reports Optional post -Dated acep .337...
[keys] '1{ENTER}' -> Tally 'TallyPrime:9000'
[shot] tds-465-N1-qty (1024x768)
[15:58:27] [tds] screen tds-465-N1-qty : TallyPrime MANAGE EDU K: Company Accounting Yeucher Creation 76 Credit Note Party A/c narne: Share Party Current balance: 4,500.00 Dr Ledger account: Share Sales • Current balance: 1,000.00 Cr Name of Item Share Item Narration: Unity Quit Y: Data Z: Exchange A Accept Q Search FinCom Spike Co O: Import Quantity 1 Nos 1 Nos E: Export Rate 100.00 M: Share per Nos p: print x 20ct-26 Friday Amount 100.00 Fl: Help Date aaala Company to ru F4: Contra F5: Payment Receipt Journal Sales 756a- OLIO— acep 0670- FOLIO— Purchase • Fl 0: 0åHVouctg•s F: Autofill Change Mode More Details o: L: 100.00 Related R...
[keys] '100{ENTER}' -> Tally 'TallyPrime:9000'
[shot] tds-466-N1-rate (1024x768)
[15:58:30] [tds] screen tds-466-N1-rate : TallyPrime MANAGE EDU K: Company Accounting Yeucher Creation 76 Credit Note Party A/c narne: Share Party Current balance: 4,500.00 Dr Ledger account: Share Sales • Current balance: 1,000.00 Cr Name of Item Share Item Narration: Unity Quit Y: Data Z: Exchange A Accept Q Search FinCom Spike Co O: Import Quantity 1 Nos 1 Nos E: Export Rate 100.00 M: Share per Nos p: print x 20ct-26 Friday Amount 100.00 Fl: Help Date aaala Company to ru F4: Contra F5: Payment Receipt Journal Sales 756a- OLIO— acep 0670- FOLIO— Purchase • Fl 0: 0åHVouctg•s F: Autofill Change Mode More Details o: L: 100.00 Related R...
[keys] '{ENTER}' -> Tally 'TallyPrime:9000'
[shot] tds-467-N1-amount (1024x768)
[15:58:33] [tds] screen tds-467-N1-amount : TallyPrime MANAGE EDU K: Company Accounting Yeucher Creation 76 Credit Note Party A/c narne: Share Party Current balance: 4,500.00 Dr Ledger account: Share Sales • Current balance: 1,000.00 Cr Name of Item Share Item Narration: Unity Quit Y: Data Z: Exchange A Accept Q Search FinCom Spike Co O: Import Quantity 1 Nos 1 Nos E: Export Rate 100.00 M: Share per Nos p: print x 20ct-26 Friday Amount 100.00 Fl: Help Date aaala Company to ru F4: Contra F5: Payment Receipt Journal Sales 756a- OLIO— acep 0670- FOLIO— Purchase • Fl 0: 0åHVouctg•s F: Autofill Change Mode More Details o: L: 100.00 Related R...
[shot] tds-468-N1-item-b-sub1 (1024x768)
[15:58:34] [tds] screen tds-468-N1-item-b-sub1 : TallyPrime MANAGE EDU K: Company Accounting Yeucher Creation 76 Credit Note Party A/c narne: Share Party Current balance: 4,500.00 Dr Ledger account: Share Sales • Current balance: 1,000.00 Cr Name of Item Share Item Narration: Unity Quit Y: Data Z: Exchange A Accept Q Search FinCom Spike Co O: Import Quantity 1 Nos 1 Nos E: Export Rate 100.00 M: Share per Nos p: print x 20ct-26 Friday Amount 000.00 Fl: Help Date aaala Company to ru F4: Contra F5: Payment Receipt Journal Sales 756a- OLIO— acep 0670- FOLIO— Purchase • Fl 0: 0åHVouctg•s F: Autofill Change Mode More Details o: L: 100.00 Related R...
[keys] '{ENTER}' -> Tally 'TallyPrime:9000'
[shot] tds-469-N1-items-done (1024x768)
[15:58:37] [tds] screen tds-469-N1-items-done : TallyPrime MANAGE EDU K: Company Accounting Yeucher Creation 76 Credit Note Party A/c narne: Share Party Current balance: 4,500.00 Dr Ledger account: Share Sales • Current balance: 1,000.00 Cr Name of Item Share Item Narration: Unity Quit Y: Data Z: Exchange A Accept Q Search FinCom Spike Co O: Import Quantity 1 Nos 1 Nos E: Export Rate 100.00 M: Share per Nos p: print x 20ct-26 Friday Amount 100.00 100.00 Fl: Help Date aaala Company to ru F4: Contra F5: Payment Receipt Journal Sales 756a- OLIO— acep 0670- FOLIO— Purchase • Fl 0: 0åHVouctg•s F: Autofill Change Mode More Details o: L: 100.00 Re...
[keys] '^a' -> Tally 'TallyPrime:9000'
[shot] tds-470-N1-accept1 (1024x768)
[15:58:42] [tds] screen tds-470-N1-accept1 : Unity TallyPrime MANAGE EDU K: Company Bill-wise Details Quit Y: Data Type of Ref St Ref Z: Exchange FinCom Spike Co Bill-wise Details for : Share Party Up to: 100.00 cr O: Import Amount E: Export M: Share p: print Fl: Help x Name Method of Ad Advance Agst Ref New Ref On Account Accept Q Search Due Date, or Credit Days 20ct-26) aaala to ru 756a- OLIO— acep 0670- FOLIO— acep .337. -a30 ning bbb75 ing j _id" : 3-011' 0670- Mode Windows Server 2025 Datacenter Build 26100.ge_release240331-1435 3:58 PM 10/8/2026
[shot] tds-471-N1-after1 (1024x768)
[15:58:42] [tds] screen tds-471-N1-after1 : Unity TallyPrime MANAGE EDU K: Company Bill-wise Details Quit Y: Data Type of Ref St Ref Z: Exchange FinCom Spike Co Bill-wise Details for : Share Party Up to: 100.00 cr O: Import Amount E: Export M: Share p: print Fl: Help x Name Method of Ad Advance Agst Ref New Ref On Account Accept Q Search Due Date, or Credit Days 20ct-26) aaala to ru 756a- OLIO— acep 0670- FOLIO— acep .337. -a30 ning bbb75 ing j _id" : 3-011' 0670- Mode Windows Server 2025 Datacenter Build 26100.ge_release240331-1435 3:58 PM 10/8/2026
[shot] tds-472-N1-at1-bills1 (1024x768)
[15:58:43] [tds] screen tds-472-N1-at1-bills1 : Unity TallyPrime MANAGE EDU K: Company Bill-wise Details Quit Y: Data Type of Ref A Ref Z: Exchange FinCom Spike Co Bill-wise Details for : Share Party Up to: 100.00 cr O: Import Amount E: Export M: Share p: print Fl: Help x Name Method of Ad Advance Agst Ref New Ref On Account Accept Q Search Due Date, or Credit Days 20ct-26) aaala to ru 756a- OLIO— acep 0670- FOLIO— acep .337. -a30 ning bbb75 ing j _id" : 3-011' 0670- Mode Windows Server 2025 Datacenter Build 26100.ge_release240331-1435 3:58 PM 10/8/2026
[keys] 'Agst Ref{ENTER}' -> Tally 'TallyPrime:9000'
[shot] tds-473-N1-at1-reftype (1024x768)
[15:58:47] [tds] screen tds-473-N1-at1-reftype : Unity TallyPrime MANAGE EDU K: Company Bill-wise Details pendin Name 1 3 ADVS-I Sd-I Quit Y: Data Type of Ref Agst Ref Bills Z: Exchange FinCom Spike Co Bill-wise Details for : Share Party Up to: 100.00 cr O: Import Amount E: Export M: Share p: print Fl: Help x Bill Date 2-Oct-26 2-Oct-26 I-Oct-26 I-Oct-26 Accept Name Due Date 2-Oct-26 2-Oct-26 I-Oct-26 I-Oct-26 Due Date, or Credit Days (wef 20ct-26) Balance 400.00 Dr 300.00 Dr 700.00 cr 4,500.00 Dr Final Balance 400.00 Dr 300.00 Dr 700.00 cr 4,500.00 Dr aaala to ru 756a- OLIO— acep 0670- FOLIO— acep .337. -a30 ning bbb75 ing j _id" : 3-011' 0...
[keys] 'SB-1{ENTER}' -> Tally 'TallyPrime:9000'
[shot] tds-474-N1-at1-refname (1024x768)
[15:58:51] [tds] screen tds-474-N1-at1-refname : Unity TallyPrime MANAGE EDU K: Company Bill-wise Details Quit Y: Data Type of Ref Agst Ref Z: Exchange FinCom Spike Co Bill-wise Details for : Share Party Up to: 100.00 cr O: Import E: Export Amount 000.00 cr 100.00 cr M: Share p: print Fl: Help x Name SB_I Accept Q Search Due Date, or Credit Days (wef 20ct-26) aaala to ru 756a- OLIO— acep 0670- FOLIO— acep .337. -a30 ning bbb75 ing j _id" : 3-011' 0670- Mode Windows Server 2025 Datacenter Build 26100.ge_release240331-1435 3:58 PM 10/8/2026
[keys] '{ENTER}' -> Tally 'TallyPrime:9000'
[shot] tds-475-N1-at1-refamount (1024x768)
[15:58:54] [tds] screen tds-475-N1-at1-refamount : Unity TallyPrime MANAGE EDU K: Company Bill-wise Details Quit Y: Data Type of Ref Agst Ref Z: Exchange FinCom Spike Co Bill-wise Details for : Share Party Up to: 100.00 cr O: Import E: Export Amount 100.00 100.00 cr M: Share p: print Fl: Help x Name SB_I Accept Q Search Due Date, or Credit Days (wef 20ct-26) aaala to ru 756a- OLIO— acep 0670- FOLIO— acep .337. -a30 ning bbb75 ing j _id" : 3-011' 0670- Mode Windows Server 2025 Datacenter Build 26100.ge_release240331-1435 3:58 PM 10/8/2026
[shot] tds-476-N1-at1-bills2 (1024x768)
[15:58:55] [tds] screen tds-476-N1-at1-bills2 : Unity TallyPrime MANAGE EDU K: Company Bill-wise Details Quit Y: Data Type of Ref Agst Ref Z: Exchange FinCom Spike Co Bill-wise Details for : Share Party Up to: 100.00 cr O: Import E: Export Amount 100.00 cr 100.00 cr M: Share p: print Fl: Help x Name SB_I Accept Q Search Due Date, or Credit Days (wef 20ct-26) aaala to ru 756a- OLIO— acep 0670- FOLIO— acep .337. -a30 ning bbb75 ing j _id" : 3-011' 0670- Mode Windows Server 2025 Datacenter Build 26100.ge_release240331-1435 3:58 PM 10/8/2026
[keys] '^a' -> Tally 'TallyPrime:9000'
[shot] tds-477-N1-at1-bills-accept (1024x768)
[15:58:59] [tds] screen tds-477-N1-at1-bills-accept : TallyPrime MANAGE EDU K: Company Accounting Yeucher Creation 76 Credit Note Party A/c narne: Share Party Current balance: 4,500.00 Dr Ledger account: Share Sales • Current balance: 1,000.00 Cr Name of Item Share Item • End of List Narration: Unity Quit Y: Data Z: Exchange Accept Q Search FinCom Spike Co O: Import Quantity 1 Nos 1 Nos E: Export Rate 100.00 M: Share per Nos p: print x 20ct-26 Friday Amount 100.00 Fl: Help Date aaala Company to ru F4: Contra F5: Payment Receipt Journal Sales 756a- OLIO— acep 0670- FOLIO— Purchase • Fl 0: 0åHVouctg•s F: Autofill Change Mode More Details o: L: 100....
[shot] tds-478-N1-at1-bills3 (1024x768)
[15:58:59] [tds] screen tds-478-N1-at1-bills3 : TallyPrime MANAGE EDU K: Company Accounting Yeucher Creation 76 Credit Note Party A/c narne: Share Party Current balance: 4,500.00 Dr Ledger account: Share Sales • Current balance: 1,000.00 Cr Name of Item Share Item • End of List Narration: Unity Quit Y: Data Z: Exchange Accept Q Search FinCom Spike Co O: Import Quantity 1 Nos 1 Nos E: Export Rate 100.00 M: Share per Nos p: print x 20ct-26 Friday Amount 100.00 Fl: Help Date aaala Company to ru F4: Contra F5: Payment Receipt Journal Sales 756a- OLIO— acep 0670- FOLIO— Purchase • Fl 0: 0åHVouctg•s F: Autofill Change Mode More Details o: L: 100....
[keys] '^a' -> Tally 'TallyPrime:9000'
[shot] tds-479-N1-accept2 (1024x768)
[15:59:04] [tds] screen tds-479-N1-accept2 : TallyPrime MANAGE EDU K: Company Accounting Yeucher Creation 76 Credit Note Party Alc narne. Current balance: Ledger account: • Current balance: Name of Item Narration: Unity Quit Y: Data Z: Exchange A Accept Q Search FinCom Spike Co O: Import E: Export List of Led er Accounts Cash Share Bank Share Party Share Supplier Spike Party Spike Party 2 Ul Party M: Share p: print x Create Fl: Help Date aaala Company to ru F4: Contra F5: Payment Receipt Journal Sales 756a- OLIO— acep 0670- FOLIO— Purchase • Fl 0: 0åHVouctg•s F: Autofill Change Mode More Details o: L: Related Reports Optional post -Dated...
[shot] tds-480-N1-after2 (1024x768)
[15:59:05] [tds] screen tds-480-N1-after2 : TallyPrime MANAGE EDU K: Company Accounting Yeucher Creation 76 Credit Note Party Alc narne. Current balance: Ledger account: • Current balance: Name of Item Narration: Unity Quit Y: Data Z: Exchange A Accept Q Search FinCom Spike Co O: Import E: Export List of Led er Accounts Cash Share Bank Share Party Share Supplier Spike Party Spike Party 2 Ul Party M: Share p: print x Create Fl: Help Date aaala Company to ru F4: Contra F5: Payment Receipt Journal Sales 756a- OLIO— acep 0670- FOLIO— Purchase • Fl 0: 0åHVouctg•s F: Autofill Change Mode More Details o: L: Related Reports Optional post -Dated...
[shot] tds-481-gw0 (1024x768)
[15:59:06] [tds] screen tds-481-gw0 : TallyPrime MANAGE EDU K: Company Accounting Yeucher Creation 76 Credit Note Party Alc narne. Current balance: Ledger account: • Current balance: Name of Item Narration: Unity Quit Y: Data Z: Exchange A Accept Q Search FinCom Spike Co O: Import E: Export List of Led er Accounts Cash Share Bank Share Party Share Supplier Spike Party Spike Party 2 Ul Party M: Share p: print x Create Fl: Help Date aaala Company to ru F4: Contra F5: Payment Receipt Journal Sales 756a- OLIO— acep 0670- FOLIO— Purchase • Fl 0: 0åHVouctg•s F: Autofill Change Mode More Details o: L: Related Reports Optional post -Dated...
[keys] '{ESC}' -> Tally 'TallyPrime:9000'
[shot] tds-482-gw1 (1024x768)
[15:59:09] [tds] screen tds-482-gw1 : TallyPrime MANAGE EDU K: Company Accounting Yeucher Creation 76 Credit Note Party Alc narne. Current balance: Ledger account: • Current balance: Name of Item Narration: Unity Q: Quit Y: Data Z: Exchange A: Accept Q Search FinCom Spike Co O: Import Quantity E: Export Rate M: Share per p: print x 20ct-26 Friday Amount Quit o Yes or No D: Delete X: Cancel Vch Fl: Help F2: Date F3: Company F4: Contra F5: Payment F6: Receipt F7: Journal F8: Sales F9: Purchase F: Autofill H: Change Mode l: More Details O: Related Reports k: Optional T: post -Dated Fl 2: Configure aaala to ru 756a- OLIO— acep 0670- F...
[keys] 'y' -> Tally 'TallyPrime:9000'
[shot] tds-483-gw2 (1024x768)
[15:59:13] [tds] screen tds-483-gw2 : TallyPrime MANAGE EDU K: Company Gatewa of Tall CURRENT PERIOD I-Apr-26 to 31-Mar-27 NAME OF COMPANY FinCom Spike Co Y: Data Z: Exchange O: Import E: Export M: Share p: print Fl: Help Date aaala Q CURRENT OATE Friday, 2-Oct-2026 2-Oct-26 Search Gateway of Tally MASTERS Create Alter CHart of Accounts TRANSACTIONS Vouchers Day 800K UTILITIES BaNking REPORTS Balance Sheet Profit & Loss A/c Stock Summary Ratio Analysis Display More Reports DashbOard Quit Unity Company to ru 756a- OLIO— acep 0670- FOLIO— acep .337. -a30 ning bbb75 ing j _id" : 3-011' 0670- Mode Windows Server 2025 Datacenter Build ...
  voucher mid=1 aid=1 Journal/1/20260401 guid=a381c3ad-1c49-482a-8d4f-cb1da1df58a6-00000001 cancelled=False
  voucher mid=2 aid=2 Journal/2/20261001 guid=a381c3ad-1c49-482a-8d4f-cb1da1df58a6-00000002 cancelled=False
  voucher mid=3 aid=3 Journal/3/20261001 guid=a381c3ad-1c49-482a-8d4f-cb1da1df58a6-00000003 cancelled=False
  voucher mid=4 aid=4 Journal/4/20261001 guid=a381c3ad-1c49-482a-8d4f-cb1da1df58a6-00000004 cancelled=False
  voucher mid=5 aid=5 Journal/5/20261001 guid=a381c3ad-1c49-482a-8d4f-cb1da1df58a6-00000005 cancelled=False
  voucher mid=6 aid=6 Payroll/1/20261001 guid=a381c3ad-1c49-482a-8d4f-cb1da1df58a6-00000006 cancelled=False
  voucher mid=7 aid=7 Receipt/1/20261002 guid=a381c3ad-1c49-482a-8d4f-cb1da1df58a6-00000007 cancelled=False
  voucher mid=8 aid=8 Receipt/2/20261002 guid=a381c3ad-1c49-482a-8d4f-cb1da1df58a6-00000008 cancelled=False
  voucher mid=9 aid=9 Payment/1/20261002 guid=a381c3ad-1c49-482a-8d4f-cb1da1df58a6-00000009 cancelled=False
  voucher mid=10 aid=10 Payment/2/20261002 guid=a381c3ad-1c49-482a-8d4f-cb1da1df58a6-0000000a cancelled=False
  voucher mid=11 aid=11 Contra/1/20261002 guid=a381c3ad-1c49-482a-8d4f-cb1da1df58a6-0000000b cancelled=False
  voucher mid=12 aid=12 Journal/6/20261002 guid=a381c3ad-1c49-482a-8d4f-cb1da1df58a6-0000000c cancelled=False
  voucher mid=13 aid=13 Journal/7/20261002 guid=a381c3ad-1c49-482a-8d4f-cb1da1df58a6-0000000d cancelled=False
  voucher mid=14 aid=14 Sales/1/20261002 guid=a381c3ad-1c49-482a-8d4f-cb1da1df58a6-0000000e cancelled=False
  voucher mid=15 aid=15 Sales/2/20261002 guid=a381c3ad-1c49-482a-8d4f-cb1da1df58a6-0000000f cancelled=False
  voucher mid=16 aid=16 Sales/3/20261002 guid=a381c3ad-1c49-482a-8d4f-cb1da1df58a6-00000010 cancelled=False
  voucher mid=17 aid=17 Purchase/1/20261002 guid=a381c3ad-1c49-482a-8d4f-cb1da1df58a6-00000011 cancelled=False
  voucher mid=18 aid=18 Purchase/2/20261002 guid=a381c3ad-1c49-482a-8d4f-cb1da1df58a6-00000012 cancelled=False
  voucher mid=19 aid=19 Sales/4/20261002 guid=a381c3ad-1c49-482a-8d4f-cb1da1df58a6-00000013 cancelled=False
  voucher mid=20 aid=20 Credit Note/1/20261002 guid=a381c3ad-1c49-482a-8d4f-cb1da1df58a6-00000014 cancelled=False
  INFO share credit-note (credit note, item invoice, Agst Ref the sales bill SB-1): Tally Credit Note 1 mid 20; stored party 'Share Party' bills [Agst Ref,Agst Ref]; the line party 'Share Party' bills []; lines voucher_accept_post x1, voucher_full x1
[15:59:16] ---- share copy-journal-party: Alt+2 copy of the journal with a party (its New Ref JN-1 as the copy carries it)
  voucher mid=1 aid=1 Journal/1/20260401 guid=a381c3ad-1c49-482a-8d4f-cb1da1df58a6-00000001 cancelled=False
  voucher mid=2 aid=2 Journal/2/20261001 guid=a381c3ad-1c49-482a-8d4f-cb1da1df58a6-00000002 cancelled=False
  voucher mid=3 aid=3 Journal/3/20261001 guid=a381c3ad-1c49-482a-8d4f-cb1da1df58a6-00000003 cancelled=False
  voucher mid=4 aid=4 Journal/4/20261001 guid=a381c3ad-1c49-482a-8d4f-cb1da1df58a6-00000004 cancelled=False
  voucher mid=5 aid=5 Journal/5/20261001 guid=a381c3ad-1c49-482a-8d4f-cb1da1df58a6-00000005 cancelled=False
  voucher mid=6 aid=6 Payroll/1/20261001 guid=a381c3ad-1c49-482a-8d4f-cb1da1df58a6-00000006 cancelled=False
  voucher mid=7 aid=7 Receipt/1/20261002 guid=a381c3ad-1c49-482a-8d4f-cb1da1df58a6-00000007 cancelled=False
  voucher mid=8 aid=8 Receipt/2/20261002 guid=a381c3ad-1c49-482a-8d4f-cb1da1df58a6-00000008 cancelled=False
  voucher mid=9 aid=9 Payment/1/20261002 guid=a381c3ad-1c49-482a-8d4f-cb1da1df58a6-00000009 cancelled=False
  voucher mid=10 aid=10 Payment/2/20261002 guid=a381c3ad-1c49-482a-8d4f-cb1da1df58a6-0000000a cancelled=False
  voucher mid=11 aid=11 Contra/1/20261002 guid=a381c3ad-1c49-482a-8d4f-cb1da1df58a6-0000000b cancelled=False
  voucher mid=12 aid=12 Journal/6/20261002 guid=a381c3ad-1c49-482a-8d4f-cb1da1df58a6-0000000c cancelled=False
  voucher mid=13 aid=13 Journal/7/20261002 guid=a381c3ad-1c49-482a-8d4f-cb1da1df58a6-0000000d cancelled=False
  voucher mid=14 aid=14 Sales/1/20261002 guid=a381c3ad-1c49-482a-8d4f-cb1da1df58a6-0000000e cancelled=False
  voucher mid=15 aid=15 Sales/2/20261002 guid=a381c3ad-1c49-482a-8d4f-cb1da1df58a6-0000000f cancelled=False
  voucher mid=16 aid=16 Sales/3/20261002 guid=a381c3ad-1c49-482a-8d4f-cb1da1df58a6-00000010 cancelled=False
  voucher mid=17 aid=17 Purchase/1/20261002 guid=a381c3ad-1c49-482a-8d4f-cb1da1df58a6-00000011 cancelled=False
  voucher mid=18 aid=18 Purchase/2/20261002 guid=a381c3ad-1c49-482a-8d4f-cb1da1df58a6-00000012 cancelled=False
  voucher mid=19 aid=19 Sales/4/20261002 guid=a381c3ad-1c49-482a-8d4f-cb1da1df58a6-00000013 cancelled=False
  voucher mid=20 aid=20 Credit Note/1/20261002 guid=a381c3ad-1c49-482a-8d4f-cb1da1df58a6-00000014 cancelled=False
[shot] tds-484-gw0 (1024x768)
[15:59:17] [tds] screen tds-484-gw0 : TallyPrime MANAGE EDU K: Company Gatewa of Tall CURRENT PERIOD I-Apr-26 to 31-Mar-27 NAME OF COMPANY FinCom Spike Co Y: Data Z: Exchange O: Import E: Export M: Share p: print Fl: Help Date aaala Q CURRENT OATE Friday, 2-Oct-2026 2-Oct-26 Search Gateway of Tally MASTERS Create Alter CHart of Accounts TRANSACTIONS Vouchers Day 800K UTILITIES BaNking REPORTS Balance Sheet Profit & Loss A/c Stock Summary Ratio Analysis Display More Reports DashbOard Quit Unity Company to ru 756a- OLIO— acep 0670- FOLIO— acep .337. -a30 ning bbb75 ing j _id" : 3-011' 0670- Mode Windows Server 2025 Datacenter Build ...
[keys] '%g' -> Tally 'TallyPrime:9000'
[shot] tds-485-D2-goto (1024x768)
[15:59:21] [tds] screen tds-485-D2-goto : R CEDU Unity Quit TallyPrime MANAGE K: Company List of Re Y: Data Its Z: Exchange O: Import E: Export M: Share p: print Fl: Help x Saved Views Bills Payable - GST Bills Payable - GST - Sundry Creditors Bills Payable - GST - Sundry Debtors Bills Receivable - GST Bills Receivable - GST - Sundry Creditors Bills Receivable - GST - Sundry Debtors Purchase Dashboard Sales Dashboard Ledger Vouchers - GST Details Outstanding MSME Bills Common Reports Dashboard Balance Sheet Profit & Loss A/c Cash/Bank Book Day Book Ledger Vouchers Ledger Vouchers - GST Stock Summary Trial Balance Bills Receivable FinC...
[keys] 'Day Book' -> Tally 'TallyPrime:9000'
[keys] '{ENTER}' -> Tally 'TallyPrime:9000'
[shot] tds-486-D2-daybook (1024x768)
[15:59:28] [tds] screen tds-486-D2-daybook : TallyPrime MANAGE EDU K: Company Da Book . Day Book Y: Data Space: Sekd Z: Exchange A Add Vch Q Search FinCom • ke Co Vch Type Contra Payment Payment Receipt Receipt Journal Journal Credit Note Sales Sales Sales Sales Purchase Purchase O: Import Vch No. 1 1 2 1 2 6 7 1 1 2 3 4 1 2 E: Export M: Share P: Print For 2-Oct-26 Fl: Help F2: Date aaala Company to ru Voucher Date 2-Oct-26 2-Oct-26 2-Oct-26 2-Oct-26 2-Oct-26 2-Oct-26 2-Oct-26 2-Oct-26 2-Oct-26 2-Oct-26 2-Oct-26 2-Oct-26 2-Oct-26 2-Oct-26 Unity Quit Particulars Cash Share Supplier Share Expense Share Party Spike Income Share Expense Shar...
[keys] '{F2}' -> Tally 'TallyPrime:9000'
[shot] tds-487-D2-db-date (1024x768)
[15:59:31] [tds] screen tds-487-D2-db-date : TallyPrime MANAGE EDU K: Company Change Date Unity Quit Y: Data Z: Exchange A Accept Q Search O: Import E: Export M: Share p: print Fl: Help FinCom Spike Co Change Date 2-10-2026 aaala to ru 756a- OLIO— acep 0670- FOLIO— acep .337. -a30 ning bbb75 ing j _id" : 3-011' 0670- Mode Windows Server 2025 Datacenter Build 26100.ge_release240331-1435 3:59 PM 10/8/2026
[keys] '2-10-2026{ENTER}' -> Tally 'TallyPrime:9000'
[shot] tds-488-D2-db-dated (1024x768)
[15:59:35] [tds] screen tds-488-D2-db-dated : TallyPrime MANAGE EDU K: Company Da Book . Day Book Y: Data Space: Sekd Z: Exchange A Add Vch Q Search FinCom • ke Co Vch Type Contra Payment Payment Receipt Receipt Journal Journal Credit Note Sales Sales Sales Sales Purchase Purchase O: Import Vch No. 1 1 2 1 2 6 7 1 1 2 3 4 1 2 E: Export M: Share P: Print For 2-Oct-26 Fl: Help F2: Date aaala Company to ru Voucher Date 2-Oct-26 2-Oct-26 2-Oct-26 2-Oct-26 2-Oct-26 2-Oct-26 2-Oct-26 2-Oct-26 2-Oct-26 2-Oct-26 2-Oct-26 2-Oct-26 2-Oct-26 2-Oct-26 Unity Quit Particulars Cash Share Supplier Share Expense Share Party Spike Income Share Expense Shar...
[keys] '{F4}' -> Tally 'TallyPrime:9000'
[shot] tds-489-D2-db-type (1024x768)
[15:59:39] [tds] screen tds-489-D2-db-type : Y: Data 7 Unity TallyPrime MANAGE EDU K: Company Change Voucher Type Quit Z: Exchange O: Import E: Export M: Share p: print Fl: Help x FinCom • ke Co Name of VoucherType Voucher T • All Items Contra Credit Note Debit Note Journal Memorandum Payment s Create Physical Stock Purchase Receipt Reversing Journal Sales Stock Journal Accept Q Search aaala to ru 756a- OLIO— acep 0670- FOLIO— acep .337. -a30 ning bbb75 ing j _id" : 3-011' 0670- Mode Windows Server 2025 Datacenter Build 26100.ge_release240331-1435 3:59 PM 10/8/2026
[keys] 'Journal{ENTER}' -> Tally 'TallyPrime:9000'
[shot] tds-490-D2-db-typed (1024x768)
[15:59:44] [tds] screen tds-490-D2-db-typed : TallyPrime MANAGE EDU K: Company Da Book . List of Journal Vouchers Y: Data Space: Sekd Z: Exchange A Add Vch Q Search FinCom • ke Co Vch Type Journal Journal O: Import Vch No. 6 7 Total: E: Export M: Share P: Print For 2-Oct-26 Fl: Help F2: Date aaala Date 2-Oct-26 2-Oct-26 Unity Quit Particulars Share Expense Share Expense Enter: Alter Debit Amount 600.00 250.00 850.00 Credit Amount U: Restore Line Company to ru Voucher 756a- Type OLIO— acep DuÅicate Vch I Insert Vch Delete x: Cancel Vch F 7: Show profit Columnar FIO B: Basis of = Values Change ¯ View Exception J: Reports Save View L: Apply ...
[keys] '{END}' -> Tally 'TallyPrime:9000'
[shot] tds-491-D2-db-last (1024x768)
[15:59:47] [tds] screen tds-491-D2-db-last : TallyPrime MANAGE EDU K: Company Da Book . List of Journal Vouchers Y: Data Space: Sekd Z: Exchange A Add Vch Q Search FinCom • ke Co Vch Type Journal Journal O: Import Vch No. 6 Total: E: Export M: Share P: Print For 2-Oct-26 Fl: Help F2: Date aaala Date 2-Oct-26 2-Oct-26 Unity Quit Particulars Share Expense Share Expense Enter: Alter Debit Amount 600.00 250.00 850.00 Credit Amount U: Restore Line Company to ru Voucher 756a- Type OLIO— acep DuÅicate Vch I Insert Vch Delete x: Cancel Vch F 7: Show profit Columnar FIO B: Basis of = Values Change ¯ View Exception J: Reports Save View L: Apply F:...
[keys] '%2' -> Tally 'TallyPrime:9000'
[shot] tds-492-D2-copy (1024x768)
[15:59:51] [tds] screen tds-492-D2-copy : M: Share FinCom • ke Co 76 TallyPrime MANAGE EDU K: Company Y: Data Accounting Voucher Creation (Duplication Journal Particulars CurBal: 5,150.00 Dr Share Emp 1 To Spike Income CurBal: 5,950.00 Cr Share Emp 1 Narration: Z: Exchange 250.00 Dr 250.00 Cr A Accept Q Search O: Import E: Export List of Led er Accounts Profit & Loss A/c Share Basic Share Expense Share HRA Share Party Share Purchase Share Salary Payable Share Sales Share Supplier Spike Income Spike Party Spike Party 2 Ul Party p: print x Create Show More Fl: Help Q: Date Company Ed: Contra Payment Receipt F-7: Journal Sales aaala to r...
[keys] '^a' -> Tally 'TallyPrime:9000'
[shot] tds-493-D2-accept1 (1024x768)
[15:59:56] [tds] screen tds-493-D2-accept1 : TallyPrime MANAGE EDU K: Company Da Book . List of Journal Vouchers Y: Data Space: Sekd Z: Exchange A Add Vch Q Search FinCom • ke Co Vch Type Journal Journal Journal O: Import Vch No. 6 7 8 Total: E: Export M: Share P: Print For 2-Oct-26 Fl: Help F2: Date aaala Date 2-Oct-26 2-Oct-26 2-Oct-26 Unity Quit Particulars Share Expense Share Expense Share Expense Enter: Alter Debit Amount 600.00 250.00 250.00 1,100 00 Credit Amount U: Restore Line Company to ru Voucher 756a- Type OLIO— acep DuÅicate Vch I Insert Vch Delete x: Cancel Vch F 7: Show profit Columnar FIO B: Basis of = Values Change ¯ Vie...
[shot] tds-494-D2-after1 (1024x768)
[15:59:57] [tds] screen tds-494-D2-after1 : TallyPrime MANAGE EDU K: Company Da Book . List of Journal Vouchers Y: Data Space: Sekd Z: Exchange A Add Vch Q Search FinCom • ke Co Vch Type Journal Journal Journal O: Import Vch No. 6 7 8 Total: E: Export M: Share P: Print For 2-Oct-26 Fl: Help F2: Date aaala Date 2-Oct-26 2-Oct-26 2-Oct-26 Unity Quit Particulars Share Expense Share Expense Share Expense Enter: Alter Debit Amount 600.00 250.00 250.00 1,100 00 Credit Amount U: Restore Line Company to ru Voucher 756a- Type OLIO— acep DuÅicate Vch I Insert Vch Delete x: Cancel Vch F 7: Show profit Columnar FIO B: Basis of = Values Change ¯ Vie...
[shot] tds-495-gw0 (1024x768)
[15:59:58] [tds] screen tds-495-gw0 : TallyPrime MANAGE EDU K: Company Da Book . List of Journal Vouchers Y: Data Space: Sekd Z: Exchange A Add Vch Q Search FinCom • ke Co Vch Type Journal Journal Journal O: Import Vch No. 6 7 8 Total: E: Export M: Share P: Print For 2-Oct-26 Fl: Help F2: Date aaala Date 2-Oct-26 2-Oct-26 2-Oct-26 Unity Quit Particulars Share Expense Share Expense Share Expense Enter: Alter Debit Amount 600.00 250.00 250.00 1,100 00 Credit Amount U: Restore Line Company to ru Voucher 756a- Type OLIO— acep DuÅicate Vch I Insert Vch Delete x: Cancel Vch F 7: Show profit Columnar FIO B: Basis of = Values Change ¯ Vie...
[keys] '{ESC}' -> Tally 'TallyPrime:9000'
[shot] tds-496-gw1 (1024x768)
[16:00:01] [tds] screen tds-496-gw1 : TallyPrime MANAGE EDU K: Company Gatewa of Tall CURRENT PERIOD I-Apr-26 to 31-Mar-27 NAME OF COMPANY FinCom Spike Co Y: Data Z: Exchange O: Import E: Export M: Share p: print Fl: Help Date aaala Q CURRENT OATE Friday, 2-Oct-2026 2-Oct-26 Search Gateway of Tally MASTERS Create Alter CHart of Accounts TRANSACTIONS Vouchers Day 800K UTILITIES BaNking REPORTS Balance Sheet Profit & Loss A/c Stock Summary Ratio Analysis Display More Reports DashbOard Quit Unity Company to ru 756a- OLIO— acep 0670- FOLIO— acep .337. -a30 ning bbb75 ing j _id" : 3-011' 0670- Mode Windows Server 2025 Datacenter Build ...
  voucher mid=1 aid=1 Journal/1/20260401 guid=a381c3ad-1c49-482a-8d4f-cb1da1df58a6-00000001 cancelled=False
  voucher mid=2 aid=2 Journal/2/20261001 guid=a381c3ad-1c49-482a-8d4f-cb1da1df58a6-00000002 cancelled=False
  voucher mid=3 aid=3 Journal/3/20261001 guid=a381c3ad-1c49-482a-8d4f-cb1da1df58a6-00000003 cancelled=False
  voucher mid=4 aid=4 Journal/4/20261001 guid=a381c3ad-1c49-482a-8d4f-cb1da1df58a6-00000004 cancelled=False
  voucher mid=5 aid=5 Journal/5/20261001 guid=a381c3ad-1c49-482a-8d4f-cb1da1df58a6-00000005 cancelled=False
  voucher mid=6 aid=6 Payroll/1/20261001 guid=a381c3ad-1c49-482a-8d4f-cb1da1df58a6-00000006 cancelled=False
  voucher mid=7 aid=7 Receipt/1/20261002 guid=a381c3ad-1c49-482a-8d4f-cb1da1df58a6-00000007 cancelled=False
  voucher mid=8 aid=8 Receipt/2/20261002 guid=a381c3ad-1c49-482a-8d4f-cb1da1df58a6-00000008 cancelled=False
  voucher mid=9 aid=9 Payment/1/20261002 guid=a381c3ad-1c49-482a-8d4f-cb1da1df58a6-00000009 cancelled=False
  voucher mid=10 aid=10 Payment/2/20261002 guid=a381c3ad-1c49-482a-8d4f-cb1da1df58a6-0000000a cancelled=False
  voucher mid=11 aid=11 Contra/1/20261002 guid=a381c3ad-1c49-482a-8d4f-cb1da1df58a6-0000000b cancelled=False
  voucher mid=12 aid=12 Journal/6/20261002 guid=a381c3ad-1c49-482a-8d4f-cb1da1df58a6-0000000c cancelled=False
  voucher mid=13 aid=13 Journal/7/20261002 guid=a381c3ad-1c49-482a-8d4f-cb1da1df58a6-0000000d cancelled=False
  voucher mid=14 aid=14 Sales/1/20261002 guid=a381c3ad-1c49-482a-8d4f-cb1da1df58a6-0000000e cancelled=False
  voucher mid=15 aid=15 Sales/2/20261002 guid=a381c3ad-1c49-482a-8d4f-cb1da1df58a6-0000000f cancelled=False
  voucher mid=16 aid=16 Sales/3/20261002 guid=a381c3ad-1c49-482a-8d4f-cb1da1df58a6-00000010 cancelled=False
  voucher mid=17 aid=17 Purchase/1/20261002 guid=a381c3ad-1c49-482a-8d4f-cb1da1df58a6-00000011 cancelled=False
  voucher mid=18 aid=18 Purchase/2/20261002 guid=a381c3ad-1c49-482a-8d4f-cb1da1df58a6-00000012 cancelled=False
  voucher mid=19 aid=19 Sales/4/20261002 guid=a381c3ad-1c49-482a-8d4f-cb1da1df58a6-00000013 cancelled=False
  voucher mid=20 aid=20 Credit Note/1/20261002 guid=a381c3ad-1c49-482a-8d4f-cb1da1df58a6-00000014 cancelled=False
  voucher mid=21 aid=21 Journal/8/20261002 guid=a381c3ad-1c49-482a-8d4f-cb1da1df58a6-00000015 cancelled=False
  INFO share copy-journal-party (Alt+2 copy of the journal with a party (its New Ref JN-1 as the copy carries it)): Tally Journal 8 mid 21; stored party '' bills []; the line party '' bills []; lines voucher_accept_post x1, voucher_full x1
[16:00:04] ---- share copy-receipt-plain: Alt+2 copy of the receipt with no party
  voucher mid=1 aid=1 Journal/1/20260401 guid=a381c3ad-1c49-482a-8d4f-cb1da1df58a6-00000001 cancelled=False
  voucher mid=2 aid=2 Journal/2/20261001 guid=a381c3ad-1c49-482a-8d4f-cb1da1df58a6-00000002 cancelled=False
  voucher mid=3 aid=3 Journal/3/20261001 guid=a381c3ad-1c49-482a-8d4f-cb1da1df58a6-00000003 cancelled=False
  voucher mid=4 aid=4 Journal/4/20261001 guid=a381c3ad-1c49-482a-8d4f-cb1da1df58a6-00000004 cancelled=False
  voucher mid=5 aid=5 Journal/5/20261001 guid=a381c3ad-1c49-482a-8d4f-cb1da1df58a6-00000005 cancelled=False
  voucher mid=6 aid=6 Payroll/1/20261001 guid=a381c3ad-1c49-482a-8d4f-cb1da1df58a6-00000006 cancelled=False
  voucher mid=7 aid=7 Receipt/1/20261002 guid=a381c3ad-1c49-482a-8d4f-cb1da1df58a6-00000007 cancelled=False
  voucher mid=8 aid=8 Receipt/2/20261002 guid=a381c3ad-1c49-482a-8d4f-cb1da1df58a6-00000008 cancelled=False
  voucher mid=9 aid=9 Payment/1/20261002 guid=a381c3ad-1c49-482a-8d4f-cb1da1df58a6-00000009 cancelled=False
  voucher mid=10 aid=10 Payment/2/20261002 guid=a381c3ad-1c49-482a-8d4f-cb1da1df58a6-0000000a cancelled=False
  voucher mid=11 aid=11 Contra/1/20261002 guid=a381c3ad-1c49-482a-8d4f-cb1da1df58a6-0000000b cancelled=False
  voucher mid=12 aid=12 Journal/6/20261002 guid=a381c3ad-1c49-482a-8d4f-cb1da1df58a6-0000000c cancelled=False
  voucher mid=13 aid=13 Journal/7/20261002 guid=a381c3ad-1c49-482a-8d4f-cb1da1df58a6-0000000d cancelled=False
  voucher mid=14 aid=14 Sales/1/20261002 guid=a381c3ad-1c49-482a-8d4f-cb1da1df58a6-0000000e cancelled=False
  voucher mid=15 aid=15 Sales/2/20261002 guid=a381c3ad-1c49-482a-8d4f-cb1da1df58a6-0000000f cancelled=False
  voucher mid=16 aid=16 Sales/3/20261002 guid=a381c3ad-1c49-482a-8d4f-cb1da1df58a6-00000010 cancelled=False
  voucher mid=17 aid=17 Purchase/1/20261002 guid=a381c3ad-1c49-482a-8d4f-cb1da1df58a6-00000011 cancelled=False
  voucher mid=18 aid=18 Purchase/2/20261002 guid=a381c3ad-1c49-482a-8d4f-cb1da1df58a6-00000012 cancelled=False
  voucher mid=19 aid=19 Sales/4/20261002 guid=a381c3ad-1c49-482a-8d4f-cb1da1df58a6-00000013 cancelled=False
  voucher mid=20 aid=20 Credit Note/1/20261002 guid=a381c3ad-1c49-482a-8d4f-cb1da1df58a6-00000014 cancelled=False
  voucher mid=21 aid=21 Journal/8/20261002 guid=a381c3ad-1c49-482a-8d4f-cb1da1df58a6-00000015 cancelled=False
[shot] tds-497-gw0 (1024x768)
[16:00:05] [tds] screen tds-497-gw0 : TallyPrime MANAGE EDU K: Company Gatewa of Tall CURRENT PERIOD I-Apr-26 to 31-Mar-27 NAME OF COMPANY FinCom Spike Co Y: Data Z: Exchange O: Import E: Export M: Share p: print Fl: Help Date aaala Q CURRENT OATE Friday, 2-Oct-2026 2-Oct-26 Search Gateway of Tally MASTERS Create Alter CHart of Accounts TRANSACTIONS Vouchers Day 800K UTILITIES BaNking REPORTS Balance Sheet Profit & Loss A/c Stock Summary Ratio Analysis Display More Reports DashbOard Quit Unity Company to ru 756a- OLIO— acep 0670- FOLIO— acep .337. -a30 ning bbb75 ing j _id" : 3-011' 0670- Mode Windows Server 2025 Datacenter Build ...
[keys] '%g' -> Tally 'TallyPrime:9000'
[shot] tds-498-D3-goto (1024x768)
[16:00:09] [tds] screen tds-498-D3-goto : R CEDU Unity Quit TallyPrime MANAGE K: Company List of Re Y: Data Its Z: Exchange O: Import E: Export M: Share p: print Fl: Help x Saved Views Bills Payable - GST Bills Payable - GST - Sundry Creditors Bills Payable - GST - Sundry Debtors Bills Receivable - GST Bills Receivable - GST - Sundry Creditors Bills Receivable - GST - Sundry Debtors Purchase Dashboard Sales Dashboard Ledger Vouchers - GST Details Outstanding MSME Bills Common Reports Dashboard Balance Sheet Profit & Loss A/c Cash/Bank Book Day Book Ledger Vouchers Ledger Vouchers - GST Stock Summary Trial Balance Bills Receivable FinC...
[keys] 'Day Book' -> Tally 'TallyPrime:9000'
[keys] '{ENTER}' -> Tally 'TallyPrime:9000'
[shot] tds-499-D3-daybook (1024x768)
[16:00:16] [tds] screen tds-499-D3-daybook : TallyPrime MANAGE EDU K: Company Da Book . Day Book Y: Data Space: Sekd Z: Exchange A Add Vch Q Search FinCom • ke Co Vch Type Contra Payment Payment Receipt Receipt Journal Journal Journal Credit Note Sales Sales Sales Sales Purchase Purchase O: Import Vch No. 1 1 2 1 2 6 7 8 1 1 2 3 4 1 2 E: Export M: Share P: Print For 2-Oct-26 Fl: Help F2: Date aaala Company to ru Voucher Date 2-Oct-26 2-Oct-26 2-Oct-26 2-Oct-26 2-Oct-26 2-Oct-26 2-Oct-26 2-Oct-26 2-Oct-26 2-Oct-26 2-Oct-26 2-Oct-26 2-Oct-26 2-Oct-26 2-Oct-26 Unity Quit Particulars Cash Share Supplier Share Expense Share Party Spike Income...
[keys] '{F2}' -> Tally 'TallyPrime:9000'
[shot] tds-500-D3-db-date (1024x768)
[16:00:19] [tds] screen tds-500-D3-db-date : TallyPrime MANAGE EDU K: Company Change Date Unity Quit Y: Data Z: Exchange A Accept Q Search O: Import E: Export M: Share p: print Fl: Help FinCom Spike Co Change Date 2-10-2026 aaala to ru 756a- OLIO— acep 0670- FOLIO— acep .337. -a30 ning bbb75 ing j _id" : 3-011' 0670- Mode Windows Server 2025 Datacenter Build 26100.ge_release240331-1435 4:00 PM 10/8/2026
[keys] '2-10-2026{ENTER}' -> Tally 'TallyPrime:9000'
[shot] tds-501-D3-db-dated (1024x768)
[16:00:24] [tds] screen tds-501-D3-db-dated : TallyPrime MANAGE EDU K: Company Da Book . Day Book Y: Data Space: Sekd Z: Exchange A Add Vch Q Search FinCom • ke Co Vch Type Contra Payment Payment Receipt Receipt Journal Journal Journal Credit Note Sales Sales Sales Sales Purchase Purchase O: Import Vch No. 1 1 2 1 2 6 7 8 1 1 2 3 4 1 2 E: Export M: Share P: Print For 2-Oct-26 Fl: Help F2: Date aaala Company to ru Voucher Date 2-Oct-26 2-Oct-26 2-Oct-26 2-Oct-26 2-Oct-26 2-Oct-26 2-Oct-26 2-Oct-26 2-Oct-26 2-Oct-26 2-Oct-26 2-Oct-26 2-Oct-26 2-Oct-26 2-Oct-26 Unity Quit Particulars Cash Share Supplier Share Expense Share Party Spike Income...
[keys] '{F4}' -> Tally 'TallyPrime:9000'
[shot] tds-502-D3-db-type (1024x768)
[16:00:27] [tds] screen tds-502-D3-db-type : Y: Data 7 Unity TallyPrime MANAGE EDU K: Company Change Voucher Type Quit Z: Exchange O: Import E: Export M: Share p: print Fl: Help x FinCom • ke Co Name of VoucherType Voucher T • All Items Contra Credit Note Debit Note Journal Memorandum s Create Payment Physical Stock Purchase Receipt Reversing Journal Sales Stock Journal Accept Q Search aaala to ru 756a- OLIO— acep 0670- FOLIO— acep .337. -a30 ning bbb75 ing j _id" : 3-011' 0670- Mode Windows Server 2025 Datacenter Build 26100.ge_release240331-1435 4:00 PM 10/8/2026
[keys] 'Receipt{ENTER}' -> Tally 'TallyPrime:9000'
[shot] tds-503-D3-db-typed (1024x768)
[16:00:32] [tds] screen tds-503-D3-db-typed : TallyPrime MANAGE EDU K: Company Da Book . List of Receipt Vouchers Y: Data Space: Sekd Z: Exchange A Add Vch Q Search FinCom • ke Co Vch Type Receipt Receipt O: Import Vch No. 1 2 Total: E: Export M: Share P: Print For 2-Oct-26 Fl: Help F2: Date aaala Date 2-Oct-26 2-Oct-26 Unity Quit Particulars Share Party Spike Income Enter: Alter Debit Amount Credit Amount 500.00 700.00 1,200.00 U: Restore Line Company to ru Voucher 756a- Type OLIO— acep DuÅicate Vch I Insert Vch Delete x: Cancel Vch F 7: Show profit Columnar FIO B: Basis of = Values Change ¯ View Exception J: Reports Save View L: Apply F...
[keys] '{END}' -> Tally 'TallyPrime:9000'
[shot] tds-504-D3-db-last (1024x768)
[16:00:35] [tds] screen tds-504-D3-db-last : TallyPrime MANAGE EDU K: Company Da Book . List of Receipt Vouchers Y: Data Space: Sekd Z: Exchange A Add Vch Q Search FinCom • ke Co Vch Type Receipt Receipt O: Import Vch No. 1 2 Total: E: Export M: Share P: Print For 2-Oct-26 Fl: Help F2: Date aaala Date 2-Oct-26 2-Oct-26 Unity Quit Particulars Share Party Spike Income Enter: Alter Debit Amount Credit Amount 500.00 700.00 1,200.00 U: Restore Line Company to ru Voucher 756a- Type OLIO— acep DuÅicate Vch I Insert Vch Delete x: Cancel Vch F 7: Show profit Columnar FIO B: Basis of = Values Change ¯ View Exception J: Reports Save View L: Apply F...
[keys] '%2' -> Tally 'TallyPrime:9000'
[shot] tds-505-D3-copy (1024x768)
[16:00:40] [tds] screen tds-505-D3-copy : O: Import FinCom • ke Co 76 TallyPrime MANAGE EDU K: Company Y: Data Accounting Voucher Creation (Duplication Recei t Z: Exchange 700.00 Cr A Accept Q Search E: Export M: Share Cash • Account Current balance: 300.00 Dr Particulars Spike Income CurBal: 6,200.00 Cr Share Emp 1 Narration: • share receipt plain Unity Quit p: print x 2-Oct-26 Friday Amount 700.00 700.00 Fl: Help Q: Date Company Ed: Contra Payment F-6: Receipt : Journal Sales aaala to ru 756a- OLIO— acep 0670- Purchase FOLIO— Fl O: OåuVooctgs E: Autofill Change Mode More Details O: Related ¯ Repons Optional post -Dated J: Stat acep ...
[keys] '^a' -> Tally 'TallyPrime:9000'
[shot] tds-506-D3-accept1 (1024x768)
[16:00:44] [tds] screen tds-506-D3-accept1 : TallyPrime MANAGE EDU K: Company Da Book . List of Receipt Vouchers Y: Data Space: Sekd Z: Exchange A Add Vch Q Search FinCom • ke Co Vch Type Receipt Receipt Receipt O: Import Vch No. 1 2 3 Total: E: Export M: Share P: Print For 2-Oct-26 Fl: Help F2: Date aaala Date 2-Oct-26 2-Oct-26 2-Oct-26 Unity Quit Particulars Share Party Spike Income Spike Income Enter: Alter Debit Amount Credit Amount 500.00 700.00 700.00 1,900.00 U: Restore Line Company to ru Voucher 756a- Type OLIO— acep DuÅicate Vch I Insert Vch Delete x: Cancel Vch F 7: Show profit Columnar FIO B: Basis of = Values Change ¯ View Ex...
[shot] tds-507-D3-after1 (1024x768)
[16:00:45] [tds] screen tds-507-D3-after1 : TallyPrime MANAGE EDU K: Company Da Book . List of Receipt Vouchers Y: Data Space: Sekd Z: Exchange A Add Vch Q Search FinCom • ke Co Vch Type Receipt Receipt Receipt O: Import Vch No. 1 2 3 Total: E: Export M: Share P: Print For 2-Oct-26 Fl: Help F2: Date aaala Date 2-Oct-26 2-Oct-26 2-Oct-26 Unity Quit Particulars Share Party Spike Income Spike Income Enter: Alter Debit Amount Credit Amount 500.00 700.00 700.00 1,900.00 U: Restore Line Company to ru Voucher 756a- Type OLIO— acep DuÅicate Vch I Insert Vch Delete x: Cancel Vch F 7: Show profit Columnar FIO B: Basis of = Values Change ¯ View Ex...
[shot] tds-508-gw0 (1024x768)
[16:00:46] [tds] screen tds-508-gw0 : TallyPrime MANAGE EDU K: Company Da Book . List of Receipt Vouchers Y: Data Space: Sekd Z: Exchange A Add Vch Q Search FinCom • ke Co Vch Type Receipt Receipt Receipt O: Import Vch No. 1 2 3 Total: E: Export M: Share P: Print For 2-Oct-26 Fl: Help F2: Date aaala Date 2-Oct-26 2-Oct-26 2-Oct-26 Unity Quit Particulars Share Party Spike Income Spike Income Enter: Alter Debit Amount Credit Amount 500.00 700.00 700.00 1,900.00 U: Restore Line Company to ru Voucher 756a- Type OLIO— acep DuÅicate Vch I Insert Vch Delete x: Cancel Vch F 7: Show profit Columnar FIO B: Basis of = Values Change ¯ View Ex...
[keys] '{ESC}' -> Tally 'TallyPrime:9000'
[shot] tds-509-gw1 (1024x768)
[16:00:50] [tds] screen tds-509-gw1 : TallyPrime MANAGE EDU K: Company Gatewa of Tall CURRENT PERIOD I-Apr-26 to 31-Mar-27 NAME OF COMPANY FinCom Spike Co Y: Data Z: Exchange O: Import E: Export M: Share p: print Fl: Help Date aaala Q CURRENT OATE Friday, 2-Oct-2026 2-Oct-26 Search Gateway of Tally MASTERS Create Alter CHart of Accounts TRANSACTIONS Vouchers Day 800K UTILITIES BaNking REPORTS Balance Sheet Profit & Loss A/c Stock Summary Ratio Analysis Display More Reports DashbOard Quit Unity Company to ru 756a- OLIO— acep 0670- FOLIO— acep .337. -a30 ning bbb75 ing j _id" : 3-011' 0670- Mode Windows Server 2025 Datacenter Build ...
  voucher mid=1 aid=1 Journal/1/20260401 guid=a381c3ad-1c49-482a-8d4f-cb1da1df58a6-00000001 cancelled=False
  voucher mid=2 aid=2 Journal/2/20261001 guid=a381c3ad-1c49-482a-8d4f-cb1da1df58a6-00000002 cancelled=False
  voucher mid=3 aid=3 Journal/3/20261001 guid=a381c3ad-1c49-482a-8d4f-cb1da1df58a6-00000003 cancelled=False
  voucher mid=4 aid=4 Journal/4/20261001 guid=a381c3ad-1c49-482a-8d4f-cb1da1df58a6-00000004 cancelled=False
  voucher mid=5 aid=5 Journal/5/20261001 guid=a381c3ad-1c49-482a-8d4f-cb1da1df58a6-00000005 cancelled=False
  voucher mid=6 aid=6 Payroll/1/20261001 guid=a381c3ad-1c49-482a-8d4f-cb1da1df58a6-00000006 cancelled=False
  voucher mid=7 aid=7 Receipt/1/20261002 guid=a381c3ad-1c49-482a-8d4f-cb1da1df58a6-00000007 cancelled=False
  voucher mid=8 aid=8 Receipt/2/20261002 guid=a381c3ad-1c49-482a-8d4f-cb1da1df58a6-00000008 cancelled=False
  voucher mid=9 aid=9 Payment/1/20261002 guid=a381c3ad-1c49-482a-8d4f-cb1da1df58a6-00000009 cancelled=False
  voucher mid=10 aid=10 Payment/2/20261002 guid=a381c3ad-1c49-482a-8d4f-cb1da1df58a6-0000000a cancelled=False
  voucher mid=11 aid=11 Contra/1/20261002 guid=a381c3ad-1c49-482a-8d4f-cb1da1df58a6-0000000b cancelled=False
  voucher mid=12 aid=12 Journal/6/20261002 guid=a381c3ad-1c49-482a-8d4f-cb1da1df58a6-0000000c cancelled=False
  voucher mid=13 aid=13 Journal/7/20261002 guid=a381c3ad-1c49-482a-8d4f-cb1da1df58a6-0000000d cancelled=False
  voucher mid=14 aid=14 Sales/1/20261002 guid=a381c3ad-1c49-482a-8d4f-cb1da1df58a6-0000000e cancelled=False
  voucher mid=15 aid=15 Sales/2/20261002 guid=a381c3ad-1c49-482a-8d4f-cb1da1df58a6-0000000f cancelled=False
  voucher mid=16 aid=16 Sales/3/20261002 guid=a381c3ad-1c49-482a-8d4f-cb1da1df58a6-00000010 cancelled=False
  voucher mid=17 aid=17 Purchase/1/20261002 guid=a381c3ad-1c49-482a-8d4f-cb1da1df58a6-00000011 cancelled=False
  voucher mid=18 aid=18 Purchase/2/20261002 guid=a381c3ad-1c49-482a-8d4f-cb1da1df58a6-00000012 cancelled=False
  voucher mid=19 aid=19 Sales/4/20261002 guid=a381c3ad-1c49-482a-8d4f-cb1da1df58a6-00000013 cancelled=False
  voucher mid=20 aid=20 Credit Note/1/20261002 guid=a381c3ad-1c49-482a-8d4f-cb1da1df58a6-00000014 cancelled=False
  voucher mid=21 aid=21 Journal/8/20261002 guid=a381c3ad-1c49-482a-8d4f-cb1da1df58a6-00000015 cancelled=False
  voucher mid=22 aid=22 Receipt/3/20261002 guid=a381c3ad-1c49-482a-8d4f-cb1da1df58a6-00000016 cancelled=False
  INFO share copy-receipt-plain (Alt+2 copy of the receipt with no party): Tally Receipt 3 mid 22; stored party 'Cash' bills []; the line party 'Cash' bills []; lines voucher_accept_post x1, voucher_full x1
[16:00:53] ---- share alter-receipt-plain: alteration: the receipt with no party, its amount 700 -> 800
  voucher mid=1 aid=1 Journal/1/20260401 guid=a381c3ad-1c49-482a-8d4f-cb1da1df58a6-00000001 cancelled=False
  voucher mid=2 aid=2 Journal/2/20261001 guid=a381c3ad-1c49-482a-8d4f-cb1da1df58a6-00000002 cancelled=False
  voucher mid=3 aid=3 Journal/3/20261001 guid=a381c3ad-1c49-482a-8d4f-cb1da1df58a6-00000003 cancelled=False
  voucher mid=4 aid=4 Journal/4/20261001 guid=a381c3ad-1c49-482a-8d4f-cb1da1df58a6-00000004 cancelled=False
  voucher mid=5 aid=5 Journal/5/20261001 guid=a381c3ad-1c49-482a-8d4f-cb1da1df58a6-00000005 cancelled=False
  voucher mid=6 aid=6 Payroll/1/20261001 guid=a381c3ad-1c49-482a-8d4f-cb1da1df58a6-00000006 cancelled=False
  voucher mid=7 aid=7 Receipt/1/20261002 guid=a381c3ad-1c49-482a-8d4f-cb1da1df58a6-00000007 cancelled=False
  voucher mid=8 aid=8 Receipt/2/20261002 guid=a381c3ad-1c49-482a-8d4f-cb1da1df58a6-00000008 cancelled=False
  voucher mid=9 aid=9 Payment/1/20261002 guid=a381c3ad-1c49-482a-8d4f-cb1da1df58a6-00000009 cancelled=False
  voucher mid=10 aid=10 Payment/2/20261002 guid=a381c3ad-1c49-482a-8d4f-cb1da1df58a6-0000000a cancelled=False
  voucher mid=11 aid=11 Contra/1/20261002 guid=a381c3ad-1c49-482a-8d4f-cb1da1df58a6-0000000b cancelled=False
  voucher mid=12 aid=12 Journal/6/20261002 guid=a381c3ad-1c49-482a-8d4f-cb1da1df58a6-0000000c cancelled=False
  voucher mid=13 aid=13 Journal/7/20261002 guid=a381c3ad-1c49-482a-8d4f-cb1da1df58a6-0000000d cancelled=False
  voucher mid=14 aid=14 Sales/1/20261002 guid=a381c3ad-1c49-482a-8d4f-cb1da1df58a6-0000000e cancelled=False
  voucher mid=15 aid=15 Sales/2/20261002 guid=a381c3ad-1c49-482a-8d4f-cb1da1df58a6-0000000f cancelled=False
  voucher mid=16 aid=16 Sales/3/20261002 guid=a381c3ad-1c49-482a-8d4f-cb1da1df58a6-00000010 cancelled=False
  voucher mid=17 aid=17 Purchase/1/20261002 guid=a381c3ad-1c49-482a-8d4f-cb1da1df58a6-00000011 cancelled=False
  voucher mid=18 aid=18 Purchase/2/20261002 guid=a381c3ad-1c49-482a-8d4f-cb1da1df58a6-00000012 cancelled=False
  voucher mid=19 aid=19 Sales/4/20261002 guid=a381c3ad-1c49-482a-8d4f-cb1da1df58a6-00000013 cancelled=False
  voucher mid=20 aid=20 Credit Note/1/20261002 guid=a381c3ad-1c49-482a-8d4f-cb1da1df58a6-00000014 cancelled=False
  voucher mid=21 aid=21 Journal/8/20261002 guid=a381c3ad-1c49-482a-8d4f-cb1da1df58a6-00000015 cancelled=False
  voucher mid=22 aid=22 Receipt/3/20261002 guid=a381c3ad-1c49-482a-8d4f-cb1da1df58a6-00000016 cancelled=False
[shot] tds-510-gw0 (1024x768)
[16:00:54] [tds] screen tds-510-gw0 : TallyPrime MANAGE EDU K: Company Gatewa of Tall CURRENT PERIOD I-Apr-26 to 31-Mar-27 NAME OF COMPANY FinCom Spike Co Y: Data Z: Exchange O: Import E: Export M: Share p: print Fl: Help Date aaala Q CURRENT OATE Friday, 2-Oct-2026 2-Oct-26 Search Gateway of Tally MASTERS Create Alter CHart of Accounts TRANSACTIONS Vouchers Day 800K UTILITIES BaNking REPORTS Balance Sheet Profit & Loss A/c Stock Summary Ratio Analysis Display More Reports DashbOard Quit Unity Company to ru 756a- OLIO— acep 0670- FOLIO— acep .337. -a30 ning bbb75 ing j _id" : 3-011' 0670- Mode Windows Server 2025 Datacenter Build ...
[keys] '%g' -> Tally 'TallyPrime:9000'
[shot] tds-511-A1-goto (1024x768)
[16:00:57] [tds] screen tds-511-A1-goto : R CEDU Unity Quit TallyPrime MANAGE K: Company List of Re Y: Data Its Z: Exchange O: Import E: Export M: Share p: print Fl: Help x Saved Views Bills Payable - GST Bills Payable - GST - Sundry Creditors Bills Payable - GST - Sundry Debtors Bills Receivable - GST Bills Receivable - GST - Sundry Creditors Bills Receivable - GST - Sundry Debtors Purchase Dashboard Sales Dashboard Ledger Vouchers - GST Details Outstanding MSME Bills Common Reports Dashboard Balance Sheet Profit & Loss A/c Cash/Bank Book Day Book Ledger Vouchers Ledger Vouchers - GST Stock Summary Trial Balance Bills Receivable FinC...
[keys] 'Day Book' -> Tally 'TallyPrime:9000'
[keys] '{ENTER}' -> Tally 'TallyPrime:9000'
[shot] tds-512-A1-daybook (1024x768)
[16:01:04] [tds] screen tds-512-A1-daybook : TallyPrime MANAGE EDU K: Company Da Book . Day Book Y: Data Space: Sekd Z: Exchange A Add Vch Q Search FinCom • ke Co Vch Type Contra Payment Payment Receipt Receipt Receipt Journal Journal Journal Credit Note Sales Sales Sales Sales Purchase Purchase O: Import Vch No. 1 1 2 1 2 3 6 7 8 1 1 2 3 4 1 2 E: Export M: Share P: Print For 2-Oct-26 Fl: Help F2: Date aaala Company to ru Voucher Date 2-Oct-26 2-Oct-26 2-Oct-26 2-Oct-26 2-Oct-26 2-Oct-26 2-Oct-26 2-Oct-26 2-Oct-26 2-Oct-26 2-Oct-26 2-Oct-26 2-Oct-26 2-Oct-26 2-Oct-26 2-Oct-26 Unity Quit Particulars Cash Share Supplier Share Expense Share...
[keys] '{F2}' -> Tally 'TallyPrime:9000'
[shot] tds-513-A1-db-date (1024x768)
[16:01:07] [tds] screen tds-513-A1-db-date : TallyPrime MANAGE EDU K: Company Change Date Unity Quit Y: Data Z: Exchange A Accept Q Search O: Import E: Export M: Share p: print Fl: Help FinCom Spike Co Change Date 2-10-2026 aaala to ru 756a- OLIO— acep 0670- FOLIO— acep .337. -a30 ning bbb75 ing j _id" : 3-011' 0670- Mode Windows Server 2025 Datacenter Build 26100.ge_release240331-1435 4:01 PM 10/8/2026
[keys] '2-10-2026{ENTER}' -> Tally 'TallyPrime:9000'
[shot] tds-514-A1-db-dated (1024x768)
[16:01:12] [tds] screen tds-514-A1-db-dated : TallyPrime MANAGE EDU K: Company Da Book . Day Book Y: Data Space: Sekd Z: Exchange A Add Vch Q Search FinCom • ke Co Vch Type Contra Payment Payment Receipt Receipt Receipt Journal Journal Journal Credit Note Sales Sales Sales Sales Purchase Purchase O: Import Vch No. 1 1 2 1 2 3 6 7 8 1 1 2 3 4 1 2 E: Export M: Share P: Print For 2-Oct-26 Fl: Help F2: Date aaala Company to ru Voucher Date 2-Oct-26 2-Oct-26 2-Oct-26 2-Oct-26 2-Oct-26 2-Oct-26 2-Oct-26 2-Oct-26 2-Oct-26 2-Oct-26 2-Oct-26 2-Oct-26 2-Oct-26 2-Oct-26 2-Oct-26 2-Oct-26 Unity Quit Particulars Cash Share Supplier Share Expense Share...
[keys] '{F4}' -> Tally 'TallyPrime:9000'
[shot] tds-515-A1-db-type (1024x768)
[16:01:16] [tds] screen tds-515-A1-db-type : Y: Data 7 Unity TallyPrime MANAGE EDU K: Company Change Voucher Type Quit Z: Exchange O: Import E: Export M: Share p: print Fl: Help x FinCom • ke Co Name of VoucherType Voucher T • All Items Contra Credit Note Debit Note Journal Memorandum s Create Payment Physical Stock Purchase Receipt Reversing Journal Sales Stock Journal Accept Q Search aaala to ru 756a- OLIO— acep 0670- FOLIO— acep .337. -a30 ning bbb75 ing j _id" : 3-011' 0670- Mode Windows Server 2025 Datacenter Build 26100.ge_release240331-1435 4:01 PM 10/8/2026
[keys] 'Receipt{ENTER}' -> Tally 'TallyPrime:9000'
[shot] tds-516-A1-db-typed (1024x768)
[16:01:21] [tds] screen tds-516-A1-db-typed : TallyPrime MANAGE EDU K: Company Da Book . List of Receipt Vouchers Y: Data Space: Sekd Z: Exchange A Add Vch Q Search FinCom • ke Co Vch Type Receipt Receipt Receipt O: Import Vch No. 1 2 3 Total: E: Export M: Share P: Print For 2-Oct-26 Fl: Help F2: Date aaala Date 2-Oct-26 2-Oct-26 2-Oct-26 Unity Quit Particulars Share Party Spike Income Spike Income Enter: Alter Debit Amount Credit Amount 500.00 700.00 700.00 1,900.00 U: Restore Line Company to ru Voucher 756a- Type OLIO— acep DuÅicate Vch I Insert Vch Delete x: Cancel Vch F 7: Show profit Columnar FIO B: Basis of = Values Change ¯ View Ex...
[keys] '{END}' -> Tally 'TallyPrime:9000'
[shot] tds-517-A1-db-last (1024x768)
[16:01:24] [tds] screen tds-517-A1-db-last : TallyPrime MANAGE EDU K: Company Da Book . List of Receipt Vouchers Y: Data Space: Sekd Z: Exchange A Add Vch Q Search FinCom • ke Co Vch Type Receipt Receipt Receipt O: Import Vch No. 1 2 3 Total: E: Export M: Share P: Print For 2-Oct-26 Fl: Help F2: Date aaala Date 2-Oct-26 2-Oct-26 2-Oct-26 Unity Quit Particulars Share Party Spike Income Spike Income Enter: Alter Debit Amount Credit Amount 500.00 700.00 700.00 1,900.00 U: Restore Line Company to ru Voucher 756a- Type OLIO— acep DuÅicate Vch I Insert Vch Delete x: Cancel Vch F 7: Show profit Columnar FIO B: Basis of = Values Change ¯ View Ex...
[keys] '{UP}' -> Tally 'TallyPrime:9000'
[shot] tds-518-A1-up (1024x768)
[16:01:27] [tds] screen tds-518-A1-up : TallyPrime MANAGE EDU K: Company Da Book . List of Receipt Vouchers Y: Data Space: Sekd Z: Exchange A Add Vch Q Search FinCom • ke Co Vch Type Receipt Receipt Receipt O: Import Vch No. 1 2 3 Total: E: Export M: Share P: Print For 2-Oct-26 Fl: Help F2: Date aaala Date 2-Oct-26 2-Oct-26 2-Oct-26 Unity Quit Particulars Share Party Spike Income Spike Income Enter: Alter Debit Amount Credit Amount 500.00 700.00 700.00 1,900.00 U: Restore Line Company to ru Voucher 756a- Type OLIO— acep DuÅicate Vch I Insert Vch Delete x: Cancel Vch F 7: Show profit Columnar FIO B: Basis of = Values Change ¯ View Ex...
[keys] '{ENTER}' -> Tally 'TallyPrime:9000'
[shot] tds-519-A1-open (1024x768)
[16:01:31] [tds] screen tds-519-A1-open : O: Import FinCom • ke Co 76 TallyPrime MANAGE EDU K: Company Y: Data Accounting Voucher Alteration (Secondary Recei t No. 2 Z: Exchange 700.00 Cr A Accept Q Search E: Export M: Share • Account Cash Current balance: 1,000.00 Dr Particulars Spike Income CurBal: 6,900.00 Cr Share Emp 1 Narration: • share receipt plain Unity Quit p: print x a-Oct-26 Friday Amount 700.00 700.00 Fl: Help Q: Date Company Ed: Contra Payment F-6: Receipt : Journal Sales aaala to ru 756a- OLIO— acep 0670- Purchase FOLIO— Fl O: OåuVooctgs E: Autofill Change Mode More Details O: Related ¯ Repons Optional post -Dated J: St...
[keys] '{ENTER}' -> Tally 'TallyPrime:9000'
[keys] '{ENTER}' -> Tally 'TallyPrime:9000'
[keys] '{ENTER}' -> Tally 'TallyPrime:9000'
[shot] tds-520-A1-at-amount (1024x768)
[16:01:39] [tds] screen tds-520-A1-at-amount : O: Import FinCom • ke Co 76 TallyPrime MANAGE EDU K: Company Y: Data Accounting Voucher Alteration (Secondary Recei t No. 2 Z: Exchange 700.00 Cr A Accept Q Search E: Export M: Share • Account Cash Current balance: 1,000.00 Dr Particulars Spike Income CurBal: 6,900.00 Cr Share Emp 1 Narration: • share receipt plain Unity Quit p: print x 2-Oct-26 Friday Amount 700.00 700.00 Fl: Help Q: Date Company Ed: Contra Payment F-6: Receipt : Journal Sales aaala to ru 756a- OLIO— acep 0670- Purchase FOLIO— Fl O: OåuVooctgs E: Autofill Change Mode More Details O: Related ¯ Repons Optional post -Dated J: St...
[keys] '800{ENTER}' -> Tally 'TallyPrime:9000'
[shot] tds-521-A1-amount (1024x768)
[16:01:42] [tds] screen tds-521-A1-amount : O: Import FinCom • ke Co 76 TallyPrime MANAGE EDU K: Company Y: Data Accounting Voucher Alteration (Secondary Recei t No. 2 Z: Exchange 800.00 Cr A Accept Q Search E: Export M: Share • Account Cash Current balance: 1, 100.00 Dr Particulars Spike Income CurBa1: 7,000.00 Cr Share Em 1 Narration: • share receipt plain Unity Quit p: print x 2-Oct-26 Friday Amount 800.00 800.00 Fl: Help Q: Date Company Ed: Contra Payment F-6: Receipt : Journal Sales aaala to ru 756a- OLIO— acep 0670- Purchase FOLIO— Fl O: OåuVooctgs E: Autofill Change Mode More Details O: Related ¯ Repons Optional post -Dated J: St...
[keys] '^a' -> Tally 'TallyPrime:9000'
[shot] tds-522-A1-accept1 (1024x768)
[16:01:47] [tds] screen tds-522-A1-accept1 : TallyPrime MANAGE EDU K: Company Da Book . List of Receipt Vouchers Y: Data Space: Sekd Z: Exchange A Add Vch Q Search FinCom • ke Co Vch Type Receipt Receipt Receipt O: Import Vch No. 1 2 3 Total: E: Export M: Share P: Print For 2-Oct-26 Fl: Help F2: Date aaala Date 2-Oct-26 2-Oct-26 2-Oct-26 Unity Quit Particulars Share Party Spike Income Spike Income Enter: Alter Debit Amount Credit Amount 500.00 800.00 700.00 2,000.00 U: Restore Line Company to ru Voucher 756a- Type OLIO— acep DuÅicate Vch I Insert Vch Delete x: Cancel Vch F 7: Show profit Columnar FIO B: Basis of = Values Change ¯ View Ex...
[shot] tds-523-A1-after1 (1024x768)
[16:01:48] [tds] screen tds-523-A1-after1 : TallyPrime MANAGE EDU K: Company Da Book . List of Receipt Vouchers Y: Data Space: Sekd Z: Exchange A Add Vch Q Search FinCom • ke Co Vch Type Receipt Receipt Receipt O: Import Vch No. 1 2 3 Total: E: Export M: Share P: Print For 2-Oct-26 Fl: Help F2: Date aaala Date 2-Oct-26 2-Oct-26 2-Oct-26 Unity Quit Particulars Share Party Spike Income Spike Income Enter: Alter Debit Amount Credit Amount 500.00 800.00 700.00 2,000.00 U: Restore Line Company to ru Voucher 756a- Type OLIO— acep DuÅicate Vch I Insert Vch Delete x: Cancel Vch F 7: Show profit Columnar FIO B: Basis of = Values Change ¯ View Ex...
[shot] tds-524-gw0 (1024x768)
[16:01:49] [tds] screen tds-524-gw0 : TallyPrime MANAGE EDU K: Company Da Book . List of Receipt Vouchers Y: Data Space: Sekd Z: Exchange A Add Vch Q Search FinCom • ke Co Vch Type Receipt Receipt Receipt O: Import Vch No. 1 2 3 Total: E: Export M: Share P: Print For 2-Oct-26 Fl: Help F2: Date aaala Date 2-Oct-26 2-Oct-26 2-Oct-26 Unity Quit Particulars Share Party Spike Income Spike Income Enter: Alter Debit Amount Credit Amount 500.00 800.00 700.00 2,000.00 U: Restore Line Company to ru Voucher 756a- Type OLIO— acep DuÅicate Vch I Insert Vch Delete x: Cancel Vch F 7: Show profit Columnar FIO B: Basis of = Values Change ¯ View Ex...
[keys] '{ESC}' -> Tally 'TallyPrime:9000'
[shot] tds-525-gw1 (1024x768)
[16:01:52] [tds] screen tds-525-gw1 : TallyPrime MANAGE EDU K: Company Gatewa of Tall CURRENT PERIOD I-Apr-26 to 31-Mar-27 NAME OF COMPANY FinCom Spike Co Y: Data Z: Exchange O: Import E: Export M: Share p: print Fl: Help Date aaala Q CURRENT OATE Friday, 2-Oct-2026 2-Oct-26 Search Gateway of Tally MASTERS Create Alter CHart of Accounts TRANSACTIONS Vouchers Day 800K UTILITIES BaNking REPORTS Balance Sheet Profit & Loss A/c Stock Summary Ratio Analysis Display More Reports DashbOard Quit Unity Company to ru 756a- OLIO— acep 0670- FOLIO— acep .337. -a30 ning bbb75 ing j _id" : 3-011' 0670- Mode Windows Server 2025 Datacenter Build ...
  voucher mid=1 aid=1 Journal/1/20260401 guid=a381c3ad-1c49-482a-8d4f-cb1da1df58a6-00000001 cancelled=False
  voucher mid=2 aid=2 Journal/2/20261001 guid=a381c3ad-1c49-482a-8d4f-cb1da1df58a6-00000002 cancelled=False
  voucher mid=3 aid=3 Journal/3/20261001 guid=a381c3ad-1c49-482a-8d4f-cb1da1df58a6-00000003 cancelled=False
  voucher mid=4 aid=4 Journal/4/20261001 guid=a381c3ad-1c49-482a-8d4f-cb1da1df58a6-00000004 cancelled=False
  voucher mid=5 aid=5 Journal/5/20261001 guid=a381c3ad-1c49-482a-8d4f-cb1da1df58a6-00000005 cancelled=False
  voucher mid=6 aid=6 Payroll/1/20261001 guid=a381c3ad-1c49-482a-8d4f-cb1da1df58a6-00000006 cancelled=False
  voucher mid=7 aid=7 Receipt/1/20261002 guid=a381c3ad-1c49-482a-8d4f-cb1da1df58a6-00000007 cancelled=False
  voucher mid=8 aid=23 Receipt/2/20261002 guid=a381c3ad-1c49-482a-8d4f-cb1da1df58a6-00000008 cancelled=False
  voucher mid=9 aid=9 Payment/1/20261002 guid=a381c3ad-1c49-482a-8d4f-cb1da1df58a6-00000009 cancelled=False
  voucher mid=10 aid=10 Payment/2/20261002 guid=a381c3ad-1c49-482a-8d4f-cb1da1df58a6-0000000a cancelled=False
  voucher mid=11 aid=11 Contra/1/20261002 guid=a381c3ad-1c49-482a-8d4f-cb1da1df58a6-0000000b cancelled=False
  voucher mid=12 aid=12 Journal/6/20261002 guid=a381c3ad-1c49-482a-8d4f-cb1da1df58a6-0000000c cancelled=False
  voucher mid=13 aid=13 Journal/7/20261002 guid=a381c3ad-1c49-482a-8d4f-cb1da1df58a6-0000000d cancelled=False
  voucher mid=14 aid=14 Sales/1/20261002 guid=a381c3ad-1c49-482a-8d4f-cb1da1df58a6-0000000e cancelled=False
  voucher mid=15 aid=15 Sales/2/20261002 guid=a381c3ad-1c49-482a-8d4f-cb1da1df58a6-0000000f cancelled=False
  voucher mid=16 aid=16 Sales/3/20261002 guid=a381c3ad-1c49-482a-8d4f-cb1da1df58a6-00000010 cancelled=False
  voucher mid=17 aid=17 Purchase/1/20261002 guid=a381c3ad-1c49-482a-8d4f-cb1da1df58a6-00000011 cancelled=False
  voucher mid=18 aid=18 Purchase/2/20261002 guid=a381c3ad-1c49-482a-8d4f-cb1da1df58a6-00000012 cancelled=False
  voucher mid=19 aid=19 Sales/4/20261002 guid=a381c3ad-1c49-482a-8d4f-cb1da1df58a6-00000013 cancelled=False
  voucher mid=20 aid=20 Credit Note/1/20261002 guid=a381c3ad-1c49-482a-8d4f-cb1da1df58a6-00000014 cancelled=False
  voucher mid=21 aid=21 Journal/8/20261002 guid=a381c3ad-1c49-482a-8d4f-cb1da1df58a6-00000015 cancelled=False
  voucher mid=22 aid=22 Receipt/3/20261002 guid=a381c3ad-1c49-482a-8d4f-cb1da1df58a6-00000016 cancelled=False
  INFO share alter-receipt-plain (alteration: the receipt with no party, its amount 700 -> 800): Tally Receipt 2 mid 8; stored party 'Cash' bills []; the line party 'Cash' bills []; lines voucher_accept_post x1, voucher_accept_pre x1, voucher_full x1
[16:01:55] ---- share alter-sales-new: alteration: the New Ref sales invoice saved again unchanged (opened, Ctrl+A)
  voucher mid=1 aid=1 Journal/1/20260401 guid=a381c3ad-1c49-482a-8d4f-cb1da1df58a6-00000001 cancelled=False
  voucher mid=2 aid=2 Journal/2/20261001 guid=a381c3ad-1c49-482a-8d4f-cb1da1df58a6-00000002 cancelled=False
  voucher mid=3 aid=3 Journal/3/20261001 guid=a381c3ad-1c49-482a-8d4f-cb1da1df58a6-00000003 cancelled=False
  voucher mid=4 aid=4 Journal/4/20261001 guid=a381c3ad-1c49-482a-8d4f-cb1da1df58a6-00000004 cancelled=False
  voucher mid=5 aid=5 Journal/5/20261001 guid=a381c3ad-1c49-482a-8d4f-cb1da1df58a6-00000005 cancelled=False
  voucher mid=6 aid=6 Payroll/1/20261001 guid=a381c3ad-1c49-482a-8d4f-cb1da1df58a6-00000006 cancelled=False
  voucher mid=7 aid=7 Receipt/1/20261002 guid=a381c3ad-1c49-482a-8d4f-cb1da1df58a6-00000007 cancelled=False
  voucher mid=8 aid=23 Receipt/2/20261002 guid=a381c3ad-1c49-482a-8d4f-cb1da1df58a6-00000008 cancelled=False
  voucher mid=9 aid=9 Payment/1/20261002 guid=a381c3ad-1c49-482a-8d4f-cb1da1df58a6-00000009 cancelled=False
  voucher mid=10 aid=10 Payment/2/20261002 guid=a381c3ad-1c49-482a-8d4f-cb1da1df58a6-0000000a cancelled=False
  voucher mid=11 aid=11 Contra/1/20261002 guid=a381c3ad-1c49-482a-8d4f-cb1da1df58a6-0000000b cancelled=False
  voucher mid=12 aid=12 Journal/6/20261002 guid=a381c3ad-1c49-482a-8d4f-cb1da1df58a6-0000000c cancelled=False
  voucher mid=13 aid=13 Journal/7/20261002 guid=a381c3ad-1c49-482a-8d4f-cb1da1df58a6-0000000d cancelled=False
  voucher mid=14 aid=14 Sales/1/20261002 guid=a381c3ad-1c49-482a-8d4f-cb1da1df58a6-0000000e cancelled=False
  voucher mid=15 aid=15 Sales/2/20261002 guid=a381c3ad-1c49-482a-8d4f-cb1da1df58a6-0000000f cancelled=False
  voucher mid=16 aid=16 Sales/3/20261002 guid=a381c3ad-1c49-482a-8d4f-cb1da1df58a6-00000010 cancelled=False
  voucher mid=17 aid=17 Purchase/1/20261002 guid=a381c3ad-1c49-482a-8d4f-cb1da1df58a6-00000011 cancelled=False
  voucher mid=18 aid=18 Purchase/2/20261002 guid=a381c3ad-1c49-482a-8d4f-cb1da1df58a6-00000012 cancelled=False
  voucher mid=19 aid=19 Sales/4/20261002 guid=a381c3ad-1c49-482a-8d4f-cb1da1df58a6-00000013 cancelled=False
  voucher mid=20 aid=20 Credit Note/1/20261002 guid=a381c3ad-1c49-482a-8d4f-cb1da1df58a6-00000014 cancelled=False
  voucher mid=21 aid=21 Journal/8/20261002 guid=a381c3ad-1c49-482a-8d4f-cb1da1df58a6-00000015 cancelled=False
  voucher mid=22 aid=22 Receipt/3/20261002 guid=a381c3ad-1c49-482a-8d4f-cb1da1df58a6-00000016 cancelled=False
[shot] tds-526-gw0 (1024x768)
[16:01:56] [tds] screen tds-526-gw0 : TallyPrime MANAGE EDU K: Company Gatewa of Tall CURRENT PERIOD I-Apr-26 to 31-Mar-27 NAME OF COMPANY FinCom Spike Co Y: Data Z: Exchange O: Import E: Export M: Share p: print Fl: Help Date aaala Q CURRENT OATE Friday, 2-Oct-2026 2-Oct-26 Search Gateway of Tally MASTERS Create Alter CHart of Accounts TRANSACTIONS Vouchers Day 800K UTILITIES BaNking REPORTS Balance Sheet Profit & Loss A/c Stock Summary Ratio Analysis Display More Reports DashbOard Quit Unity Company to ru 756a- OLIO— acep 0670- FOLIO— acep .337. -a30 ning bbb75 ing j _id" : 3-011' 0670- Mode Windows Server 2025 Datacenter Build ...
[keys] '%g' -> Tally 'TallyPrime:9000'
[shot] tds-527-A3-goto (1024x768)
[16:02:00] [tds] screen tds-527-A3-goto : R CEDU Unity Quit TallyPrime MANAGE K: Company List of Re Y: Data Its Z: Exchange O: Import E: Export M: Share p: print Fl: Help x Saved Views Bills Payable - GST Bills Payable - GST - Sundry Creditors Bills Payable - GST - Sundry Debtors Bills Receivable - GST Bills Receivable - GST - Sundry Creditors Bills Receivable - GST - Sundry Debtors Purchase Dashboard Sales Dashboard Ledger Vouchers - GST Details Outstanding MSME Bills Common Reports Dashboard Balance Sheet Profit & Loss A/c Cash/Bank Book Day Book Ledger Vouchers Ledger Vouchers - GST Stock Summary Trial Balance Bills Receivable FinC...
[keys] 'Day Book' -> Tally 'TallyPrime:9000'
[keys] '{ENTER}' -> Tally 'TallyPrime:9000'
[shot] tds-528-A3-daybook (1024x768)
[16:02:07] [tds] screen tds-528-A3-daybook : TallyPrime MANAGE EDU K: Company Da Book . Day Book Y: Data Space: Sekd Z: Exchange A Add Vch Q Search FinCom • ke Co Vch Type Contra Payment Payment Receipt Receipt Receipt Journal Journal Journal Credit Note Sales Sales Sales Sales Purchase Purchase O: Import Vch No. 1 1 2 1 2 3 6 7 8 1 1 2 3 4 1 2 E: Export M: Share P: Print For 2-Oct-26 Fl: Help F2: Date aaala Company to ru Voucher Date 2-Oct-26 2-Oct-26 2-Oct-26 2-Oct-26 2-Oct-26 2-Oct-26 2-Oct-26 2-Oct-26 2-Oct-26 2-Oct-26 2-Oct-26 2-Oct-26 2-Oct-26 2-Oct-26 2-Oct-26 2-Oct-26 Unity Quit Particulars Cash Share Supplier Share Expense Share...
[keys] '{F2}' -> Tally 'TallyPrime:9000'
[shot] tds-529-A3-db-date (1024x768)
[16:02:10] [tds] screen tds-529-A3-db-date : TallyPrime MANAGE EDU K: Company Change Date Unity Quit Y: Data Z: Exchange A Accept Q Search O: Import E: Export M: Share p: print Fl: Help FinCom Spike Co Change Date 2-10-2026 aaala to ru 756a- OLIO— acep 0670- FOLIO— acep .337. -a30 ning bbb75 ing j _id" : 3-011' 0670- Mode Windows Server 2025 Datacenter Build 26100.ge_release240331-1435 4:02 PM 10/8/2026
[keys] '2-10-2026{ENTER}' -> Tally 'TallyPrime:9000'
[shot] tds-530-A3-db-dated (1024x768)
[16:02:15] [tds] screen tds-530-A3-db-dated : TallyPrime MANAGE EDU K: Company Da Book . Day Book Y: Data Space: Sekd Z: Exchange A Add Vch Q Search FinCom • ke Co Vch Type Contra Payment Payment Receipt Receipt Receipt Journal Journal Journal Credit Note Sales Sales Sales Sales Purchase Purchase O: Import Vch No. 1 1 2 1 2 3 6 7 8 1 1 2 3 4 1 2 E: Export M: Share P: Print For 2-Oct-26 Fl: Help F2: Date aaala Company to ru Voucher Date 2-Oct-26 2-Oct-26 2-Oct-26 2-Oct-26 2-Oct-26 2-Oct-26 2-Oct-26 2-Oct-26 2-Oct-26 2-Oct-26 2-Oct-26 2-Oct-26 2-Oct-26 2-Oct-26 2-Oct-26 2-Oct-26 Unity Quit Particulars Cash Share Supplier Share Expense Share...
[keys] '{F4}' -> Tally 'TallyPrime:9000'
[shot] tds-531-A3-db-type (1024x768)
[16:02:18] [tds] screen tds-531-A3-db-type : Y: Data 7 Unity TallyPrime MANAGE EDU K: Company Change Voucher Type Quit Z: Exchange O: Import E: Export M: Share p: print Fl: Help x FinCom • ke Co Name of VoucherType Voucher T • All Items Contra Credit Note Debit Note Journal Memorandum s Create Payment Physical Stock Purchase Receipt Reversing Journal Sales Stock Journal Accept Q Search aaala to ru 756a- OLIO— acep 0670- FOLIO— acep .337. -a30 ning bbb75 ing j _id" : 3-011' 0670- Mode Windows Server 2025 Datacenter Build 26100.ge_release240331-1435 4:02 PM 10/8/2026
[keys] 'Sales{ENTER}' -> Tally 'TallyPrime:9000'
[shot] tds-532-A3-db-typed (1024x768)
[16:02:23] [tds] screen tds-532-A3-db-typed : TallyPrime MANAGE EDU K: Company Da Book . List of Sales Vouchers Y: Data Space: Sekd Z: Exchange A Add Vch Q Search FinCom • ke Co Vch Type Sales Sales Sales Sales O: Import Vch No. 1 2 3 4 Total: E: Export M: Share P: Print For 2-Oct-26 Fl: Help F2: Date aaala Date 2-Oct-26 2-Oct-26 2-Oct-26 2-Oct-26 Unity Quit Particulars Share Party Share Party Share Party Share Party Enter: Alter Debit Amount 200.00 200.00 300.00 300.00 1,000 00 Credit Amount U: Restore Line Company to ru Voucher 756a- Type OLIO— acep DuÅicate Vch I Insert Vch Delete x: Cancel Vch F7: Show profit Columnar FIO B: Basis of ...
[keys] '{END}' -> Tally 'TallyPrime:9000'
[shot] tds-533-A3-db-last (1024x768)
[16:02:26] [tds] screen tds-533-A3-db-last : TallyPrime MANAGE EDU K: Company Da Book . List of Sales Vouchers Y: Data Space: Sekd Z: Exchange A Add Vch Q Search FinCom • ke Co Vch Type Sales Sales Sales Sales O: Import Vch No. 1 2 3 4 Total: E: Export M: Share P: Print For 2-Oct-26 Fl: Help F2: Date aaala Date 2-Oct-26 2-Oct-26 2-Oct-26 2-Oct-26 Unity Quit Particulars Share Party Share Party Share Party Share Party Enter: Alter Debit Amount 200.00 200.00 300.00 300.00 1,000 00 Credit Amount U: Restore Line Company to ru Voucher 756a- Type OLIO— acep DuÅicate Vch I Insert Vch Delete x: Cancel Vch F7: Show profit Columnar FIO B: Basis of ...
[keys] '{HOME}' -> Tally 'TallyPrime:9000'
[shot] tds-534-A3-first (1024x768)
[16:02:29] [tds] screen tds-534-A3-first : TallyPrime MANAGE EDU K: Company Da Book . List of Sales Vouchers Y: Data Space: Sekd Z: Exchange A Add Vch Q Search FinCom • ke Co Vch Type Sales Sales Sales Sales O: Import Vch No. 1 2 3 4 Total: E: Export M: Share P: Print For 2-Oct-26 Fl: Help F2: Date aaala Date 2-Oct-26 2-Oct-26 2-Oct-26 2-Oct-26 Unity Quit Particulars Share Party Share Party Share Party Share Party Enter: Alter Debit Amount 200.00 200.00 300.00 300.00 1,000 00 Credit Amount U: Restore Line Company to ru Voucher 756a- Type OLIO— acep DuÅicate Vch I Insert Vch Delete x: Cancel Vch F7: Show profit Columnar FIO B: Basis of ...
[keys] '{ENTER}' -> Tally 'TallyPrime:9000'
[shot] tds-535-A3-open (1024x768)
[16:02:34] [tds] screen tds-535-A3-open : TallyPrime MANAGE EDU K: Company Y: Data Accounting Voucher Alteration (Secondary 76 Sales Party A/c narne: Share Party Current balance: 4,400.00 Dr Sales ledger: Share Sales • Current balance: 900.00 Cr Name of Item Share Item Narration: Unity Quit Z: Exchange A Accept Q Search FinCom • ke Co O: Import Quantity 2 Nos 2 Nos E: Export Rate 100.00 M: Share per Nos p: print a-Oct-26 Friday Amount 200.00 Fl: Help Date aaala Company to ru F4: Contra F5: Payment Receipt Journal F8: Sales 756a- OLIO— acep 0670- FOLIO— Purchase • Fl 0: 0åHVouctg•s F: Autofill Change Mode More Details o: L: 200.00 Rela...
[keys] '^a' -> Tally 'TallyPrime:9000'
[shot] tds-536-A3-accept1 (1024x768)
[16:02:39] [tds] screen tds-536-A3-accept1 : TallyPrime MANAGE EDU K: Company Da Book . List of Sales Vouchers Y: Data Space: Sekd Z: Exchange A Add Vch Q Search FinCom • ke Co Vch Type Sales Sales Sales Sales O: Import Vch No. 1 2 3 4 Total: E: Export M: Share P: Print For 2-Oct-26 Fl: Help F2: Date aaala Date 2-Oct-26 2-Oct-26 2-Oct-26 2-Oct-26 Unity Quit Particulars Share Party Share Party Share Party Share Party Enter: Alter Debit Amount 200.00 200.00 300.00 300.00 1,000 00 Credit Amount U: Restore Line Company to ru Voucher 756a- Type OLIO— acep DuÅicate Vch I Insert Vch Delete x: Cancel Vch F7: Show profit Columnar FIO B: Basis of ...
[shot] tds-537-A3-after1 (1024x768)
[16:02:39] [tds] screen tds-537-A3-after1 : TallyPrime MANAGE EDU K: Company Da Book . List of Sales Vouchers Y: Data Space: Sekd Z: Exchange A Add Vch Q Search FinCom • ke Co Vch Type Sales Sales Sales Sales O: Import Vch No. 1 2 3 4 Total: E: Export M: Share P: Print For 2-Oct-26 Fl: Help F2: Date aaala Date 2-Oct-26 2-Oct-26 2-Oct-26 2-Oct-26 Unity Quit Particulars Share Party Share Party Share Party Share Party Enter: Alter Debit Amount 200.00 200.00 300.00 300.00 1,000 00 Credit Amount U: Restore Line Company to ru Voucher 756a- Type OLIO— acep DuÅicate Vch I Insert Vch Delete x: Cancel Vch F7: Show profit Columnar FIO B: Basis of ...
[shot] tds-538-gw0 (1024x768)
[16:02:40] [tds] screen tds-538-gw0 : TallyPrime MANAGE EDU K: Company Da Book . List of Sales Vouchers Y: Data Space: Sekd Z: Exchange A Add Vch Q Search FinCom • ke Co Vch Type Sales Sales Sales Sales O: Import Vch No. 1 2 3 4 Total: E: Export M: Share P: Print For 2-Oct-26 Fl: Help F2: Date aaala Date 2-Oct-26 2-Oct-26 2-Oct-26 2-Oct-26 Unity Quit Particulars Share Party Share Party Share Party Share Party Enter: Alter Debit Amount 200.00 200.00 300.00 300.00 1,000 00 Credit Amount U: Restore Line Company to ru Voucher 756a- Type OLIO— acep DuÅicate Vch I Insert Vch Delete x: Cancel Vch F7: Show profit Columnar FIO B: Basis of ...
[keys] '{ESC}' -> Tally 'TallyPrime:9000'
[shot] tds-539-gw1 (1024x768)
[16:02:44] [tds] screen tds-539-gw1 : TallyPrime MANAGE EDU K: Company Gatewa of Tall CURRENT PERIOD I-Apr-26 to 31-Mar-27 NAME OF COMPANY FinCom Spike Co Y: Data Z: Exchange O: Import E: Export M: Share p: print Fl: Help Date aaala Q CURRENT OATE Friday, 2-Oct-2026 2-Oct-26 Search Gateway of Tally MASTERS Create Alter CHart of Accounts TRANSACTIONS Vouchers Day 800K UTILITIES BaNking REPORTS Balance Sheet Profit & Loss A/c Stock Summary Ratio Analysis Display More Reports DashbOard Quit Unity Company to ru 756a- OLIO— acep 0670- FOLIO— acep .337. -a30 ning bbb75 ing j _id" : 3-011' 0670- Mode Windows Server 2025 Datacenter Build ...
  voucher mid=1 aid=1 Journal/1/20260401 guid=a381c3ad-1c49-482a-8d4f-cb1da1df58a6-00000001 cancelled=False
  voucher mid=2 aid=2 Journal/2/20261001 guid=a381c3ad-1c49-482a-8d4f-cb1da1df58a6-00000002 cancelled=False
  voucher mid=3 aid=3 Journal/3/20261001 guid=a381c3ad-1c49-482a-8d4f-cb1da1df58a6-00000003 cancelled=False
  voucher mid=4 aid=4 Journal/4/20261001 guid=a381c3ad-1c49-482a-8d4f-cb1da1df58a6-00000004 cancelled=False
  voucher mid=5 aid=5 Journal/5/20261001 guid=a381c3ad-1c49-482a-8d4f-cb1da1df58a6-00000005 cancelled=False
  voucher mid=6 aid=6 Payroll/1/20261001 guid=a381c3ad-1c49-482a-8d4f-cb1da1df58a6-00000006 cancelled=False
  voucher mid=7 aid=7 Receipt/1/20261002 guid=a381c3ad-1c49-482a-8d4f-cb1da1df58a6-00000007 cancelled=False
  voucher mid=8 aid=23 Receipt/2/20261002 guid=a381c3ad-1c49-482a-8d4f-cb1da1df58a6-00000008 cancelled=False
  voucher mid=9 aid=9 Payment/1/20261002 guid=a381c3ad-1c49-482a-8d4f-cb1da1df58a6-00000009 cancelled=False
  voucher mid=10 aid=10 Payment/2/20261002 guid=a381c3ad-1c49-482a-8d4f-cb1da1df58a6-0000000a cancelled=False
  voucher mid=11 aid=11 Contra/1/20261002 guid=a381c3ad-1c49-482a-8d4f-cb1da1df58a6-0000000b cancelled=False
  voucher mid=12 aid=12 Journal/6/20261002 guid=a381c3ad-1c49-482a-8d4f-cb1da1df58a6-0000000c cancelled=False
  voucher mid=13 aid=13 Journal/7/20261002 guid=a381c3ad-1c49-482a-8d4f-cb1da1df58a6-0000000d cancelled=False
  voucher mid=14 aid=24 Sales/1/20261002 guid=a381c3ad-1c49-482a-8d4f-cb1da1df58a6-0000000e cancelled=False
  voucher mid=15 aid=15 Sales/2/20261002 guid=a381c3ad-1c49-482a-8d4f-cb1da1df58a6-0000000f cancelled=False
  voucher mid=16 aid=16 Sales/3/20261002 guid=a381c3ad-1c49-482a-8d4f-cb1da1df58a6-00000010 cancelled=False
  voucher mid=17 aid=17 Purchase/1/20261002 guid=a381c3ad-1c49-482a-8d4f-cb1da1df58a6-00000011 cancelled=False
  voucher mid=18 aid=18 Purchase/2/20261002 guid=a381c3ad-1c49-482a-8d4f-cb1da1df58a6-00000012 cancelled=False
  voucher mid=19 aid=19 Sales/4/20261002 guid=a381c3ad-1c49-482a-8d4f-cb1da1df58a6-00000013 cancelled=False
  voucher mid=20 aid=20 Credit Note/1/20261002 guid=a381c3ad-1c49-482a-8d4f-cb1da1df58a6-00000014 cancelled=False
  voucher mid=21 aid=21 Journal/8/20261002 guid=a381c3ad-1c49-482a-8d4f-cb1da1df58a6-00000015 cancelled=False
  voucher mid=22 aid=22 Receipt/3/20261002 guid=a381c3ad-1c49-482a-8d4f-cb1da1df58a6-00000016 cancelled=False
  INFO share alter-sales-new (alteration: the New Ref sales invoice saved again unchanged (opened, Ctrl+A)): Tally Sales 1 mid 14; stored party 'Share Party' bills [New Ref,New Ref]; the line party 'Share Party' bills [New Ref]; lines voucher_accept_post x1, voucher_accept_pre x1, voucher_full x1
[16:02:47] ---- share alter-receipt-agst: alteration: the receipt against SB-1 saved again unchanged (opened, Ctrl+A)
  voucher mid=1 aid=1 Journal/1/20260401 guid=a381c3ad-1c49-482a-8d4f-cb1da1df58a6-00000001 cancelled=False
  voucher mid=2 aid=2 Journal/2/20261001 guid=a381c3ad-1c49-482a-8d4f-cb1da1df58a6-00000002 cancelled=False
  voucher mid=3 aid=3 Journal/3/20261001 guid=a381c3ad-1c49-482a-8d4f-cb1da1df58a6-00000003 cancelled=False
  voucher mid=4 aid=4 Journal/4/20261001 guid=a381c3ad-1c49-482a-8d4f-cb1da1df58a6-00000004 cancelled=False
  voucher mid=5 aid=5 Journal/5/20261001 guid=a381c3ad-1c49-482a-8d4f-cb1da1df58a6-00000005 cancelled=False
  voucher mid=6 aid=6 Payroll/1/20261001 guid=a381c3ad-1c49-482a-8d4f-cb1da1df58a6-00000006 cancelled=False
  voucher mid=7 aid=7 Receipt/1/20261002 guid=a381c3ad-1c49-482a-8d4f-cb1da1df58a6-00000007 cancelled=False
  voucher mid=8 aid=23 Receipt/2/20261002 guid=a381c3ad-1c49-482a-8d4f-cb1da1df58a6-00000008 cancelled=False
  voucher mid=9 aid=9 Payment/1/20261002 guid=a381c3ad-1c49-482a-8d4f-cb1da1df58a6-00000009 cancelled=False
  voucher mid=10 aid=10 Payment/2/20261002 guid=a381c3ad-1c49-482a-8d4f-cb1da1df58a6-0000000a cancelled=False
  voucher mid=11 aid=11 Contra/1/20261002 guid=a381c3ad-1c49-482a-8d4f-cb1da1df58a6-0000000b cancelled=False
  voucher mid=12 aid=12 Journal/6/20261002 guid=a381c3ad-1c49-482a-8d4f-cb1da1df58a6-0000000c cancelled=False
  voucher mid=13 aid=13 Journal/7/20261002 guid=a381c3ad-1c49-482a-8d4f-cb1da1df58a6-0000000d cancelled=False
  voucher mid=14 aid=24 Sales/1/20261002 guid=a381c3ad-1c49-482a-8d4f-cb1da1df58a6-0000000e cancelled=False
  voucher mid=15 aid=15 Sales/2/20261002 guid=a381c3ad-1c49-482a-8d4f-cb1da1df58a6-0000000f cancelled=False
  voucher mid=16 aid=16 Sales/3/20261002 guid=a381c3ad-1c49-482a-8d4f-cb1da1df58a6-00000010 cancelled=False
  voucher mid=17 aid=17 Purchase/1/20261002 guid=a381c3ad-1c49-482a-8d4f-cb1da1df58a6-00000011 cancelled=False
  voucher mid=18 aid=18 Purchase/2/20261002 guid=a381c3ad-1c49-482a-8d4f-cb1da1df58a6-00000012 cancelled=False
  voucher mid=19 aid=19 Sales/4/20261002 guid=a381c3ad-1c49-482a-8d4f-cb1da1df58a6-00000013 cancelled=False
  voucher mid=20 aid=20 Credit Note/1/20261002 guid=a381c3ad-1c49-482a-8d4f-cb1da1df58a6-00000014 cancelled=False
  voucher mid=21 aid=21 Journal/8/20261002 guid=a381c3ad-1c49-482a-8d4f-cb1da1df58a6-00000015 cancelled=False
  voucher mid=22 aid=22 Receipt/3/20261002 guid=a381c3ad-1c49-482a-8d4f-cb1da1df58a6-00000016 cancelled=False
[shot] tds-540-gw0 (1024x768)
[16:02:48] [tds] screen tds-540-gw0 : TallyPrime MANAGE EDU K: Company Gatewa of Tall CURRENT PERIOD I-Apr-26 to 31-Mar-27 NAME OF COMPANY FinCom Spike Co Y: Data Z: Exchange O: Import E: Export M: Share p: print Fl: Help Date aaala Q CURRENT OATE Friday, 2-Oct-2026 2-Oct-26 Search Gateway of Tally MASTERS Create Alter CHart of Accounts TRANSACTIONS Vouchers Day 800K UTILITIES BaNking REPORTS Balance Sheet Profit & Loss A/c Stock Summary Ratio Analysis Display More Reports DashbOard Quit Unity Company to ru 756a- OLIO— acep 0670- FOLIO— acep .337. -a30 ning bbb75 ing j _id" : 3-011' 0670- Mode Windows Server 2025 Datacenter Build ...
[keys] '%g' -> Tally 'TallyPrime:9000'
[shot] tds-541-A2-goto (1024x768)
[16:02:51] [tds] screen tds-541-A2-goto : R CEDU Unity Quit TallyPrime MANAGE K: Company List of Re Y: Data Its Z: Exchange O: Import E: Export M: Share p: print Fl: Help x Saved Views Bills Payable - GST Bills Payable - GST - Sundry Creditors Bills Payable - GST - Sundry Debtors Bills Receivable - GST Bills Receivable - GST - Sundry Creditors Bills Receivable - GST - Sundry Debtors Purchase Dashboard Sales Dashboard Ledger Vouchers - GST Details Outstanding MSME Bills Common Reports Dashboard Balance Sheet Profit & Loss A/c Cash/Bank Book Day Book Ledger Vouchers Ledger Vouchers - GST Stock Summary Trial Balance Bills Receivable FinC...
[keys] 'Day Book' -> Tally 'TallyPrime:9000'
[keys] '{ENTER}' -> Tally 'TallyPrime:9000'
[shot] tds-542-A2-daybook (1024x768)
[16:02:59] [tds] screen tds-542-A2-daybook : TallyPrime MANAGE EDU K: Company Da Book . Day Book Y: Data Space: Sekd Z: Exchange A Add Vch Q Search FinCom • ke Co Vch Type Contra Payment Payment Receipt Receipt Receipt Journal Journal Journal Credit Note Sales Sales Sales Sales Purchase Purchase O: Import Vch No. 1 1 2 1 2 3 6 7 8 1 1 2 3 4 1 2 E: Export M: Share P: Print For 2-Oct-26 Fl: Help F2: Date aaala Company to ru Voucher Date 2-Oct-26 2-Oct-26 2-Oct-26 2-Oct-26 2-Oct-26 2-Oct-26 2-Oct-26 2-Oct-26 2-Oct-26 2-Oct-26 2-Oct-26 2-Oct-26 2-Oct-26 2-Oct-26 2-Oct-26 2-Oct-26 Unity Quit Particulars Cash Share Supplier Share Expense Share...
[keys] '{F2}' -> Tally 'TallyPrime:9000'
[shot] tds-543-A2-db-date (1024x768)
[16:03:02] [tds] screen tds-543-A2-db-date : TallyPrime MANAGE EDU K: Company Change Date Unity Quit Y: Data Z: Exchange A Accept Q Search O: Import E: Export M: Share p: print Fl: Help FinCom Spike Co Change Date 2-10-2026 aaala to ru 756a- OLIO— acep 0670- FOLIO— acep .337. -a30 ning bbb75 ing j _id" : 3-011' 0670- Mode Windows Server 2025 Datacenter Build 26100.ge_release240331-1435 4:03 PM 10/8/2026
[keys] '2-10-2026{ENTER}' -> Tally 'TallyPrime:9000'
[shot] tds-544-A2-db-dated (1024x768)
[16:03:06] [tds] screen tds-544-A2-db-dated : TallyPrime MANAGE EDU K: Company Da Book . Day Book Y: Data Space: Sekd Z: Exchange A Add Vch Q Search FinCom • ke Co Vch Type Contra Payment Payment Receipt Receipt Receipt Journal Journal Journal Credit Note Sales Sales Sales Sales Purchase Purchase O: Import Vch No. 1 1 2 1 2 3 6 7 8 1 1 2 3 4 1 2 E: Export M: Share P: Print For 2-Oct-26 Fl: Help F2: Date aaala Company to ru Voucher Date 2-Oct-26 2-Oct-26 2-Oct-26 2-Oct-26 2-Oct-26 2-Oct-26 2-Oct-26 2-Oct-26 2-Oct-26 2-Oct-26 2-Oct-26 2-Oct-26 2-Oct-26 2-Oct-26 2-Oct-26 2-Oct-26 Unity Quit Particulars Cash Share Supplier Share Expense Share...
[keys] '{F4}' -> Tally 'TallyPrime:9000'
[shot] tds-545-A2-db-type (1024x768)
[16:03:10] [tds] screen tds-545-A2-db-type : Y: Data 7 Unity TallyPrime MANAGE EDU K: Company Change Voucher Type Quit Z: Exchange O: Import E: Export M: Share p: print Fl: Help x FinCom • ke Co Name of VoucherType Voucher T • All Items Contra Credit Note Debit Note Journal Memorandum s Create Payment Physical Stock Purchase Receipt Reversing Journal Sales Stock Journal Accept Q Search aaala to ru 756a- OLIO— acep 0670- FOLIO— acep .337. -a30 ning bbb75 ing j _id" : 3-011' 0670- Mode Windows Server 2025 Datacenter Build 26100.ge_release240331-1435 4:03 PM 10/8/2026
[keys] 'Receipt{ENTER}' -> Tally 'TallyPrime:9000'
[shot] tds-546-A2-db-typed (1024x768)
[16:03:15] [tds] screen tds-546-A2-db-typed : TallyPrime MANAGE EDU K: Company Da Book . List of Receipt Vouchers Y: Data Space: Sekd Z: Exchange A Add Vch Q Search FinCom • ke Co Vch Type Receipt Receipt Receipt O: Import Vch No. 1 2 3 Total: E: Export M: Share P: Print For 2-Oct-26 Fl: Help F2: Date aaala Date 2-Oct-26 2-Oct-26 2-Oct-26 Unity Quit Particulars Share Party Spike Income Spike Income Enter: Alter Debit Amount Credit Amount 500.00 800.00 700.00 2,000.00 U: Restore Line Company to ru Voucher 756a- Type OLIO— acep DuÅicate Vch I Insert Vch Delete x: Cancel Vch F 7: Show profit Columnar FIO B: Basis of = Values Change ¯ View Ex...
[keys] '{END}' -> Tally 'TallyPrime:9000'
[shot] tds-547-A2-db-last (1024x768)
[16:03:18] [tds] screen tds-547-A2-db-last : TallyPrime MANAGE EDU K: Company Da Book . List of Receipt Vouchers Y: Data Space: Sekd Z: Exchange A Add Vch Q Search FinCom • ke Co Vch Type Receipt Receipt Receipt O: Import Vch No. 1 2 3 Total: E: Export M: Share P: Print For 2-Oct-26 Fl: Help F2: Date aaala Date 2-Oct-26 2-Oct-26 2-Oct-26 Unity Quit Particulars Share Party Spike Income Spike Income Enter: Alter Debit Amount Credit Amount 500.00 800.00 700.00 2,000.00 U: Restore Line Company to ru Voucher 756a- Type OLIO— acep DuÅicate Vch I Insert Vch Delete x: Cancel Vch F 7: Show profit Columnar FIO B: Basis of = Values Change ¯ View Ex...
[keys] '{HOME}' -> Tally 'TallyPrime:9000'
[shot] tds-548-A2-first (1024x768)
[16:03:21] [tds] screen tds-548-A2-first : TallyPrime MANAGE EDU K: Company Da Book . List of Receipt Vouchers Y: Data Space: Sekd Z: Exchange A Add Vch Q Search FinCom • ke Co Vch Type Receipt Receipt Receipt O: Import Vch No. 1 2 3 Total: E: Export M: Share P: Print For 2-Oct-26 Fl: Help F2: Date aaala Date 2-Oct-26 2-Oct-26 2-Oct-26 Unity Quit Particulars Share Party Spike Income Spike Income Enter: Alter Debit Amount Credit Amount 500.00 800.00 700.00 2,000.00 U: Restore Line Company to ru Voucher 756a- Type OLIO— acep DuÅicate Vch I Insert Vch Delete x: Cancel Vch F 7: Show profit Columnar FIO B: Basis of = Values Change ¯ View Ex...
[keys] '{ENTER}' -> Tally 'TallyPrime:9000'
[shot] tds-549-A2-open (1024x768)
[16:03:26] [tds] screen tds-549-A2-open : O: Import FinCom • ke Co 76 TallyPrime MANAGE EDU K: Company Y: Data Accounting Voucher Alteration (Secondary Recei t Z: Exchange 500.00 Cr A Accept Q Search E: Export M: Share • Account Cash Current balance: 1, 100.00 Dr Particulars Share Party CurBal: 4,400.00 Dr Agst Ref SB-I Narration: • share receipt agst Unity Quit p: print x 2-Oct-26 Friday Amount 500.00 500.00 Fl: Help Q: Date Company Ed: Contra Payment F-6: Receipt : Journal Sales aaala to ru 756a- OLIO— acep 0670- Purchase FOLIO— Fl O: OåuVooctgs E: Autofill Change Mode More Details O: Related ¯ Repons Optional post -Dated J: Stat ac...
[keys] '^a' -> Tally 'TallyPrime:9000'
[shot] tds-550-A2-accept1 (1024x768)
[16:03:30] [tds] screen tds-550-A2-accept1 : TallyPrime MANAGE EDU K: Company Da Book . List of Receipt Vouchers Y: Data Space: Sekd Z: Exchange A Add Vch Q Search FinCom • ke Co Vch Type Receipt Receipt Receipt O: Import Vch No. 1 2 3 Total: E: Export M: Share P: Print For 2-Oct-26 Fl: Help F2: Date aaala Date 2-Oct-26 2-Oct-26 2-Oct-26 Unity Quit Particulars Share Party Spike Income Spike Income Enter: Alter Debit Amount Credit Amount 500.00 800.00 700.00 2,000.00 U: Restore Line Company to ru Voucher 756a- Type OLIO— acep DuÅicate Vch I Insert Vch Delete x: Cancel Vch F 7: Show profit Columnar FIO B: Basis of = Values Change ¯ View Ex...
[shot] tds-551-A2-after1 (1024x768)
[16:03:31] [tds] screen tds-551-A2-after1 : TallyPrime MANAGE EDU K: Company Da Book . List of Receipt Vouchers Y: Data Space: Sekd Z: Exchange A Add Vch Q Search FinCom • ke Co Vch Type Receipt Receipt Receipt O: Import Vch No. 1 2 3 Total: E: Export M: Share P: Print For 2-Oct-26 Fl: Help F2: Date aaala Date 2-Oct-26 2-Oct-26 2-Oct-26 Unity Quit Particulars Share Party Spike Income Spike Income Enter: Alter Debit Amount Credit Amount 500.00 800.00 700.00 2,000.00 U: Restore Line Company to ru Voucher 756a- Type OLIO— acep DuÅicate Vch I Insert Vch Delete x: Cancel Vch F 7: Show profit Columnar FIO B: Basis of = Values Change ¯ View Ex...
[shot] tds-552-gw0 (1024x768)
[16:03:32] [tds] screen tds-552-gw0 : TallyPrime MANAGE EDU K: Company Da Book . List of Receipt Vouchers Y: Data Space: Sekd Z: Exchange A Add Vch Q Search FinCom • ke Co Vch Type Receipt Receipt Receipt O: Import Vch No. 1 2 3 Total: E: Export M: Share P: Print For 2-Oct-26 Fl: Help F2: Date aaala Date 2-Oct-26 2-Oct-26 2-Oct-26 Unity Quit Particulars Share Party Spike Income Spike Income Enter: Alter Debit Amount Credit Amount 500.00 800.00 700.00 2,000.00 U: Restore Line Company to ru Voucher 756a- Type OLIO— acep DuÅicate Vch I Insert Vch Delete x: Cancel Vch F 7: Show profit Columnar FIO B: Basis of = Values Change ¯ View Ex...
[keys] '{ESC}' -> Tally 'TallyPrime:9000'
[shot] tds-553-gw1 (1024x768)
[16:03:35] [tds] screen tds-553-gw1 : TallyPrime MANAGE EDU K: Company Gatewa of Tall CURRENT PERIOD I-Apr-26 to 31-Mar-27 NAME OF COMPANY FinCom Spike Co Y: Data Z: Exchange O: Import E: Export M: Share p: print Fl: Help Date aaala Q CURRENT OATE Friday, 2-Oct-2026 2-Oct-26 Search Gateway of Tally MASTERS Create Alter CHart of Accounts TRANSACTIONS Vouchers Day 800K UTILITIES BaNking REPORTS Balance Sheet Profit & Loss A/c Stock Summary Ratio Analysis Display More Reports DashbOard Quit Unity Company to ru 756a- OLIO— acep 0670- FOLIO— acep .337. -a30 ning bbb75 ing j _id" : 3-011' 0670- Mode Windows Server 2025 Datacenter Build ...
  voucher mid=1 aid=1 Journal/1/20260401 guid=a381c3ad-1c49-482a-8d4f-cb1da1df58a6-00000001 cancelled=False
  voucher mid=2 aid=2 Journal/2/20261001 guid=a381c3ad-1c49-482a-8d4f-cb1da1df58a6-00000002 cancelled=False
  voucher mid=3 aid=3 Journal/3/20261001 guid=a381c3ad-1c49-482a-8d4f-cb1da1df58a6-00000003 cancelled=False
  voucher mid=4 aid=4 Journal/4/20261001 guid=a381c3ad-1c49-482a-8d4f-cb1da1df58a6-00000004 cancelled=False
  voucher mid=5 aid=5 Journal/5/20261001 guid=a381c3ad-1c49-482a-8d4f-cb1da1df58a6-00000005 cancelled=False
  voucher mid=6 aid=6 Payroll/1/20261001 guid=a381c3ad-1c49-482a-8d4f-cb1da1df58a6-00000006 cancelled=False
  voucher mid=7 aid=25 Receipt/1/20261002 guid=a381c3ad-1c49-482a-8d4f-cb1da1df58a6-00000007 cancelled=False
  voucher mid=8 aid=23 Receipt/2/20261002 guid=a381c3ad-1c49-482a-8d4f-cb1da1df58a6-00000008 cancelled=False
  voucher mid=9 aid=9 Payment/1/20261002 guid=a381c3ad-1c49-482a-8d4f-cb1da1df58a6-00000009 cancelled=False
  voucher mid=10 aid=10 Payment/2/20261002 guid=a381c3ad-1c49-482a-8d4f-cb1da1df58a6-0000000a cancelled=False
  voucher mid=11 aid=11 Contra/1/20261002 guid=a381c3ad-1c49-482a-8d4f-cb1da1df58a6-0000000b cancelled=False
  voucher mid=12 aid=12 Journal/6/20261002 guid=a381c3ad-1c49-482a-8d4f-cb1da1df58a6-0000000c cancelled=False
  voucher mid=13 aid=13 Journal/7/20261002 guid=a381c3ad-1c49-482a-8d4f-cb1da1df58a6-0000000d cancelled=False
  voucher mid=14 aid=24 Sales/1/20261002 guid=a381c3ad-1c49-482a-8d4f-cb1da1df58a6-0000000e cancelled=False
  voucher mid=15 aid=15 Sales/2/20261002 guid=a381c3ad-1c49-482a-8d4f-cb1da1df58a6-0000000f cancelled=False
  voucher mid=16 aid=16 Sales/3/20261002 guid=a381c3ad-1c49-482a-8d4f-cb1da1df58a6-00000010 cancelled=False
  voucher mid=17 aid=17 Purchase/1/20261002 guid=a381c3ad-1c49-482a-8d4f-cb1da1df58a6-00000011 cancelled=False
  voucher mid=18 aid=18 Purchase/2/20261002 guid=a381c3ad-1c49-482a-8d4f-cb1da1df58a6-00000012 cancelled=False
  voucher mid=19 aid=19 Sales/4/20261002 guid=a381c3ad-1c49-482a-8d4f-cb1da1df58a6-00000013 cancelled=False
  voucher mid=20 aid=20 Credit Note/1/20261002 guid=a381c3ad-1c49-482a-8d4f-cb1da1df58a6-00000014 cancelled=False
  voucher mid=21 aid=21 Journal/8/20261002 guid=a381c3ad-1c49-482a-8d4f-cb1da1df58a6-00000015 cancelled=False
  voucher mid=22 aid=22 Receipt/3/20261002 guid=a381c3ad-1c49-482a-8d4f-cb1da1df58a6-00000016 cancelled=False
  INFO share alter-receipt-agst (alteration: the receipt against SB-1 saved again unchanged (opened, Ctrl+A)): Tally Receipt 1 mid 7; stored party 'Share Party' bills [Agst Ref]; the line party 'Share Party' bills [Agst Ref]; lines voucher_accept_post x1, voucher_accept_pre x1, voucher_full x1
  voucher mid=1 aid=1 Journal/1/20260401 guid=a381c3ad-1c49-482a-8d4f-cb1da1df58a6-00000001 cancelled=False
  voucher mid=2 aid=2 Journal/2/20261001 guid=a381c3ad-1c49-482a-8d4f-cb1da1df58a6-00000002 cancelled=False
  voucher mid=3 aid=3 Journal/3/20261001 guid=a381c3ad-1c49-482a-8d4f-cb1da1df58a6-00000003 cancelled=False
  voucher mid=4 aid=4 Journal/4/20261001 guid=a381c3ad-1c49-482a-8d4f-cb1da1df58a6-00000004 cancelled=False
  voucher mid=5 aid=5 Journal/5/20261001 guid=a381c3ad-1c49-482a-8d4f-cb1da1df58a6-00000005 cancelled=False
  voucher mid=6 aid=6 Payroll/1/20261001 guid=a381c3ad-1c49-482a-8d4f-cb1da1df58a6-00000006 cancelled=False
  voucher mid=7 aid=25 Receipt/1/20261002 guid=a381c3ad-1c49-482a-8d4f-cb1da1df58a6-00000007 cancelled=False
  voucher mid=8 aid=23 Receipt/2/20261002 guid=a381c3ad-1c49-482a-8d4f-cb1da1df58a6-00000008 cancelled=False
  voucher mid=9 aid=9 Payment/1/20261002 guid=a381c3ad-1c49-482a-8d4f-cb1da1df58a6-00000009 cancelled=False
  voucher mid=10 aid=10 Payment/2/20261002 guid=a381c3ad-1c49-482a-8d4f-cb1da1df58a6-0000000a cancelled=False
  voucher mid=11 aid=11 Contra/1/20261002 guid=a381c3ad-1c49-482a-8d4f-cb1da1df58a6-0000000b cancelled=False
  voucher mid=12 aid=12 Journal/6/20261002 guid=a381c3ad-1c49-482a-8d4f-cb1da1df58a6-0000000c cancelled=False
  voucher mid=13 aid=13 Journal/7/20261002 guid=a381c3ad-1c49-482a-8d4f-cb1da1df58a6-0000000d cancelled=False
  voucher mid=14 aid=24 Sales/1/20261002 guid=a381c3ad-1c49-482a-8d4f-cb1da1df58a6-0000000e cancelled=False
  voucher mid=15 aid=15 Sales/2/20261002 guid=a381c3ad-1c49-482a-8d4f-cb1da1df58a6-0000000f cancelled=False
  voucher mid=16 aid=16 Sales/3/20261002 guid=a381c3ad-1c49-482a-8d4f-cb1da1df58a6-00000010 cancelled=False
  voucher mid=17 aid=17 Purchase/1/20261002 guid=a381c3ad-1c49-482a-8d4f-cb1da1df58a6-00000011 cancelled=False
  voucher mid=18 aid=18 Purchase/2/20261002 guid=a381c3ad-1c49-482a-8d4f-cb1da1df58a6-00000012 cancelled=False
  voucher mid=19 aid=19 Sales/4/20261002 guid=a381c3ad-1c49-482a-8d4f-cb1da1df58a6-00000013 cancelled=False
  voucher mid=20 aid=20 Credit Note/1/20261002 guid=a381c3ad-1c49-482a-8d4f-cb1da1df58a6-00000014 cancelled=False
  voucher mid=21 aid=21 Journal/8/20261002 guid=a381c3ad-1c49-482a-8d4f-cb1da1df58a6-00000015 cancelled=False
  voucher mid=22 aid=22 Receipt/3/20261002 guid=a381c3ad-1c49-482a-8d4f-cb1da1df58a6-00000016 cancelled=False
[16:03:38] ---- share copy-payroll: Alt+2 copy of the payroll entry (five employees, two pay heads)
  voucher mid=1 aid=1 Journal/1/20260401 guid=a381c3ad-1c49-482a-8d4f-cb1da1df58a6-00000001 cancelled=False
  voucher mid=2 aid=2 Journal/2/20261001 guid=a381c3ad-1c49-482a-8d4f-cb1da1df58a6-00000002 cancelled=False
  voucher mid=3 aid=3 Journal/3/20261001 guid=a381c3ad-1c49-482a-8d4f-cb1da1df58a6-00000003 cancelled=False
  voucher mid=4 aid=4 Journal/4/20261001 guid=a381c3ad-1c49-482a-8d4f-cb1da1df58a6-00000004 cancelled=False
  voucher mid=5 aid=5 Journal/5/20261001 guid=a381c3ad-1c49-482a-8d4f-cb1da1df58a6-00000005 cancelled=False
  voucher mid=6 aid=6 Payroll/1/20261001 guid=a381c3ad-1c49-482a-8d4f-cb1da1df58a6-00000006 cancelled=False
  voucher mid=7 aid=25 Receipt/1/20261002 guid=a381c3ad-1c49-482a-8d4f-cb1da1df58a6-00000007 cancelled=False
  voucher mid=8 aid=23 Receipt/2/20261002 guid=a381c3ad-1c49-482a-8d4f-cb1da1df58a6-00000008 cancelled=False
  voucher mid=9 aid=9 Payment/1/20261002 guid=a381c3ad-1c49-482a-8d4f-cb1da1df58a6-00000009 cancelled=False
  voucher mid=10 aid=10 Payment/2/20261002 guid=a381c3ad-1c49-482a-8d4f-cb1da1df58a6-0000000a cancelled=False
  voucher mid=11 aid=11 Contra/1/20261002 guid=a381c3ad-1c49-482a-8d4f-cb1da1df58a6-0000000b cancelled=False
  voucher mid=12 aid=12 Journal/6/20261002 guid=a381c3ad-1c49-482a-8d4f-cb1da1df58a6-0000000c cancelled=False
  voucher mid=13 aid=13 Journal/7/20261002 guid=a381c3ad-1c49-482a-8d4f-cb1da1df58a6-0000000d cancelled=False
  voucher mid=14 aid=24 Sales/1/20261002 guid=a381c3ad-1c49-482a-8d4f-cb1da1df58a6-0000000e cancelled=False
  voucher mid=15 aid=15 Sales/2/20261002 guid=a381c3ad-1c49-482a-8d4f-cb1da1df58a6-0000000f cancelled=False
  voucher mid=16 aid=16 Sales/3/20261002 guid=a381c3ad-1c49-482a-8d4f-cb1da1df58a6-00000010 cancelled=False
  voucher mid=17 aid=17 Purchase/1/20261002 guid=a381c3ad-1c49-482a-8d4f-cb1da1df58a6-00000011 cancelled=False
  voucher mid=18 aid=18 Purchase/2/20261002 guid=a381c3ad-1c49-482a-8d4f-cb1da1df58a6-00000012 cancelled=False
  voucher mid=19 aid=19 Sales/4/20261002 guid=a381c3ad-1c49-482a-8d4f-cb1da1df58a6-00000013 cancelled=False
  voucher mid=20 aid=20 Credit Note/1/20261002 guid=a381c3ad-1c49-482a-8d4f-cb1da1df58a6-00000014 cancelled=False
  voucher mid=21 aid=21 Journal/8/20261002 guid=a381c3ad-1c49-482a-8d4f-cb1da1df58a6-00000015 cancelled=False
  voucher mid=22 aid=22 Receipt/3/20261002 guid=a381c3ad-1c49-482a-8d4f-cb1da1df58a6-00000016 cancelled=False
[shot] tds-554-gw0 (1024x768)
[16:03:39] [tds] screen tds-554-gw0 : TallyPrime MANAGE EDU K: Company Gatewa of Tall CURRENT PERIOD I-Apr-26 to 31-Mar-27 NAME OF COMPANY FinCom Spike Co Y: Data Z: Exchange O: Import E: Export M: Share p: print Fl: Help Date aaala Q CURRENT OATE Friday, 2-Oct-2026 2-Oct-26 Search Gateway of Tally MASTERS Create Alter CHart of Accounts TRANSACTIONS Vouchers Day 800K UTILITIES BaNking REPORTS Balance Sheet Profit & Loss A/c Stock Summary Ratio Analysis Display More Reports DashbOard Quit Unity Company to ru 756a- OLIO— acep 0670- FOLIO— acep .337. -a30 ning bbb75 ing j _id" : 3-011' 0670- Mode Windows Server 2025 Datacenter Build ...
[keys] '%g' -> Tally 'TallyPrime:9000'
[shot] tds-555-Y1-goto (1024x768)
[16:03:43] [tds] screen tds-555-Y1-goto : R CEDU Unity Quit TallyPrime MANAGE K: Company List of Re Y: Data Its Z: Exchange O: Import E: Export M: Share p: print Fl: Help x Saved Views Bills Payable - GST Bills Payable - GST - Sundry Creditors Bills Payable - GST - Sundry Debtors Bills Receivable - GST Bills Receivable - GST - Sundry Creditors Bills Receivable - GST - Sundry Debtors Purchase Dashboard Sales Dashboard Ledger Vouchers - GST Details Outstanding MSME Bills Common Reports Dashboard Balance Sheet Profit & Loss A/c Cash/Bank Book Day Book Ledger Vouchers Ledger Vouchers - GST Stock Summary Trial Balance Bills Receivable FinC...
[keys] 'Day Book' -> Tally 'TallyPrime:9000'
[keys] '{ENTER}' -> Tally 'TallyPrime:9000'
[shot] tds-556-Y1-daybook (1024x768)
[16:03:50] [tds] screen tds-556-Y1-daybook : TallyPrime MANAGE EDU K: Company Da Book . Day Book Y: Data Space: Sekd Z: Exchange A Add Vch Q Search FinCom • ke Co Vch Type Contra Payment Payment Receipt Receipt Receipt Journal Journal Journal Credit Note Sales Sales Sales Sales Purchase Purchase O: Import Vch No. 1 1 2 1 2 3 6 7 8 1 1 2 3 4 1 2 E: Export M: Share P: Print For 2-Oct-26 Fl: Help F2: Date aaala Company to ru Voucher Date 2-Oct-26 2-Oct-26 2-Oct-26 2-Oct-26 2-Oct-26 2-Oct-26 2-Oct-26 2-Oct-26 2-Oct-26 2-Oct-26 2-Oct-26 2-Oct-26 2-Oct-26 2-Oct-26 2-Oct-26 2-Oct-26 Unity Quit Particulars Cash Share Supplier Share Expense Share...
[keys] '{F2}' -> Tally 'TallyPrime:9000'
[shot] tds-557-Y1-db-date (1024x768)
[16:03:53] [tds] screen tds-557-Y1-db-date : TallyPrime MANAGE EDU K: Company Change Date Unity Quit Y: Data Z: Exchange A Accept Q Search O: Import E: Export M: Share p: print Fl: Help FinCom Spike Co Change Date 2-10-2026 aaala to ru 756a- OLIO— acep 0670- FOLIO— acep .337. -a30 ning bbb75 ing j _id" : 3-011' 0670- Mode Windows Server 2025 Datacenter Build 26100.ge_release240331-1435 4:03 PM 10/8/2026
[keys] '1-10-2026{ENTER}' -> Tally 'TallyPrime:9000'
[shot] tds-558-Y1-db-dated (1024x768)
[16:03:58] [tds] screen tds-558-Y1-db-dated : TallyPrime MANAGE EDU K: Company Da Book . Day Book Y: Data Space: Sekd Z: Exchange A Add Vch Q Search FinCom • ke Co Vch Type Journal Journal Journal Journal Payroll O: Import Vch No. 2 3 4 5 1 E: Export M: Share P: Print For 10ct-26 Fl: Help F2: Date aaala Company to ru Voucher Date I-Oct-26 I-Oct-26 I-Oct-26 I-Oct-26 I-Oct-26 Quit Particulars Share Party Share Supplier Share Party Share Supplier Share Basic Enter: Alter Debit Amount Credit Amount Inwards Qty_ Outwards Qt 5,000.00 1,000.00 5,000.00 4,000.00 1,000.00 U: Restore Line Type F 7: Show profit 756a- OLIO— acep 0670- F8: Columnar FO...
[keys] '{END}' -> Tally 'TallyPrime:9000'
[shot] tds-559-Y1-db-last (1024x768)
[16:04:01] [tds] screen tds-559-Y1-db-last : TallyPrime MANAGE EDU K: Company Da Book . Day Book Y: Data Space: Sekd Z: Exchange A Add Vch Q Search FinCom • ke Co Vch Type Journal Journal Journal Journal Payroll O: Import Vch No. 2 3 4 5 E: Export M: Share P: Print For 10ct-26 Fl: Help F2: Date aaala Company to ru Voucher Date I-Oct-26 I-Oct-26 I-Oct-26 I-Oct-26 I-Oct-26 Quit Particulars Share Party Share Supplier Share Party Share Supplier Share Basic Enter: Alter Debit Amount Credit Amount Inwards Qty_ Outwards Qt 5,000.00 1,000.00 5,000.00 4,000.00 1,000.00 U: Restore Line Type F 7: Show profit 756a- OLIO— acep 0670- F8: Columnar FOLI...
[keys] '%2' -> Tally 'TallyPrime:9000'
[shot] tds-560-Y1-copy (1024x768)
[16:04:05] [tds] screen tds-560-Y1-copy : TallyPrime MANAGE EDU K: Company Y: Data Payroll Voucher Creation (Duplication) Unity Quit Z: Exchange FinCom Spike Co You need to enable the Payroll feature for your Company. Enable now? Yes or No Q Search O: Import E: Export M: Share p: print Fl: Help aaala to ru 756a- OLIO— acep 0670- FOLIO— acep .337. -a30 ning bbb75 ing j _id" : 3-011' 0670- Mode Windows Server 2025 Datacenter Build 26100.ge_release240331-1435 4:04 PM 10/8/2026
[keys] '^a' -> Tally 'TallyPrime:9000'
[shot] tds-561-Y1-accept1 (1024x768)
[16:04:10] [tds] screen tds-561-Y1-accept1 : M: Share 76 TallyPrime MANAGE EDU K: Company Y: Data Payroll Voucher Creation (Duplication) Pa roll No. 2 Z: Exchange 1,000.00 Dr CurBal: 500.00 Dr CurBal: 1,000.00 Dr CurBal: 500.00 Dr CurBal: 1,000.00 Dr CurBal: 500.00 Dr CurBal: 1,000.00 Dr CurBal: 500.00 Dr CurBal: 1,000.00 Dr CurBal: 500.00 Dr CurBal: A Accept Q Search FinCom Spike Co 1,000.00 Dr 500.00 Dr 1,000.00 Dr 500.00 Dr 1,000.00 Dr 500.00 Dr 1,000.00 Dr 500.00 Dr 1,000.00 Dr 500.00 Dr O: Import E: Export List of Led er Accounts Cash Share Bank p: print x Create Fl: Help Date aaala Company to ru • Account. CurBal: 7,500.00 Cr Parti...
[shot] tds-562-Y1-after1 (1024x768)
[16:04:11] [tds] screen tds-562-Y1-after1 : M: Share 76 TallyPrime MANAGE EDU K: Company Y: Data Payroll Voucher Creation (Duplication) Pa roll No. 2 Z: Exchange 1,000.00 Dr CurBal: 500.00 Dr CurBal: 1,000.00 Dr CurBal: 500.00 Dr CurBal: 1,000.00 Dr CurBal: 500.00 Dr CurBal: 1,000.00 Dr CurBal: 500.00 Dr CurBal: 1,000.00 Dr CurBal: 500.00 Dr CurBal: A Accept Q Search FinCom Spike Co 1,000.00 Dr 500.00 Dr 1,000.00 Dr 500.00 Dr 1,000.00 Dr 500.00 Dr 1,000.00 Dr 500.00 Dr 1,000.00 Dr 500.00 Dr O: Import E: Export List of Led er Accounts Cash Share Bank p: print x Create Fl: Help Date aaala Company to ru • Account. CurBal: 7,500.00 Cr Parti...
[keys] '^a' -> Tally 'TallyPrime:9000'
[shot] tds-563-Y1-accept2 (1024x768)
[16:04:16] [tds] screen tds-563-Y1-accept2 : TallyPrime MANAGE EDU K: Company Da Book . Day Book Y: Data Space: Sekd Z: Exchange A Add Vch Q Search FinCom • ke Co Vch Type Journal Journal Journal Journal Payroll Payroll O: Import Vch No. 2 3 4 5 1 2 E: Export M: Share P: Print For 10ct-26 Fl: Help F2: Date aaala Company to ru Voucher Date I-Oct-26 I-Oct-26 I-Oct-26 I-Oct-26 I-Oct-26 I-Oct-26 Quit Particulars Share Party Share Supplier Share Party Share Supplier Share Basic Share Basic Enter: Alter Debit Amount Credit Amount Inwards Qty_ Outwards Qt 5,000.00 1,000.00 5,000.00 5,000.00 4,000.00 1,000.00 U: Restore Line Type F 7: Show profi...
[shot] tds-564-Y1-after2 (1024x768)
[16:04:17] [tds] screen tds-564-Y1-after2 : TallyPrime MANAGE EDU K: Company Da Book . Day Book Y: Data Space: Sekd Z: Exchange A Add Vch Q Search FinCom • ke Co Vch Type Journal Journal Journal Journal Payroll Payroll O: Import Vch No. 2 3 4 5 1 2 E: Export M: Share P: Print For 10ct-26 Fl: Help F2: Date aaala Company to ru Voucher Date I-Oct-26 I-Oct-26 I-Oct-26 I-Oct-26 I-Oct-26 I-Oct-26 Quit Particulars Share Party Share Supplier Share Party Share Supplier Share Basic Share Basic Enter: Alter Debit Amount Credit Amount Inwards Qty_ Outwards Qt 5,000.00 1,000.00 5,000.00 5,000.00 4,000.00 1,000.00 U: Restore Line Type F 7: Show profi...
[shot] tds-565-gw0 (1024x768)
[16:04:17] [tds] screen tds-565-gw0 : TallyPrime MANAGE EDU K: Company Da Book . Day Book Y: Data Space: Sekd Z: Exchange A Add Vch Q Search FinCom • ke Co Vch Type Journal Journal Journal Journal Payroll Payroll O: Import Vch No. 2 3 4 5 1 2 E: Export M: Share P: Print For 10ct-26 Fl: Help F2: Date aaala Company to ru Voucher Date I-Oct-26 I-Oct-26 I-Oct-26 I-Oct-26 I-Oct-26 I-Oct-26 Quit Particulars Share Party Share Supplier Share Party Share Supplier Share Basic Share Basic Enter: Alter Debit Amount Credit Amount Inwards Qty_ Outwards Qt 5,000.00 1,000.00 5,000.00 5,000.00 4,000.00 1,000.00 U: Restore Line Type F 7: Show profi...
[keys] '{ESC}' -> Tally 'TallyPrime:9000'
[shot] tds-566-gw1 (1024x768)
[16:04:21] [tds] screen tds-566-gw1 : TallyPrime MANAGE EDU K: Company Gatewa of Tall CURRENT PERIOD I-Apr-26 to 31-Mar-27 NAME OF COMPANY FinCom Spike Co Y: Data Z: Exchange CURRENT OATE Thursday, I-Oct-2026 O: Import E: Export M: Share p: print Fl: Help Date aaala Gateway of Tally MASTERS Create Alter CHart of Accounts TRANSACTIONS Vouchers Day 800K UTILITIES BaNking REPORTS Balance Sheet Profit & Loss A/c Stock Summary Ratio Analysis Display More Reports DashbOard Quit Unity Q 2-Oct-26 Search Company to ru 756a- OLIO— acep 0670- FOLIO— acep .337. -a30 ning bbb75 ing j _id" : 3-011' 0670- Mode Windows Server 2025 Datacenter Buil...
  voucher mid=1 aid=1 Journal/1/20260401 guid=a381c3ad-1c49-482a-8d4f-cb1da1df58a6-00000001 cancelled=False
  voucher mid=2 aid=2 Journal/2/20261001 guid=a381c3ad-1c49-482a-8d4f-cb1da1df58a6-00000002 cancelled=False
  voucher mid=3 aid=3 Journal/3/20261001 guid=a381c3ad-1c49-482a-8d4f-cb1da1df58a6-00000003 cancelled=False
  voucher mid=4 aid=4 Journal/4/20261001 guid=a381c3ad-1c49-482a-8d4f-cb1da1df58a6-00000004 cancelled=False
  voucher mid=5 aid=5 Journal/5/20261001 guid=a381c3ad-1c49-482a-8d4f-cb1da1df58a6-00000005 cancelled=False
  voucher mid=6 aid=6 Payroll/1/20261001 guid=a381c3ad-1c49-482a-8d4f-cb1da1df58a6-00000006 cancelled=False
  voucher mid=23 aid=26 Payroll/2/20261001 guid=a381c3ad-1c49-482a-8d4f-cb1da1df58a6-00000017 cancelled=False
  voucher mid=7 aid=25 Receipt/1/20261002 guid=a381c3ad-1c49-482a-8d4f-cb1da1df58a6-00000007 cancelled=False
  voucher mid=8 aid=23 Receipt/2/20261002 guid=a381c3ad-1c49-482a-8d4f-cb1da1df58a6-00000008 cancelled=False
  voucher mid=9 aid=9 Payment/1/20261002 guid=a381c3ad-1c49-482a-8d4f-cb1da1df58a6-00000009 cancelled=False
  voucher mid=10 aid=10 Payment/2/20261002 guid=a381c3ad-1c49-482a-8d4f-cb1da1df58a6-0000000a cancelled=False
  voucher mid=11 aid=11 Contra/1/20261002 guid=a381c3ad-1c49-482a-8d4f-cb1da1df58a6-0000000b cancelled=False
  voucher mid=12 aid=12 Journal/6/20261002 guid=a381c3ad-1c49-482a-8d4f-cb1da1df58a6-0000000c cancelled=False
  voucher mid=13 aid=13 Journal/7/20261002 guid=a381c3ad-1c49-482a-8d4f-cb1da1df58a6-0000000d cancelled=False
  voucher mid=14 aid=24 Sales/1/20261002 guid=a381c3ad-1c49-482a-8d4f-cb1da1df58a6-0000000e cancelled=False
  voucher mid=15 aid=15 Sales/2/20261002 guid=a381c3ad-1c49-482a-8d4f-cb1da1df58a6-0000000f cancelled=False
  voucher mid=16 aid=16 Sales/3/20261002 guid=a381c3ad-1c49-482a-8d4f-cb1da1df58a6-00000010 cancelled=False
  voucher mid=17 aid=17 Purchase/1/20261002 guid=a381c3ad-1c49-482a-8d4f-cb1da1df58a6-00000011 cancelled=False
  voucher mid=18 aid=18 Purchase/2/20261002 guid=a381c3ad-1c49-482a-8d4f-cb1da1df58a6-00000012 cancelled=False
  voucher mid=19 aid=19 Sales/4/20261002 guid=a381c3ad-1c49-482a-8d4f-cb1da1df58a6-00000013 cancelled=False
  voucher mid=20 aid=20 Credit Note/1/20261002 guid=a381c3ad-1c49-482a-8d4f-cb1da1df58a6-00000014 cancelled=False
  voucher mid=21 aid=21 Journal/8/20261002 guid=a381c3ad-1c49-482a-8d4f-cb1da1df58a6-00000015 cancelled=False
  voucher mid=22 aid=22 Receipt/3/20261002 guid=a381c3ad-1c49-482a-8d4f-cb1da1df58a6-00000016 cancelled=False
  INFO share copy-payroll (Alt+2 copy of the payroll entry (five employees, two pay heads)): Tally Payroll 2 mid 23; stored party 'Cash' bills []; the line party 'Cash' bills []; lines voucher_accept_post x1, voucher_full x1
[16:04:24] ---- share alter-payroll: alteration: the payroll entry saved again unchanged (opened, Ctrl+A)
  voucher mid=1 aid=1 Journal/1/20260401 guid=a381c3ad-1c49-482a-8d4f-cb1da1df58a6-00000001 cancelled=False
  voucher mid=2 aid=2 Journal/2/20261001 guid=a381c3ad-1c49-482a-8d4f-cb1da1df58a6-00000002 cancelled=False
  voucher mid=3 aid=3 Journal/3/20261001 guid=a381c3ad-1c49-482a-8d4f-cb1da1df58a6-00000003 cancelled=False
  voucher mid=4 aid=4 Journal/4/20261001 guid=a381c3ad-1c49-482a-8d4f-cb1da1df58a6-00000004 cancelled=False
  voucher mid=5 aid=5 Journal/5/20261001 guid=a381c3ad-1c49-482a-8d4f-cb1da1df58a6-00000005 cancelled=False
  voucher mid=6 aid=6 Payroll/1/20261001 guid=a381c3ad-1c49-482a-8d4f-cb1da1df58a6-00000006 cancelled=False
  voucher mid=23 aid=26 Payroll/2/20261001 guid=a381c3ad-1c49-482a-8d4f-cb1da1df58a6-00000017 cancelled=False
  voucher mid=7 aid=25 Receipt/1/20261002 guid=a381c3ad-1c49-482a-8d4f-cb1da1df58a6-00000007 cancelled=False
  voucher mid=8 aid=23 Receipt/2/20261002 guid=a381c3ad-1c49-482a-8d4f-cb1da1df58a6-00000008 cancelled=False
  voucher mid=9 aid=9 Payment/1/20261002 guid=a381c3ad-1c49-482a-8d4f-cb1da1df58a6-00000009 cancelled=False
  voucher mid=10 aid=10 Payment/2/20261002 guid=a381c3ad-1c49-482a-8d4f-cb1da1df58a6-0000000a cancelled=False
  voucher mid=11 aid=11 Contra/1/20261002 guid=a381c3ad-1c49-482a-8d4f-cb1da1df58a6-0000000b cancelled=False
  voucher mid=12 aid=12 Journal/6/20261002 guid=a381c3ad-1c49-482a-8d4f-cb1da1df58a6-0000000c cancelled=False
  voucher mid=13 aid=13 Journal/7/20261002 guid=a381c3ad-1c49-482a-8d4f-cb1da1df58a6-0000000d cancelled=False
  voucher mid=14 aid=24 Sales/1/20261002 guid=a381c3ad-1c49-482a-8d4f-cb1da1df58a6-0000000e cancelled=False
  voucher mid=15 aid=15 Sales/2/20261002 guid=a381c3ad-1c49-482a-8d4f-cb1da1df58a6-0000000f cancelled=False
  voucher mid=16 aid=16 Sales/3/20261002 guid=a381c3ad-1c49-482a-8d4f-cb1da1df58a6-00000010 cancelled=False
  voucher mid=17 aid=17 Purchase/1/20261002 guid=a381c3ad-1c49-482a-8d4f-cb1da1df58a6-00000011 cancelled=False
  voucher mid=18 aid=18 Purchase/2/20261002 guid=a381c3ad-1c49-482a-8d4f-cb1da1df58a6-00000012 cancelled=False
  voucher mid=19 aid=19 Sales/4/20261002 guid=a381c3ad-1c49-482a-8d4f-cb1da1df58a6-00000013 cancelled=False
  voucher mid=20 aid=20 Credit Note/1/20261002 guid=a381c3ad-1c49-482a-8d4f-cb1da1df58a6-00000014 cancelled=False
  voucher mid=21 aid=21 Journal/8/20261002 guid=a381c3ad-1c49-482a-8d4f-cb1da1df58a6-00000015 cancelled=False
  voucher mid=22 aid=22 Receipt/3/20261002 guid=a381c3ad-1c49-482a-8d4f-cb1da1df58a6-00000016 cancelled=False
[shot] tds-567-gw0 (1024x768)
[16:04:25] [tds] screen tds-567-gw0 : TallyPrime MANAGE EDU K: Company Gatewa of Tall CURRENT PERIOD I-Apr-26 to 31-Mar-27 NAME OF COMPANY FinCom Spike Co Y: Data Z: Exchange CURRENT OATE Thursday, I-Oct-2026 O: Import E: Export M: Share p: print Fl: Help Date aaala Gateway of Tally MASTERS Create Alter CHart of Accounts TRANSACTIONS Vouchers Day 800K UTILITIES BaNking REPORTS Balance Sheet Profit & Loss A/c Stock Summary Ratio Analysis Display More Reports DashbOard Quit Unity Q 2-Oct-26 Search Company to ru 756a- OLIO— acep 0670- FOLIO— acep .337. -a30 ning bbb75 ing j _id" : 3-011' 0670- Mode Windows Server 2025 Datacenter Buil...
[keys] '%g' -> Tally 'TallyPrime:9000'
[shot] tds-568-Y2-goto (1024x768)
[16:04:29] [tds] screen tds-568-Y2-goto : R CEDU Unity Quit TallyPrime MANAGE K: Company List of Re Y: Data Its Z: Exchange O: Import E: Export M: Share p: print Fl: Help x Saved Views Bills Payable - GST Bills Payable - GST - Sundry Creditors Bills Payable - GST - Sundry Debtors Bills Receivable - GST Bills Receivable - GST - Sundry Creditors Bills Receivable - GST - Sundry Debtors Purchase Dashboard Sales Dashboard Ledger Vouchers - GST Details Outstanding MSME Bills Common Reports Dashboard Balance Sheet Profit & Loss A/c Cash/Bank Book Day Book Ledger Vouchers Ledger Vouchers - GST Stock Summary Trial Balance Bills Receivable FinC...
[keys] 'Day Book' -> Tally 'TallyPrime:9000'
[keys] '{ENTER}' -> Tally 'TallyPrime:9000'
[shot] tds-569-Y2-daybook (1024x768)
[16:04:36] [tds] screen tds-569-Y2-daybook : TallyPrime MANAGE EDU K: Company Da Book . Day Book Y: Data Space: Sekd Z: Exchange A Add Vch Q Search FinCom • ke Co Vch Type Journal Journal Journal Journal Payroll Payroll O: Import Vch No. 2 3 4 5 1 2 E: Export M: Share P: Print For 10ct-26 Fl: Help F2: Date aaala Company to ru Voucher Date I-Oct-26 I-Oct-26 I-Oct-26 I-Oct-26 I-Oct-26 I-Oct-26 Quit Particulars Share Party Share Supplier Share Party Share Supplier Share Basic Share Basic Enter: Alter Debit Amount Credit Amount Inwards Qty_ Outwards Qt 5,000.00 1,000.00 5,000.00 5,000.00 4,000.00 1,000.00 U: Restore Line Type F 7: Show profi...
[keys] '{F2}' -> Tally 'TallyPrime:9000'
[shot] tds-570-Y2-db-date (1024x768)
[16:04:39] [tds] screen tds-570-Y2-db-date : TallyPrime MANAGE EDU K: Company Change Date Unity Quit Y: Data Z: Exchange A Accept Q Search O: Import E: Export M: Share p: print Fl: Help FinCom Spike Co Change Date 1-10-2026 aaala to ru 756a- OLIO— acep 0670- FOLIO— acep .337. -a30 ning bbb75 ing j _id" : 3-011' 0670- Mode Windows Server 2025 Datacenter Build 26100.ge_release240331-1435 4:04 PM 10/8/2026
[keys] '1-10-2026{ENTER}' -> Tally 'TallyPrime:9000'
[shot] tds-571-Y2-db-dated (1024x768)
[16:04:43] [tds] screen tds-571-Y2-db-dated : TallyPrime MANAGE EDU K: Company Da Book . Day Book Y: Data Space: Sekd Z: Exchange A Add Vch Q Search FinCom • ke Co Vch Type Journal Journal Journal Journal Payroll Payroll O: Import Vch No. 2 3 4 5 1 2 E: Export M: Share P: Print For 10ct-26 Fl: Help F2: Date aaala Company to ru Voucher Date I-Oct-26 I-Oct-26 I-Oct-26 I-Oct-26 I-Oct-26 I-Oct-26 Quit Particulars Share Party Share Supplier Share Party Share Supplier Share Basic Share Basic Enter: Alter Debit Amount Credit Amount Inwards Qty_ Outwards Qt 5,000.00 1,000.00 5,000.00 5,000.00 4,000.00 1,000.00 U: Restore Line Type F 7: Show profi...
[keys] '{END}' -> Tally 'TallyPrime:9000'
[shot] tds-572-Y2-db-last (1024x768)
[16:04:46] [tds] screen tds-572-Y2-db-last : TallyPrime MANAGE EDU K: Company Da Book . Day Book Y: Data Space: Sekd Z: Exchange A Add Vch Q Search FinCom • ke Co Vch Type Journal Journal Journal Journal Payroll Payroll O: Import Vch No. 2 3 4 5 1 2 E: Export M: Share P: Print For 10ct-26 Fl: Help F2: Date aaala Company to ru Voucher Date I-Oct-26 I-Oct-26 I-Oct-26 I-Oct-26 I-Oct-26 I-Oct-26 Quit Particulars Share Party Share Supplier Share Party Share Supplier Share Basic Share Basic Enter: Alter Debit Amount Credit Amount Inwards Qty_ Outwards Qt 5,000.00 1,000.00 5,000.00 5,000.00 4,000.00 1,000.00 U: Restore Line Type F 7: Show profi...
[keys] '{UP}' -> Tally 'TallyPrime:9000'
[shot] tds-573-Y2-up (1024x768)
[16:04:50] [tds] screen tds-573-Y2-up : TallyPrime MANAGE EDU K: Company Da Book . Day Book Y: Data Space: Sekd Z: Exchange A Add Vch Q Search FinCom • ke Co Vch Type Journal Journal Journal Journal Payroll Payroll O: Import Vch No. 2 3 4 5 1 2 E: Export M: Share P: Print For 10ct-26 Fl: Help F2: Date aaala Company to ru Voucher Date I-Oct-26 I-Oct-26 I-Oct-26 I-Oct-26 I-Oct-26 I-Oct-26 Quit Particulars Share Party Share Supplier Share Party Share Supplier Share Basic Share Basic Enter: Alter Debit Amount Credit Amount Inwards Qty_ Outwards Qt 5,000.00 1,000.00 5,000.00 5,000.00 4,000.00 1,000.00 U: Restore Line Type F 7: Show profi...
[keys] '{ENTER}' -> Tally 'TallyPrime:9000'
[shot] tds-574-Y2-open (1024x768)
[16:04:54] [tds] screen tds-574-Y2-open : O: Import FinCom Spike Co 76 TallyPrime MANAGE EDU K: Company Y: Data Payroll Voucher Alteration (Secondary) Pa roll No. 1 Z: Exchange A Accept Q Search E: Export M: Share p: print x 1-Oct-26 Thursday Credit 7,500.00 7,500.00 Fl: Help Date aaala Company to ru • Dr Cr Particulars Share Basic CurBa1: 10,000.00 Dr Debit 5,000.00 2,500.00 7,500.00 F4: Contra F5: Payment Receipt Journal Sales 756a- OLIO— acep 0670- Share Emp 1 Share Emp 2 Share Emp 3 Share Emp 4 Share Emp 5 Share HRA CurBal: 5,000.00 Dr Share Emp 1 Share Emp 2 Share Emp 3 Share Emp 4 Share Emp 5 Share Salary Payable CurBal: 7,500.0...
[keys] '^a' -> Tally 'TallyPrime:9000'
[shot] tds-575-Y2-accept1 (1024x768)
[16:04:59] [tds] screen tds-575-Y2-accept1 : M: Share FinCom Spike Co 76 TallyPrime MANAGE EDU K: Company Y: Data Payroll Voucher Alteration (Secondary) Pa roll No. 1 Z: Exchange A: Accept Q Search O: Import E: Export List of Payroll Led ers Cash Share Bank Share Basic Share HRA p: print x Create • Dr Particulars Share Basic CurBa1: 10,000.00 Dr Share Emp 1 Share Emp 2 Share Emp 3 Share Emp 4 Share Emp 5 Share HRA CurBal: 5,000.00 Dr Share Emp 1 Share Emp 2 Share Emp 3 Share Emp 4 Share Emp 5 Narration: • share payroll template Unity Q: Quit 1,000.00 Dr 1,000.00 Dr 1,000.00 Dr 1,000.00 Dr 1,000.00 Dr 500.00 Dr 500.00 Dr 500.00 Dr 500.00 ...
[shot] tds-576-Y2-after1 (1024x768)
[16:05:00] [tds] screen tds-576-Y2-after1 : M: Share FinCom Spike Co 76 TallyPrime MANAGE EDU K: Company Y: Data Payroll Voucher Alteration (Secondary) Pa roll No. 1 Z: Exchange A: Accept Q Search O: Import E: Export List of Payroll Led ers Cash Share Bank Share Basic Share HRA p: print x Create • Dr Particulars Share Basic CurBa1: 10,000.00 Dr Share Emp 1 Share Emp 2 Share Emp 3 Share Emp 4 Share Emp 5 Share HRA CurBal: 5,000.00 Dr Share Emp 1 Share Emp 2 Share Emp 3 Share Emp 4 Share Emp 5 Narration: • share payroll template Unity Q: Quit 1,000.00 Dr 1,000.00 Dr 1,000.00 Dr 1,000.00 Dr 1,000.00 Dr 500.00 Dr 500.00 Dr 500.00 Dr 500.00 ...
[keys] '{ESC}' -> Tally 'TallyPrime:9000'
[shot] tds-577-Y2-list-esc1 (1024x768)
[16:05:03] [tds] screen tds-577-Y2-list-esc1 : M: Share FinCom Spike Co 76 TallyPrime MANAGE EDU K: Company Y: Data Payroll Voucher Alteration (Secondary) Pa roll No. 1 Z: Exchange A Accept Q Search O: Import E: Export List of Payroll Led Cash Share Bank Share Basic Share HRA p: print x Create Fl: Help Date aaala Company to ru • Dr Particulars Share Basic CurBa1: 10,000.00 Dr F4: Contra F5: Payment Receipt Journal Sales 756a- OLIO— acep 0670- Share Emp 1 Share Emp 2 Share Emp 3 Share Emp 4 Share Emp 5 Share HRA CurBal: 5,000.00 Dr Share Emp 1 Share Emp 2 Share Emp 3 Share Emp 4 Share Emp 5 Narration: • share payroll template Unity Quit 1,0...
[shot] tds-578-Y2-list-esc-after1 (1024x768)
[16:05:04] [tds] screen tds-578-Y2-list-esc-after1 : M: Share FinCom Spike Co 76 TallyPrime MANAGE EDU K: Company Y: Data Payroll Voucher Alteration (Secondary) Pa roll No. 1 Z: Exchange A Accept Q Search O: Import E: Export List of Payroll Led Cash Share Bank Share Basic Share HRA p: print x Create Fl: Help Date aaala Company to ru • Dr Particulars Share Basic CurBa1: 10,000.00 Dr F4: Contra F5: Payment Receipt Journal Sales 756a- OLIO— acep 0670- Share Emp 1 Share Emp 2 Share Emp 3 Share Emp 4 Share Emp 5 Share HRA CurBal: 5,000.00 Dr Share Emp 1 Share Emp 2 Share Emp 3 Share Emp 4 Share Emp 5 Narration: • share payroll template Unity Quit 1,0...
[keys] 'n' -> Tally 'TallyPrime:9000'
[keys] '^a' -> Tally 'TallyPrime:9000'
[shot] tds-579-Y2-accept2 (1024x768)
[16:05:11] [tds] screen tds-579-Y2-accept2 : TallyPrime MANAGE EDU K: Company Da Book . Day Book Y: Data Space: Sekd Z: Exchange A Add Vch Q Search FinCom • ke Co Vch Type Journal Journal Journal Journal Payroll Payroll O: Import Vch No. 2 3 4 5 1 2 E: Export M: Share P: Print For 10ct-26 Fl: Help F2: Date aaala Company to ru Voucher Date I-Oct-26 I-Oct-26 I-Oct-26 I-Oct-26 I-Oct-26 I-Oct-26 Quit Particulars Share Party Share Supplier Share Party Share Supplier Share Basic Share Basic Enter: Alter Debit Amount Credit Amount Inwards Qty_ Outwards Qt 5,000.00 1,000.00 5,000.00 5,000.00 4,000.00 1,000.00 U: Restore Line Type F 7: Show profi...
[shot] tds-580-Y2-after2 (1024x768)
[16:05:12] [tds] screen tds-580-Y2-after2 : TallyPrime MANAGE EDU K: Company Da Book . Day Book Y: Data Space: Sekd Z: Exchange A Add Vch Q Search FinCom • ke Co Vch Type Journal Journal Journal Journal Payroll Payroll O: Import Vch No. 2 3 4 5 1 2 E: Export M: Share P: Print For 10ct-26 Fl: Help F2: Date aaala Company to ru Voucher Date I-Oct-26 I-Oct-26 I-Oct-26 I-Oct-26 I-Oct-26 I-Oct-26 Quit Particulars Share Party Share Supplier Share Party Share Supplier Share Basic Share Basic Enter: Alter Debit Amount Credit Amount Inwards Qty_ Outwards Qt 5,000.00 1,000.00 5,000.00 5,000.00 4,000.00 1,000.00 U: Restore Line Type F 7: Show profi...
[shot] tds-581-gw0 (1024x768)
[16:05:13] [tds] screen tds-581-gw0 : TallyPrime MANAGE EDU K: Company Da Book . Day Book Y: Data Space: Sekd Z: Exchange A Add Vch Q Search FinCom • ke Co Vch Type Journal Journal Journal Journal Payroll Payroll O: Import Vch No. 2 3 4 5 1 2 E: Export M: Share P: Print For 10ct-26 Fl: Help F2: Date aaala Company to ru Voucher Date I-Oct-26 I-Oct-26 I-Oct-26 I-Oct-26 I-Oct-26 I-Oct-26 Quit Particulars Share Party Share Supplier Share Party Share Supplier Share Basic Share Basic Enter: Alter Debit Amount Credit Amount Inwards Qty_ Outwards Qt 5,000.00 1,000.00 5,000.00 5,000.00 4,000.00 1,000.00 U: Restore Line Type F 7: Show profi...
[keys] '{ESC}' -> Tally 'TallyPrime:9000'
[shot] tds-582-gw1 (1024x768)
[16:05:17] [tds] screen tds-582-gw1 : TallyPrime MANAGE EDU K: Company Gatewa of Tall CURRENT PERIOD I-Apr-26 to 31-Mar-27 NAME OF COMPANY FinCom Spike Co Y: Data Z: Exchange CURRENT OATE Thursday, I-Oct-2026 O: Import E: Export M: Share p: print Fl: Help Date aaala Gateway of Tally MASTERS Create Alter CHart of Accounts TRANSACTIONS Vouchers Day 800K UTILITIES BaNking REPORTS Balance Sheet Profit & Loss A/c Stock Summary Ratio Analysis Display More Reports DashbOard Quit Unity Q 2-Oct-26 Search Company to ru 756a- OLIO— acep 0670- FOLIO— acep .337. -a30 ning bbb75 ing j _id" : 3-011' 0670- Mode Windows Server 2025 Datacenter Buil...
  voucher mid=1 aid=1 Journal/1/20260401 guid=a381c3ad-1c49-482a-8d4f-cb1da1df58a6-00000001 cancelled=False
  voucher mid=2 aid=2 Journal/2/20261001 guid=a381c3ad-1c49-482a-8d4f-cb1da1df58a6-00000002 cancelled=False
  voucher mid=3 aid=3 Journal/3/20261001 guid=a381c3ad-1c49-482a-8d4f-cb1da1df58a6-00000003 cancelled=False
  voucher mid=4 aid=4 Journal/4/20261001 guid=a381c3ad-1c49-482a-8d4f-cb1da1df58a6-00000004 cancelled=False
  voucher mid=5 aid=5 Journal/5/20261001 guid=a381c3ad-1c49-482a-8d4f-cb1da1df58a6-00000005 cancelled=False
  voucher mid=6 aid=27 Payroll/1/20261001 guid=a381c3ad-1c49-482a-8d4f-cb1da1df58a6-00000006 cancelled=False
  voucher mid=23 aid=26 Payroll/2/20261001 guid=a381c3ad-1c49-482a-8d4f-cb1da1df58a6-00000017 cancelled=False
  voucher mid=7 aid=25 Receipt/1/20261002 guid=a381c3ad-1c49-482a-8d4f-cb1da1df58a6-00000007 cancelled=False
  voucher mid=8 aid=23 Receipt/2/20261002 guid=a381c3ad-1c49-482a-8d4f-cb1da1df58a6-00000008 cancelled=False
  voucher mid=9 aid=9 Payment/1/20261002 guid=a381c3ad-1c49-482a-8d4f-cb1da1df58a6-00000009 cancelled=False
  voucher mid=10 aid=10 Payment/2/20261002 guid=a381c3ad-1c49-482a-8d4f-cb1da1df58a6-0000000a cancelled=False
  voucher mid=11 aid=11 Contra/1/20261002 guid=a381c3ad-1c49-482a-8d4f-cb1da1df58a6-0000000b cancelled=False
  voucher mid=12 aid=12 Journal/6/20261002 guid=a381c3ad-1c49-482a-8d4f-cb1da1df58a6-0000000c cancelled=False
  voucher mid=13 aid=13 Journal/7/20261002 guid=a381c3ad-1c49-482a-8d4f-cb1da1df58a6-0000000d cancelled=False
  voucher mid=14 aid=24 Sales/1/20261002 guid=a381c3ad-1c49-482a-8d4f-cb1da1df58a6-0000000e cancelled=False
  voucher mid=15 aid=15 Sales/2/20261002 guid=a381c3ad-1c49-482a-8d4f-cb1da1df58a6-0000000f cancelled=False
  voucher mid=16 aid=16 Sales/3/20261002 guid=a381c3ad-1c49-482a-8d4f-cb1da1df58a6-00000010 cancelled=False
  voucher mid=17 aid=17 Purchase/1/20261002 guid=a381c3ad-1c49-482a-8d4f-cb1da1df58a6-00000011 cancelled=False
  voucher mid=18 aid=18 Purchase/2/20261002 guid=a381c3ad-1c49-482a-8d4f-cb1da1df58a6-00000012 cancelled=False
  voucher mid=19 aid=19 Sales/4/20261002 guid=a381c3ad-1c49-482a-8d4f-cb1da1df58a6-00000013 cancelled=False
  voucher mid=20 aid=20 Credit Note/1/20261002 guid=a381c3ad-1c49-482a-8d4f-cb1da1df58a6-00000014 cancelled=False
  voucher mid=21 aid=21 Journal/8/20261002 guid=a381c3ad-1c49-482a-8d4f-cb1da1df58a6-00000015 cancelled=False
  voucher mid=22 aid=22 Receipt/3/20261002 guid=a381c3ad-1c49-482a-8d4f-cb1da1df58a6-00000016 cancelled=False
  INFO share alter-payroll (alteration: the payroll entry saved again unchanged (opened, Ctrl+A)): Tally Payroll 1 mid 6; stored party 'Share Bank' bills []; the line party '' bills []; lines voucher_accept_post x1, voucher_accept_pre x1, voucher_full x1
[shot] tds-583-gw0 (1024x768)
[16:05:21] [tds] screen tds-583-gw0 : TallyPrime MANAGE EDU K: Company Gatewa of Tall CURRENT PERIOD I-Apr-26 to 31-Mar-27 NAME OF COMPANY FinCom Spike Co Y: Data Z: Exchange CURRENT OATE Thursday, I-Oct-2026 O: Import E: Export M: Share p: print Fl: Help Date aaala Gateway of Tally MASTERS Create Alter CHart of Accounts TRANSACTIONS Vouchers Day 800K UTILITIES BaNking REPORTS Balance Sheet Profit & Loss A/c Stock Summary Ratio Analysis Display More Reports DashbOard Quit Unity Q 2-Oct-26 Search Company to ru 756a- OLIO— acep 0670- FOLIO— acep .337. -a30 ning bbb75 ing j _id" : 3-011' 0670- Mode Windows Server 2025 Datacenter Buil...
[keys] '%g' -> Tally 'TallyPrime:9000'
[shot] tds-584-P7c-goto (1024x768)
[16:05:24] [tds] screen tds-584-P7c-goto : R CEDU Unity Quit TallyPrime MANAGE K: Company List of Re Y: Data Its Z: Exchange O: Import E: Export M: Share p: print Fl: Help x Saved Views Bills Payable - GST Bills Payable - GST - Sundry Creditors Bills Payable - GST - Sundry Debtors Bills Receivable - GST Bills Receivable - GST - Sundry Creditors Bills Receivable - GST - Sundry Debtors Purchase Dashboard Sales Dashboard Ledger Vouchers - GST Details Outstanding MSME Bills Common Reports Dashboard Balance Sheet Profit & Loss A/c Cash/Bank Book Day Book Ledger Vouchers Ledger Vouchers - GST Stock Summary Trial Balance Bills Receivable FinC...
[keys] 'Bank Reconciliation' -> Tally 'TallyPrime:9000'
[shot] tds-585-P7c-typed (1024x768)
[16:05:28] [tds] screen tds-585-P7c-typed : R CEDU TallyPrime MANAGE K: Company List of Re Y: Data Its Z: Exchange FinCom Spike Co Bank Reconciliation O: Import E: Export M: Share p: print Fl: Help x Create Voucher Create Master Alter Master Expand All Show More Banking Utilities Bank Reconciliation Unity Quit aaala to ru 756a- OLIO— acep 0670- FOLIO— acep .337. -a30 ning bbb75 ing j _id" : 3-011' 0670- Mode Q Search Windows Server 2025 Datacenter Build 26100.ge_release240331-1435 4:05 PM 10/8/2026
[keys] '{ENTER}' -> Tally 'TallyPrime:9000'
[shot] tds-586-P7c-select (1024x768)
[16:05:32] [tds] screen tds-586-P7c-select : TallyPrime MANAGE EDU K: Company Select Bank Unity Quit Y: Data Z: Exchange FinCom • ke Co Name of Bank Ledger O: Import Account No. Create E: Export M: Share p: print Fl: Help List of Bank Led ers Ledger Name Share Bank A Accept Q Search aaala to ru 756a- OLIO— acep 0670- FOLIO— acep .337. -a30 ning bbb75 ing j _id" : 3-011' 0670- Mode Windows Server 2025 Datacenter Build 26100.ge_release240331-1435 4:05 PM 10/8/2026
[keys] 'Share Bank{ENTER}' -> Tally 'TallyPrime:9000'
[shot] tds-587-P7c-brs (1024x768)
[16:05:37] [tds] screen tds-587-P7c-brs : TallyPrime MANAGE EDU K: Company Bank Reconciliation Ledger: Share Bank Y: Data Vch Type Payroll Contra Z: Exchange O: Import E: Export FinCom • ke Co (Reconciliation Transaction Type Instrument No. M: Share p: print As on . • 2-0ct-26 Date I-Oct-26 2-Oct-26 Quit Particulars Share Emp 1 Cash Enter: Alter Instrument Date I-Oct-26 2-Oct-26 Bank Date Sanp Bank Transfer Cash A Accept Q Search Debit 200.00 200.00 Credit 7,500.00 7,300.00 7,500.00 Fl: Help period Corn pan y V4: Bank FIO Basis of B: — Values Change Vie w J: Reports H: Opening BRS Creata J: Voucher Reconcile Unlinked Reconcile — All U...
[shot] tds-588-P7c-screen (1024x768)
[16:05:38] [tds] screen tds-588-P7c-screen : TallyPrime MANAGE EDU K: Company Bank Reconciliation Ledger: Share Bank Y: Data Vch Type Payroll Contra Z: Exchange O: Import E: Export FinCom • ke Co (Reconciliation Transaction Type Instrument No. M: Share p: print As on . • 2-0ct-26 Date I-Oct-26 2-Oct-26 Quit Particulars Share Emp 1 Cash Enter: Alter Instrument Date I-Oct-26 2-Oct-26 Bank Date Sanp Bank Transfer Cash A Accept Q Search Debit 200.00 200.00 Credit 7,500.00 7,300.00 7,500.00 Fl: Help period Corn pan y V4: Bank FIO Basis of B: — Values Change Vie w J: Reports H: Opening BRS Creata J: Voucher Reconcile Unlinked Reconcile — All U...
[keys] '2-10-2026{ENTER}' -> Tally 'TallyPrime:9000'
[shot] tds-589-P7c-date (1024x768)
[16:05:42] [tds] screen tds-589-P7c-date : TallyPrime MANAGE EDU K: Company Bank Reconciliation Ledger: Share Bank Date Particulars I-Oct-26 Share Emp 1 2-Oct-26 Cash Y: Data Vch Type Payroll Contra Z: Exchange O: Import E: Export FinCom • ke Co (Reconciliation Transaction Type Instrument No. M: Share As on . p: print Instrument Date I-Oct-26 2-Oct-26 Bank Date 2-Oct-26 Same Bank Transfer Cash A Accept Q Search Debit 200.00 200.00 • 2-0ct-26 Credit 7,500.00 7,300.00 7,500.00 Fl: Help period Corn pan y V4: Bank FIO Basis of B: — Values Change Vie w J: Reports H: Opening BRS Creata J: Voucher Reconcile Unlinked Reconcile — All Unlinked S...
[keys] '^a' -> Tally 'TallyPrime:9000'
[shot] tds-590-P7c-accept (1024x768)
[16:05:46] [tds] screen tds-590-P7c-accept : TallyPrime MANAGE EDU K: Company Select Bank Unity Quit Y: Data Z: Exchange FinCom • ke Co Name of Bank Ledger Share Bank List of Bank Led ers Ledger Name Share Bank A Accept Q Search O: Import Account No. Create E: Export M: Share p: print Fl: Help aaala to ru 756a- OLIO— acep 0670- FOLIO— acep .337. -a30 ning bbb75 ing j _id" : 3-011' 0670- Mode Windows Server 2025 Datacenter Build 26100.ge_release240331-1435 4:05 PM 10/8/2026
[shot] tds-591-P7c-after (1024x768)
[16:05:47] [tds] screen tds-591-P7c-after : TallyPrime MANAGE EDU K: Company Select Bank Unity Quit Y: Data Z: Exchange FinCom • ke Co Name of Bank Ledger Share Bank List of Bank Led ers Ledger Name Share Bank A Accept Q Search O: Import Account No. Create E: Export M: Share p: print Fl: Help aaala to ru 756a- OLIO— acep 0670- FOLIO— acep .337. -a30 ning bbb75 ing j _id" : 3-011' 0670- Mode Windows Server 2025 Datacenter Build 26100.ge_release240331-1435 4:05 PM 10/8/2026
[shot] tds-592-gw0 (1024x768)
[16:05:48] [tds] screen tds-592-gw0 : TallyPrime MANAGE EDU K: Company Select Bank Unity Quit Y: Data Z: Exchange FinCom • ke Co Name of Bank Ledger Share Bank List of Bank Led ers Ledger Name Share Bank A Accept Q Search O: Import Account No. Create E: Export M: Share p: print Fl: Help aaala to ru 756a- OLIO— acep 0670- FOLIO— acep .337. -a30 ning bbb75 ing j _id" : 3-011' 0670- Mode Windows Server 2025 Datacenter Build 26100.ge_release240331-1435 4:05 PM 10/8/2026
[keys] '{ESC}' -> Tally 'TallyPrime:9000'
[shot] tds-593-gw1 (1024x768)
[16:05:52] [tds] screen tds-593-gw1 : TallyPrime MANAGE EDU K: Company Select Bank Unity Quit Y: Data Z: Exchange FinCom • ke Co Name of Bank Ledger O: Import Account No. Create E: Export M: Share p: print Fl: Help List of Bank Led ers Ledger Name Share Bank A Accept Q Search aaala to ru 756a- OLIO— acep 0670- FOLIO— acep .337. -a30 ning bbb75 ing j _id" : 3-011' 0670- Mode Windows Server 2025 Datacenter Build 26100.ge_release240331-1435 4:05 PM 10/8/2026
[keys] '{ESC}' -> Tally 'TallyPrime:9000'
[shot] tds-594-gw2 (1024x768)
[16:05:55] [tds] screen tds-594-gw2 : TallyPrime MANAGE EDU K: Company Gatewa of Tall CURRENT PERIOD I-Apr-26 to 31-Mar-27 NAME OF COMPANY FinCom Spike Co Y: Data Z: Exchange CURRENT OATE Thursday, I-Oct-2026 O: Import E: Export M: Share p: print Fl: Help Date aaala Gateway of Tally MASTERS Create Alter CHart of Accounts TRANSACTIONS Vouchers Day 800K UTILITIES BaNking REPORTS Balance Sheet Profit & Loss A/c Stock Summary Ratio Analysis Display More Reports DashbOard Quit Unity Q 2-Oct-26 Search Company to ru 756a- OLIO— acep 0670- FOLIO— acep .337. -a30 ning bbb75 ing j _id" : 3-011' 0670- Mode Windows Server 2025 Datacenter Buil...
######## HARNESS P7c bank date set in Bank Reconciliation: not made: no contra has the bank date 2-10-2026 after the keys (see tds-*-P7c-* screenshots)
[shot] tds-595-gw0 (1024x768)
[16:05:56] [tds] screen tds-595-gw0 : TallyPrime MANAGE EDU K: Company Gatewa of Tall CURRENT PERIOD I-Apr-26 to 31-Mar-27 NAME OF COMPANY FinCom Spike Co Y: Data Z: Exchange CURRENT OATE Thursday, I-Oct-2026 O: Import E: Export M: Share p: print Fl: Help Date aaala Gateway of Tally MASTERS Create Alter CHart of Accounts TRANSACTIONS Vouchers Day 800K UTILITIES BaNking REPORTS Balance Sheet Profit & Loss A/c Stock Summary Ratio Analysis Display More Reports DashbOard Quit Unity Q 2-Oct-26 Search Company to ru 756a- OLIO— acep 0670- FOLIO— acep .337. -a30 ning bbb75 ing j _id" : 3-011' 0670- Mode Windows Server 2025 Datacenter Buil...
[keys] '%g' -> Tally 'TallyPrime:9000'
[shot] tds-596-P9b-goto (1024x768)
[16:06:00] [tds] screen tds-596-P9b-goto : R CEDU Unity Quit TallyPrime MANAGE K: Company List of Re Y: Data Its Z: Exchange O: Import E: Export M: Share p: print Fl: Help x Saved Views Bills Payable - GST Bills Payable - GST - Sundry Creditors Bills Payable - GST - Sundry Debtors Bills Receivable - GST Bills Receivable - GST - Sundry Creditors Bills Receivable - GST - Sundry Debtors Purchase Dashboard Sales Dashboard Ledger Vouchers - GST Details Outstanding MSME Bills Common Reports Dashboard Balance Sheet Profit & Loss A/c Cash/Bank Book Day Book Ledger Vouchers Ledger Vouchers - GST Stock Summary Trial Balance Bills Receivable FinC...
[keys] 'Day Book' -> Tally 'TallyPrime:9000'
[keys] '{ENTER}' -> Tally 'TallyPrime:9000'
[shot] tds-597-P9b-daybook (1024x768)
[16:06:07] [tds] screen tds-597-P9b-daybook : TallyPrime MANAGE EDU K: Company Da Book . Day Book Y: Data Space: Sekd Z: Exchange A Add Vch Q Search FinCom • ke Co Vch Type Journal Journal Journal Journal Payroll Payroll O: Import Vch No. 2 3 4 5 1 2 E: Export M: Share P: Print For 10ct-26 Fl: Help F2: Date aaala Company to ru Voucher Date I-Oct-26 I-Oct-26 I-Oct-26 I-Oct-26 I-Oct-26 I-Oct-26 Quit Particulars Share Party Share Supplier Share Party Share Supplier Share Basic Share Basic Enter: Alter Debit Amount Credit Amount Inwards Qty_ Outwards Qt 5,000.00 1,000.00 5,000.00 5,000.00 4,000.00 1,000.00 U: Restore Line Type F 7: Show profi...
[keys] '{F2}' -> Tally 'TallyPrime:9000'
[shot] tds-598-P9b-db-date (1024x768)
[16:06:10] [tds] screen tds-598-P9b-db-date : TallyPrime MANAGE EDU K: Company Change Date Unity Quit Y: Data Z: Exchange A Accept Q Search O: Import E: Export M: Share p: print Fl: Help FinCom Spike Co Change Date 1-10-2026 aaala to ru 756a- OLIO— acep 0670- FOLIO— acep .337. -a30 ning bbb75 ing j _id" : 3-011' 0670- Mode Windows Server 2025 Datacenter Build 26100.ge_release240331-1435 4:06 PM 10/8/2026
[keys] '2-10-2026{ENTER}' -> Tally 'TallyPrime:9000'
[shot] tds-599-P9b-db-dated (1024x768)
[16:06:15] [tds] screen tds-599-P9b-db-dated : TallyPrime MANAGE EDU K: Company Da Book . Day Book Y: Data Space: Sekd Z: Exchange A Add Vch Q Search FinCom • ke Co Vch Type Contra Payment Payment Receipt Receipt Receipt Journal Journal Journal Credit Note Sales Sales Sales Sales Purchase Purchase O: Import Vch No. 1 1 2 1 2 3 6 7 8 1 1 2 3 4 1 2 E: Export M: Share P: Print For 2-Oct-26 Fl: Help F2: Date aaala Company to ru Voucher Date 2-Oct-26 2-Oct-26 2-Oct-26 2-Oct-26 2-Oct-26 2-Oct-26 2-Oct-26 2-Oct-26 2-Oct-26 2-Oct-26 2-Oct-26 2-Oct-26 2-Oct-26 2-Oct-26 2-Oct-26 2-Oct-26 Unity Quit Particulars Cash Share Supplier Share Expense Share...
[keys] '{F4}' -> Tally 'TallyPrime:9000'
[shot] tds-600-P9b-db-type (1024x768)
[16:06:18] [tds] screen tds-600-P9b-db-type : Y: Data 7 Unity TallyPrime MANAGE EDU K: Company Change Voucher Type Quit Z: Exchange O: Import E: Export M: Share p: print Fl: Help x FinCom • ke Co Name of VoucherType Voucher T • All Items Attendance Contra Credit Note Debit Note Journal s Create Memorandum Payment Payroll Physical Stock Purchase Receipt Reversing Journal Sales Stock Journal Accept Q Search aaala to ru 756a- OLIO— acep 0670- FOLIO— acep .337. -a30 ning bbb75 ing j _id" : 3-011' 0670- Mode Windows Server 2025 Datacenter Build 26100.ge_release240331-1435 4:06 PM 10/8/2026
[keys] 'Receipt{ENTER}' -> Tally 'TallyPrime:9000'
[shot] tds-601-P9b-db-typed (1024x768)
[16:06:23] [tds] screen tds-601-P9b-db-typed : TallyPrime MANAGE EDU K: Company Da Book . List of Receipt Vouchers Y: Data Space: Sekd Z: Exchange A Add Vch Q Search FinCom • ke Co Vch Type Receipt Receipt Receipt O: Import Vch No. 1 2 3 Total: E: Export M: Share P: Print For 2-Oct-26 Fl: Help F2: Date aaala Date 2-Oct-26 2-Oct-26 2-Oct-26 Unity Quit Particulars Share Party Spike Income Spike Income Enter: Alter Debit Amount Credit Amount 500.00 800.00 700.00 2,000.00 U: Restore Line Company to ru Voucher 756a- Type OLIO— acep DuÅicate Vch I Insert Vch Delete x: Cancel Vch F 7: Show profit Columnar FIO B: Basis of = Values Change ¯ View Ex...
[keys] '{END}' -> Tally 'TallyPrime:9000'
[shot] tds-602-P9b-db-last (1024x768)
[16:06:26] [tds] screen tds-602-P9b-db-last : TallyPrime MANAGE EDU K: Company Da Book . List of Receipt Vouchers Y: Data Space: Sekd Z: Exchange A Add Vch Q Search FinCom • ke Co Vch Type Receipt Receipt Receipt O: Import Vch No. 1 2 3 Total: E: Export M: Share P: Print For 2-Oct-26 Fl: Help F2: Date aaala Date 2-Oct-26 2-Oct-26 2-Oct-26 Unity Quit Particulars Share Party Spike Income Spike Income Enter: Alter Debit Amount Credit Amount 500.00 800.00 700.00 2,000.00 U: Restore Line Company to ru Voucher 756a- Type OLIO— acep DuÅicate Vch I Insert Vch Delete x: Cancel Vch F 7: Show profit Columnar FIO B: Basis of = Values Change ¯ View Ex...
[keys] '{HOME}' -> Tally 'TallyPrime:9000'
[shot] tds-603-P9b-first (1024x768)
[16:06:29] [tds] screen tds-603-P9b-first : TallyPrime MANAGE EDU K: Company Da Book . List of Receipt Vouchers Y: Data Space: Sekd Z: Exchange A Add Vch Q Search FinCom • ke Co Vch Type Receipt Receipt Receipt O: Import Vch No. 1 2 3 Total: E: Export M: Share P: Print For 2-Oct-26 Fl: Help F2: Date aaala Date 2-Oct-26 2-Oct-26 2-Oct-26 Unity Quit Particulars Share Party Spike Income Spike Income Enter: Alter Debit Amount Credit Amount 500.00 800.00 700.00 2,000.00 U: Restore Line Company to ru Voucher 756a- Type OLIO— acep DuÅicate Vch I Insert Vch Delete x: Cancel Vch F 7: Show profit Columnar FIO B: Basis of = Values Change ¯ View Ex...
[keys] '%i' -> Tally 'TallyPrime:9000'
[shot] tds-604-P9b-insert (1024x768)
[16:06:34] [tds] screen tds-604-P9b-insert : Y: Data 76 TallyPrime MANAGE EDU K: Company Accounting Voucher Creation Recei t No. 4 Z: Exchange A Accept Q Search O: Import E: Export M: Share FinCom • ke Co p: print x 2-Oct-26 Friday Amount • Account Current balance: Particulars Narration: Unity Quit Fl: Help Q: Date Company Ed: Contra Payment F-6: Receipt Journal Sales aaala to ru 756a- OLIO— acep 0670- Purchase FOLIO— Fl O: OåuVooctgs E: Autofill Change Mode More Details O: Related ¯ Repons Optional post -Dated J: Stat acep .337. -a30 ning bbb75 ing j _id" : 3-011' 0670- D: Delete x: Cancel Vch Adjustment El 2: Configure Mode Windows Ser...
[keys] 'Cash{ENTER}' -> Tally 'TallyPrime:9000'
[shot] tds-605-P9b-account (1024x768)
[16:06:37] [tds] screen tds-605-P9b-account : Y: Data 76 TallyPrime MANAGE EDU K: Company Accounting Voucher Creation Recei t No. 4 Z: Exchange A Accept Q Search O: Import E: Export M: Share FinCom • ke Co p: print x 2-Oct-26 Friday Amount • Account Cash Current balance: 6,400.00 Cr Particulars Narration: Unity Quit Fl: Help Q: Date Company Ed: Contra Payment F-6: Receipt Journal Sales aaala to ru 756a- OLIO— acep 0670- Purchase FOLIO— Fl O: OåuVooctgs E: Autofill Change Mode More Details O: Related ¯ Repons Optional post -Dated J: Stat acep .337. -a30 ning bbb75 ing j _id" : 3-011' 0670- D: Delete x: Cancel Vch Adjustment El 2: Configure...
[keys] 'Spike Income{ENTER}' -> Tally 'TallyPrime:9000'
[shot] tds-606-P9b-ledger (1024x768)
[16:06:41] [tds] screen tds-606-P9b-ledger : Y: Data 76 TallyPrime MANAGE EDU K: Company Accounting Voucher Creation Recei t No. 4 Z: Exchange A Accept Q Search O: Import E: Export M: Share FinCom • ke Co p: print x 2-Oct-26 Friday Amount • Account Cash Current balance: 6,400.00 Cr Particulars Spike Income CurBal: 7,000.00 Cr Narration: Unity Quit Fl: Help Q: Date Company Ed: Contra Payment F-6: Receipt Journal Sales aaala to ru 756a- OLIO— acep 0670- Purchase FOLIO— Fl O: OåuVooctgs E: Autofill Change Mode More Details O: Related ¯ Repons Optional post -Dated J: Stat acep .337. -a30 ning bbb75 ing j _id" : 3-011' 0670- D: Delete x: Canc...
[shot] tds-607-P9b-led-sub1 (1024x768)
[16:06:42] [tds] screen tds-607-P9b-led-sub1 : Y: Data 76 TallyPrime MANAGE EDU K: Company Accounting Voucher Creation Recei t No. 4 Z: Exchange A Accept Q Search O: Import E: Export M: Share FinCom • ke Co p: print x 2-Oct-26 Friday Amount • Account Cash Current balance: 6,400.00 Cr Particulars Spike Income CurBal: 7,000.00 Cr Narration: Unity Quit Fl: Help Q: Date Company Ed: Contra Payment F-6: Receipt Journal Sales aaala to ru 756a- OLIO— acep 0670- Purchase FOLIO— Fl O: OåuVooctgs E: Autofill Change Mode More Details O: Related ¯ Repons Optional post -Dated J: Stat acep .337. -a30 ning bbb75 ing j _id" : 3-011' 0670- D: Delete x: Canc...
[keys] '60{ENTER}' -> Tally 'TallyPrime:9000'
[shot] tds-608-P9b-amount (1024x768)
[16:06:46] [tds] screen tds-608-P9b-amount : Unity TallyPrime MANAGE EDU K: Company Cost Centre Allocations Quit Y: Data Z: Exchange O: Import E: Export M: Share p: print Fl: Help x FinCom Spike Co Cost Allocations for : Spike Income Up to: 60.00 cr Name of Cost Centre Ehare Em 1 Accept Q Search Amount 60.00 60.00 aaala to ru 756a- OLIO— acep 0670- FOLIO— acep .337. -a30 ning bbb75 ing j _id" : 3-011' 0670- Mode Windows Server 2025 Datacenter Build 26100.ge_release240331-1435 4:06 PM 10/8/2026
[shot] tds-609-P9b-amt-sub1 (1024x768)
[16:06:47] [tds] screen tds-609-P9b-amt-sub1 : Unity TallyPrime MANAGE EDU K: Company Cost Centre Allocations Quit Y: Data Z: Exchange O: Import E: Export M: Share p: print Fl: Help x FinCom Spike Co Cost Allocations for : Spike Income Up to: 60.00 cr Name of Cost Centre Ehare Em 1 Accept Q Search Amount 60.00 60.00 aaala to ru 756a- OLIO— acep 0670- FOLIO— acep .337. -a30 ning bbb75 ing j _id" : 3-011' 0670- Mode Windows Server 2025 Datacenter Build 26100.ge_release240331-1435 4:06 PM 10/8/2026
[keys] '^a' -> Tally 'TallyPrime:9000'
[shot] tds-610-P9b-amt-sub-accept (1024x768)
[16:06:50] [tds] screen tds-610-P9b-amt-sub-accept : Y: Data 76 TallyPrime MANAGE EDU K: Company Accounting Voucher Creation Recei t No. 4 Z: Exchange 60.00 Cr A Accept Q Search O: Import E: Export M: Share FinCom • ke Co • Account Cash Current balance: 6,340.00 Cr Particulars Spike Income CurBal: 7,060.00 Cr Share Emp 1 Narration: Unity Quit p: print x 2-Oct-26 Friday Amount 60.00 60.00 Fl: Help Q: Date Company Ed: Contra Payment F-6: Receipt : Journal Sales aaala to ru 756a- OLIO— acep 0670- Purchase FOLIO— Fl O: OåuVooctgs E: Autofill Change Mode More Details O: Related ¯ Repons Optional post -Dated J: Stat acep .337. -a30 ning bbb75 ing j _i...
[shot] tds-611-P9b-amt-sub2 (1024x768)
[16:06:51] [tds] screen tds-611-P9b-amt-sub2 : Y: Data 76 TallyPrime MANAGE EDU K: Company Accounting Voucher Creation Recei t No. 4 Z: Exchange 60.00 Cr A Accept Q Search O: Import E: Export M: Share FinCom • ke Co • Account Cash Current balance: 6,340.00 Cr Particulars Spike Income CurBal: 7,060.00 Cr Share Emp 1 Narration: Unity Quit p: print x 2-Oct-26 Friday Amount 60.00 60.00 Fl: Help Q: Date Company Ed: Contra Payment F-6: Receipt : Journal Sales aaala to ru 756a- OLIO— acep 0670- Purchase FOLIO— Fl O: OåuVooctgs E: Autofill Change Mode More Details O: Related ¯ Repons Optional post -Dated J: Stat acep .337. -a30 ning bbb75 ing j _i...
[keys] '{ENTER}' -> Tally 'TallyPrime:9000'
[shot] tds-612-P9b-rows-done (1024x768)
[16:06:55] [tds] screen tds-612-P9b-rows-done : Y: Data 76 TallyPrime MANAGE EDU K: Company Accounting Voucher Creation Recei t No. 4 Z: Exchange 60.00 Cr Accept Q Search O: Import E: Export M: Share FinCom • ke Co • Account Cash Current balance: 6,340.00 Cr Particulars Spike Income CurBal: 7,060.00 Cr Share Emp 1 Narration: 95 Unity Quit p: print x 2-Oct-26 Friday Amount 60.00 60.00 Fl: Help Q: Date Company Ed: Contra Payment F-6: Receipt : Journal Sales aaala to ru 756a- OLIO— acep 0670- Purchase FOLIO— Fl O: OåuVooctgs E: Autofill Change Mode More Details O: Related ¯ Repons Optional post -Dated J: Stat acep .337. -a30 ning bbb75 ing j _...
[shot] tds-613-P9b-done-sub1 (1024x768)
[16:06:55] [tds] screen tds-613-P9b-done-sub1 : Y: Data 76 TallyPrime MANAGE EDU K: Company Accounting Voucher Creation Recei t No. 4 Z: Exchange 60.00 Cr Accept Q Search O: Import E: Export M: Share FinCom • ke Co • Account Cash Current balance: 6,340.00 Cr Particulars Spike Income CurBal: 7,060.00 Cr Share Emp 1 Narration: 95 Unity Quit p: print x 2-Oct-26 Friday Amount 60.00 60.00 Fl: Help Q: Date Company Ed: Contra Payment F-6: Receipt : Journal Sales aaala to ru 756a- OLIO— acep 0670- Purchase FOLIO— Fl O: OåuVooctgs E: Autofill Change Mode More Details O: Related ¯ Repons Optional post -Dated J: Stat acep .337. -a30 ning bbb75 ing j _...
[keys] 'share insert{ENTER}' -> Tally 'TallyPrime:9000'
[shot] tds-614-P9b-narr (1024x768)
[16:06:59] [tds] screen tds-614-P9b-narr : Y: Data 76 TallyPrime MANAGE EDU K: Company Accounting Voucher Creation Recei t No. 4 Z: Exchange FinCom 60.00 Cr A: Accept Q Search O: Import E: Export M: Share • Account Cash Current balance: 6,340.00 Cr Particulars Spike Income CurBal: 7,060.00 Cr Share Emp 1 Narration: • share insert Unity Q: Quit p: print x 2-Oct-26 Friday Amount 60.00 60.00 Accept Q Yes or No Fl: Help F-2: Date F-3: Company F-4: Contra F-5: Payment F-6: Receipt F-7: Journal F-9: Purchase PIO: E: Autofill H: Change = Mode I: More - Details O: Related ¯ Repons L: Optional T: post = -Dated J: Stat aaala to ru 756a- OLIO— ac...
[keys] '^a' -> Tally 'TallyPrime:9000'
[shot] tds-615-P9b-accept1 (1024x768)
[16:07:04] [tds] screen tds-615-P9b-accept1 : TallyPrime MANAGE EDU K: Company Da Book . List of Receipt Vouchers Y: Data Space: Sekd Z: Exchange A Add Vch Q Search FinCom • ke Co Vch Type Receipt Receipt Receipt Receipt O: Import Vch No. 4 1 2 3 Total: E: Export M: Share P: Print For 2-Oct-26 Fl: Help F2: Date aaala Date 2-Oct-26 2-Oct-26 2-Oct-26 2-Oct-26 Unity Quit Particulars Spike Income Share Party Spike Income Spike Income Enter: Alter Debit Amount Credit Amount 60.00 500.00 800.00 700.00 2,060.00 U: Restore Line Company to ru Voucher 756a- Type OLIO— acep DuÅicate Vch I Insert Vch Delete x: Cancel Vch F 7: Show profit Columnar FIO...
[shot] tds-616-P9b-after1 (1024x768)
[16:07:05] [tds] screen tds-616-P9b-after1 : TallyPrime MANAGE EDU K: Company Da Book . List of Receipt Vouchers Y: Data Space: Sekd Z: Exchange A Add Vch Q Search FinCom • ke Co Vch Type Receipt Receipt Receipt Receipt O: Import Vch No. 4 1 2 3 Total: E: Export M: Share P: Print For 2-Oct-26 Fl: Help F2: Date aaala Date 2-Oct-26 2-Oct-26 2-Oct-26 2-Oct-26 Unity Quit Particulars Spike Income Share Party Spike Income Spike Income Enter: Alter Debit Amount Credit Amount 60.00 500.00 800.00 700.00 2,060.00 U: Restore Line Company to ru Voucher 756a- Type OLIO— acep DuÅicate Vch I Insert Vch Delete x: Cancel Vch F 7: Show profit Columnar FIO...
[shot] tds-617-gw0 (1024x768)
[16:07:05] [tds] screen tds-617-gw0 : TallyPrime MANAGE EDU K: Company Da Book . List of Receipt Vouchers Y: Data Space: Sekd Z: Exchange A Add Vch Q Search FinCom • ke Co Vch Type Receipt Receipt Receipt Receipt O: Import Vch No. 4 1 2 3 Total: E: Export M: Share P: Print For 2-Oct-26 Fl: Help F2: Date aaala Date 2-Oct-26 2-Oct-26 2-Oct-26 2-Oct-26 Unity Quit Particulars Spike Income Share Party Spike Income Spike Income Enter: Alter Debit Amount Credit Amount 60.00 500.00 800.00 700.00 2,060.00 U: Restore Line Company to ru Voucher 756a- Type OLIO— acep DuÅicate Vch I Insert Vch Delete x: Cancel Vch F 7: Show profit Columnar FIO...
[keys] '{ESC}' -> Tally 'TallyPrime:9000'
[shot] tds-618-gw1 (1024x768)
[16:07:09] [tds] screen tds-618-gw1 : TallyPrime MANAGE EDU K: Company Gatewa of Tall CURRENT PERIOD I-Apr-26 to 31-Mar-27 NAME OF COMPANY FinCom Spike Co Y: Data Z: Exchange O: Import E: Export M: Share p: print Fl: Help Date aaala Q CURRENT OATE Friday, 2-Oct-2026 2-Oct-26 Search Gateway of Tally MASTERS Create Alter CHart of Accounts TRANSACTIONS Vouchers Day 800K UTILITIES BaNking REPORTS Balance Sheet Profit & Loss A/c Stock Summary Ratio Analysis Display More Reports DashbOard Quit Unity Company to ru 756a- OLIO— acep 0670- FOLIO— acep .337. -a30 ning bbb75 ing j _id" : 3-011' 0670- Mode Windows Server 2025 Datacenter Build ...
######## HARNESS P9b back-dated insert: the renumbered entries: receipt 4 (mid 24, its line's number '4') inserted; Tally renumbered none
[p9r sub-method Auto Renumber] 29 ms: <RESPONSE><CREATED>0</CREATED><ALTERED>1</ALTERED><DELETED>0</DELETED><LASTVCHID>0</LASTVCHID><LASTMID>0</LASTMID><COMBINED>0</COMBINED><IGNORED>0</IGNORED><ERRORS>0</ERRORS><CANCELLED>0</CANCELLED><EXCEPTIONS>0</EXCEPTIONS></RESPONSE>
  INFO P9r the Receipt voucher type's numbering sub-method: 'Auto Retain' -> 'Auto Renumber' (tried: Auto Renumber -> 'Auto Renumber')
[shot] tds-619-gw0 (1024x768)
[16:07:10] [tds] screen tds-619-gw0 : TallyPrime MANAGE EDU K: Company Gatewa of Tall CURRENT PERIOD I-Apr-26 to 31-Mar-27 NAME OF COMPANY FinCom Spike Co Y: Data Z: Exchange O: Import E: Export M: Share p: print Fl: Help Date aaala Q CURRENT OATE Friday, 2-Oct-2026 2-Oct-26 Search Gateway of Tally MASTERS Create Alter CHart of Accounts TRANSACTIONS Vouchers Day 800K UTILITIES BaNking REPORTS Balance Sheet Profit & Loss A/c Stock Summary Ratio Analysis Display More Reports DashbOard Quit Unity Company to ru 756a- OLIO— acep 0670- FOLIO— acep .337. -a30 ning bbb75 ing j _id" : 3-011' 0670- Mode Windows Server 2025 Datacenter Build ...
[keys] '%g' -> Tally 'TallyPrime:9000'
[shot] tds-620-P9r-insert-goto (1024x768)
[16:07:14] [tds] screen tds-620-P9r-insert-goto : R CEDU Unity Quit TallyPrime MANAGE K: Company List of Re Y: Data Its Z: Exchange O: Import E: Export M: Share p: print Fl: Help x Saved Views Bills Payable - GST Bills Payable - GST - Sundry Creditors Bills Payable - GST - Sundry Debtors Bills Receivable - GST Bills Receivable - GST - Sundry Creditors Bills Receivable - GST - Sundry Debtors Purchase Dashboard Sales Dashboard Ledger Vouchers - GST Details Outstanding MSME Bills Common Reports Dashboard Balance Sheet Profit & Loss A/c Cash/Bank Book Day Book Ledger Vouchers Ledger Vouchers - GST Stock Summary Trial Balance Bills Receivable FinC...
[keys] 'Day Book' -> Tally 'TallyPrime:9000'
[keys] '{ENTER}' -> Tally 'TallyPrime:9000'
[shot] tds-621-P9r-insert-daybook (1024x768)
[16:07:21] [tds] screen tds-621-P9r-insert-daybook : R CEDU Da Book . Day Book TallyPrime MANAGE K: Company Particulars Cash Share Supplier Share Expense Spike Income Share Party Spike Income Spike Income Share Expense Share Expense Share Expense Share Party Share Party Share Party Share Party Share Party Share Supplier Share Supplier Enter: Alter Y: Data Space: Sekd Z: Exchange A Add Vch Q Search FinCom • ke Co Vch Type Contra Payment Payment Receipt Receipt Receipt Receipt Journal Journal Journal Credit Note Sales Sales Sales Sales Purchase Purchase O: Import Vch No. 1 1 2 1 2 3 4 6 7 8 1 1 2 3 4 1 2 E: Export M: Share P: Print For 2-Oct-26 Fl...
[keys] '{F2}' -> Tally 'TallyPrime:9000'
[shot] tds-622-P9r-insert-db-date (1024x768)
[16:07:24] [tds] screen tds-622-P9r-insert-db-date : TallyPrime MANAGE EDU K: Company Change Date Unity Quit Y: Data Z: Exchange A Accept Q Search O: Import E: Export M: Share p: print Fl: Help FinCom Spike Co Change Date 2-10-2026 aaala to ru 756a- OLIO— acep 0670- FOLIO— acep .337. -a30 ning bbb75 ing j _id" : 3-011' 0670- Mode Windows Server 2025 Datacenter Build 26100.ge_release240331-1435 4:07 PM 10/8/2026
[keys] '2-10-2026{ENTER}' -> Tally 'TallyPrime:9000'
[shot] tds-623-P9r-insert-db-dated (1024x768)
[16:07:29] [tds] screen tds-623-P9r-insert-db-dated : R CEDU Da Book . Day Book TallyPrime MANAGE K: Company Particulars Cash Share Supplier Share Expense Spike Income Share Party Spike Income Spike Income Share Expense Share Expense Share Expense Share Party Share Party Share Party Share Party Share Party Share Supplier Share Supplier Enter: Alter Y: Data Space: Sekd Z: Exchange A Add Vch Q Search FinCom • ke Co Vch Type Contra Payment Payment Receipt Receipt Receipt Receipt Journal Journal Journal Credit Note Sales Sales Sales Sales Purchase Purchase O: Import Vch No. 1 1 2 1 2 3 4 6 7 8 1 1 2 3 4 1 2 E: Export M: Share P: Print For 2-Oct-26 Fl...
[keys] '{F4}' -> Tally 'TallyPrime:9000'
[shot] tds-624-P9r-insert-db-type (1024x768)
[16:07:32] [tds] screen tds-624-P9r-insert-db-type : Y: Data 7 Unity TallyPrime MANAGE EDU K: Company Change Voucher Type Quit Z: Exchange O: Import E: Export M: Share p: print Fl: Help x FinCom • ke Co Name of VoucherType Voucher T • All Items Attendance Contra Credit Note Debit Note Journal s Create Memorandum Payment Payroll Physical Stock Purchase Receipt Reversing Journal Sales Stock Journal Accept Q Search aaala to ru 756a- OLIO— acep 0670- FOLIO— acep .337. -a30 ning bbb75 ing j _id" : 3-011' 0670- Mode Windows Server 2025 Datacenter Build 26100.ge_release240331-1435 4:07 PM 10/8/2026
[keys] 'Receipt{ENTER}' -> Tally 'TallyPrime:9000'
[shot] tds-625-P9r-insert-db-typed (1024x768)
[16:07:37] [tds] screen tds-625-P9r-insert-db-typed : TallyPrime MANAGE EDU K: Company Da Book . List of Receipt Vouchers Y: Data Space: Sekd Z: Exchange A Add Vch Q Search FinCom • ke Co Vch Type Receipt Receipt Receipt Receipt O: Import Vch No. 1 2 3 4 Total: E: Export M: Share P: Print For 2-Oct-26 Fl: Help F2: Date aaala Date 2-Oct-26 2-Oct-26 2-Oct-26 2-Oct-26 Unity Quit Particulars Spike Income Share Party Spike Income Spike Income Enter: Alter Debit Amount Credit Amount 60.00 500.00 800.00 700.00 2,060.00 U: Restore Line Company to ru Voucher 756a- Type OLIO— acep DuÅicate Vch I Insert Vch Delete x: Cancel Vch F 7: Show profit Columnar FIO...
[keys] '{END}' -> Tally 'TallyPrime:9000'
[shot] tds-626-P9r-insert-db-last (1024x768)
[16:07:40] [tds] screen tds-626-P9r-insert-db-last : TallyPrime MANAGE EDU K: Company Da Book . List of Receipt Vouchers Y: Data Space: Sekd Z: Exchange A Add Vch Q Search FinCom • ke Co Vch Type Receipt Receipt Receipt Receipt O: Import Vch No. 1 2 3 4 Total: E: Export M: Share P: Print For 2-Oct-26 Fl: Help F2: Date aaala Date 2-Oct-26 2-Oct-26 2-Oct-26 2-Oct-26 Unity Quit Particulars Spike Income Share Party Spike Income Spike Income Enter: Alter Debit Amount Credit Amount 60.00 500.00 800.00 700.00 2,060.00 U: Restore Line Company to ru Voucher 756a- Type OLIO— acep DuÅicate Vch I Insert Vch Delete x: Cancel Vch F 7: Show profit Columnar FIO...
[keys] '{HOME}' -> Tally 'TallyPrime:9000'
[shot] tds-627-P9r-insert-first (1024x768)
[16:07:43] [tds] screen tds-627-P9r-insert-first : TallyPrime MANAGE EDU K: Company Da Book . List of Receipt Vouchers Y: Data Space: Sekd Z: Exchange A Add Vch Q Search FinCom • ke Co Vch Type Receipt Receipt Receipt Receipt O: Import Vch No. 1 2 3 4 Total: E: Export M: Share P: Print For 2-Oct-26 Fl: Help F2: Date aaala Date 2-Oct-26 2-Oct-26 2-Oct-26 2-Oct-26 Unity Quit Particulars Spike Income Share Party Spike Income Spike Income Enter: Alter Debit Amount Credit Amount 60.00 500.00 800.00 700.00 2,060.00 U: Restore Line Company to ru Voucher 756a- Type OLIO— acep DuÅicate Vch I Insert Vch Delete x: Cancel Vch F 7: Show profit Columnar FIO...
[keys] '%i' -> Tally 'TallyPrime:9000'
[shot] tds-628-P9r-insert (1024x768)
[16:07:48] [tds] screen tds-628-P9r-insert : Y: Data 76 TallyPrime MANAGE EDU K: Company Accounting Voucher Creation Recei t Z: Exchange A Accept Q Search O: Import E: Export M: Share FinCom • ke Co p: print x 2-Oct-26 Friday Amount • Account Current balance: Particulars Narration: Unity Quit Fl: Help Q: Date Company Ed: Contra Payment F-6: Receipt Journal Sales aaala to ru 756a- OLIO— acep 0670- Purchase FOLIO— Fl O: OåuVooctgs E: Autofill Change Mode More Details O: Related ¯ Repons Optional post -Dated J: Stat acep .337. -a30 ning bbb75 ing j _id" : 3-011' 0670- D: Delete x: Cancel Vch Adjustment El 2: Configure Mode Windows Server 20...
[keys] 'Cash{ENTER}' -> Tally 'TallyPrime:9000'
[shot] tds-629-P9r-account (1024x768)
[16:07:52] [tds] screen tds-629-P9r-account : Y: Data 76 TallyPrime MANAGE EDU K: Company Accounting Voucher Creation Recei t Z: Exchange A Accept Q Search O: Import E: Export M: Share FinCom • ke Co p: print x 2-Oct-26 Friday Amount • Account Cash Current balance: 6,340.00 Cr Particulars Narration: Unity Quit Fl: Help Q: Date Company Ed: Contra Payment F-6: Receipt Journal Sales aaala to ru 756a- OLIO— acep 0670- Purchase FOLIO— Fl O: OåuVooctgs E: Autofill Change Mode More Details O: Related ¯ Repons Optional post -Dated J: Stat acep .337. -a30 ning bbb75 ing j _id" : 3-011' 0670- D: Delete x: Cancel Vch Adjustment El 2: Configure Mode ...
[keys] 'Spike Income{ENTER}' -> Tally 'TallyPrime:9000'
[shot] tds-630-P9r-ledger (1024x768)
[16:07:56] [tds] screen tds-630-P9r-ledger : Y: Data 76 TallyPrime MANAGE EDU K: Company Accounting Voucher Creation Recei t Z: Exchange A Accept Q Search O: Import E: Export M: Share FinCom • ke Co p: print x 2-Oct-26 Friday Amount • Account Cash Current balance: 6,340.00 Cr Particulars Spike Income CurBal: 7,060.00 Cr Narration: Unity Quit Fl: Help Q: Date Company Ed: Contra Payment F-6: Receipt Journal Sales aaala to ru 756a- OLIO— acep 0670- Purchase FOLIO— Fl O: OåuVooctgs E: Autofill Change Mode More Details O: Related ¯ Repons Optional post -Dated J: Stat acep .337. -a30 ning bbb75 ing j _id" : 3-011' 0670- D: Delete x: Cancel Vch...
[shot] tds-631-P9r-led-sub1 (1024x768)
[16:07:57] [tds] screen tds-631-P9r-led-sub1 : Y: Data 76 TallyPrime MANAGE EDU K: Company Accounting Voucher Creation Recei t Z: Exchange A Accept Q Search O: Import E: Export M: Share FinCom • ke Co p: print x 2-Oct-26 Friday Amount • Account Cash Current balance: 6,340.00 Cr Particulars Spike Income CurBal: 7,060.00 Cr Narration: Unity Quit Fl: Help Q: Date Company Ed: Contra Payment F-6: Receipt Journal Sales aaala to ru 756a- OLIO— acep 0670- Purchase FOLIO— Fl O: OåuVooctgs E: Autofill Change Mode More Details O: Related ¯ Repons Optional post -Dated J: Stat acep .337. -a30 ning bbb75 ing j _id" : 3-011' 0670- D: Delete x: Cancel Vch...
[keys] '70{ENTER}' -> Tally 'TallyPrime:9000'
[shot] tds-632-P9r-amount (1024x768)
[16:08:00] [tds] screen tds-632-P9r-amount : TallyPrime MANAGE EDU K: Company Cost Centre Allocations Unity Quit Y: Data Z: Exchange O: Import E: Export M: Share p: print Fl: Help FinCom Spike Co Cost Allocations for : Spike Income Up to: 70.00 cr Name of Cost Centre Ehare Em 1 A Accept Q Search Amount 70.00 70.00 aaala to ru 756a- OLIO— acep 0670- FOLIO— acep .337. -a30 ning bbb75 ing j _id" : 3-011' 0670- Mode Windows Server 2025 Datacenter Build 26100.ge_release240331-1435 4:07 PM 10/8/2026
[shot] tds-633-P9r-amt-sub1 (1024x768)
[16:08:01] [tds] screen tds-633-P9r-amt-sub1 : TallyPrime MANAGE EDU K: Company Cost Centre Allocations Unity Quit Y: Data Z: Exchange O: Import E: Export M: Share p: print Fl: Help FinCom Spike Co Cost Allocations for : Spike Income Up to: 70.00 cr Name of Cost Centre Ehare Em 1 A Accept Q Search Amount 70.00 70.00 aaala to ru 756a- OLIO— acep 0670- FOLIO— acep .337. -a30 ning bbb75 ing j _id" : 3-011' 0670- Mode Windows Server 2025 Datacenter Build 26100.ge_release240331-1435 4:07 PM 10/8/2026
[keys] '^a' -> Tally 'TallyPrime:9000'
[shot] tds-634-P9r-amt-sub-accept (1024x768)
[16:08:05] [tds] screen tds-634-P9r-amt-sub-accept : Y: Data 76 TallyPrime MANAGE EDU K: Company Accounting Voucher Creation Recei t Z: Exchange 70.00 Cr A Accept Q Search O: Import E: Export M: Share FinCom • ke Co • Account Cash Current balance: 6,270.00 Cr Particulars Spike Income CurBal: 7,130.00 Cr Share Emp 1 Narration: Unity Quit p: print x 2-Oct-26 Friday Amount 70.00 70.00 Fl: Help Q: Date Company Ed: Contra Payment F-6: Receipt : Journal Sales aaala to ru 756a- OLIO— acep 0670- Purchase FOLIO— Fl O: OåuVooctgs E: Autofill Change Mode More Details O: Related ¯ Repons Optional post -Dated J: Stat acep .337. -a30 ning bbb75 ing j _id" : 3...
[shot] tds-635-P9r-amt-sub2 (1024x768)
[16:08:06] [tds] screen tds-635-P9r-amt-sub2 : Y: Data 76 TallyPrime MANAGE EDU K: Company Accounting Voucher Creation Recei t Z: Exchange 70.00 Cr A Accept Q Search O: Import E: Export M: Share FinCom • ke Co • Account Cash Current balance: 6,270.00 Cr Particulars Spike Income CurBal: 7,130.00 Cr Share Emp 1 Narration: Unity Quit p: print x 2-Oct-26 Friday Amount 70.00 70.00 Fl: Help Q: Date Company Ed: Contra Payment F-6: Receipt : Journal Sales aaala to ru 756a- OLIO— acep 0670- Purchase FOLIO— Fl O: OåuVooctgs E: Autofill Change Mode More Details O: Related ¯ Repons Optional post -Dated J: Stat acep .337. -a30 ning bbb75 ing j _id" : 3...
[keys] '{ENTER}' -> Tally 'TallyPrime:9000'
[shot] tds-636-P9r-rows-done (1024x768)
[16:08:09] [tds] screen tds-636-P9r-rows-done : Y: Data 76 TallyPrime MANAGE EDU K: Company Accounting Voucher Creation Recei t Z: Exchange 70.00 Cr Accept Q Search O: Import E: Export M: Share FinCom • ke Co • Account Cash Current balance: 6,270.00 Cr Particulars Spike Income CurBal: 7,130.00 Cr Share Emp 1 Narration: 95 Unity Quit p: print x 2-Oct-26 Friday Amount 70.00 70.00 Fl: Help Q: Date Company Ed: Contra Payment F-6: Receipt : Journal Sales aaala to ru 756a- OLIO— acep 0670- Purchase FOLIO— Fl O: OåuVooctgs E: Autofill Change Mode More Details O: Related ¯ Repons Optional post -Dated J: Stat acep .337. -a30 ning bbb75 ing j _id" : ...
[shot] tds-637-P9r-done-sub1 (1024x768)
[16:08:10] [tds] screen tds-637-P9r-done-sub1 : Y: Data 76 TallyPrime MANAGE EDU K: Company Accounting Voucher Creation Recei t Z: Exchange 70.00 Cr Accept Q Search O: Import E: Export M: Share FinCom • ke Co • Account Cash Current balance: 6,270.00 Cr Particulars Spike Income CurBal: 7,130.00 Cr Share Emp 1 Narration: 95 Unity Quit p: print x 2-Oct-26 Friday Amount 70.00 70.00 Fl: Help Q: Date Company Ed: Contra Payment F-6: Receipt : Journal Sales aaala to ru 756a- OLIO— acep 0670- Purchase FOLIO— Fl O: OåuVooctgs E: Autofill Change Mode More Details O: Related ¯ Repons Optional post -Dated J: Stat acep .337. -a30 ning bbb75 ing j _id" : ...
[keys] 'share insert renumbering{ENTER}' -> Tally 'TallyPrime:9000'
[shot] tds-638-P9r-narr (1024x768)
[16:08:14] [tds] screen tds-638-P9r-narr : Y: Data 76 TallyPrime MANAGE EDU K: Company Accounting Voucher Creation Recei t Z: Exchange FinCom 70.00 Cr A: Accept Q Search O: Import E: Export M: Share • Account Cash Current balance: 6,270.00 Cr Particulars Spike Income CurBal: 7,130.00 Cr Share Emp 1 Narration: • share insert renumbering Unity Q: Quit p: print x 2-Oct-26 Friday Amount 70.00 70.00 Accept Q Yes or No Fl: Help F-2: Date F-3: Company F-4: Contra F-5: Payment F-6: Receipt F-7: Journal F-9: Purchase PIO: E: Autofill H: Change = Mode I: More - Details O: Related ¯ Repons L: Optional T: post = -Dated J: Stat aaala to ru 756a- OL...
[keys] '^a' -> Tally 'TallyPrime:9000'
[shot] tds-639-P9r-ins-accept1 (1024x768)
[16:08:19] [tds] screen tds-639-P9r-ins-accept1 : TallyPrime MANAGE EDU K: Company Da Book . List of Receipt Vouchers Y: Data Space: Sekd Z: Exchange A Add Vch Q Search FinCom • ke Co Vch Type Receipt Receipt Receipt Receipt Receipt O: Import Vch No. 1 2 3 4 5 Total: E: Export M: Share P: Print For 2-Oct-26 Fl: Help F2: Date aaala Date 2-Oct-26 2-Oct-26 2-Oct-26 2-Oct-26 2-Oct-26 Unity Quit Particulars Spike Income Spike Income Share Party Spike Income Spike Income Enter: Alter Debit Amount Credit Amount 70.00 60.00 500.00 800.00 700.00 2,130.00 U: Restore Line Company to ru Voucher 756a- Type OLIO— acep DuÅicate Vch I Insert Vch Delete x: Ca...
[shot] tds-640-P9r-ins-after1 (1024x768)
[16:08:20] [tds] screen tds-640-P9r-ins-after1 : TallyPrime MANAGE EDU K: Company Da Book . List of Receipt Vouchers Y: Data Space: Sekd Z: Exchange A Add Vch Q Search FinCom • ke Co Vch Type Receipt Receipt Receipt Receipt Receipt O: Import Vch No. 1 2 3 4 5 Total: E: Export M: Share P: Print For 2-Oct-26 Fl: Help F2: Date aaala Date 2-Oct-26 2-Oct-26 2-Oct-26 2-Oct-26 2-Oct-26 Unity Quit Particulars Spike Income Spike Income Share Party Spike Income Spike Income Enter: Alter Debit Amount Credit Amount 70.00 60.00 500.00 800.00 700.00 2,130.00 U: Restore Line Company to ru Voucher 756a- Type OLIO— acep DuÅicate Vch I Insert Vch Delete x: Ca...
[shot] tds-641-gw0 (1024x768)
[16:08:21] [tds] screen tds-641-gw0 : TallyPrime MANAGE EDU K: Company Da Book . List of Receipt Vouchers Y: Data Space: Sekd Z: Exchange A Add Vch Q Search FinCom • ke Co Vch Type Receipt Receipt Receipt Receipt Receipt O: Import Vch No. 1 2 3 4 5 Total: E: Export M: Share P: Print For 2-Oct-26 Fl: Help F2: Date aaala Date 2-Oct-26 2-Oct-26 2-Oct-26 2-Oct-26 2-Oct-26 Unity Quit Particulars Spike Income Spike Income Share Party Spike Income Spike Income Enter: Alter Debit Amount Credit Amount 70.00 60.00 500.00 800.00 700.00 2,130.00 U: Restore Line Company to ru Voucher 756a- Type OLIO— acep DuÅicate Vch I Insert Vch Delete x: Ca...
[keys] '{ESC}' -> Tally 'TallyPrime:9000'
[shot] tds-642-gw1 (1024x768)
[16:08:24] [tds] screen tds-642-gw1 : TallyPrime MANAGE EDU K: Company Gatewa of Tall CURRENT PERIOD I-Apr-26 to 31-Mar-27 NAME OF COMPANY FinCom Spike Co Y: Data Z: Exchange CURRENT OATE Friday, 2-Oct-2026 O: Import E: Export M: Share p: print Fl: Help Date aaala Gateway of Tally MASTERS Create Alter CHart of Accounts TRANSACTIONS Vouchers Day 800K UTILITIES BaNking REPORTS Balance Sheet Profit & Loss A/c Stock Summary Ratio Analysis Display More Reports DashbOard Quit Unity Q 2-Oct-26 Search Company to ru 756a- OLIO— acep 0670- FOLIO— acep .337. -a30 ning bbb75 ing j _id" : 3-011' 0670- Mode Windows Server 2025 Datacenter Build ...
######## FAIL P9r renumbering on: insert: the insert made; Tally renumbered 4; ALTVCHID 29 -> 30; each: mid 24 1 -> 2, AlterID 29 -> 29, lines 0, the fast request says '2'; mid 7 2 -> 3, AlterID 25 -> 25, lines 0, the fast request says '3'; mid 8 3 -> 4, AlterID 23 -> 23, lines 0, the fast request says '4'; mid 22 4 -> 5, AlterID 22 -> 22, lines 0, the fast request says '5' (a renumbered receipt with no line keeps its old number in FinCom until something asks Tally for it)
[shot] tds-643-gw0 (1024x768)
[16:08:25] [tds] screen tds-643-gw0 : TallyPrime MANAGE EDU K: Company Gatewa of Tall CURRENT PERIOD I-Apr-26 to 31-Mar-27 NAME OF COMPANY FinCom Spike Co Y: Data Z: Exchange CURRENT OATE Friday, 2-Oct-2026 O: Import E: Export M: Share p: print Fl: Help Date aaala Gateway of Tally MASTERS Create Alter CHart of Accounts TRANSACTIONS Vouchers Day 800K UTILITIES BaNking REPORTS Balance Sheet Profit & Loss A/c Stock Summary Ratio Analysis Display More Reports DashbOard Quit Unity Q 2-Oct-26 Search Company to ru 756a- OLIO— acep 0670- FOLIO— acep .337. -a30 ning bbb75 ing j _id" : 3-011' 0670- Mode Windows Server 2025 Datacenter Build ...
[keys] '%g' -> Tally 'TallyPrime:9000'
[shot] tds-644-P9r-delete-goto (1024x768)
[16:08:29] [tds] screen tds-644-P9r-delete-goto : R CEDU Unity Quit TallyPrime MANAGE K: Company List of Re Y: Data Its Z: Exchange O: Import E: Export M: Share p: print Fl: Help x Saved Views Bills Payable - GST Bills Payable - GST - Sundry Creditors Bills Payable - GST - Sundry Debtors Bills Receivable - GST Bills Receivable - GST - Sundry Creditors Bills Receivable - GST - Sundry Debtors Purchase Dashboard Sales Dashboard Ledger Vouchers - GST Details Outstanding MSME Bills Common Reports Dashboard Balance Sheet Profit & Loss A/c Cash/Bank Book Day Book Ledger Vouchers Ledger Vouchers - GST Stock Summary Trial Balance Bills Receivable FinC...
[keys] 'Day Book' -> Tally 'TallyPrime:9000'
[keys] '{ENTER}' -> Tally 'TallyPrime:9000'
[shot] tds-645-P9r-delete-daybook (1024x768)
[16:08:36] [tds] screen tds-645-P9r-delete-daybook : R CEDU Da Book . Day Book TallyPrime MANAGE K: Company Particulars Cash Share Supplier Share Expense Spike Income Spike Income Share Party Spike Income Spike Income Share Expense Share Expense Share Expense Share Party Share Party Share Party Share Party Share Party Share Supplier Share Supplier Enter: Alter Y: Data Space: Sekd Z: Exchange A Add Vch Q Search FinCom • ke Co Vch Type Contra Payment Payment Receipt Receipt Receipt Receipt Receipt Journal Journal Journal Credit Note Sales Sales Sales Sales Purchase Purchase O: Import Vch No. 1 1 2 1 2 3 4 5 6 7 8 1 1 2 3 4 1 2 E: Export M: Share P...
[keys] '{F2}' -> Tally 'TallyPrime:9000'
[shot] tds-646-P9r-delete-db-date (1024x768)
[16:08:39] [tds] screen tds-646-P9r-delete-db-date : TallyPrime MANAGE EDU K: Company Change Date Unity Quit Y: Data Z: Exchange A Accept Q Search O: Import E: Export M: Share p: print Fl: Help FinCom Spike Co Change Date 2-10-2026 aaala to ru 756a- OLIO— acep 0670- FOLIO— acep .337. -a30 ning bbb75 ing j _id" : 3-011' 0670- Mode Windows Server 2025 Datacenter Build 26100.ge_release240331-1435 4:08 PM 10/8/2026
[keys] '2-10-2026{ENTER}' -> Tally 'TallyPrime:9000'
[shot] tds-647-P9r-delete-db-dated (1024x768)
[16:08:44] [tds] screen tds-647-P9r-delete-db-dated : R CEDU Da Book . Day Book TallyPrime MANAGE K: Company Particulars Cash Share Supplier Share Expense Spike Income Spike Income Share Party Spike Income Spike Income Share Expense Share Expense Share Expense Share Party Share Party Share Party Share Party Share Party Share Supplier Share Supplier Enter: Alter Y: Data Space: Sekd Z: Exchange A Add Vch Q Search FinCom • ke Co Vch Type Contra Payment Payment Receipt Receipt Receipt Receipt Receipt Journal Journal Journal Credit Note Sales Sales Sales Sales Purchase Purchase O: Import Vch No. 1 1 2 1 2 3 4 5 6 7 8 1 1 2 3 4 1 2 E: Export M: Share P...
[keys] '{F4}' -> Tally 'TallyPrime:9000'
[shot] tds-648-P9r-delete-db-type (1024x768)
[16:08:48] [tds] screen tds-648-P9r-delete-db-type : Y: Data 7 Unity TallyPrime MANAGE EDU K: Company Change Voucher Type Quit Z: Exchange O: Import E: Export M: Share p: print Fl: Help x FinCom • ke Co Name of VoucherType Voucher T • All Items Attendance Contra Credit Note Debit Note Journal s Create Memorandum Payment Payroll Physical Stock Purchase Receipt Reversing Journal Sales Stock Journal Accept Q Search aaala to ru 756a- OLIO— acep 0670- FOLIO— acep .337. -a30 ning bbb75 ing j _id" : 3-011' 0670- Mode Windows Server 2025 Datacenter Build 26100.ge_release240331-1435 4:08 PM 10/8/2026
[keys] 'Receipt{ENTER}' -> Tally 'TallyPrime:9000'
[shot] tds-649-P9r-delete-db-typed (1024x768)
[16:08:52] [tds] screen tds-649-P9r-delete-db-typed : TallyPrime MANAGE EDU K: Company Da Book . List of Receipt Vouchers Y: Data Space: Sekd Z: Exchange A Add Vch Q Search FinCom • ke Co Vch Type Receipt Receipt Receipt Receipt Receipt O: Import Vch No. 1 2 3 4 5 Total: E: Export M: Share P: Print For 2-Oct-26 Fl: Help F2: Date aaala Date 2-Oct-26 2-Oct-26 2-Oct-26 2-Oct-26 2-Oct-26 Unity Quit Particulars Spike Income Spike Income Share Party Spike Income Spike Income Enter: Alter Debit Amount Credit Amount 70.00 60.00 500.00 800.00 700.00 2,130.00 U: Restore Line Company to ru Voucher 756a- Type OLIO— acep DuÅicate Vch I Insert Vch Delete x: Ca...
[keys] '{END}' -> Tally 'TallyPrime:9000'
[shot] tds-650-P9r-delete-db-last (1024x768)
[16:08:55] [tds] screen tds-650-P9r-delete-db-last : TallyPrime MANAGE EDU K: Company Da Book . List of Receipt Vouchers Y: Data Space: Sekd Z: Exchange A Add Vch Q Search FinCom • ke Co Vch Type Receipt Receipt Receipt Receipt Receipt O: Import Vch No. 1 2 3 4 5 Total: E: Export M: Share P: Print For 2-Oct-26 Fl: Help F2: Date aaala Date 2-Oct-26 2-Oct-26 2-Oct-26 2-Oct-26 2-Oct-26 Unity Quit Particulars Spike Income Spike Income Share Party Spike Income Spike Income Enter: Alter Debit Amount Credit Amount 70.00 60.00 500.00 800.00 700.00 2,130.00 U: Restore Line Company to ru Voucher 756a- Type OLIO— acep DuÅicate Vch I Insert Vch Delete x: Ca...
[keys] '{HOME}' -> Tally 'TallyPrime:9000'
[shot] tds-651-P9r-delete-first (1024x768)
[16:08:59] [tds] screen tds-651-P9r-delete-first : TallyPrime MANAGE EDU K: Company Da Book . List of Receipt Vouchers Y: Data Space: Sekd Z: Exchange A Add Vch Q Search FinCom • ke Co Vch Type Receipt Receipt Receipt Receipt Receipt O: Import Vch No. 1 2 3 4 5 Total: E: Export M: Share P: Print For 2-Oct-26 Fl: Help F2: Date aaala Date 2-Oct-26 2-Oct-26 2-Oct-26 2-Oct-26 2-Oct-26 Unity Quit Particulars Spike Income Spike Income Share Party Spike Income Spike Income Enter: Alter Debit Amount Credit Amount 70.00 60.00 500.00 800.00 700.00 2,130.00 U: Restore Line Company to ru Voucher 756a- Type OLIO— acep DuÅicate Vch I Insert Vch Delete x: Ca...
[keys] '{DOWN}' -> Tally 'TallyPrime:9000'
[shot] tds-652-P9r-down1 (1024x768)
[16:09:02] [tds] screen tds-652-P9r-down1 : TallyPrime MANAGE EDU K: Company Da Book . List of Receipt Vouchers Y: Data Space: Sekd Z: Exchange A Add Vch Q Search FinCom • ke Co Vch Type Receipt Receipt Receipt Receipt Receipt O: Import Vch No. 1 2 3 4 5 Total: E: Export M: Share P: Print For 2-Oct-26 Fl: Help F2: Date aaala Date 2-Oct-26 2-Oct-26 2-Oct-26 2-Oct-26 2-Oct-26 Unity Quit Particulars Spike Income Spike Income Share Party Spike Income Spike Income Enter: Alter Debit Amount Credit Amount 70.00 60.00 500.00 800.00 700.00 2,130.00 U: Restore Line Company to ru Voucher 756a- Type OLIO— acep DuÅicate Vch I Insert Vch Delete x: Ca...
[keys] '{DOWN}' -> Tally 'TallyPrime:9000'
[shot] tds-653-P9r-middle (1024x768)
[16:09:05] [tds] screen tds-653-P9r-middle : TallyPrime MANAGE EDU K: Company Da Book . List of Receipt Vouchers Y: Data Space: Sekd Z: Exchange A Add Vch Q Search FinCom • ke Co Vch Type Receipt Receipt Receipt Receipt Receipt O: Import Vch No. 1 2 3 4 5 Total: E: Export M: Share P: Print For 2-Oct-26 Fl: Help F2: Date aaala Date 2-Oct-26 2-Oct-26 2-Oct-26 2-Oct-26 2-Oct-26 Unity Quit Particulars Spike Income Spike Income Share Party Spike Income Spike Income Enter: Alter Debit Amount Credit Amount 70.00 60.00 500.00 800.00 700.00 2,130.00 U: Restore Line Company to ru Voucher 756a- Type OLIO— acep DuÅicate Vch I Insert Vch Delete x: Ca...
[keys] '%d' -> Tally 'TallyPrime:9000'
[shot] tds-654-P9r-delete-q (1024x768)
[16:09:09] [tds] screen tds-654-P9r-delete-q : R CEDU Day Book Unity Q: Quit TallyPrime MANAGE K: Company Enter: Alter Y: Data Z: Exchange FinCom Spike Co Delete Q Yes or No O: Import E: Export M: Share p: print x Fl: Help F2: Date F3: Company F4: Voucher Type F 7: Show profit F8: Columnar FIO B: Basis of = Values H: Change = View J: Exception = Reports L: Save View F: Apply = Filter F: Filter ¯ Details aaala to ru 756a- OLIO— acep 0670- FOLIO— acep .337. -a30 ning bbb75 ing j _id" : 3-011' 0670- Space: Seé:t IA:Add Vch I R: Üup(icateVch I l: Insert Vch Ip: Delete Q Search Cancel Vch R: Remue Line U: Restore Line I F12: Configure Mode Wind...
[shot] tds-655-P9r-delete-ask (1024x768)
[16:09:10] [tds] screen tds-655-P9r-delete-ask : R CEDU Day Book Unity Q: Quit TallyPrime MANAGE K: Company Enter: Alter Y: Data Z: Exchange FinCom Spike Co Delete Q Yes or No O: Import E: Export M: Share p: print x Fl: Help F2: Date F3: Company F4: Voucher Type F 7: Show profit F8: Columnar FIO B: Basis of = Values H: Change = View J: Exception = Reports L: Save View F: Apply = Filter F: Filter ¯ Details aaala to ru 756a- OLIO— acep 0670- FOLIO— acep .337. -a30 ning bbb75 ing j _id" : 3-011' 0670- Space: Seé:t IA:Add Vch I R: Üup(icateVch I l: Insert Vch Ip: Delete Q Search Cancel Vch R: Remue Line U: Restore Line I F12: Configure Mode Wind...
[keys] 'y' -> Tally 'TallyPrime:9000'
[shot] tds-656-gw0 (1024x768)
[16:09:15] [tds] screen tds-656-gw0 : TallyPrime MANAGE EDU K: Company Da Book . List of Receipt Vouchers Y: Data Space: Sekd Z: Exchange A Add Vch Q Search FinCom • ke Co Vch Type Receipt Receipt Receipt Receipt O: Import Vch No. 1 2 3 4 Total: E: Export M: Share P: Print For 2-Oct-26 Fl: Help F2: Date aaala Date 2-Oct-26 2-Oct-26 2-Oct-26 2-Oct-26 Unity Quit Particulars Spike Income Spike Income Spike Income Spike Income Enter: Alter Debit Amount Credit Amount 70.00 60.00 800.00 700.00 1,630.00 U: Restore Line Company to ru Voucher 756a- Type OLIO— acep DuÅicate Vch I Insert Vch Delete x: Cancel Vch F 7: Show profit Columnar FIO...
[keys] '{ESC}' -> Tally 'TallyPrime:9000'
[shot] tds-657-gw1 (1024x768)
[16:09:18] [tds] screen tds-657-gw1 : TallyPrime MANAGE EDU K: Company Gatewa of Tall CURRENT PERIOD I-Apr-26 to 31-Mar-27 NAME OF COMPANY FinCom Spike Co Y: Data Z: Exchange CURRENT OATE Friday, 2-Oct-2026 O: Import E: Export M: Share p: print Fl: Help Date aaala Gateway of Tally MASTERS Create Alter CHart of Accounts TRANSACTIONS Vouchers Day 800K UTILITIES BaNking REPORTS Balance Sheet Profit & Loss A/c Stock Summary Ratio Analysis Display More Reports DashbOard Quit Unity Q 2-Oct-26 Search Company to ru 756a- OLIO— acep 0670- FOLIO— acep .337. -a30 ning bbb75 ing j _id" : 3-011' 0670- Mode Windows Server 2025 Datacenter Build ...
######## FAIL P9r renumbering on: delete: the delete made; Tally renumbered 2; ALTVCHID 30 -> 31; each: mid 8 4 -> 3, AlterID 23 -> 23, lines 0, the fast request says '3'; mid 22 5 -> 4, AlterID 22 -> 22, lines 0, the fast request says '4' (a renumbered receipt with no line keeps its old number in FinCom until something asks Tally for it)
[p7 invoice SH-E1] 30 ms: <RESPONSE><CREATED>1</CREATED><ALTERED>0</ALTERED><DELETED>0</DELETED><LASTVCHID>26</LASTVCHID><LASTMID>0</LASTMID><COMBINED>0</COMBINED><IGNORED>0</IGNORED><ERRORS>0</ERRORS><CANCELLED>0</CANCELLED><EXCEPTIONS>0</EXCEPTIONS></RESPONSE>
  voucher mid=1 aid=1 Journal/1/20260401 guid=a381c3ad-1c49-482a-8d4f-cb1da1df58a6-00000001 cancelled=False
  voucher mid=2 aid=2 Journal/2/20261001 guid=a381c3ad-1c49-482a-8d4f-cb1da1df58a6-00000002 cancelled=False
  voucher mid=3 aid=3 Journal/3/20261001 guid=a381c3ad-1c49-482a-8d4f-cb1da1df58a6-00000003 cancelled=False
  voucher mid=4 aid=4 Journal/4/20261001 guid=a381c3ad-1c49-482a-8d4f-cb1da1df58a6-00000004 cancelled=False
  voucher mid=5 aid=5 Journal/5/20261001 guid=a381c3ad-1c49-482a-8d4f-cb1da1df58a6-00000005 cancelled=False
  voucher mid=6 aid=28 Payroll/1/20261001 guid=a381c3ad-1c49-482a-8d4f-cb1da1df58a6-00000006 cancelled=False
  voucher mid=23 aid=26 Payroll/2/20261001 guid=a381c3ad-1c49-482a-8d4f-cb1da1df58a6-00000017 cancelled=False
  voucher mid=25 aid=30 Receipt/1/20261002 guid=a381c3ad-1c49-482a-8d4f-cb1da1df58a6-00000019 cancelled=False
  voucher mid=24 aid=29 Receipt/2/20261002 guid=a381c3ad-1c49-482a-8d4f-cb1da1df58a6-00000018 cancelled=False
  voucher mid=8 aid=23 Receipt/3/20261002 guid=a381c3ad-1c49-482a-8d4f-cb1da1df58a6-00000008 cancelled=False
  voucher mid=9 aid=9 Payment/1/20261002 guid=a381c3ad-1c49-482a-8d4f-cb1da1df58a6-00000009 cancelled=False
  voucher mid=10 aid=10 Payment/2/20261002 guid=a381c3ad-1c49-482a-8d4f-cb1da1df58a6-0000000a cancelled=False
  voucher mid=11 aid=11 Contra/1/20261002 guid=a381c3ad-1c49-482a-8d4f-cb1da1df58a6-0000000b cancelled=False
  voucher mid=12 aid=12 Journal/6/20261002 guid=a381c3ad-1c49-482a-8d4f-cb1da1df58a6-0000000c cancelled=False
  voucher mid=13 aid=13 Journal/7/20261002 guid=a381c3ad-1c49-482a-8d4f-cb1da1df58a6-0000000d cancelled=False
  voucher mid=14 aid=24 Sales/1/20261002 guid=a381c3ad-1c49-482a-8d4f-cb1da1df58a6-0000000e cancelled=False
  voucher mid=15 aid=15 Sales/2/20261002 guid=a381c3ad-1c49-482a-8d4f-cb1da1df58a6-0000000f cancelled=False
  voucher mid=16 aid=16 Sales/3/20261002 guid=a381c3ad-1c49-482a-8d4f-cb1da1df58a6-00000010 cancelled=False
  voucher mid=17 aid=17 Purchase/1/20261002 guid=a381c3ad-1c49-482a-8d4f-cb1da1df58a6-00000011 cancelled=False
  voucher mid=18 aid=18 Purchase/2/20261002 guid=a381c3ad-1c49-482a-8d4f-cb1da1df58a6-00000012 cancelled=False
  voucher mid=19 aid=19 Sales/4/20261002 guid=a381c3ad-1c49-482a-8d4f-cb1da1df58a6-00000013 cancelled=False
  voucher mid=20 aid=20 Credit Note/1/20261002 guid=a381c3ad-1c49-482a-8d4f-cb1da1df58a6-00000014 cancelled=False
  voucher mid=21 aid=21 Journal/8/20261002 guid=a381c3ad-1c49-482a-8d4f-cb1da1df58a6-00000015 cancelled=False
  voucher mid=22 aid=22 Receipt/4/20261002 guid=a381c3ad-1c49-482a-8d4f-cb1da1df58a6-00000016 cancelled=False
  voucher mid=26 aid=32 Sales/5/20261031 guid=a381c3ad-1c49-482a-8d4f-cb1da1df58a6-0000001a cancelled=False
[p7a IRN and e-way bill by a tool] 30 ms: <RESPONSE><CREATED>0</CREATED><ALTERED>1</ALTERED><DELETED>0</DELETED><LASTVCHID>26</LASTVCHID><LASTMID>0</LASTMID><COMBINED>0</COMBINED><IGNORED>0</IGNORED><ERRORS>0</ERRORS><CANCELLED>0</CANCELLED><EXCEPTIONS>0</EXCEPTIONS></RESPONSE>
  voucher mid=1 aid=1 Journal/1/20260401 guid=a381c3ad-1c49-482a-8d4f-cb1da1df58a6-00000001 cancelled=False
  voucher mid=2 aid=2 Journal/2/20261001 guid=a381c3ad-1c49-482a-8d4f-cb1da1df58a6-00000002 cancelled=False
  voucher mid=3 aid=3 Journal/3/20261001 guid=a381c3ad-1c49-482a-8d4f-cb1da1df58a6-00000003 cancelled=False
  voucher mid=4 aid=4 Journal/4/20261001 guid=a381c3ad-1c49-482a-8d4f-cb1da1df58a6-00000004 cancelled=False
  voucher mid=5 aid=5 Journal/5/20261001 guid=a381c3ad-1c49-482a-8d4f-cb1da1df58a6-00000005 cancelled=False
  voucher mid=6 aid=28 Payroll/1/20261001 guid=a381c3ad-1c49-482a-8d4f-cb1da1df58a6-00000006 cancelled=False
  voucher mid=23 aid=26 Payroll/2/20261001 guid=a381c3ad-1c49-482a-8d4f-cb1da1df58a6-00000017 cancelled=False
  voucher mid=25 aid=30 Receipt/1/20261002 guid=a381c3ad-1c49-482a-8d4f-cb1da1df58a6-00000019 cancelled=False
  voucher mid=24 aid=29 Receipt/2/20261002 guid=a381c3ad-1c49-482a-8d4f-cb1da1df58a6-00000018 cancelled=False
  voucher mid=8 aid=23 Receipt/3/20261002 guid=a381c3ad-1c49-482a-8d4f-cb1da1df58a6-00000008 cancelled=False
  voucher mid=9 aid=9 Payment/1/20261002 guid=a381c3ad-1c49-482a-8d4f-cb1da1df58a6-00000009 cancelled=False
  voucher mid=10 aid=10 Payment/2/20261002 guid=a381c3ad-1c49-482a-8d4f-cb1da1df58a6-0000000a cancelled=False
  voucher mid=11 aid=11 Contra/1/20261002 guid=a381c3ad-1c49-482a-8d4f-cb1da1df58a6-0000000b cancelled=False
  voucher mid=12 aid=12 Journal/6/20261002 guid=a381c3ad-1c49-482a-8d4f-cb1da1df58a6-0000000c cancelled=False
  voucher mid=13 aid=13 Journal/7/20261002 guid=a381c3ad-1c49-482a-8d4f-cb1da1df58a6-0000000d cancelled=False
  voucher mid=14 aid=24 Sales/1/20261002 guid=a381c3ad-1c49-482a-8d4f-cb1da1df58a6-0000000e cancelled=False
  voucher mid=15 aid=15 Sales/2/20261002 guid=a381c3ad-1c49-482a-8d4f-cb1da1df58a6-0000000f cancelled=False
  voucher mid=16 aid=16 Sales/3/20261002 guid=a381c3ad-1c49-482a-8d4f-cb1da1df58a6-00000010 cancelled=False
  voucher mid=17 aid=17 Purchase/1/20261002 guid=a381c3ad-1c49-482a-8d4f-cb1da1df58a6-00000011 cancelled=False
  voucher mid=18 aid=18 Purchase/2/20261002 guid=a381c3ad-1c49-482a-8d4f-cb1da1df58a6-00000012 cancelled=False
  voucher mid=19 aid=19 Sales/4/20261002 guid=a381c3ad-1c49-482a-8d4f-cb1da1df58a6-00000013 cancelled=False
  voucher mid=20 aid=20 Credit Note/1/20261002 guid=a381c3ad-1c49-482a-8d4f-cb1da1df58a6-00000014 cancelled=False
  voucher mid=21 aid=21 Journal/8/20261002 guid=a381c3ad-1c49-482a-8d4f-cb1da1df58a6-00000015 cancelled=False
  voucher mid=22 aid=22 Receipt/4/20261002 guid=a381c3ad-1c49-482a-8d4f-cb1da1df58a6-00000016 cancelled=False
  voucher mid=26 aid=33 Sales/5/20261031 guid=a381c3ad-1c49-482a-8d4f-cb1da1df58a6-0000001a cancelled=False
######## FAIL P7a IRN and e-way bill written back after the save by a tool: made by an XML alteration (DATE="20261031" TAGNAME="Voucher Number" TAGVALUE="5" VCHTYPE="Sales" ACTION="Alter"): Tally stored IRN 'IRN-SHARE-0001' ack 'ACK-SHARE-1' 20261031 e-way bill '381101234299', AlterID 32 -> 33, no other entry changed; the add-on wrote 0 line(s) (an alteration with no form: by design no line; the counter route / Day Book has it)
[16:09:19] ---- share einvoice-save: alteration: the e-invoice (IRN and e-way bill set by a tool) saved again on its form
  voucher mid=1 aid=1 Journal/1/20260401 guid=a381c3ad-1c49-482a-8d4f-cb1da1df58a6-00000001 cancelled=False
  voucher mid=2 aid=2 Journal/2/20261001 guid=a381c3ad-1c49-482a-8d4f-cb1da1df58a6-00000002 cancelled=False
  voucher mid=3 aid=3 Journal/3/20261001 guid=a381c3ad-1c49-482a-8d4f-cb1da1df58a6-00000003 cancelled=False
  voucher mid=4 aid=4 Journal/4/20261001 guid=a381c3ad-1c49-482a-8d4f-cb1da1df58a6-00000004 cancelled=False
  voucher mid=5 aid=5 Journal/5/20261001 guid=a381c3ad-1c49-482a-8d4f-cb1da1df58a6-00000005 cancelled=False
  voucher mid=6 aid=28 Payroll/1/20261001 guid=a381c3ad-1c49-482a-8d4f-cb1da1df58a6-00000006 cancelled=False
  voucher mid=23 aid=26 Payroll/2/20261001 guid=a381c3ad-1c49-482a-8d4f-cb1da1df58a6-00000017 cancelled=False
  voucher mid=25 aid=30 Receipt/1/20261002 guid=a381c3ad-1c49-482a-8d4f-cb1da1df58a6-00000019 cancelled=False
  voucher mid=24 aid=29 Receipt/2/20261002 guid=a381c3ad-1c49-482a-8d4f-cb1da1df58a6-00000018 cancelled=False
  voucher mid=8 aid=23 Receipt/3/20261002 guid=a381c3ad-1c49-482a-8d4f-cb1da1df58a6-00000008 cancelled=False
  voucher mid=9 aid=9 Payment/1/20261002 guid=a381c3ad-1c49-482a-8d4f-cb1da1df58a6-00000009 cancelled=False
  voucher mid=10 aid=10 Payment/2/20261002 guid=a381c3ad-1c49-482a-8d4f-cb1da1df58a6-0000000a cancelled=False
  voucher mid=11 aid=11 Contra/1/20261002 guid=a381c3ad-1c49-482a-8d4f-cb1da1df58a6-0000000b cancelled=False
  voucher mid=12 aid=12 Journal/6/20261002 guid=a381c3ad-1c49-482a-8d4f-cb1da1df58a6-0000000c cancelled=False
  voucher mid=13 aid=13 Journal/7/20261002 guid=a381c3ad-1c49-482a-8d4f-cb1da1df58a6-0000000d cancelled=False
  voucher mid=14 aid=24 Sales/1/20261002 guid=a381c3ad-1c49-482a-8d4f-cb1da1df58a6-0000000e cancelled=False
  voucher mid=15 aid=15 Sales/2/20261002 guid=a381c3ad-1c49-482a-8d4f-cb1da1df58a6-0000000f cancelled=False
  voucher mid=16 aid=16 Sales/3/20261002 guid=a381c3ad-1c49-482a-8d4f-cb1da1df58a6-00000010 cancelled=False
  voucher mid=17 aid=17 Purchase/1/20261002 guid=a381c3ad-1c49-482a-8d4f-cb1da1df58a6-00000011 cancelled=False
  voucher mid=18 aid=18 Purchase/2/20261002 guid=a381c3ad-1c49-482a-8d4f-cb1da1df58a6-00000012 cancelled=False
  voucher mid=19 aid=19 Sales/4/20261002 guid=a381c3ad-1c49-482a-8d4f-cb1da1df58a6-00000013 cancelled=False
  voucher mid=20 aid=20 Credit Note/1/20261002 guid=a381c3ad-1c49-482a-8d4f-cb1da1df58a6-00000014 cancelled=False
  voucher mid=21 aid=21 Journal/8/20261002 guid=a381c3ad-1c49-482a-8d4f-cb1da1df58a6-00000015 cancelled=False
  voucher mid=22 aid=22 Receipt/4/20261002 guid=a381c3ad-1c49-482a-8d4f-cb1da1df58a6-00000016 cancelled=False
  voucher mid=26 aid=33 Sales/5/20261031 guid=a381c3ad-1c49-482a-8d4f-cb1da1df58a6-0000001a cancelled=False
[shot] tds-658-gw0 (1024x768)
[16:09:20] [tds] screen tds-658-gw0 : TallyPrime MANAGE EDU K: Company Gatewa of Tall CURRENT PERIOD I-Apr-26 to 31-Mar-27 NAME OF COMPANY FinCom Spike Co Y: Data Z: Exchange CURRENT OATE Friday, 2-Oct-2026 O: Import E: Export M: Share p: print Fl: Help Date aaala Gateway of Tally MASTERS Create Alter CHart of Accounts TRANSACTIONS Vouchers Day 800K UTILITIES BaNking REPORTS Balance Sheet Profit & Loss A/c Stock Summary Ratio Analysis Display More Reports DashbOard Quit Unity Q 2-Oct-26 Search Company to ru 756a- OLIO— acep 0670- FOLIO— acep .337. -a30 ning bbb75 ing j _id" : 3-011' 0670- Mode Windows Server 2025 Datacenter Build ...
[keys] '%g' -> Tally 'TallyPrime:9000'
[shot] tds-659-P7b-goto (1024x768)
[16:09:23] [tds] screen tds-659-P7b-goto : R CEDU Unity Quit TallyPrime MANAGE K: Company List of Re Y: Data Its Z: Exchange O: Import E: Export M: Share p: print Fl: Help x Saved Views Bills Payable - GST Bills Payable - GST - Sundry Creditors Bills Payable - GST - Sundry Debtors Bills Receivable - GST Bills Receivable - GST - Sundry Creditors Bills Receivable - GST - Sundry Debtors Purchase Dashboard Sales Dashboard Ledger Vouchers - GST Details Outstanding MSME Bills Common Reports Dashboard Balance Sheet Profit & Loss A/c Cash/Bank Book Day Book Ledger Vouchers Ledger Vouchers - GST Stock Summary Trial Balance Bills Receivable FinC...
[keys] 'Day Book' -> Tally 'TallyPrime:9000'
[keys] '{ENTER}' -> Tally 'TallyPrime:9000'
[shot] tds-660-P7b-daybook (1024x768)
[16:09:30] [tds] screen tds-660-P7b-daybook : R CEDU Da Book . Day Book TallyPrime MANAGE K: Company Particulars Cash Share Supplier Share Expense Spike Income Spike Income Spike Income Spike Income Share Expense Share Expense Share Expense Share Party Share Party Share Party Share Party Share Party Share Supplier Share Supplier Enter: Alter Y: Data Space: Sekd Z: Exchange A Add Vch Q Search FinCom • ke Co Vch Type Contra Payment Payment Receipt Receipt Receipt Receipt Journal Journal Journal Credit Note Sales Sales Sales Sales Purchase Purchase O: Import Vch No. 1 1 2 1 2 3 4 6 7 8 1 1 2 3 4 1 2 E: Export M: Share P: Print For 2-Oct-26 F...
[keys] '{F2}' -> Tally 'TallyPrime:9000'
[shot] tds-661-P7b-db-date (1024x768)
[16:09:33] [tds] screen tds-661-P7b-db-date : TallyPrime MANAGE EDU K: Company Change Date Unity Quit Y: Data Z: Exchange A Accept Q Search O: Import E: Export M: Share p: print Fl: Help FinCom Spike Co Change Date 2-10-2026 aaala to ru 756a- OLIO— acep 0670- FOLIO— acep .337. -a30 ning bbb75 ing j _id" : 3-011' 0670- Mode Windows Server 2025 Datacenter Build 26100.ge_release240331-1435 4:09 PM 10/8/2026
[keys] '31-10-2026{ENTER}' -> Tally 'TallyPrime:9000'
[shot] tds-662-P7b-db-dated (1024x768)
[16:09:38] [tds] screen tds-662-P7b-db-dated : TallyPrime MANAGE EDU K: Company Da Book . Day Book Y: Data Space: Sekd Z: Exchange A Add Vch Q Search FinCom • ke Co Vch Type Sales DuÅicate Vch I Insert Vch O: Import Vch No. 5 E: Export M: Share P: Print For 310ct-26 Fl: Help F2: Date aaala Company to ru Voucher Date 31-Oct-26 Unity Quit Particulars Share Party Enter: Alter Debit Amount Credit Amount Inwards Qty_ Outwards Qt 150.00 Type F 7: Show profit F8: Columnar FIO Basis of Values Change ¯ View B: J: L: F: 756a- OLIO— acep 0670- FOLIO— acep .337. -a30 ning bbb75 Exception Reports ing j _id" : Save View Apply — Filter F: Filter ¯ Detail...
[keys] '{F4}' -> Tally 'TallyPrime:9000'
[shot] tds-663-P7b-db-type (1024x768)
[16:09:42] [tds] screen tds-663-P7b-db-type : Y: Data 7 Unity TallyPrime MANAGE EDU K: Company Change Voucher Type Quit Z: Exchange O: Import E: Export M: Share p: print Fl: Help x FinCom • ke Co Name of VoucherType Voucher T • All Items Attendance Contra Credit Note Debit Note Journal s Create Memorandum Payment Payroll Physical Stock Purchase Receipt Reversing Journal Sales Stock Journal Accept Q Search aaala to ru 756a- OLIO— acep 0670- FOLIO— acep .337. -a30 ning bbb75 ing j _id" : 3-011' 0670- Mode Windows Server 2025 Datacenter Build 26100.ge_release240331-1435 4:09 PM 10/8/2026
[keys] 'Sales{ENTER}' -> Tally 'TallyPrime:9000'
[shot] tds-664-P7b-db-typed (1024x768)
[16:09:46] [tds] screen tds-664-P7b-db-typed : TallyPrime MANAGE EDU K: Company Da Book . List of Sales Vouchers Y: Data Space: Sekd Z: Exchange A Add Vch Q Search FinCom • ke Co Vch Type Sales DuÅicate Vch I Insert Vch O: Import Vch No. 5 Total: E: Export M: Share P: Print For 310ct-26 Fl: Help F2: Date aaala Date 31-Oct-26 Unity Quit Particulars Share Party Enter: Alter Debit Amount 150.00 150.00 Credit Amount U: Restore Line Company to ru Voucher 756a- Type OLIO— acep Delete x: Cancel Vch F7: Show profit Columnar FIO B: Basis of = Values Change ¯ View Exception J: Reports Save View L: Apply F: — Filter F: Filter ¯ Details F 12: Configur...
[keys] '{END}' -> Tally 'TallyPrime:9000'
[shot] tds-665-P7b-db-last (1024x768)
[16:09:49] [tds] screen tds-665-P7b-db-last : TallyPrime MANAGE EDU K: Company Da Book . List of Sales Vouchers Y: Data Space: Sekd Z: Exchange A Add Vch Q Search FinCom • ke Co Vch Type Sales DuÅicate Vch I Insert Vch O: Import Vch No. 5 Total: E: Export M: Share P: Print For 310ct-26 Fl: Help F2: Date aaala Date 31-Oct-26 Unity Quit Particulars Share Party Enter: Alter Debit Amount 150.00 150.00 Credit Amount U: Restore Line Company to ru Voucher 756a- Type OLIO— acep Delete x: Cancel Vch F7: Show profit Columnar FIO B: Basis of = Values Change ¯ View Exception J: Reports Save View L: Apply F: — Filter F: Filter ¯ Details F 12: Configur...
[keys] '{HOME}' -> Tally 'TallyPrime:9000'
[shot] tds-666-P7b-first (1024x768)
[16:09:52] [tds] screen tds-666-P7b-first : TallyPrime MANAGE EDU K: Company Da Book . List of Sales Vouchers Y: Data Space: Sekd Z: Exchange A Add Vch Q Search FinCom • ke Co Vch Type Sales DuÅicate Vch I Insert Vch O: Import Vch No. 5 Total: E: Export M: Share P: Print For 310ct-26 Fl: Help F2: Date aaala Date 31-Oct-26 Unity Quit Particulars Share Party Enter: Alter Debit Amount 150.00 150.00 Credit Amount U: Restore Line Company to ru Voucher 756a- Type OLIO— acep Delete x: Cancel Vch F7: Show profit Columnar FIO B: Basis of = Values Change ¯ View Exception J: Reports Save View L: Apply F: — Filter F: Filter ¯ Details F 12: Configur...
[keys] '{ENTER}' -> Tally 'TallyPrime:9000'
[shot] tds-667-P7b-open (1024x768)
[16:09:57] [tds] screen tds-667-P7b-open : TallyPrime MANAGE EDU K: Company Y: Data Accounting Voucher Alteration (Secondary 76 • Dr Cr Z: Exchange 150.00 Dr No A Accept Q Search O: Import E: Export M: Share FinCom • ke Co p: print El -Oct-26 Saturday Credit 150.00 150.00 Fl: Help Date aaala Sales Particulars Share Party CurBal: 5,050.00 Dr New Ref SH-EI Share Sales CurBa1: 1,050.00 Cr Company to ru Debit 150.00 150.00 F4: Contra F5: Payment Receipt Journal F8: Sales 756a- OLIO— acep 0670- FOLIO— Purchase • Fl 0: 0åHVouctg•s F: Autofill Change Mode More Details o: Related Reports Optional post -Dated acep .337. -a30 ning bbb75 ing j _i...
[keys] '^a' -> Tally 'TallyPrime:9000'
[shot] tds-668-P7b-accept1 (1024x768)
[16:10:02] [tds] screen tds-668-P7b-accept1 : TallyPrime MANAGE EDU K: Company Da Book . List of Sales Vouchers Y: Data Space: Sekd Z: Exchange A Add Vch Q Search FinCom • ke Co Vch Type Sales DuÅicate Vch I Insert Vch O: Import Vch No. 5 Total: E: Export M: Share P: Print For 310ct-26 Fl: Help F2: Date aaala Date 31-Oct-26 Unity Quit Particulars Share Party Enter: Alter Debit Amount 150.00 150.00 Credit Amount U: Restore Line Company to ru Voucher 756a- Type OLIO— acep Delete x: Cancel Vch F7: Show profit Columnar FIO B: Basis of = Values Change ¯ View Exception J: Reports Save View L: Apply F: — Filter F: Filter ¯ Details F 12: Configur...
[shot] tds-669-P7b-after1 (1024x768)
[16:10:02] [tds] screen tds-669-P7b-after1 : TallyPrime MANAGE EDU K: Company Da Book . List of Sales Vouchers Y: Data Space: Sekd Z: Exchange A Add Vch Q Search FinCom • ke Co Vch Type Sales DuÅicate Vch I Insert Vch O: Import Vch No. 5 Total: E: Export M: Share P: Print For 310ct-26 Fl: Help F2: Date aaala Date 31-Oct-26 Unity Quit Particulars Share Party Enter: Alter Debit Amount 150.00 150.00 Credit Amount U: Restore Line Company to ru Voucher 756a- Type OLIO— acep Delete x: Cancel Vch F7: Show profit Columnar FIO B: Basis of = Values Change ¯ View Exception J: Reports Save View L: Apply F: — Filter F: Filter ¯ Details F 12: Configur...
[shot] tds-670-gw0 (1024x768)
[16:10:03] [tds] screen tds-670-gw0 : TallyPrime MANAGE EDU K: Company Da Book . List of Sales Vouchers Y: Data Space: Sekd Z: Exchange A Add Vch Q Search FinCom • ke Co Vch Type Sales DuÅicate Vch I Insert Vch O: Import Vch No. 5 Total: E: Export M: Share P: Print For 310ct-26 Fl: Help F2: Date aaala Date 31-Oct-26 Unity Quit Particulars Share Party Enter: Alter Debit Amount 150.00 150.00 Credit Amount U: Restore Line Company to ru Voucher 756a- Type OLIO— acep Delete x: Cancel Vch F7: Show profit Columnar FIO B: Basis of = Values Change ¯ View Exception J: Reports Save View L: Apply F: — Filter F: Filter ¯ Details F 12: Configur...
[keys] '{ESC}' -> Tally 'TallyPrime:9000'
[shot] tds-671-gw1 (1024x768)
[16:10:07] [tds] screen tds-671-gw1 : TallyPrime MANAGE EDU K: Company Gatewa of Tall CURRENT PERIOD I-Apr-26 to 31-Mar-27 NAME OF COMPANY FinCom Spike Co Y: Data Z: Exchange CURRENT OATE Saturday, 31-Oct-2026 O: Import E: Export M: Share p: print Fl: Help Date aaala Gateway of Tally MASTERS Create Alter CHart of Accounts TRANSACTIONS Vouchers Day 800K UTILITIES BaNking REPORTS Balance Sheet Profit & Loss A/c Stock Summary Ratio Analysis Display More Reports DashbOard Quit Unity Q 31-Oct-26 Search Company to ru 756a- OLIO— acep 0670- FOLIO— acep .337. -a30 ning bbb75 ing j _id" : 3-011' 0670- Mode Windows Server 2025 Datacenter Bu...
  voucher mid=1 aid=1 Journal/1/20260401 guid=a381c3ad-1c49-482a-8d4f-cb1da1df58a6-00000001 cancelled=False
  voucher mid=2 aid=2 Journal/2/20261001 guid=a381c3ad-1c49-482a-8d4f-cb1da1df58a6-00000002 cancelled=False
  voucher mid=3 aid=3 Journal/3/20261001 guid=a381c3ad-1c49-482a-8d4f-cb1da1df58a6-00000003 cancelled=False
  voucher mid=4 aid=4 Journal/4/20261001 guid=a381c3ad-1c49-482a-8d4f-cb1da1df58a6-00000004 cancelled=False
  voucher mid=5 aid=5 Journal/5/20261001 guid=a381c3ad-1c49-482a-8d4f-cb1da1df58a6-00000005 cancelled=False
  voucher mid=6 aid=28 Payroll/1/20261001 guid=a381c3ad-1c49-482a-8d4f-cb1da1df58a6-00000006 cancelled=False
  voucher mid=23 aid=26 Payroll/2/20261001 guid=a381c3ad-1c49-482a-8d4f-cb1da1df58a6-00000017 cancelled=False
  voucher mid=25 aid=30 Receipt/1/20261002 guid=a381c3ad-1c49-482a-8d4f-cb1da1df58a6-00000019 cancelled=False
  voucher mid=24 aid=29 Receipt/2/20261002 guid=a381c3ad-1c49-482a-8d4f-cb1da1df58a6-00000018 cancelled=False
  voucher mid=8 aid=23 Receipt/3/20261002 guid=a381c3ad-1c49-482a-8d4f-cb1da1df58a6-00000008 cancelled=False
  voucher mid=9 aid=9 Payment/1/20261002 guid=a381c3ad-1c49-482a-8d4f-cb1da1df58a6-00000009 cancelled=False
  voucher mid=10 aid=10 Payment/2/20261002 guid=a381c3ad-1c49-482a-8d4f-cb1da1df58a6-0000000a cancelled=False
  voucher mid=11 aid=11 Contra/1/20261002 guid=a381c3ad-1c49-482a-8d4f-cb1da1df58a6-0000000b cancelled=False
  voucher mid=12 aid=12 Journal/6/20261002 guid=a381c3ad-1c49-482a-8d4f-cb1da1df58a6-0000000c cancelled=False
  voucher mid=13 aid=13 Journal/7/20261002 guid=a381c3ad-1c49-482a-8d4f-cb1da1df58a6-0000000d cancelled=False
  voucher mid=14 aid=24 Sales/1/20261002 guid=a381c3ad-1c49-482a-8d4f-cb1da1df58a6-0000000e cancelled=False
  voucher mid=15 aid=15 Sales/2/20261002 guid=a381c3ad-1c49-482a-8d4f-cb1da1df58a6-0000000f cancelled=False
  voucher mid=16 aid=16 Sales/3/20261002 guid=a381c3ad-1c49-482a-8d4f-cb1da1df58a6-00000010 cancelled=False
  voucher mid=17 aid=17 Purchase/1/20261002 guid=a381c3ad-1c49-482a-8d4f-cb1da1df58a6-00000011 cancelled=False
  voucher mid=18 aid=18 Purchase/2/20261002 guid=a381c3ad-1c49-482a-8d4f-cb1da1df58a6-00000012 cancelled=False
  voucher mid=19 aid=19 Sales/4/20261002 guid=a381c3ad-1c49-482a-8d4f-cb1da1df58a6-00000013 cancelled=False
  voucher mid=20 aid=20 Credit Note/1/20261002 guid=a381c3ad-1c49-482a-8d4f-cb1da1df58a6-00000014 cancelled=False
  voucher mid=21 aid=21 Journal/8/20261002 guid=a381c3ad-1c49-482a-8d4f-cb1da1df58a6-00000015 cancelled=False
  voucher mid=22 aid=22 Receipt/4/20261002 guid=a381c3ad-1c49-482a-8d4f-cb1da1df58a6-00000016 cancelled=False
  voucher mid=26 aid=34 Sales/5/20261031 guid=a381c3ad-1c49-482a-8d4f-cb1da1df58a6-0000001a cancelled=False
  INFO share einvoice-save (alteration: the e-invoice (IRN and e-way bill set by a tool) saved again on its form): Tally Sales 5 mid 26; stored party 'Share Party' bills [New Ref]; the line party 'Share Party' bills [New Ref]; lines voucher_accept_post x1, voucher_accept_pre x1, voucher_full x1
######## FAIL P7b IRN and e-way bill in the full line of the form save: the line: irn 'IRN-SHARE-0001' irnack 'ACK-SHARE-1' irnackdt '31-Oct-26' ewb ''; Tally after the save (AlterID 34): 'IRN-SHARE-0001' / 'ACK-SHARE-1' / '20261031' / '381101234299' (P7a's alteration took); lines 3
  INFO share: 22 of 23 cases made by keys: receipt-agst=mid 7; receipt-plain=mid 8; payment-agst=mid 9; payment-expense=mid 10; contra=mid 11; journal-party=mid 12; journal-plain=mid 13; sales-new=mid 14; copy-sales-new=mid 15; sales-new2=mid 16; purchase-new=mid 17; purchase-new2=mid 18; sales-agst=mid 19; purchase-agst=NOT MADE; credit-note=mid 20; copy-journal-party=mid 21; copy-receipt-plain=mid 22; alter-receipt-plain=mid 8; alter-sales-new=mid 14; alter-receipt-agst=mid 7; copy-payroll=mid 23; alter-payroll=mid 6; einvoice-save=mid 26
