[17:51:34] ---- c1 install and open the company (TallyPrime 3.0)
  INFO installed: C:\Program Files\TallyPrime\tally.exe; tally.exe 11457160 bytes, 2026-10-08, FileVersion 1.1.3.0, ProductVersion 1.1.3.0, ProductName TallyPrime
  INFO company folder made by flow.ps1: D:\a\_temp\TallyData\100000
[keys] 'a' -> Tally 'TallyPrime:9000'
[keys] 't' -> Tally 'TallyPrime:9000'
[shot] v-00-started (1024x768)
[companies] 7 ms: <ENVELOPE><HEADER><VERSION>1</VERSION><STATUS>1</STATUS></HEADER><BODY><DESC><CMPINFO><COMPANY>0</COMPANY><GROUP>0</GROUP><LEDGER>0</LEDGER><COSTCATEGORY>0</COSTCATEGORY><COSTCENTRE>0</COSTCENTRE><GODOWN>0</GODOWN><STOCKGROUP>0</STOCKGROUP><STOCKCATEGORY>0</STOCKCATEGORY><STOCKITEM>0</STOCKITEM><VOUCHERTYPE>0</VOUCHERTYPE><CURRENCY>0</CURRENCY><UNIT>0</UNIT><BUDGET>0</BUDGET><CLIENTRULE>0</CLIENTRULE><SERVERRULE>0</SERVERRULE><STATE>0</STATE><TDSRATE>0</TDSRATE><TAXCLASSIFICATION>0</TAXCLASSIFICATION><STCATEGORY>0</STCATEGORY><DEDUCTEETYPE>0</DEDUCTEETYPE><ATTENDANCETYPE>0</ATTENDANCETYPE><FBT...
[header] 6 ms: <ENVELOPE><HEADER><VERSION>1</VERSION><STATUS>1</STATUS><PRODMAJORVER>1</PRODMAJORVER><PRODMINORVER>1</PRODMINORVER><PRODMAJORREL>3</PRODMAJORREL><PRODMINORREL>0</PRODMINORREL><PRODTYPE>5</PRODTYPE></HEADER><BODY><DESC><CMPINFO><COMPANY>0</COMPANY><GROUP>0</GROUP><LEDGER>0</LEDGER><COSTCATEGORY>0</COSTCATEGORY><COSTCENTRE>0</COSTCENTRE><GODOWN>0</GODOWN><STOCKGROUP>0</STOCKGROUP><STOCKCATEGORY>0</STOCKCATEGORY><STOCKITEM>0</STOCKITEM><VOUCHERTYPE>0</VOUCHERTYPE><CURRENCY>0</CURRENCY><UNIT>0</UNIT><BUDGET>0</BUDGET><CLIENTRULE>0</CLIENTRULE><SERVERRULE>0</SERVERRULE><STATE>0</STATE><TDSRATE>0</...
  INFO Tally's own release in its answer header: PRODMAJORREL 3 PRODMINORREL 0 (PRODMAJORVER 1 PRODMINORVER 1 PRODTYPE 5)
######## PASS c1 install and open the company: installed tally.exe 11457160 bytes, 2026-10-08, FileVersion 1.1.3.0, ProductVersion 1.1.3.0, ProductName TallyPrime; company folder 100000 loaded at start: True; window 'TallyPrime:9000'
######## PASS c2 port and company list: port 9000 answered 10.1 s after start, GET 19 ms ('<RESPONSE>TallyPrime Server is Running</RESPONSE>'); company list 7 ms, 'FinCom Spike Co' in it: True
[17:52:07] ---- the stub cloud and the bridge
[ledger Spike Income] 13 ms: <RESPONSE><CREATED>1</CREATED><ALTERED>0</ALTERED><DELETED>0</DELETED><LASTVCHID>0</LASTVCHID><LASTMID>0</LASTMID><COMBINED>0</COMBINED><IGNORED>0</IGNORED><ERRORS>0</ERRORS><CANCELLED>0</CANCELLED></RESPONSE>
[renum journal] 27 ms: <RESPONSE><CREATED>1</CREATED><ALTERED>0</ALTERED><DELETED>0</DELETED><LASTVCHID>2</LASTVCHID><LASTMID>0</LASTMID><COMBINED>0</COMBINED><IGNORED>0</IGNORED><ERRORS>0</ERRORS><CANCELLED>0</CANCELLED></RESPONSE>
  INFO setup origin: BUILT from source dist/FinComBridge-Setup-2.3.4.exe SHA-256 984897a40ee023ae1800995fecd92bc59f2d314e3aa712df7262cc0ef4b80e16; bridge source: 9ed7605d0f1f7ffaccc1fc85a9c6e627ae79329e Merge remote-tracking branch 'origin/next-heldfix' into next-notify
[17:52:12] proxy 127.0.0.2:9000 -> Tally: True (HTTP 200, pid 4960)
  INFO s235: the runner's clock Thu 17:52 (UTC) is outside office hours: KeepOfficeFrom 0, KeepOfficeTo 24 set
bridge setup ended with 0
  INFO bridge on 127.0.0.1:9100, version 2.3.4, allowImport True, readOnly '', testMode False
  bridge log: 2026-10-08 17:52:16  FinCom Bridge 2.3.4: started just for runnervmfi6oq\runneradmin (no service); it keeps the bridge and its icon running
  bridge log: 2026-10-08 17:52:16  FinCom Bridge 2.3.4 (Go) started on 127.0.0.1:9100: the only bridge on this computer; working for runnervmfi6oq\runneradmin, Windows session 2; runs just for this Windows user (starts at sign-in, no service)
  bridge log: 2026-10-08 17:52:16  Tally is open on port 9000; the bridge reads it only after an event (a client opened in FinCom, Update now, a posting, the nightly catch-up at 02:00)
  bridge log: 2026-10-08 17:52:16  Recorder: re-scan of the add-on's files for 2.3.4: 0 line(s) sent earlier without their entry found (a new entry's line with no MasterID, a GUID of another entry, or read while the body fetch was off)
  bridge log: 2026-10-08 17:52:17  Check:  - 
  bridge log: 2026-10-08 17:52:19  Tray icon: set to show next to the clock always (Windows 11)
  bridge log: 2026-10-08 17:52:19  Trial tools switched on for this computer in FinCom: the tray shows the trial items
  bridge log: 2026-10-08 17:52:19  FinCom: this bridge is now the main bridge on this computer (set by the setup); it reads and posts
  bridge log: 2026-10-08 17:52:20  Company FinCom Spike Co: its Tally GUID 6e6a4e4e-5125-4e78-b4f0-d4c7371e1913 is held from now on
  bridge log: 2026-10-08 17:52:20  Company FinCom Spike Co: its starting point is recorded: ALTVCHID=2, ALTMSTID=209 (reading is prospective only: the bridge follows what changes after this)
  bridge log: 2026-10-08 17:52:20  Company FinCom Spike Co: change numbers read with form a: ALTVCHID=2, ALTMSTID=209
  bridge log: 2026-10-08 17:52:20  Light check of FinCom Spike Co: starting point recorded (ALTVCHID=2, ALTMSTID=209)
  INFO add-on: recorder files after start: none
[17:53:02] ---- s235: FinCom's read stop and the held lines, a real failure, the Tally-not-open notification
  INFO s235: bridge processes: pid 10156: "C:\Users\runneradmin\AppData\Local\FinCom Bridge\FinComBridge.exe" user --config "C:\Users\runneradmin\AppData\Local\TDS Desk Bridge\tds-bridge.config.json" | pid 4940: "C:\Users\runneradmin\AppData\Local\FinCom Bridge\FinComBridge.exe" worker --config "C:\Users\runneradmin\AppData\Local\TDS Desk Bridge\tds-bridge.config.json" --home "C:\Users\runneradmin\AppData\Local\TDS Desk Bridge" --parent 10156 | pid 7708: "C:\Users\runneradmin\AppData\Local\FinCom Bridge\FinComBridge.exe" tray --quiet --config "C:\Users\runneradmin\AppData\Local\TDS Desk Bridge\tds-bridge.config.json"
  INFO s235: proxy beside Tally: True; bridge config TallyHost '127.0.0.2', CloudBeatSec '5', KeepOfficeFrom '0', KeepOfficeTo '24'
  INFO s235: the bridge's starting point recorded: True
[17:53:03] ---- s235 prep: three receipts by keys
[shot] tds-001-gw0 (1024x768)
[17:53:05] [tds] screen tds-001-gw0 : TallyPrime MANAGE EDU K: Company Gatewa of Tall CURRENT PERIOD I-Apr-26 to 31-Mar-27 NAME OF COMPANY FinCom Spike Co Y: Data Q Z: Exchange CURRENT OATE Wednesday, I-Apr-2026 upr-26 Search O: Import E: Export M: E-mail p: pnnt x Fl: Help Date Company Gateway of Tally MASTERS Create Alter CHart of Accounts TRANSACTIONS Vouchers Day 800K UTILITIES BaNking REPORTS Balance Sheet Profit & Loss A/c Stock Summary Ratio Analysis Display More Reports Quit Unity o bdb31 to ru 9a53- d9a3- acep a47d- d9a3- acep .337. 342a ning 1589a ing j _id" : 9—011' a47d- Mode Windows Server 2025 Datacenter Build 26100....
[keys] 'v' -> Tally 'TallyPrime:9000'
[shot] tds-002-prep-A-vouchers (1024x768)
[17:53:09] [tds] screen tds-002-prep-A-vouchers : x Y: Data 03 Unity TallyPrime MANAGE EDU K: Company Accounting Voucher Creation Pa ment No. 1 Account Current balance: Particulars Narration: Quit Z: Exchange A Accept Search O: Import E: Export M: E-mail FinCom • ke Co p: print upr-26 Wednesday Amount Fl: Help Q: Date Company Ed: Contra F-5: Payment Receipt Journal Sales o bdb31 to ru 9a53- d9a3- acep a47d- Purchase d9a3- Fl O: OåuVooctgs E: Autofill Change Mode More Details O: Related ¯ Repons Optional post -Dated J: Stat acep .337. 342a ning 1589a ing j _id" : 9—011' a47d- D: Delete x: Cancel Vch Q Adjustment El 2: Configure Mode Windows Se...
[keys] '{F6}' -> Tally 'TallyPrime:9000'
[shot] tds-003-prep-A-receipt (1024x768)
[17:53:13] [tds] screen tds-003-prep-A-receipt : x Y: Data 03 Unity TallyPrime MANAGE EDU K: Company Accounting Voucher Creation Recei t Account Current balance: Particulars Narration: Quit Z: Exchange A Accept Search O: Import E: Export M: E-mail FinCom • ke Co p: print x upr-26 Wednesday Amount Fl: Help Q: Date Company Ed: Contra Payment F-6: Receipt Journal Sales o bdb31 to ru 9a53- d9a3- acep a47d- Purchase d9a3- Fl O: OåuVooctgs E: Autofill Change Mode More Details O: Related ¯ Repons Optional post -Dated J: Stat acep .337. 342a ning 1589a ing j _id" : 9—011' a47d- D: Delete x: Cancel Vch Q Adjustment El 2: Configure Mode Windows Server...
[keys] '{F2}' -> Tally 'TallyPrime:9000'
[shot] tds-004-prep-A-datebox (1024x768)
[17:53:16] [tds] screen tds-004-prep-A-datebox : TallyPrime MANAGE EDU K: Company Change Voucher Date Unity Quit Y: Data Z: Exchange A Accept Q Search O: Import E: Export M: E-mail p: pnnt x Fl: Help FinCom Spike Co Voucher Date 24-2026 o bdb31 to ru 9a53- d9a3- acep a47d- d9a3- acep .337. 342a ning 1589a ing j _id" : 9—011' a47d- Mode Windows Server 2025 Datacenter Build 26100.ge_release240331-1435 5:53 PM 10/8/2026
[keys] '31-10-2026{ENTER}' -> Tally 'TallyPrime:9000'
[shot] tds-005-prep-A-dated (1024x768)
[17:53:20] [tds] screen tds-005-prep-A-dated : x Y: Data 03 Unity TallyPrime MANAGE EDU K: Company Accounting Voucher Creation Recei t Account Current balance: Particulars Narration: Quit Z: Exchange A Accept Search O: Import E: Export M: E-mail FinCom • ke Co p: print x 310ct-26 Saturday Amount Fl: Help Q: Date Company Ed: Contra Payment F-6: Receipt Journal Sales o bdb31 to ru 9a53- d9a3- acep a47d- Purchase d9a3- Fl O: OåuVooctgs E: Autofill Change Mode More Details O: Related ¯ Repons Optional post -Dated J: Stat acep .337. 342a ning 1589a ing j _id" : 9—011' a47d- D: Delete x: Cancel Vch Q Adjustment El 2: Configure Mode Windows Serve...
[keys] 'Cash{ENTER}' -> Tally 'TallyPrime:9000'
[shot] tds-006-prep-A-account (1024x768)
[17:53:24] [tds] screen tds-006-prep-A-account : x Y: Data 03 Unity TallyPrime MANAGE EDU K: Company Accounting Voucher Creation Recei t Account Cash Current balance: 10.00 Dr Particulars Narration: Quit Z: Exchange A Accept Search O: Import E: Export M: E-mail FinCom • ke Co p: print x 310ct-26 Saturday Amount Fl: Help Q: Date Company Ed: Contra Payment F-6: Receipt Journal Sales o bdb31 to ru 9a53- d9a3- acep a47d- Purchase d9a3- Fl O: OåuVooctgs E: Autofill Change Mode More Details O: Related ¯ Repons Optional post -Dated J: Stat acep .337. 342a ning 1589a ing j _id" : 9—011' a47d- D: Delete x: Cancel Vch Q Adjustment El 2: Configure Mode...
[keys] 'Spike Income{ENTER}' -> Tally 'TallyPrime:9000'
[shot] tds-007-prep-A-particular (1024x768)
[17:53:28] [tds] screen tds-007-prep-A-particular : x Y: Data 03 Unity TallyPrime MANAGE EDU K: Company Accounting Voucher Creation Recei t Account Cash Current balance: 10.00 Dr Particulars Spike Income CurBal: 10.00 Cr Narration: Quit Z: Exchange A Accept Search O: Import E: Export M: E-mail FinCom • ke Co p: print x 310ct-26 Saturday Amount Fl: Help Q: Date Company Ed: Contra Payment F-6: Receipt Journal Sales o bdb31 to ru 9a53- d9a3- acep a47d- Purchase d9a3- Fl O: OåuVooctgs E: Autofill Change Mode More Details O: Related ¯ Repons Optional post -Dated J: Stat acep .337. 342a ning 1589a ing j _id" : 9—011' a47d- D: Delete x: Cancel Vch Q A...
[keys] '700{ENTER}' -> Tally 'TallyPrime:9000'
[shot] tds-008-prep-A-amount (1024x768)
[17:53:31] [tds] screen tds-008-prep-A-amount : x Y: Data 03 Unity TallyPrime MANAGE EDU K: Company Accounting Voucher Creation Recei t Account Cash Current balance: 710.00 Dr Particulars Spike Income CurBa1: 710.00 Cr Narration: Quit Z: Exchange A Accept Search O: Import E: Export M: E-mail FinCom • ke Co p: print x 310ct-26 Saturday Amount 700.00 700.00 Fl: Help Q: Date Company Ed: Contra Payment F-6: Receipt : Journal Sales o bdb31 to ru 9a53- d9a3- acep a47d- Purchase d9a3- Fl O: OåuVooctgs E: Autofill Change Mode More Details O: Related ¯ Repons Optional post -Dated J: Stat acep .337. 342a ning 1589a ing j _id" : 9—011' a47d- D: Delete...
[keys] '^a' -> Tally 'TallyPrime:9000'
[s235 prep-A] Tally: Receipt no 1 of 20261031 mid 3 AlterID 3 guid 6e6a4e4e-5125-4e78-b4f0-d4c7371e1913-00000003; line after 0.8 s: [17:53:33 created id=c738255070e97236d017169e766ade29 mid=3 aid=3 guid=6e6a4e4e-5125-4e78-b4f0-d4c7371e1913-00000003 body=yes(876 chars) guidHeld=False held='']
  INFO s235 prep A (31-10-2026): Tally Receipt no 1 of 20261031 mid 3 AlterID 3 guid 6e6a4e4e-5125-4e78-b4f0-d4c7371e1913-00000003; line after 0.8 s [17:53:33 created id=c738255070e97236d017169e766ade29 mid=3 aid=3 guid=6e6a4e4e-5125-4e78-b4f0-d4c7371e1913-00000003 body=yes(876 chars) guidHeld=False held='']
[shot] tds-009-gw0 (1024x768)
[17:53:34] [tds] screen tds-009-gw0 : x Y: Data 03 Unity TallyPrime MANAGE EDU K: Company Accounting Voucher Creation Recei t No. 2 Account Current balance: Particulars Narration: Quit Z: Exchange A Accept Search O: Import E: Export M: E-mail FinCom • ke Co p: print x 310ct-26 Saturday Amount Fl: Help Q: Date Company Ed: Contra Payment F-6: Receipt Journal Sales o bdb31 to ru 9a53- d9a3- acep a47d- Purchase d9a3- Fl O: OåuVooctgs E: Autofill Change Mode More Details O: Related ¯ Repons Optional post -Dated J: Stat acep .337. 342a ning 1589a ing j _id" : 9—011' a47d- D: Delete x: Cancel Vch Q Adjustment El 2: Configure Mode Windows...
[keys] '{ESC}' -> Tally 'TallyPrime:9000'
[shot] tds-010-gw1 (1024x768)
[17:53:38] [tds] screen tds-010-gw1 : Y: Data 03 Unity TallyPrime MANAGE EDU K: Company Accounting Voucher Creation Recei t No. 2 Account Current balance: Particulars Narration: Q: Quit Q Z: Exchange A: Accept Search O: Import E: Export M: E-mail FinCom p: print x 310ct-26 Saturday Amount Quit o Yes or No D: Delete X: Cancel Vch x Fl: Help F-2: Date F-3: Company F-4: Contra F-5: Payment F-6: Receipt F-7: Journal F-9: Purchase PIO: E: Autofill H: Change = Mode I: More - Details O: Related ¯ Repons L: Optional T: post = -Dated J: Stat ¯ Adjustment F-12: Configure o bdb31 to ru 9a53- d9a3- acep a47d- d9a3- acep .337. 342a ning 1589a ...
[keys] 'y' -> Tally 'TallyPrime:9000'
[shot] tds-011-gw2 (1024x768)
[17:53:42] [tds] screen tds-011-gw2 : TallyPrime MANAGE EDU K: Company Gatewa of Tall CURRENT PERIOD I-Apr-26 to 31-Mar-27 NAME OF COMPANY FinCom Spike Co Y: Data Q Z: Exchange CURRENT OATE Saturday, 31-Oct-2026 31-Oct-26 Search O: Import E: Export M: E-mail p: pnnt x Fl: Help Date Company Gateway of Tally MASTERS Create Alter CHart of Accounts TRANSACTIONS Vouchers Day 800K UTILITIES BaNking REPORTS Balance Sheet Profit & Loss A/c Stock Summary Ratio Analysis Display More Reports Quit Unity o bdb31 to ru 9a53- d9a3- acep a47d- d9a3- acep .337. 342a ning 1589a ing j _id" : 9—011' a47d- Mode Windows Server 2025 Datacenter Build 261...
[keys] 'v' -> Tally 'TallyPrime:9000'
[shot] tds-012-prep-D1-vouchers (1024x768)
[17:53:46] [tds] screen tds-012-prep-D1-vouchers : x Y: Data 03 Unity TallyPrime MANAGE EDU K: Company Accounting Voucher Creation Recei t No. 2 Account Current balance: Particulars Narration: Quit Z: Exchange A Accept Search O: Import E: Export M: E-mail FinCom • ke Co p: print x 310ct-26 Saturday Amount Fl: Help Q: Date Company Ed: Contra Payment F-6: Receipt Journal Sales o bdb31 to ru 9a53- d9a3- acep a47d- Purchase d9a3- Fl O: OåuVooctgs E: Autofill Change Mode More Details O: Related ¯ Repons Optional post -Dated J: Stat acep .337. 342a ning 1589a ing j _id" : 9—011' a47d- D: Delete x: Cancel Vch Q Adjustment El 2: Configure Mode Windows...
[keys] '{F6}' -> Tally 'TallyPrime:9000'
[shot] tds-013-prep-D1-receipt (1024x768)
[17:53:50] [tds] screen tds-013-prep-D1-receipt : x Y: Data 03 Unity TallyPrime MANAGE EDU K: Company Accounting Voucher Creation Recei t No. 2 Account Current balance: Particulars Narration: Quit Z: Exchange A Accept Search O: Import E: Export M: E-mail FinCom • ke Co p: print x 310ct-26 Saturday Amount Fl: Help Q: Date Company Ed: Contra Payment F-6: Receipt Journal Sales o bdb31 to ru 9a53- d9a3- acep a47d- Purchase d9a3- Fl O: OåuVooctgs E: Autofill Change Mode More Details O: Related ¯ Repons Optional post -Dated J: Stat acep .337. 342a ning 1589a ing j _id" : 9—011' a47d- D: Delete x: Cancel Vch Q Adjustment El 2: Configure Mode Windows...
[keys] '{F2}' -> Tally 'TallyPrime:9000'
[shot] tds-014-prep-D1-datebox (1024x768)
[17:53:53] [tds] screen tds-014-prep-D1-datebox : TallyPrime MANAGE EDU K: Company Change Voucher Date Unity Quit Y: Data Z: Exchange A Accept Q Search O: Import E: Export M: E-mail p: pnnt x Fl: Help FinCom Spike Co Voucher Date 1-11-2026 o bdb31 to ru 9a53- d9a3- acep a47d- d9a3- acep .337. 342a ning 1589a ing j _id" : 9—011' a47d- Mode Windows Server 2025 Datacenter Build 26100.ge_release240331-1435 5:53 PM 10/8/2026
[keys] '1-11-2026{ENTER}' -> Tally 'TallyPrime:9000'
[shot] tds-015-prep-D1-dated (1024x768)
[17:53:57] [tds] screen tds-015-prep-D1-dated : x Y: Data 03 Unity TallyPrime MANAGE EDU K: Company Accounting Voucher Creation Recei t No. 2 Account Current balance: Particulars Narration: Quit Z: Exchange A Accept Search O: Import E: Export M: E-mail FinCom • ke Co p: pnnt x 1-Nov-26 Sunday Amount Fl: Help Q: Date Company Ed: Contra Payment F-6: Receipt Journal Sales o bdb31 to ru 9a53- d9a3- acep a47d- Purchase d9a3- Fl O: OåuVooctgs E: Autofill Change Mode More Details O: Related ¯ Repons Optional post -Dated J: Stat acep .337. 342a ning 1589a ing j _id" : 9—011' a47d- D: Delete x: Cancel Vch Q Adjustment El 2: Configure Mode Windows Se...
[keys] 'Cash{ENTER}' -> Tally 'TallyPrime:9000'
[shot] tds-016-prep-D1-account (1024x768)
[17:54:00] [tds] screen tds-016-prep-D1-account : x Y: Data 03 Unity TallyPrime MANAGE EDU K: Company Accounting Voucher Creation Recei t No. 2 Account Cash Current balance: 710.00 Dr Particulars Narration: Quit Z: Exchange A Accept Search O: Import E: Export M: E-mail FinCom • ke Co p: pnnt x 1-Nov-26 Sunday Amount Fl: Help Q: Date Company Ed: Contra Payment F-6: Receipt Journal Sales o bdb31 to ru 9a53- d9a3- acep a47d- Purchase d9a3- Fl O: OåuVooctgs E: Autofill Change Mode More Details O: Related ¯ Repons Optional post -Dated J: Stat acep .337. 342a ning 1589a ing j _id" : 9—011' a47d- D: Delete x: Cancel Vch Q Adjustment El 2: Configure ...
[keys] 'Spike Income{ENTER}' -> Tally 'TallyPrime:9000'
[shot] tds-017-prep-D1-particular (1024x768)
[17:54:04] [tds] screen tds-017-prep-D1-particular : x Y: Data 03 Unity TallyPrime MANAGE EDU K: Company Accounting Voucher Creation Recei t No. 2 Account Cash Current balance: 710.00 Dr Particulars Spike Income CurBal: 710.00 Cr Narration: Quit Z: Exchange A Accept Search O: Import E: Export M: E-mail FinCom • ke Co p: pnnt x 1-Nov-26 Sunday Amount Fl: Help Q: Date Company Ed: Contra Payment F-6: Receipt Journal Sales o bdb31 to ru 9a53- d9a3- acep a47d- Purchase d9a3- Fl O: OåuVooctgs E: Autofill Change Mode More Details O: Related ¯ Repons Optional post -Dated J: Stat acep .337. 342a ning 1589a ing j _id" : 9—011' a47d- D: Delete x: Cancel Vc...
[keys] '300{ENTER}' -> Tally 'TallyPrime:9000'
[shot] tds-018-prep-D1-amount (1024x768)
[17:54:08] [tds] screen tds-018-prep-D1-amount : x Y: Data 03 Unity TallyPrime MANAGE EDU K: Company Accounting Voucher Creation Recei t No. 2 Account Cash Current balance: 1,010.00 Dr Particulars Spike Income Narration: Quit CurBal: 1,010.00 Cr Z: Exchange A Accept Search O: Import E: Export M: E-mail FinCom • ke Co p: pnnt x 1-Nov-26 Sunday Amount 300.00 300.00 Fl: Help Q: Date Company Ed: Contra Payment F-6: Receipt : Journal Sales o bdb31 to ru 9a53- d9a3- acep a47d- Purchase d9a3- Fl O: OåuVooctgs E: Autofill Change Mode More Details O: Related ¯ Repons Optional post -Dated J: Stat Adjustment acep .337. 342a ning 1589a ing j _id" : 9—01...
[keys] '^a' -> Tally 'TallyPrime:9000'
[s235 prep-D1] Tally: Receipt no 2 of 20261101 mid 4 AlterID 4 guid 6e6a4e4e-5125-4e78-b4f0-d4c7371e1913-00000004; line after 1.4 s: [17:54:10 created id=bd7963d8dbbc19ce107895824d3619c3 mid=4 aid=4 guid=6e6a4e4e-5125-4e78-b4f0-d4c7371e1913-00000004 body=yes(876 chars) guidHeld=False held='']
  INFO s235 prep D1 (1-11-2026): Tally Receipt no 2 of 20261101 mid 4 AlterID 4 guid 6e6a4e4e-5125-4e78-b4f0-d4c7371e1913-00000004; line after 1.4 s [17:54:10 created id=bd7963d8dbbc19ce107895824d3619c3 mid=4 aid=4 guid=6e6a4e4e-5125-4e78-b4f0-d4c7371e1913-00000004 body=yes(876 chars) guidHeld=False held='']
[shot] tds-019-gw0 (1024x768)
[17:54:11] [tds] screen tds-019-gw0 : x Y: Data 03 Unity TallyPrime MANAGE EDU K: Company Accounting Voucher Creation Recei t Account Current balance: Particulars Narration: Quit Z: Exchange A Accept Search O: Import E: Export M: E-mail FinCom • ke Co p: pnnt x 1-Nov-26 Sunday Amount Fl: Help Q: Date Company Ed: Contra Payment F-6: Receipt Journal Sales o bdb31 to ru 9a53- d9a3- acep a47d- Purchase d9a3- Fl O: OåuVooctgs E: Autofill Change Mode More Details O: Related ¯ Repons Optional post -Dated J: Stat acep .337. 342a ning 1589a ing j _id" : 9—011' a47d- D: Delete x: Cancel Vch Q Adjustment El 2: Configure Mode Windows Server 2...
[keys] '{ESC}' -> Tally 'TallyPrime:9000'
[shot] tds-020-gw1 (1024x768)
[17:54:15] [tds] screen tds-020-gw1 : Y: Data 03 Unity TallyPrime MANAGE EDU K: Company Accounting Voucher Creation Recei t Account Current balance: Particulars Narration: Q: Quit Q Z: Exchange A: Accept Search O: Import E: Export M: E-mail FinCom p: print x 1-Nov-26 Sunday Amount Quit o Yes or No D: Delete X: Cancel Vch x Fl: Help F-2: Date F-3: Company F-4: Contra F-5: Payment F-6: Receipt F-7: Journal F-9: Purchase PIO: E: Autofill H: Change = Mode I: More - Details O: Related ¯ Repons L: Optional T: post = -Dated J: Stat ¯ Adjustment F-12: Configure o bdb31 to ru 9a53- d9a3- acep a47d- d9a3- acep .337. 342a ning 1589a ing j _i...
[keys] 'y' -> Tally 'TallyPrime:9000'
[shot] tds-021-gw2 (1024x768)
[17:54:19] [tds] screen tds-021-gw2 : TallyPrime MANAGE EDU K: Company Gatewa of Tall CURRENT PERIOD I-Apr-26 to 31-Mar-27 NAME OF COMPANY FinCom Spike Co Y: Data Q Z: Exchange CURRENT OATE Sunday, I-Nov-2026 I-Nov-26 Search O: Import E: Export M: E-mail p: pnnt x Fl: Help Date Company Gateway of Tally MASTERS Create Alter CHart of Accounts TRANSACTIONS Vouchers Day 800K UTILITIES BaNking REPORTS Balance Sheet Profit & Loss A/c Stock Summary Ratio Analysis Display More Reports Quit Unity o bdb31 to ru 9a53- d9a3- acep a47d- d9a3- acep .337. 342a ning 1589a ing j _id" : 9—011' a47d- Mode Windows Server 2025 Datacenter Build 26100.g...
[keys] 'v' -> Tally 'TallyPrime:9000'
[shot] tds-022-prep-D2-vouchers (1024x768)
[17:54:23] [tds] screen tds-022-prep-D2-vouchers : x Y: Data 03 Unity TallyPrime MANAGE EDU K: Company Accounting Voucher Creation Recei t Account Current balance: Particulars Narration: Quit Z: Exchange A Accept Search O: Import E: Export M: E-mail FinCom • ke Co p: pnnt x 1-Nov-26 Sunday Amount Fl: Help Q: Date Company Ed: Contra Payment F-6: Receipt Journal Sales o bdb31 to ru 9a53- d9a3- acep a47d- Purchase d9a3- Fl O: OåuVooctgs E: Autofill Change Mode More Details O: Related ¯ Repons Optional post -Dated J: Stat acep .337. 342a ning 1589a ing j _id" : 9—011' a47d- D: Delete x: Cancel Vch Q Adjustment El 2: Configure Mode Windows Server 2...
[keys] '{F6}' -> Tally 'TallyPrime:9000'
[shot] tds-023-prep-D2-receipt (1024x768)
[17:54:27] [tds] screen tds-023-prep-D2-receipt : x Y: Data 03 Unity TallyPrime MANAGE EDU K: Company Accounting Voucher Creation Recei t Account Current balance: Particulars Narration: Quit Z: Exchange A Accept Search O: Import E: Export M: E-mail FinCom • ke Co p: pnnt x 1-Nov-26 Sunday Amount Fl: Help Q: Date Company Ed: Contra Payment F-6: Receipt Journal Sales o bdb31 to ru 9a53- d9a3- acep a47d- Purchase d9a3- Fl O: OåuVooctgs E: Autofill Change Mode More Details O: Related ¯ Repons Optional post -Dated J: Stat acep .337. 342a ning 1589a ing j _id" : 9—011' a47d- D: Delete x: Cancel Vch Q Adjustment El 2: Configure Mode Windows Server 2...
[keys] '{F2}' -> Tally 'TallyPrime:9000'
[shot] tds-024-prep-D2-datebox (1024x768)
[17:54:30] [tds] screen tds-024-prep-D2-datebox : TallyPrime MANAGE EDU K: Company Change Voucher Date Unity Quit Y: Data Z: Exchange A Accept Q Search O: Import E: Export M: E-mail p: pnnt x Fl: Help FinCom Spike Co Voucher Date 2-11-2026 o bdb31 to ru 9a53- d9a3- acep a47d- d9a3- acep .337. 342a ning 1589a ing j _id" : 9—011' a47d- Mode Windows Server 2025 Datacenter Build 26100.ge_release240331-1435 5:54 PM 10/8/2026
[keys] '2-11-2026{ENTER}' -> Tally 'TallyPrime:9000'
[shot] tds-025-prep-D2-dated (1024x768)
[17:54:34] [tds] screen tds-025-prep-D2-dated : x Y: Data 03 Unity TallyPrime MANAGE EDU K: Company Accounting Voucher Creation Recei t Account Current balance: Particulars Narration: Quit Z: Exchange A Accept Search O: Import E: Export M: E-mail FinCom • ke Co p: print x 2-Nov-26 Monday Amount Fl: Help Q: Date Company Ed: Contra Payment F-6: Receipt Journal Sales o bdb31 to ru 9a53- d9a3- acep a47d- Purchase d9a3- Fl O: OåuVooctgs E: Autofill Change Mode More Details O: Related ¯ Repons Optional post -Dated J: Stat acep .337. 342a ning 1589a ing j _id" : 9—011' a47d- D: Delete x: Cancel Vch Q Adjustment El 2: Configure Mode Windows Server ...
[keys] 'Cash{ENTER}' -> Tally 'TallyPrime:9000'
[shot] tds-026-prep-D2-account (1024x768)
[17:54:37] [tds] screen tds-026-prep-D2-account : x Y: Data 03 Unity TallyPrime MANAGE EDU K: Company Accounting Voucher Creation Recei t Account Cash Current balance: 1,010.00 Dr Particulars Narration: Quit Z: Exchange A Accept Search O: Import E: Export M: E-mail FinCom • ke Co p: print x 2-Nov-26 Monday Amount Fl: Help Q: Date Company Ed: Contra Payment F-6: Receipt Journal Sales o bdb31 to ru 9a53- d9a3- acep a47d- Purchase d9a3- Fl O: OåuVooctgs E: Autofill Change Mode More Details O: Related ¯ Repons Optional post -Dated J: Stat acep .337. 342a ning 1589a ing j _id" : 9—011' a47d- D: Delete x: Cancel Vch Q Adjustment El 2: Configure Mod...
[keys] 'Spike Income{ENTER}' -> Tally 'TallyPrime:9000'
[shot] tds-027-prep-D2-particular (1024x768)
[17:54:41] [tds] screen tds-027-prep-D2-particular : x Y: Data 03 Unity TallyPrime MANAGE EDU K: Company Accounting Voucher Creation Recei t Account Cash Current balance: 1,010.00 Dr Particulars Spike Income Narration: Quit CurBal: 1,010.00 Cr Z: Exchange A Accept Search O: Import E: Export M: E-mail FinCom • ke Co p: print x 2-Nov-26 Monday Amount Fl: Help Q: Date Company Ed: Contra Payment F-6: Receipt Journal Sales o bdb31 to ru 9a53- d9a3- acep a47d- Purchase d9a3- Fl O: OåuVooctgs E: Autofill Change Mode More Details O: Related ¯ Repons Optional post -Dated J: Stat acep .337. 342a ning 1589a ing j _id" : 9—011' a47d- D: Delete x: Cancel Vch...
[keys] '400{ENTER}' -> Tally 'TallyPrime:9000'
[shot] tds-028-prep-D2-amount (1024x768)
[17:54:45] [tds] screen tds-028-prep-D2-amount : x Y: Data 03 Unity TallyPrime MANAGE EDU K: Company Accounting Voucher Creation Recei t Account Cash Z: Exchange A Accept Search O: Import E: Export M: E-mail FinCom • ke Co p: print x 2-Nov-26 Monday Amount 400.00 400.00 Fl: Help Q: Date Company Ed: Contra Payment F-6: Receipt : Journal Sales o bdb31 to ru 9a53- d9a3- acep a47d- Current balance: 1,410.00 Dr Particulars Spike Income CurBa1: 1,410.00 Cr Narration: Quit Purchase d9a3- Fl O: OåuVooctgs E: Autofill Change Mode More Details O: Related ¯ Repons Optional post -Dated J: Stat acep .337. 342a ning 1589a ing j _id" : 9—011' a47d- D: Dele...
[keys] '^a' -> Tally 'TallyPrime:9000'
[s235 prep-D2] Tally: Receipt no 3 of 20261102 mid 5 AlterID 5 guid 6e6a4e4e-5125-4e78-b4f0-d4c7371e1913-00000005; line after 1.4 s: [17:54:47 created id=2d2bea0545261319300d0e8728031577 mid=5 aid=5 guid=6e6a4e4e-5125-4e78-b4f0-d4c7371e1913-00000005 body=yes(876 chars) guidHeld=False held='']
  INFO s235 prep D2 (2-11-2026): Tally Receipt no 3 of 20261102 mid 5 AlterID 5 guid 6e6a4e4e-5125-4e78-b4f0-d4c7371e1913-00000005; line after 1.4 s [17:54:47 created id=2d2bea0545261319300d0e8728031577 mid=5 aid=5 guid=6e6a4e4e-5125-4e78-b4f0-d4c7371e1913-00000005 body=yes(876 chars) guidHeld=False held='']
[shot] tds-029-gw0 (1024x768)
[17:54:48] [tds] screen tds-029-gw0 : x Y: Data 03 Unity TallyPrime MANAGE EDU K: Company Accounting Voucher Creation Recei t No. 4 Account Current balance: Particulars Narration: Quit Z: Exchange A Accept Search O: Import E: Export M: E-mail FinCom • ke Co p: print x 2-Nov-26 Monday Amount Fl: Help Q: Date Company Ed: Contra Payment F-6: Receipt Journal Sales o bdb31 to ru 9a53- d9a3- acep a47d- Purchase d9a3- Fl O: OåuVooctgs E: Autofill Change Mode More Details O: Related ¯ Repons Optional post -Dated J: Stat acep .337. 342a ning 1589a ing j _id" : 9—011' a47d- D: Delete x: Cancel Vch Q Adjustment El 2: Configure Mode Windows S...
[keys] '{ESC}' -> Tally 'TallyPrime:9000'
[shot] tds-030-gw1 (1024x768)
[17:54:52] [tds] screen tds-030-gw1 : Y: Data 03 Unity TallyPrime MANAGE EDU K: Company Accounting Voucher Creation Recei t No. 4 Account Current balance: Particulars Narration: Q: Quit Q Z: Exchange A: Accept Search O: Import E: Export M: E-mail FinCom p: print x 2-Nov-26 Monday Amount Quit o Yes or No D: Delete X: Cancel Vch x Fl: Help F-2: Date F-3: Company F-4: Contra F-5: Payment F-6: Receipt F-7: Journal F-9: Purchase PIO: E: Autofill H: Change = Mode I: More - Details O: Related ¯ Repons L: Optional T: post = -Dated J: Stat ¯ Adjustment F-12: Configure o bdb31 to ru 9a53- d9a3- acep a47d- d9a3- acep .337. 342a ning 1589a in...
[keys] 'y' -> Tally 'TallyPrime:9000'
[shot] tds-031-gw2 (1024x768)
[17:54:56] [tds] screen tds-031-gw2 : TallyPrime MANAGE EDU K: Company Gatewa of Tall CURRENT PERIOD I-Apr-26 to 31-Mar-27 NAME OF COMPANY FinCom Spike Co Y: Data Q Z: Exchange CURRENT OATE Monday, 2-Nov-2026 2-Nov-26 Search O: Import E: Export M: E-mail p: pnnt x Fl: Help Date Company Gateway of Tally MASTERS Create Alter CHart of Accounts TRANSACTIONS Vouchers Day 800K UTILITIES BaNking REPORTS Balance Sheet Profit & Loss A/c Stock Summary Ratio Analysis Display More Reports Quit Unity o bdb31 to ru 9a53- d9a3- acep a47d- d9a3- acep .337. 342a ning 1589a ing j _id" : 9—011' a47d- Mode Windows Server 2025 Datacenter Build 26100.g...
  bridge log: 2026-10-08 17:53:33  Recorder: Receipt 1 of 31-Oct-2026 (MasterID 3, line c7382550…): asking Tally by MasterID
  bridge log: 2026-10-08 17:53:33  Recorder: entry fetch of FinCom Spike Co: answered in 18 ms
  bridge log: 2026-10-08 17:53:33  Recorder: Receipt 1 of 31-Oct-2026 (MasterID 3, line c7382550…): taken: Tally's GUID 6e6a4e4e-5125-4e78-b4f0-d4c7371e1913-00000003, AlterID 3
  bridge log: 2026-10-08 17:54:10  Recorder: Receipt 2 of 01-Nov-2026 (MasterID 4, line bd7963d8…): asking Tally by MasterID
  bridge log: 2026-10-08 17:54:10  Recorder: entry fetch of FinCom Spike Co: answered in 26 ms
  bridge log: 2026-10-08 17:54:10  Recorder: Receipt 2 of 01-Nov-2026 (MasterID 4, line bd7963d8…): taken: Tally's GUID 6e6a4e4e-5125-4e78-b4f0-d4c7371e1913-00000004, AlterID 4
  bridge log: 2026-10-08 17:54:47  Recorder: Receipt 3 of 02-Nov-2026 (MasterID 5, line 2d2bea05…): asking Tally by MasterID
  bridge log: 2026-10-08 17:54:47  Recorder: entry fetch of FinCom Spike Co: answered in 25 ms
  bridge log: 2026-10-08 17:54:47  Recorder: Receipt 3 of 02-Nov-2026 (MasterID 5, line 2d2bea05…): taken: Tally's GUID 6e6a4e4e-5125-4e78-b4f0-d4c7371e1913-00000005, AlterID 5
[17:54:56] ---- s1 stop: three lines held, nothing asked
  INFO s235 s1 stop: stub True; bridge log: '2026-10-08 17:55:00  Reading from Tally stopped on this computer from FinCom: Stopped by the owner from FinCom (harness s1). Postings still go; reading starts again only from FinCom'; tray status readStopped: {"at":"2026-10-08T17:54:56","by":"fincom","reason":"Stopped by the owner from FinCom (harness s1)"}
[shot] tds-032-gw0 (1024x768)
[17:55:01] [tds] screen tds-032-gw0 : TallyPrime MANAGE EDU K: Company Gatewa of Tall CURRENT PERIOD I-Apr-26 to 31-Mar-27 NAME OF COMPANY FinCom Spike Co Y: Data Q Z: Exchange CURRENT OATE Monday, 2-Nov-2026 2-Nov-26 Search O: Import E: Export M: E-mail p: pnnt x Fl: Help Date Company Gateway of Tally MASTERS Create Alter CHart of Accounts TRANSACTIONS Vouchers Day 800K UTILITIES BaNking REPORTS Balance Sheet Profit & Loss A/c Stock Summary Ratio Analysis Display More Reports Quit Unity o bdb31 to ru 9a53- d9a3- acep a47d- d9a3- acep .337. 342a ning 1589a ing j _id" : 9—011' a47d- Mode Windows Server 2025 Datacenter Build 26100.g...
[keys] 'v' -> Tally 'TallyPrime:9000'
[shot] tds-033-s1-create-vouchers (1024x768)
[17:55:05] [tds] screen tds-033-s1-create-vouchers : x Y: Data 03 Unity TallyPrime MANAGE EDU K: Company Accounting Voucher Creation Recei t No. 4 Account Current balance: Particulars Narration: Quit Z: Exchange A Accept Search O: Import E: Export M: E-mail FinCom • ke Co p: print x 2-Nov-26 Monday Amount Fl: Help Q: Date Company Ed: Contra Payment F-6: Receipt Journal Sales o bdb31 to ru 9a53- d9a3- acep a47d- Purchase d9a3- Fl O: OåuVooctgs E: Autofill Change Mode More Details O: Related ¯ Repons Optional post -Dated J: Stat acep .337. 342a ning 1589a ing j _id" : 9—011' a47d- D: Delete x: Cancel Vch Q Adjustment El 2: Configure Mode Windows S...
[keys] '{F6}' -> Tally 'TallyPrime:9000'
[shot] tds-034-s1-create-receipt (1024x768)
[17:55:09] [tds] screen tds-034-s1-create-receipt : x Y: Data 03 Unity TallyPrime MANAGE EDU K: Company Accounting Voucher Creation Recei t No. 4 Account Current balance: Particulars Narration: Quit Z: Exchange A Accept Search O: Import E: Export M: E-mail FinCom • ke Co p: print x 2-Nov-26 Monday Amount Fl: Help Q: Date Company Ed: Contra Payment F-6: Receipt Journal Sales o bdb31 to ru 9a53- d9a3- acep a47d- Purchase d9a3- Fl O: OåuVooctgs E: Autofill Change Mode More Details O: Related ¯ Repons Optional post -Dated J: Stat acep .337. 342a ning 1589a ing j _id" : 9—011' a47d- D: Delete x: Cancel Vch Q Adjustment El 2: Configure Mode Windows S...
[keys] '{F2}' -> Tally 'TallyPrime:9000'
[shot] tds-035-s1-create-datebox (1024x768)
[17:55:12] [tds] screen tds-035-s1-create-datebox : TallyPrime MANAGE EDU K: Company Change Voucher Date Unity Quit Y: Data Z: Exchange A Accept Q Search O: Import E: Export M: E-mail p: pnnt x Fl: Help FinCom Spike Co Voucher Date 3-11-2026 o bdb31 to ru 9a53- d9a3- acep a47d- d9a3- acep .337. 342a ning 1589a ing j _id" : 9—011' a47d- Mode Windows Server 2025 Datacenter Build 26100.ge_release240331-1435 5:55 PM 10/8/2026
[keys] '2-10-2026{ENTER}' -> Tally 'TallyPrime:9000'
[shot] tds-036-s1-create-dated (1024x768)
[17:55:16] [tds] screen tds-036-s1-create-dated : x Y: Data 03 Unity TallyPrime MANAGE EDU K: Company Accounting Voucher Creation Recei t No. 4 Account Current balance: Particulars Narration: Quit Z: Exchange A Accept Search O: Import E: Export M: E-mail FinCom • ke Co p: print x 2-Oct-26 Friday Amount Fl: Help Q: Date Company Ed: Contra Payment F-6: Receipt Journal Sales o bdb31 to ru 9a53- d9a3- acep a47d- Purchase d9a3- Fl O: OåuVooctgs E: Autofill Change Mode More Details O: Related ¯ Repons Optional post -Dated J: Stat acep .337. 342a ning 1589a ing j _id" : 9—011' a47d- D: Delete x: Cancel Vch Q Adjustment El 2: Configure Mode Windows S...
[keys] 'Cash{ENTER}' -> Tally 'TallyPrime:9000'
[shot] tds-037-s1-create-account (1024x768)
[17:55:19] [tds] screen tds-037-s1-create-account : x Y: Data 03 Unity TallyPrime MANAGE EDU K: Company Accounting Voucher Creation Recei t No. 4 Account Cash Current balance: 1,410.00 Dr Particulars Narration: Quit Z: Exchange A Accept Search O: Import E: Export M: E-mail FinCom • ke Co p: print x 2-Oct-26 Friday Amount Fl: Help Q: Date Company Ed: Contra Payment F-6: Receipt Journal Sales o bdb31 to ru 9a53- d9a3- acep a47d- Purchase d9a3- Fl O: OåuVooctgs E: Autofill Change Mode More Details O: Related ¯ Repons Optional post -Dated J: Stat acep .337. 342a ning 1589a ing j _id" : 9—011' a47d- D: Delete x: Cancel Vch Q Adjustment El 2: Configu...
[keys] 'Spike Income{ENTER}' -> Tally 'TallyPrime:9000'
[shot] tds-038-s1-create-particular (1024x768)
[17:55:23] [tds] screen tds-038-s1-create-particular : x Y: Data 03 Unity TallyPrime MANAGE EDU K: Company Accounting Voucher Creation Recei t No. 4 Account Cash Z: Exchange A Accept Search O: Import E: Export M: E-mail FinCom • ke Co p: print x 2-Oct-26 Friday Amount Fl: Help Q: Date Company Ed: Contra Payment F-6: Receipt Journal Sales o bdb31 to ru 9a53- d9a3- acep a47d- Current balance: 1,410.00 Dr Particulars Spike Income CurBal: 1,410.00 Cr Narration: Quit Purchase d9a3- Fl O: OåuVooctgs E: Autofill Change Mode More Details O: Related ¯ Repons Optional post -Dated J: Stat acep .337. 342a ning 1589a ing j _id" : 9—011' a47d- D: Delete x: Canc...
[keys] '500{ENTER}' -> Tally 'TallyPrime:9000'
[shot] tds-039-s1-create-amount (1024x768)
[17:55:27] [tds] screen tds-039-s1-create-amount : x Y: Data 03 Unity TallyPrime MANAGE EDU K: Company Accounting Voucher Creation Recei t No. 4 Account Cash Current balance: 1,910.00 Dr Particulars Spike Income Narration: Quit CurBal: 1,910.00 Cr Z: Exchange A Accept Search O: Import E: Export M: E-mail FinCom • ke Co p: print x 2-Oct-26 Friday Amount 500.00 500.00 Fl: Help Q: Date Company Ed: Contra Payment F-6: Receipt : Journal Sales o bdb31 to ru 9a53- d9a3- acep a47d- Purchase d9a3- Fl O: OåuVooctgs E: Autofill Change Mode More Details O: Related ¯ Repons Optional post -Dated J: Stat acep .337. 342a ning 1589a ing j _id" : 9—011' a47d- D...
[keys] '^a' -> Tally 'TallyPrime:9000'
[s235 s1-create] Tally: Receipt no 4 of 20261002 mid 6 AlterID 6 guid 6e6a4e4e-5125-4e78-b4f0-d4c7371e1913-00000006; line after 0.4 s: [17:55:28 created id=3884f4a16e1d4d3c4da4f1d72bfddf8e mid=6 aid= guid='' body=none guidHeld=False held='waiting: reading from Tally is stopped from FinCom; asked again when it is resumed']
[shot] tds-040-gw0 (1024x768)
[17:55:29] [tds] screen tds-040-gw0 : x Y: Data 03 Unity TallyPrime MANAGE EDU K: Company Accounting Voucher Creation Recei t Account Current balance: Particulars Narration: Quit Z: Exchange A Accept Search O: Import E: Export M: E-mail FinCom • ke Co p: print x 2-Oct-26 Friday Amount Fl: Help Q: Date Company Ed: Contra Payment F-6: Receipt Journal Sales o bdb31 to ru 9a53- d9a3- acep a47d- Purchase d9a3- Fl O: OåuVooctgs E: Autofill Change Mode More Details O: Related ¯ Repons Optional post -Dated J: Stat acep .337. 342a ning 1589a ing j _id" : 9—011' a47d- D: Delete x: Cancel Vch Q Adjustment El 2: Configure Mode Windows Server ...
[keys] '{ESC}' -> Tally 'TallyPrime:9000'
[shot] tds-041-gw1 (1024x768)
[17:55:33] [tds] screen tds-041-gw1 : Y: Data 03 Unity TallyPrime MANAGE EDU K: Company Accounting Voucher Creation Recei t Account Current balance: Particulars Narration: Q: Quit Q Z: Exchange A: Accept Search O: Import E: Export M: E-mail FinCom p: print x 2-Oct-26 Friday Amount Quit o Yes or No D: Delete X: Cancel Vch x Fl: Help F-2: Date F-3: Company F-4: Contra F-5: Payment F-6: Receipt F-7: Journal F-9: Purchase PIO: E: Autofill H: Change = Mode I: More - Details O: Related ¯ Repons L: Optional T: post = -Dated J: Stat ¯ Adjustment F-12: Configure o bdb31 to ru 9a53- d9a3- acep a47d- d9a3- acep .337. 342a ning 1589a ing j _i...
[keys] 'y' -> Tally 'TallyPrime:9000'
[shot] tds-042-gw2 (1024x768)
[17:55:36] [tds] screen tds-042-gw2 : TallyPrime MANAGE EDU K: Company Gatewa of Tall CURRENT PERIOD I-Apr-26 to 31-Mar-27 NAME OF COMPANY FinCom Spike Co Y: Data Q Z: Exchange CURRENT OATE Friday, 2-Oct-2026 2-Nov-26 Search O: Import E: Export M: E-mail p: pnnt x Fl: Help Date Company Gateway of Tally MASTERS Create Alter CHart of Accounts TRANSACTIONS Vouchers Day 800K UTILITIES BaNking REPORTS Balance Sheet Profit & Loss A/c Stock Summary Ratio Analysis Display More Reports Quit Unity o bdb31 to ru 9a53- d9a3- acep a47d- d9a3- acep .337. 342a ning 1589a ing j _id" : 9—011' a47d- Mode Windows Server 2025 Datacenter Build 26100.g...
[keys] '%g' -> Tally 'TallyPrime:9000'
[shot] tds-043-s1-alter-goto (1024x768)
[17:55:40] [tds] screen tds-043-s1-alter-goto : x R CEDU Unity Quit TallyPrime MANAGE K: Company Y: Data List of Re Z: Exchange FinCom Spike Co O: Import E: Export M: E-mail p: pnnt Fl: Help x Its Create Voucher Create Master Alter Master Expand All Show More Saved Views Common Reports Balance Sheet Profit & Loss A/c Cash/Bank Book Day Book Ledger Vouchers Stock Summary Trial Balance Bills Receivable Bills Payable Master and Voucher Statistics Stock Query Chart of Accounts Final Accounts Reports Receivables & Payables Reports Banking Utilities Ledger Reports Group Reports Voucher Reports Registers Stock Item Reports o bdb31 to ru 9a53- d9a3...
[keys] 'Day Book' -> Tally 'TallyPrime:9000'
[keys] '{ENTER}' -> Tally 'TallyPrime:9000'
[shot] tds-044-s1-alter-daybook (1024x768)
[17:55:47] [tds] screen tds-044-s1-alter-daybook : x TallyPrime MANAGE EDU K: Company Da Book • Day Book Y: Data Space: Sekd Q Z: Exchange A Add Vch Search FinCom • ke Co Vch Type Receipt DuÅicate Vch I Insert Vch O: Import Vch No. E: Export M: E-mail P: Print For 2-Oct-26 Fl: Help F2: Date o bdb31 Company to ru Voucher Date 2-Oct-26 Unity Quit Particulars Spike Income Debit Amount Credit Amount Inwards Qty_ Outwards Qt Type F 7: Show profit F8: Columnar FIO Basis of Values Change ¯ View 9a53- d9a3- acep a47d- d9a3- acep .337. 342a ning 1589a Enter: Alter Delete 4 x: 500.00 U: Restore Line B: J: L: F: Exception Reports ing j _id" : Save View A...
[keys] '{F2}' -> Tally 'TallyPrime:9000'
[shot] tds-045-s1-alter-db-date (1024x768)
[17:55:50] [tds] screen tds-045-s1-alter-db-date : TallyPrime MANAGE EDU K: Company Change Date Unity Quit Y: Data Z: Exchange A Accept Q Search O: Import E: Export M: E-mail p: pnnt x Fl: Help FinCom Spike Co Change Date 2-10-2026 o bdb31 to ru 9a53- d9a3- acep a47d- d9a3- acep .337. 342a ning 1589a ing j _id" : 9—011' a47d- Mode Windows Server 2025 Datacenter Build 26100.ge_release240331-1435 5:55 PM 10/8/2026
[keys] '31-10-2026{ENTER}' -> Tally 'TallyPrime:9000'
[shot] tds-046-s1-alter-db-dated (1024x768)
[17:55:55] [tds] screen tds-046-s1-alter-db-dated : x TallyPrime MANAGE EDU K: Company Da Book • Day Book Y: Data Space: Sekd Q Z: Exchange A Add Vch Search FinCom • ke Co Vch Type Receipt O: Import Vch No. E: Export M: E-mail P: Print For 310ct-26 Fl: Help F2: Date o bdb31 Company to ru Voucher Date 31-Oct-26 Unity Quit Particulars Spike Income Debit Amount Credit Amount Inwards Qty_ Outwards Qt 700.00 U: Restore Line Type F 7: Show profit F8: Columnar FIO Basis of Values Change ¯ View B: J: L: F: 9a53- d9a3- acep a47d- d9a3- acep .337. 342a ning 1589a Exception Reports ing j _id" : Save View Apply — Filter F: Filter ¯ Details 9—011' a47d- Ent...
[keys] '{HOME}' -> Tally 'TallyPrime:9000'
[shot] tds-047-s1-alter-db-first (1024x768)
[17:55:58] [tds] screen tds-047-s1-alter-db-first : x TallyPrime MANAGE EDU K: Company Da Book • Day Book Y: Data Space: Sekd Q Z: Exchange A Add Vch Search FinCom • ke Co Vch Type Receipt O: Import Vch No. E: Export M: E-mail P: Print For 310ct-26 Fl: Help F2: Date o bdb31 Company to ru Voucher Date 31-Oct-26 Unity Quit Particulars Spike Income Debit Amount Credit Amount Inwards Qty_ Outwards Qt 700.00 U: Restore Line Type F 7: Show profit F8: Columnar FIO Basis of Values Change ¯ View B: J: L: F: 9a53- d9a3- acep a47d- d9a3- acep .337. 342a ning 1589a Exception Reports ing j _id" : Save View Apply — Filter F: Filter ¯ Details 9—011' a47d- Ent...
[keys] '{ENTER}' -> Tally 'TallyPrime:9000'
[shot] tds-048-s1-alter-open (1024x768)
[17:56:03] [tds] screen tds-048-s1-alter-open : x O: Import FinCom • ke Co 03 Unity TallyPrime MANAGE EDU K: Company Y: Data Accounting Voucher Alteration (Secondary Recei t Account Cash Current balance: 1,910.00 Dr Particulars Spike Income CurBal: 1,910.00 Cr Narration: Quit Z: Exchange A Accept Search E: Export M: E-mail p: print x El -Oct-26 Saturday Amount 700.00 700.00 Fl: Help Q: Date Company Ed: Contra Payment F-6: Receipt : Journal Sales o bdb31 to ru 9a53- d9a3- acep a47d- Purchase d9a3- Fl O: OåuVooctgs E: Autofill Change Mode More Details O: Related ¯ Repons Optional post -Dated J: Stat acep .337. 342a ning 1589a ing j _id" : 9—0...
[keys] '{ENTER}' -> Tally 'TallyPrime:9000'
[keys] '{ENTER}' -> Tally 'TallyPrime:9000'
[keys] '{ENTER}' -> Tally 'TallyPrime:9000'
[shot] tds-049-s1-alter-at-amount (1024x768)
[17:56:12] [tds] screen tds-049-s1-alter-at-amount : x O: Import FinCom • ke Co 03 Unity TallyPrime MANAGE EDU K: Company Y: Data Accounting Voucher Alteration (Secondary Recei t Account Cash Current balance: 1,910.00 Dr Particulars Spike Income CurBal: 1,910.00 Cr Narration: Quit Z: Exchange A Accept Search E: Export M: E-mail p: print x 310ct-26 Saturday Amount ü00.00 700.00 Fl: Help Q: Date Company Ed: Contra Payment F-6: Receipt : Journal Sales o bdb31 to ru 9a53- d9a3- acep a47d- Purchase d9a3- Fl O: OåuVooctgs E: Autofill Change Mode More Details O: Related ¯ Repons Optional post -Dated J: Stat Adjustment acep .337. 342a ning 1589a ing j _...
[keys] '800{ENTER}' -> Tally 'TallyPrime:9000'
[shot] tds-050-s1-alter-amount (1024x768)
[17:56:15] [tds] screen tds-050-s1-alter-amount : x O: Import FinCom • ke Co 03 Unity TallyPrime MANAGE EDU K: Company Y: Data Accounting Voucher Alteration (Secondary Recei t Account Cash Current balance: 2,010.00 Dr Particulars Spike Income CurBa1: 2,010.00 Cr Narration: Quit Z: Exchange A Accept Search E: Export M: E-mail p: print x 310ct-26 Saturday Amount 800.00 800.00 Fl: Help Q: Date Company Ed: Contra Payment F-6: Receipt : Journal Sales o bdb31 to ru 9a53- d9a3- acep a47d- Purchase d9a3- Fl O: OåuVooctgs E: Autofill Change Mode More Details O: Related ¯ Repons Optional post -Dated J: Stat acep .337. 342a ning 1589a ing j _id" : 9—011...
[keys] '^a' -> Tally 'TallyPrime:9000'
[s235 s1-alter] Tally: Receipt no 1 of 20261031 mid 3 AlterID 7 guid 6e6a4e4e-5125-4e78-b4f0-d4c7371e1913-00000003; line after 0.6 s: [17:56:17 altered id=9bf14aeb5c302fa6a94f93650b3a6395 mid=3 aid= guid='' body=none guidHeld=False held='waiting: reading from Tally is stopped from FinCom; asked again when it is resumed']
[shot] tds-051-gw0 (1024x768)
[17:56:18] [tds] screen tds-051-gw0 : x TallyPrime MANAGE EDU K: Company Da Book • Day Book Y: Data Space: Sekd Q Z: Exchange A Add Vch Search FinCom • ke Co Vch Type Receipt O: Import Vch No. E: Export M: E-mail P: Print For 310ct-26 Fl: Help F2: Date o bdb31 Company to ru Voucher Date 31-Oct-26 Unity Quit Particulars Spike Income Debit Amount Credit Amount Inwards Qty_ Outwards Qt 800.00 U: Restore Line Type F 7: Show profit F8: Columnar FIO Basis of Values Change ¯ View B: J: L: F: 9a53- d9a3- acep a47d- d9a3- acep .337. 342a ning 1589a Exception Reports ing j _id" : Save View Apply — Filter F: Filter ¯ Details 9—011' a47d- Ent...
[keys] '{ESC}' -> Tally 'TallyPrime:9000'
[shot] tds-052-gw1 (1024x768)
[17:56:21] [tds] screen tds-052-gw1 : TallyPrime MANAGE EDU K: Company Gatewa of Tall CURRENT PERIOD I-Apr-26 to 31-Mar-27 NAME OF COMPANY FinCom Spike Co Y: Data Q Z: Exchange CURRENT OATE Saturday, 31-Oct-2026 2-Nov-26 Search O: Import E: Export M: E-mail p: pnnt x Fl: Help Date Company Gateway of Tally MASTERS Create Alter CHart of Accounts TRANSACTIONS Vouchers Day 800K UTILITIES BaNking REPORTS Balance Sheet Profit & Loss A/c Stock Summary Ratio Analysis Display More Reports Quit Unity o bdb31 to ru 9a53- d9a3- acep a47d- d9a3- acep .337. 342a ning 1589a ing j _id" : 9—011' a47d- Mode Windows Server 2025 Datacenter Build 2610...
[keys] '%g' -> Tally 'TallyPrime:9000'
[shot] tds-053-s1-delete-goto (1024x768)
[17:56:25] [tds] screen tds-053-s1-delete-goto : x R CEDU Unity Quit TallyPrime MANAGE K: Company Y: Data List of Re Z: Exchange FinCom Spike Co O: Import E: Export M: E-mail p: pnnt Fl: Help x Its Create Voucher Create Master Alter Master Expand All Show More Saved Views Common Reports Balance Sheet Profit & Loss A/c Cash/Bank Book Day Book Ledger Vouchers Stock Summary Trial Balance Bills Receivable Bills Payable Master and Voucher Statistics Stock Query Chart of Accounts Final Accounts Reports Receivables & Payables Reports Banking Utilities Ledger Reports Group Reports Voucher Reports Registers Stock Item Reports o bdb31 to ru 9a53- d9a3...
[keys] 'Day Book' -> Tally 'TallyPrime:9000'
[keys] '{ENTER}' -> Tally 'TallyPrime:9000'
[shot] tds-054-s1-delete-daybook (1024x768)
[17:56:32] [tds] screen tds-054-s1-delete-daybook : x TallyPrime MANAGE EDU K: Company Da Book • Day Book Y: Data Space: Sekd Q Z: Exchange A Add Vch Search FinCom • ke Co Vch Type Receipt O: Import Vch No. E: Export M: E-mail P: Print For 310ct-26 Fl: Help F2: Date o bdb31 Company to ru Voucher Date 31-Oct-26 Unity Quit Particulars Spike Income Debit Amount Credit Amount Inwards Qty_ Outwards Qt 800.00 U: Restore Line Type F 7: Show profit F8: Columnar FIO Basis of Values Change ¯ View B: J: L: F: 9a53- d9a3- acep a47d- d9a3- acep .337. 342a ning 1589a Exception Reports ing j _id" : Save View Apply — Filter F: Filter ¯ Details 9—011' a47d- Ent...
[keys] '{F2}' -> Tally 'TallyPrime:9000'
[shot] tds-055-s1-delete-db-date (1024x768)
[17:56:35] [tds] screen tds-055-s1-delete-db-date : TallyPrime MANAGE EDU K: Company Change Date Unity Quit Y: Data Z: Exchange A Accept Q Search O: Import E: Export M: E-mail p: pnnt x Fl: Help FinCom Spike Co Change Date 31-10-2026 o bdb31 to ru 9a53- d9a3- acep a47d- d9a3- acep .337. 342a ning 1589a ing j _id" : 9—011' a47d- Mode Windows Server 2025 Datacenter Build 26100.ge_release240331-1435 5:56 PM 10/8/2026
[keys] '1-11-2026{ENTER}' -> Tally 'TallyPrime:9000'
[shot] tds-056-s1-delete-db-dated (1024x768)
[17:56:40] [tds] screen tds-056-s1-delete-db-dated : x TallyPrime MANAGE EDU K: Company Da Book • Day Book Y: Data Space: Sekd Q Z: Exchange A Add Vch Search FinCom • ke Co Vch Type Receipt DuÅicate Vch I Insert Vch O: Import Vch No. E: Export M: E-mail P: Pnnt For 1- Nov-26 Fl: Help F2: Date o bdb31 Company to ru Voucher Date I-Nov-26 Unity Quit Particulars Spike Income Debit Amount Credit Amount Inwards Qty_ Outwards Qt Type F 7: Show profit F8: Columnar FIO Basis of Values Change ¯ View 9a53- d9a3- acep a47d- d9a3- acep .337. 342a ning 1589a Enter: Alter Delete 2 x: 300.00 U: Restore Line B: J: L: F: Exception Reports ing j _id" : Save View A...
[keys] '{HOME}' -> Tally 'TallyPrime:9000'
[shot] tds-057-s1-delete-db-first (1024x768)
[17:56:43] [tds] screen tds-057-s1-delete-db-first : x TallyPrime MANAGE EDU K: Company Da Book • Day Book Y: Data Space: Sekd Q Z: Exchange A Add Vch Search FinCom • ke Co Vch Type Receipt DuÅicate Vch I Insert Vch O: Import Vch No. E: Export M: E-mail P: Pnnt For 1- Nov-26 Fl: Help F2: Date o bdb31 Company to ru Voucher Date I-Nov-26 Unity Quit Particulars Spike Income Debit Amount Credit Amount Inwards Qty_ Outwards Qt Type F 7: Show profit F8: Columnar FIO Basis of Values Change ¯ View 9a53- d9a3- acep a47d- d9a3- acep .337. 342a ning 1589a Enter: Alter Delete 2 x: 300.00 U: Restore Line B: J: L: F: Exception Reports ing j _id" : Save View A...
[keys] '%d' -> Tally 'TallyPrime:9000'
[shot] tds-058-s1-delete-delete-q (1024x768)
[17:56:47] [tds] screen tds-058-s1-delete-delete-q : TallyPrime MANAGE EDU K: Company Day Book Y: Data Space: Seé:t Q Z: Exchange O: Import E: Export M: E-mail p: print FinCom Spike Co Delete Q x x Fl: Help F2: Date F3: Company F4: Voucher Type F 7: Show profit F8: Columnar FIO B: Basis of = Values H: Change = View J: Exception = Reports L: Save View F: Apply = Filter F: Filter ¯ Details o bdb31 to ru 9a53- d9a3- acep a47d- d9a3- acep .337. 342a ning 1589a ing j _id" : 9—011' a47d- Unity Q: Quit Enter: Alter Yes I Z: Üug(icate Vch or No l: Insert Vch A:Add Vch Search p: Delete I cancel vch R: Remue Line U: Restore Line I F12: Configure Mode Wind...
[keys] 'y' -> Tally 'TallyPrime:9000'
[s235 s1-delete] Tally: True; line after 1.1 s: [17:56:49 deleted id=50b53ed4c9d4596f05ffd255612d578b mid=4 aid= guid='' body=none guidHeld=True held='this computer's Tally could not be asked whether it was deleted here (waiting: reading from Tally is stopped from FinCom; asked again when it is resumed); not sent as a delete: held']
[shot] tds-059-gw0 (1024x768)
[17:56:50] [tds] screen tds-059-gw0 : x TallyPrime MANAGE EDU K: Company Y: Data Space: Sekd Q Z: Exchange A Add Vch Search FinCom • ke Co Vch Type DuÅicate Vch I Insert Vch O: Import Vch No. E: Export M: E-mail P: Pnnt For 1- Nov-26 Fl: Help F2: Date o bdb31 Da Book • Day Book Date Unity Quit Particulars Company to ru Voucher Debit Amount Credit Amount Inwards Qty_ Outwards Qt Type F 7: Show profit F8: Columnar FIO Basis of Values Change ¯ View B: J: L: F: 9a53- d9a3- acep a47d- d9a3- acep .337. 342a ning 1589a Exception Reports ing j _id" : Save View Apply — Filter F: Filter ¯ Details 9—011' a47d- Enter: Alter Delete x: Cancel V...
[keys] '{ESC}' -> Tally 'TallyPrime:9000'
[shot] tds-060-gw1 (1024x768)
[17:56:54] [tds] screen tds-060-gw1 : TallyPrime MANAGE EDU K: Company Gatewa of Tall CURRENT PERIOD I-Apr-26 to 31-Mar-27 NAME OF COMPANY FinCom Spike Co Y: Data Q Z: Exchange CURRENT OATE Sunday, I-Nov-2026 2-Nov-26 Search O: Import E: Export M: E-mail p: pnnt x Fl: Help Date Company Gateway of Tally MASTERS Create Alter CHart of Accounts TRANSACTIONS Vouchers Day 800K UTILITIES BaNking REPORTS Balance Sheet Profit & Loss A/c Stock Summary Ratio Analysis Display More Reports Quit Unity o bdb31 to ru 9a53- d9a3- acep a47d- d9a3- acep .337. 342a ning 1589a ing j _id" : 9—011' a47d- Mode Windows Server 2025 Datacenter Build 26100.g...
  INFO s235: the bridge's held list: C:\Users\runneradmin\AppData\Local\TDS Desk Bridge\sync\recorder-held.json
  bridge log: 2026-10-08 17:55:00  Reading from Tally stopped on this computer from FinCom: Stopped by the owner from FinCom (harness s1). Postings still go; reading starts again only from FinCom
  bridge log: 2026-10-08 17:55:05  Light check: skipped: reading is stopped from FinCom (Stopped by the owner from FinCom (harness s1))
  bridge log: 2026-10-08 17:55:28  Recorder: Receipt 4 of 02-Oct-2026 (MasterID 6, line 3884f4a1…): asking Tally by MasterID
  bridge log: 2026-10-08 17:55:28  Recorder: Receipt 4 of 02-Oct-2026 (MasterID 6, line 3884f4a1…): held at once: waiting: reading from Tally is stopped from FinCom; asked again when it is resumed (sent now without its body; FinCom shows it held, and this bridge asks Tally again)
  bridge log: 2026-10-08 17:55:28  Recorder: Receipt 4 of 02-Oct-2026 (MasterID 6, line 3884f4a1…): asking Tally again (a held line, ask 1 of 2: one request; if it stops or fails the line ends with the Day Book words)
  bridge log: 2026-10-08 17:55:28  Recorder: Receipt 4 of 02-Oct-2026 (MasterID 6, line 3884f4a1…): not asked this time: Reading from Tally is stopped on this computer from FinCom (Stopped by the owner from FinCom (harness s1), 2026-10-08 17:54:56); nothing was sent to Tally. Post; asked when reading is resumed (not counted as a try)
  bridge log: 2026-10-08 17:55:28  Recorder: held lines: 0 from FinCom, 0 asked, 0 resolved, 1 still held (1 in the list)
  bridge log: 2026-10-08 17:55:28  Recorder: held lines: 0 from FinCom, 0 asked, 0 resolved, 1 still held (1 in the list)
  bridge log: 2026-10-08 17:55:28  Recorder: held lines: 0 from FinCom, 0 asked, 0 resolved, 1 still held (1 in the list)
  bridge log: 2026-10-08 17:55:29  Recorder: held lines: 0 from FinCom, 0 asked, 0 resolved, 1 still held (1 in the list)
  bridge log: 2026-10-08 17:55:29  Recorder: held lines: 0 from FinCom, 0 asked, 0 resolved, 1 still held (1 in the list)
  bridge log: 2026-10-08 17:55:29  Recorder: held lines: 0 from FinCom, 0 asked, 0 resolved, 1 still held (1 in the list)
  bridge log: 2026-10-08 17:55:29  Recorder: held lines: 0 from FinCom, 0 asked, 0 resolved, 1 still held (1 in the list)
  bridge log: 2026-10-08 17:55:30  Recorder: held lines: 0 from FinCom, 0 asked, 0 resolved, 1 still held (1 in the list)
  bridge log: 2026-10-08 17:55:30  Recorder: held lines: 0 from FinCom, 0 asked, 0 resolved, 1 still held (1 in the list)
  bridge log: 2026-10-08 17:55:30  Recorder: held lines: 0 from FinCom, 0 asked, 0 resolved, 1 still held (1 in the list)
  bridge log: 2026-10-08 17:55:30  Recorder: held lines: 0 from FinCom, 0 asked, 0 resolved, 1 still held (1 in the list)
  bridge log: 2026-10-08 17:55:31  Recorder: held lines: 0 from FinCom, 0 asked, 0 resolved, 1 still held (1 in the list)
  bridge log: 2026-10-08 17:55:31  Recorder: held lines: 0 from FinCom, 0 asked, 0 resolved, 1 still held (1 in the list)
  bridge log: 2026-10-08 17:55:31  Recorder: held lines: 0 from FinCom, 0 asked, 0 resolved, 1 still held (1 in the list)
  bridge log: 2026-10-08 17:55:31  Recorder: held lines: 0 from FinCom, 0 asked, 0 resolved, 1 still held (1 in the list)
  bridge log: 2026-10-08 17:55:32  Recorder: held lines: 0 from FinCom, 0 asked, 0 resolved, 1 still held (1 in the list)
  bridge log: 2026-10-08 17:55:32  Recorder: held lines: 0 from FinCom, 0 asked, 0 resolved, 1 still held (1 in the list)
  bridge log: 2026-10-08 17:55:32  Recorder: held lines: 0 from FinCom, 0 asked, 0 resolved, 1 still held (1 in the list)
  bridge log: 2026-10-08 17:55:32  Recorder: held lines: 0 from FinCom, 0 asked, 0 resolved, 1 still held (1 in the list)
  bridge log: 2026-10-08 17:55:33  Recorder: held lines: 0 from FinCom, 0 asked, 0 resolved, 1 still held (1 in the list)
  bridge log: 2026-10-08 17:55:33  Recorder: held lines: 0 from FinCom, 0 asked, 0 resolved, 1 still held (1 in the list)
  bridge log: 2026-10-08 17:55:33  Recorder: held lines: 0 from FinCom, 0 asked, 0 resolved, 1 still held (1 in the list)
  bridge log: 2026-10-08 17:55:33  Recorder: held lines: 0 from FinCom, 0 asked, 0 resolved, 1 still held (1 in the list)
  bridge log: 2026-10-08 17:55:34  Recorder: held lines: 0 from FinCom, 0 asked, 0 resolved, 1 still held (1 in the list)
  bridge log: 2026-10-08 17:55:34  Recorder: held lines: 0 from FinCom, 0 asked, 0 resolved, 1 still held (1 in the list)
  bridge log: 2026-10-08 17:55:34  Recorder: held lines: 0 from FinCom, 0 asked, 0 resolved, 1 still held (1 in the list)
  bridge log: 2026-10-08 17:55:34  Recorder: held lines: 0 from FinCom, 0 asked, 0 resolved, 1 still held (1 in the list)
  bridge log: 2026-10-08 17:55:35  Recorder: held lines: 0 from FinCom, 0 asked, 0 resolved, 1 still held (1 in the list)
  bridge log: 2026-10-08 17:55:35  Recorder: held lines: 0 from FinCom, 0 asked, 0 resolved, 1 still held (1 in the list)
  bridge log: 2026-10-08 17:55:35  Recorder: held lines: 0 from FinCom, 0 asked, 0 resolved, 1 still held (1 in the list)
  bridge log: 2026-10-08 17:55:35  Recorder: held lines: 0 from FinCom, 0 asked, 0 resolved, 1 still held (1 in the list)
  bridge log: 2026-10-08 17:55:36  Recorder: held lines: 0 from FinCom, 0 asked, 0 resolved, 1 still held (1 in the list)
  bridge log: 2026-10-08 17:55:36  Recorder: held lines: 0 from FinCom, 0 asked, 0 resolved, 1 still held (1 in the list)
  bridge log: 2026-10-08 17:55:36  Recorder: held lines: 0 from FinCom, 0 asked, 0 resolved, 1 still held (1 in the list)
  bridge log: 2026-10-08 17:55:36  Recorder: held lines: 0 from FinCom, 0 asked, 0 resolved, 1 still held (1 in the list)
  bridge log: 2026-10-08 17:55:37  Recorder: held lines: 0 from FinCom, 0 asked, 0 resolved, 1 still held (1 in the list)
  bridge log: 2026-10-08 17:55:37  Recorder: held lines: 0 from FinCom, 0 asked, 0 resolved, 1 still held (1 in the list)
  bridge log: 2026-10-08 17:55:37  Recorder: held lines: 0 from FinCom, 0 asked, 0 resolved, 1 still held (1 in the list)
  bridge log: 2026-10-08 17:55:37  Recorder: held lines: 0 from FinCom, 0 asked, 0 resolved, 1 still held (1 in the list)
  bridge log: 2026-10-08 17:55:38  Recorder: held lines: 0 from FinCom, 0 asked, 0 resolved, 1 still held (1 in the list)
  bridge log: 2026-10-08 17:55:38  Recorder: held lines: 0 from FinCom, 0 asked, 0 resolved, 1 still held (1 in the list)
  bridge log: 2026-10-08 17:55:38  Recorder: held lines: 0 from FinCom, 0 asked, 0 resolved, 1 still held (1 in the list)
  bridge log: 2026-10-08 17:55:38  Recorder: held lines: 0 from FinCom, 0 asked, 0 resolved, 1 still held (1 in the list)
  bridge log: 2026-10-08 17:55:39  Recorder: held lines: 0 from FinCom, 0 asked, 0 resolved, 1 still held (1 in the list)
  bridge log: 2026-10-08 17:55:39  Recorder: held lines: 0 from FinCom, 0 asked, 0 resolved, 1 still held (1 in the list)
  bridge log: 2026-10-08 17:55:39  Recorder: held lines: 0 from FinCom, 0 asked, 0 resolved, 1 still held (1 in the list)
  bridge log: 2026-10-08 17:55:39  Recorder: held lines: 0 from FinCom, 0 asked, 0 resolved, 1 still held (1 in the list)
  bridge log: 2026-10-08 17:55:40  Recorder: held lines: 0 from FinCom, 0 asked, 0 resolved, 1 still held (1 in the list)
  bridge log: 2026-10-08 17:55:40  Recorder: held lines: 0 from FinCom, 0 asked, 0 resolved, 1 still held (1 in the list)
  bridge log: 2026-10-08 17:55:40  Recorder: held lines: 0 from FinCom, 0 asked, 0 resolved, 1 still held (1 in the list)
  bridge log: 2026-10-08 17:55:40  Recorder: held lines: 0 from FinCom, 0 asked, 0 resolved, 1 still held (1 in the list)
  bridge log: 2026-10-08 17:55:41  Recorder: held lines: 0 from FinCom, 0 asked, 0 resolved, 1 still held (1 in the list)
  bridge log: 2026-10-08 17:55:41  Recorder: held lines: 0 from FinCom, 0 asked, 0 resolved, 1 still held (1 in the list)
  bridge log: 2026-10-08 17:55:41  Recorder: held lines: 0 from FinCom, 0 asked, 0 resolved, 1 still held (1 in the list)
  bridge log: 2026-10-08 17:55:41  Recorder: held lines: 0 from FinCom, 0 asked, 0 resolved, 1 still held (1 in the list)
  bridge log: 2026-10-08 17:55:42  Recorder: held lines: 0 from FinCom, 0 asked, 0 resolved, 1 still held (1 in the list)
  bridge log: 2026-10-08 17:55:42  Recorder: held lines: 0 from FinCom, 0 asked, 0 resolved, 1 still held (1 in the list)
  bridge log: 2026-10-08 17:55:42  Recorder: held lines: 0 from FinCom, 0 asked, 0 resolved, 1 still held (1 in the list)
  bridge log: 2026-10-08 17:55:42  Recorder: held lines: 0 from FinCom, 0 asked, 0 resolved, 1 still held (1 in the list)
  bridge log: 2026-10-08 17:55:43  Recorder: held lines: 0 from FinCom, 0 asked, 0 resolved, 1 still held (1 in the list)
  bridge log: 2026-10-08 17:55:43  Recorder: held lines: 0 from FinCom, 0 asked, 0 resolved, 1 still held (1 in the list)
  bridge log: 2026-10-08 17:55:43  Recorder: held lines: 0 from FinCom, 0 asked, 0 resolved, 1 still held (1 in the list)
  bridge log: 2026-10-08 17:55:43  Recorder: held lines: 0 from FinCom, 0 asked, 0 resolved, 1 still held (1 in the list)
  bridge log: 2026-10-08 17:55:44  Recorder: held lines: 0 from FinCom, 0 asked, 0 resolved, 1 still held (1 in the list)
  bridge log: 2026-10-08 17:55:44  Recorder: held lines: 0 from FinCom, 0 asked, 0 resolved, 1 still held (1 in the list)
  bridge log: 2026-10-08 17:55:44  Recorder: held lines: 0 from FinCom, 0 asked, 0 resolved, 1 still held (1 in the list)
  bridge log: 2026-10-08 17:55:44  Recorder: held lines: 0 from FinCom, 0 asked, 0 resolved, 1 still held (1 in the list)
  bridge log: 2026-10-08 17:55:45  Recorder: held lines: 0 from FinCom, 0 asked, 0 resolved, 1 still held (1 in the list)
  bridge log: 2026-10-08 17:55:45  Recorder: held lines: 0 from FinCom, 0 asked, 0 resolved, 1 still held (1 in the list)
  bridge log: 2026-10-08 17:55:45  Recorder: held lines: 0 from FinCom, 0 asked, 0 resolved, 1 still held (1 in the list)
  bridge log: 2026-10-08 17:55:45  Recorder: held lines: 0 from FinCom, 0 asked, 0 resolved, 1 still held (1 in the list)
  bridge log: 2026-10-08 17:55:46  Recorder: held lines: 0 from FinCom, 0 asked, 0 resolved, 1 still held (1 in the list)
  bridge log: 2026-10-08 17:55:46  Recorder: held lines: 0 from FinCom, 0 asked, 0 resolved, 1 still held (1 in the list)
  bridge log: 2026-10-08 17:55:46  Recorder: held lines: 0 from FinCom, 0 asked, 0 resolved, 1 still held (1 in the list)
  bridge log: 2026-10-08 17:55:46  Recorder: held lines: 0 from FinCom, 0 asked, 0 resolved, 1 still held (1 in the list)
  bridge log: 2026-10-08 17:55:47  Recorder: held lines: 0 from FinCom, 0 asked, 0 resolved, 1 still held (1 in the list)
  bridge log: 2026-10-08 17:55:47  Recorder: held lines: 0 from FinCom, 0 asked, 0 resolved, 1 still held (1 in the list)
  bridge log: 2026-10-08 17:55:47  Recorder: held lines: 0 from FinCom, 0 asked, 0 resolved, 1 still held (1 in the list)
  bridge log: 2026-10-08 17:55:48  Recorder: held lines: 0 from FinCom, 0 asked, 0 resolved, 1 still held (1 in the list)
  bridge log: 2026-10-08 17:55:48  Recorder: held lines: 0 from FinCom, 0 asked, 0 resolved, 1 still held (1 in the list)
  bridge log: 2026-10-08 17:55:48  Recorder: held lines: 0 from FinCom, 0 asked, 0 resolved, 1 still held (1 in the list)
  bridge log: 2026-10-08 17:55:48  Recorder: held lines: 0 from FinCom, 0 asked, 0 resolved, 1 still held (1 in the list)
  bridge log: 2026-10-08 17:55:49  Recorder: held lines: 0 from FinCom, 0 asked, 0 resolved, 1 still held (1 in the list)
  bridge log: 2026-10-08 17:55:49  Recorder: held lines: 0 from FinCom, 0 asked, 0 resolved, 1 still held (1 in the list)
  bridge log: 2026-10-08 17:55:49  Recorder: held lines: 0 from FinCom, 0 asked, 0 resolved, 1 still held (1 in the list)
  bridge log: 2026-10-08 17:55:49  Recorder: held lines: 0 from FinCom, 0 asked, 0 resolved, 1 still held (1 in the list)
  bridge log: 2026-10-08 17:55:50  Recorder: held lines: 0 from FinCom, 0 asked, 0 resolved, 1 still held (1 in the list)
  bridge log: 2026-10-08 17:55:50  Recorder: held lines: 0 from FinCom, 0 asked, 0 resolved, 1 still held (1 in the list)
  bridge log: 2026-10-08 17:55:50  Recorder: held lines: 0 from FinCom, 0 asked, 0 resolved, 1 still held (1 in the list)
  bridge log: 2026-10-08 17:55:50  Recorder: held lines: 0 from FinCom, 0 asked, 0 resolved, 1 still held (1 in the list)
  bridge log: 2026-10-08 17:55:51  Recorder: held lines: 0 from FinCom, 0 asked, 0 resolved, 1 still held (1 in the list)
  bridge log: 2026-10-08 17:55:51  Recorder: held lines: 0 from FinCom, 0 asked, 0 resolved, 1 still held (1 in the list)
  bridge log: 2026-10-08 17:55:51  Recorder: held lines: 0 from FinCom, 0 asked, 0 resolved, 1 still held (1 in the list)
  bridge log: 2026-10-08 17:55:51  Recorder: held lines: 0 from FinCom, 0 asked, 0 resolved, 1 still held (1 in the list)
  bridge log: 2026-10-08 17:55:52  Recorder: held lines: 0 from FinCom, 0 asked, 0 resolved, 1 still held (1 in the list)
  bridge log: 2026-10-08 17:55:52  Recorder: held lines: 0 from FinCom, 0 asked, 0 resolved, 1 still held (1 in the list)
  bridge log: 2026-10-08 17:55:52  Recorder: held lines: 0 from FinCom, 0 asked, 0 resolved, 1 still held (1 in the list)
  bridge log: 2026-10-08 17:55:52  Recorder: held lines: 0 from FinCom, 0 asked, 0 resolved, 1 still held (1 in the list)
  bridge log: 2026-10-08 17:55:53  Recorder: held lines: 0 from FinCom, 0 asked, 0 resolved, 1 still held (1 in the list)
  bridge log: 2026-10-08 17:55:53  Recorder: held lines: 0 from FinCom, 0 asked, 0 resolved, 1 still held (1 in the list)
  bridge log: 2026-10-08 17:55:53  Recorder: held lines: 0 from FinCom, 0 asked, 0 resolved, 1 still held (1 in the list)
  bridge log: 2026-10-08 17:55:53  Recorder: held lines: 0 from FinCom, 0 asked, 0 resolved, 1 still held (1 in the list)
  bridge log: 2026-10-08 17:55:54  Recorder: held lines: 0 from FinCom, 0 asked, 0 resolved, 1 still held (1 in the list)
  bridge log: 2026-10-08 17:55:54  Recorder: held lines: 0 from FinCom, 0 asked, 0 resolved, 1 still held (1 in the list)
  bridge log: 2026-10-08 17:55:54  Recorder: held lines: 0 from FinCom, 0 asked, 0 resolved, 1 still held (1 in the list)
  bridge log: 2026-10-08 17:55:54  Recorder: held lines: 0 from FinCom, 0 asked, 0 resolved, 1 still held (1 in the list)
  bridge log: 2026-10-08 17:55:55  Recorder: held lines: 0 from FinCom, 0 asked, 0 resolved, 1 still held (1 in the list)
  bridge log: 2026-10-08 17:55:55  Recorder: held lines: 0 from FinCom, 0 asked, 0 resolved, 1 still held (1 in the list)
  bridge log: 2026-10-08 17:55:55  Recorder: held lines: 0 from FinCom, 0 asked, 0 resolved, 1 still held (1 in the list)
  bridge log: 2026-10-08 17:55:55  Recorder: held lines: 0 from FinCom, 0 asked, 0 resolved, 1 still held (1 in the list)
  bridge log: 2026-10-08 17:55:56  Recorder: held lines: 0 from FinCom, 0 asked, 0 resolved, 1 still held (1 in the list)
  bridge log: 2026-10-08 17:55:56  Recorder: held lines: 0 from FinCom, 0 asked, 0 resolved, 1 still held (1 in the list)
  bridge log: 2026-10-08 17:55:56  Recorder: held lines: 0 from FinCom, 0 asked, 0 resolved, 1 still held (1 in the list)
  bridge log: 2026-10-08 17:55:56  Recorder: held lines: 0 from FinCom, 0 asked, 0 resolved, 1 still held (1 in the list)
  bridge log: 2026-10-08 17:55:57  Recorder: held lines: 0 from FinCom, 0 asked, 0 resolved, 1 still held (1 in the list)
  bridge log: 2026-10-08 17:55:57  Recorder: held lines: 0 from FinCom, 0 asked, 0 resolved, 1 still held (1 in the list)
  bridge log: 2026-10-08 17:55:57  Recorder: held lines: 0 from FinCom, 0 asked, 0 resolved, 1 still held (1 in the list)
  bridge log: 2026-10-08 17:55:57  Recorder: held lines: 0 from FinCom, 0 asked, 0 resolved, 1 still held (1 in the list)
  bridge log: 2026-10-08 17:55:58  Recorder: held lines: 0 from FinCom, 0 asked, 0 resolved, 1 still held (1 in the list)
  bridge log: 2026-10-08 17:55:58  Recorder: held lines: 0 from FinCom, 0 asked, 0 resolved, 1 still held (1 in the list)
  bridge log: 2026-10-08 17:55:58  Recorder: held lines: 0 from FinCom, 0 asked, 0 resolved, 1 still held (1 in the list)
  bridge log: 2026-10-08 17:55:59  Recorder: held lines: 0 from FinCom, 0 asked, 0 resolved, 1 still held (1 in the list)
  bridge log: 2026-10-08 17:55:59  Recorder: held lines: 0 from FinCom, 0 asked, 0 resolved, 1 still held (1 in the list)
  bridge log: 2026-10-08 17:55:59  Recorder: held lines: 0 from FinCom, 0 asked, 0 resolved, 1 still held (1 in the list)
  bridge log: 2026-10-08 17:55:59  Recorder: held lines: 0 from FinCom, 0 asked, 0 resolved, 1 still held (1 in the list)
  bridge log: 2026-10-08 17:56:00  Recorder: held lines: 0 from FinCom, 0 asked, 0 resolved, 1 still held (1 in the list)
  bridge log: 2026-10-08 17:56:00  Recorder: held lines: 0 from FinCom, 0 asked, 0 resolved, 1 still held (1 in the list)
  bridge log: 2026-10-08 17:56:00  Recorder: held lines: 0 from FinCom, 0 asked, 0 resolved, 1 still held (1 in the list)
  bridge log: 2026-10-08 17:56:00  Recorder: held lines: 0 from FinCom, 0 asked, 0 resolved, 1 still held (1 in the list)
  bridge log: 2026-10-08 17:56:01  Recorder: held lines: 0 from FinCom, 0 asked, 0 resolved, 1 still held (1 in the list)
  bridge log: 2026-10-08 17:56:01  Recorder: held lines: 0 from FinCom, 0 asked, 0 resolved, 1 still held (1 in the list)
  bridge log: 2026-10-08 17:56:01  Recorder: held lines: 0 from FinCom, 0 asked, 0 resolved, 1 still held (1 in the list)
  bridge log: 2026-10-08 17:56:01  Recorder: held lines: 0 from FinCom, 0 asked, 0 resolved, 1 still held (1 in the list)
  bridge log: 2026-10-08 17:56:02  Recorder: held lines: 0 from FinCom, 0 asked, 0 resolved, 1 still held (1 in the list)
  bridge log: 2026-10-08 17:56:02  Recorder: held lines: 0 from FinCom, 0 asked, 0 resolved, 1 still held (1 in the list)
  bridge log: 2026-10-08 17:56:02  Recorder: held lines: 0 from FinCom, 0 asked, 0 resolved, 1 still held (1 in the list)
  bridge log: 2026-10-08 17:56:02  Recorder: held lines: 0 from FinCom, 0 asked, 0 resolved, 1 still held (1 in the list)
  bridge log: 2026-10-08 17:56:03  Recorder: held lines: 0 from FinCom, 0 asked, 0 resolved, 1 still held (1 in the list)
  bridge log: 2026-10-08 17:56:03  Recorder: held lines: 0 from FinCom, 0 asked, 0 resolved, 1 still held (1 in the list)
  bridge log: 2026-10-08 17:56:03  Recorder: held lines: 0 from FinCom, 0 asked, 0 resolved, 1 still held (1 in the list)
  bridge log: 2026-10-08 17:56:03  Recorder: held lines: 0 from FinCom, 0 asked, 0 resolved, 1 still held (1 in the list)
  bridge log: 2026-10-08 17:56:04  Recorder: held lines: 0 from FinCom, 0 asked, 0 resolved, 1 still held (1 in the list)
  bridge log: 2026-10-08 17:56:04  Recorder: held lines: 0 from FinCom, 0 asked, 0 resolved, 1 still held (1 in the list)
  bridge log: 2026-10-08 17:56:04  Recorder: held lines: 0 from FinCom, 0 asked, 0 resolved, 1 still held (1 in the list)
  bridge log: 2026-10-08 17:56:04  Recorder: held lines: 0 from FinCom, 0 asked, 0 resolved, 1 still held (1 in the list)
  bridge log: 2026-10-08 17:56:05  Recorder: held lines: 0 from FinCom, 0 asked, 0 resolved, 1 still held (1 in the list)
  bridge log: 2026-10-08 17:56:05  Recorder: held lines: 0 from FinCom, 0 asked, 0 resolved, 1 still held (1 in the list)
  bridge log: 2026-10-08 17:56:05  Recorder: held lines: 0 from FinCom, 0 asked, 0 resolved, 1 still held (1 in the list)
  bridge log: 2026-10-08 17:56:05  Recorder: held lines: 0 from FinCom, 0 asked, 0 resolved, 1 still held (1 in the list)
  bridge log: 2026-10-08 17:56:06  Recorder: held lines: 0 from FinCom, 0 asked, 0 resolved, 1 still held (1 in the list)
  bridge log: 2026-10-08 17:56:06  Recorder: held lines: 0 from FinCom, 0 asked, 0 resolved, 1 still held (1 in the list)
  bridge log: 2026-10-08 17:56:06  Recorder: held lines: 0 from FinCom, 0 asked, 0 resolved, 1 still held (1 in the list)
  bridge log: 2026-10-08 17:56:06  Recorder: held lines: 0 from FinCom, 0 asked, 0 resolved, 1 still held (1 in the list)
  bridge log: 2026-10-08 17:56:07  Recorder: held lines: 0 from FinCom, 0 asked, 0 resolved, 1 still held (1 in the list)
  bridge log: 2026-10-08 17:56:07  Recorder: held lines: 0 from FinCom, 0 asked, 0 resolved, 1 still held (1 in the list)
  bridge log: 2026-10-08 17:56:07  Recorder: held lines: 0 from FinCom, 0 asked, 0 resolved, 1 still held (1 in the list)
  bridge log: 2026-10-08 17:56:07  Recorder: held lines: 0 from FinCom, 0 asked, 0 resolved, 1 still held (1 in the list)
  bridge log: 2026-10-08 17:56:08  Recorder: held lines: 0 from FinCom, 0 asked, 0 resolved, 1 still held (1 in the list)
  bridge log: 2026-10-08 17:56:08  Recorder: held lines: 0 from FinCom, 0 asked, 0 resolved, 1 still held (1 in the list)
  bridge log: 2026-10-08 17:56:08  Recorder: held lines: 0 from FinCom, 0 asked, 0 resolved, 1 still held (1 in the list)
  bridge log: 2026-10-08 17:56:08  Recorder: held lines: 0 from FinCom, 0 asked, 0 resolved, 1 still held (1 in the list)
  bridge log: 2026-10-08 17:56:09  Recorder: held lines: 0 from FinCom, 0 asked, 0 resolved, 1 still held (1 in the list)
  bridge log: 2026-10-08 17:56:09  Recorder: held lines: 0 from FinCom, 0 asked, 0 resolved, 1 still held (1 in the list)
  bridge log: 2026-10-08 17:56:09  Recorder: held lines: 0 from FinCom, 0 asked, 0 resolved, 1 still held (1 in the list)
  bridge log: 2026-10-08 17:56:09  Recorder: held lines: 0 from FinCom, 0 asked, 0 resolved, 1 still held (1 in the list)
  bridge log: 2026-10-08 17:56:10  Recorder: held lines: 0 from FinCom, 0 asked, 0 resolved, 1 still held (1 in the list)
  bridge log: 2026-10-08 17:56:10  Recorder: held lines: 0 from FinCom, 0 asked, 0 resolved, 1 still held (1 in the list)
  bridge log: 2026-10-08 17:56:10  Recorder: held lines: 0 from FinCom, 0 asked, 0 resolved, 1 still held (1 in the list)
  bridge log: 2026-10-08 17:56:10  Recorder: held lines: 0 from FinCom, 0 asked, 0 resolved, 1 still held (1 in the list)
  bridge log: 2026-10-08 17:56:11  Recorder: held lines: 0 from FinCom, 0 asked, 0 resolved, 1 still held (1 in the list)
  bridge log: 2026-10-08 17:56:11  Recorder: held lines: 0 from FinCom, 0 asked, 0 resolved, 1 still held (1 in the list)
  bridge log: 2026-10-08 17:56:11  Recorder: held lines: 0 from FinCom, 0 asked, 0 resolved, 1 still held (1 in the list)
  bridge log: 2026-10-08 17:56:11  Recorder: held lines: 0 from FinCom, 0 asked, 0 resolved, 1 still held (1 in the list)
  bridge log: 2026-10-08 17:56:12  Recorder: held lines: 0 from FinCom, 0 asked, 0 resolved, 1 still held (1 in the list)
  bridge log: 2026-10-08 17:56:12  Recorder: held lines: 0 from FinCom, 0 asked, 0 resolved, 1 still held (1 in the list)
  bridge log: 2026-10-08 17:56:12  Recorder: held lines: 0 from FinCom, 0 asked, 0 resolved, 1 still held (1 in the list)
  bridge log: 2026-10-08 17:56:13  Recorder: held lines: 0 from FinCom, 0 asked, 0 resolved, 1 still held (1 in the list)
  bridge log: 2026-10-08 17:56:13  Recorder: held lines: 0 from FinCom, 0 asked, 0 resolved, 1 still held (1 in the list)
  bridge log: 2026-10-08 17:56:13  Recorder: held lines: 0 from FinCom, 0 asked, 0 resolved, 1 still held (1 in the list)
  bridge log: 2026-10-08 17:56:13  Recorder: held lines: 0 from FinCom, 0 asked, 0 resolved, 1 still held (1 in the list)
  bridge log: 2026-10-08 17:56:14  Recorder: held lines: 0 from FinCom, 0 asked, 0 resolved, 1 still held (1 in the list)
  bridge log: 2026-10-08 17:56:14  Recorder: held lines: 0 from FinCom, 0 asked, 0 resolved, 1 still held (1 in the list)
  bridge log: 2026-10-08 17:56:14  Recorder: held lines: 0 from FinCom, 0 asked, 0 resolved, 1 still held (1 in the list)
  bridge log: 2026-10-08 17:56:14  Recorder: held lines: 0 from FinCom, 0 asked, 0 resolved, 1 still held (1 in the list)
  bridge log: 2026-10-08 17:56:15  Recorder: held lines: 0 from FinCom, 0 asked, 0 resolved, 1 still held (1 in the list)
  bridge log: 2026-10-08 17:56:15  Recorder: held lines: 0 from FinCom, 0 asked, 0 resolved, 1 still held (1 in the list)
  bridge log: 2026-10-08 17:56:15  Recorder: held lines: 0 from FinCom, 0 asked, 0 resolved, 1 still held (1 in the list)
  bridge log: 2026-10-08 17:56:15  Recorder: held lines: 0 from FinCom, 0 asked, 0 resolved, 1 still held (1 in the list)
  bridge log: 2026-10-08 17:56:16  Recorder: held lines: 0 from FinCom, 0 asked, 0 resolved, 1 still held (1 in the list)
  bridge log: 2026-10-08 17:56:16  Recorder: held lines: 0 from FinCom, 0 asked, 0 resolved, 1 still held (1 in the list)
  bridge log: 2026-10-08 17:56:16  Recorder: held lines: 0 from FinCom, 0 asked, 0 resolved, 1 still held (1 in the list)
  bridge log: 2026-10-08 17:56:16  Recorder: held lines: 0 from FinCom, 0 asked, 0 resolved, 1 still held (1 in the list)
  bridge log: 2026-10-08 17:56:17  Recorder: held lines: 0 from FinCom, 0 asked, 0 resolved, 1 still held (1 in the list)
  bridge log: 2026-10-08 17:56:17  Recorder: Receipt 1 of 31-Oct-2026 (MasterID 3, line 9bf14aeb…): asking Tally by MasterID
  bridge log: 2026-10-08 17:56:17  Recorder: Receipt 1 of 31-Oct-2026 (MasterID 3, line 9bf14aeb…): held at once: waiting: reading from Tally is stopped from FinCom; asked again when it is resumed (sent now without its body; FinCom shows it held, and this bridge asks Tally again)
  bridge log: 2026-10-08 17:56:17  Recorder: Receipt 1 of 31-Oct-2026 (MasterID 3, line 9bf14aeb…): asking Tally again (a held line, ask 1 of 2: one request; if it stops or fails the line ends with the Day Book words)
  bridge log: 2026-10-08 17:56:17  Recorder: Receipt 1 of 31-Oct-2026 (MasterID 3, line 9bf14aeb…): not asked this time: Reading from Tally is stopped on this computer from FinCom (Stopped by the owner from FinCom (harness s1), 2026-10-08 17:54:56); nothing was sent to Tally. Post; asked when reading is resumed (not counted as a try)
  bridge log: 2026-10-08 17:56:17  Recorder: held lines: 0 from FinCom, 0 asked, 0 resolved, 2 still held (2 in the list)
  bridge log: 2026-10-08 17:56:17  Recorder: held lines: 0 from FinCom, 0 asked, 0 resolved, 2 still held (2 in the list)
  bridge log: 2026-10-08 17:56:17  Recorder: held lines: 0 from FinCom, 0 asked, 0 resolved, 2 still held (2 in the list)
  bridge log: 2026-10-08 17:56:17  Recorder: held lines: 0 from FinCom, 0 asked, 0 resolved, 2 still held (2 in the list)
  bridge log: 2026-10-08 17:56:18  Recorder: held lines: 0 from FinCom, 0 asked, 0 resolved, 2 still held (2 in the list)
  bridge log: 2026-10-08 17:56:18  Recorder: held lines: 0 from FinCom, 0 asked, 0 resolved, 2 still held (2 in the list)
  bridge log: 2026-10-08 17:56:18  Recorder: held lines: 0 from FinCom, 0 asked, 0 resolved, 2 still held (2 in the list)
  bridge log: 2026-10-08 17:56:18  Recorder: held lines: 0 from FinCom, 0 asked, 0 resolved, 2 still held (2 in the list)
  bridge log: 2026-10-08 17:56:19  Recorder: held lines: 0 from FinCom, 0 asked, 0 resolved, 2 still held (2 in the list)
  bridge log: 2026-10-08 17:56:19  Recorder: held lines: 0 from FinCom, 0 asked, 0 resolved, 2 still held (2 in the list)
  bridge log: 2026-10-08 17:56:19  Recorder: held lines: 0 from FinCom, 0 asked, 0 resolved, 2 still held (2 in the list)
  bridge log: 2026-10-08 17:56:19  Recorder: held lines: 0 from FinCom, 0 asked, 0 resolved, 2 still held (2 in the list)
  bridge log: 2026-10-08 17:56:20  Recorder: held lines: 0 from FinCom, 0 asked, 0 resolved, 2 still held (2 in the list)
  bridge log: 2026-10-08 17:56:20  Recorder: held lines: 0 from FinCom, 0 asked, 0 resolved, 2 still held (2 in the list)
  bridge log: 2026-10-08 17:56:20  Recorder: held lines: 0 from FinCom, 0 asked, 0 resolved, 2 still held (2 in the list)
  bridge log: 2026-10-08 17:56:20  Recorder: held lines: 0 from FinCom, 0 asked, 0 resolved, 2 still held (2 in the list)
  bridge log: 2026-10-08 17:56:21  Recorder: held lines: 0 from FinCom, 0 asked, 0 resolved, 2 still held (2 in the list)
  bridge log: 2026-10-08 17:56:21  Recorder: held lines: 0 from FinCom, 0 asked, 0 resolved, 2 still held (2 in the list)
  bridge log: 2026-10-08 17:56:21  Recorder: held lines: 0 from FinCom, 0 asked, 0 resolved, 2 still held (2 in the list)
  bridge log: 2026-10-08 17:56:21  Recorder: held lines: 0 from FinCom, 0 asked, 0 resolved, 2 still held (2 in the list)
  bridge log: 2026-10-08 17:56:22  Recorder: held lines: 0 from FinCom, 0 asked, 0 resolved, 2 still held (2 in the list)
  bridge log: 2026-10-08 17:56:22  Recorder: held lines: 0 from FinCom, 0 asked, 0 resolved, 2 still held (2 in the list)
  bridge log: 2026-10-08 17:56:22  Recorder: held lines: 0 from FinCom, 0 asked, 0 resolved, 2 still held (2 in the list)
  bridge log: 2026-10-08 17:56:22  Recorder: held lines: 0 from FinCom, 0 asked, 0 resolved, 2 still held (2 in the list)
  bridge log: 2026-10-08 17:56:23  Recorder: held lines: 0 from FinCom, 0 asked, 0 resolved, 2 still held (2 in the list)
  bridge log: 2026-10-08 17:56:23  Recorder: held lines: 0 from FinCom, 0 asked, 0 resolved, 2 still held (2 in the list)
  bridge log: 2026-10-08 17:56:23  Recorder: held lines: 0 from FinCom, 0 asked, 0 resolved, 2 still held (2 in the list)
  bridge log: 2026-10-08 17:56:23  Recorder: held lines: 0 from FinCom, 0 asked, 0 resolved, 2 still held (2 in the list)
  bridge log: 2026-10-08 17:56:24  Recorder: held lines: 0 from FinCom, 0 asked, 0 resolved, 2 still held (2 in the list)
  bridge log: 2026-10-08 17:56:24  Recorder: held lines: 0 from FinCom, 0 asked, 0 resolved, 2 still held (2 in the list)
  bridge log: 2026-10-08 17:56:24  Recorder: held lines: 0 from FinCom, 0 asked, 0 resolved, 2 still held (2 in the list)
  bridge log: 2026-10-08 17:56:24  Recorder: held lines: 0 from FinCom, 0 asked, 0 resolved, 2 still held (2 in the list)
  bridge log: 2026-10-08 17:56:25  Recorder: held lines: 0 from FinCom, 0 asked, 0 resolved, 2 still held (2 in the list)
  bridge log: 2026-10-08 17:56:25  Recorder: held lines: 0 from FinCom, 0 asked, 0 resolved, 2 still held (2 in the list)
  bridge log: 2026-10-08 17:56:25  Recorder: held lines: 0 from FinCom, 0 asked, 0 resolved, 2 still held (2 in the list)
  bridge log: 2026-10-08 17:56:25  Recorder: held lines: 0 from FinCom, 0 asked, 0 resolved, 2 still held (2 in the list)
  bridge log: 2026-10-08 17:56:26  Recorder: held lines: 0 from FinCom, 0 asked, 0 resolved, 2 still held (2 in the list)
  bridge log: 2026-10-08 17:56:26  Recorder: held lines: 0 from FinCom, 0 asked, 0 resolved, 2 still held (2 in the list)
  bridge log: 2026-10-08 17:56:26  Recorder: held lines: 0 from FinCom, 0 asked, 0 resolved, 2 still held (2 in the list)
  bridge log: 2026-10-08 17:56:26  Recorder: held lines: 0 from FinCom, 0 asked, 0 resolved, 2 still held (2 in the list)
  bridge log: 2026-10-08 17:56:27  Recorder: held lines: 0 from FinCom, 0 asked, 0 resolved, 2 still held (2 in the list)
  bridge log: 2026-10-08 17:56:27  Recorder: held lines: 0 from FinCom, 0 asked, 0 resolved, 2 still held (2 in the list)
  bridge log: 2026-10-08 17:56:27  Recorder: held lines: 0 from FinCom, 0 asked, 0 resolved, 2 still held (2 in the list)
  bridge log: 2026-10-08 17:56:27  Recorder: held lines: 0 from FinCom, 0 asked, 0 resolved, 2 still held (2 in the list)
  bridge log: 2026-10-08 17:56:28  Recorder: held lines: 0 from FinCom, 0 asked, 0 resolved, 2 still held (2 in the list)
  bridge log: 2026-10-08 17:56:28  Recorder: held lines: 0 from FinCom, 0 asked, 0 resolved, 2 still held (2 in the list)
  bridge log: 2026-10-08 17:56:28  Recorder: held lines: 0 from FinCom, 0 asked, 0 resolved, 2 still held (2 in the list)
  bridge log: 2026-10-08 17:56:29  Recorder: held lines: 0 from FinCom, 0 asked, 0 resolved, 2 still held (2 in the list)
  bridge log: 2026-10-08 17:56:29  Recorder: held lines: 0 from FinCom, 0 asked, 0 resolved, 2 still held (2 in the list)
  bridge log: 2026-10-08 17:56:29  Recorder: held lines: 0 from FinCom, 0 asked, 0 resolved, 2 still held (2 in the list)
  bridge log: 2026-10-08 17:56:29  Recorder: held lines: 0 from FinCom, 0 asked, 0 resolved, 2 still held (2 in the list)
  bridge log: 2026-10-08 17:56:30  Recorder: held lines: 0 from FinCom, 0 asked, 0 resolved, 2 still held (2 in the list)
  bridge log: 2026-10-08 17:56:30  Recorder: held lines: 0 from FinCom, 0 asked, 0 resolved, 2 still held (2 in the list)
  bridge log: 2026-10-08 17:56:30  Recorder: held lines: 0 from FinCom, 0 asked, 0 resolved, 2 still held (2 in the list)
  bridge log: 2026-10-08 17:56:30  Recorder: held lines: 0 from FinCom, 0 asked, 0 resolved, 2 still held (2 in the list)
  bridge log: 2026-10-08 17:56:31  Recorder: held lines: 0 from FinCom, 0 asked, 0 resolved, 2 still held (2 in the list)
  bridge log: 2026-10-08 17:56:31  Recorder: held lines: 0 from FinCom, 0 asked, 0 resolved, 2 still held (2 in the list)
  bridge log: 2026-10-08 17:56:31  Recorder: held lines: 0 from FinCom, 0 asked, 0 resolved, 2 still held (2 in the list)
  bridge log: 2026-10-08 17:56:31  Recorder: held lines: 0 from FinCom, 0 asked, 0 resolved, 2 still held (2 in the list)
  bridge log: 2026-10-08 17:56:32  Recorder: held lines: 0 from FinCom, 0 asked, 0 resolved, 2 still held (2 in the list)
  bridge log: 2026-10-08 17:56:32  Recorder: held lines: 0 from FinCom, 0 asked, 0 resolved, 2 still held (2 in the list)
  bridge log: 2026-10-08 17:56:32  Recorder: held lines: 0 from FinCom, 0 asked, 0 resolved, 2 still held (2 in the list)
  bridge log: 2026-10-08 17:56:32  Recorder: held lines: 0 from FinCom, 0 asked, 0 resolved, 2 still held (2 in the list)
  bridge log: 2026-10-08 17:56:33  Recorder: held lines: 0 from FinCom, 0 asked, 0 resolved, 2 still held (2 in the list)
  bridge log: 2026-10-08 17:56:33  Recorder: held lines: 0 from FinCom, 0 asked, 0 resolved, 2 still held (2 in the list)
  bridge log: 2026-10-08 17:56:33  Recorder: held lines: 0 from FinCom, 0 asked, 0 resolved, 2 still held (2 in the list)
  bridge log: 2026-10-08 17:56:33  Recorder: held lines: 0 from FinCom, 0 asked, 0 resolved, 2 still held (2 in the list)
  bridge log: 2026-10-08 17:56:34  Recorder: held lines: 0 from FinCom, 0 asked, 0 resolved, 2 still held (2 in the list)
  bridge log: 2026-10-08 17:56:34  Recorder: held lines: 0 from FinCom, 0 asked, 0 resolved, 2 still held (2 in the list)
  bridge log: 2026-10-08 17:56:34  Recorder: held lines: 0 from FinCom, 0 asked, 0 resolved, 2 still held (2 in the list)
  bridge log: 2026-10-08 17:56:34  Recorder: held lines: 0 from FinCom, 0 asked, 0 resolved, 2 still held (2 in the list)
  bridge log: 2026-10-08 17:56:35  Recorder: held lines: 0 from FinCom, 0 asked, 0 resolved, 2 still held (2 in the list)
  bridge log: 2026-10-08 17:56:35  Recorder: held lines: 0 from FinCom, 0 asked, 0 resolved, 2 still held (2 in the list)
  bridge log: 2026-10-08 17:56:35  Recorder: held lines: 0 from FinCom, 0 asked, 0 resolved, 2 still held (2 in the list)
  bridge log: 2026-10-08 17:56:35  Recorder: held lines: 0 from FinCom, 0 asked, 0 resolved, 2 still held (2 in the list)
  bridge log: 2026-10-08 17:56:36  Recorder: held lines: 0 from FinCom, 0 asked, 0 resolved, 2 still held (2 in the list)
  bridge log: 2026-10-08 17:56:36  Recorder: held lines: 0 from FinCom, 0 asked, 0 resolved, 2 still held (2 in the list)
  bridge log: 2026-10-08 17:56:36  Recorder: held lines: 0 from FinCom, 0 asked, 0 resolved, 2 still held (2 in the list)
  bridge log: 2026-10-08 17:56:36  Recorder: held lines: 0 from FinCom, 0 asked, 0 resolved, 2 still held (2 in the list)
  bridge log: 2026-10-08 17:56:37  Recorder: held lines: 0 from FinCom, 0 asked, 0 resolved, 2 still held (2 in the list)
  bridge log: 2026-10-08 17:56:37  Recorder: held lines: 0 from FinCom, 0 asked, 0 resolved, 2 still held (2 in the list)
  bridge log: 2026-10-08 17:56:37  Recorder: held lines: 0 from FinCom, 0 asked, 0 resolved, 2 still held (2 in the list)
  bridge log: 2026-10-08 17:56:38  Recorder: held lines: 0 from FinCom, 0 asked, 0 resolved, 2 still held (2 in the list)
  bridge log: 2026-10-08 17:56:38  Recorder: held lines: 0 from FinCom, 0 asked, 0 resolved, 2 still held (2 in the list)
  bridge log: 2026-10-08 17:56:38  Recorder: held lines: 0 from FinCom, 0 asked, 0 resolved, 2 still held (2 in the list)
  bridge log: 2026-10-08 17:56:38  Recorder: held lines: 0 from FinCom, 0 asked, 0 resolved, 2 still held (2 in the list)
  bridge log: 2026-10-08 17:56:39  Recorder: held lines: 0 from FinCom, 0 asked, 0 resolved, 2 still held (2 in the list)
  bridge log: 2026-10-08 17:56:39  Recorder: held lines: 0 from FinCom, 0 asked, 0 resolved, 2 still held (2 in the list)
  bridge log: 2026-10-08 17:56:39  Recorder: held lines: 0 from FinCom, 0 asked, 0 resolved, 2 still held (2 in the list)
  bridge log: 2026-10-08 17:56:39  Recorder: held lines: 0 from FinCom, 0 asked, 0 resolved, 2 still held (2 in the list)
  bridge log: 2026-10-08 17:56:40  Recorder: held lines: 0 from FinCom, 0 asked, 0 resolved, 2 still held (2 in the list)
  bridge log: 2026-10-08 17:56:40  Recorder: held lines: 0 from FinCom, 0 asked, 0 resolved, 2 still held (2 in the list)
  bridge log: 2026-10-08 17:56:40  Recorder: held lines: 0 from FinCom, 0 asked, 0 resolved, 2 still held (2 in the list)
  bridge log: 2026-10-08 17:56:40  Recorder: held lines: 0 from FinCom, 0 asked, 0 resolved, 2 still held (2 in the list)
  bridge log: 2026-10-08 17:56:41  Recorder: held lines: 0 from FinCom, 0 asked, 0 resolved, 2 still held (2 in the list)
  bridge log: 2026-10-08 17:56:41  Recorder: held lines: 0 from FinCom, 0 asked, 0 resolved, 2 still held (2 in the list)
  bridge log: 2026-10-08 17:56:41  Recorder: held lines: 0 from FinCom, 0 asked, 0 resolved, 2 still held (2 in the list)
  bridge log: 2026-10-08 17:56:41  Recorder: held lines: 0 from FinCom, 0 asked, 0 resolved, 2 still held (2 in the list)
  bridge log: 2026-10-08 17:56:42  Recorder: held lines: 0 from FinCom, 0 asked, 0 resolved, 2 still held (2 in the list)
  bridge log: 2026-10-08 17:56:42  Recorder: held lines: 0 from FinCom, 0 asked, 0 resolved, 2 still held (2 in the list)
  bridge log: 2026-10-08 17:56:42  Recorder: held lines: 0 from FinCom, 0 asked, 0 resolved, 2 still held (2 in the list)
  bridge log: 2026-10-08 17:56:42  Recorder: held lines: 0 from FinCom, 0 asked, 0 resolved, 2 still held (2 in the list)
  bridge log: 2026-10-08 17:56:43  Recorder: held lines: 0 from FinCom, 0 asked, 0 resolved, 2 still held (2 in the list)
  bridge log: 2026-10-08 17:56:43  Recorder: held lines: 0 from FinCom, 0 asked, 0 resolved, 2 still held (2 in the list)
  bridge log: 2026-10-08 17:56:43  Recorder: held lines: 0 from FinCom, 0 asked, 0 resolved, 2 still held (2 in the list)
  bridge log: 2026-10-08 17:56:43  Recorder: held lines: 0 from FinCom, 0 asked, 0 resolved, 2 still held (2 in the list)
  bridge log: 2026-10-08 17:56:44  Recorder: held lines: 0 from FinCom, 0 asked, 0 resolved, 2 still held (2 in the list)
  bridge log: 2026-10-08 17:56:44  Recorder: held lines: 0 from FinCom, 0 asked, 0 resolved, 2 still held (2 in the list)
  bridge log: 2026-10-08 17:56:44  Recorder: held lines: 0 from FinCom, 0 asked, 0 resolved, 2 still held (2 in the list)
  bridge log: 2026-10-08 17:56:44  Recorder: held lines: 0 from FinCom, 0 asked, 0 resolved, 2 still held (2 in the list)
  bridge log: 2026-10-08 17:56:45  Recorder: held lines: 0 from FinCom, 0 asked, 0 resolved, 2 still held (2 in the list)
  bridge log: 2026-10-08 17:56:45  Recorder: held lines: 0 from FinCom, 0 asked, 0 resolved, 2 still held (2 in the list)
  bridge log: 2026-10-08 17:56:45  Recorder: held lines: 0 from FinCom, 0 asked, 0 resolved, 2 still held (2 in the list)
  bridge log: 2026-10-08 17:56:45  Recorder: held lines: 0 from FinCom, 0 asked, 0 resolved, 2 still held (2 in the list)
  bridge log: 2026-10-08 17:56:46  Recorder: held lines: 0 from FinCom, 0 asked, 0 resolved, 2 still held (2 in the list)
  bridge log: 2026-10-08 17:56:46  Recorder: held lines: 0 from FinCom, 0 asked, 0 resolved, 2 still held (2 in the list)
  bridge log: 2026-10-08 17:56:46  Recorder: held lines: 0 from FinCom, 0 asked, 0 resolved, 2 still held (2 in the list)
  bridge log: 2026-10-08 17:56:46  Recorder: held lines: 0 from FinCom, 0 asked, 0 resolved, 2 still held (2 in the list)
  bridge log: 2026-10-08 17:56:47  Recorder: held lines: 0 from FinCom, 0 asked, 0 resolved, 2 still held (2 in the list)
  bridge log: 2026-10-08 17:56:47  Recorder: held lines: 0 from FinCom, 0 asked, 0 resolved, 2 still held (2 in the list)
  bridge log: 2026-10-08 17:56:47  Recorder: held lines: 0 from FinCom, 0 asked, 0 resolved, 2 still held (2 in the list)
  bridge log: 2026-10-08 17:56:47  Recorder: held lines: 0 from FinCom, 0 asked, 0 resolved, 2 still held (2 in the list)
  bridge log: 2026-10-08 17:56:48  Recorder: held lines: 0 from FinCom, 0 asked, 0 resolved, 2 still held (2 in the list)
  bridge log: 2026-10-08 17:56:48  Recorder: held lines: 0 from FinCom, 0 asked, 0 resolved, 2 still held (2 in the list)
  bridge log: 2026-10-08 17:56:48  Recorder: held lines: 0 from FinCom, 0 asked, 0 resolved, 2 still held (2 in the list)
  bridge log: 2026-10-08 17:56:48  Recorder: held lines: 0 from FinCom, 0 asked, 0 resolved, 2 still held (2 in the list)
  bridge log: 2026-10-08 17:56:49  Recorder: held lines: 0 from FinCom, 0 asked, 0 resolved, 2 still held (2 in the list)
  bridge log: 2026-10-08 17:56:49  Recorder: Receipt 2 of 01-Nov-2026 (MasterID 4, line 50b53ed4…): asking Tally by MasterID
  bridge log: 2026-10-08 17:56:49  Recorder: FinCom Spike Co: delete of mid 4: held: this computer's Tally could not be asked whether it was deleted here (waiting: reading from Tally is stopped from FinCom; asked again when it is resumed); not sent as a delete: held
  bridge log: 2026-10-08 17:56:49  Recorder: held lines: 0 from FinCom, 0 asked, 0 resolved, 3 still held (3 in the list)
  bridge log: 2026-10-08 17:56:49  Recorder: held lines: 0 from FinCom, 0 asked, 0 resolved, 3 still held (3 in the list)
  bridge log: 2026-10-08 17:56:49  Recorder: held lines: 0 from FinCom, 0 asked, 0 resolved, 3 still held (3 in the list)
  bridge log: 2026-10-08 17:56:49  Recorder: held lines: 0 from FinCom, 0 asked, 0 resolved, 3 still held (3 in the list)
  bridge log: 2026-10-08 17:56:50  Recorder: held lines: 0 from FinCom, 0 asked, 0 resolved, 3 still held (3 in the list)
  bridge log: 2026-10-08 17:56:50  Recorder: held lines: 0 from FinCom, 0 asked, 0 resolved, 3 still held (3 in the list)
  bridge log: 2026-10-08 17:56:50  Recorder: held lines: 0 from FinCom, 0 asked, 0 resolved, 3 still held (3 in the list)
  bridge log: 2026-10-08 17:56:50  Recorder: held lines: 0 from FinCom, 0 asked, 0 resolved, 3 still held (3 in the list)
  bridge log: 2026-10-08 17:56:51  Recorder: held lines: 0 from FinCom, 0 asked, 0 resolved, 3 still held (3 in the list)
  bridge log: 2026-10-08 17:56:51  Recorder: held lines: 0 from FinCom, 0 asked, 0 resolved, 3 still held (3 in the list)
  bridge log: 2026-10-08 17:56:51  Recorder: held lines: 0 from FinCom, 0 asked, 0 resolved, 3 still held (3 in the list)
  bridge log: 2026-10-08 17:56:51  Recorder: held lines: 0 from FinCom, 0 asked, 0 resolved, 3 still held (3 in the list)
  bridge log: 2026-10-08 17:56:52  Recorder: held lines: 0 from FinCom, 0 asked, 0 resolved, 3 still held (3 in the list)
  bridge log: 2026-10-08 17:56:52  Recorder: held lines: 0 from FinCom, 0 asked, 0 resolved, 3 still held (3 in the list)
  bridge log: 2026-10-08 17:56:52  Recorder: held lines: 0 from FinCom, 0 asked, 0 resolved, 3 still held (3 in the list)
  bridge log: 2026-10-08 17:56:52  Recorder: held lines: 0 from FinCom, 0 asked, 0 resolved, 3 still held (3 in the list)
  bridge log: 2026-10-08 17:56:53  Recorder: held lines: 0 from FinCom, 0 asked, 0 resolved, 3 still held (3 in the list)
  bridge log: 2026-10-08 17:56:53  Recorder: held lines: 0 from FinCom, 0 asked, 0 resolved, 3 still held (3 in the list)
  bridge log: 2026-10-08 17:56:53  Recorder: held lines: 0 from FinCom, 0 asked, 0 resolved, 3 still held (3 in the list)
  bridge log: 2026-10-08 17:56:53  Recorder: held lines: 0 from FinCom, 0 asked, 0 resolved, 3 still held (3 in the list)
  bridge log: 2026-10-08 17:56:54  Recorder: held lines: 0 from FinCom, 0 asked, 0 resolved, 3 still held (3 in the list)
  bridge log: 2026-10-08 17:56:54  Recorder: held lines: 0 from FinCom, 0 asked, 0 resolved, 3 still held (3 in the list)
  bridge log: 2026-10-08 17:56:54  Recorder: held lines: 0 from FinCom, 0 asked, 0 resolved, 3 still held (3 in the list)
  bridge log: 2026-10-08 17:56:55  Recorder: held lines: 0 from FinCom, 0 asked, 0 resolved, 3 still held (3 in the list)
  bridge log: 2026-10-08 17:56:55  Recorder: held lines: 0 from FinCom, 0 asked, 0 resolved, 3 still held (3 in the list)
  bridge log: 2026-10-08 17:56:55  Recorder: held lines: 0 from FinCom, 0 asked, 0 resolved, 3 still held (3 in the list)
  bridge log: 2026-10-08 17:56:55  Recorder: held lines: 0 from FinCom, 0 asked, 0 resolved, 3 still held (3 in the list)
  bridge log: 2026-10-08 17:56:56  Recorder: held lines: 0 from FinCom, 0 asked, 0 resolved, 3 still held (3 in the list)
  bridge log: 2026-10-08 17:56:56  Recorder: held lines: 0 from FinCom, 0 asked, 0 resolved, 3 still held (3 in the list)
  bridge log: 2026-10-08 17:56:56  Recorder: held lines: 0 from FinCom, 0 asked, 0 resolved, 3 still held (3 in the list)
  bridge log: 2026-10-08 17:56:56  Recorder: held lines: 0 from FinCom, 0 asked, 0 resolved, 3 still held (3 in the list)
  bridge log: 2026-10-08 17:56:57  Recorder: held lines: 0 from FinCom, 0 asked, 0 resolved, 3 still held (3 in the list)
######## PASS s1 stop: three lines held, nothing asked: Tally: created Receipt no 4 of 20261002 mid 6 AlterID 6 guid 6e6a4e4e-5125-4e78-b4f0-d4c7371e1913-00000006; altered mid 3 AlterID 3 -> 7; deleted Receipt no 2 of 20261101 mid 4 AlterID 4 guid 6e6a4e4e-5125-4e78-b4f0-d4c7371e1913-00000004. Stub lines (seconds from each save, 10 s at most): created 0.4 s [17:55:28 created id=3884f4a16e1d4d3c4da4f1d72bfddf8e mid=6 aid= guid='' body=none guidHeld=False held='waiting: reading from Tally is stopped from FinCom; asked again when it is resumed']; altered 0.6 s [17:56:17 altered id=9bf14aeb5c302fa6a94f93650b3a6395 mid=3 aid= guid='' body=none guidHeld=False held='waiting: reading from Tally is stopped from FinCom; asked again when it is resumed']; deleted 1.1 s [17:56:49 deleted id=50b53ed4c9d4596f05ffd255612d578b mid=4 aid= guid='' body=none guidHeld=True held='this computer's Tally could not be asked whether it was deleted here (waiting: reading from Tally is stopped from FinCom; asked again when it is resumed); not sent as a delete: held']. Held with the stop's words, no body: True; the delete held for its proof with no GUID: True. Voucher requests that reached Tally during the stop (proxy): none; every request the bridge sent Tally then: TDSDeskCompanies x3. Held list (no try counted: True; the delete's keepGuid is its GUID: False): created tries=0 freshTries=0 asked=0 allow=2 fresh=True slow=0 freshSlow=False final=False keepGuid= why='waiting: reading from Tally is stopped from FinCom; asked again when it is resumed'; altered tries=0 freshTries=0 asked=0 allow=2 fresh=True slow=0 freshSlow=False final=False keepGuid= why='waiting: reading from Tally is stopped from FinCom; asked again when it is resumed'; deleted tries=0 freshTries=0 asked=0 allow=0 fresh=False slow=0 freshSlow=False final=False keepGuid= why='this computer's Tally could not be asked whether it was deleted here (waiting: reading from Tally is stopped from FinCom; asked again when it is resumed); not s...'. Bridge log: 2026-10-08 17:55:00  Reading from Tally stopped on this computer from FinCom: Stopped by the owner from FinCom (harness s1). Postings still go; reading starts again only from FinCom | 2026-10-08 17:55:05  Light check: skipped: reading is stopped from FinCom (Stopped by the owner from FinCom (harness s1)) | 2026-10-08 17:55:28  Recorder: Receipt 4 of 02-Oct-2026 (MasterID 6, line 3884f4a1…): held at once: waiting: reading from Tally is stopped from FinCom; asked again when it is resumed (sent now without its body; FinCom shows it held, and this bridge asks Tally ... | 2026-10-08 17:55:28  Recorder: Receipt 4 of 02-Oct-2026 (MasterID 6, line 3884f4a1…): not asked this time: Reading from Tally is stopped on this computer from FinCom (Stopped by the owner from FinCom (harness s1), 2026-10-08 17:54:56); nothing was sent to Tall... | 2026-10-08 17:56:17  Recorder: Receipt 1 of 31-Oct-2026 (MasterID 3, line 9bf14aeb…): held at once: waiting: reading from Tally is stopped from FinCom; asked again when it is resumed (sent now without its body; FinCom shows it held, and this bridge asks Tally ... | 2026-10-08 17:56:17  Recorder: Receipt 1 of 31-Oct-2026 (MasterID 3, line 9bf14aeb…): not asked this time: Reading from Tally is stopped on this computer from FinCom (Stopped by the owner from FinCom (harness s1), 2026-10-08 17:54:56); nothing was sent to Tall... | 2026-10-08 17:56:49  Recorder: FinCom Spike Co: delete of mid 4: held: this computer's Tally could not be asked whether it was deleted here (waiting: reading from Tally is stopped from FinCom; asked again when it is resumed); not sent as a delete: held
[17:56:57] ---- s2 lift: bodies and the delete with its GUID
  INFO s235 s2 lift: stub True; bridge log: '2026-10-08 17:57:00  Reading from Tally resumed from FinCom (it was stopped: Stopped by the owner from FinCom (harness s1))'
[s235] settled after 13 s
  bridge log: 2026-10-08 17:56:57  Recorder: held lines: 0 from FinCom, 0 asked, 0 resolved, 3 still held (3 in the list)
  bridge log: 2026-10-08 17:56:57  Recorder: held lines: 0 from FinCom, 0 asked, 0 resolved, 3 still held (3 in the list)
  bridge log: 2026-10-08 17:56:57  Recorder: held lines: 0 from FinCom, 0 asked, 0 resolved, 3 still held (3 in the list)
  bridge log: 2026-10-08 17:56:58  Recorder: held lines: 0 from FinCom, 0 asked, 0 resolved, 3 still held (3 in the list)
  bridge log: 2026-10-08 17:56:58  Recorder: held lines: 0 from FinCom, 0 asked, 0 resolved, 3 still held (3 in the list)
  bridge log: 2026-10-08 17:56:58  Recorder: held lines: 0 from FinCom, 0 asked, 0 resolved, 3 still held (3 in the list)
  bridge log: 2026-10-08 17:56:58  Recorder: held lines: 0 from FinCom, 0 asked, 0 resolved, 3 still held (3 in the list)
  bridge log: 2026-10-08 17:56:59  Recorder: held lines: 0 from FinCom, 0 asked, 0 resolved, 3 still held (3 in the list)
  bridge log: 2026-10-08 17:56:59  Recorder: held lines: 0 from FinCom, 0 asked, 0 resolved, 3 still held (3 in the list)
  bridge log: 2026-10-08 17:56:59  Recorder: held lines: 0 from FinCom, 0 asked, 0 resolved, 3 still held (3 in the list)
  bridge log: 2026-10-08 17:57:00  Recorder: held lines: 0 from FinCom, 0 asked, 0 resolved, 3 still held (3 in the list)
  bridge log: 2026-10-08 17:57:00  Reading from Tally resumed from FinCom (it was stopped: Stopped by the owner from FinCom (harness s1))
  bridge log: 2026-10-08 17:57:00  Recorder: entry fetch of FinCom Spike Co: answered in 20 ms
  bridge log: 2026-10-08 17:57:00  Recorder: Receipt 1 of 31-Oct-2026 (MasterID 3, line 9bf14aeb…): taken: Tally's GUID 6e6a4e4e-5125-4e78-b4f0-d4c7371e1913-00000003, AlterID 7
  bridge log: 2026-10-08 17:57:00  Recorder: Receipt 1 of 20261031 in FinCom Spike Co resolved: sent as altered with its GUID 6e6a4e4e-5125-4e78-b4f0-d4c7371e1913-00000003 and body
  bridge log: 2026-10-08 17:57:00  Recorder: entry fetch of FinCom Spike Co: answered in 33 ms
  bridge log: 2026-10-08 17:57:00  Recorder: Receipt 4 of 02-Oct-2026 (MasterID 6, line 3884f4a1…): taken: Tally's GUID 6e6a4e4e-5125-4e78-b4f0-d4c7371e1913-00000006, AlterID 6
  bridge log: 2026-10-08 17:57:00  Recorder: Receipt 4 of 20261002 in FinCom Spike Co resolved: sent as created with its GUID 6e6a4e4e-5125-4e78-b4f0-d4c7371e1913-00000006 and body
  bridge log: 2026-10-08 17:57:00  Recorder: Receipt 2 of 01-Nov-2026 (MasterID 4, line 50b53ed4…): asking Tally again (a held line, ask 1 of 1: one request; if it stops or fails the line ends with the Day Book words)
  bridge log: 2026-10-08 17:57:00  Recorder: entry fetch of FinCom Spike Co: answered in 13 ms
  bridge log: 2026-10-08 17:57:01  Recorder: entry fetch of FinCom Spike Co: answered in 12 ms
  bridge log: 2026-10-08 17:57:01  Recorder: FinCom Spike Co: delete of mid 4: not in this Tally (asked by MasterID): proven deleted here
  bridge log: 2026-10-08 17:57:01  Recorder: Receipt 2 of 01-Nov-2026 (MasterID 4, line 50b53ed4…): proven in this Tally now: the delete goes as 50b53ed4c9d4596f05ffd255612d578b:resolved
  bridge log: 2026-10-08 17:57:01  Recorder: held lines: 0 from FinCom, 3 asked, 3 resolved, 0 still held (3 in the list)
  bridge log: 2026-10-08 17:57:01  Recorder: FinCom Spike Co: delete of mid 4: GUID from the bridge's record: 6e6a4e4e-5125-4e78-b4f0-d4c7371e1913-00000004; the GUID its MasterID makes agrees
######## PASS s2 lift: bodies and the delete with its GUID: created (Tally guid 6e6a4e4e-5125-4e78-b4f0-d4c7371e1913-00000006): 1 ':resolved' line(s): [17:57:01 created id=3884f4a16e1d4d3c4da4f1d72bfddf8e:resolved mid=6 aid=6 guid=6e6a4e4e-5125-4e78-b4f0-d4c7371e1913-00000006 body=yes(876 chars) guidHeld=False held='']; Day Book words in 0 line(s). altered (Tally guid 6e6a4e4e-5125-4e78-b4f0-d4c7371e1913-00000003, AlterID 7; the line's AlterID is Tally's: True): 1 ':resolved' line(s): [17:57:01 altered id=9bf14aeb5c302fa6a94f93650b3a6395:resolved mid=3 aid=7 guid=6e6a4e4e-5125-4e78-b4f0-d4c7371e1913-00000003 body=yes(876 chars) guidHeld=False held='']; Day Book words in 0 line(s). deleted (its GUID 6e6a4e4e-5125-4e78-b4f0-d4c7371e1913-00000004; still in Tally by MasterID 4: False): 1 ':resolved' line(s): [17:57:01 deleted id=50b53ed4c9d4596f05ffd255612d578b:resolved mid=4 aid= guid=6e6a4e4e-5125-4e78-b4f0-d4c7371e1913-00000004 body=none guidHeld=False held='']; Day Book words in 0 line(s). Requests the bridge sent Tally after the lift: FinComVoucherObject x4, TDSDeskCompanies x2. Bridge log: 2026-10-08 17:57:00  Recorder: Receipt 1 of 31-Oct-2026 (MasterID 3, line 9bf14aeb…): taken: Tally's GUID 6e6a4e4e-5125-4e78-b4f0-d4c7371e1913-00000003, AlterID 7 | 2026-10-08 17:57:00  Recorder: Receipt 1 of 20261031 in FinCom Spike Co resolved: sent as altered with its GUID 6e6a4e4e-5125-4e78-b4f0-d4c7371e1913-00000003 and body | 2026-10-08 17:57:00  Recorder: Receipt 4 of 02-Oct-2026 (MasterID 6, line 3884f4a1…): taken: Tally's GUID 6e6a4e4e-5125-4e78-b4f0-d4c7371e1913-00000006, AlterID 6 | 2026-10-08 17:57:00  Recorder: Receipt 4 of 20261002 in FinCom Spike Co resolved: sent as created with its GUID 6e6a4e4e-5125-4e78-b4f0-d4c7371e1913-00000006 and body | 2026-10-08 17:57:01  Recorder: FinCom Spike Co: delete of mid 4: not in this Tally (asked by MasterID): proven deleted here | 2026-10-08 17:57:01  Recorder: Receipt 2 of 01-Nov-2026 (MasterID 4, line 50b53ed4…): proven in this Tally now: the delete goes as 50b53ed4c9d4596f05ffd255612d578b:resolved | 2026-10-08 17:57:01  Recorder: held lines: 0 from FinCom, 3 asked, 3 resolved, 0 still held (3 in the list) | 2026-10-08 17:57:01  Recorder: FinCom Spike Co: delete of mid 4: GUID from the bridge's record: 6e6a4e4e-5125-4e78-b4f0-d4c7371e1913-00000004; the GUID its MasterID makes agrees
[17:57:13] ---- s3 restart: the held delete keeps its GUID
  INFO s235 s3 stop: stub True; bridge log: '2026-10-08 17:57:15  Reading from Tally stopped on this computer from FinCom: Stopped by the owner from FinCom (harness s3). Postings still go; reading starts again only from FinCom'; tray status readStopped: {"at":"2026-10-08T17:57:13","by":"fincom","reason":"Stopped by the owner from FinCom (harness s3)"}
[shot] tds-061-gw0 (1024x768)
[17:57:16] [tds] screen tds-061-gw0 : TallyPrime MANAGE EDU K: Company Gatewa of Tall CURRENT PERIOD I-Apr-26 to 31-Mar-27 NAME OF COMPANY FinCom Spike Co Y: Data Q Z: Exchange CURRENT OATE Sunday, I-Nov-2026 2-Nov-26 Search O: Import E: Export M: E-mail p: pnnt x Fl: Help Date Company Gateway of Tally MASTERS Create Alter CHart of Accounts TRANSACTIONS Vouchers Day 800K UTILITIES BaNking REPORTS Balance Sheet Profit & Loss A/c Stock Summary Ratio Analysis Display More Reports Quit Unity o bdb31 to ru 9a53- d9a3- acep a47d- d9a3- acep .337. 342a ning 1589a ing j _id" : 9—011' a47d- Mode Windows Server 2025 Datacenter Build 26100.g...
[keys] '%g' -> Tally 'TallyPrime:9000'
[shot] tds-062-s3-delete-goto (1024x768)
[17:57:20] [tds] screen tds-062-s3-delete-goto : x R CEDU Unity Quit TallyPrime MANAGE K: Company Y: Data List of Re Z: Exchange FinCom Spike Co O: Import E: Export M: E-mail p: pnnt Fl: Help x Its Create Voucher Create Master Alter Master Expand All Show More Saved Views Common Reports Balance Sheet Profit & Loss A/c Cash/Bank Book Day Book Ledger Vouchers Stock Summary Trial Balance Bills Receivable Bills Payable Master and Voucher Statistics Stock Query Chart of Accounts Final Accounts Reports Receivables & Payables Reports Banking Utilities Ledger Reports Group Reports Voucher Reports Registers Stock Item Reports o bdb31 to ru 9a53- d9a3...
[keys] 'Day Book' -> Tally 'TallyPrime:9000'
[keys] '{ENTER}' -> Tally 'TallyPrime:9000'
[shot] tds-063-s3-delete-daybook (1024x768)
[17:57:27] [tds] screen tds-063-s3-delete-daybook : x TallyPrime MANAGE EDU K: Company Y: Data Space: Sekd Q Z: Exchange A Add Vch Search FinCom • ke Co Vch Type O: Import Vch No. E: Export M: E-mail P: Pnnt For 1- Nov-26 Fl: Help F2: Date o bdb31 Da Book • Day Book Date Unity Quit Company to ru Voucher Particulars Enter: Alter Debit Amount Credit Amount Inwards Qty_ Outwards Qt Type F 7: Show profit F8: Columnar FIO Basis of Values Change ¯ View B: J: L: F: 9a53- d9a3- acep a47d- d9a3- acep .337. 342a ning 1589a Exception Reports ing j _id" : Save View Apply — Filter F: Filter ¯ Details 9—011' a47d- 2: Üug(icate Vch I Insert Vch D: Delete X: C...
[keys] '{F2}' -> Tally 'TallyPrime:9000'
[shot] tds-064-s3-delete-db-date (1024x768)
[17:57:30] [tds] screen tds-064-s3-delete-db-date : TallyPrime MANAGE EDU K: Company Change Date Unity Quit Y: Data Z: Exchange A Accept Q Search O: Import E: Export M: E-mail p: pnnt x Fl: Help FinCom Spike Co Change Date 1-11-2026 o bdb31 to ru 9a53- d9a3- acep a47d- d9a3- acep .337. 342a ning 1589a ing j _id" : 9—011' a47d- Mode Windows Server 2025 Datacenter Build 26100.ge_release240331-1435 5:57 PM 10/8/2026
[keys] '2-11-2026{ENTER}' -> Tally 'TallyPrime:9000'
[shot] tds-065-s3-delete-db-dated (1024x768)
[17:57:34] [tds] screen tds-065-s3-delete-db-dated : x TallyPrime MANAGE EDU K: Company Da Book • Day Book Y: Data Space: Sekd Q Z: Exchange A Add Vch Search FinCom • ke Co Vch Type Receipt DuÅicate Vch I Insert Vch O: Import Vch No. E: Export M: E-mail P: Print For 2-Nov-26 Fl: Help F2: Date o bdb31 Company to ru Voucher Date 2-Nov-26 Unity Quit Particulars Spike Income Debit Amount Credit Amount Inwards Qty_ Outwards Qt Type F 7: Show profit F8: Columnar FIO Basis of Values Change ¯ View 9a53- d9a3- acep a47d- d9a3- acep .337. 342a ning 1589a Enter: Alter Delete 3 x: 400.00 U: Restore Line B: J: L: F: Exception Reports ing j _id" : Save View A...
[keys] '{HOME}' -> Tally 'TallyPrime:9000'
[shot] tds-066-s3-delete-db-first (1024x768)
[17:57:38] [tds] screen tds-066-s3-delete-db-first : x TallyPrime MANAGE EDU K: Company Da Book • Day Book Y: Data Space: Sekd Q Z: Exchange A Add Vch Search FinCom • ke Co Vch Type Receipt DuÅicate Vch I Insert Vch O: Import Vch No. E: Export M: E-mail P: Print For 2-Nov-26 Fl: Help F2: Date o bdb31 Company to ru Voucher Date 2-Nov-26 Unity Quit Particulars Spike Income Debit Amount Credit Amount Inwards Qty_ Outwards Qt Type F 7: Show profit F8: Columnar FIO Basis of Values Change ¯ View 9a53- d9a3- acep a47d- d9a3- acep .337. 342a ning 1589a Enter: Alter Delete 3 x: 400.00 U: Restore Line B: J: L: F: Exception Reports ing j _id" : Save View A...
[keys] '%d' -> Tally 'TallyPrime:9000'
[shot] tds-067-s3-delete-delete-q (1024x768)
[17:57:42] [tds] screen tds-067-s3-delete-delete-q : TallyPrime MANAGE EDU K: Company Day Book Y: Data Space: Seé:t Q Z: Exchange O: Import E: Export M: E-mail p: print FinCom Spike Co Delete Q x x Fl: Help F2: Date F3: Company F4: Voucher Type F 7: Show profit F8: Columnar FIO B: Basis of = Values H: Change = View J: Exception = Reports L: Save View F: Apply = Filter F: Filter ¯ Details o bdb31 to ru 9a53- d9a3- acep a47d- d9a3- acep .337. 342a ning 1589a ing j _id" : 9—011' a47d- Unity Q: Quit Enter: Alter Yes I Z: Üug(icate Vch or No l: Insert Vch A:Add Vch Search p: Delete I cancel vch R: Remue Line U: Restore Line I F12: Configure Mode Wind...
[keys] 'y' -> Tally 'TallyPrime:9000'
[s235 s3-delete] Tally: True; line after 0.7 s: [17:57:43 deleted id=09bf801db89c05cc342e25682593c9db mid=5 aid= guid='' body=none guidHeld=True held='this computer's Tally could not be asked whether it was deleted here (waiting: reading from Tally is stopped from FinCom; asked again when it is resumed); not sent as a delete: held']
[shot] tds-068-gw0 (1024x768)
[17:57:44] [tds] screen tds-068-gw0 : x TallyPrime MANAGE EDU K: Company Y: Data Space: Sekd Q Z: Exchange A Add Vch Search FinCom • ke Co Vch Type DuÅicate Vch I Insert Vch O: Import Vch No. E: Export M: E-mail P: Print For 2-Nov-26 Fl: Help F2: Date o bdb31 Da Book • Day Book Date Unity Quit Particulars Company to ru Voucher Debit Amount Credit Amount Inwards Qty_ Outwards Qt Type F 7: Show profit F8: Columnar FIO Basis of Values Change ¯ View B: J: L: F: 9a53- d9a3- acep a47d- d9a3- acep .337. 342a ning 1589a Exception Reports ing j _id" : Save View Apply — Filter F: Filter ¯ Details 9—011' a47d- Enter: Alter Delete x: Cancel V...
[keys] '{ESC}' -> Tally 'TallyPrime:9000'
[shot] tds-069-gw1 (1024x768)
[17:57:48] [tds] screen tds-069-gw1 : TallyPrime MANAGE EDU K: Company Gatewa of Tall CURRENT PERIOD I-Apr-26 to 31-Mar-27 NAME OF COMPANY FinCom Spike Co Y: Data Q Z: Exchange CURRENT OATE Monday, 2-Nov-2026 31-Oct-26 Search O: Import E: Export M: E-mail p: pnnt x Fl: Help Date Company Gateway of Tally MASTERS Create Alter CHart of Accounts TRANSACTIONS Vouchers Day 800K UTILITIES BaNking REPORTS Balance Sheet Profit & Loss A/c Stock Summary Ratio Analysis Display More Reports Quit Unity o bdb31 to ru 9a53- d9a3- acep a47d- d9a3- acep .337. 342a ning 1589a ing j _id" : 9—011' a47d- Mode Windows Server 2025 Datacenter Build 26100....
  INFO s235 s3: restart asked ({"ok":true,"restarting":true}); worker pids 4940 -> 6836; bridge back: True version 2.3.4
  INFO s235 s3 lift: stub True; bridge log: '2026-10-08 17:58:20  Reading from Tally resumed from FinCom (it was stopped: Stopped by the owner from FinCom (harness s3))'
[s235] settled after 13 s
  bridge log: 2026-10-08 17:57:15  Reading from Tally stopped on this computer from FinCom: Stopped by the owner from FinCom (harness s3). Postings still go; reading starts again only from FinCom
  bridge log: 2026-10-08 17:57:43  Recorder: Receipt 3 of 02-Nov-2026 (MasterID 5, line 09bf801d…): asking Tally by MasterID
  bridge log: 2026-10-08 17:57:43  Recorder: FinCom Spike Co: delete of mid 5: held: this computer's Tally could not be asked whether it was deleted here (waiting: reading from Tally is stopped from FinCom; asked again when it is resumed); not sent as a delete: held
  bridge log: 2026-10-08 17:57:43  Recorder: Receipt 3 of 02-Nov-2026 (MasterID 5, line 09bf801d…): asking Tally again (a held line, ask 1 of 1: one request; if it stops or fails the line ends with the Day Book words)
  bridge log: 2026-10-08 17:57:43  Recorder: Receipt 3 of 02-Nov-2026 (MasterID 5, line 09bf801d…): not asked this time: Reading from Tally is stopped on this computer from FinCom (Stopped by the owner from FinCom (harness s3), 2026-10-08 17:57:13); nothing was sent to Tally. Post; asked when reading is resumed (not counted as a try)
  bridge log: 2026-10-08 17:57:43  Recorder: held lines: 0 from FinCom, 0 asked, 0 resolved, 1 still held (1 in the list)
  bridge log: 2026-10-08 17:57:43  Recorder: held lines: 0 from FinCom, 0 asked, 0 resolved, 1 still held (1 in the list)
  bridge log: 2026-10-08 17:57:43  Recorder: held lines: 0 from FinCom, 0 asked, 0 resolved, 1 still held (1 in the list)
  bridge log: 2026-10-08 17:57:44  Recorder: held lines: 0 from FinCom, 0 asked, 0 resolved, 1 still held (1 in the list)
  bridge log: 2026-10-08 17:57:44  Recorder: held lines: 0 from FinCom, 0 asked, 0 resolved, 1 still held (1 in the list)
  bridge log: 2026-10-08 17:57:44  Recorder: held lines: 0 from FinCom, 0 asked, 0 resolved, 1 still held (1 in the list)
  bridge log: 2026-10-08 17:57:44  Recorder: held lines: 0 from FinCom, 0 asked, 0 resolved, 1 still held (1 in the list)
  bridge log: 2026-10-08 17:57:45  Recorder: held lines: 0 from FinCom, 0 asked, 0 resolved, 1 still held (1 in the list)
  bridge log: 2026-10-08 17:57:45  Recorder: held lines: 0 from FinCom, 0 asked, 0 resolved, 1 still held (1 in the list)
  bridge log: 2026-10-08 17:57:45  Recorder: held lines: 0 from FinCom, 0 asked, 0 resolved, 1 still held (1 in the list)
  bridge log: 2026-10-08 17:57:45  Recorder: held lines: 0 from FinCom, 0 asked, 0 resolved, 1 still held (1 in the list)
  bridge log: 2026-10-08 17:57:46  Recorder: held lines: 0 from FinCom, 0 asked, 0 resolved, 1 still held (1 in the list)
  bridge log: 2026-10-08 17:57:46  Recorder: held lines: 0 from FinCom, 0 asked, 0 resolved, 1 still held (1 in the list)
  bridge log: 2026-10-08 17:57:46  Recorder: held lines: 0 from FinCom, 0 asked, 0 resolved, 1 still held (1 in the list)
  bridge log: 2026-10-08 17:57:46  Recorder: held lines: 0 from FinCom, 0 asked, 0 resolved, 1 still held (1 in the list)
  bridge log: 2026-10-08 17:57:47  Recorder: held lines: 0 from FinCom, 0 asked, 0 resolved, 1 still held (1 in the list)
  bridge log: 2026-10-08 17:57:47  Recorder: held lines: 0 from FinCom, 0 asked, 0 resolved, 1 still held (1 in the list)
  bridge log: 2026-10-08 17:57:47  Recorder: held lines: 0 from FinCom, 0 asked, 0 resolved, 1 still held (1 in the list)
  bridge log: 2026-10-08 17:57:47  Recorder: held lines: 0 from FinCom, 0 asked, 0 resolved, 1 still held (1 in the list)
  bridge log: 2026-10-08 17:57:48  Recorder: held lines: 0 from FinCom, 0 asked, 0 resolved, 1 still held (1 in the list)
  bridge log: 2026-10-08 17:57:48  Recorder: held lines: 0 from FinCom, 0 asked, 0 resolved, 1 still held (1 in the list)
  bridge log: 2026-10-08 17:57:48  Recorder: held lines: 0 from FinCom, 0 asked, 0 resolved, 1 still held (1 in the list)
  bridge log: 2026-10-08 17:57:48  Recorder: held lines: 0 from FinCom, 0 asked, 0 resolved, 1 still held (1 in the list)
  bridge log: 2026-10-08 17:57:49  Recorder: held lines: 0 from FinCom, 0 asked, 0 resolved, 1 still held (1 in the list)
  bridge log: 2026-10-08 17:57:49  Recorder: held lines: 0 from FinCom, 0 asked, 0 resolved, 1 still held (1 in the list)
  bridge log: 2026-10-08 17:57:49  Recorder: held lines: 0 from FinCom, 0 asked, 0 resolved, 1 still held (1 in the list)
  bridge log: 2026-10-08 17:57:49  Recorder: held lines: 0 from FinCom, 0 asked, 0 resolved, 1 still held (1 in the list)
  bridge log: 2026-10-08 17:57:50  Recorder: held lines: 0 from FinCom, 0 asked, 0 resolved, 1 still held (1 in the list)
  bridge log: 2026-10-08 17:57:50  Recorder: held lines: 0 from FinCom, 0 asked, 0 resolved, 1 still held (1 in the list)
  bridge log: 2026-10-08 17:57:50  Recorder: held lines: 0 from FinCom, 0 asked, 0 resolved, 1 still held (1 in the list)
  bridge log: 2026-10-08 17:57:50  Recorder: held lines: 0 from FinCom, 0 asked, 0 resolved, 1 still held (1 in the list)
  bridge log: 2026-10-08 17:57:51  Recorder: held lines: 0 from FinCom, 0 asked, 0 resolved, 1 still held (1 in the list)
  bridge log: 2026-10-08 17:57:51  Restarting: asked from the tray icon
  bridge log: 2026-10-08 17:57:52  FinCom Bridge 2.3.4 (Go) started on 127.0.0.1:9100: the only bridge on this computer; working for runnervmfi6oq\runneradmin, Windows session 2; runs just for this Windows user (starts at sign-in, no service)
  bridge log: 2026-10-08 17:57:52  Tally is open on port 9000; the bridge reads it only after an event (a client opened in FinCom, Update now, a posting, the nightly catch-up at 02:00)
  bridge log: 2026-10-08 17:57:52  Recorder: Receipt 3 of 02-Nov-2026 (MasterID 5, line 09bf801d…): asking Tally again (a held line, ask 1 of 1: one request; if it stops or fails the line ends with the Day Book words)
  bridge log: 2026-10-08 17:57:52  Recorder: Receipt 3 of 02-Nov-2026 (MasterID 5, line 09bf801d…): not asked this time: Reading from Tally is stopped on this computer from FinCom (Stopped by the owner from FinCom (harness s3), 2026-10-08 17:57:13); nothing was sent to Tally. Post; asked when reading is resumed (not counted as a try)
  bridge log: 2026-10-08 17:57:52  Recorder: held lines: 0 from FinCom, 0 asked, 0 resolved, 1 still held (1 in the list)
  bridge log: 2026-10-08 17:57:52  Check:  - 
  bridge log: 2026-10-08 17:57:53  Recorder: held lines: 0 from FinCom, 0 asked, 0 resolved, 1 still held (1 in the list)
  bridge log: 2026-10-08 17:57:53  Recorder: held lines: 0 from FinCom, 0 asked, 0 resolved, 1 still held (1 in the list)
  bridge log: 2026-10-08 17:57:53  Recorder: held lines: 0 from FinCom, 0 asked, 0 resolved, 1 still held (1 in the list)
  bridge log: 2026-10-08 17:57:53  Recorder: held lines: 0 from FinCom, 0 asked, 0 resolved, 1 still held (1 in the list)
  bridge log: 2026-10-08 17:57:54  Recorder: held lines: 0 from FinCom, 0 asked, 0 resolved, 1 still held (1 in the list)
  bridge log: 2026-10-08 17:57:54  Recorder: held lines: 0 from FinCom, 0 asked, 0 resolved, 1 still held (1 in the list)
  bridge log: 2026-10-08 17:57:54  Recorder: held lines: 0 from FinCom, 0 asked, 0 resolved, 1 still held (1 in the list)
  bridge log: 2026-10-08 17:57:54  Recorder: held lines: 0 from FinCom, 0 asked, 0 resolved, 1 still held (1 in the list)
  bridge log: 2026-10-08 17:57:55  Recorder: held lines: 0 from FinCom, 0 asked, 0 resolved, 1 still held (1 in the list)
  bridge log: 2026-10-08 17:57:55  Recorder: held lines: 0 from FinCom, 0 asked, 0 resolved, 1 still held (1 in the list)
  bridge log: 2026-10-08 17:57:55  Recorder: held lines: 0 from FinCom, 0 asked, 0 resolved, 1 still held (1 in the list)
  bridge log: 2026-10-08 17:57:55  Light check of FinCom Spike Co: skipped: reading is stopped from FinCom (Stopped by the owner from FinCom (harness s3))
  bridge log: 2026-10-08 17:57:55  Trial tools switched on for this computer in FinCom: the tray shows the trial items
  bridge log: 2026-10-08 17:57:55  Recorder: held lines: 0 from FinCom, 0 asked, 0 resolved, 1 still held (1 in the list)
  bridge log: 2026-10-08 17:57:56  Recorder: held lines: 0 from FinCom, 0 asked, 0 resolved, 1 still held (1 in the list)
  bridge log: 2026-10-08 17:57:56  Recorder: held lines: 0 from FinCom, 0 asked, 0 resolved, 1 still held (1 in the list)
  bridge log: 2026-10-08 17:57:56  Recorder: held lines: 0 from FinCom, 0 asked, 0 resolved, 1 still held (1 in the list)
  bridge log: 2026-10-08 17:57:56  Recorder: held lines: 0 from FinCom, 0 asked, 0 resolved, 1 still held (1 in the list)
  bridge log: 2026-10-08 17:57:57  Recorder: held lines: 0 from FinCom, 0 asked, 0 resolved, 1 still held (1 in the list)
  bridge log: 2026-10-08 17:57:57  Recorder: held lines: 0 from FinCom, 0 asked, 0 resolved, 1 still held (1 in the list)
  bridge log: 2026-10-08 17:57:57  Recorder: held lines: 0 from FinCom, 0 asked, 0 resolved, 1 still held (1 in the list)
  bridge log: 2026-10-08 17:57:57  Recorder: held lines: 0 from FinCom, 0 asked, 0 resolved, 1 still held (1 in the list)
  bridge log: 2026-10-08 17:57:58  Recorder: held lines: 0 from FinCom, 0 asked, 0 resolved, 1 still held (1 in the list)
  bridge log: 2026-10-08 17:57:58  Recorder: held lines: 0 from FinCom, 0 asked, 0 resolved, 1 still held (1 in the list)
  bridge log: 2026-10-08 17:57:58  Recorder: held lines: 0 from FinCom, 0 asked, 0 resolved, 1 still held (1 in the list)
  bridge log: 2026-10-08 17:57:58  Recorder: held lines: 0 from FinCom, 0 asked, 0 resolved, 1 still held (1 in the list)
  bridge log: 2026-10-08 17:57:59  Recorder: held lines: 0 from FinCom, 0 asked, 0 resolved, 1 still held (1 in the list)
  bridge log: 2026-10-08 17:57:59  Recorder: held lines: 0 from FinCom, 0 asked, 0 resolved, 1 still held (1 in the list)
  bridge log: 2026-10-08 17:57:59  Recorder: held lines: 0 from FinCom, 0 asked, 0 resolved, 1 still held (1 in the list)
  bridge log: 2026-10-08 17:57:59  Recorder: held lines: 0 from FinCom, 0 asked, 0 resolved, 1 still held (1 in the list)
  bridge log: 2026-10-08 17:58:00  Recorder: held lines: 0 from FinCom, 0 asked, 0 resolved, 1 still held (1 in the list)
  bridge log: 2026-10-08 17:58:00  Recorder: held lines: 0 from FinCom, 0 asked, 0 resolved, 1 still held (1 in the list)
  bridge log: 2026-10-08 17:58:00  Recorder: held lines: 0 from FinCom, 0 asked, 0 resolved, 1 still held (1 in the list)
  bridge log: 2026-10-08 17:58:00  Recorder: held lines: 0 from FinCom, 0 asked, 0 resolved, 1 still held (1 in the list)
  bridge log: 2026-10-08 17:58:01  Recorder: held lines: 0 from FinCom, 0 asked, 0 resolved, 1 still held (1 in the list)
  bridge log: 2026-10-08 17:58:01  Recorder: held lines: 0 from FinCom, 0 asked, 0 resolved, 1 still held (1 in the list)
  bridge log: 2026-10-08 17:58:01  Recorder: held lines: 0 from FinCom, 0 asked, 0 resolved, 1 still held (1 in the list)
  bridge log: 2026-10-08 17:58:01  Recorder: held lines: 0 from FinCom, 0 asked, 0 resolved, 1 still held (1 in the list)
  bridge log: 2026-10-08 17:58:02  Recorder: held lines: 0 from FinCom, 0 asked, 0 resolved, 1 still held (1 in the list)
  bridge log: 2026-10-08 17:58:02  Recorder: held lines: 0 from FinCom, 0 asked, 0 resolved, 1 still held (1 in the list)
  bridge log: 2026-10-08 17:58:02  Recorder: held lines: 0 from FinCom, 0 asked, 0 resolved, 1 still held (1 in the list)
  bridge log: 2026-10-08 17:58:02  Recorder: held lines: 0 from FinCom, 0 asked, 0 resolved, 1 still held (1 in the list)
  bridge log: 2026-10-08 17:58:03  Recorder: held lines: 0 from FinCom, 0 asked, 0 resolved, 1 still held (1 in the list)
  bridge log: 2026-10-08 17:58:03  Recorder: held lines: 0 from FinCom, 0 asked, 0 resolved, 1 still held (1 in the list)
  bridge log: 2026-10-08 17:58:03  Recorder: held lines: 0 from FinCom, 0 asked, 0 resolved, 1 still held (1 in the list)
  bridge log: 2026-10-08 17:58:03  Recorder: held lines: 0 from FinCom, 0 asked, 0 resolved, 1 still held (1 in the list)
  bridge log: 2026-10-08 17:58:04  Recorder: held lines: 0 from FinCom, 0 asked, 0 resolved, 1 still held (1 in the list)
  bridge log: 2026-10-08 17:58:04  Recorder: held lines: 0 from FinCom, 0 asked, 0 resolved, 1 still held (1 in the list)
  bridge log: 2026-10-08 17:58:04  Recorder: held lines: 0 from FinCom, 0 asked, 0 resolved, 1 still held (1 in the list)
  bridge log: 2026-10-08 17:58:04  Recorder: held lines: 0 from FinCom, 0 asked, 0 resolved, 1 still held (1 in the list)
  bridge log: 2026-10-08 17:58:05  Recorder: held lines: 0 from FinCom, 0 asked, 0 resolved, 1 still held (1 in the list)
  bridge log: 2026-10-08 17:58:05  Recorder: held lines: 0 from FinCom, 0 asked, 0 resolved, 1 still held (1 in the list)
  bridge log: 2026-10-08 17:58:05  Recorder: held lines: 0 from FinCom, 0 asked, 0 resolved, 1 still held (1 in the list)
  bridge log: 2026-10-08 17:58:05  Recorder: held lines: 0 from FinCom, 0 asked, 0 resolved, 1 still held (1 in the list)
  bridge log: 2026-10-08 17:58:06  Recorder: held lines: 0 from FinCom, 0 asked, 0 resolved, 1 still held (1 in the list)
  bridge log: 2026-10-08 17:58:06  Recorder: held lines: 0 from FinCom, 0 asked, 0 resolved, 1 still held (1 in the list)
  bridge log: 2026-10-08 17:58:06  Recorder: held lines: 0 from FinCom, 0 asked, 0 resolved, 1 still held (1 in the list)
  bridge log: 2026-10-08 17:58:06  Recorder: held lines: 0 from FinCom, 0 asked, 0 resolved, 1 still held (1 in the list)
  bridge log: 2026-10-08 17:58:07  Recorder: held lines: 0 from FinCom, 0 asked, 0 resolved, 1 still held (1 in the list)
  bridge log: 2026-10-08 17:58:07  Recorder: held lines: 0 from FinCom, 0 asked, 0 resolved, 1 still held (1 in the list)
  bridge log: 2026-10-08 17:58:07  Recorder: held lines: 0 from FinCom, 0 asked, 0 resolved, 1 still held (1 in the list)
  bridge log: 2026-10-08 17:58:07  Recorder: held lines: 0 from FinCom, 0 asked, 0 resolved, 1 still held (1 in the list)
  bridge log: 2026-10-08 17:58:08  Recorder: held lines: 0 from FinCom, 0 asked, 0 resolved, 1 still held (1 in the list)
  bridge log: 2026-10-08 17:58:08  Recorder: held lines: 0 from FinCom, 0 asked, 0 resolved, 1 still held (1 in the list)
  bridge log: 2026-10-08 17:58:08  Recorder: held lines: 0 from FinCom, 0 asked, 0 resolved, 1 still held (1 in the list)
  bridge log: 2026-10-08 17:58:08  Recorder: held lines: 0 from FinCom, 0 asked, 0 resolved, 1 still held (1 in the list)
  bridge log: 2026-10-08 17:58:09  Recorder: held lines: 0 from FinCom, 0 asked, 0 resolved, 1 still held (1 in the list)
  bridge log: 2026-10-08 17:58:09  Recorder: held lines: 0 from FinCom, 0 asked, 0 resolved, 1 still held (1 in the list)
  bridge log: 2026-10-08 17:58:09  Recorder: held lines: 0 from FinCom, 0 asked, 0 resolved, 1 still held (1 in the list)
  bridge log: 2026-10-08 17:58:10  Recorder: held lines: 0 from FinCom, 0 asked, 0 resolved, 1 still held (1 in the list)
  bridge log: 2026-10-08 17:58:10  Recorder: held lines: 0 from FinCom, 0 asked, 0 resolved, 1 still held (1 in the list)
  bridge log: 2026-10-08 17:58:10  Recorder: held lines: 0 from FinCom, 0 asked, 0 resolved, 1 still held (1 in the list)
  bridge log: 2026-10-08 17:58:10  Recorder: held lines: 0 from FinCom, 0 asked, 0 resolved, 1 still held (1 in the list)
  bridge log: 2026-10-08 17:58:11  Recorder: held lines: 0 from FinCom, 0 asked, 0 resolved, 1 still held (1 in the list)
  bridge log: 2026-10-08 17:58:11  Recorder: held lines: 0 from FinCom, 0 asked, 0 resolved, 1 still held (1 in the list)
  bridge log: 2026-10-08 17:58:11  Recorder: held lines: 0 from FinCom, 0 asked, 0 resolved, 1 still held (1 in the list)
  bridge log: 2026-10-08 17:58:11  Recorder: held lines: 0 from FinCom, 0 asked, 0 resolved, 1 still held (1 in the list)
  bridge log: 2026-10-08 17:58:12  Recorder: held lines: 0 from FinCom, 0 asked, 0 resolved, 1 still held (1 in the list)
  bridge log: 2026-10-08 17:58:12  Recorder: held lines: 0 from FinCom, 0 asked, 0 resolved, 1 still held (1 in the list)
  bridge log: 2026-10-08 17:58:12  Recorder: held lines: 0 from FinCom, 0 asked, 0 resolved, 1 still held (1 in the list)
  bridge log: 2026-10-08 17:58:12  Recorder: held lines: 0 from FinCom, 0 asked, 0 resolved, 1 still held (1 in the list)
  bridge log: 2026-10-08 17:58:13  Recorder: held lines: 0 from FinCom, 0 asked, 0 resolved, 1 still held (1 in the list)
  bridge log: 2026-10-08 17:58:13  Recorder: held lines: 0 from FinCom, 0 asked, 0 resolved, 1 still held (1 in the list)
  bridge log: 2026-10-08 17:58:13  Recorder: held lines: 0 from FinCom, 0 asked, 0 resolved, 1 still held (1 in the list)
  bridge log: 2026-10-08 17:58:13  Recorder: held lines: 0 from FinCom, 0 asked, 0 resolved, 1 still held (1 in the list)
  bridge log: 2026-10-08 17:58:14  Recorder: held lines: 0 from FinCom, 0 asked, 0 resolved, 1 still held (1 in the list)
  bridge log: 2026-10-08 17:58:14  Recorder: held lines: 0 from FinCom, 0 asked, 0 resolved, 1 still held (1 in the list)
  bridge log: 2026-10-08 17:58:14  Recorder: held lines: 0 from FinCom, 0 asked, 0 resolved, 1 still held (1 in the list)
  bridge log: 2026-10-08 17:58:14  Recorder: held lines: 0 from FinCom, 0 asked, 0 resolved, 1 still held (1 in the list)
  bridge log: 2026-10-08 17:58:15  Recorder: held lines: 0 from FinCom, 0 asked, 0 resolved, 1 still held (1 in the list)
  bridge log: 2026-10-08 17:58:15  Recorder: held lines: 0 from FinCom, 0 asked, 0 resolved, 1 still held (1 in the list)
  bridge log: 2026-10-08 17:58:15  Recorder: held lines: 0 from FinCom, 0 asked, 0 resolved, 1 still held (1 in the list)
  bridge log: 2026-10-08 17:58:16  Recorder: held lines: 0 from FinCom, 0 asked, 0 resolved, 1 still held (1 in the list)
  bridge log: 2026-10-08 17:58:16  Recorder: held lines: 0 from FinCom, 0 asked, 0 resolved, 1 still held (1 in the list)
  bridge log: 2026-10-08 17:58:16  Recorder: held lines: 0 from FinCom, 0 asked, 0 resolved, 1 still held (1 in the list)
  bridge log: 2026-10-08 17:58:16  Recorder: held lines: 0 from FinCom, 0 asked, 0 resolved, 1 still held (1 in the list)
  bridge log: 2026-10-08 17:58:17  Recorder: held lines: 0 from FinCom, 0 asked, 0 resolved, 1 still held (1 in the list)
  bridge log: 2026-10-08 17:58:17  Recorder: held lines: 0 from FinCom, 0 asked, 0 resolved, 1 still held (1 in the list)
  bridge log: 2026-10-08 17:58:17  Recorder: held lines: 0 from FinCom, 0 asked, 0 resolved, 1 still held (1 in the list)
  bridge log: 2026-10-08 17:58:17  Recorder: held lines: 0 from FinCom, 0 asked, 0 resolved, 1 still held (1 in the list)
  bridge log: 2026-10-08 17:58:18  Recorder: held lines: 0 from FinCom, 0 asked, 0 resolved, 1 still held (1 in the list)
  bridge log: 2026-10-08 17:58:18  Recorder: held lines: 0 from FinCom, 0 asked, 0 resolved, 1 still held (1 in the list)
  bridge log: 2026-10-08 17:58:18  Recorder: held lines: 0 from FinCom, 0 asked, 0 resolved, 1 still held (1 in the list)
  bridge log: 2026-10-08 17:58:18  Recorder: held lines: 0 from FinCom, 0 asked, 0 resolved, 1 still held (1 in the list)
  bridge log: 2026-10-08 17:58:19  Recorder: held lines: 0 from FinCom, 0 asked, 0 resolved, 1 still held (1 in the list)
  bridge log: 2026-10-08 17:58:19  Recorder: held lines: 0 from FinCom, 0 asked, 0 resolved, 1 still held (1 in the list)
  bridge log: 2026-10-08 17:58:19  Recorder: held lines: 0 from FinCom, 0 asked, 0 resolved, 1 still held (1 in the list)
  bridge log: 2026-10-08 17:58:19  Recorder: held lines: 0 from FinCom, 0 asked, 0 resolved, 1 still held (1 in the list)
  bridge log: 2026-10-08 17:58:20  Recorder: held lines: 0 from FinCom, 0 asked, 0 resolved, 1 still held (1 in the list)
  bridge log: 2026-10-08 17:58:20  Recorder: held lines: 0 from FinCom, 0 asked, 0 resolved, 1 still held (1 in the list)
  bridge log: 2026-10-08 17:58:20  Recorder: held lines: 0 from FinCom, 0 asked, 0 resolved, 1 still held (1 in the list)
  bridge log: 2026-10-08 17:58:20  Reading from Tally resumed from FinCom (it was stopped: Stopped by the owner from FinCom (harness s3))
  bridge log: 2026-10-08 17:58:20  Recorder: entry fetch of FinCom Spike Co: answered in 14 ms
  bridge log: 2026-10-08 17:58:21  Recorder: entry fetch of FinCom Spike Co: answered in 24 ms
  bridge log: 2026-10-08 17:58:21  Recorder: FinCom Spike Co: delete of mid 5: not in this Tally (asked by MasterID): proven deleted here
  bridge log: 2026-10-08 17:58:21  Recorder: Receipt 3 of 02-Nov-2026 (MasterID 5, line 09bf801d…): proven in this Tally now: the delete goes as 09bf801db89c05cc342e25682593c9db:resolved
  bridge log: 2026-10-08 17:58:21  Recorder: held lines: 0 from FinCom, 1 asked, 1 resolved, 0 still held (1 in the list)
  bridge log: 2026-10-08 17:58:21  Recorder: FinCom Spike Co: delete of mid 5: GUID from the bridge's record: 6e6a4e4e-5125-4e78-b4f0-d4c7371e1913-00000005; the GUID its MasterID makes agrees
  bridge log: 2026-10-08 17:58:25  Company FinCom Spike Co: change numbers read with form a: ALTVCHID=11, ALTMSTID=209
  bridge log: 2026-10-08 17:58:25  Light check of FinCom Spike Co: unchanged starting point ALTVCHID=2; now ALTVCHID=11, ALTMSTID=209
######## PASS s3 restart: the held delete keeps its GUID: Tally deleted Receipt no 3 of 20261102 mid 5 AlterID 5 guid 6e6a4e4e-5125-4e78-b4f0-d4c7371e1913-00000005; the held line after 0.7 s [17:57:43 deleted id=09bf801db89c05cc342e25682593c9db mid=5 aid= guid='' body=none guidHeld=True held='this computer's Tally could not be asked whether it was deleted here (waiting: reading from Tally is stopped from FinCom; asked again when it is resumed); not sent as a delete: held']; held list before the restart: tries=0 freshTries=0 asked=0 allow=0 fresh=False slow=0 freshSlow=False final=False keepGuid= why='this computer's Tally could not be asked whether it was deleted here (waiting: reading from Tally is stopped from FinCom; asked again when it is resumed); not s...'; after it: tries=0 freshTries=0 asked=0 allow=0 fresh=False slow=0 freshSlow=False final=False keepGuid= why='this computer's Tally could not be asked whether it was deleted here (waiting: reading from Tally is stopped from FinCom; asked again when it is resumed); not s...'; the stop after the restart: {"at":"2026-10-08T17:57:13","by":"fincom","reason":"Stopped by the owner from FinCom (harness s3)"}; after the lift: 1 ':resolved' line(s): [17:58:21 deleted id=09bf801db89c05cc342e25682593c9db:resolved mid=5 aid= guid=6e6a4e4e-5125-4e78-b4f0-d4c7371e1913-00000005 body=none guidHeld=False held='']; Day Book words in 0 line(s); still in Tally by MasterID: False. Bridge log: 2026-10-08 17:58:20  Recorder: held lines: 0 from FinCom, 0 asked, 0 resolved, 1 still held (1 in the list) | 2026-10-08 17:58:20  Recorder: held lines: 0 from FinCom, 0 asked, 0 resolved, 1 still held (1 in the list) | 2026-10-08 17:58:20  Recorder: held lines: 0 from FinCom, 0 asked, 0 resolved, 1 still held (1 in the list) | 2026-10-08 17:58:20  Reading from Tally resumed from FinCom (it was stopped: Stopped by the owner from FinCom (harness s3)) | 2026-10-08 17:58:21  Recorder: FinCom Spike Co: delete of mid 5: not in this Tally (asked by MasterID): proven deleted here | 2026-10-08 17:58:21  Recorder: Receipt 3 of 02-Nov-2026 (MasterID 5, line 09bf801d…): proven in this Tally now: the delete goes as 09bf801db89c05cc342e25682593c9db:resolved | 2026-10-08 17:58:21  Recorder: held lines: 0 from FinCom, 1 asked, 1 resolved, 0 still held (1 in the list) | 2026-10-08 17:58:21  Recorder: FinCom Spike Co: delete of mid 5: GUID from the bridge's record: 6e6a4e4e-5125-4e78-b4f0-d4c7371e1913-00000005; the GUID its MasterID makes agrees
[17:58:34] ---- s4 a real failure still counts
[shot] tds-070-gw0 (1024x768)
[17:58:35] [tds] screen tds-070-gw0 : TallyPrime MANAGE EDU K: Company Gatewa of Tall CURRENT PERIOD I-Apr-26 to 31-Mar-27 NAME OF COMPANY FinCom Spike Co Y: Data Q Z: Exchange CURRENT OATE Monday, 2-Nov-2026 31-Oct-26 Search O: Import E: Export M: E-mail p: pnnt x Fl: Help Date Company Gateway of Tally MASTERS Create Alter CHart of Accounts TRANSACTIONS Vouchers Day 800K UTILITIES BaNking REPORTS Balance Sheet Profit & Loss A/c Stock Summary Ratio Analysis Display More Reports Quit Unity o bdb31 to ru 9a53- d9a3- acep a47d- d9a3- acep .337. 342a ning 1589a ing j _id" : 9—011' a47d- Mode Windows Server 2025 Datacenter Build 26100....
[keys] 'v' -> Tally 'TallyPrime:9000'
[shot] tds-071-s4-create-vouchers (1024x768)
[17:58:39] [tds] screen tds-071-s4-create-vouchers : x Y: Data 03 Unity TallyPrime MANAGE EDU K: Company Accounting Voucher Creation Recei t Account Current balance: Particulars Narration: Quit Z: Exchange A Accept Search O: Import E: Export M: E-mail FinCom • ke Co p: print x 2-Nov-26 Monday Amount Fl: Help Q: Date Company Ed: Contra Payment F-6: Receipt Journal Sales o bdb31 to ru 9a53- d9a3- acep a47d- Purchase d9a3- Fl O: OåuVooctgs E: Autofill Change Mode More Details O: Related ¯ Repons Optional post -Dated J: Stat acep .337. 342a ning 1589a ing j _id" : 9—011' a47d- D: Delete x: Cancel Vch Q Adjustment El 2: Configure Mode Windows Server ...
[keys] '{F6}' -> Tally 'TallyPrime:9000'
[shot] tds-072-s4-create-receipt (1024x768)
[17:58:43] [tds] screen tds-072-s4-create-receipt : x Y: Data 03 Unity TallyPrime MANAGE EDU K: Company Accounting Voucher Creation Recei t Account Current balance: Particulars Narration: Quit Z: Exchange A Accept Search O: Import E: Export M: E-mail FinCom • ke Co p: print x 2-Nov-26 Monday Amount Fl: Help Q: Date Company Ed: Contra Payment F-6: Receipt Journal Sales o bdb31 to ru 9a53- d9a3- acep a47d- Purchase d9a3- Fl O: OåuVooctgs E: Autofill Change Mode More Details O: Related ¯ Repons Optional post -Dated J: Stat acep .337. 342a ning 1589a ing j _id" : 9—011' a47d- D: Delete x: Cancel Vch Q Adjustment El 2: Configure Mode Windows Server ...
[keys] '{F2}' -> Tally 'TallyPrime:9000'
[shot] tds-073-s4-create-datebox (1024x768)
[17:58:46] [tds] screen tds-073-s4-create-datebox : TallyPrime MANAGE EDU K: Company Change Voucher Date Unity Quit Y: Data Z: Exchange A Accept Q Search O: Import E: Export M: E-mail p: pnnt x Fl: Help FinCom Spike Co Voucher Date 3-11-2026 o bdb31 to ru 9a53- d9a3- acep a47d- d9a3- acep .337. 342a ning 1589a ing j _id" : 9—011' a47d- Mode Windows Server 2025 Datacenter Build 26100.ge_release240331-1435 5:58 PM 10/8/2026
[keys] '1-12-2026{ENTER}' -> Tally 'TallyPrime:9000'
[shot] tds-074-s4-create-dated (1024x768)
[17:58:50] [tds] screen tds-074-s4-create-dated : x Y: Data 03 Unity TallyPrime MANAGE EDU K: Company Accounting Voucher Creation Recei t Account Current balance: Particulars Narration: Quit Z: Exchange A Accept Search O: Import E: Export M: E-mail FinCom • ke Co p: print x I-Dec-26 Tuesday Amount Fl: Help Q: Date Company Ed: Contra Payment F-6: Receipt Journal Sales o bdb31 to ru 9a53- d9a3- acep a47d- Purchase d9a3- Fl O: OåuVooctgs E: Autofill Change Mode More Details O: Related ¯ Repons Optional post -Dated J: Stat acep .337. 342a ning 1589a ing j _id" : 9—011' a47d- D: Delete x: Cancel Vch Q Adjustment El 2: Configure Mode Windows Server...
[keys] 'Cash{ENTER}' -> Tally 'TallyPrime:9000'
[shot] tds-075-s4-create-account (1024x768)
[17:58:54] [tds] screen tds-075-s4-create-account : x Y: Data 03 Unity TallyPrime MANAGE EDU K: Company Accounting Voucher Creation Recei t Account Cash Current balance: 1,310.00 Dr Particulars Narration: Quit Z: Exchange A Accept Search O: Import E: Export M: E-mail FinCom • ke Co p: print x I-Dec-26 Tuesday Amount Fl: Help Q: Date Company Ed: Contra Payment F-6: Receipt Journal Sales o bdb31 to ru 9a53- d9a3- acep a47d- Purchase d9a3- Fl O: OåuVooctgs E: Autofill Change Mode More Details O: Related ¯ Repons Optional post -Dated J: Stat acep .337. 342a ning 1589a ing j _id" : 9—011' a47d- D: Delete x: Cancel Vch Q Adjustment El 2: Configure Mo...
[keys] 'Spike Income{ENTER}' -> Tally 'TallyPrime:9000'
[shot] tds-076-s4-create-particular (1024x768)
[17:58:58] [tds] screen tds-076-s4-create-particular : x Y: Data 03 Unity TallyPrime MANAGE EDU K: Company Accounting Voucher Creation Recei t Account Cash Current balance: 1,310.00 Dr Particulars Spike Income Narration: Quit CurBal: 1,310.00 Cr Z: Exchange A Accept Search O: Import E: Export M: E-mail FinCom • ke Co p: print x I-Dec-26 Tuesday Amount Fl: Help Q: Date Company Ed: Contra Payment F-6: Receipt Journal Sales o bdb31 to ru 9a53- d9a3- acep a47d- Purchase d9a3- Fl O: OåuVooctgs E: Autofill Change Mode More Details O: Related ¯ Repons Optional post -Dated J: Stat acep .337. 342a ning 1589a ing j _id" : 9—011' a47d- D: Delete x: Cancel Vc...
[keys] '600{ENTER}' -> Tally 'TallyPrime:9000'
[shot] tds-077-s4-create-amount (1024x768)
[17:59:01] [tds] screen tds-077-s4-create-amount : x Y: Data 03 Unity TallyPrime MANAGE EDU K: Company Accounting Voucher Creation Recei t Account Cash Current balance: 1,910.00 Dr Particulars Spike Income Narration: Quit CurBal: 1,910.00 Cr Z: Exchange A Accept Search O: Import E: Export M: E-mail FinCom • ke Co p: print x I-Dec-26 Tuesday Amount 600.00 600.00 Fl: Help Q: Date Company Ed: Contra Payment F-6: Receipt : Journal Sales o bdb31 to ru 9a53- d9a3- acep a47d- Purchase d9a3- Fl O: OåuVooctgs E: Autofill Change Mode More Details O: Related ¯ Repons Optional post -Dated J: Stat acep .337. 342a ning 1589a ing j _id" : 9—011' a47d- D: Del...
[keys] '^a' -> Tally 'TallyPrime:9000'
resume Tally (pid 7396): 0
[shot] tds-078-gw0 (1024x768)
[17:59:33] [tds] screen tds-078-gw0 : x Y: Data 03 Unity TallyPrime MANAGE EDU K: Company Accounting Voucher Creation Recei t Account Current balance: Particulars Narration: Quit Z: Exchange A Accept Search O: Import E: Export M: E-mail FinCom • ke Co p: print x I-Dec-26 Tuesday Amount Fl: Help Q: Date Company Ed: Contra Payment F-6: Receipt Journal Sales o bdb31 to ru 9a53- d9a3- acep a47d- Purchase d9a3- Fl O: OåuVooctgs E: Autofill Change Mode More Details O: Related ¯ Repons Optional post -Dated J: Stat acep .337. 342a ning 1589a ing j _id" : 9—011' a47d- D: Delete x: Cancel Vch Q Adjustment El 2: Configure Mode Windows Server...
[keys] '{ESC}' -> Tally 'TallyPrime:9000'
[shot] tds-079-gw1 (1024x768)
[17:59:37] [tds] screen tds-079-gw1 : Y: Data 03 Unity TallyPrime MANAGE EDU K: Company Accounting Voucher Creation Recei t Account Current balance: Particulars Narration: Q: Quit Q Z: Exchange A: Accept Search O: Import E: Export M: E-mail FinCom p: print x I-Dec-26 Tuesday Amount Quit o Yes or No D: Delete X: Cancel Vch x Fl: Help F-2: Date F-3: Company F-4: Contra F-5: Payment F-6: Receipt F-7: Journal F-9: Purchase PIO: E: Autofill H: Change = Mode I: More - Details O: Related ¯ Repons L: Optional T: post = -Dated J: Stat ¯ Adjustment F-12: Configure o bdb31 to ru 9a53- d9a3- acep a47d- d9a3- acep .337. 342a ning 1589a ing j _...
[keys] 'y' -> Tally 'TallyPrime:9000'
[shot] tds-080-gw2 (1024x768)
[17:59:40] [tds] screen tds-080-gw2 : TallyPrime MANAGE EDU K: Company Gatewa of Tall CURRENT PERIOD I-Apr-26 to 31-Mar-27 NAME OF COMPANY FinCom Spike Co Y: Data Q Z: Exchange CURRENT OATE Tuesday, I-Dec-2026 I-Dec-26 Search O: Import E: Export M: E-mail p: pnnt x Fl: Help Date Company Gateway of Tally MASTERS Create Alter CHart of Accounts TRANSACTIONS Vouchers Day 800K UTILITIES BaNking REPORTS Balance Sheet Profit & Loss A/c Stock Summary Ratio Analysis Display More Reports Quit Unity o bdb31 to ru 9a53- d9a3- acep a47d- d9a3- acep .337. 342a ning 1589a ing j _id" : 9—011' a47d- Mode Windows Server 2025 Datacenter Build 26100....
  bridge log: 2026-10-08 17:59:03  Recorder: Receipt 5 of 01-Dec-2026 (MasterID 9, line d1321538…): asking Tally by MasterID
  bridge log: 2026-10-08 17:59:05  Tally 9000: Other took 2.2s and failed: Tally took longer than the recorder's limit; the bridge stopped waiting (2 s)
  bridge log: 2026-10-08 17:59:05  Tally 9000 did not answer in time at 17:59:05 (FinComVoucherObject, try 1); trying again by itself at 17:59:20
  bridge log: 2026-10-08 17:59:05  Recorder: entry fetch of FinCom Spike Co: over 2 s (stopped)
  bridge log: 2026-10-08 17:59:05  Recorder: Receipt 5 of 01-Dec-2026 (MasterID 9, line d1321538…): held at once: waiting: Tally took longer than 2 s; FinCom asks once more at 18:04 (sent now without its body; FinCom shows it held, and this bridge asks Tally once more)
  bridge log: 2026-10-08 17:59:23  Tally 9000 finished the request the bridge stopped waiting for (FinComVoucherObject) 18s after the stop; its answer is discarded and the next request goes now
######## PASS s4 a real failure still counts: Tally made Receipt no 5 of 20261201 mid 9 AlterID 12 guid 6e6a4e4e-5125-4e78-b4f0-d4c7371e1913-00000009; the proxy: suspend FinComVoucherObject pid 7396 status 0 at 1791482343439, resume FinComVoucherObject pid 7396 status 0 at 1791482363444; the suspended request: FinComVoucherObject mid 9 20014 ms status 200 err ''; voucher requests for mid 9: FinComVoucherObject at 1791482343437 20014 ms. The line [17:59:05 created id=d13215387490fa8df9f98bf43c65924a mid=9 aid= guid='' body=none guidHeld=False held='waiting: Tally took longer than 2 s; FinCom asks once more at 18:04']; its ':resolved' line(s): none; ended with the Day Book words: False; held list: tries=0 freshTries=1 asked=0 allow=1 fresh=True slow=0 freshSlow=True final=False keepGuid= why='waiting: Tally took longer than 2 s; FinCom asks once more at 18:04'; one more ask that settled it: False; held with the stop's words (wrong): False. Bridge log: 2026-10-08 17:59:03  Recorder: Receipt 5 of 01-Dec-2026 (MasterID 9, line d1321538…): asking Tally by MasterID | 2026-10-08 17:59:05  Tally 9000: Other took 2.2s and failed: Tally took longer than the recorder's limit; the bridge stopped waiting (2 s) | 2026-10-08 17:59:05  Recorder: entry fetch of FinCom Spike Co: over 2 s (stopped) | 2026-10-08 17:59:05  Recorder: Receipt 5 of 01-Dec-2026 (MasterID 9, line d1321538…): held at once: waiting: Tally took longer than 2 s; FinCom asks once more at 18:04 (sent now without its body; FinCom shows it held, and this bridge asks Tally once more)
[17:59:40] ---- s5 Tally not open: one notification a day
  INFO s235 s5: tray icon process(es): pid 7708 "C:\Users\runneradmin\AppData\Local\FinCom Bridge\FinComBridge.exe" tray --quiet --config "C:\Users\runneradmin\AppData\Local\TDS Desk Bridge\tds-bridge.config.json"
  INFO s235 s5: before: 'Notification shown: Tally not open' lines 0; tray status tallyOpen True, paused False, readStopped null; clock Thu 17:59
resume Tally (pid 7396): 0
[shot] v-s235-s5-toast (1024x768)
  bridge log: 2026-10-08 18:02:48  Notification shown: Tally not open (tally:71c60cddd415f4bf; not shown again for this problem)
resume Tally (pid 7396): -1073741558
[keys] 'a' -> Tally 'TallyPrime:9000'
[keys] 't' -> Tally 'TallyPrime:9000'
[shot] v-s235-s5-reopen-started (1024x768)
[18:03:28] proxy 127.0.0.2:9000 -> Tally: True (HTTP 200, pid 1276)
[18:03:28] Tally started again (s5-reopen): pid 10232, port up True, proxy True
resume Tally (pid 10232): 0
  bridge log: 2026-10-08 18:04:05  Recorder: Receipt 5 of 01-Dec-2026 (MasterID 9, line d1321538…): asking Tally again (a held line, ask 1 of 1: one request; if it stops or fails the line ends with the Day Book words)
  bridge log: 2026-10-08 18:04:05  Recorder: Receipt 5 of 01-Dec-2026 (MasterID 9, line d1321538…): not asked this time: TallyPrime is not running in your Windows login, or does not accept connections (F1 Help > Settings > Connectivity: TallyPrime acts as Both). (not counted as a try)
  bridge log: 2026-10-08 18:04:05  Recorder: held lines: 0 from FinCom, 1 asked, 0 resolved, 1 still held (1 in the list)
[shot] v-s235-s5-end (1024x768)
######## PASS s5 Tally not open: one notification a day: 1st close: the bridge saw Tally closed after 10 s; the notification after 190 s; notifications-cleared.json: {"tally:71c60cddd415f4bf":{"kind":"tally","shown":"2026-10-08T18:02:48Z","dismissed":"2026-10-08T18:02:48Z","how":"closed"}}. Reopened (Tally up True, the bridge saw it open True), closed again 270 s: 'Notification shown: Tally not open' lines in all since the start of s5: 1; the file's tally entries: 1 ({"tally:71c60cddd415f4bf":{"kind":"tally","shown":"2026-10-08T18:02:48Z","dismissed":"2026-10-08T18:02:48Z","how":"closed"}}). Log: 2026-10-08 18:02:48  Notification shown: Tally not open (tally:71c60cddd415f4bf; not shown again for this problem)
  INFO s235 end: ':resolved' ids sent more than once over the whole run: none; fresh Tallys started by the harness: 0
== results
INFO TallyPrime 3.0, mode s235, runner GitHub Actions 1000005810, 2026-10-08T17:51:34
INFO installed: C:\Program Files\TallyPrime\tally.exe; tally.exe 11457160 bytes, 2026-10-08, FileVersion 1.1.3.0, ProductVersion 1.1.3.0, ProductName TallyPrime
INFO company folder made by flow.ps1: D:\a\_temp\TallyData\100000
INFO Tally's own release in its answer header: PRODMAJORREL 3 PRODMINORREL 0 (PRODMAJORVER 1 PRODMINORVER 1 PRODTYPE 5)
PASS c1 install and open the company: installed tally.exe 11457160 bytes, 2026-10-08, FileVersion 1.1.3.0, ProductVersion 1.1.3.0, ProductName TallyPrime; company folder 100000 loaded at start: True; window 'TallyPrime:9000'
PASS c2 port and company list: port 9000 answered 10.1 s after start, GET 19 ms ('<RESPONSE>TallyPrime Server is Running</RESPONSE>'); company list 7 ms, 'FinCom Spike Co' in it: True
INFO setup origin: BUILT from source dist/FinComBridge-Setup-2.3.4.exe SHA-256 984897a40ee023ae1800995fecd92bc59f2d314e3aa712df7262cc0ef4b80e16; bridge source: 9ed7605d0f1f7ffaccc1fc85a9c6e627ae79329e Merge remote-tracking branch 'origin/next-heldfix' into next-notify
INFO s235: the runner's clock Thu 17:52 (UTC) is outside office hours: KeepOfficeFrom 0, KeepOfficeTo 24 set
INFO bridge on 127.0.0.1:9100, version 2.3.4, allowImport True, readOnly '', testMode False
INFO add-on: recorder files after start: none
INFO s235: bridge processes: pid 10156: "C:\Users\runneradmin\AppData\Local\FinCom Bridge\FinComBridge.exe" user --config "C:\Users\runneradmin\AppData\Local\TDS Desk Bridge\tds-bridge.config.json" | pid 4940: "C:\Users\runneradmin\AppData\Local\FinCom Bridge\FinComBridge.exe" worker --config "C:\Users\runneradmin\AppData\Local\TDS Desk Bridge\tds-bridge.config.json" --home "C:\Users\runneradmin\AppData\Local\TDS Desk Bridge" --parent 10156 | pid 7708: "C:\Users\runneradmin\AppData\Local\FinCom Bridge\FinComBridge.exe" tray --quiet --config "C:\Users\runneradmin\AppData\Local\TDS Desk Bridge\tds-bridge.config.json"
INFO s235: proxy beside Tally: True; bridge config TallyHost '127.0.0.2', CloudBeatSec '5', KeepOfficeFrom '0', KeepOfficeTo '24'
INFO s235: the bridge's starting point recorded: True
INFO s235 prep A (31-10-2026): Tally Receipt no 1 of 20261031 mid 3 AlterID 3 guid 6e6a4e4e-5125-4e78-b4f0-d4c7371e1913-00000003; line after 0.8 s [17:53:33 created id=c738255070e97236d017169e766ade29 mid=3 aid=3 guid=6e6a4e4e-5125-4e78-b4f0-d4c7371e1913-00000003 body=yes(876 chars) guidHeld=False held='']
INFO s235 prep D1 (1-11-2026): Tally Receipt no 2 of 20261101 mid 4 AlterID 4 guid 6e6a4e4e-5125-4e78-b4f0-d4c7371e1913-00000004; line after 1.4 s [17:54:10 created id=bd7963d8dbbc19ce107895824d3619c3 mid=4 aid=4 guid=6e6a4e4e-5125-4e78-b4f0-d4c7371e1913-00000004 body=yes(876 chars) guidHeld=False held='']
INFO s235 prep D2 (2-11-2026): Tally Receipt no 3 of 20261102 mid 5 AlterID 5 guid 6e6a4e4e-5125-4e78-b4f0-d4c7371e1913-00000005; line after 1.4 s [17:54:47 created id=2d2bea0545261319300d0e8728031577 mid=5 aid=5 guid=6e6a4e4e-5125-4e78-b4f0-d4c7371e1913-00000005 body=yes(876 chars) guidHeld=False held='']
INFO s235 s1 stop: stub True; bridge log: '2026-10-08 17:55:00  Reading from Tally stopped on this computer from FinCom: Stopped by the owner from FinCom (harness s1). Postings still go; reading starts again only from FinCom'; tray status readStopped: {"at":"2026-10-08T17:54:56","by":"fincom","reason":"Stopped by the owner from FinCom (harness s1)"}
INFO s235: the bridge's held list: C:\Users\runneradmin\AppData\Local\TDS Desk Bridge\sync\recorder-held.json
PASS s1 stop: three lines held, nothing asked: Tally: created Receipt no 4 of 20261002 mid 6 AlterID 6 guid 6e6a4e4e-5125-4e78-b4f0-d4c7371e1913-00000006; altered mid 3 AlterID 3 -> 7; deleted Receipt no 2 of 20261101 mid 4 AlterID 4 guid 6e6a4e4e-5125-4e78-b4f0-d4c7371e1913-00000004. Stub lines (seconds from each save, 10 s at most): created 0.4 s [17:55:28 created id=3884f4a16e1d4d3c4da4f1d72bfddf8e mid=6 aid= guid='' body=none guidHeld=False held='waiting: reading from Tally is stopped from FinCom; asked again when it is resumed']; altered 0.6 s [17:56:17 altered id=9bf14aeb5c302fa6a94f93650b3a6395 mid=3 aid= guid='' body=none guidHeld=False held='waiting: reading from Tally is stopped from FinCom; asked again when it is resumed']; deleted 1.1 s [17:56:49 deleted id=50b53ed4c9d4596f05ffd255612d578b mid=4 aid= guid='' body=none guidHeld=True held='this computer's Tally could not be asked whether it was deleted here (waiting: reading from Tally is stopped from FinCom; asked again when it is resumed); not sent as a delete: held']. Held with the stop's words, no body: True; the delete held for its proof with no GUID: True. Voucher requests that reached Tally during the stop (proxy): none; every request the bridge sent Tally then: TDSDeskCompanies x3. Held list (no try counted: True; the delete's keepGuid is its GUID: False): created tries=0 freshTries=0 asked=0 allow=2 fresh=True slow=0 freshSlow=False final=False keepGuid= why='waiting: reading from Tally is stopped from FinCom; asked again when it is resumed'; altered tries=0 freshTries=0 asked=0 allow=2 fresh=True slow=0 freshSlow=False final=False keepGuid= why='waiting: reading from Tally is stopped from FinCom; asked again when it is resumed'; deleted tries=0 freshTries=0 asked=0 allow=0 fresh=False slow=0 freshSlow=False final=False keepGuid= why='this computer's Tally could not be asked whether it was deleted here (waiting: reading from Tally is stopped from FinCom; asked again when it is resumed); not s...'. Bridge log: 2026-10-08 17:55:00  Reading from Tally stopped on this computer from FinCom: Stopped by the owner from FinCom (harness s1). Postings still go; reading starts again only from FinCom | 2026-10-08 17:55:05  Light check: skipped: reading is stopped from FinCom (Stopped by the owner from FinCom (harness s1)) | 2026-10-08 17:55:28  Recorder: Receipt 4 of 02-Oct-2026 (MasterID 6, line 3884f4a1…): held at once: waiting: reading from Tally is stopped from FinCom; asked again when it is resumed (sent now without its body; FinCom shows it held, and this bridge asks Tally ... | 2026-10-08 17:55:28  Recorder: Receipt 4 of 02-Oct-2026 (MasterID 6, line 3884f4a1…): not asked this time: Reading from Tally is stopped on this computer from FinCom (Stopped by the owner from FinCom (harness s1), 2026-10-08 17:54:56); nothing was sent to Tall... | 2026-10-08 17:56:17  Recorder: Receipt 1 of 31-Oct-2026 (MasterID 3, line 9bf14aeb…): held at once: waiting: reading from Tally is stopped from FinCom; asked again when it is resumed (sent now without its body; FinCom shows it held, and this bridge asks Tally ... | 2026-10-08 17:56:17  Recorder: Receipt 1 of 31-Oct-2026 (MasterID 3, line 9bf14aeb…): not asked this time: Reading from Tally is stopped on this computer from FinCom (Stopped by the owner from FinCom (harness s1), 2026-10-08 17:54:56); nothing was sent to Tall... | 2026-10-08 17:56:49  Recorder: FinCom Spike Co: delete of mid 4: held: this computer's Tally could not be asked whether it was deleted here (waiting: reading from Tally is stopped from FinCom; asked again when it is resumed); not sent as a delete: held
INFO s235 s2 lift: stub True; bridge log: '2026-10-08 17:57:00  Reading from Tally resumed from FinCom (it was stopped: Stopped by the owner from FinCom (harness s1))'
PASS s2 lift: bodies and the delete with its GUID: created (Tally guid 6e6a4e4e-5125-4e78-b4f0-d4c7371e1913-00000006): 1 ':resolved' line(s): [17:57:01 created id=3884f4a16e1d4d3c4da4f1d72bfddf8e:resolved mid=6 aid=6 guid=6e6a4e4e-5125-4e78-b4f0-d4c7371e1913-00000006 body=yes(876 chars) guidHeld=False held='']; Day Book words in 0 line(s). altered (Tally guid 6e6a4e4e-5125-4e78-b4f0-d4c7371e1913-00000003, AlterID 7; the line's AlterID is Tally's: True): 1 ':resolved' line(s): [17:57:01 altered id=9bf14aeb5c302fa6a94f93650b3a6395:resolved mid=3 aid=7 guid=6e6a4e4e-5125-4e78-b4f0-d4c7371e1913-00000003 body=yes(876 chars) guidHeld=False held='']; Day Book words in 0 line(s). deleted (its GUID 6e6a4e4e-5125-4e78-b4f0-d4c7371e1913-00000004; still in Tally by MasterID 4: False): 1 ':resolved' line(s): [17:57:01 deleted id=50b53ed4c9d4596f05ffd255612d578b:resolved mid=4 aid= guid=6e6a4e4e-5125-4e78-b4f0-d4c7371e1913-00000004 body=none guidHeld=False held='']; Day Book words in 0 line(s). Requests the bridge sent Tally after the lift: FinComVoucherObject x4, TDSDeskCompanies x2. Bridge log: 2026-10-08 17:57:00  Recorder: Receipt 1 of 31-Oct-2026 (MasterID 3, line 9bf14aeb…): taken: Tally's GUID 6e6a4e4e-5125-4e78-b4f0-d4c7371e1913-00000003, AlterID 7 | 2026-10-08 17:57:00  Recorder: Receipt 1 of 20261031 in FinCom Spike Co resolved: sent as altered with its GUID 6e6a4e4e-5125-4e78-b4f0-d4c7371e1913-00000003 and body | 2026-10-08 17:57:00  Recorder: Receipt 4 of 02-Oct-2026 (MasterID 6, line 3884f4a1…): taken: Tally's GUID 6e6a4e4e-5125-4e78-b4f0-d4c7371e1913-00000006, AlterID 6 | 2026-10-08 17:57:00  Recorder: Receipt 4 of 20261002 in FinCom Spike Co resolved: sent as created with its GUID 6e6a4e4e-5125-4e78-b4f0-d4c7371e1913-00000006 and body | 2026-10-08 17:57:01  Recorder: FinCom Spike Co: delete of mid 4: not in this Tally (asked by MasterID): proven deleted here | 2026-10-08 17:57:01  Recorder: Receipt 2 of 01-Nov-2026 (MasterID 4, line 50b53ed4…): proven in this Tally now: the delete goes as 50b53ed4c9d4596f05ffd255612d578b:resolved | 2026-10-08 17:57:01  Recorder: held lines: 0 from FinCom, 3 asked, 3 resolved, 0 still held (3 in the list) | 2026-10-08 17:57:01  Recorder: FinCom Spike Co: delete of mid 4: GUID from the bridge's record: 6e6a4e4e-5125-4e78-b4f0-d4c7371e1913-00000004; the GUID its MasterID makes agrees
INFO s235 s3 stop: stub True; bridge log: '2026-10-08 17:57:15  Reading from Tally stopped on this computer from FinCom: Stopped by the owner from FinCom (harness s3). Postings still go; reading starts again only from FinCom'; tray status readStopped: {"at":"2026-10-08T17:57:13","by":"fincom","reason":"Stopped by the owner from FinCom (harness s3)"}
INFO s235 s3: restart asked ({"ok":true,"restarting":true}); worker pids 4940 -> 6836; bridge back: True version 2.3.4
INFO s235 s3 lift: stub True; bridge log: '2026-10-08 17:58:20  Reading from Tally resumed from FinCom (it was stopped: Stopped by the owner from FinCom (harness s3))'
PASS s3 restart: the held delete keeps its GUID: Tally deleted Receipt no 3 of 20261102 mid 5 AlterID 5 guid 6e6a4e4e-5125-4e78-b4f0-d4c7371e1913-00000005; the held line after 0.7 s [17:57:43 deleted id=09bf801db89c05cc342e25682593c9db mid=5 aid= guid='' body=none guidHeld=True held='this computer's Tally could not be asked whether it was deleted here (waiting: reading from Tally is stopped from FinCom; asked again when it is resumed); not sent as a delete: held']; held list before the restart: tries=0 freshTries=0 asked=0 allow=0 fresh=False slow=0 freshSlow=False final=False keepGuid= why='this computer's Tally could not be asked whether it was deleted here (waiting: reading from Tally is stopped from FinCom; asked again when it is resumed); not s...'; after it: tries=0 freshTries=0 asked=0 allow=0 fresh=False slow=0 freshSlow=False final=False keepGuid= why='this computer's Tally could not be asked whether it was deleted here (waiting: reading from Tally is stopped from FinCom; asked again when it is resumed); not s...'; the stop after the restart: {"at":"2026-10-08T17:57:13","by":"fincom","reason":"Stopped by the owner from FinCom (harness s3)"}; after the lift: 1 ':resolved' line(s): [17:58:21 deleted id=09bf801db89c05cc342e25682593c9db:resolved mid=5 aid= guid=6e6a4e4e-5125-4e78-b4f0-d4c7371e1913-00000005 body=none guidHeld=False held='']; Day Book words in 0 line(s); still in Tally by MasterID: False. Bridge log: 2026-10-08 17:58:20  Recorder: held lines: 0 from FinCom, 0 asked, 0 resolved, 1 still held (1 in the list) | 2026-10-08 17:58:20  Recorder: held lines: 0 from FinCom, 0 asked, 0 resolved, 1 still held (1 in the list) | 2026-10-08 17:58:20  Recorder: held lines: 0 from FinCom, 0 asked, 0 resolved, 1 still held (1 in the list) | 2026-10-08 17:58:20  Reading from Tally resumed from FinCom (it was stopped: Stopped by the owner from FinCom (harness s3)) | 2026-10-08 17:58:21  Recorder: FinCom Spike Co: delete of mid 5: not in this Tally (asked by MasterID): proven deleted here | 2026-10-08 17:58:21  Recorder: Receipt 3 of 02-Nov-2026 (MasterID 5, line 09bf801d…): proven in this Tally now: the delete goes as 09bf801db89c05cc342e25682593c9db:resolved | 2026-10-08 17:58:21  Recorder: held lines: 0 from FinCom, 1 asked, 1 resolved, 0 still held (1 in the list) | 2026-10-08 17:58:21  Recorder: FinCom Spike Co: delete of mid 5: GUID from the bridge's record: 6e6a4e4e-5125-4e78-b4f0-d4c7371e1913-00000005; the GUID its MasterID makes agrees
PASS s4 a real failure still counts: Tally made Receipt no 5 of 20261201 mid 9 AlterID 12 guid 6e6a4e4e-5125-4e78-b4f0-d4c7371e1913-00000009; the proxy: suspend FinComVoucherObject pid 7396 status 0 at 1791482343439, resume FinComVoucherObject pid 7396 status 0 at 1791482363444; the suspended request: FinComVoucherObject mid 9 20014 ms status 200 err ''; voucher requests for mid 9: FinComVoucherObject at 1791482343437 20014 ms. The line [17:59:05 created id=d13215387490fa8df9f98bf43c65924a mid=9 aid= guid='' body=none guidHeld=False held='waiting: Tally took longer than 2 s; FinCom asks once more at 18:04']; its ':resolved' line(s): none; ended with the Day Book words: False; held list: tries=0 freshTries=1 asked=0 allow=1 fresh=True slow=0 freshSlow=True final=False keepGuid= why='waiting: Tally took longer than 2 s; FinCom asks once more at 18:04'; one more ask that settled it: False; held with the stop's words (wrong): False. Bridge log: 2026-10-08 17:59:03  Recorder: Receipt 5 of 01-Dec-2026 (MasterID 9, line d1321538…): asking Tally by MasterID | 2026-10-08 17:59:05  Tally 9000: Other took 2.2s and failed: Tally took longer than the recorder's limit; the bridge stopped waiting (2 s) | 2026-10-08 17:59:05  Recorder: entry fetch of FinCom Spike Co: over 2 s (stopped) | 2026-10-08 17:59:05  Recorder: Receipt 5 of 01-Dec-2026 (MasterID 9, line d1321538…): held at once: waiting: Tally took longer than 2 s; FinCom asks once more at 18:04 (sent now without its body; FinCom shows it held, and this bridge asks Tally once more)
INFO s235 s5: tray icon process(es): pid 7708 "C:\Users\runneradmin\AppData\Local\FinCom Bridge\FinComBridge.exe" tray --quiet --config "C:\Users\runneradmin\AppData\Local\TDS Desk Bridge\tds-bridge.config.json"
INFO s235 s5: before: 'Notification shown: Tally not open' lines 0; tray status tallyOpen True, paused False, readStopped null; clock Thu 17:59
PASS s5 Tally not open: one notification a day: 1st close: the bridge saw Tally closed after 10 s; the notification after 190 s; notifications-cleared.json: {"tally:71c60cddd415f4bf":{"kind":"tally","shown":"2026-10-08T18:02:48Z","dismissed":"2026-10-08T18:02:48Z","how":"closed"}}. Reopened (Tally up True, the bridge saw it open True), closed again 270 s: 'Notification shown: Tally not open' lines in all since the start of s5: 1; the file's tally entries: 1 ({"tally:71c60cddd415f4bf":{"kind":"tally","shown":"2026-10-08T18:02:48Z","dismissed":"2026-10-08T18:02:48Z","how":"closed"}}). Log: 2026-10-08 18:02:48  Notification shown: Tally not open (tally:71c60cddd415f4bf; not shown again for this problem)
INFO s235 end: ':resolved' ids sent more than once over the whole run: none; fresh Tallys started by the harness: 0
